<gpx xmlns:ns3="http://www.garmin.com/xmlschemas/TrackPointExtension/v1" xmlns="http://www.topografix.com/GPX/1/1" xmlns:xsi="http://www.w3.org/2001/XMLSchema-instance" xmlns:ns2="http://www.garmin.com/xmlschemas/GpxExtensions/v3" creator="Garmin Connect" version="1.1" xsi:schemaLocation="http://www.topografix.com/GPX/1/1 http://www.topografix.com/GPX/11.xsd">
  <extensions>
<distance>5256.43</distance>
<average_hr>147.0</average_hr>
<average_speed>2.568000078201294</average_speed>
<start_time>2026-07-11T00:21:20+00:00</start_time>
<end_time>2026-07-11T00:55:27.251000+00:00</end_time>
<moving_time>2045.715</moving_time>
<elapsed_time>2047.251</elapsed_time>
</extensions>
<metadata>
    <link href="connect.garmin.com">
      <text>Garmin Connect</text>
    </link>
    <time>2026-07-11T00:21:20.000Z</time>
  </metadata>
  <trk>
    <name>西安市 跑步</name>
    <type>running</type>
    <trkseg>
      <trkpt lat="34.18049119412899017333984375" lon="108.934175111353397369384765625">
        <ele>439.79998779296875</ele>
        <time>2026-07-11T00:21:20.000Z</time>
        <extensions>
          <ns3:TrackPointExtension>
            <ns3:hr>130</ns3:hr>
            <ns3:cad>86</ns3:cad>
          </ns3:TrackPointExtension>
        </extensions>
      </trkpt>
      <trkpt lat="34.1805238835513591766357421875" lon="108.93415491096675395965576171875">
        <ele>439.79998779296875</ele>
        <time>2026-07-11T00:21:21.000Z</time>
        <extensions>
          <ns3:TrackPointExtension>
            <ns3:hr>131</ns3:hr>
            <ns3:cad>86</ns3:cad>
          </ns3:TrackPointExtension>
        </extensions>
      </trkpt>
      <trkpt lat="34.18051424436271190643310546875" lon="108.93413747660815715789794921875">
        <ele>439.79998779296875</ele>
        <time>2026-07-11T00:21:22.000Z</time>
        <extensions>
          <ns3:TrackPointExtension>
            <ns3:hr>132</ns3:hr>
            <ns3:cad>87</ns3:cad>
          </ns3:TrackPointExtension>
        </extensions>
      </trkpt>
      <trkpt lat="34.180505275726318359375" lon="108.93410503864288330078125">
        <ele>440</ele>
        <time>2026-07-11T00:21:23.000Z</time>
        <extensions>
          <ns3:TrackPointExtension>
            <ns3:hr>132</ns3:hr>
            <ns3:cad>87</ns3:cad>
          </ns3:TrackPointExtension>
        </extensions>
      </trkpt>
      <trkpt lat="34.18049798347055912017822265625" lon="108.9340797252953052520751953125">
        <ele>440</ele>
        <time>2026-07-11T00:21:24.000Z</time>
        <extensions>
          <ns3:TrackPointExtension>
            <ns3:hr>132</ns3:hr>
            <ns3:cad>87</ns3:cad>
          </ns3:TrackPointExtension>
        </extensions>
      </trkpt>
      <trkpt lat="34.18049546889960765838623046875" lon="108.93404209055006504058837890625">
        <ele>440</ele>
        <time>2026-07-11T00:21:25.000Z</time>
        <extensions>
          <ns3:TrackPointExtension>
            <ns3:hr>132</ns3:hr>
            <ns3:cad>87</ns3:cad>
          </ns3:TrackPointExtension>
        </extensions>
      </trkpt>
      <trkpt lat="34.18049412779510021209716796875" lon="108.93401409499347209930419921875">
        <ele>440.20001220703125</ele>
        <time>2026-07-11T00:21:26.000Z</time>
        <extensions>
          <ns3:TrackPointExtension>
            <ns3:hr>133</ns3:hr>
            <ns3:cad>87</ns3:cad>
          </ns3:TrackPointExtension>
        </extensions>
      </trkpt>
      <trkpt lat="34.1804893501102924346923828125" lon="108.93398358486592769622802734375">
        <ele>440.20001220703125</ele>
        <time>2026-07-11T00:21:27.000Z</time>
        <extensions>
          <ns3:TrackPointExtension>
            <ns3:hr>133</ns3:hr>
            <ns3:cad>87</ns3:cad>
          </ns3:TrackPointExtension>
        </extensions>
      </trkpt>
      <trkpt lat="34.18048960156738758087158203125" lon="108.93396078608930110931396484375">
        <ele>440</ele>
        <time>2026-07-11T00:21:28.000Z</time>
        <extensions>
          <ns3:TrackPointExtension>
            <ns3:hr>134</ns3:hr>
            <ns3:cad>88</ns3:cad>
          </ns3:TrackPointExtension>
        </extensions>
      </trkpt>
      <trkpt lat="34.18048792518675327301025390625" lon="108.933937735855579376220703125">
        <ele>440</ele>
        <time>2026-07-11T00:21:29.000Z</time>
        <extensions>
          <ns3:TrackPointExtension>
            <ns3:hr>134</ns3:hr>
            <ns3:cad>87</ns3:cad>
          </ns3:TrackPointExtension>
        </extensions>
      </trkpt>
      <trkpt lat="34.1804933734238147735595703125" lon="108.93391183577477931976318359375">
        <ele>440</ele>
        <time>2026-07-11T00:21:30.000Z</time>
        <extensions>
          <ns3:TrackPointExtension>
            <ns3:hr>135</ns3:hr>
            <ns3:cad>87</ns3:cad>
          </ns3:TrackPointExtension>
        </extensions>
      </trkpt>
      <trkpt lat="34.18049496598541736602783203125" lon="108.93388920463621616363525390625">
        <ele>439.79998779296875</ele>
        <time>2026-07-11T00:21:31.000Z</time>
        <extensions>
          <ns3:TrackPointExtension>
            <ns3:hr>134</ns3:hr>
            <ns3:cad>87</ns3:cad>
          </ns3:TrackPointExtension>
        </extensions>
      </trkpt>
      <trkpt lat="34.18050116859376430511474609375" lon="108.93385601229965686798095703125">
        <ele>439.79998779296875</ele>
        <time>2026-07-11T00:21:32.000Z</time>
        <extensions>
          <ns3:TrackPointExtension>
            <ns3:hr>131</ns3:hr>
            <ns3:cad>87</ns3:cad>
          </ns3:TrackPointExtension>
        </extensions>
      </trkpt>
      <trkpt lat="34.18050636537373065948486328125" lon="108.93383346498012542724609375">
        <ele>440</ele>
        <time>2026-07-11T00:21:33.000Z</time>
        <extensions>
          <ns3:TrackPointExtension>
            <ns3:hr>130</ns3:hr>
            <ns3:cad>87</ns3:cad>
          </ns3:TrackPointExtension>
        </extensions>
      </trkpt>
      <trkpt lat="34.1805161722004413604736328125" lon="108.93380035646259784698486328125">
        <ele>440</ele>
        <time>2026-07-11T00:21:34.000Z</time>
        <extensions>
          <ns3:TrackPointExtension>
            <ns3:hr>129</ns3:hr>
            <ns3:cad>87</ns3:cad>
          </ns3:TrackPointExtension>
        </extensions>
      </trkpt>
      <trkpt lat="34.18051726184785366058349609375" lon="108.93377923406660556793212890625">
        <ele>440</ele>
        <time>2026-07-11T00:21:35.000Z</time>
        <extensions>
          <ns3:TrackPointExtension>
            <ns3:hr>129</ns3:hr>
            <ns3:cad>87</ns3:cad>
          </ns3:TrackPointExtension>
        </extensions>
      </trkpt>
      <trkpt lat="34.18051407672464847564697265625" lon="108.93375040031969547271728515625">
        <ele>440</ele>
        <time>2026-07-11T00:21:36.000Z</time>
        <extensions>
          <ns3:TrackPointExtension>
            <ns3:hr>128</ns3:hr>
            <ns3:cad>86</ns3:cad>
          </ns3:TrackPointExtension>
        </extensions>
      </trkpt>
      <trkpt lat="34.18052094988524913787841796875" lon="108.93372089602053165435791015625">
        <ele>440</ele>
        <time>2026-07-11T00:21:37.000Z</time>
        <extensions>
          <ns3:TrackPointExtension>
            <ns3:hr>128</ns3:hr>
            <ns3:cad>86</ns3:cad>
          </ns3:TrackPointExtension>
        </extensions>
      </trkpt>
      <trkpt lat="34.18052849359810352325439453125" lon="108.93369273282587528228759765625">
        <ele>440</ele>
        <time>2026-07-11T00:21:38.000Z</time>
        <extensions>
          <ns3:TrackPointExtension>
            <ns3:hr>128</ns3:hr>
            <ns3:cad>86</ns3:cad>
          </ns3:TrackPointExtension>
        </extensions>
      </trkpt>
      <trkpt lat="34.18053553439676761627197265625" lon="108.93366037867963314056396484375">
        <ele>440</ele>
        <time>2026-07-11T00:21:39.000Z</time>
        <extensions>
          <ns3:TrackPointExtension>
            <ns3:hr>127</ns3:hr>
            <ns3:cad>86</ns3:cad>
          </ns3:TrackPointExtension>
        </extensions>
      </trkpt>
      <trkpt lat="34.1805413179099559783935546875" lon="108.9336358197033405303955078125">
        <ele>440</ele>
        <time>2026-07-11T00:21:40.000Z</time>
        <extensions>
          <ns3:TrackPointExtension>
            <ns3:hr>127</ns3:hr>
            <ns3:cad>86</ns3:cad>
          </ns3:TrackPointExtension>
        </extensions>
      </trkpt>
      <trkpt lat="34.1805510409176349639892578125" lon="108.9336059801280498504638671875">
        <ele>440.20001220703125</ele>
        <time>2026-07-11T00:21:41.000Z</time>
        <extensions>
          <ns3:TrackPointExtension>
            <ns3:hr>127</ns3:hr>
            <ns3:cad>86</ns3:cad>
          </ns3:TrackPointExtension>
        </extensions>
      </trkpt>
      <trkpt lat="34.1805553995072841644287109375" lon="108.933584690093994140625">
        <ele>440</ele>
        <time>2026-07-11T00:21:42.000Z</time>
        <extensions>
          <ns3:TrackPointExtension>
            <ns3:hr>127</ns3:hr>
            <ns3:cad>86</ns3:cad>
          </ns3:TrackPointExtension>
        </extensions>
      </trkpt>
      <trkpt lat="34.18055984191596508026123046875" lon="108.933558203279972076416015625">
        <ele>440</ele>
        <time>2026-07-11T00:21:43.000Z</time>
        <extensions>
          <ns3:TrackPointExtension>
            <ns3:hr>127</ns3:hr>
            <ns3:cad>86</ns3:cad>
          </ns3:TrackPointExtension>
        </extensions>
      </trkpt>
      <trkpt lat="34.180558584630489349365234375" lon="108.9335342310369014739990234375">
        <ele>440.20001220703125</ele>
        <time>2026-07-11T00:21:44.000Z</time>
        <extensions>
          <ns3:TrackPointExtension>
            <ns3:hr>127</ns3:hr>
            <ns3:cad>86</ns3:cad>
          </ns3:TrackPointExtension>
        </extensions>
      </trkpt>
      <trkpt lat="34.180557914078235626220703125" lon="108.9335067383944988250732421875">
        <ele>440</ele>
        <time>2026-07-11T00:21:45.000Z</time>
        <extensions>
          <ns3:TrackPointExtension>
            <ns3:hr>127</ns3:hr>
            <ns3:cad>86</ns3:cad>
          </ns3:TrackPointExtension>
        </extensions>
      </trkpt>
      <trkpt lat="34.18056336231529712677001953125" lon="108.933479748666286468505859375">
        <ele>440</ele>
        <time>2026-07-11T00:21:46.000Z</time>
        <extensions>
          <ns3:TrackPointExtension>
            <ns3:hr>126</ns3:hr>
            <ns3:cad>86</ns3:cad>
          </ns3:TrackPointExtension>
        </extensions>
      </trkpt>
      <trkpt lat="34.18056369759142398834228515625" lon="108.933454938232898712158203125">
        <ele>440</ele>
        <time>2026-07-11T00:21:47.000Z</time>
        <extensions>
          <ns3:TrackPointExtension>
            <ns3:hr>126</ns3:hr>
            <ns3:cad>87</ns3:cad>
          </ns3:TrackPointExtension>
        </extensions>
      </trkpt>
      <trkpt lat="34.18057023547589778900146484375" lon="108.93342568539083003997802734375">
        <ele>440</ele>
        <time>2026-07-11T00:21:48.000Z</time>
        <extensions>
          <ns3:TrackPointExtension>
            <ns3:hr>126</ns3:hr>
            <ns3:cad>87</ns3:cad>
          </ns3:TrackPointExtension>
        </extensions>
      </trkpt>
      <trkpt lat="34.1805644519627094268798828125" lon="108.933404982089996337890625">
        <ele>440</ele>
        <time>2026-07-11T00:21:49.000Z</time>
        <extensions>
          <ns3:TrackPointExtension>
            <ns3:hr>126</ns3:hr>
            <ns3:cad>87</ns3:cad>
          </ns3:TrackPointExtension>
        </extensions>
      </trkpt>
      <trkpt lat="34.1805651225149631500244140625" lon="108.93337438814342021942138671875">
        <ele>440</ele>
        <time>2026-07-11T00:21:50.000Z</time>
        <extensions>
          <ns3:TrackPointExtension>
            <ns3:hr>126</ns3:hr>
            <ns3:cad>87</ns3:cad>
          </ns3:TrackPointExtension>
        </extensions>
      </trkpt>
      <trkpt lat="34.18056487105786800384521484375" lon="108.93335024826228618621826171875">
        <ele>439.79998779296875</ele>
        <time>2026-07-11T00:21:51.000Z</time>
        <extensions>
          <ns3:TrackPointExtension>
            <ns3:hr>125</ns3:hr>
            <ns3:cad>86</ns3:cad>
          </ns3:TrackPointExtension>
        </extensions>
      </trkpt>
      <trkpt lat="34.18056252412497997283935546875" lon="108.93331889994442462921142578125">
        <ele>439.79998779296875</ele>
        <time>2026-07-11T00:21:52.000Z</time>
        <extensions>
          <ns3:TrackPointExtension>
            <ns3:hr>125</ns3:hr>
            <ns3:cad>86</ns3:cad>
          </ns3:TrackPointExtension>
        </extensions>
      </trkpt>
      <trkpt lat="34.18056420050561428070068359375" lon="108.93328922800719738006591796875">
        <ele>439.79998779296875</ele>
        <time>2026-07-11T00:21:53.000Z</time>
        <extensions>
          <ns3:TrackPointExtension>
            <ns3:hr>125</ns3:hr>
            <ns3:cad>86</ns3:cad>
          </ns3:TrackPointExtension>
        </extensions>
      </trkpt>
      <trkpt lat="34.180567972362041473388671875" lon="108.9332639984786510467529296875">
        <ele>439.600006103515625</ele>
        <time>2026-07-11T00:21:54.000Z</time>
        <extensions>
          <ns3:TrackPointExtension>
            <ns3:hr>125</ns3:hr>
            <ns3:cad>86</ns3:cad>
          </ns3:TrackPointExtension>
        </extensions>
      </trkpt>
      <trkpt lat="34.1805714927613735198974609375" lon="108.93323793075978755950927734375">
        <ele>439.600006103515625</ele>
        <time>2026-07-11T00:21:55.000Z</time>
        <extensions>
          <ns3:TrackPointExtension>
            <ns3:hr>125</ns3:hr>
            <ns3:cad>87</ns3:cad>
          </ns3:TrackPointExtension>
        </extensions>
      </trkpt>
      <trkpt lat="34.180572666227817535400390625" lon="108.93321228213608264923095703125">
        <ele>439.399993896484375</ele>
        <time>2026-07-11T00:21:56.000Z</time>
        <extensions>
          <ns3:TrackPointExtension>
            <ns3:hr>125</ns3:hr>
            <ns3:cad>87</ns3:cad>
          </ns3:TrackPointExtension>
        </extensions>
      </trkpt>
      <trkpt lat="34.18057962320744991302490234375" lon="108.9331810176372528076171875">
        <ele>439.399993896484375</ele>
        <time>2026-07-11T00:21:57.000Z</time>
        <extensions>
          <ns3:TrackPointExtension>
            <ns3:hr>125</ns3:hr>
            <ns3:cad>87</ns3:cad>
          </ns3:TrackPointExtension>
        </extensions>
      </trkpt>
      <trkpt lat="34.1805808804929256439208984375" lon="108.93315712921321392059326171875">
        <ele>439.399993896484375</ele>
        <time>2026-07-11T00:21:58.000Z</time>
        <extensions>
          <ns3:TrackPointExtension>
            <ns3:hr>125</ns3:hr>
            <ns3:cad>87</ns3:cad>
          </ns3:TrackPointExtension>
        </extensions>
      </trkpt>
      <trkpt lat="34.180584736168384552001953125" lon="108.93313072621822357177734375">
        <ele>439.399993896484375</ele>
        <time>2026-07-11T00:21:59.000Z</time>
        <extensions>
          <ns3:TrackPointExtension>
            <ns3:hr>124</ns3:hr>
            <ns3:cad>87</ns3:cad>
          </ns3:TrackPointExtension>
        </extensions>
      </trkpt>
      <trkpt lat="34.1805842332541942596435546875" lon="108.93310952000319957733154296875">
        <ele>439.20001220703125</ele>
        <time>2026-07-11T00:22:00.000Z</time>
        <extensions>
          <ns3:TrackPointExtension>
            <ns3:hr>124</ns3:hr>
            <ns3:cad>87</ns3:cad>
          </ns3:TrackPointExtension>
        </extensions>
      </trkpt>
      <trkpt lat="34.18059035204350948333740234375" lon="108.9330782555043697357177734375">
        <ele>439.20001220703125</ele>
        <time>2026-07-11T00:22:01.000Z</time>
        <extensions>
          <ns3:TrackPointExtension>
            <ns3:hr>124</ns3:hr>
            <ns3:cad>87</ns3:cad>
          </ns3:TrackPointExtension>
        </extensions>
      </trkpt>
      <trkpt lat="34.18059236370027065277099609375" lon="108.93305520527064800262451171875">
        <ele>439.20001220703125</ele>
        <time>2026-07-11T00:22:02.000Z</time>
        <extensions>
          <ns3:TrackPointExtension>
            <ns3:hr>125</ns3:hr>
            <ns3:cad>87</ns3:cad>
          </ns3:TrackPointExtension>
        </extensions>
      </trkpt>
      <trkpt lat="34.18059320189058780670166015625" lon="108.93302435986697673797607421875">
        <ele>439.20001220703125</ele>
        <time>2026-07-11T00:22:03.000Z</time>
        <extensions>
          <ns3:TrackPointExtension>
            <ns3:hr>124</ns3:hr>
            <ns3:cad>88</ns3:cad>
          </ns3:TrackPointExtension>
        </extensions>
      </trkpt>
      <trkpt lat="34.1805969737470149993896484375" lon="108.93299452029168605804443359375">
        <ele>439.20001220703125</ele>
        <time>2026-07-11T00:22:04.000Z</time>
        <extensions>
          <ns3:TrackPointExtension>
            <ns3:hr>124</ns3:hr>
            <ns3:cad>88</ns3:cad>
          </ns3:TrackPointExtension>
        </extensions>
      </trkpt>
      <trkpt lat="34.180598817765712738037109375" lon="108.9329696260392665863037109375">
        <ele>439.20001220703125</ele>
        <time>2026-07-11T00:22:05.000Z</time>
        <extensions>
          <ns3:TrackPointExtension>
            <ns3:hr>125</ns3:hr>
            <ns3:cad>88</ns3:cad>
          </ns3:TrackPointExtension>
        </extensions>
      </trkpt>
      <trkpt lat="34.18060577474534511566162109375" lon="108.93293919973075389862060546875">
        <ele>439.20001220703125</ele>
        <time>2026-07-11T00:22:06.000Z</time>
        <extensions>
          <ns3:TrackPointExtension>
            <ns3:hr>124</ns3:hr>
            <ns3:cad>87</ns3:cad>
          </ns3:TrackPointExtension>
        </extensions>
      </trkpt>
      <trkpt lat="34.1806112229824066162109375" lon="108.93291757442057132720947265625">
        <ele>439.20001220703125</ele>
        <time>2026-07-11T00:22:07.000Z</time>
        <extensions>
          <ns3:TrackPointExtension>
            <ns3:hr>124</ns3:hr>
            <ns3:cad>86</ns3:cad>
          </ns3:TrackPointExtension>
        </extensions>
      </trkpt>
      <trkpt lat="34.18061700649559497833251953125" lon="108.9328858070075511932373046875">
        <ele>439.20001220703125</ele>
        <time>2026-07-11T00:22:08.000Z</time>
        <extensions>
          <ns3:TrackPointExtension>
            <ns3:hr>124</ns3:hr>
            <ns3:cad>86</ns3:cad>
          </ns3:TrackPointExtension>
        </extensions>
      </trkpt>
      <trkpt lat="34.18062128126621246337890625" lon="108.93286393024027347564697265625">
        <ele>439.20001220703125</ele>
        <time>2026-07-11T00:22:09.000Z</time>
        <extensions>
          <ns3:TrackPointExtension>
            <ns3:hr>125</ns3:hr>
            <ns3:cad>86</ns3:cad>
          </ns3:TrackPointExtension>
        </extensions>
      </trkpt>
      <trkpt lat="34.18063108809292316436767578125" lon="108.9328323304653167724609375">
        <ele>439.20001220703125</ele>
        <time>2026-07-11T00:22:10.000Z</time>
        <extensions>
          <ns3:TrackPointExtension>
            <ns3:hr>125</ns3:hr>
            <ns3:cad>87</ns3:cad>
          </ns3:TrackPointExtension>
        </extensions>
      </trkpt>
      <trkpt lat="34.180638380348682403564453125" lon="108.9328073523938655853271484375">
        <ele>439.20001220703125</ele>
        <time>2026-07-11T00:22:11.000Z</time>
        <extensions>
          <ns3:TrackPointExtension>
            <ns3:hr>125</ns3:hr>
            <ns3:cad>87</ns3:cad>
          </ns3:TrackPointExtension>
        </extensions>
      </trkpt>
      <trkpt lat="34.18064550496637821197509765625" lon="108.93277759663760662078857421875">
        <ele>439.20001220703125</ele>
        <time>2026-07-11T00:22:12.000Z</time>
        <extensions>
          <ns3:TrackPointExtension>
            <ns3:hr>125</ns3:hr>
            <ns3:cad>87</ns3:cad>
          </ns3:TrackPointExtension>
        </extensions>
      </trkpt>
      <trkpt lat="34.18065254576504230499267578125" lon="108.93274825997650623321533203125">
        <ele>439</ele>
        <time>2026-07-11T00:22:13.000Z</time>
        <extensions>
          <ns3:TrackPointExtension>
            <ns3:hr>125</ns3:hr>
            <ns3:cad>87</ns3:cad>
          </ns3:TrackPointExtension>
        </extensions>
      </trkpt>
      <trkpt lat="34.18066017329692840576171875" lon="108.93272261135280132293701171875">
        <ele>439</ele>
        <time>2026-07-11T00:22:14.000Z</time>
        <extensions>
          <ns3:TrackPointExtension>
            <ns3:hr>125</ns3:hr>
            <ns3:cad>87</ns3:cad>
          </ns3:TrackPointExtension>
        </extensions>
      </trkpt>
      <trkpt lat="34.1806675493717193603515625" lon="108.9326936937868595123291015625">
        <ele>438.79998779296875</ele>
        <time>2026-07-11T00:22:15.000Z</time>
        <extensions>
          <ns3:TrackPointExtension>
            <ns3:hr>125</ns3:hr>
            <ns3:cad>87</ns3:cad>
          </ns3:TrackPointExtension>
        </extensions>
      </trkpt>
      <trkpt lat="34.18066821992397308349609375" lon="108.93267064355313777923583984375">
        <ele>438.79998779296875</ele>
        <time>2026-07-11T00:22:16.000Z</time>
        <extensions>
          <ns3:TrackPointExtension>
            <ns3:hr>125</ns3:hr>
            <ns3:cad>87</ns3:cad>
          </ns3:TrackPointExtension>
        </extensions>
      </trkpt>
      <trkpt lat="34.18067651800811290740966796875" lon="108.93263929523527622222900390625">
        <ele>438.79998779296875</ele>
        <time>2026-07-11T00:22:17.000Z</time>
        <extensions>
          <ns3:TrackPointExtension>
            <ns3:hr>126</ns3:hr>
            <ns3:cad>87</ns3:cad>
          </ns3:TrackPointExtension>
        </extensions>
      </trkpt>
      <trkpt lat="34.1806782782077789306640625" lon="108.932616747915744781494140625">
        <ele>438.600006103515625</ele>
        <time>2026-07-11T00:22:18.000Z</time>
        <extensions>
          <ns3:TrackPointExtension>
            <ns3:hr>125</ns3:hr>
            <ns3:cad>87</ns3:cad>
          </ns3:TrackPointExtension>
        </extensions>
      </trkpt>
      <trkpt lat="34.18068389408290386199951171875" lon="108.93258850090205669403076171875">
        <ele>438.600006103515625</ele>
        <time>2026-07-11T00:22:19.000Z</time>
        <extensions>
          <ns3:TrackPointExtension>
            <ns3:hr>125</ns3:hr>
            <ns3:cad>87</ns3:cad>
          </ns3:TrackPointExtension>
        </extensions>
      </trkpt>
      <trkpt lat="34.180688001215457916259765625" lon="108.9325666241347789764404296875">
        <ele>438.600006103515625</ele>
        <time>2026-07-11T00:22:20.000Z</time>
        <extensions>
          <ns3:TrackPointExtension>
            <ns3:hr>126</ns3:hr>
            <ns3:cad>87</ns3:cad>
          </ns3:TrackPointExtension>
        </extensions>
      </trkpt>
      <trkpt lat="34.18069101870059967041015625" lon="108.93253619782626628875732421875">
        <ele>438.600006103515625</ele>
        <time>2026-07-11T00:22:21.000Z</time>
        <extensions>
          <ns3:TrackPointExtension>
            <ns3:hr>126</ns3:hr>
            <ns3:cad>88</ns3:cad>
          </ns3:TrackPointExtension>
        </extensions>
      </trkpt>
      <trkpt lat="34.1806928627192974090576171875" lon="108.9325129799544811248779296875">
        <ele>438.600006103515625</ele>
        <time>2026-07-11T00:22:22.000Z</time>
        <extensions>
          <ns3:TrackPointExtension>
            <ns3:hr>126</ns3:hr>
            <ns3:cad>88</ns3:cad>
          </ns3:TrackPointExtension>
        </extensions>
      </trkpt>
      <trkpt lat="34.18069076724350452423095703125" lon="108.9324831403791904449462890625">
        <ele>438.79998779296875</ele>
        <time>2026-07-11T00:22:23.000Z</time>
        <extensions>
          <ns3:TrackPointExtension>
            <ns3:hr>126</ns3:hr>
            <ns3:cad>88</ns3:cad>
          </ns3:TrackPointExtension>
        </extensions>
      </trkpt>
      <trkpt lat="34.18069277890026569366455078125" lon="108.9324569888412952423095703125">
        <ele>438.79998779296875</ele>
        <time>2026-07-11T00:22:24.000Z</time>
        <extensions>
          <ns3:TrackPointExtension>
            <ns3:hr>126</ns3:hr>
            <ns3:cad>88</ns3:cad>
          </ns3:TrackPointExtension>
        </extensions>
      </trkpt>
      <trkpt lat="34.180695377290248870849609375" lon="108.93242656253278255462646484375">
        <ele>438.79998779296875</ele>
        <time>2026-07-11T00:22:25.000Z</time>
        <extensions>
          <ns3:TrackPointExtension>
            <ns3:hr>127</ns3:hr>
            <ns3:cad>87</ns3:cad>
          </ns3:TrackPointExtension>
        </extensions>
      </trkpt>
      <trkpt lat="34.18069898150861263275146484375" lon="108.93239672295749187469482421875">
        <ele>438.79998779296875</ele>
        <time>2026-07-11T00:22:26.000Z</time>
        <extensions>
          <ns3:TrackPointExtension>
            <ns3:hr>127</ns3:hr>
            <ns3:cad>87</ns3:cad>
          </ns3:TrackPointExtension>
        </extensions>
      </trkpt>
      <trkpt lat="34.180702753365039825439453125" lon="108.932369649410247802734375">
        <ele>439</ele>
        <time>2026-07-11T00:22:27.000Z</time>
        <extensions>
          <ns3:TrackPointExtension>
            <ns3:hr>127</ns3:hr>
            <ns3:cad>87</ns3:cad>
          </ns3:TrackPointExtension>
        </extensions>
      </trkpt>
      <trkpt lat="34.1807082854211330413818359375" lon="108.932339809834957122802734375">
        <ele>438.79998779296875</ele>
        <time>2026-07-11T00:22:28.000Z</time>
        <extensions>
          <ns3:TrackPointExtension>
            <ns3:hr>127</ns3:hr>
            <ns3:cad>87</ns3:cad>
          </ns3:TrackPointExtension>
        </extensions>
      </trkpt>
      <trkpt lat="34.1807076148688793182373046875" lon="108.93231374211609363555908203125">
        <ele>438.79998779296875</ele>
        <time>2026-07-11T00:22:29.000Z</time>
        <extensions>
          <ns3:TrackPointExtension>
            <ns3:hr>126</ns3:hr>
            <ns3:cad>87</ns3:cad>
          </ns3:TrackPointExtension>
        </extensions>
      </trkpt>
      <trkpt lat="34.18070979416370391845703125" lon="108.93227753229439258575439453125">
        <ele>438.600006103515625</ele>
        <time>2026-07-11T00:22:30.000Z</time>
        <extensions>
          <ns3:TrackPointExtension>
            <ns3:hr>127</ns3:hr>
            <ns3:cad>87</ns3:cad>
          </ns3:TrackPointExtension>
        </extensions>
      </trkpt>
      <trkpt lat="34.18071038089692592620849609375" lon="108.93225372768938541412353515625">
        <ele>438.600006103515625</ele>
        <time>2026-07-11T00:22:31.000Z</time>
        <extensions>
          <ns3:TrackPointExtension>
            <ns3:hr>126</ns3:hr>
            <ns3:cad>87</ns3:cad>
          </ns3:TrackPointExtension>
        </extensions>
      </trkpt>
      <trkpt lat="34.18071021325886249542236328125" lon="108.93222372047603130340576171875">
        <ele>438.600006103515625</ele>
        <time>2026-07-11T00:22:32.000Z</time>
        <extensions>
          <ns3:TrackPointExtension>
            <ns3:hr>126</ns3:hr>
            <ns3:cad>87</ns3:cad>
          </ns3:TrackPointExtension>
        </extensions>
      </trkpt>
      <trkpt lat="34.1807096265256404876708984375" lon="108.93219740130007266998291015625">
        <ele>438.600006103515625</ele>
        <time>2026-07-11T00:22:33.000Z</time>
        <extensions>
          <ns3:TrackPointExtension>
            <ns3:hr>126</ns3:hr>
            <ns3:cad>87</ns3:cad>
          </ns3:TrackPointExtension>
        </extensions>
      </trkpt>
      <trkpt lat="34.1807106323540210723876953125" lon="108.932165801525115966796875">
        <ele>438.600006103515625</ele>
        <time>2026-07-11T00:22:34.000Z</time>
        <extensions>
          <ns3:TrackPointExtension>
            <ns3:hr>127</ns3:hr>
            <ns3:cad>87</ns3:cad>
          </ns3:TrackPointExtension>
        </extensions>
      </trkpt>
      <trkpt lat="34.180712811648845672607421875" lon="108.9321388117969036102294921875">
        <ele>438.600006103515625</ele>
        <time>2026-07-11T00:22:35.000Z</time>
        <extensions>
          <ns3:TrackPointExtension>
            <ns3:hr>126</ns3:hr>
            <ns3:cad>87</ns3:cad>
          </ns3:TrackPointExtension>
        </extensions>
      </trkpt>
      <trkpt lat="34.1807156614959239959716796875" lon="108.93211073242127895355224609375">
        <ele>438.399993896484375</ele>
        <time>2026-07-11T00:22:36.000Z</time>
        <extensions>
          <ns3:TrackPointExtension>
            <ns3:hr>126</ns3:hr>
            <ns3:cad>88</ns3:cad>
          </ns3:TrackPointExtension>
        </extensions>
      </trkpt>
      <trkpt lat="34.18071825988590717315673828125" lon="108.9320834912359714508056640625">
        <ele>438.399993896484375</ele>
        <time>2026-07-11T00:22:37.000Z</time>
        <extensions>
          <ns3:TrackPointExtension>
            <ns3:hr>127</ns3:hr>
            <ns3:cad>87</ns3:cad>
          </ns3:TrackPointExtension>
        </extensions>
      </trkpt>
      <trkpt lat="34.18071825988590717315673828125" lon="108.93205960281193256378173828125">
        <ele>438.399993896484375</ele>
        <time>2026-07-11T00:22:38.000Z</time>
        <extensions>
          <ns3:TrackPointExtension>
            <ns3:hr>126</ns3:hr>
            <ns3:cad>87</ns3:cad>
          </ns3:TrackPointExtension>
        </extensions>
      </trkpt>
      <trkpt lat="34.18072446249425411224365234375" lon="108.9320315234363079071044921875">
        <ele>438.20001220703125</ele>
        <time>2026-07-11T00:22:39.000Z</time>
        <extensions>
          <ns3:TrackPointExtension>
            <ns3:hr>126</ns3:hr>
            <ns3:cad>87</ns3:cad>
          </ns3:TrackPointExtension>
        </extensions>
      </trkpt>
      <trkpt lat="34.18072647415101528167724609375" lon="108.9320040307939052581787109375">
        <ele>438.20001220703125</ele>
        <time>2026-07-11T00:22:40.000Z</time>
        <extensions>
          <ns3:TrackPointExtension>
            <ns3:hr>127</ns3:hr>
            <ns3:cad>87</ns3:cad>
          </ns3:TrackPointExtension>
        </extensions>
      </trkpt>
      <trkpt lat="34.18073083274066448211669921875" lon="108.931966982781887054443359375">
        <ele>438.20001220703125</ele>
        <time>2026-07-11T00:22:41.000Z</time>
        <extensions>
          <ns3:TrackPointExtension>
            <ns3:hr>127</ns3:hr>
            <ns3:cad>88</ns3:cad>
          </ns3:TrackPointExtension>
        </extensions>
      </trkpt>
      <trkpt lat="34.1807354427874088287353515625" lon="108.93193957395851612091064453125">
        <ele>438.20001220703125</ele>
        <time>2026-07-11T00:22:42.000Z</time>
        <extensions>
          <ns3:TrackPointExtension>
            <ns3:hr>127</ns3:hr>
            <ns3:cad>88</ns3:cad>
          </ns3:TrackPointExtension>
        </extensions>
      </trkpt>
      <trkpt lat="34.1807411424815654754638671875" lon="108.9319088123738765716552734375">
        <ele>438.20001220703125</ele>
        <time>2026-07-11T00:22:43.000Z</time>
        <extensions>
          <ns3:TrackPointExtension>
            <ns3:hr>127</ns3:hr>
            <ns3:cad>88</ns3:cad>
          </ns3:TrackPointExtension>
        </extensions>
      </trkpt>
      <trkpt lat="34.1807478480041027069091796875" lon="108.931883163750171661376953125">
        <ele>438.20001220703125</ele>
        <time>2026-07-11T00:22:44.000Z</time>
        <extensions>
          <ns3:TrackPointExtension>
            <ns3:hr>127</ns3:hr>
            <ns3:cad>87</ns3:cad>
          </ns3:TrackPointExtension>
        </extensions>
      </trkpt>
      <trkpt lat="34.18075363151729106903076171875" lon="108.93185525201261043548583984375">
        <ele>438</ele>
        <time>2026-07-11T00:22:45.000Z</time>
        <extensions>
          <ns3:TrackPointExtension>
            <ns3:hr>126</ns3:hr>
            <ns3:cad>86</ns3:cad>
          </ns3:TrackPointExtension>
        </extensions>
      </trkpt>
      <trkpt lat="34.180757068097591400146484375" lon="108.9318286813795566558837890625">
        <ele>438</ele>
        <time>2026-07-11T00:22:46.000Z</time>
        <extensions>
          <ns3:TrackPointExtension>
            <ns3:hr>127</ns3:hr>
            <ns3:cad>86</ns3:cad>
          </ns3:TrackPointExtension>
        </extensions>
      </trkpt>
      <trkpt lat="34.1807595826685428619384765625" lon="108.931803368031978607177734375">
        <ele>438</ele>
        <time>2026-07-11T00:22:47.000Z</time>
        <extensions>
          <ns3:TrackPointExtension>
            <ns3:hr>127</ns3:hr>
            <ns3:cad>86</ns3:cad>
          </ns3:TrackPointExtension>
        </extensions>
      </trkpt>
      <trkpt lat="34.180765450000762939453125" lon="108.93177193589508533477783203125">
        <ele>438</ele>
        <time>2026-07-11T00:22:48.000Z</time>
        <extensions>
          <ns3:TrackPointExtension>
            <ns3:hr>127</ns3:hr>
            <ns3:cad>87</ns3:cad>
          </ns3:TrackPointExtension>
        </extensions>
      </trkpt>
      <trkpt lat="34.18076880276203155517578125" lon="108.9317475445568561553955078125">
        <ele>438</ele>
        <time>2026-07-11T00:22:49.000Z</time>
        <extensions>
          <ns3:TrackPointExtension>
            <ns3:hr>127</ns3:hr>
            <ns3:cad>87</ns3:cad>
          </ns3:TrackPointExtension>
        </extensions>
      </trkpt>
      <trkpt lat="34.18077626265585422515869140625" lon="108.93172063864767551422119140625">
        <ele>438</ele>
        <time>2026-07-11T00:22:50.000Z</time>
        <extensions>
          <ns3:TrackPointExtension>
            <ns3:hr>128</ns3:hr>
            <ns3:cad>87</ns3:cad>
          </ns3:TrackPointExtension>
        </extensions>
      </trkpt>
      <trkpt lat="34.18077643029391765594482421875" lon="108.93169666640460491180419921875">
        <ele>437.79998779296875</ele>
        <time>2026-07-11T00:22:51.000Z</time>
        <extensions>
          <ns3:TrackPointExtension>
            <ns3:hr>128</ns3:hr>
            <ns3:cad>87</ns3:cad>
          </ns3:TrackPointExtension>
        </extensions>
      </trkpt>
      <trkpt lat="34.1807776875793933868408203125" lon="108.931663893163204193115234375">
        <ele>437.79998779296875</ele>
        <time>2026-07-11T00:22:52.000Z</time>
        <extensions>
          <ns3:TrackPointExtension>
            <ns3:hr>128</ns3:hr>
            <ns3:cad>87</ns3:cad>
          </ns3:TrackPointExtension>
        </extensions>
      </trkpt>
      <trkpt lat="34.18077793903648853302001953125" lon="108.9316342212259769439697265625">
        <ele>437.79998779296875</ele>
        <time>2026-07-11T00:22:53.000Z</time>
        <extensions>
          <ns3:TrackPointExtension>
            <ns3:hr>128</ns3:hr>
            <ns3:cad>87</ns3:cad>
          </ns3:TrackPointExtension>
        </extensions>
      </trkpt>
      <trkpt lat="34.18077743612229824066162109375" lon="108.93160748295485973358154296875">
        <ele>437.79998779296875</ele>
        <time>2026-07-11T00:22:54.000Z</time>
        <extensions>
          <ns3:TrackPointExtension>
            <ns3:hr>128</ns3:hr>
            <ns3:cad>87</ns3:cad>
          </ns3:TrackPointExtension>
        </extensions>
      </trkpt>
      <trkpt lat="34.1807827167212963104248046875" lon="108.93157999031245708465576171875">
        <ele>437.79998779296875</ele>
        <time>2026-07-11T00:22:55.000Z</time>
        <extensions>
          <ns3:TrackPointExtension>
            <ns3:hr>128</ns3:hr>
            <ns3:cad>87</ns3:cad>
          </ns3:TrackPointExtension>
        </extensions>
      </trkpt>
      <trkpt lat="34.18078632093966007232666015625" lon="108.93155316822230815887451171875">
        <ele>437.79998779296875</ele>
        <time>2026-07-11T00:22:56.000Z</time>
        <extensions>
          <ns3:TrackPointExtension>
            <ns3:hr>129</ns3:hr>
            <ns3:cad>87</ns3:cad>
          </ns3:TrackPointExtension>
        </extensions>
      </trkpt>
      <trkpt lat="34.180791266262531280517578125" lon="108.9315232448279857635498046875">
        <ele>437.79998779296875</ele>
        <time>2026-07-11T00:22:57.000Z</time>
        <extensions>
          <ns3:TrackPointExtension>
            <ns3:hr>129</ns3:hr>
            <ns3:cad>87</ns3:cad>
          </ns3:TrackPointExtension>
        </extensions>
      </trkpt>
      <trkpt lat="34.18079352937638759613037109375" lon="108.9314965903759002685546875">
        <ele>437.79998779296875</ele>
        <time>2026-07-11T00:22:58.000Z</time>
        <extensions>
          <ns3:TrackPointExtension>
            <ns3:hr>130</ns3:hr>
            <ns3:cad>88</ns3:cad>
          </ns3:TrackPointExtension>
        </extensions>
      </trkpt>
      <trkpt lat="34.18079973198473453521728515625" lon="108.93146649934351444244384765625">
        <ele>437.79998779296875</ele>
        <time>2026-07-11T00:22:59.000Z</time>
        <extensions>
          <ns3:TrackPointExtension>
            <ns3:hr>131</ns3:hr>
            <ns3:cad>87</ns3:cad>
          </ns3:TrackPointExtension>
        </extensions>
      </trkpt>
      <trkpt lat="34.18080392293632030487060546875" lon="108.93144554458558559417724609375">
        <ele>437.79998779296875</ele>
        <time>2026-07-11T00:23:00.000Z</time>
        <extensions>
          <ns3:TrackPointExtension>
            <ns3:hr>131</ns3:hr>
            <ns3:cad>87</ns3:cad>
          </ns3:TrackPointExtension>
        </extensions>
      </trkpt>
      <trkpt lat="34.18080928735435009002685546875" lon="108.93141486681997776031494140625">
        <ele>437.79998779296875</ele>
        <time>2026-07-11T00:23:01.000Z</time>
        <extensions>
          <ns3:TrackPointExtension>
            <ns3:hr>131</ns3:hr>
            <ns3:cad>87</ns3:cad>
          </ns3:TrackPointExtension>
        </extensions>
      </trkpt>
      <trkpt lat="34.180811382830142974853515625" lon="108.93139064311981201171875">
        <ele>437.600006103515625</ele>
        <time>2026-07-11T00:23:02.000Z</time>
        <extensions>
          <ns3:TrackPointExtension>
            <ns3:hr>131</ns3:hr>
            <ns3:cad>87</ns3:cad>
          </ns3:TrackPointExtension>
        </extensions>
      </trkpt>
      <trkpt lat="34.18081079609692096710205078125" lon="108.93135669641196727752685546875">
        <ele>437.79998779296875</ele>
        <time>2026-07-11T00:23:03.000Z</time>
        <extensions>
          <ns3:TrackPointExtension>
            <ns3:hr>131</ns3:hr>
            <ns3:cad>87</ns3:cad>
          </ns3:TrackPointExtension>
        </extensions>
      </trkpt>
      <trkpt lat="34.1808123886585235595703125" lon="108.93133255653083324432373046875">
        <ele>437.600006103515625</ele>
        <time>2026-07-11T00:23:04.000Z</time>
        <extensions>
          <ns3:TrackPointExtension>
            <ns3:hr>131</ns3:hr>
            <ns3:cad>87</ns3:cad>
          </ns3:TrackPointExtension>
        </extensions>
      </trkpt>
      <trkpt lat="34.1808142326772212982177734375" lon="108.93129953183233737945556640625">
        <ele>437.600006103515625</ele>
        <time>2026-07-11T00:23:05.000Z</time>
        <extensions>
          <ns3:TrackPointExtension>
            <ns3:hr>131</ns3:hr>
            <ns3:cad>87</ns3:cad>
          </ns3:TrackPointExtension>
        </extensions>
      </trkpt>
      <trkpt lat="34.18081867508590221405029296875" lon="108.93127220682799816131591796875">
        <ele>437.600006103515625</ele>
        <time>2026-07-11T00:23:06.000Z</time>
        <extensions>
          <ns3:TrackPointExtension>
            <ns3:hr>131</ns3:hr>
            <ns3:cad>87</ns3:cad>
          </ns3:TrackPointExtension>
        </extensions>
      </trkpt>
      <trkpt lat="34.18082353658974170684814453125" lon="108.93124069087207317352294921875">
        <ele>437.600006103515625</ele>
        <time>2026-07-11T00:23:07.000Z</time>
        <extensions>
          <ns3:TrackPointExtension>
            <ns3:hr>131</ns3:hr>
            <ns3:cad>87</ns3:cad>
          </ns3:TrackPointExtension>
        </extensions>
      </trkpt>
      <trkpt lat="34.1808330081403255462646484375" lon="108.93121286295354366302490234375">
        <ele>437.600006103515625</ele>
        <time>2026-07-11T00:23:08.000Z</time>
        <extensions>
          <ns3:TrackPointExtension>
            <ns3:hr>131</ns3:hr>
            <ns3:cad>87</ns3:cad>
          </ns3:TrackPointExtension>
        </extensions>
      </trkpt>
      <trkpt lat="34.18083359487354755401611328125" lon="108.93118335865437984466552734375">
        <ele>437.600006103515625</ele>
        <time>2026-07-11T00:23:09.000Z</time>
        <extensions>
          <ns3:TrackPointExtension>
            <ns3:hr>131</ns3:hr>
            <ns3:cad>87</ns3:cad>
          </ns3:TrackPointExtension>
        </extensions>
      </trkpt>
      <trkpt lat="34.1808413900434970855712890625" lon="108.93115259706974029541015625">
        <ele>437.399993896484375</ele>
        <time>2026-07-11T00:23:10.000Z</time>
        <extensions>
          <ns3:TrackPointExtension>
            <ns3:hr>131</ns3:hr>
            <ns3:cad>87</ns3:cad>
          </ns3:TrackPointExtension>
        </extensions>
      </trkpt>
      <trkpt lat="34.180842228233814239501953125" lon="108.9311259426176548004150390625">
        <ele>437.399993896484375</ele>
        <time>2026-07-11T00:23:11.000Z</time>
        <extensions>
          <ns3:TrackPointExtension>
            <ns3:hr>130</ns3:hr>
            <ns3:cad>87</ns3:cad>
          </ns3:TrackPointExtension>
        </extensions>
      </trkpt>
      <trkpt lat="34.1808531247079372406005859375" lon="108.93109249882400035858154296875">
        <ele>437.399993896484375</ele>
        <time>2026-07-11T00:23:12.000Z</time>
        <extensions>
          <ns3:TrackPointExtension>
            <ns3:hr>130</ns3:hr>
            <ns3:cad>87</ns3:cad>
          </ns3:TrackPointExtension>
        </extensions>
      </trkpt>
      <trkpt lat="34.18085924349725246429443359375" lon="108.93107020296156406402587890625">
        <ele>437.399993896484375</ele>
        <time>2026-07-11T00:23:13.000Z</time>
        <extensions>
          <ns3:TrackPointExtension>
            <ns3:hr>131</ns3:hr>
            <ns3:cad>87</ns3:cad>
          </ns3:TrackPointExtension>
        </extensions>
      </trkpt>
      <trkpt lat="34.18087349273264408111572265625" lon="108.93103835172951221466064453125">
        <ele>437.399993896484375</ele>
        <time>2026-07-11T00:23:14.000Z</time>
        <extensions>
          <ns3:TrackPointExtension>
            <ns3:hr>131</ns3:hr>
            <ns3:cad>88</ns3:cad>
          </ns3:TrackPointExtension>
        </extensions>
      </trkpt>
      <trkpt lat="34.18088137172162532806396484375" lon="108.93101370893418788909912109375">
        <ele>437.399993896484375</ele>
        <time>2026-07-11T00:23:15.000Z</time>
        <extensions>
          <ns3:TrackPointExtension>
            <ns3:hr>131</ns3:hr>
            <ns3:cad>88</ns3:cad>
          </ns3:TrackPointExtension>
        </extensions>
      </trkpt>
      <trkpt lat="34.1808933578431606292724609375" lon="108.9309800975024700164794921875">
        <ele>437.399993896484375</ele>
        <time>2026-07-11T00:23:16.000Z</time>
        <extensions>
          <ns3:TrackPointExtension>
            <ns3:hr>131</ns3:hr>
            <ns3:cad>88</ns3:cad>
          </ns3:TrackPointExtension>
        </extensions>
      </trkpt>
      <trkpt lat="34.18090400286018848419189453125" lon="108.9309559576213359832763671875">
        <ele>437.399993896484375</ele>
        <time>2026-07-11T00:23:17.000Z</time>
        <extensions>
          <ns3:TrackPointExtension>
            <ns3:hr>132</ns3:hr>
            <ns3:cad>87</ns3:cad>
          </ns3:TrackPointExtension>
        </extensions>
      </trkpt>
      <trkpt lat="34.180920682847499847412109375" lon="108.93093324266374111175537109375">
        <ele>437.20001220703125</ele>
        <time>2026-07-11T00:23:18.000Z</time>
        <extensions>
          <ns3:TrackPointExtension>
            <ns3:hr>132</ns3:hr>
            <ns3:cad>87</ns3:cad>
          </ns3:TrackPointExtension>
        </extensions>
      </trkpt>
      <trkpt lat="34.1809416376054286956787109375" lon="108.93091480247676372528076171875">
        <ele>437.20001220703125</ele>
        <time>2026-07-11T00:23:19.000Z</time>
        <extensions>
          <ns3:TrackPointExtension>
            <ns3:hr>132</ns3:hr>
            <ns3:cad>87</ns3:cad>
          </ns3:TrackPointExtension>
        </extensions>
      </trkpt>
      <trkpt lat="34.18095965869724750518798828125" lon="108.9308976195752620697021484375">
        <ele>437.20001220703125</ele>
        <time>2026-07-11T00:23:20.000Z</time>
        <extensions>
          <ns3:TrackPointExtension>
            <ns3:hr>133</ns3:hr>
            <ns3:cad>87</ns3:cad>
          </ns3:TrackPointExtension>
        </extensions>
      </trkpt>
      <trkpt lat="34.1809868998825550079345703125" lon="108.9308986254036426544189453125">
        <ele>437.20001220703125</ele>
        <time>2026-07-11T00:23:21.000Z</time>
        <extensions>
          <ns3:TrackPointExtension>
            <ns3:hr>132</ns3:hr>
            <ns3:cad>87</ns3:cad>
          </ns3:TrackPointExtension>
        </extensions>
      </trkpt>
      <trkpt lat="34.18100559152662754058837890625" lon="108.93089887686073780059814453125">
        <ele>437</ele>
        <time>2026-07-11T00:23:22.000Z</time>
        <extensions>
          <ns3:TrackPointExtension>
            <ns3:hr>132</ns3:hr>
            <ns3:cad>87</ns3:cad>
          </ns3:TrackPointExtension>
        </extensions>
      </trkpt>
      <trkpt lat="34.18103568255901336669921875" lon="108.9309039898216724395751953125">
        <ele>437</ele>
        <time>2026-07-11T00:23:23.000Z</time>
        <extensions>
          <ns3:TrackPointExtension>
            <ns3:hr>132</ns3:hr>
            <ns3:cad>87</ns3:cad>
          </ns3:TrackPointExtension>
        </extensions>
      </trkpt>
      <trkpt lat="34.18105781078338623046875" lon="108.93090575002133846282958984375">
        <ele>437</ele>
        <time>2026-07-11T00:23:24.000Z</time>
        <extensions>
          <ns3:TrackPointExtension>
            <ns3:hr>133</ns3:hr>
            <ns3:cad>87</ns3:cad>
          </ns3:TrackPointExtension>
        </extensions>
      </trkpt>
      <trkpt lat="34.1810859739780426025390625" lon="108.93090893514454364776611328125">
        <ele>436.79998779296875</ele>
        <time>2026-07-11T00:23:25.000Z</time>
        <extensions>
          <ns3:TrackPointExtension>
            <ns3:hr>133</ns3:hr>
            <ns3:cad>87</ns3:cad>
          </ns3:TrackPointExtension>
        </extensions>
      </trkpt>
      <trkpt lat="34.18111019767820835113525390625" lon="108.9309123717248439788818359375">
        <ele>436.79998779296875</ele>
        <time>2026-07-11T00:23:26.000Z</time>
        <extensions>
          <ns3:TrackPointExtension>
            <ns3:hr>133</ns3:hr>
            <ns3:cad>87</ns3:cad>
          </ns3:TrackPointExtension>
        </extensions>
      </trkpt>
      <trkpt lat="34.18113626539707183837890625" lon="108.930905163288116455078125">
        <ele>436.79998779296875</ele>
        <time>2026-07-11T00:23:27.000Z</time>
        <extensions>
          <ns3:TrackPointExtension>
            <ns3:hr>133</ns3:hr>
            <ns3:cad>87</ns3:cad>
          </ns3:TrackPointExtension>
        </extensions>
      </trkpt>
      <trkpt lat="34.181158058345317840576171875" lon="108.9309076778590679168701171875">
        <ele>436.79998779296875</ele>
        <time>2026-07-11T00:23:28.000Z</time>
        <extensions>
          <ns3:TrackPointExtension>
            <ns3:hr>133</ns3:hr>
            <ns3:cad>87</ns3:cad>
          </ns3:TrackPointExtension>
        </extensions>
      </trkpt>
      <trkpt lat="34.181185550987720489501953125" lon="108.93090725876390933990478515625">
        <ele>436.79998779296875</ele>
        <time>2026-07-11T00:23:29.000Z</time>
        <extensions>
          <ns3:TrackPointExtension>
            <ns3:hr>133</ns3:hr>
            <ns3:cad>87</ns3:cad>
          </ns3:TrackPointExtension>
        </extensions>
      </trkpt>
      <trkpt lat="34.18121136724948883056640625" lon="108.930905498564243316650390625">
        <ele>436.600006103515625</ele>
        <time>2026-07-11T00:23:30.000Z</time>
        <extensions>
          <ns3:TrackPointExtension>
            <ns3:hr>133</ns3:hr>
            <ns3:cad>87</ns3:cad>
          </ns3:TrackPointExtension>
        </extensions>
      </trkpt>
      <trkpt lat="34.18123257346451282501220703125" lon="108.93090340308845043182373046875">
        <ele>436.600006103515625</ele>
        <time>2026-07-11T00:23:31.000Z</time>
        <extensions>
          <ns3:TrackPointExtension>
            <ns3:hr>134</ns3:hr>
            <ns3:cad>87</ns3:cad>
          </ns3:TrackPointExtension>
        </extensions>
      </trkpt>
      <trkpt lat="34.181261993944644927978515625" lon="108.93090742640197277069091796875">
        <ele>436.600006103515625</ele>
        <time>2026-07-11T00:23:32.000Z</time>
        <extensions>
          <ns3:TrackPointExtension>
            <ns3:hr>134</ns3:hr>
            <ns3:cad>87</ns3:cad>
          </ns3:TrackPointExtension>
        </extensions>
      </trkpt>
      <trkpt lat="34.1812779195606708526611328125" lon="108.9308979548513889312744140625">
        <ele>436.600006103515625</ele>
        <time>2026-07-11T00:23:33.000Z</time>
        <extensions>
          <ns3:TrackPointExtension>
            <ns3:hr>134</ns3:hr>
            <ns3:cad>87</ns3:cad>
          </ns3:TrackPointExtension>
        </extensions>
      </trkpt>
      <trkpt lat="34.1813020594418048858642578125" lon="108.93089636228978633880615234375">
        <ele>436.600006103515625</ele>
        <time>2026-07-11T00:23:34.000Z</time>
        <extensions>
          <ns3:TrackPointExtension>
            <ns3:hr>135</ns3:hr>
            <ns3:cad>87</ns3:cad>
          </ns3:TrackPointExtension>
        </extensions>
      </trkpt>
      <trkpt lat="34.1813215054571628570556640625" lon="108.93089636228978633880615234375">
        <ele>436.600006103515625</ele>
        <time>2026-07-11T00:23:35.000Z</time>
        <extensions>
          <ns3:TrackPointExtension>
            <ns3:hr>135</ns3:hr>
            <ns3:cad>87</ns3:cad>
          </ns3:TrackPointExtension>
        </extensions>
      </trkpt>
      <trkpt lat="34.18134950101375579833984375" lon="108.930899798870086669921875">
        <ele>436.600006103515625</ele>
        <time>2026-07-11T00:23:36.000Z</time>
        <extensions>
          <ns3:TrackPointExtension>
            <ns3:hr>135</ns3:hr>
            <ns3:cad>87</ns3:cad>
          </ns3:TrackPointExtension>
        </extensions>
      </trkpt>
      <trkpt lat="34.18137238360941410064697265625" lon="108.93090222962200641632080078125">
        <ele>436.399993896484375</ele>
        <time>2026-07-11T00:23:37.000Z</time>
        <extensions>
          <ns3:TrackPointExtension>
            <ns3:hr>135</ns3:hr>
            <ns3:cad>87</ns3:cad>
          </ns3:TrackPointExtension>
        </extensions>
      </trkpt>
      <trkpt lat="34.18140037916600704193115234375" lon="108.9309090189635753631591796875">
        <ele>436.399993896484375</ele>
        <time>2026-07-11T00:23:38.000Z</time>
        <extensions>
          <ns3:TrackPointExtension>
            <ns3:hr>135</ns3:hr>
            <ns3:cad>87</ns3:cad>
          </ns3:TrackPointExtension>
        </extensions>
      </trkpt>
      <trkpt lat="34.18142326176166534423828125" lon="108.93091312609612941741943359375">
        <ele>436.399993896484375</ele>
        <time>2026-07-11T00:23:39.000Z</time>
        <extensions>
          <ns3:TrackPointExtension>
            <ns3:hr>135</ns3:hr>
            <ns3:cad>87</ns3:cad>
          </ns3:TrackPointExtension>
        </extensions>
      </trkpt>
      <trkpt lat="34.18144731782376766204833984375" lon="108.930910862982273101806640625">
        <ele>436.399993896484375</ele>
        <time>2026-07-11T00:23:40.000Z</time>
        <extensions>
          <ns3:TrackPointExtension>
            <ns3:hr>134</ns3:hr>
            <ns3:cad>87</ns3:cad>
          </ns3:TrackPointExtension>
        </extensions>
      </trkpt>
      <trkpt lat="34.181473553180694580078125" lon="108.930915556848049163818359375">
        <ele>436.20001220703125</ele>
        <time>2026-07-11T00:23:41.000Z</time>
        <extensions>
          <ns3:TrackPointExtension>
            <ns3:hr>134</ns3:hr>
            <ns3:cad>87</ns3:cad>
          </ns3:TrackPointExtension>
        </extensions>
      </trkpt>
      <trkpt lat="34.181493334472179412841796875" lon="108.93091547302901744842529296875">
        <ele>436.20001220703125</ele>
        <time>2026-07-11T00:23:42.000Z</time>
        <extensions>
          <ns3:TrackPointExtension>
            <ns3:hr>134</ns3:hr>
            <ns3:cad>87</ns3:cad>
          </ns3:TrackPointExtension>
        </extensions>
      </trkpt>
      <trkpt lat="34.18151982128620147705078125" lon="108.93092083744704723358154296875">
        <ele>436.20001220703125</ele>
        <time>2026-07-11T00:23:43.000Z</time>
        <extensions>
          <ns3:TrackPointExtension>
            <ns3:hr>134</ns3:hr>
            <ns3:cad>87</ns3:cad>
          </ns3:TrackPointExtension>
        </extensions>
      </trkpt>
      <trkpt lat="34.18154018931090831756591796875" lon="108.930921591818332672119140625">
        <ele>436.20001220703125</ele>
        <time>2026-07-11T00:23:44.000Z</time>
        <extensions>
          <ns3:TrackPointExtension>
            <ns3:hr>134</ns3:hr>
            <ns3:cad>87</ns3:cad>
          </ns3:TrackPointExtension>
        </extensions>
      </trkpt>
      <trkpt lat="34.18156801722943782806396484375" lon="108.930924944579601287841796875">
        <ele>436.20001220703125</ele>
        <time>2026-07-11T00:23:45.000Z</time>
        <extensions>
          <ns3:TrackPointExtension>
            <ns3:hr>134</ns3:hr>
            <ns3:cad>88</ns3:cad>
          </ns3:TrackPointExtension>
        </extensions>
      </trkpt>
      <trkpt lat="34.1815897263586521148681640625" lon="108.93092486076056957244873046875">
        <ele>436.20001220703125</ele>
        <time>2026-07-11T00:23:46.000Z</time>
        <extensions>
          <ns3:TrackPointExtension>
            <ns3:hr>134</ns3:hr>
            <ns3:cad>88</ns3:cad>
          </ns3:TrackPointExtension>
        </extensions>
      </trkpt>
      <trkpt lat="34.1816131956875324249267578125" lon="108.93092670477926731109619140625">
        <ele>436.20001220703125</ele>
        <time>2026-07-11T00:23:47.000Z</time>
        <extensions>
          <ns3:TrackPointExtension>
            <ns3:hr>134</ns3:hr>
            <ns3:cad>88</ns3:cad>
          </ns3:TrackPointExtension>
        </extensions>
      </trkpt>
      <trkpt lat="34.18163540773093700408935546875" lon="108.9309277944266796112060546875">
        <ele>436</ele>
        <time>2026-07-11T00:23:48.000Z</time>
        <extensions>
          <ns3:TrackPointExtension>
            <ns3:hr>135</ns3:hr>
            <ns3:cad>88</ns3:cad>
          </ns3:TrackPointExtension>
        </extensions>
      </trkpt>
      <trkpt lat="34.1816597990691661834716796875" lon="108.93092620186507701873779296875">
        <ele>436</ele>
        <time>2026-07-11T00:23:49.000Z</time>
        <extensions>
          <ns3:TrackPointExtension>
            <ns3:hr>134</ns3:hr>
            <ns3:cad>87</ns3:cad>
          </ns3:TrackPointExtension>
        </extensions>
      </trkpt>
      <trkpt lat="34.18168217875063419342041015625" lon="108.93092284910380840301513671875">
        <ele>435.79998779296875</ele>
        <time>2026-07-11T00:23:50.000Z</time>
        <extensions>
          <ns3:TrackPointExtension>
            <ns3:hr>135</ns3:hr>
            <ns3:cad>87</ns3:cad>
          </ns3:TrackPointExtension>
        </extensions>
      </trkpt>
      <trkpt lat="34.18170313350856304168701171875" lon="108.9309217594563961029052734375">
        <ele>435.79998779296875</ele>
        <time>2026-07-11T00:23:51.000Z</time>
        <extensions>
          <ns3:TrackPointExtension>
            <ns3:hr>135</ns3:hr>
            <ns3:cad>87</ns3:cad>
          </ns3:TrackPointExtension>
        </extensions>
      </trkpt>
      <trkpt lat="34.1817285306751728057861328125" lon="108.930925615131855010986328125">
        <ele>435.79998779296875</ele>
        <time>2026-07-11T00:23:52.000Z</time>
        <extensions>
          <ns3:TrackPointExtension>
            <ns3:hr>135</ns3:hr>
            <ns3:cad>87</ns3:cad>
          </ns3:TrackPointExtension>
        </extensions>
      </trkpt>
      <trkpt lat="34.1817496530711650848388671875" lon="108.9309264533221721649169921875">
        <ele>435.79998779296875</ele>
        <time>2026-07-11T00:23:53.000Z</time>
        <extensions>
          <ns3:TrackPointExtension>
            <ns3:hr>134</ns3:hr>
            <ns3:cad>87</ns3:cad>
          </ns3:TrackPointExtension>
        </extensions>
      </trkpt>
      <trkpt lat="34.1817761398851871490478515625" lon="108.9309311471879482269287109375">
        <ele>435.79998779296875</ele>
        <time>2026-07-11T00:23:54.000Z</time>
        <extensions>
          <ns3:TrackPointExtension>
            <ns3:hr>135</ns3:hr>
            <ns3:cad>87</ns3:cad>
          </ns3:TrackPointExtension>
        </extensions>
      </trkpt>
      <trkpt lat="34.18179499916732311248779296875" lon="108.930929638445377349853515625">
        <ele>435.79998779296875</ele>
        <time>2026-07-11T00:23:55.000Z</time>
        <extensions>
          <ns3:TrackPointExtension>
            <ns3:hr>135</ns3:hr>
            <ns3:cad>87</ns3:cad>
          </ns3:TrackPointExtension>
        </extensions>
      </trkpt>
      <trkpt lat="34.18182249180972576141357421875" lon="108.93093240447342395782470703125">
        <ele>435.600006103515625</ele>
        <time>2026-07-11T00:23:56.000Z</time>
        <extensions>
          <ns3:TrackPointExtension>
            <ns3:hr>135</ns3:hr>
            <ns3:cad>88</ns3:cad>
          </ns3:TrackPointExtension>
        </extensions>
      </trkpt>
      <trkpt lat="34.18184026144444942474365234375" lon="108.93092636950314044952392578125">
        <ele>435.600006103515625</ele>
        <time>2026-07-11T00:23:57.000Z</time>
        <extensions>
          <ns3:TrackPointExtension>
            <ns3:hr>135</ns3:hr>
            <ns3:cad>88</ns3:cad>
          </ns3:TrackPointExtension>
        </extensions>
      </trkpt>
      <trkpt lat="34.1818619705736637115478515625" lon="108.9309284649789333343505859375">
        <ele>435.399993896484375</ele>
        <time>2026-07-11T00:23:58.000Z</time>
        <extensions>
          <ns3:TrackPointExtension>
            <ns3:hr>135</ns3:hr>
            <ns3:cad>88</ns3:cad>
          </ns3:TrackPointExtension>
        </extensions>
      </trkpt>
      <trkpt lat="34.18188393115997314453125" lon="108.9309234358370304107666015625">
        <ele>435.399993896484375</ele>
        <time>2026-07-11T00:23:59.000Z</time>
        <extensions>
          <ns3:TrackPointExtension>
            <ns3:hr>136</ns3:hr>
            <ns3:cad>88</ns3:cad>
          </ns3:TrackPointExtension>
        </extensions>
      </trkpt>
      <trkpt lat="34.1819079034030437469482421875" lon="108.93091983161866664886474609375">
        <ele>435.20001220703125</ele>
        <time>2026-07-11T00:24:00.000Z</time>
        <extensions>
          <ns3:TrackPointExtension>
            <ns3:hr>136</ns3:hr>
            <ns3:cad>86</ns3:cad>
          </ns3:TrackPointExtension>
        </extensions>
      </trkpt>
      <trkpt lat="34.1819276846945285797119140625" lon="108.930918239057064056396484375">
        <ele>435.20001220703125</ele>
        <time>2026-07-11T00:24:01.000Z</time>
        <extensions>
          <ns3:TrackPointExtension>
            <ns3:hr>136</ns3:hr>
            <ns3:cad>86</ns3:cad>
          </ns3:TrackPointExtension>
        </extensions>
      </trkpt>
      <trkpt lat="34.18195224367082118988037109375" lon="108.93091413192451000213623046875">
        <ele>435.20001220703125</ele>
        <time>2026-07-11T00:24:02.000Z</time>
        <extensions>
          <ns3:TrackPointExtension>
            <ns3:hr>136</ns3:hr>
            <ns3:cad>86</ns3:cad>
          </ns3:TrackPointExtension>
        </extensions>
      </trkpt>
      <trkpt lat="34.18197789229452610015869140625" lon="108.9309227652847766876220703125">
        <ele>435.20001220703125</ele>
        <time>2026-07-11T00:24:03.000Z</time>
        <extensions>
          <ns3:TrackPointExtension>
            <ns3:hr>135</ns3:hr>
            <ns3:cad>87</ns3:cad>
          </ns3:TrackPointExtension>
        </extensions>
      </trkpt>
      <trkpt lat="34.182000942528247833251953125" lon="108.93092058598995208740234375">
        <ele>435.20001220703125</ele>
        <time>2026-07-11T00:24:04.000Z</time>
        <extensions>
          <ns3:TrackPointExtension>
            <ns3:hr>136</ns3:hr>
            <ns3:cad>87</ns3:cad>
          </ns3:TrackPointExtension>
        </extensions>
      </trkpt>
      <trkpt lat="34.18202675879001617431640625" lon="108.93093139864504337310791015625">
        <ele>435</ele>
        <time>2026-07-11T00:24:05.000Z</time>
        <extensions>
          <ns3:TrackPointExtension>
            <ns3:hr>136</ns3:hr>
            <ns3:cad>87</ns3:cad>
          </ns3:TrackPointExtension>
        </extensions>
      </trkpt>
      <trkpt lat="34.18205148540437221527099609375" lon="108.93093089573085308074951171875">
        <ele>435</ele>
        <time>2026-07-11T00:24:06.000Z</time>
        <extensions>
          <ns3:TrackPointExtension>
            <ns3:hr>135</ns3:hr>
            <ns3:cad>87</ns3:cad>
          </ns3:TrackPointExtension>
        </extensions>
      </trkpt>
      <trkpt lat="34.18208300136029720306396484375" lon="108.93093726597726345062255859375">
        <ele>435</ele>
        <time>2026-07-11T00:24:07.000Z</time>
        <extensions>
          <ns3:TrackPointExtension>
            <ns3:hr>135</ns3:hr>
            <ns3:cad>87</ns3:cad>
          </ns3:TrackPointExtension>
        </extensions>
      </trkpt>
      <trkpt lat="34.182103537023067474365234375" lon="108.93093877471983432769775390625">
        <ele>435</ele>
        <time>2026-07-11T00:24:08.000Z</time>
        <extensions>
          <ns3:TrackPointExtension>
            <ns3:hr>135</ns3:hr>
            <ns3:cad>87</ns3:cad>
          </ns3:TrackPointExtension>
        </extensions>
      </trkpt>
      <trkpt lat="34.18212859891355037689208984375" lon="108.93094497732818126678466796875">
        <ele>435</ele>
        <time>2026-07-11T00:24:09.000Z</time>
        <extensions>
          <ns3:TrackPointExtension>
            <ns3:hr>135</ns3:hr>
            <ns3:cad>87</ns3:cad>
          </ns3:TrackPointExtension>
        </extensions>
      </trkpt>
      <trkpt lat="34.18215458281338214874267578125" lon="108.93095000647008419036865234375">
        <ele>435</ele>
        <time>2026-07-11T00:24:10.000Z</time>
        <extensions>
          <ns3:TrackPointExtension>
            <ns3:hr>136</ns3:hr>
            <ns3:cad>87</ns3:cad>
          </ns3:TrackPointExtension>
        </extensions>
      </trkpt>
      <trkpt lat="34.18217821978032588958740234375" lon="108.93094782717525959014892578125">
        <ele>435</ele>
        <time>2026-07-11T00:24:11.000Z</time>
        <extensions>
          <ns3:TrackPointExtension>
            <ns3:hr>135</ns3:hr>
            <ns3:cad>87</ns3:cad>
          </ns3:TrackPointExtension>
        </extensions>
      </trkpt>
      <trkpt lat="34.182208478450775146484375" lon="108.93095218576490879058837890625">
        <ele>434.79998779296875</ele>
        <time>2026-07-11T00:24:12.000Z</time>
        <extensions>
          <ns3:TrackPointExtension>
            <ns3:hr>135</ns3:hr>
            <ns3:cad>86</ns3:cad>
          </ns3:TrackPointExtension>
        </extensions>
      </trkpt>
      <trkpt lat="34.18223462998867034912109375" lon="108.9309502579271793365478515625">
        <ele>434.79998779296875</ele>
        <time>2026-07-11T00:24:13.000Z</time>
        <extensions>
          <ns3:TrackPointExtension>
            <ns3:hr>135</ns3:hr>
            <ns3:cad>86</ns3:cad>
          </ns3:TrackPointExtension>
        </extensions>
      </trkpt>
      <trkpt lat="34.18226413428783416748046875" lon="108.93095185048878192901611328125">
        <ele>434.79998779296875</ele>
        <time>2026-07-11T00:24:14.000Z</time>
        <extensions>
          <ns3:TrackPointExtension>
            <ns3:hr>136</ns3:hr>
            <ns3:cad>86</ns3:cad>
          </ns3:TrackPointExtension>
        </extensions>
      </trkpt>
      <trkpt lat="34.182286597788333892822265625" lon="108.93094799481332302093505859375">
        <ele>434.79998779296875</ele>
        <time>2026-07-11T00:24:15.000Z</time>
        <extensions>
          <ns3:TrackPointExtension>
            <ns3:hr>135</ns3:hr>
            <ns3:cad>86</ns3:cad>
          </ns3:TrackPointExtension>
        </extensions>
      </trkpt>
      <trkpt lat="34.18231777846813201904296875" lon="108.9309467375278472900390625">
        <ele>434.79998779296875</ele>
        <time>2026-07-11T00:24:16.000Z</time>
        <extensions>
          <ns3:TrackPointExtension>
            <ns3:hr>135</ns3:hr>
            <ns3:cad>86</ns3:cad>
          </ns3:TrackPointExtension>
        </extensions>
      </trkpt>
      <trkpt lat="34.1823367215692996978759765625" lon="108.93094413913786411285400390625">
        <ele>434.79998779296875</ele>
        <time>2026-07-11T00:24:17.000Z</time>
        <extensions>
          <ns3:TrackPointExtension>
            <ns3:hr>135</ns3:hr>
            <ns3:cad>86</ns3:cad>
          </ns3:TrackPointExtension>
        </extensions>
      </trkpt>
      <trkpt lat="34.1823578439652919769287109375" lon="108.930933661758899688720703125">
        <ele>434.600006103515625</ele>
        <time>2026-07-11T00:24:18.000Z</time>
        <extensions>
          <ns3:TrackPointExtension>
            <ns3:hr>135</ns3:hr>
            <ns3:cad>86</ns3:cad>
          </ns3:TrackPointExtension>
        </extensions>
      </trkpt>
      <trkpt lat="34.18237946927547454833984375" lon="108.93092863261699676513671875">
        <ele>434.600006103515625</ele>
        <time>2026-07-11T00:24:19.000Z</time>
        <extensions>
          <ns3:TrackPointExtension>
            <ns3:hr>136</ns3:hr>
            <ns3:cad>86</ns3:cad>
          </ns3:TrackPointExtension>
        </extensions>
      </trkpt>
      <trkpt lat="34.18239681981503963470458984375" lon="108.930918239057064056396484375">
        <ele>434.600006103515625</ele>
        <time>2026-07-11T00:24:20.000Z</time>
        <extensions>
          <ns3:TrackPointExtension>
            <ns3:hr>139</ns3:hr>
            <ns3:cad>86</ns3:cad>
          </ns3:TrackPointExtension>
        </extensions>
      </trkpt>
      <trkpt lat="34.18242213316261768341064453125" lon="108.930915892124176025390625">
        <ele>434.600006103515625</ele>
        <time>2026-07-11T00:24:21.000Z</time>
        <extensions>
          <ns3:TrackPointExtension>
            <ns3:hr>139</ns3:hr>
            <ns3:cad>86</ns3:cad>
          </ns3:TrackPointExtension>
        </extensions>
      </trkpt>
      <trkpt lat="34.182444512844085693359375" lon="108.93091396428644657135009765625">
        <ele>434.399993896484375</ele>
        <time>2026-07-11T00:24:22.000Z</time>
        <extensions>
          <ns3:TrackPointExtension>
            <ns3:hr>140</ns3:hr>
            <ns3:cad>86</ns3:cad>
          </ns3:TrackPointExtension>
        </extensions>
      </trkpt>
      <trkpt lat="34.18247108347713947296142578125" lon="108.930916897952556610107421875">
        <ele>434.399993896484375</ele>
        <time>2026-07-11T00:24:23.000Z</time>
        <extensions>
          <ns3:TrackPointExtension>
            <ns3:hr>140</ns3:hr>
            <ns3:cad>86</ns3:cad>
          </ns3:TrackPointExtension>
        </extensions>
      </trkpt>
      <trkpt lat="34.18249346315860748291015625" lon="108.9309157244861125946044921875">
        <ele>434.399993896484375</ele>
        <time>2026-07-11T00:24:24.000Z</time>
        <extensions>
          <ns3:TrackPointExtension>
            <ns3:hr>139</ns3:hr>
            <ns3:cad>86</ns3:cad>
          </ns3:TrackPointExtension>
        </extensions>
      </trkpt>
      <trkpt lat="34.182522632181644439697265625" lon="108.9309127070009708404541015625">
        <ele>434.399993896484375</ele>
        <time>2026-07-11T00:24:25.000Z</time>
        <extensions>
          <ns3:TrackPointExtension>
            <ns3:hr>139</ns3:hr>
            <ns3:cad>86</ns3:cad>
          </ns3:TrackPointExtension>
        </extensions>
      </trkpt>
      <trkpt lat="34.182542748749256134033203125" lon="108.93090424127876758575439453125">
        <ele>434.399993896484375</ele>
        <time>2026-07-11T00:24:26.000Z</time>
        <extensions>
          <ns3:TrackPointExtension>
            <ns3:hr>139</ns3:hr>
            <ns3:cad>86</ns3:cad>
          </ns3:TrackPointExtension>
        </extensions>
      </trkpt>
      <trkpt lat="34.18256630189716815948486328125" lon="108.93090088851749897003173828125">
        <ele>434.399993896484375</ele>
        <time>2026-07-11T00:24:27.000Z</time>
        <extensions>
          <ns3:TrackPointExtension>
            <ns3:hr>138</ns3:hr>
            <ns3:cad>87</ns3:cad>
          </ns3:TrackPointExtension>
        </extensions>
      </trkpt>
      <trkpt lat="34.18259060941636562347412109375" lon="108.93090256489813327789306640625">
        <ele>434.399993896484375</ele>
        <time>2026-07-11T00:24:28.000Z</time>
        <extensions>
          <ns3:TrackPointExtension>
            <ns3:hr>137</ns3:hr>
            <ns3:cad>87</ns3:cad>
          </ns3:TrackPointExtension>
        </extensions>
      </trkpt>
      <trkpt lat="34.18261273764073848724365234375" lon="108.930901475250720977783203125">
        <ele>434.20001220703125</ele>
        <time>2026-07-11T00:24:29.000Z</time>
        <extensions>
          <ns3:TrackPointExtension>
            <ns3:hr>137</ns3:hr>
            <ns3:cad>87</ns3:cad>
          </ns3:TrackPointExtension>
        </extensions>
      </trkpt>
      <trkpt lat="34.1826374642550945281982421875" lon="108.93090315163135528564453125">
        <ele>434.20001220703125</ele>
        <time>2026-07-11T00:24:30.000Z</time>
        <extensions>
          <ns3:TrackPointExtension>
            <ns3:hr>137</ns3:hr>
            <ns3:cad>88</ns3:cad>
          </ns3:TrackPointExtension>
        </extensions>
      </trkpt>
      <trkpt lat="34.182660095393657684326171875" lon="108.9308989606797695159912109375">
        <ele>434.20001220703125</ele>
        <time>2026-07-11T00:24:31.000Z</time>
        <extensions>
          <ns3:TrackPointExtension>
            <ns3:hr>137</ns3:hr>
            <ns3:cad>88</ns3:cad>
          </ns3:TrackPointExtension>
        </extensions>
      </trkpt>
      <trkpt lat="34.182688929140567779541015625" lon="108.93090315163135528564453125">
        <ele>434.20001220703125</ele>
        <time>2026-07-11T00:24:32.000Z</time>
        <extensions>
          <ns3:TrackPointExtension>
            <ns3:hr>137</ns3:hr>
            <ns3:cad>87</ns3:cad>
          </ns3:TrackPointExtension>
        </extensions>
      </trkpt>
      <trkpt lat="34.18271097354590892791748046875" lon="108.93089837394654750823974609375">
        <ele>434</ele>
        <time>2026-07-11T00:24:33.000Z</time>
        <extensions>
          <ns3:TrackPointExtension>
            <ns3:hr>137</ns3:hr>
            <ns3:cad>87</ns3:cad>
          </ns3:TrackPointExtension>
        </extensions>
      </trkpt>
      <trkpt lat="34.1827357001602649688720703125" lon="108.930899798870086669921875">
        <ele>434</ele>
        <time>2026-07-11T00:24:34.000Z</time>
        <extensions>
          <ns3:TrackPointExtension>
            <ns3:hr>136</ns3:hr>
            <ns3:cad>87</ns3:cad>
          </ns3:TrackPointExtension>
        </extensions>
      </trkpt>
      <trkpt lat="34.182759337127208709716796875" lon="108.93090206198394298553466796875">
        <ele>433.79998779296875</ele>
        <time>2026-07-11T00:24:35.000Z</time>
        <extensions>
          <ns3:TrackPointExtension>
            <ns3:hr>136</ns3:hr>
            <ns3:cad>87</ns3:cad>
          </ns3:TrackPointExtension>
        </extensions>
      </trkpt>
      <trkpt lat="34.182781465351581573486328125" lon="108.9309043250977993011474609375">
        <ele>433.79998779296875</ele>
        <time>2026-07-11T00:24:36.000Z</time>
        <extensions>
          <ns3:TrackPointExtension>
            <ns3:hr>137</ns3:hr>
            <ns3:cad>87</ns3:cad>
          </ns3:TrackPointExtension>
        </extensions>
      </trkpt>
      <trkpt lat="34.18279915116727352142333984375" lon="108.93090910278260707855224609375">
        <ele>433.79998779296875</ele>
        <time>2026-07-11T00:24:37.000Z</time>
        <extensions>
          <ns3:TrackPointExtension>
            <ns3:hr>136</ns3:hr>
            <ns3:cad>87</ns3:cad>
          </ns3:TrackPointExtension>
        </extensions>
      </trkpt>
      <trkpt lat="34.1828215308487415313720703125" lon="108.93090910278260707855224609375">
        <ele>433.79998779296875</ele>
        <time>2026-07-11T00:24:38.000Z</time>
        <extensions>
          <ns3:TrackPointExtension>
            <ns3:hr>136</ns3:hr>
            <ns3:cad>87</ns3:cad>
          </ns3:TrackPointExtension>
        </extensions>
      </trkpt>
      <trkpt lat="34.1828476823866367340087890625" lon="108.930910862982273101806640625">
        <ele>433.600006103515625</ele>
        <time>2026-07-11T00:24:39.000Z</time>
        <extensions>
          <ns3:TrackPointExtension>
            <ns3:hr>136</ns3:hr>
            <ns3:cad>87</ns3:cad>
          </ns3:TrackPointExtension>
        </extensions>
      </trkpt>
      <trkpt lat="34.18287039734423160552978515625" lon="108.93091195262968540191650390625">
        <ele>433.600006103515625</ele>
        <time>2026-07-11T00:24:40.000Z</time>
        <extensions>
          <ns3:TrackPointExtension>
            <ns3:hr>136</ns3:hr>
            <ns3:cad>88</ns3:cad>
          </ns3:TrackPointExtension>
        </extensions>
      </trkpt>
      <trkpt lat="34.18289319612085819244384765625" lon="108.93091647885739803314208984375">
        <ele>433.600006103515625</ele>
        <time>2026-07-11T00:24:41.000Z</time>
        <extensions>
          <ns3:TrackPointExtension>
            <ns3:hr>136</ns3:hr>
            <ns3:cad>88</ns3:cad>
          </ns3:TrackPointExtension>
        </extensions>
      </trkpt>
      <trkpt lat="34.182912893593311309814453125" lon="108.93091463483870029449462890625">
        <ele>433.399993896484375</ele>
        <time>2026-07-11T00:24:42.000Z</time>
        <extensions>
          <ns3:TrackPointExtension>
            <ns3:hr>136</ns3:hr>
            <ns3:cad>88</ns3:cad>
          </ns3:TrackPointExtension>
        </extensions>
      </trkpt>
      <trkpt lat="34.182938039302825927734375" lon="108.93091656267642974853515625">
        <ele>433.399993896484375</ele>
        <time>2026-07-11T00:24:43.000Z</time>
        <extensions>
          <ns3:TrackPointExtension>
            <ns3:hr>135</ns3:hr>
            <ns3:cad>87</ns3:cad>
          </ns3:TrackPointExtension>
        </extensions>
      </trkpt>
      <trkpt lat="34.18296150863170623779296875" lon="108.93091614358127117156982421875">
        <ele>433.399993896484375</ele>
        <time>2026-07-11T00:24:44.000Z</time>
        <extensions>
          <ns3:TrackPointExtension>
            <ns3:hr>136</ns3:hr>
            <ns3:cad>87</ns3:cad>
          </ns3:TrackPointExtension>
        </extensions>
      </trkpt>
      <trkpt lat="34.1829908452928066253662109375" lon="108.93091798759996891021728515625">
        <ele>433.399993896484375</ele>
        <time>2026-07-11T00:24:45.000Z</time>
        <extensions>
          <ns3:TrackPointExtension>
            <ns3:hr>136</ns3:hr>
            <ns3:cad>87</ns3:cad>
          </ns3:TrackPointExtension>
        </extensions>
      </trkpt>
      <trkpt lat="34.183013141155242919921875" lon="108.93091731704771518707275390625">
        <ele>433.399993896484375</ele>
        <time>2026-07-11T00:24:46.000Z</time>
        <extensions>
          <ns3:TrackPointExtension>
            <ns3:hr>135</ns3:hr>
            <ns3:cad>88</ns3:cad>
          </ns3:TrackPointExtension>
        </extensions>
      </trkpt>
      <trkpt lat="34.18303904123604297637939453125" lon="108.93091212026774883270263671875">
        <ele>433.20001220703125</ele>
        <time>2026-07-11T00:24:47.000Z</time>
        <extensions>
          <ns3:TrackPointExtension>
            <ns3:hr>135</ns3:hr>
            <ns3:cad>88</ns3:cad>
          </ns3:TrackPointExtension>
        </extensions>
      </trkpt>
      <trkpt lat="34.18305999599397182464599609375" lon="108.93090776167809963226318359375">
        <ele>433.20001220703125</ele>
        <time>2026-07-11T00:24:48.000Z</time>
        <extensions>
          <ns3:TrackPointExtension>
            <ns3:hr>135</ns3:hr>
            <ns3:cad>88</ns3:cad>
          </ns3:TrackPointExtension>
        </extensions>
      </trkpt>
      <trkpt lat="34.1830853931605815887451171875" lon="108.9309070073068141937255859375">
        <ele>433.20001220703125</ele>
        <time>2026-07-11T00:24:49.000Z</time>
        <extensions>
          <ns3:TrackPointExtension>
            <ns3:hr>135</ns3:hr>
            <ns3:cad>88</ns3:cad>
          </ns3:TrackPointExtension>
        </extensions>
      </trkpt>
      <trkpt lat="34.18310903012752532958984375" lon="108.9309066720306873321533203125">
        <ele>433.20001220703125</ele>
        <time>2026-07-11T00:24:50.000Z</time>
        <extensions>
          <ns3:TrackPointExtension>
            <ns3:hr>136</ns3:hr>
            <ns3:cad>88</ns3:cad>
          </ns3:TrackPointExtension>
        </extensions>
      </trkpt>
      <trkpt lat="34.1831373609602451324462890625" lon="108.93090859986841678619384765625">
        <ele>433.20001220703125</ele>
        <time>2026-07-11T00:24:51.000Z</time>
        <extensions>
          <ns3:TrackPointExtension>
            <ns3:hr>135</ns3:hr>
            <ns3:cad>88</ns3:cad>
          </ns3:TrackPointExtension>
        </extensions>
      </trkpt>
      <trkpt lat="34.183158315718173980712890625" lon="108.9309056662023067474365234375">
        <ele>433</ele>
        <time>2026-07-11T00:24:52.000Z</time>
        <extensions>
          <ns3:TrackPointExtension>
            <ns3:hr>135</ns3:hr>
            <ns3:cad>88</ns3:cad>
          </ns3:TrackPointExtension>
        </extensions>
      </trkpt>
      <trkpt lat="34.18318170122802257537841796875" lon="108.9309056662023067474365234375">
        <ele>433</ele>
        <time>2026-07-11T00:24:53.000Z</time>
        <extensions>
          <ns3:TrackPointExtension>
            <ns3:hr>136</ns3:hr>
            <ns3:cad>88</ns3:cad>
          </ns3:TrackPointExtension>
        </extensions>
      </trkpt>
      <trkpt lat="34.18320399709045886993408203125" lon="108.93090960569679737091064453125">
        <ele>433</ele>
        <time>2026-07-11T00:24:54.000Z</time>
        <extensions>
          <ns3:TrackPointExtension>
            <ns3:hr>135</ns3:hr>
            <ns3:cad>88</ns3:cad>
          </ns3:TrackPointExtension>
        </extensions>
      </trkpt>
      <trkpt lat="34.1832295618951320648193359375" lon="108.93091061152517795562744140625">
        <ele>433</ele>
        <time>2026-07-11T00:24:55.000Z</time>
        <extensions>
          <ns3:TrackPointExtension>
            <ns3:hr>135</ns3:hr>
            <ns3:cad>88</ns3:cad>
          </ns3:TrackPointExtension>
        </extensions>
      </trkpt>
      <trkpt lat="34.18324992991983890533447265625" lon="108.93090859986841678619384765625">
        <ele>433</ele>
        <time>2026-07-11T00:24:56.000Z</time>
        <extensions>
          <ns3:TrackPointExtension>
            <ns3:hr>136</ns3:hr>
            <ns3:cad>88</ns3:cad>
          </ns3:TrackPointExtension>
        </extensions>
      </trkpt>
      <trkpt lat="34.183274991810321807861328125" lon="108.93090407364070415496826171875">
        <ele>433</ele>
        <time>2026-07-11T00:24:57.000Z</time>
        <extensions>
          <ns3:TrackPointExtension>
            <ns3:hr>136</ns3:hr>
            <ns3:cad>89</ns3:cad>
          </ns3:TrackPointExtension>
        </extensions>
      </trkpt>
      <trkpt lat="34.18330156244337558746337890625" lon="108.93090440891683101654052734375">
        <ele>433</ele>
        <time>2026-07-11T00:24:58.000Z</time>
        <extensions>
          <ns3:TrackPointExtension>
            <ns3:hr>136</ns3:hr>
            <ns3:cad>89</ns3:cad>
          </ns3:TrackPointExtension>
        </extensions>
      </trkpt>
      <trkpt lat="34.183327965438365936279296875" lon="108.93090306781232357025146484375">
        <ele>433</ele>
        <time>2026-07-11T00:24:59.000Z</time>
        <extensions>
          <ns3:TrackPointExtension>
            <ns3:hr>136</ns3:hr>
            <ns3:cad>89</ns3:cad>
          </ns3:TrackPointExtension>
        </extensions>
      </trkpt>
      <trkpt lat="34.18335336260497570037841796875" lon="108.9309070073068141937255859375">
        <ele>432.79998779296875</ele>
        <time>2026-07-11T00:25:00.000Z</time>
        <extensions>
          <ns3:TrackPointExtension>
            <ns3:hr>137</ns3:hr>
            <ns3:cad>89</ns3:cad>
          </ns3:TrackPointExtension>
        </extensions>
      </trkpt>
      <trkpt lat="34.1833757422864437103271484375" lon="108.93091346137225627899169921875">
        <ele>432.79998779296875</ele>
        <time>2026-07-11T00:25:01.000Z</time>
        <extensions>
          <ns3:TrackPointExtension>
            <ns3:hr>137</ns3:hr>
            <ns3:cad>89</ns3:cad>
          </ns3:TrackPointExtension>
        </extensions>
      </trkpt>
      <trkpt lat="34.18340407311916351318359375" lon="108.93091899342834949493408203125">
        <ele>432.79998779296875</ele>
        <time>2026-07-11T00:25:02.000Z</time>
        <extensions>
          <ns3:TrackPointExtension>
            <ns3:hr>137</ns3:hr>
            <ns3:cad>88</ns3:cad>
          </ns3:TrackPointExtension>
        </extensions>
      </trkpt>
      <trkpt lat="34.18342779390513896942138671875" lon="108.93091999925673007965087890625">
        <ele>432.79998779296875</ele>
        <time>2026-07-11T00:25:03.000Z</time>
        <extensions>
          <ns3:TrackPointExtension>
            <ns3:hr>137</ns3:hr>
            <ns3:cad>88</ns3:cad>
          </ns3:TrackPointExtension>
        </extensions>
      </trkpt>
      <trkpt lat="34.18345511890947818756103515625" lon="108.9309237711131572723388671875">
        <ele>432.79998779296875</ele>
        <time>2026-07-11T00:25:04.000Z</time>
        <extensions>
          <ns3:TrackPointExtension>
            <ns3:hr>137</ns3:hr>
            <ns3:cad>88</ns3:cad>
          </ns3:TrackPointExtension>
        </extensions>
      </trkpt>
      <trkpt lat="34.18347381055355072021484375" lon="108.93092351965606212615966796875">
        <ele>432.79998779296875</ele>
        <time>2026-07-11T00:25:05.000Z</time>
        <extensions>
          <ns3:TrackPointExtension>
            <ns3:hr>137</ns3:hr>
            <ns3:cad>88</ns3:cad>
          </ns3:TrackPointExtension>
        </extensions>
      </trkpt>
      <trkpt lat="34.18349904008209705352783203125" lon="108.9309264533221721649169921875">
        <ele>432.79998779296875</ele>
        <time>2026-07-11T00:25:06.000Z</time>
        <extensions>
          <ns3:TrackPointExtension>
            <ns3:hr>137</ns3:hr>
            <ns3:cad>88</ns3:cad>
          </ns3:TrackPointExtension>
        </extensions>
      </trkpt>
      <trkpt lat="34.18351882137358188629150390625" lon="108.930925615131855010986328125">
        <ele>432.79998779296875</ele>
        <time>2026-07-11T00:25:07.000Z</time>
        <extensions>
          <ns3:TrackPointExtension>
            <ns3:hr>137</ns3:hr>
            <ns3:cad>88</ns3:cad>
          </ns3:TrackPointExtension>
        </extensions>
      </trkpt>
      <trkpt lat="34.18354681693017482757568359375" lon="108.93092595040798187255859375">
        <ele>432.79998779296875</ele>
        <time>2026-07-11T00:25:08.000Z</time>
        <extensions>
          <ns3:TrackPointExtension>
            <ns3:hr>137</ns3:hr>
            <ns3:cad>88</ns3:cad>
          </ns3:TrackPointExtension>
        </extensions>
      </trkpt>
      <trkpt lat="34.1835675202310085296630859375" lon="108.93092368729412555694580078125">
        <ele>432.600006103515625</ele>
        <time>2026-07-11T00:25:09.000Z</time>
        <extensions>
          <ns3:TrackPointExtension>
            <ns3:hr>137</ns3:hr>
            <ns3:cad>88</ns3:cad>
          </ns3:TrackPointExtension>
        </extensions>
      </trkpt>
      <trkpt lat="34.1835956834256649017333984375" lon="108.9309214241802692413330078125">
        <ele>432.600006103515625</ele>
        <time>2026-07-11T00:25:10.000Z</time>
        <extensions>
          <ns3:TrackPointExtension>
            <ns3:hr>137</ns3:hr>
            <ns3:cad>87</ns3:cad>
          </ns3:TrackPointExtension>
        </extensions>
      </trkpt>
      <trkpt lat="34.183620326220989227294921875" lon="108.93091916106641292572021484375">
        <ele>432.600006103515625</ele>
        <time>2026-07-11T00:25:11.000Z</time>
        <extensions>
          <ns3:TrackPointExtension>
            <ns3:hr>137</ns3:hr>
            <ns3:cad>87</ns3:cad>
          </ns3:TrackPointExtension>
        </extensions>
      </trkpt>
      <trkpt lat="34.18364949524402618408203125" lon="108.93091790378093719482421875">
        <ele>432.600006103515625</ele>
        <time>2026-07-11T00:25:12.000Z</time>
        <extensions>
          <ns3:TrackPointExtension>
            <ns3:hr>137</ns3:hr>
            <ns3:cad>87</ns3:cad>
          </ns3:TrackPointExtension>
        </extensions>
      </trkpt>
      <trkpt lat="34.1836743056774139404296875" lon="108.93091396428644657135009765625">
        <ele>432.399993896484375</ele>
        <time>2026-07-11T00:25:13.000Z</time>
        <extensions>
          <ns3:TrackPointExtension>
            <ns3:hr>138</ns3:hr>
            <ns3:cad>88</ns3:cad>
          </ns3:TrackPointExtension>
        </extensions>
      </trkpt>
      <trkpt lat="34.18370045721530914306640625" lon="108.93090709112584590911865234375">
        <ele>432.399993896484375</ele>
        <time>2026-07-11T00:25:14.000Z</time>
        <extensions>
          <ns3:TrackPointExtension>
            <ns3:hr>137</ns3:hr>
            <ns3:cad>88</ns3:cad>
          </ns3:TrackPointExtension>
        </extensions>
      </trkpt>
      <trkpt lat="34.18372652493417263031005859375" lon="108.930904828011989593505859375">
        <ele>432.399993896484375</ele>
        <time>2026-07-11T00:25:15.000Z</time>
        <extensions>
          <ns3:TrackPointExtension>
            <ns3:hr>137</ns3:hr>
            <ns3:cad>88</ns3:cad>
          </ns3:TrackPointExtension>
        </extensions>
      </trkpt>
      <trkpt lat="34.18374965898692607879638671875" lon="108.93090105615556240081787109375">
        <ele>432.399993896484375</ele>
        <time>2026-07-11T00:25:16.000Z</time>
        <extensions>
          <ns3:TrackPointExtension>
            <ns3:hr>137</ns3:hr>
            <ns3:cad>87</ns3:cad>
          </ns3:TrackPointExtension>
        </extensions>
      </trkpt>
      <trkpt lat="34.18377664871513843536376953125" lon="108.9309033192694187164306640625">
        <ele>432.399993896484375</ele>
        <time>2026-07-11T00:25:17.000Z</time>
        <extensions>
          <ns3:TrackPointExtension>
            <ns3:hr>137</ns3:hr>
            <ns3:cad>89</ns3:cad>
          </ns3:TrackPointExtension>
        </extensions>
      </trkpt>
      <trkpt lat="34.18380112387239933013916015625" lon="108.9308949373662471771240234375">
        <ele>432.399993896484375</ele>
        <time>2026-07-11T00:25:18.000Z</time>
        <extensions>
          <ns3:TrackPointExtension>
            <ns3:hr>137</ns3:hr>
            <ns3:cad>89</ns3:cad>
          </ns3:TrackPointExtension>
        </extensions>
      </trkpt>
      <trkpt lat="34.18382945470511913299560546875" lon="108.93088513053953647613525390625">
        <ele>432.399993896484375</ele>
        <time>2026-07-11T00:25:19.000Z</time>
        <extensions>
          <ns3:TrackPointExtension>
            <ns3:hr>138</ns3:hr>
            <ns3:cad>89</ns3:cad>
          </ns3:TrackPointExtension>
        </extensions>
      </trkpt>
      <trkpt lat="34.18385074473917484283447265625" lon="108.930881023406982421875">
        <ele>432.399993896484375</ele>
        <time>2026-07-11T00:25:20.000Z</time>
        <extensions>
          <ns3:TrackPointExtension>
            <ns3:hr>138</ns3:hr>
            <ns3:cad>89</ns3:cad>
          </ns3:TrackPointExtension>
        </extensions>
      </trkpt>
      <trkpt lat="34.1838793270289897918701171875" lon="108.93088496290147304534912109375">
        <ele>432.20001220703125</ele>
        <time>2026-07-11T00:25:21.000Z</time>
        <extensions>
          <ns3:TrackPointExtension>
            <ns3:hr>138</ns3:hr>
            <ns3:cad>87</ns3:cad>
          </ns3:TrackPointExtension>
        </extensions>
      </trkpt>
      <trkpt lat="34.1839001141488552093505859375" lon="108.93088814802467823028564453125">
        <ele>432.20001220703125</ele>
        <time>2026-07-11T00:25:22.000Z</time>
        <extensions>
          <ns3:TrackPointExtension>
            <ns3:hr>138</ns3:hr>
            <ns3:cad>87</ns3:cad>
          </ns3:TrackPointExtension>
        </extensions>
      </trkpt>
      <trkpt lat="34.1839245893061161041259765625" lon="108.93090440891683101654052734375">
        <ele>432.20001220703125</ele>
        <time>2026-07-11T00:25:23.000Z</time>
        <extensions>
          <ns3:TrackPointExtension>
            <ns3:hr>138</ns3:hr>
            <ns3:cad>87</ns3:cad>
          </ns3:TrackPointExtension>
        </extensions>
      </trkpt>
      <trkpt lat="34.1839420236647129058837890625" lon="108.930922932922840118408203125">
        <ele>432.20001220703125</ele>
        <time>2026-07-11T00:25:24.000Z</time>
        <extensions>
          <ns3:TrackPointExtension>
            <ns3:hr>138</ns3:hr>
            <ns3:cad>88</ns3:cad>
          </ns3:TrackPointExtension>
        </extensions>
      </trkpt>
      <trkpt lat="34.18396708555519580841064453125" lon="108.93094095401465892791748046875">
        <ele>432.20001220703125</ele>
        <time>2026-07-11T00:25:25.000Z</time>
        <extensions>
          <ns3:TrackPointExtension>
            <ns3:hr>138</ns3:hr>
            <ns3:cad>88</ns3:cad>
          </ns3:TrackPointExtension>
        </extensions>
      </trkpt>
      <trkpt lat="34.183983094990253448486328125" lon="108.93096123822033405303955078125">
        <ele>432.20001220703125</ele>
        <time>2026-07-11T00:25:26.000Z</time>
        <extensions>
          <ns3:TrackPointExtension>
            <ns3:hr>137</ns3:hr>
            <ns3:cad>88</ns3:cad>
          </ns3:TrackPointExtension>
        </extensions>
      </trkpt>
      <trkpt lat="34.18400212191045284271240234375" lon="108.93098085187375545501708984375">
        <ele>432.20001220703125</ele>
        <time>2026-07-11T00:25:27.000Z</time>
        <extensions>
          <ns3:TrackPointExtension>
            <ns3:hr>137</ns3:hr>
            <ns3:cad>88</ns3:cad>
          </ns3:TrackPointExtension>
        </extensions>
      </trkpt>
      <trkpt lat="34.1840149462223052978515625" lon="108.93100666813552379608154296875">
        <ele>432.20001220703125</ele>
        <time>2026-07-11T00:25:28.000Z</time>
        <extensions>
          <ns3:TrackPointExtension>
            <ns3:hr>137</ns3:hr>
            <ns3:cad>87</ns3:cad>
          </ns3:TrackPointExtension>
        </extensions>
      </trkpt>
      <trkpt lat="34.1840241663157939910888671875" lon="108.93103214912116527557373046875">
        <ele>432</ele>
        <time>2026-07-11T00:25:29.000Z</time>
        <extensions>
          <ns3:TrackPointExtension>
            <ns3:hr>137</ns3:hr>
            <ns3:cad>87</ns3:cad>
          </ns3:TrackPointExtension>
        </extensions>
      </trkpt>
      <trkpt lat="34.1840295307338237762451171875" lon="108.93106400035321712493896484375">
        <ele>432</ele>
        <time>2026-07-11T00:25:30.000Z</time>
        <extensions>
          <ns3:TrackPointExtension>
            <ns3:hr>136</ns3:hr>
            <ns3:cad>87</ns3:cad>
          </ns3:TrackPointExtension>
        </extensions>
      </trkpt>
      <trkpt lat="34.18403648771345615386962890625" lon="108.9310877211391925811767578125">
        <ele>432</ele>
        <time>2026-07-11T00:25:31.000Z</time>
        <extensions>
          <ns3:TrackPointExtension>
            <ns3:hr>136</ns3:hr>
            <ns3:cad>87</ns3:cad>
          </ns3:TrackPointExtension>
        </extensions>
      </trkpt>
      <trkpt lat="34.18403707444667816162109375" lon="108.9311210811138153076171875">
        <ele>432</ele>
        <time>2026-07-11T00:25:32.000Z</time>
        <extensions>
          <ns3:TrackPointExtension>
            <ns3:hr>136</ns3:hr>
            <ns3:cad>87</ns3:cad>
          </ns3:TrackPointExtension>
        </extensions>
      </trkpt>
      <trkpt lat="34.184042103588581085205078125" lon="108.93114848993718624114990234375">
        <ele>432</ele>
        <time>2026-07-11T00:25:33.000Z</time>
        <extensions>
          <ns3:TrackPointExtension>
            <ns3:hr>137</ns3:hr>
            <ns3:cad>87</ns3:cad>
          </ns3:TrackPointExtension>
        </extensions>
      </trkpt>
      <trkpt lat="34.18404486961662769317626953125" lon="108.93118235282599925994873046875">
        <ele>432</ele>
        <time>2026-07-11T00:25:34.000Z</time>
        <extensions>
          <ns3:TrackPointExtension>
            <ns3:hr>136</ns3:hr>
            <ns3:cad>87</ns3:cad>
          </ns3:TrackPointExtension>
        </extensions>
      </trkpt>
      <trkpt lat="34.18404822237789630889892578125" lon="108.93121101893484592437744140625">
        <ele>432</ele>
        <time>2026-07-11T00:25:35.000Z</time>
        <extensions>
          <ns3:TrackPointExtension>
            <ns3:hr>136</ns3:hr>
            <ns3:cad>89</ns3:cad>
          </ns3:TrackPointExtension>
        </extensions>
      </trkpt>
      <trkpt lat="34.18404956348240375518798828125" lon="108.93124287016689777374267578125">
        <ele>432</ele>
        <time>2026-07-11T00:25:36.000Z</time>
        <extensions>
          <ns3:TrackPointExtension>
            <ns3:hr>136</ns3:hr>
            <ns3:cad>88</ns3:cad>
          </ns3:TrackPointExtension>
        </extensions>
      </trkpt>
      <trkpt lat="34.18405425734817981719970703125" lon="108.93126684240996837615966796875">
        <ele>432</ele>
        <time>2026-07-11T00:25:37.000Z</time>
        <extensions>
          <ns3:TrackPointExtension>
            <ns3:hr>136</ns3:hr>
            <ns3:cad>88</ns3:cad>
          </ns3:TrackPointExtension>
        </extensions>
      </trkpt>
      <trkpt lat="34.18405325151979923248291015625" lon="108.931300453841686248779296875">
        <ele>432</ele>
        <time>2026-07-11T00:25:38.000Z</time>
        <extensions>
          <ns3:TrackPointExtension>
            <ns3:hr>137</ns3:hr>
            <ns3:cad>88</ns3:cad>
          </ns3:TrackPointExtension>
        </extensions>
      </trkpt>
      <trkpt lat="34.18405710719525814056396484375" lon="108.9313264377415180206298828125">
        <ele>432</ele>
        <time>2026-07-11T00:25:39.000Z</time>
        <extensions>
          <ns3:TrackPointExtension>
            <ns3:hr>137</ns3:hr>
            <ns3:cad>88</ns3:cad>
          </ns3:TrackPointExtension>
        </extensions>
      </trkpt>
      <trkpt lat="34.18405274860560894012451171875" lon="108.93136222846806049346923828125">
        <ele>432</ele>
        <time>2026-07-11T00:25:40.000Z</time>
        <extensions>
          <ns3:TrackPointExtension>
            <ns3:hr>137</ns3:hr>
            <ns3:cad>89</ns3:cad>
          </ns3:TrackPointExtension>
        </extensions>
      </trkpt>
      <trkpt lat="34.1840530000627040863037109375" lon="108.93138770945370197296142578125">
        <ele>432</ele>
        <time>2026-07-11T00:25:41.000Z</time>
        <extensions>
          <ns3:TrackPointExtension>
            <ns3:hr>137</ns3:hr>
            <ns3:cad>89</ns3:cad>
          </ns3:TrackPointExtension>
        </extensions>
      </trkpt>
      <trkpt lat="34.18405509553849697113037109375" lon="108.93141302280128002166748046875">
        <ele>432</ele>
        <time>2026-07-11T00:25:42.000Z</time>
        <extensions>
          <ns3:TrackPointExtension>
            <ns3:hr>138</ns3:hr>
            <ns3:cad>89</ns3:cad>
          </ns3:TrackPointExtension>
        </extensions>
      </trkpt>
      <trkpt lat="34.18405610136687755584716796875" lon="108.93143967725336551666259765625">
        <ele>432</ele>
        <time>2026-07-11T00:25:43.000Z</time>
        <extensions>
          <ns3:TrackPointExtension>
            <ns3:hr>138</ns3:hr>
            <ns3:cad>89</ns3:cad>
          </ns3:TrackPointExtension>
        </extensions>
      </trkpt>
      <trkpt lat="34.18405895121395587921142578125" lon="108.9314692653715610504150390625">
        <ele>432</ele>
        <time>2026-07-11T00:25:44.000Z</time>
        <extensions>
          <ns3:TrackPointExtension>
            <ns3:hr>138</ns3:hr>
            <ns3:cad>93</ns3:cad>
          </ns3:TrackPointExtension>
        </extensions>
      </trkpt>
      <trkpt lat="34.18406012468039989471435546875" lon="108.93149768002331256866455078125">
        <ele>432</ele>
        <time>2026-07-11T00:25:45.000Z</time>
        <extensions>
          <ns3:TrackPointExtension>
            <ns3:hr>139</ns3:hr>
            <ns3:cad>93</ns3:cad>
          </ns3:TrackPointExtension>
        </extensions>
      </trkpt>
      <trkpt lat="34.18405945412814617156982421875" lon="108.93152969889342784881591796875">
        <ele>432.20001220703125</ele>
        <time>2026-07-11T00:25:46.000Z</time>
        <extensions>
          <ns3:TrackPointExtension>
            <ns3:hr>139</ns3:hr>
            <ns3:cad>93</ns3:cad>
          </ns3:TrackPointExtension>
        </extensions>
      </trkpt>
      <trkpt lat="34.18406079523265361785888671875" lon="108.931559287011623382568359375">
        <ele>432</ele>
        <time>2026-07-11T00:25:47.000Z</time>
        <extensions>
          <ns3:TrackPointExtension>
            <ns3:hr>140</ns3:hr>
            <ns3:cad>93</ns3:cad>
          </ns3:TrackPointExtension>
        </extensions>
      </trkpt>
      <trkpt lat="34.18405895121395587921142578125" lon="108.93158979713916778564453125">
        <ele>432</ele>
        <time>2026-07-11T00:25:48.000Z</time>
        <extensions>
          <ns3:TrackPointExtension>
            <ns3:hr>140</ns3:hr>
            <ns3:cad>91</ns3:cad>
          </ns3:TrackPointExtension>
        </extensions>
      </trkpt>
      <trkpt lat="34.1840578615665435791015625" lon="108.93161930143833160400390625">
        <ele>432</ele>
        <time>2026-07-11T00:25:49.000Z</time>
        <extensions>
          <ns3:TrackPointExtension>
            <ns3:hr>140</ns3:hr>
            <ns3:cad>91</ns3:cad>
          </ns3:TrackPointExtension>
        </extensions>
      </trkpt>
      <trkpt lat="34.18405559845268726348876953125" lon="108.931651152670383453369140625">
        <ele>432</ele>
        <time>2026-07-11T00:25:50.000Z</time>
        <extensions>
          <ns3:TrackPointExtension>
            <ns3:hr>140</ns3:hr>
            <ns3:cad>90</ns3:cad>
          </ns3:TrackPointExtension>
        </extensions>
      </trkpt>
      <trkpt lat="34.1840590350329875946044921875" lon="108.9316816627979278564453125">
        <ele>432</ele>
        <time>2026-07-11T00:25:51.000Z</time>
        <extensions>
          <ns3:TrackPointExtension>
            <ns3:hr>140</ns3:hr>
            <ns3:cad>90</ns3:cad>
          </ns3:TrackPointExtension>
        </extensions>
      </trkpt>
      <trkpt lat="34.18405794538557529449462890625" lon="108.93171376548707485198974609375">
        <ele>432.20001220703125</ele>
        <time>2026-07-11T00:25:52.000Z</time>
        <extensions>
          <ns3:TrackPointExtension>
            <ns3:hr>140</ns3:hr>
            <ns3:cad>89</ns3:cad>
          </ns3:TrackPointExtension>
        </extensions>
      </trkpt>
      <trkpt lat="34.18406330980360507965087890625" lon="108.93173740245401859283447265625">
        <ele>432.20001220703125</ele>
        <time>2026-07-11T00:25:53.000Z</time>
        <extensions>
          <ns3:TrackPointExtension>
            <ns3:hr>141</ns3:hr>
            <ns3:cad>89</ns3:cad>
          </ns3:TrackPointExtension>
        </extensions>
      </trkpt>
      <trkpt lat="34.1840640641748905181884765625" lon="108.93177176825702190399169921875">
        <ele>432.20001220703125</ele>
        <time>2026-07-11T00:25:54.000Z</time>
        <extensions>
          <ns3:TrackPointExtension>
            <ns3:hr>141</ns3:hr>
            <ns3:cad>89</ns3:cad>
          </ns3:TrackPointExtension>
        </extensions>
      </trkpt>
      <trkpt lat="34.1840694285929203033447265625" lon="108.93179624341428279876708984375">
        <ele>432.20001220703125</ele>
        <time>2026-07-11T00:25:55.000Z</time>
        <extensions>
          <ns3:TrackPointExtension>
            <ns3:hr>141</ns3:hr>
            <ns3:cad>88</ns3:cad>
          </ns3:TrackPointExtension>
        </extensions>
      </trkpt>
      <trkpt lat="34.18406934477388858795166015625" lon="108.9318337105214595794677734375">
        <ele>432.20001220703125</ele>
        <time>2026-07-11T00:25:56.000Z</time>
        <extensions>
          <ns3:TrackPointExtension>
            <ns3:hr>141</ns3:hr>
            <ns3:cad>87</ns3:cad>
          </ns3:TrackPointExtension>
        </extensions>
      </trkpt>
      <trkpt lat="34.18407068587839603424072265625" lon="108.93186061643064022064208984375">
        <ele>432.20001220703125</ele>
        <time>2026-07-11T00:25:57.000Z</time>
        <extensions>
          <ns3:TrackPointExtension>
            <ns3:hr>140</ns3:hr>
            <ns3:cad>87</ns3:cad>
          </ns3:TrackPointExtension>
        </extensions>
      </trkpt>
      <trkpt lat="34.18407102115452289581298828125" lon="108.93188978545367717742919921875">
        <ele>432.20001220703125</ele>
        <time>2026-07-11T00:25:58.000Z</time>
        <extensions>
          <ns3:TrackPointExtension>
            <ns3:hr>141</ns3:hr>
            <ns3:cad>87</ns3:cad>
          </ns3:TrackPointExtension>
        </extensions>
      </trkpt>
      <trkpt lat="34.18407152406871318817138671875" lon="108.9319165237247943878173828125">
        <ele>432.20001220703125</ele>
        <time>2026-07-11T00:25:59.000Z</time>
        <extensions>
          <ns3:TrackPointExtension>
            <ns3:hr>140</ns3:hr>
            <ns3:cad>87</ns3:cad>
          </ns3:TrackPointExtension>
        </extensions>
      </trkpt>
      <trkpt lat="34.1840727813541889190673828125" lon="108.9319487102329730987548828125">
        <ele>432.20001220703125</ele>
        <time>2026-07-11T00:26:00.000Z</time>
        <extensions>
          <ns3:TrackPointExtension>
            <ns3:hr>140</ns3:hr>
            <ns3:cad>87</ns3:cad>
          </ns3:TrackPointExtension>
        </extensions>
      </trkpt>
      <trkpt lat="34.1840704344213008880615234375" lon="108.931976370513439178466796875">
        <ele>432.20001220703125</ele>
        <time>2026-07-11T00:26:01.000Z</time>
        <extensions>
          <ns3:TrackPointExtension>
            <ns3:hr>140</ns3:hr>
            <ns3:cad>87</ns3:cad>
          </ns3:TrackPointExtension>
        </extensions>
      </trkpt>
      <trkpt lat="34.18407303281128406524658203125" lon="108.93200294114649295806884765625">
        <ele>432</ele>
        <time>2026-07-11T00:26:02.000Z</time>
        <extensions>
          <ns3:TrackPointExtension>
            <ns3:hr>140</ns3:hr>
            <ns3:cad>88</ns3:cad>
          </ns3:TrackPointExtension>
        </extensions>
      </trkpt>
      <trkpt lat="34.18407060205936431884765625" lon="108.9320318587124347686767578125">
        <ele>432.20001220703125</ele>
        <time>2026-07-11T00:26:03.000Z</time>
        <extensions>
          <ns3:TrackPointExtension>
            <ns3:hr>140</ns3:hr>
            <ns3:cad>88</ns3:cad>
          </ns3:TrackPointExtension>
        </extensions>
      </trkpt>
      <trkpt lat="34.18407060205936431884765625" lon="108.93205809406936168670654296875">
        <ele>432.20001220703125</ele>
        <time>2026-07-11T00:26:04.000Z</time>
        <extensions>
          <ns3:TrackPointExtension>
            <ns3:hr>139</ns3:hr>
            <ns3:cad>87</ns3:cad>
          </ns3:TrackPointExtension>
        </extensions>
      </trkpt>
      <trkpt lat="34.1840690933167934417724609375" lon="108.93208843655884265899658203125">
        <ele>432.20001220703125</ele>
        <time>2026-07-11T00:26:05.000Z</time>
        <extensions>
          <ns3:TrackPointExtension>
            <ns3:hr>140</ns3:hr>
            <ns3:cad>87</ns3:cad>
          </ns3:TrackPointExtension>
        </extensions>
      </trkpt>
      <trkpt lat="34.1840700991451740264892578125" lon="108.9321129955351352691650390625">
        <ele>432.20001220703125</ele>
        <time>2026-07-11T00:26:06.000Z</time>
        <extensions>
          <ns3:TrackPointExtension>
            <ns3:hr>140</ns3:hr>
            <ns3:cad>87</ns3:cad>
          </ns3:TrackPointExtension>
        </extensions>
      </trkpt>
      <trkpt lat="34.1840680874884128570556640625" lon="108.93214392475783824920654296875">
        <ele>432.20001220703125</ele>
        <time>2026-07-11T00:26:07.000Z</time>
        <extensions>
          <ns3:TrackPointExtension>
            <ns3:hr>139</ns3:hr>
            <ns3:cad>88</ns3:cad>
          </ns3:TrackPointExtension>
        </extensions>
      </trkpt>
      <trkpt lat="34.18407060205936431884765625" lon="108.93216638825833797454833984375">
        <ele>432.20001220703125</ele>
        <time>2026-07-11T00:26:08.000Z</time>
        <extensions>
          <ns3:TrackPointExtension>
            <ns3:hr>140</ns3:hr>
            <ns3:cad>88</ns3:cad>
          </ns3:TrackPointExtension>
        </extensions>
      </trkpt>
      <trkpt lat="34.184070937335491180419921875" lon="108.9321944676339626312255859375">
        <ele>432.20001220703125</ele>
        <time>2026-07-11T00:26:09.000Z</time>
        <extensions>
          <ns3:TrackPointExtension>
            <ns3:hr>140</ns3:hr>
            <ns3:cad>88</ns3:cad>
          </ns3:TrackPointExtension>
        </extensions>
      </trkpt>
      <trkpt lat="34.184074960649013519287109375" lon="108.93221919424831867218017578125">
        <ele>432.20001220703125</ele>
        <time>2026-07-11T00:26:10.000Z</time>
        <extensions>
          <ns3:TrackPointExtension>
            <ns3:hr>139</ns3:hr>
            <ns3:cad>89</ns3:cad>
          </ns3:TrackPointExtension>
        </extensions>
      </trkpt>
      <trkpt lat="34.18407873250544071197509765625" lon="108.9322521351277828216552734375">
        <ele>432.20001220703125</ele>
        <time>2026-07-11T00:26:11.000Z</time>
        <extensions>
          <ns3:TrackPointExtension>
            <ns3:hr>140</ns3:hr>
            <ns3:cad>89</ns3:cad>
          </ns3:TrackPointExtension>
        </extensions>
      </trkpt>
      <trkpt lat="34.18408459983766078948974609375" lon="108.93227987922728061676025390625">
        <ele>432.20001220703125</ele>
        <time>2026-07-11T00:26:12.000Z</time>
        <extensions>
          <ns3:TrackPointExtension>
            <ns3:hr>140</ns3:hr>
            <ns3:cad>89</ns3:cad>
          </ns3:TrackPointExtension>
        </extensions>
      </trkpt>
      <trkpt lat="34.1840861923992633819580078125" lon="108.93231256864964962005615234375">
        <ele>432.20001220703125</ele>
        <time>2026-07-11T00:26:13.000Z</time>
        <extensions>
          <ns3:TrackPointExtension>
            <ns3:hr>139</ns3:hr>
            <ns3:cad>90</ns3:cad>
          </ns3:TrackPointExtension>
        </extensions>
      </trkpt>
      <trkpt lat="34.18409205973148345947265625" lon="108.9323369599878787994384765625">
        <ele>432.20001220703125</ele>
        <time>2026-07-11T00:26:14.000Z</time>
        <extensions>
          <ns3:TrackPointExtension>
            <ns3:hr>140</ns3:hr>
            <ns3:cad>89</ns3:cad>
          </ns3:TrackPointExtension>
        </extensions>
      </trkpt>
      <trkpt lat="34.1840905509889125823974609375" lon="108.93236822448670864105224609375">
        <ele>432.20001220703125</ele>
        <time>2026-07-11T00:26:15.000Z</time>
        <extensions>
          <ns3:TrackPointExtension>
            <ns3:hr>140</ns3:hr>
            <ns3:cad>89</ns3:cad>
          </ns3:TrackPointExtension>
        </extensions>
      </trkpt>
      <trkpt lat="34.1840965859591960906982421875" lon="108.93239672295749187469482421875">
        <ele>432.20001220703125</ele>
        <time>2026-07-11T00:26:16.000Z</time>
        <extensions>
          <ns3:TrackPointExtension>
            <ns3:hr>140</ns3:hr>
            <ns3:cad>89</ns3:cad>
          </ns3:TrackPointExtension>
        </extensions>
      </trkpt>
      <trkpt lat="34.1840959154069423675537109375" lon="108.93243142403662204742431640625">
        <ele>432.20001220703125</ele>
        <time>2026-07-11T00:26:17.000Z</time>
        <extensions>
          <ns3:TrackPointExtension>
            <ns3:hr>141</ns3:hr>
            <ns3:cad>90</ns3:cad>
          </ns3:TrackPointExtension>
        </extensions>
      </trkpt>
      <trkpt lat="34.1840996034443378448486328125" lon="108.932458497583866119384765625">
        <ele>432.20001220703125</ele>
        <time>2026-07-11T00:26:18.000Z</time>
        <extensions>
          <ns3:TrackPointExtension>
            <ns3:hr>141</ns3:hr>
            <ns3:cad>90</ns3:cad>
          </ns3:TrackPointExtension>
        </extensions>
      </trkpt>
      <trkpt lat="34.1841002739965915679931640625" lon="108.93249462358653545379638671875">
        <ele>432.399993896484375</ele>
        <time>2026-07-11T00:26:19.000Z</time>
        <extensions>
          <ns3:TrackPointExtension>
            <ns3:hr>141</ns3:hr>
            <ns3:cad>89</ns3:cad>
          </ns3:TrackPointExtension>
        </extensions>
      </trkpt>
      <trkpt lat="34.1841012798249721527099609375" lon="108.93252278678119182586669921875">
        <ele>432.399993896484375</ele>
        <time>2026-07-11T00:26:20.000Z</time>
        <extensions>
          <ns3:TrackPointExtension>
            <ns3:hr>142</ns3:hr>
            <ns3:cad>89</ns3:cad>
          </ns3:TrackPointExtension>
        </extensions>
      </trkpt>
      <trkpt lat="34.1841009445488452911376953125" lon="108.932556398212909698486328125">
        <ele>432.399993896484375</ele>
        <time>2026-07-11T00:26:21.000Z</time>
        <extensions>
          <ns3:TrackPointExtension>
            <ns3:hr>142</ns3:hr>
            <ns3:cad>88</ns3:cad>
          </ns3:TrackPointExtension>
        </extensions>
      </trkpt>
      <trkpt lat="34.18409985490143299102783203125" lon="108.9325830526649951934814453125">
        <ele>432.399993896484375</ele>
        <time>2026-07-11T00:26:22.000Z</time>
        <extensions>
          <ns3:TrackPointExtension>
            <ns3:hr>142</ns3:hr>
            <ns3:cad>88</ns3:cad>
          </ns3:TrackPointExtension>
        </extensions>
      </trkpt>
      <trkpt lat="34.18409432284533977508544921875" lon="108.93261683173477649688720703125">
        <ele>432.399993896484375</ele>
        <time>2026-07-11T00:26:23.000Z</time>
        <extensions>
          <ns3:TrackPointExtension>
            <ns3:hr>142</ns3:hr>
            <ns3:cad>89</ns3:cad>
          </ns3:TrackPointExtension>
        </extensions>
      </trkpt>
      <trkpt lat="34.18409180827438831329345703125" lon="108.93263895995914936065673828125">
        <ele>432.399993896484375</ele>
        <time>2026-07-11T00:26:24.000Z</time>
        <extensions>
          <ns3:TrackPointExtension>
            <ns3:hr>143</ns3:hr>
            <ns3:cad>89</ns3:cad>
          </ns3:TrackPointExtension>
        </extensions>
      </trkpt>
      <trkpt lat="34.18408275581896305084228515625" lon="108.9326682128012180328369140625">
        <ele>432.399993896484375</ele>
        <time>2026-07-11T00:26:25.000Z</time>
        <extensions>
          <ns3:TrackPointExtension>
            <ns3:hr>144</ns3:hr>
            <ns3:cad>89</ns3:cad>
          </ns3:TrackPointExtension>
        </extensions>
      </trkpt>
      <trkpt lat="34.1840861923992633819580078125" lon="108.93269428052008152008056640625">
        <ele>432.399993896484375</ele>
        <time>2026-07-11T00:26:26.000Z</time>
        <extensions>
          <ns3:TrackPointExtension>
            <ns3:hr>144</ns3:hr>
            <ns3:cad>88</ns3:cad>
          </ns3:TrackPointExtension>
        </extensions>
      </trkpt>
      <trkpt lat="34.18408946134150028228759765625" lon="108.93272210843861103057861328125">
        <ele>432.399993896484375</ele>
        <time>2026-07-11T00:26:27.000Z</time>
        <extensions>
          <ns3:TrackPointExtension>
            <ns3:hr>144</ns3:hr>
            <ns3:cad>88</ns3:cad>
          </ns3:TrackPointExtension>
        </extensions>
      </trkpt>
      <trkpt lat="34.18408946134150028228759765625" lon="108.932748176157474517822265625">
        <ele>432.399993896484375</ele>
        <time>2026-07-11T00:26:28.000Z</time>
        <extensions>
          <ns3:TrackPointExtension>
            <ns3:hr>145</ns3:hr>
            <ns3:cad>88</ns3:cad>
          </ns3:TrackPointExtension>
        </extensions>
      </trkpt>
      <trkpt lat="34.1840942390263080596923828125" lon="108.932773657143115997314453125">
        <ele>432.399993896484375</ele>
        <time>2026-07-11T00:26:29.000Z</time>
        <extensions>
          <ns3:TrackPointExtension>
            <ns3:hr>145</ns3:hr>
            <ns3:cad>88</ns3:cad>
          </ns3:TrackPointExtension>
        </extensions>
      </trkpt>
      <trkpt lat="34.18409298174083232879638671875" lon="108.93280324526131153106689453125">
        <ele>432.399993896484375</ele>
        <time>2026-07-11T00:26:30.000Z</time>
        <extensions>
          <ns3:TrackPointExtension>
            <ns3:hr>145</ns3:hr>
            <ns3:cad>88</ns3:cad>
          </ns3:TrackPointExtension>
        </extensions>
      </trkpt>
      <trkpt lat="34.18409734033048152923583984375" lon="108.93283174373209476470947265625">
        <ele>432.399993896484375</ele>
        <time>2026-07-11T00:26:31.000Z</time>
        <extensions>
          <ns3:TrackPointExtension>
            <ns3:hr>145</ns3:hr>
            <ns3:cad>88</ns3:cad>
          </ns3:TrackPointExtension>
        </extensions>
      </trkpt>
      <trkpt lat="34.18410136364400386810302734375" lon="108.93286074511706829071044921875">
        <ele>432.399993896484375</ele>
        <time>2026-07-11T00:26:32.000Z</time>
        <extensions>
          <ns3:TrackPointExtension>
            <ns3:hr>145</ns3:hr>
            <ns3:cad>88</ns3:cad>
          </ns3:TrackPointExtension>
        </extensions>
      </trkpt>
      <trkpt lat="34.18410236947238445281982421875" lon="108.932886980473995208740234375">
        <ele>432.399993896484375</ele>
        <time>2026-07-11T00:26:33.000Z</time>
        <extensions>
          <ns3:TrackPointExtension>
            <ns3:hr>145</ns3:hr>
            <ns3:cad>88</ns3:cad>
          </ns3:TrackPointExtension>
        </extensions>
      </trkpt>
      <trkpt lat="34.1841063089668750762939453125" lon="108.93292277120053768157958984375">
        <ele>432.600006103515625</ele>
        <time>2026-07-11T00:26:34.000Z</time>
        <extensions>
          <ns3:TrackPointExtension>
            <ns3:hr>145</ns3:hr>
            <ns3:cad>88</ns3:cad>
          </ns3:TrackPointExtension>
        </extensions>
      </trkpt>
      <trkpt lat="34.184115193784236907958984375" lon="108.9329505153000354766845703125">
        <ele>432.600006103515625</ele>
        <time>2026-07-11T00:26:35.000Z</time>
        <extensions>
          <ns3:TrackPointExtension>
            <ns3:hr>145</ns3:hr>
            <ns3:cad>88</ns3:cad>
          </ns3:TrackPointExtension>
        </extensions>
      </trkpt>
      <trkpt lat="34.18411896564066410064697265625" lon="108.93298965878784656524658203125">
        <ele>432.600006103515625</ele>
        <time>2026-07-11T00:26:36.000Z</time>
        <extensions>
          <ns3:TrackPointExtension>
            <ns3:hr>145</ns3:hr>
            <ns3:cad>88</ns3:cad>
          </ns3:TrackPointExtension>
        </extensions>
      </trkpt>
      <trkpt lat="34.184127934277057647705078125" lon="108.9330132119357585906982421875">
        <ele>432.600006103515625</ele>
        <time>2026-07-11T00:26:37.000Z</time>
        <extensions>
          <ns3:TrackPointExtension>
            <ns3:hr>145</ns3:hr>
            <ns3:cad>88</ns3:cad>
          </ns3:TrackPointExtension>
        </extensions>
      </trkpt>
      <trkpt lat="34.18412852101027965545654296875" lon="108.93305185250937938690185546875">
        <ele>432.600006103515625</ele>
        <time>2026-07-11T00:26:38.000Z</time>
        <extensions>
          <ns3:TrackPointExtension>
            <ns3:hr>145</ns3:hr>
            <ns3:cad>88</ns3:cad>
          </ns3:TrackPointExtension>
        </extensions>
      </trkpt>
      <trkpt lat="34.18412852101027965545654296875" lon="108.93307599239051342010498046875">
        <ele>432.600006103515625</ele>
        <time>2026-07-11T00:26:39.000Z</time>
        <extensions>
          <ns3:TrackPointExtension>
            <ns3:hr>145</ns3:hr>
            <ns3:cad>88</ns3:cad>
          </ns3:TrackPointExtension>
        </extensions>
      </trkpt>
      <trkpt lat="34.18411930091679096221923828125" lon="108.93311035819351673126220703125">
        <ele>432.79998779296875</ele>
        <time>2026-07-11T00:26:40.000Z</time>
        <extensions>
          <ns3:TrackPointExtension>
            <ns3:hr>144</ns3:hr>
            <ns3:cad>88</ns3:cad>
          </ns3:TrackPointExtension>
        </extensions>
      </trkpt>
      <trkpt lat="34.18411360122263431549072265625" lon="108.93313449807465076446533203125">
        <ele>432.79998779296875</ele>
        <time>2026-07-11T00:26:41.000Z</time>
        <extensions>
          <ns3:TrackPointExtension>
            <ns3:hr>144</ns3:hr>
            <ns3:cad>89</ns3:cad>
          </ns3:TrackPointExtension>
        </extensions>
      </trkpt>
      <trkpt lat="34.1841099970042705535888671875" lon="108.93316936679184436798095703125">
        <ele>432.79998779296875</ele>
        <time>2026-07-11T00:26:42.000Z</time>
        <extensions>
          <ns3:TrackPointExtension>
            <ns3:hr>144</ns3:hr>
            <ns3:cad>88</ns3:cad>
          </ns3:TrackPointExtension>
        </extensions>
      </trkpt>
      <trkpt lat="34.18410547077655792236328125" lon="108.93319300375878810882568359375">
        <ele>432.79998779296875</ele>
        <time>2026-07-11T00:26:43.000Z</time>
        <extensions>
          <ns3:TrackPointExtension>
            <ns3:hr>144</ns3:hr>
            <ns3:cad>88</ns3:cad>
          </ns3:TrackPointExtension>
        </extensions>
      </trkpt>
      <trkpt lat="34.1841039620339870452880859375" lon="108.93322049640119075775146484375">
        <ele>432.79998779296875</ele>
        <time>2026-07-11T00:26:44.000Z</time>
        <extensions>
          <ns3:TrackPointExtension>
            <ns3:hr>144</ns3:hr>
            <ns3:cad>88</ns3:cad>
          </ns3:TrackPointExtension>
        </extensions>
      </trkpt>
      <trkpt lat="34.18410278856754302978515625" lon="108.93324195407330989837646484375">
        <ele>432.79998779296875</ele>
        <time>2026-07-11T00:26:45.000Z</time>
        <extensions>
          <ns3:TrackPointExtension>
            <ns3:hr>145</ns3:hr>
            <ns3:cad>89</ns3:cad>
          </ns3:TrackPointExtension>
        </extensions>
      </trkpt>
      <trkpt lat="34.1841053031384944915771484375" lon="108.93327229656279087066650390625">
        <ele>433</ele>
        <time>2026-07-11T00:26:46.000Z</time>
        <extensions>
          <ns3:TrackPointExtension>
            <ns3:hr>145</ns3:hr>
            <ns3:cad>89</ns3:cad>
          </ns3:TrackPointExtension>
        </extensions>
      </trkpt>
      <trkpt lat="34.18411695398390293121337890625" lon="108.93329777754843235015869140625">
        <ele>433</ele>
        <time>2026-07-11T00:26:47.000Z</time>
        <extensions>
          <ns3:TrackPointExtension>
            <ns3:hr>145</ns3:hr>
            <ns3:cad>89</ns3:cad>
          </ns3:TrackPointExtension>
        </extensions>
      </trkpt>
      <trkpt lat="34.1841250844299793243408203125" lon="108.93333013169467449188232421875">
        <ele>433</ele>
        <time>2026-07-11T00:26:48.000Z</time>
        <extensions>
          <ns3:TrackPointExtension>
            <ns3:hr>145</ns3:hr>
            <ns3:cad>88</ns3:cad>
          </ns3:TrackPointExtension>
        </extensions>
      </trkpt>
      <trkpt lat="34.18412567116320133209228515625" lon="108.93335896544158458709716796875">
        <ele>433</ele>
        <time>2026-07-11T00:26:49.000Z</time>
        <extensions>
          <ns3:TrackPointExtension>
            <ns3:hr>145</ns3:hr>
            <ns3:cad>87</ns3:cad>
          </ns3:TrackPointExtension>
        </extensions>
      </trkpt>
      <trkpt lat="34.18412801809608936309814453125" lon="108.93338545225560665130615234375">
        <ele>433</ele>
        <time>2026-07-11T00:26:50.000Z</time>
        <extensions>
          <ns3:TrackPointExtension>
            <ns3:hr>145</ns3:hr>
            <ns3:cad>88</ns3:cad>
          </ns3:TrackPointExtension>
        </extensions>
      </trkpt>
      <trkpt lat="34.18412801809608936309814453125" lon="108.93341914750635623931884765625">
        <ele>433</ele>
        <time>2026-07-11T00:26:51.000Z</time>
        <extensions>
          <ns3:TrackPointExtension>
            <ns3:hr>145</ns3:hr>
            <ns3:cad>88</ns3:cad>
          </ns3:TrackPointExtension>
        </extensions>
      </trkpt>
      <trkpt lat="34.18412902392446994781494140625" lon="108.93344395793974399566650390625">
        <ele>433.20001220703125</ele>
        <time>2026-07-11T00:26:52.000Z</time>
        <extensions>
          <ns3:TrackPointExtension>
            <ns3:hr>145</ns3:hr>
            <ns3:cad>88</ns3:cad>
          </ns3:TrackPointExtension>
        </extensions>
      </trkpt>
      <trkpt lat="34.1841275990009307861328125" lon="108.93347564153373241424560546875">
        <ele>433.20001220703125</ele>
        <time>2026-07-11T00:26:53.000Z</time>
        <extensions>
          <ns3:TrackPointExtension>
            <ns3:hr>145</ns3:hr>
            <ns3:cad>89</ns3:cad>
          </ns3:TrackPointExtension>
        </extensions>
      </trkpt>
      <trkpt lat="34.18413204140961170196533203125" lon="108.93349684774875640869140625">
        <ele>433.20001220703125</ele>
        <time>2026-07-11T00:26:54.000Z</time>
        <extensions>
          <ns3:TrackPointExtension>
            <ns3:hr>145</ns3:hr>
            <ns3:cad>89</ns3:cad>
          </ns3:TrackPointExtension>
        </extensions>
      </trkpt>
      <trkpt lat="34.18412826955318450927734375" lon="108.93352844752371311187744140625">
        <ele>433.399993896484375</ele>
        <time>2026-07-11T00:26:55.000Z</time>
        <extensions>
          <ns3:TrackPointExtension>
            <ns3:hr>145</ns3:hr>
            <ns3:cad>89</ns3:cad>
          </ns3:TrackPointExtension>
        </extensions>
      </trkpt>
      <trkpt lat="34.1841294430196285247802734375" lon="108.93355208449065685272216796875">
        <ele>433.399993896484375</ele>
        <time>2026-07-11T00:26:56.000Z</time>
        <extensions>
          <ns3:TrackPointExtension>
            <ns3:hr>145</ns3:hr>
            <ns3:cad>88</ns3:cad>
          </ns3:TrackPointExtension>
        </extensions>
      </trkpt>
      <trkpt lat="34.18413036502897739410400390625" lon="108.93358259461820125579833984375">
        <ele>433.399993896484375</ele>
        <time>2026-07-11T00:26:57.000Z</time>
        <extensions>
          <ns3:TrackPointExtension>
            <ns3:hr>146</ns3:hr>
            <ns3:cad>88</ns3:cad>
          </ns3:TrackPointExtension>
        </extensions>
      </trkpt>
      <trkpt lat="34.184135310351848602294921875" lon="108.93361218273639678955078125">
        <ele>433.600006103515625</ele>
        <time>2026-07-11T00:26:58.000Z</time>
        <extensions>
          <ns3:TrackPointExtension>
            <ns3:hr>145</ns3:hr>
            <ns3:cad>88</ns3:cad>
          </ns3:TrackPointExtension>
        </extensions>
      </trkpt>
      <trkpt lat="34.1841378249228000640869140625" lon="108.93364277668297290802001953125">
        <ele>433.600006103515625</ele>
        <time>2026-07-11T00:26:59.000Z</time>
        <extensions>
          <ns3:TrackPointExtension>
            <ns3:hr>145</ns3:hr>
            <ns3:cad>88</ns3:cad>
          </ns3:TrackPointExtension>
        </extensions>
      </trkpt>
      <trkpt lat="34.18414327315986156463623046875" lon="108.93366314470767974853515625">
        <ele>433.600006103515625</ele>
        <time>2026-07-11T00:27:00.000Z</time>
        <extensions>
          <ns3:TrackPointExtension>
            <ns3:hr>145</ns3:hr>
            <ns3:cad>88</ns3:cad>
          </ns3:TrackPointExtension>
        </extensions>
      </trkpt>
      <trkpt lat="34.18414813466370105743408203125" lon="108.93368585966527462005615234375">
        <ele>433.600006103515625</ele>
        <time>2026-07-11T00:27:01.000Z</time>
        <extensions>
          <ns3:TrackPointExtension>
            <ns3:hr>145</ns3:hr>
            <ns3:cad>88</ns3:cad>
          </ns3:TrackPointExtension>
        </extensions>
      </trkpt>
      <trkpt lat="34.18414712883532047271728515625" lon="108.93371201120316982269287109375">
        <ele>433.600006103515625</ele>
        <time>2026-07-11T00:27:02.000Z</time>
        <extensions>
          <ns3:TrackPointExtension>
            <ns3:hr>145</ns3:hr>
            <ns3:cad>88</ns3:cad>
          </ns3:TrackPointExtension>
        </extensions>
      </trkpt>
      <trkpt lat="34.18415014632046222686767578125" lon="108.93374352715909481048583984375">
        <ele>433.600006103515625</ele>
        <time>2026-07-11T00:27:03.000Z</time>
        <extensions>
          <ns3:TrackPointExtension>
            <ns3:hr>145</ns3:hr>
            <ns3:cad>88</ns3:cad>
          </ns3:TrackPointExtension>
        </extensions>
      </trkpt>
      <trkpt lat="34.18415014632046222686767578125" lon="108.9337742887437343597412109375">
        <ele>433.79998779296875</ele>
        <time>2026-07-11T00:27:04.000Z</time>
        <extensions>
          <ns3:TrackPointExtension>
            <ns3:hr>146</ns3:hr>
            <ns3:cad>89</ns3:cad>
          </ns3:TrackPointExtension>
        </extensions>
      </trkpt>
      <trkpt lat="34.18415634892880916595458984375" lon="108.93380119465291500091552734375">
        <ele>433.79998779296875</ele>
        <time>2026-07-11T00:27:05.000Z</time>
        <extensions>
          <ns3:TrackPointExtension>
            <ns3:hr>146</ns3:hr>
            <ns3:cad>89</ns3:cad>
          </ns3:TrackPointExtension>
        </extensions>
      </trkpt>
      <trkpt lat="34.18415919877588748931884765625" lon="108.93383287824690341949462890625">
        <ele>433.79998779296875</ele>
        <time>2026-07-11T00:27:06.000Z</time>
        <extensions>
          <ns3:TrackPointExtension>
            <ns3:hr>146</ns3:hr>
            <ns3:cad>89</ns3:cad>
          </ns3:TrackPointExtension>
        </extensions>
      </trkpt>
      <trkpt lat="34.18415986932814121246337890625" lon="108.933842517435550689697265625">
        <ele>433.79998779296875</ele>
        <time>2026-07-11T00:27:07.000Z</time>
        <extensions>
          <ns3:TrackPointExtension>
            <ns3:hr>146</ns3:hr>
            <ns3:cad>88</ns3:cad>
          </ns3:TrackPointExtension>
        </extensions>
      </trkpt>
      <trkpt lat="34.184161461889743804931640625" lon="108.93383212387561798095703125">
        <ele>434</ele>
        <time>2026-07-11T00:27:08.000Z</time>
        <extensions>
          <ns3:TrackPointExtension>
            <ns3:hr>146</ns3:hr>
            <ns3:cad>86</ns3:cad>
          </ns3:TrackPointExtension>
        </extensions>
      </trkpt>
      <trkpt lat="34.18415970169007778167724609375" lon="108.9338074810802936553955078125">
        <ele>434</ele>
        <time>2026-07-11T00:27:09.000Z</time>
        <extensions>
          <ns3:TrackPointExtension>
            <ns3:hr>146</ns3:hr>
            <ns3:cad>86</ns3:cad>
          </ns3:TrackPointExtension>
        </extensions>
      </trkpt>
      <trkpt lat="34.18415668420493602752685546875" lon="108.93378426320850849151611328125">
        <ele>434</ele>
        <time>2026-07-11T00:27:10.000Z</time>
        <extensions>
          <ns3:TrackPointExtension>
            <ns3:hr>146</ns3:hr>
            <ns3:cad>86</ns3:cad>
          </ns3:TrackPointExtension>
        </extensions>
      </trkpt>
      <trkpt lat="34.18415199033915996551513671875" lon="108.933752663433551788330078125">
        <ele>434</ele>
        <time>2026-07-11T00:27:11.000Z</time>
        <extensions>
          <ns3:TrackPointExtension>
            <ns3:hr>146</ns3:hr>
            <ns3:cad>85</ns3:cad>
          </ns3:TrackPointExtension>
        </extensions>
      </trkpt>
      <trkpt lat="34.18414696119725704193115234375" lon="108.93372458405792713165283203125">
        <ele>434</ele>
        <time>2026-07-11T00:27:12.000Z</time>
        <extensions>
          <ns3:TrackPointExtension>
            <ns3:hr>146</ns3:hr>
            <ns3:cad>82</ns3:cad>
          </ns3:TrackPointExtension>
        </extensions>
      </trkpt>
      <trkpt lat="34.18414109386503696441650390625" lon="108.9337015338242053985595703125">
        <ele>434</ele>
        <time>2026-07-11T00:27:13.000Z</time>
        <extensions>
          <ns3:TrackPointExtension>
            <ns3:hr>146</ns3:hr>
            <ns3:cad>82</ns3:cad>
          </ns3:TrackPointExtension>
        </extensions>
      </trkpt>
      <trkpt lat="34.18414033949375152587890625" lon="108.93367479555308818817138671875">
        <ele>434</ele>
        <time>2026-07-11T00:27:14.000Z</time>
        <extensions>
          <ns3:TrackPointExtension>
            <ns3:hr>147</ns3:hr>
            <ns3:cad>82</ns3:cad>
          </ns3:TrackPointExtension>
        </extensions>
      </trkpt>
      <trkpt lat="34.1841374896466732025146484375" lon="108.9336452074348926544189453125">
        <ele>433.79998779296875</ele>
        <time>2026-07-11T00:27:15.000Z</time>
        <extensions>
          <ns3:TrackPointExtension>
            <ns3:hr>146</ns3:hr>
            <ns3:cad>87</ns3:cad>
          </ns3:TrackPointExtension>
        </extensions>
      </trkpt>
      <trkpt lat="34.18413371779024600982666015625" lon="108.93361578695476055145263671875">
        <ele>433.79998779296875</ele>
        <time>2026-07-11T00:27:16.000Z</time>
        <extensions>
          <ns3:TrackPointExtension>
            <ns3:hr>146</ns3:hr>
            <ns3:cad>87</ns3:cad>
          </ns3:TrackPointExtension>
        </extensions>
      </trkpt>
      <trkpt lat="34.18412961065769195556640625" lon="108.93358494155108928680419921875">
        <ele>433.79998779296875</ele>
        <time>2026-07-11T00:27:17.000Z</time>
        <extensions>
          <ns3:TrackPointExtension>
            <ns3:hr>147</ns3:hr>
            <ns3:cad>87</ns3:cad>
          </ns3:TrackPointExtension>
        </extensions>
      </trkpt>
      <trkpt lat="34.18412734754383563995361328125" lon="108.933555521070957183837890625">
        <ele>433.600006103515625</ele>
        <time>2026-07-11T00:27:18.000Z</time>
        <extensions>
          <ns3:TrackPointExtension>
            <ns3:hr>146</ns3:hr>
            <ns3:cad>87</ns3:cad>
          </ns3:TrackPointExtension>
        </extensions>
      </trkpt>
      <trkpt lat="34.1841244138777256011962890625" lon="108.9335248433053493499755859375">
        <ele>433.600006103515625</ele>
        <time>2026-07-11T00:27:19.000Z</time>
        <extensions>
          <ns3:TrackPointExtension>
            <ns3:hr>146</ns3:hr>
            <ns3:cad>87</ns3:cad>
          </ns3:TrackPointExtension>
        </extensions>
      </trkpt>
      <trkpt lat="34.18412852101027965545654296875" lon="108.93349207006394863128662109375">
        <ele>433.399993896484375</ele>
        <time>2026-07-11T00:27:20.000Z</time>
        <extensions>
          <ns3:TrackPointExtension>
            <ns3:hr>147</ns3:hr>
            <ns3:cad>87</ns3:cad>
          </ns3:TrackPointExtension>
        </extensions>
      </trkpt>
      <trkpt lat="34.18412600643932819366455078125" lon="108.9334701932966709136962890625">
        <ele>433.399993896484375</ele>
        <time>2026-07-11T00:27:21.000Z</time>
        <extensions>
          <ns3:TrackPointExtension>
            <ns3:hr>146</ns3:hr>
            <ns3:cad>87</ns3:cad>
          </ns3:TrackPointExtension>
        </extensions>
      </trkpt>
      <trkpt lat="34.1841307841241359710693359375" lon="108.933440856635570526123046875">
        <ele>433.20001220703125</ele>
        <time>2026-07-11T00:27:22.000Z</time>
        <extensions>
          <ns3:TrackPointExtension>
            <ns3:hr>146</ns3:hr>
            <ns3:cad>87</ns3:cad>
          </ns3:TrackPointExtension>
        </extensions>
      </trkpt>
      <trkpt lat="34.184129275381565093994140625" lon="108.9334111846983432769775390625">
        <ele>433.20001220703125</ele>
        <time>2026-07-11T00:27:23.000Z</time>
        <extensions>
          <ns3:TrackPointExtension>
            <ns3:hr>146</ns3:hr>
            <ns3:cad>88</ns3:cad>
          </ns3:TrackPointExtension>
        </extensions>
      </trkpt>
      <trkpt lat="34.18413137085735797882080078125" lon="108.93337891437113285064697265625">
        <ele>433.20001220703125</ele>
        <time>2026-07-11T00:27:24.000Z</time>
        <extensions>
          <ns3:TrackPointExtension>
            <ns3:hr>146</ns3:hr>
            <ns3:cad>88</ns3:cad>
          </ns3:TrackPointExtension>
        </extensions>
      </trkpt>
      <trkpt lat="34.184132628142833709716796875" lon="108.93335410393774509429931640625">
        <ele>433.20001220703125</ele>
        <time>2026-07-11T00:27:25.000Z</time>
        <extensions>
          <ns3:TrackPointExtension>
            <ns3:hr>146</ns3:hr>
            <ns3:cad>88</ns3:cad>
          </ns3:TrackPointExtension>
        </extensions>
      </trkpt>
      <trkpt lat="34.1841294430196285247802734375" lon="108.9333246834576129913330078125">
        <ele>433.20001220703125</ele>
        <time>2026-07-11T00:27:26.000Z</time>
        <extensions>
          <ns3:TrackPointExtension>
            <ns3:hr>146</ns3:hr>
            <ns3:cad>88</ns3:cad>
          </ns3:TrackPointExtension>
        </extensions>
      </trkpt>
      <trkpt lat="34.18413187377154827117919921875" lon="108.933298699557781219482421875">
        <ele>433.20001220703125</ele>
        <time>2026-07-11T00:27:27.000Z</time>
        <extensions>
          <ns3:TrackPointExtension>
            <ns3:hr>145</ns3:hr>
            <ns3:cad>88</ns3:cad>
          </ns3:TrackPointExtension>
        </extensions>
      </trkpt>
      <trkpt lat="34.18413237668573856353759765625" lon="108.93327129073441028594970703125">
        <ele>433.20001220703125</ele>
        <time>2026-07-11T00:27:28.000Z</time>
        <extensions>
          <ns3:TrackPointExtension>
            <ns3:hr>145</ns3:hr>
            <ns3:cad>89</ns3:cad>
          </ns3:TrackPointExtension>
        </extensions>
      </trkpt>
      <trkpt lat="34.1841324605047702789306640625" lon="108.933249078691005706787109375">
        <ele>433.20001220703125</ele>
        <time>2026-07-11T00:27:29.000Z</time>
        <extensions>
          <ns3:TrackPointExtension>
            <ns3:hr>145</ns3:hr>
            <ns3:cad>89</ns3:cad>
          </ns3:TrackPointExtension>
        </extensions>
      </trkpt>
      <trkpt lat="34.18413505889475345611572265625" lon="108.93322099931538105010986328125">
        <ele>433.20001220703125</ele>
        <time>2026-07-11T00:27:30.000Z</time>
        <extensions>
          <ns3:TrackPointExtension>
            <ns3:hr>145</ns3:hr>
            <ns3:cad>89</ns3:cad>
          </ns3:TrackPointExtension>
        </extensions>
      </trkpt>
      <trkpt lat="34.1841321252286434173583984375" lon="108.93319853581488132476806640625">
        <ele>433.20001220703125</ele>
        <time>2026-07-11T00:27:31.000Z</time>
        <extensions>
          <ns3:TrackPointExtension>
            <ns3:hr>144</ns3:hr>
            <ns3:cad>89</ns3:cad>
          </ns3:TrackPointExtension>
        </extensions>
      </trkpt>
      <trkpt lat="34.18413556180894374847412109375" lon="108.93316559493541717529296875">
        <ele>433.20001220703125</ele>
        <time>2026-07-11T00:27:32.000Z</time>
        <extensions>
          <ns3:TrackPointExtension>
            <ns3:hr>144</ns3:hr>
            <ns3:cad>89</ns3:cad>
          </ns3:TrackPointExtension>
        </extensions>
      </trkpt>
      <trkpt lat="34.18413522653281688690185546875" lon="108.93313718028366565704345703125">
        <ele>433</ele>
        <time>2026-07-11T00:27:33.000Z</time>
        <extensions>
          <ns3:TrackPointExtension>
            <ns3:hr>144</ns3:hr>
            <ns3:cad>89</ns3:cad>
          </ns3:TrackPointExtension>
        </extensions>
      </trkpt>
      <trkpt lat="34.1841378249228000640869140625" lon="108.933103568851947784423828125">
        <ele>433</ele>
        <time>2026-07-11T00:27:34.000Z</time>
        <extensions>
          <ns3:TrackPointExtension>
            <ns3:hr>143</ns3:hr>
            <ns3:cad>89</ns3:cad>
          </ns3:TrackPointExtension>
        </extensions>
      </trkpt>
      <trkpt lat="34.1841334663331508636474609375" lon="108.93307347781956195831298828125">
        <ele>433</ele>
        <time>2026-07-11T00:27:35.000Z</time>
        <extensions>
          <ns3:TrackPointExtension>
            <ns3:hr>143</ns3:hr>
            <ns3:cad>89</ns3:cad>
          </ns3:TrackPointExtension>
        </extensions>
      </trkpt>
      <trkpt lat="34.1841195523738861083984375" lon="108.93303626216948032379150390625">
        <ele>432.79998779296875</ele>
        <time>2026-07-11T00:27:36.000Z</time>
        <extensions>
          <ns3:TrackPointExtension>
            <ns3:hr>144</ns3:hr>
            <ns3:cad>88</ns3:cad>
          </ns3:TrackPointExtension>
        </extensions>
      </trkpt>
      <trkpt lat="34.18410873971879482269287109375" lon="108.93300910480320453643798828125">
        <ele>432.79998779296875</ele>
        <time>2026-07-11T00:27:37.000Z</time>
        <extensions>
          <ns3:TrackPointExtension>
            <ns3:hr>144</ns3:hr>
            <ns3:cad>88</ns3:cad>
          </ns3:TrackPointExtension>
        </extensions>
      </trkpt>
      <trkpt lat="34.18409901671111583709716796875" lon="108.93297918140888214111328125">
        <ele>432.79998779296875</ele>
        <time>2026-07-11T00:27:38.000Z</time>
        <extensions>
          <ns3:TrackPointExtension>
            <ns3:hr>144</ns3:hr>
            <ns3:cad>87</ns3:cad>
          </ns3:TrackPointExtension>
        </extensions>
      </trkpt>
      <trkpt lat="34.184097759425640106201171875" lon="108.9329449832439422607421875">
        <ele>432.79998779296875</ele>
        <time>2026-07-11T00:27:39.000Z</time>
        <extensions>
          <ns3:TrackPointExtension>
            <ns3:hr>143</ns3:hr>
            <ns3:cad>88</ns3:cad>
          </ns3:TrackPointExtension>
        </extensions>
      </trkpt>
      <trkpt lat="34.18409432284533977508544921875" lon="108.9329127967357635498046875">
        <ele>432.79998779296875</ele>
        <time>2026-07-11T00:27:40.000Z</time>
        <extensions>
          <ns3:TrackPointExtension>
            <ns3:hr>144</ns3:hr>
            <ns3:cad>88</ns3:cad>
          </ns3:TrackPointExtension>
        </extensions>
      </trkpt>
      <trkpt lat="34.18409482575953006744384765625" lon="108.93288270570337772369384765625">
        <ele>432.79998779296875</ele>
        <time>2026-07-11T00:27:41.000Z</time>
        <extensions>
          <ns3:TrackPointExtension>
            <ns3:hr>144</ns3:hr>
            <ns3:cad>88</ns3:cad>
          </ns3:TrackPointExtension>
        </extensions>
      </trkpt>
      <trkpt lat="34.1840925626456737518310546875" lon="108.93285043537616729736328125">
        <ele>432.79998779296875</ele>
        <time>2026-07-11T00:27:42.000Z</time>
        <extensions>
          <ns3:TrackPointExtension>
            <ns3:hr>143</ns3:hr>
            <ns3:cad>87</ns3:cad>
          </ns3:TrackPointExtension>
        </extensions>
      </trkpt>
      <trkpt lat="34.18409180827438831329345703125" lon="108.9328157342970371246337890625">
        <ele>432.79998779296875</ele>
        <time>2026-07-11T00:27:43.000Z</time>
        <extensions>
          <ns3:TrackPointExtension>
            <ns3:hr>143</ns3:hr>
            <ns3:cad>87</ns3:cad>
          </ns3:TrackPointExtension>
        </extensions>
      </trkpt>
      <trkpt lat="34.18409164063632488250732421875" lon="108.93278916366398334503173828125">
        <ele>432.79998779296875</ele>
        <time>2026-07-11T00:27:44.000Z</time>
        <extensions>
          <ns3:TrackPointExtension>
            <ns3:hr>143</ns3:hr>
            <ns3:cad>87</ns3:cad>
          </ns3:TrackPointExtension>
        </extensions>
      </trkpt>
      <trkpt lat="34.18409247882664203643798828125" lon="108.9327604137361049652099609375">
        <ele>432.600006103515625</ele>
        <time>2026-07-11T00:27:45.000Z</time>
        <extensions>
          <ns3:TrackPointExtension>
            <ns3:hr>144</ns3:hr>
            <ns3:cad>87</ns3:cad>
          </ns3:TrackPointExtension>
        </extensions>
      </trkpt>
      <trkpt lat="34.18409164063632488250732421875" lon="108.93273183144629001617431640625">
        <ele>432.600006103515625</ele>
        <time>2026-07-11T00:27:46.000Z</time>
        <extensions>
          <ns3:TrackPointExtension>
            <ns3:hr>144</ns3:hr>
            <ns3:cad>88</ns3:cad>
          </ns3:TrackPointExtension>
        </extensions>
      </trkpt>
      <trkpt lat="34.18409029953181743621826171875" lon="108.93269889056682586669921875">
        <ele>432.600006103515625</ele>
        <time>2026-07-11T00:27:47.000Z</time>
        <extensions>
          <ns3:TrackPointExtension>
            <ns3:hr>144</ns3:hr>
            <ns3:cad>88</ns3:cad>
          </ns3:TrackPointExtension>
        </extensions>
      </trkpt>
      <trkpt lat="34.184090383350849151611328125" lon="108.932671062648296356201171875">
        <ele>432.600006103515625</ele>
        <time>2026-07-11T00:27:48.000Z</time>
        <extensions>
          <ns3:TrackPointExtension>
            <ns3:hr>144</ns3:hr>
            <ns3:cad>88</ns3:cad>
          </ns3:TrackPointExtension>
        </extensions>
      </trkpt>
      <trkpt lat="34.184090383350849151611328125" lon="108.9326370321214199066162109375">
        <ele>432.600006103515625</ele>
        <time>2026-07-11T00:27:49.000Z</time>
        <extensions>
          <ns3:TrackPointExtension>
            <ns3:hr>144</ns3:hr>
            <ns3:cad>89</ns3:cad>
          </ns3:TrackPointExtension>
        </extensions>
      </trkpt>
      <trkpt lat="34.18408912606537342071533203125" lon="108.93261247314512729644775390625">
        <ele>432.600006103515625</ele>
        <time>2026-07-11T00:27:50.000Z</time>
        <extensions>
          <ns3:TrackPointExtension>
            <ns3:hr>144</ns3:hr>
            <ns3:cad>90</ns3:cad>
          </ns3:TrackPointExtension>
        </extensions>
      </trkpt>
      <trkpt lat="34.184087701141834259033203125" lon="108.93258095718920230865478515625">
        <ele>432.600006103515625</ele>
        <time>2026-07-11T00:27:51.000Z</time>
        <extensions>
          <ns3:TrackPointExtension>
            <ns3:hr>144</ns3:hr>
            <ns3:cad>90</ns3:cad>
          </ns3:TrackPointExtension>
        </extensions>
      </trkpt>
      <trkpt lat="34.1840861923992633819580078125" lon="108.93255514092743396759033203125">
        <ele>432.600006103515625</ele>
        <time>2026-07-11T00:27:52.000Z</time>
        <extensions>
          <ns3:TrackPointExtension>
            <ns3:hr>144</ns3:hr>
            <ns3:cad>90</ns3:cad>
          </ns3:TrackPointExtension>
        </extensions>
      </trkpt>
      <trkpt lat="34.18408242054283618927001953125" lon="108.932525217533111572265625">
        <ele>432.600006103515625</ele>
        <time>2026-07-11T00:27:53.000Z</time>
        <extensions>
          <ns3:TrackPointExtension>
            <ns3:hr>144</ns3:hr>
            <ns3:cad>89</ns3:cad>
          </ns3:TrackPointExtension>
        </extensions>
      </trkpt>
      <trkpt lat="34.18408309109508991241455078125" lon="108.9325002394616603851318359375">
        <ele>432.399993896484375</ele>
        <time>2026-07-11T00:27:54.000Z</time>
        <extensions>
          <ns3:TrackPointExtension>
            <ns3:hr>144</ns3:hr>
            <ns3:cad>89</ns3:cad>
          </ns3:TrackPointExtension>
        </extensions>
      </trkpt>
      <trkpt lat="34.18407638557255268096923828125" lon="108.9324717409908771514892578125">
        <ele>432.399993896484375</ele>
        <time>2026-07-11T00:27:55.000Z</time>
        <extensions>
          <ns3:TrackPointExtension>
            <ns3:hr>143</ns3:hr>
            <ns3:cad>89</ns3:cad>
          </ns3:TrackPointExtension>
        </extensions>
      </trkpt>
      <trkpt lat="34.1840704344213008880615234375" lon="108.93244433216750621795654296875">
        <ele>432.399993896484375</ele>
        <time>2026-07-11T00:27:56.000Z</time>
        <extensions>
          <ns3:TrackPointExtension>
            <ns3:hr>144</ns3:hr>
            <ns3:cad>89</ns3:cad>
          </ns3:TrackPointExtension>
        </extensions>
      </trkpt>
      <trkpt lat="34.1840677522122859954833984375" lon="108.9324150793254375457763671875">
        <ele>432.399993896484375</ele>
        <time>2026-07-11T00:27:57.000Z</time>
        <extensions>
          <ns3:TrackPointExtension>
            <ns3:hr>144</ns3:hr>
            <ns3:cad>89</ns3:cad>
          </ns3:TrackPointExtension>
        </extensions>
      </trkpt>
      <trkpt lat="34.18406666256487369537353515625" lon="108.93238968215882778167724609375">
        <ele>432.20001220703125</ele>
        <time>2026-07-11T00:27:58.000Z</time>
        <extensions>
          <ns3:TrackPointExtension>
            <ns3:hr>144</ns3:hr>
            <ns3:cad>88</ns3:cad>
          </ns3:TrackPointExtension>
        </extensions>
      </trkpt>
      <trkpt lat="34.184064902365207672119140625" lon="108.93235632218420505523681640625">
        <ele>432.20001220703125</ele>
        <time>2026-07-11T00:27:59.000Z</time>
        <extensions>
          <ns3:TrackPointExtension>
            <ns3:hr>144</ns3:hr>
            <ns3:cad>87</ns3:cad>
          </ns3:TrackPointExtension>
        </extensions>
      </trkpt>
      <trkpt lat="34.18405945412814617156982421875" lon="108.9323322661221027374267578125">
        <ele>432.20001220703125</ele>
        <time>2026-07-11T00:28:00.000Z</time>
        <extensions>
          <ns3:TrackPointExtension>
            <ns3:hr>144</ns3:hr>
            <ns3:cad>87</ns3:cad>
          </ns3:TrackPointExtension>
        </extensions>
      </trkpt>
      <trkpt lat="34.18405853211879730224609375" lon="108.93230368383228778839111328125">
        <ele>432.20001220703125</ele>
        <time>2026-07-11T00:28:01.000Z</time>
        <extensions>
          <ns3:TrackPointExtension>
            <ns3:hr>144</ns3:hr>
            <ns3:cad>87</ns3:cad>
          </ns3:TrackPointExtension>
        </extensions>
      </trkpt>
      <trkpt lat="34.18405358679592609405517578125" lon="108.93227719701826572418212890625">
        <ele>432.20001220703125</ele>
        <time>2026-07-11T00:28:02.000Z</time>
        <extensions>
          <ns3:TrackPointExtension>
            <ns3:hr>144</ns3:hr>
            <ns3:cad>89</ns3:cad>
          </ns3:TrackPointExtension>
        </extensions>
      </trkpt>
      <trkpt lat="34.184054844081401824951171875" lon="108.9322461001574993133544921875">
        <ele>432.20001220703125</ele>
        <time>2026-07-11T00:28:03.000Z</time>
        <extensions>
          <ns3:TrackPointExtension>
            <ns3:hr>144</ns3:hr>
            <ns3:cad>89</ns3:cad>
          </ns3:TrackPointExtension>
        </extensions>
      </trkpt>
      <trkpt lat="34.184053838253021240234375" lon="108.93221885897219181060791015625">
        <ele>432.20001220703125</ele>
        <time>2026-07-11T00:28:04.000Z</time>
        <extensions>
          <ns3:TrackPointExtension>
            <ns3:hr>144</ns3:hr>
            <ns3:cad>89</ns3:cad>
          </ns3:TrackPointExtension>
        </extensions>
      </trkpt>
      <trkpt lat="34.18405115604400634765625" lon="108.93219287507236003875732421875">
        <ele>432.20001220703125</ele>
        <time>2026-07-11T00:28:05.000Z</time>
        <extensions>
          <ns3:TrackPointExtension>
            <ns3:hr>145</ns3:hr>
            <ns3:cad>90</ns3:cad>
          </ns3:TrackPointExtension>
        </extensions>
      </trkpt>
      <trkpt lat="34.18405341915786266326904296875" lon="108.932166807353496551513671875">
        <ele>432.20001220703125</ele>
        <time>2026-07-11T00:28:06.000Z</time>
        <extensions>
          <ns3:TrackPointExtension>
            <ns3:hr>145</ns3:hr>
            <ns3:cad>90</ns3:cad>
          </ns3:TrackPointExtension>
        </extensions>
      </trkpt>
      <trkpt lat="34.18405459262430667877197265625" lon="108.932138644158840179443359375">
        <ele>432.20001220703125</ele>
        <time>2026-07-11T00:28:07.000Z</time>
        <extensions>
          <ns3:TrackPointExtension>
            <ns3:hr>145</ns3:hr>
            <ns3:cad>90</ns3:cad>
          </ns3:TrackPointExtension>
        </extensions>
      </trkpt>
      <trkpt lat="34.1840546764433383941650390625" lon="108.93211685121059417724609375">
        <ele>432.20001220703125</ele>
        <time>2026-07-11T00:28:08.000Z</time>
        <extensions>
          <ns3:TrackPointExtension>
            <ns3:hr>145</ns3:hr>
            <ns3:cad>89</ns3:cad>
          </ns3:TrackPointExtension>
        </extensions>
      </trkpt>
      <trkpt lat="34.1840519942343235015869140625" lon="108.93209011293947696685791015625">
        <ele>432.20001220703125</ele>
        <time>2026-07-11T00:28:09.000Z</time>
        <extensions>
          <ns3:TrackPointExtension>
            <ns3:hr>145</ns3:hr>
            <ns3:cad>88</ns3:cad>
          </ns3:TrackPointExtension>
        </extensions>
      </trkpt>
      <trkpt lat="34.1840536706149578094482421875" lon="108.93206144683063030242919921875">
        <ele>432.20001220703125</ele>
        <time>2026-07-11T00:28:10.000Z</time>
        <extensions>
          <ns3:TrackPointExtension>
            <ns3:hr>146</ns3:hr>
            <ns3:cad>88</ns3:cad>
          </ns3:TrackPointExtension>
        </extensions>
      </trkpt>
      <trkpt lat="34.18405459262430667877197265625" lon="108.93203730694949626922607421875">
        <ele>432.20001220703125</ele>
        <time>2026-07-11T00:28:11.000Z</time>
        <extensions>
          <ns3:TrackPointExtension>
            <ns3:hr>145</ns3:hr>
            <ns3:cad>88</ns3:cad>
          </ns3:TrackPointExtension>
        </extensions>
      </trkpt>
      <trkpt lat="34.1840546764433383941650390625" lon="108.93200729973614215850830078125">
        <ele>432.20001220703125</ele>
        <time>2026-07-11T00:28:12.000Z</time>
        <extensions>
          <ns3:TrackPointExtension>
            <ns3:hr>145</ns3:hr>
            <ns3:cad>89</ns3:cad>
          </ns3:TrackPointExtension>
        </extensions>
      </trkpt>
      <trkpt lat="34.1840516589581966400146484375" lon="108.931979052722454071044921875">
        <ele>432.20001220703125</ele>
        <time>2026-07-11T00:28:13.000Z</time>
        <extensions>
          <ns3:TrackPointExtension>
            <ns3:hr>145</ns3:hr>
            <ns3:cad>88</ns3:cad>
          </ns3:TrackPointExtension>
        </extensions>
      </trkpt>
      <trkpt lat="34.18405224569141864776611328125" lon="108.931948877871036529541015625">
        <ele>432.20001220703125</ele>
        <time>2026-07-11T00:28:14.000Z</time>
        <extensions>
          <ns3:TrackPointExtension>
            <ns3:hr>145</ns3:hr>
            <ns3:cad>88</ns3:cad>
          </ns3:TrackPointExtension>
        </extensions>
      </trkpt>
      <trkpt lat="34.18405191041529178619384765625" lon="108.93192381598055362701416015625">
        <ele>432.20001220703125</ele>
        <time>2026-07-11T00:28:15.000Z</time>
        <extensions>
          <ns3:TrackPointExtension>
            <ns3:hr>145</ns3:hr>
            <ns3:cad>88</ns3:cad>
          </ns3:TrackPointExtension>
        </extensions>
      </trkpt>
      <trkpt lat="34.184052832424640655517578125" lon="108.9318917132914066314697265625">
        <ele>432.20001220703125</ele>
        <time>2026-07-11T00:28:16.000Z</time>
        <extensions>
          <ns3:TrackPointExtension>
            <ns3:hr>145</ns3:hr>
            <ns3:cad>88</ns3:cad>
          </ns3:TrackPointExtension>
        </extensions>
      </trkpt>
      <trkpt lat="34.18405182659626007080078125" lon="108.9318682439625263214111328125">
        <ele>432.20001220703125</ele>
        <time>2026-07-11T00:28:17.000Z</time>
        <extensions>
          <ns3:TrackPointExtension>
            <ns3:hr>144</ns3:hr>
            <ns3:cad>88</ns3:cad>
          </ns3:TrackPointExtension>
        </extensions>
      </trkpt>
      <trkpt lat="34.1840526647865772247314453125" lon="108.93183144740760326385498046875">
        <ele>432.20001220703125</ele>
        <time>2026-07-11T00:28:18.000Z</time>
        <extensions>
          <ns3:TrackPointExtension>
            <ns3:hr>144</ns3:hr>
            <ns3:cad>88</ns3:cad>
          </ns3:TrackPointExtension>
        </extensions>
      </trkpt>
      <trkpt lat="34.18404788710176944732666015625" lon="108.93180043436586856842041015625">
        <ele>432.20001220703125</ele>
        <time>2026-07-11T00:28:19.000Z</time>
        <extensions>
          <ns3:TrackPointExtension>
            <ns3:hr>143</ns3:hr>
            <ns3:cad>88</ns3:cad>
          </ns3:TrackPointExtension>
        </extensions>
      </trkpt>
      <trkpt lat="34.184048473834991455078125" lon="108.93176388926804065704345703125">
        <ele>432.20001220703125</ele>
        <time>2026-07-11T00:28:20.000Z</time>
        <extensions>
          <ns3:TrackPointExtension>
            <ns3:hr>143</ns3:hr>
            <ns3:cad>88</ns3:cad>
          </ns3:TrackPointExtension>
        </extensions>
      </trkpt>
      <trkpt lat="34.18404486961662769317626953125" lon="108.9317406713962554931640625">
        <ele>432.20001220703125</ele>
        <time>2026-07-11T00:28:21.000Z</time>
        <extensions>
          <ns3:TrackPointExtension>
            <ns3:hr>142</ns3:hr>
            <ns3:cad>88</ns3:cad>
          </ns3:TrackPointExtension>
        </extensions>
      </trkpt>
      <trkpt lat="34.18404118157923221588134765625" lon="108.93171376548707485198974609375">
        <ele>432.20001220703125</ele>
        <time>2026-07-11T00:28:22.000Z</time>
        <extensions>
          <ns3:TrackPointExtension>
            <ns3:hr>142</ns3:hr>
            <ns3:cad>88</ns3:cad>
          </ns3:TrackPointExtension>
        </extensions>
      </trkpt>
      <trkpt lat="34.184036068618297576904296875" lon="108.9316922239959239959716796875">
        <ele>432.20001220703125</ele>
        <time>2026-07-11T00:28:23.000Z</time>
        <extensions>
          <ns3:TrackPointExtension>
            <ns3:hr>142</ns3:hr>
            <ns3:cad>88</ns3:cad>
          </ns3:TrackPointExtension>
        </extensions>
      </trkpt>
      <trkpt lat="34.1840342245995998382568359375" lon="108.9316657371819019317626953125">
        <ele>432.20001220703125</ele>
        <time>2026-07-11T00:28:24.000Z</time>
        <extensions>
          <ns3:TrackPointExtension>
            <ns3:hr>142</ns3:hr>
            <ns3:cad>89</ns3:cad>
          </ns3:TrackPointExtension>
        </extensions>
      </trkpt>
      <trkpt lat="34.184035398066043853759765625" lon="108.93163933418691158294677734375">
        <ele>432.20001220703125</ele>
        <time>2026-07-11T00:28:25.000Z</time>
        <extensions>
          <ns3:TrackPointExtension>
            <ns3:hr>142</ns3:hr>
            <ns3:cad>88</ns3:cad>
          </ns3:TrackPointExtension>
        </extensions>
      </trkpt>
      <trkpt lat="34.18403665535151958465576171875" lon="108.9316047169268131256103515625">
        <ele>432.20001220703125</ele>
        <time>2026-07-11T00:28:26.000Z</time>
        <extensions>
          <ns3:TrackPointExtension>
            <ns3:hr>142</ns3:hr>
            <ns3:cad>88</ns3:cad>
          </ns3:TrackPointExtension>
        </extensions>
      </trkpt>
      <trkpt lat="34.1840362362563610076904296875" lon="108.93158133141696453094482421875">
        <ele>432.20001220703125</ele>
        <time>2026-07-11T00:28:27.000Z</time>
        <extensions>
          <ns3:TrackPointExtension>
            <ns3:hr>142</ns3:hr>
            <ns3:cad>88</ns3:cad>
          </ns3:TrackPointExtension>
        </extensions>
      </trkpt>
      <trkpt lat="34.18403598479926586151123046875" lon="108.93155090510845184326171875">
        <ele>432.20001220703125</ele>
        <time>2026-07-11T00:28:28.000Z</time>
        <extensions>
          <ns3:TrackPointExtension>
            <ns3:hr>141</ns3:hr>
            <ns3:cad>89</ns3:cad>
          </ns3:TrackPointExtension>
        </extensions>
      </trkpt>
      <trkpt lat="34.18403866700828075408935546875" lon="108.93152416683733463287353515625">
        <ele>432</ele>
        <time>2026-07-11T00:28:29.000Z</time>
        <extensions>
          <ns3:TrackPointExtension>
            <ns3:hr>141</ns3:hr>
            <ns3:cad>89</ns3:cad>
          </ns3:TrackPointExtension>
        </extensions>
      </trkpt>
      <trkpt lat="34.1840372420847415924072265625" lon="108.9314927347004413604736328125">
        <ele>432</ele>
        <time>2026-07-11T00:28:30.000Z</time>
        <extensions>
          <ns3:TrackPointExtension>
            <ns3:hr>141</ns3:hr>
            <ns3:cad>89</ns3:cad>
          </ns3:TrackPointExtension>
        </extensions>
      </trkpt>
      <trkpt lat="34.18403397314250469207763671875" lon="108.93146314658224582672119140625">
        <ele>432</ele>
        <time>2026-07-11T00:28:31.000Z</time>
        <extensions>
          <ns3:TrackPointExtension>
            <ns3:hr>141</ns3:hr>
            <ns3:cad>89</ns3:cad>
          </ns3:TrackPointExtension>
        </extensions>
      </trkpt>
      <trkpt lat="34.1840338893234729766845703125" lon="108.9314367435872554779052734375">
        <ele>432</ele>
        <time>2026-07-11T00:28:32.000Z</time>
        <extensions>
          <ns3:TrackPointExtension>
            <ns3:hr>141</ns3:hr>
            <ns3:cad>89</ns3:cad>
          </ns3:TrackPointExtension>
        </extensions>
      </trkpt>
      <trkpt lat="34.1840362362563610076904296875" lon="108.9314058981835842132568359375">
        <ele>432</ele>
        <time>2026-07-11T00:28:33.000Z</time>
        <extensions>
          <ns3:TrackPointExtension>
            <ns3:hr>141</ns3:hr>
            <ns3:cad>89</ns3:cad>
          </ns3:TrackPointExtension>
        </extensions>
      </trkpt>
      <trkpt lat="34.18403279967606067657470703125" lon="108.93137915991246700286865234375">
        <ele>432</ele>
        <time>2026-07-11T00:28:34.000Z</time>
        <extensions>
          <ns3:TrackPointExtension>
            <ns3:hr>141</ns3:hr>
            <ns3:cad>89</ns3:cad>
          </ns3:TrackPointExtension>
        </extensions>
      </trkpt>
      <trkpt lat="34.18403447605669498443603515625" lon="108.9313428662717342376708984375">
        <ele>432</ele>
        <time>2026-07-11T00:28:35.000Z</time>
        <extensions>
          <ns3:TrackPointExtension>
            <ns3:hr>141</ns3:hr>
            <ns3:cad>89</ns3:cad>
          </ns3:TrackPointExtension>
        </extensions>
      </trkpt>
      <trkpt lat="34.184032045304775238037109375" lon="108.93131193704903125762939453125">
        <ele>432.20001220703125</ele>
        <time>2026-07-11T00:28:36.000Z</time>
        <extensions>
          <ns3:TrackPointExtension>
            <ns3:hr>141</ns3:hr>
            <ns3:cad>88</ns3:cad>
          </ns3:TrackPointExtension>
        </extensions>
      </trkpt>
      <trkpt lat="34.184027016162872314453125" lon="108.93128176219761371612548828125">
        <ele>432</ele>
        <time>2026-07-11T00:28:37.000Z</time>
        <extensions>
          <ns3:TrackPointExtension>
            <ns3:hr>141</ns3:hr>
            <ns3:cad>88</ns3:cad>
          </ns3:TrackPointExtension>
        </extensions>
      </trkpt>
      <trkpt lat="34.18402391485869884490966796875" lon="108.93125628121197223663330078125">
        <ele>432</ele>
        <time>2026-07-11T00:28:38.000Z</time>
        <extensions>
          <ns3:TrackPointExtension>
            <ns3:hr>141</ns3:hr>
            <ns3:cad>88</ns3:cad>
          </ns3:TrackPointExtension>
        </extensions>
      </trkpt>
      <trkpt lat="34.1840255074203014373779296875" lon="108.93122677691280841827392578125">
        <ele>432</ele>
        <time>2026-07-11T00:28:39.000Z</time>
        <extensions>
          <ns3:TrackPointExtension>
            <ns3:hr>141</ns3:hr>
            <ns3:cad>88</ns3:cad>
          </ns3:TrackPointExtension>
        </extensions>
      </trkpt>
      <trkpt lat="34.18402492068707942962646484375" lon="108.9312000386416912078857421875">
        <ele>432</ele>
        <time>2026-07-11T00:28:40.000Z</time>
        <extensions>
          <ns3:TrackPointExtension>
            <ns3:hr>141</ns3:hr>
            <ns3:cad>88</ns3:cad>
          </ns3:TrackPointExtension>
        </extensions>
      </trkpt>
      <trkpt lat="34.18402525596320629119873046875" lon="108.9311668463051319122314453125">
        <ele>432</ele>
        <time>2026-07-11T00:28:41.000Z</time>
        <extensions>
          <ns3:TrackPointExtension>
            <ns3:hr>141</ns3:hr>
            <ns3:cad>87</ns3:cad>
          </ns3:TrackPointExtension>
        </extensions>
      </trkpt>
      <trkpt lat="34.18402659706771373748779296875" lon="108.9311343245208263397216796875">
        <ele>432.20001220703125</ele>
        <time>2026-07-11T00:28:42.000Z</time>
        <extensions>
          <ns3:TrackPointExtension>
            <ns3:hr>141</ns3:hr>
            <ns3:cad>87</ns3:cad>
          </ns3:TrackPointExtension>
        </extensions>
      </trkpt>
      <trkpt lat="34.184022657573223114013671875" lon="108.9311023056507110595703125">
        <ele>432.20001220703125</ele>
        <time>2026-07-11T00:28:43.000Z</time>
        <extensions>
          <ns3:TrackPointExtension>
            <ns3:hr>141</ns3:hr>
            <ns3:cad>87</ns3:cad>
          </ns3:TrackPointExtension>
        </extensions>
      </trkpt>
      <trkpt lat="34.18401829898357391357421875" lon="108.93107322044670581817626953125">
        <ele>432.399993896484375</ele>
        <time>2026-07-11T00:28:44.000Z</time>
        <extensions>
          <ns3:TrackPointExtension>
            <ns3:hr>141</ns3:hr>
            <ns3:cad>89</ns3:cad>
          </ns3:TrackPointExtension>
        </extensions>
      </trkpt>
      <trkpt lat="34.18400748632848262786865234375" lon="108.9310424588620662689208984375">
        <ele>432.399993896484375</ele>
        <time>2026-07-11T00:28:45.000Z</time>
        <extensions>
          <ns3:TrackPointExtension>
            <ns3:hr>141</ns3:hr>
            <ns3:cad>89</ns3:cad>
          </ns3:TrackPointExtension>
        </extensions>
      </trkpt>
      <trkpt lat="34.18399876914918422698974609375" lon="108.93101823516190052032470703125">
        <ele>432.399993896484375</ele>
        <time>2026-07-11T00:28:46.000Z</time>
        <extensions>
          <ns3:TrackPointExtension>
            <ns3:hr>142</ns3:hr>
            <ns3:cad>88</ns3:cad>
          </ns3:TrackPointExtension>
        </extensions>
      </trkpt>
      <trkpt lat="34.18398451991379261016845703125" lon="108.9309945143759250640869140625">
        <ele>432.20001220703125</ele>
        <time>2026-07-11T00:28:47.000Z</time>
        <extensions>
          <ns3:TrackPointExtension>
            <ns3:hr>141</ns3:hr>
            <ns3:cad>87</ns3:cad>
          </ns3:TrackPointExtension>
        </extensions>
      </trkpt>
      <trkpt lat="34.1839688457548618316650390625" lon="108.9309713803231716156005859375">
        <ele>432.20001220703125</ele>
        <time>2026-07-11T00:28:48.000Z</time>
        <extensions>
          <ns3:TrackPointExtension>
            <ns3:hr>141</ns3:hr>
            <ns3:cad>87</ns3:cad>
          </ns3:TrackPointExtension>
        </extensions>
      </trkpt>
      <trkpt lat="34.18395384214818477630615234375" lon="108.93095352686941623687744140625">
        <ele>432.20001220703125</ele>
        <time>2026-07-11T00:28:49.000Z</time>
        <extensions>
          <ns3:TrackPointExtension>
            <ns3:hr>142</ns3:hr>
            <ns3:cad>87</ns3:cad>
          </ns3:TrackPointExtension>
        </extensions>
      </trkpt>
      <trkpt lat="34.18393355794250965118408203125" lon="108.93092888407409191131591796875">
        <ele>432.20001220703125</ele>
        <time>2026-07-11T00:28:50.000Z</time>
        <extensions>
          <ns3:TrackPointExtension>
            <ns3:hr>142</ns3:hr>
            <ns3:cad>87</ns3:cad>
          </ns3:TrackPointExtension>
        </extensions>
      </trkpt>
      <trkpt lat="34.1839162074029445648193359375" lon="108.93091815523803234100341796875">
        <ele>432.20001220703125</ele>
        <time>2026-07-11T00:28:51.000Z</time>
        <extensions>
          <ns3:TrackPointExtension>
            <ns3:hr>142</ns3:hr>
            <ns3:cad>88</ns3:cad>
          </ns3:TrackPointExtension>
        </extensions>
      </trkpt>
      <trkpt lat="34.18388930149376392364501953125" lon="108.93090583384037017822265625">
        <ele>432.20001220703125</ele>
        <time>2026-07-11T00:28:52.000Z</time>
        <extensions>
          <ns3:TrackPointExtension>
            <ns3:hr>142</ns3:hr>
            <ns3:cad>88</ns3:cad>
          </ns3:TrackPointExtension>
        </extensions>
      </trkpt>
      <trkpt lat="34.1838702745735645294189453125" lon="108.93090608529746532440185546875">
        <ele>432.20001220703125</ele>
        <time>2026-07-11T00:28:53.000Z</time>
        <extensions>
          <ns3:TrackPointExtension>
            <ns3:hr>143</ns3:hr>
            <ns3:cad>88</ns3:cad>
          </ns3:TrackPointExtension>
        </extensions>
      </trkpt>
      <trkpt lat="34.18384529650211334228515625" lon="108.9309053309261798858642578125">
        <ele>432.20001220703125</ele>
        <time>2026-07-11T00:28:54.000Z</time>
        <extensions>
          <ns3:TrackPointExtension>
            <ns3:hr>143</ns3:hr>
            <ns3:cad>87</ns3:cad>
          </ns3:TrackPointExtension>
        </extensions>
      </trkpt>
      <trkpt lat="34.1838283650577068328857421875" lon="108.93091446720063686370849609375">
        <ele>432.20001220703125</ele>
        <time>2026-07-11T00:28:55.000Z</time>
        <extensions>
          <ns3:TrackPointExtension>
            <ns3:hr>143</ns3:hr>
            <ns3:cad>88</ns3:cad>
          </ns3:TrackPointExtension>
        </extensions>
      </trkpt>
      <trkpt lat="34.1838075779378414154052734375" lon="108.93092167563736438751220703125">
        <ele>432.20001220703125</ele>
        <time>2026-07-11T00:28:56.000Z</time>
        <extensions>
          <ns3:TrackPointExtension>
            <ns3:hr>144</ns3:hr>
            <ns3:cad>88</ns3:cad>
          </ns3:TrackPointExtension>
        </extensions>
      </trkpt>
      <trkpt lat="34.18379031121730804443359375" lon="108.9309264533221721649169921875">
        <ele>432.20001220703125</ele>
        <time>2026-07-11T00:28:57.000Z</time>
        <extensions>
          <ns3:TrackPointExtension>
            <ns3:hr>144</ns3:hr>
            <ns3:cad>88</ns3:cad>
          </ns3:TrackPointExtension>
        </extensions>
      </trkpt>
      <trkpt lat="34.18376617133617401123046875" lon="108.93092620186507701873779296875">
        <ele>432.20001220703125</ele>
        <time>2026-07-11T00:28:58.000Z</time>
        <extensions>
          <ns3:TrackPointExtension>
            <ns3:hr>144</ns3:hr>
            <ns3:cad>88</ns3:cad>
          </ns3:TrackPointExtension>
        </extensions>
      </trkpt>
      <trkpt lat="34.18374873697757720947265625" lon="108.93092771060764789581298828125">
        <ele>432.20001220703125</ele>
        <time>2026-07-11T00:28:59.000Z</time>
        <extensions>
          <ns3:TrackPointExtension>
            <ns3:hr>144</ns3:hr>
            <ns3:cad>87</ns3:cad>
          </ns3:TrackPointExtension>
        </extensions>
      </trkpt>
      <trkpt lat="34.18372887186706066131591796875" lon="108.93093106336891651153564453125">
        <ele>432.20001220703125</ele>
        <time>2026-07-11T00:29:00.000Z</time>
        <extensions>
          <ns3:TrackPointExtension>
            <ns3:hr>144</ns3:hr>
            <ns3:cad>88</ns3:cad>
          </ns3:TrackPointExtension>
        </extensions>
      </trkpt>
      <trkpt lat="34.18370825238525867462158203125" lon="108.9309288002550601959228515625">
        <ele>432.20001220703125</ele>
        <time>2026-07-11T00:29:01.000Z</time>
        <extensions>
          <ns3:TrackPointExtension>
            <ns3:hr>144</ns3:hr>
            <ns3:cad>88</ns3:cad>
          </ns3:TrackPointExtension>
        </extensions>
      </trkpt>
      <trkpt lat="34.1836850345134735107421875" lon="108.93093156628310680389404296875">
        <ele>432.20001220703125</ele>
        <time>2026-07-11T00:29:02.000Z</time>
        <extensions>
          <ns3:TrackPointExtension>
            <ns3:hr>144</ns3:hr>
            <ns3:cad>88</ns3:cad>
          </ns3:TrackPointExtension>
        </extensions>
      </trkpt>
      <trkpt lat="34.18366567231714725494384765625" lon="108.93093072809278964996337890625">
        <ele>432.20001220703125</ele>
        <time>2026-07-11T00:29:03.000Z</time>
        <extensions>
          <ns3:TrackPointExtension>
            <ns3:hr>144</ns3:hr>
            <ns3:cad>87</ns3:cad>
          </ns3:TrackPointExtension>
        </extensions>
      </trkpt>
      <trkpt lat="34.183646142482757568359375" lon="108.93092955462634563446044921875">
        <ele>432.20001220703125</ele>
        <time>2026-07-11T00:29:04.000Z</time>
        <extensions>
          <ns3:TrackPointExtension>
            <ns3:hr>144</ns3:hr>
            <ns3:cad>87</ns3:cad>
          </ns3:TrackPointExtension>
        </extensions>
      </trkpt>
      <trkpt lat="34.18362535536289215087890625" lon="108.930923938751220703125">
        <ele>432.20001220703125</ele>
        <time>2026-07-11T00:29:05.000Z</time>
        <extensions>
          <ns3:TrackPointExtension>
            <ns3:hr>144</ns3:hr>
            <ns3:cad>87</ns3:cad>
          </ns3:TrackPointExtension>
        </extensions>
      </trkpt>
      <trkpt lat="34.18360716663300991058349609375" lon="108.930922932922840118408203125">
        <ele>432.20001220703125</ele>
        <time>2026-07-11T00:29:06.000Z</time>
        <extensions>
          <ns3:TrackPointExtension>
            <ns3:hr>144</ns3:hr>
            <ns3:cad>87</ns3:cad>
          </ns3:TrackPointExtension>
        </extensions>
      </trkpt>
      <trkpt lat="34.1835777461528778076171875" lon="108.93092586658895015716552734375">
        <ele>432.20001220703125</ele>
        <time>2026-07-11T00:29:07.000Z</time>
        <extensions>
          <ns3:TrackPointExtension>
            <ns3:hr>144</ns3:hr>
            <ns3:cad>87</ns3:cad>
          </ns3:TrackPointExtension>
        </extensions>
      </trkpt>
      <trkpt lat="34.18355838395655155181884765625" lon="108.9309261180460453033447265625">
        <ele>432.20001220703125</ele>
        <time>2026-07-11T00:29:08.000Z</time>
        <extensions>
          <ns3:TrackPointExtension>
            <ns3:hr>144</ns3:hr>
            <ns3:cad>87</ns3:cad>
          </ns3:TrackPointExtension>
        </extensions>
      </trkpt>
      <trkpt lat="34.18353374116122722625732421875" lon="108.930928297340869903564453125">
        <ele>432.20001220703125</ele>
        <time>2026-07-11T00:29:09.000Z</time>
        <extensions>
          <ns3:TrackPointExtension>
            <ns3:hr>144</ns3:hr>
            <ns3:cad>88</ns3:cad>
          </ns3:TrackPointExtension>
        </extensions>
      </trkpt>
      <trkpt lat="34.1835128702223300933837890625" lon="108.93092402257025241851806640625">
        <ele>432.20001220703125</ele>
        <time>2026-07-11T00:29:10.000Z</time>
        <extensions>
          <ns3:TrackPointExtension>
            <ns3:hr>144</ns3:hr>
            <ns3:cad>88</ns3:cad>
          </ns3:TrackPointExtension>
        </extensions>
      </trkpt>
      <trkpt lat="34.18348931707441806793212890625" lon="108.9309194125235080718994140625">
        <ele>432.20001220703125</ele>
        <time>2026-07-11T00:29:11.000Z</time>
        <extensions>
          <ns3:TrackPointExtension>
            <ns3:hr>144</ns3:hr>
            <ns3:cad>89</ns3:cad>
          </ns3:TrackPointExtension>
        </extensions>
      </trkpt>
      <trkpt lat="34.18346802704036235809326171875" lon="108.930918239057064056396484375">
        <ele>432.20001220703125</ele>
        <time>2026-07-11T00:29:12.000Z</time>
        <extensions>
          <ns3:TrackPointExtension>
            <ns3:hr>144</ns3:hr>
            <ns3:cad>89</ns3:cad>
          </ns3:TrackPointExtension>
        </extensions>
      </trkpt>
      <trkpt lat="34.1834478266537189483642578125" lon="108.93091924488544464111328125">
        <ele>432.20001220703125</ele>
        <time>2026-07-11T00:29:13.000Z</time>
        <extensions>
          <ns3:TrackPointExtension>
            <ns3:hr>144</ns3:hr>
            <ns3:cad>89</ns3:cad>
          </ns3:TrackPointExtension>
        </extensions>
      </trkpt>
      <trkpt lat="34.1834248602390289306640625" lon="108.9309163950383663177490234375">
        <ele>432.20001220703125</ele>
        <time>2026-07-11T00:29:14.000Z</time>
        <extensions>
          <ns3:TrackPointExtension>
            <ns3:hr>144</ns3:hr>
            <ns3:cad>87</ns3:cad>
          </ns3:TrackPointExtension>
        </extensions>
      </trkpt>
      <trkpt lat="34.18340273201465606689453125" lon="108.93092083744704723358154296875">
        <ele>432.20001220703125</ele>
        <time>2026-07-11T00:29:15.000Z</time>
        <extensions>
          <ns3:TrackPointExtension>
            <ns3:hr>144</ns3:hr>
            <ns3:cad>87</ns3:cad>
          </ns3:TrackPointExtension>
        </extensions>
      </trkpt>
      <trkpt lat="34.18338018469512462615966796875" lon="108.93092083744704723358154296875">
        <ele>432.399993896484375</ele>
        <time>2026-07-11T00:29:16.000Z</time>
        <extensions>
          <ns3:TrackPointExtension>
            <ns3:hr>143</ns3:hr>
            <ns3:cad>87</ns3:cad>
          </ns3:TrackPointExtension>
        </extensions>
      </trkpt>
      <trkpt lat="34.18336191214621067047119140625" lon="108.9309234358370304107666015625">
        <ele>432.399993896484375</ele>
        <time>2026-07-11T00:29:17.000Z</time>
        <extensions>
          <ns3:TrackPointExtension>
            <ns3:hr>143</ns3:hr>
            <ns3:cad>87</ns3:cad>
          </ns3:TrackPointExtension>
        </extensions>
      </trkpt>
      <trkpt lat="34.1833408735692501068115234375" lon="108.93092553131282329559326171875">
        <ele>432.399993896484375</ele>
        <time>2026-07-11T00:29:18.000Z</time>
        <extensions>
          <ns3:TrackPointExtension>
            <ns3:hr>142</ns3:hr>
            <ns3:cad>88</ns3:cad>
          </ns3:TrackPointExtension>
        </extensions>
      </trkpt>
      <trkpt lat="34.18332402594387531280517578125" lon="108.93093240447342395782470703125">
        <ele>432.399993896484375</ele>
        <time>2026-07-11T00:29:19.000Z</time>
        <extensions>
          <ns3:TrackPointExtension>
            <ns3:hr>142</ns3:hr>
            <ns3:cad>87</ns3:cad>
          </ns3:TrackPointExtension>
        </extensions>
      </trkpt>
      <trkpt lat="34.18329888023436069488525390625" lon="108.93093357793986797332763671875">
        <ele>432.399993896484375</ele>
        <time>2026-07-11T00:29:20.000Z</time>
        <extensions>
          <ns3:TrackPointExtension>
            <ns3:hr>142</ns3:hr>
            <ns3:cad>87</ns3:cad>
          </ns3:TrackPointExtension>
        </extensions>
      </trkpt>
      <trkpt lat="34.18327658437192440032958984375" lon="108.93093240447342395782470703125">
        <ele>432.399993896484375</ele>
        <time>2026-07-11T00:29:21.000Z</time>
        <extensions>
          <ns3:TrackPointExtension>
            <ns3:hr>142</ns3:hr>
            <ns3:cad>87</ns3:cad>
          </ns3:TrackPointExtension>
        </extensions>
      </trkpt>
      <trkpt lat="34.183251857757568359375" lon="108.93093223683536052703857421875">
        <ele>432.399993896484375</ele>
        <time>2026-07-11T00:29:22.000Z</time>
        <extensions>
          <ns3:TrackPointExtension>
            <ns3:hr>141</ns3:hr>
            <ns3:cad>88</ns3:cad>
          </ns3:TrackPointExtension>
        </extensions>
      </trkpt>
      <trkpt lat="34.18323040008544921875" lon="108.93093039281666278839111328125">
        <ele>432.399993896484375</ele>
        <time>2026-07-11T00:29:23.000Z</time>
        <extensions>
          <ns3:TrackPointExtension>
            <ns3:hr>141</ns3:hr>
            <ns3:cad>88</ns3:cad>
          </ns3:TrackPointExtension>
        </extensions>
      </trkpt>
      <trkpt lat="34.183208942413330078125" lon="108.93093056045472621917724609375">
        <ele>432.399993896484375</ele>
        <time>2026-07-11T00:29:24.000Z</time>
        <extensions>
          <ns3:TrackPointExtension>
            <ns3:hr>141</ns3:hr>
            <ns3:cad>88</ns3:cad>
          </ns3:TrackPointExtension>
        </extensions>
      </trkpt>
      <trkpt lat="34.18318589217960834503173828125" lon="108.93092519603669643402099609375">
        <ele>432.600006103515625</ele>
        <time>2026-07-11T00:29:25.000Z</time>
        <extensions>
          <ns3:TrackPointExtension>
            <ns3:hr>141</ns3:hr>
            <ns3:cad>88</ns3:cad>
          </ns3:TrackPointExtension>
        </extensions>
      </trkpt>
      <trkpt lat="34.1831638477742671966552734375" lon="108.93092586658895015716552734375">
        <ele>432.600006103515625</ele>
        <time>2026-07-11T00:29:26.000Z</time>
        <extensions>
          <ns3:TrackPointExtension>
            <ns3:hr>141</ns3:hr>
            <ns3:cad>87</ns3:cad>
          </ns3:TrackPointExtension>
        </extensions>
      </trkpt>
      <trkpt lat="34.1831366904079914093017578125" lon="108.9309199154376983642578125">
        <ele>432.600006103515625</ele>
        <time>2026-07-11T00:29:27.000Z</time>
        <extensions>
          <ns3:TrackPointExtension>
            <ns3:hr>141</ns3:hr>
            <ns3:cad>87</ns3:cad>
          </ns3:TrackPointExtension>
        </extensions>
      </trkpt>
      <trkpt lat="34.18311380781233310699462890625" lon="108.9309220947325229644775390625">
        <ele>432.600006103515625</ele>
        <time>2026-07-11T00:29:28.000Z</time>
        <extensions>
          <ns3:TrackPointExtension>
            <ns3:hr>141</ns3:hr>
            <ns3:cad>87</ns3:cad>
          </ns3:TrackPointExtension>
        </extensions>
      </trkpt>
      <trkpt lat="34.18308648280799388885498046875" lon="108.930919580161571502685546875">
        <ele>432.600006103515625</ele>
        <time>2026-07-11T00:29:29.000Z</time>
        <extensions>
          <ns3:TrackPointExtension>
            <ns3:hr>141</ns3:hr>
            <ns3:cad>88</ns3:cad>
          </ns3:TrackPointExtension>
        </extensions>
      </trkpt>
      <trkpt lat="34.1830646060407161712646484375" lon="108.9309214241802692413330078125">
        <ele>432.600006103515625</ele>
        <time>2026-07-11T00:29:30.000Z</time>
        <extensions>
          <ns3:TrackPointExtension>
            <ns3:hr>141</ns3:hr>
            <ns3:cad>87</ns3:cad>
          </ns3:TrackPointExtension>
        </extensions>
      </trkpt>
      <trkpt lat="34.18303803540766239166259765625" lon="108.93091748468577861785888671875">
        <ele>432.79998779296875</ele>
        <time>2026-07-11T00:29:31.000Z</time>
        <extensions>
          <ns3:TrackPointExtension>
            <ns3:hr>141</ns3:hr>
            <ns3:cad>87</ns3:cad>
          </ns3:TrackPointExtension>
        </extensions>
      </trkpt>
      <trkpt lat="34.1830173321068286895751953125" lon="108.93092100508511066436767578125">
        <ele>432.79998779296875</ele>
        <time>2026-07-11T00:29:32.000Z</time>
        <extensions>
          <ns3:TrackPointExtension>
            <ns3:hr>142</ns3:hr>
            <ns3:cad>87</ns3:cad>
          </ns3:TrackPointExtension>
        </extensions>
      </trkpt>
      <trkpt lat="34.18299545533955097198486328125" lon="108.9309217594563961029052734375">
        <ele>432.79998779296875</ele>
        <time>2026-07-11T00:29:33.000Z</time>
        <extensions>
          <ns3:TrackPointExtension>
            <ns3:hr>142</ns3:hr>
            <ns3:cad>89</ns3:cad>
          </ns3:TrackPointExtension>
        </extensions>
      </trkpt>
      <trkpt lat="34.182978607714176177978515625" lon="108.930922262370586395263671875">
        <ele>432.79998779296875</ele>
        <time>2026-07-11T00:29:34.000Z</time>
        <extensions>
          <ns3:TrackPointExtension>
            <ns3:hr>142</ns3:hr>
            <ns3:cad>89</ns3:cad>
          </ns3:TrackPointExtension>
        </extensions>
      </trkpt>
      <trkpt lat="34.1829573176801204681396484375" lon="108.93091966398060321807861328125">
        <ele>433</ele>
        <time>2026-07-11T00:29:35.000Z</time>
        <extensions>
          <ns3:TrackPointExtension>
            <ns3:hr>143</ns3:hr>
            <ns3:cad>89</ns3:cad>
          </ns3:TrackPointExtension>
        </extensions>
      </trkpt>
      <trkpt lat="34.18294181115925312042236328125" lon="108.93091781996190547943115234375">
        <ele>433</ele>
        <time>2026-07-11T00:29:36.000Z</time>
        <extensions>
          <ns3:TrackPointExtension>
            <ns3:hr>143</ns3:hr>
            <ns3:cad>87</ns3:cad>
          </ns3:TrackPointExtension>
        </extensions>
      </trkpt>
      <trkpt lat="34.1829214431345462799072265625" lon="108.930914886295795440673828125">
        <ele>433</ele>
        <time>2026-07-11T00:29:37.000Z</time>
        <extensions>
          <ns3:TrackPointExtension>
            <ns3:hr>143</ns3:hr>
            <ns3:cad>87</ns3:cad>
          </ns3:TrackPointExtension>
        </extensions>
      </trkpt>
      <trkpt lat="34.18290157802402973175048828125" lon="108.930916227400302886962890625">
        <ele>433</ele>
        <time>2026-07-11T00:29:38.000Z</time>
        <extensions>
          <ns3:TrackPointExtension>
            <ns3:hr>143</ns3:hr>
            <ns3:cad>88</ns3:cad>
          </ns3:TrackPointExtension>
        </extensions>
      </trkpt>
      <trkpt lat="34.1828758455812931060791015625" lon="108.9309170655906200408935546875">
        <ele>433</ele>
        <time>2026-07-11T00:29:39.000Z</time>
        <extensions>
          <ns3:TrackPointExtension>
            <ns3:hr>143</ns3:hr>
            <ns3:cad>88</ns3:cad>
          </ns3:TrackPointExtension>
        </extensions>
      </trkpt>
      <trkpt lat="34.18285019695758819580078125" lon="108.93091849051415920257568359375">
        <ele>433</ele>
        <time>2026-07-11T00:29:40.000Z</time>
        <extensions>
          <ns3:TrackPointExtension>
            <ns3:hr>143</ns3:hr>
            <ns3:cad>88</ns3:cad>
          </ns3:TrackPointExtension>
        </extensions>
      </trkpt>
      <trkpt lat="34.18282345868647098541259765625" lon="108.93091731704771518707275390625">
        <ele>433.20001220703125</ele>
        <time>2026-07-11T00:29:41.000Z</time>
        <extensions>
          <ns3:TrackPointExtension>
            <ns3:hr>144</ns3:hr>
            <ns3:cad>88</ns3:cad>
          </ns3:TrackPointExtension>
        </extensions>
      </trkpt>
      <trkpt lat="34.18279680423438549041748046875" lon="108.9309187419712543487548828125">
        <ele>433.20001220703125</ele>
        <time>2026-07-11T00:29:42.000Z</time>
        <extensions>
          <ns3:TrackPointExtension>
            <ns3:hr>143</ns3:hr>
            <ns3:cad>88</ns3:cad>
          </ns3:TrackPointExtension>
        </extensions>
      </trkpt>
      <trkpt lat="34.18277216143906116485595703125" lon="108.9309247769415378570556640625">
        <ele>433.20001220703125</ele>
        <time>2026-07-11T00:29:43.000Z</time>
        <extensions>
          <ns3:TrackPointExtension>
            <ns3:hr>143</ns3:hr>
            <ns3:cad>88</ns3:cad>
          </ns3:TrackPointExtension>
        </extensions>
      </trkpt>
      <trkpt lat="34.1827527992427349090576171875" lon="108.930931650102138519287109375">
        <ele>433.20001220703125</ele>
        <time>2026-07-11T00:29:44.000Z</time>
        <extensions>
          <ns3:TrackPointExtension>
            <ns3:hr>144</ns3:hr>
            <ns3:cad>89</ns3:cad>
          </ns3:TrackPointExtension>
        </extensions>
      </trkpt>
      <trkpt lat="34.18273310177028179168701171875" lon="108.93093357793986797332763671875">
        <ele>433.399993896484375</ele>
        <time>2026-07-11T00:29:45.000Z</time>
        <extensions>
          <ns3:TrackPointExtension>
            <ns3:hr>144</ns3:hr>
            <ns3:cad>89</ns3:cad>
          </ns3:TrackPointExtension>
        </extensions>
      </trkpt>
      <trkpt lat="34.18271181173622608184814453125" lon="108.9309321530163288116455078125">
        <ele>433.399993896484375</ele>
        <time>2026-07-11T00:29:46.000Z</time>
        <extensions>
          <ns3:TrackPointExtension>
            <ns3:hr>144</ns3:hr>
            <ns3:cad>88</ns3:cad>
          </ns3:TrackPointExtension>
        </extensions>
      </trkpt>
      <trkpt lat="34.18268934823572635650634765625" lon="108.930930979549884796142578125">
        <ele>433.399993896484375</ele>
        <time>2026-07-11T00:29:47.000Z</time>
        <extensions>
          <ns3:TrackPointExtension>
            <ns3:hr>144</ns3:hr>
            <ns3:cad>88</ns3:cad>
          </ns3:TrackPointExtension>
        </extensions>
      </trkpt>
      <trkpt lat="34.18266587890684604644775390625" lon="108.9309311471879482269287109375">
        <ele>433.600006103515625</ele>
        <time>2026-07-11T00:29:48.000Z</time>
        <extensions>
          <ns3:TrackPointExtension>
            <ns3:hr>144</ns3:hr>
            <ns3:cad>88</ns3:cad>
          </ns3:TrackPointExtension>
        </extensions>
      </trkpt>
      <trkpt lat="34.182643331587314605712890625" lon="108.93092838115990161895751953125">
        <ele>433.600006103515625</ele>
        <time>2026-07-11T00:29:49.000Z</time>
        <extensions>
          <ns3:TrackPointExtension>
            <ns3:hr>144</ns3:hr>
            <ns3:cad>89</ns3:cad>
          </ns3:TrackPointExtension>
        </extensions>
      </trkpt>
      <trkpt lat="34.18262497521936893463134765625" lon="108.93092938698828220367431640625">
        <ele>433.600006103515625</ele>
        <time>2026-07-11T00:29:50.000Z</time>
        <extensions>
          <ns3:TrackPointExtension>
            <ns3:hr>144</ns3:hr>
            <ns3:cad>89</ns3:cad>
          </ns3:TrackPointExtension>
        </extensions>
      </trkpt>
      <trkpt lat="34.18260066770017147064208984375" lon="108.930927626788616180419921875">
        <ele>433.600006103515625</ele>
        <time>2026-07-11T00:29:51.000Z</time>
        <extensions>
          <ns3:TrackPointExtension>
            <ns3:hr>144</ns3:hr>
            <ns3:cad>89</ns3:cad>
          </ns3:TrackPointExtension>
        </extensions>
      </trkpt>
      <trkpt lat="34.18257837183773517608642578125" lon="108.9309318177402019500732421875">
        <ele>433.600006103515625</ele>
        <time>2026-07-11T00:29:52.000Z</time>
        <extensions>
          <ns3:TrackPointExtension>
            <ns3:hr>144</ns3:hr>
            <ns3:cad>89</ns3:cad>
          </ns3:TrackPointExtension>
        </extensions>
      </trkpt>
      <trkpt lat="34.18255607597529888153076171875" lon="108.930931650102138519287109375">
        <ele>433.600006103515625</ele>
        <time>2026-07-11T00:29:53.000Z</time>
        <extensions>
          <ns3:TrackPointExtension>
            <ns3:hr>145</ns3:hr>
            <ns3:cad>90</ns3:cad>
          </ns3:TrackPointExtension>
        </extensions>
      </trkpt>
      <trkpt lat="34.18253411538898944854736328125" lon="108.93092737533152103424072265625">
        <ele>433.79998779296875</ele>
        <time>2026-07-11T00:29:54.000Z</time>
        <extensions>
          <ns3:TrackPointExtension>
            <ns3:hr>144</ns3:hr>
            <ns3:cad>90</ns3:cad>
          </ns3:TrackPointExtension>
        </extensions>
      </trkpt>
      <trkpt lat="34.18251014314591884613037109375" lon="108.930926956236362457275390625">
        <ele>433.79998779296875</ele>
        <time>2026-07-11T00:29:55.000Z</time>
        <extensions>
          <ns3:TrackPointExtension>
            <ns3:hr>144</ns3:hr>
            <ns3:cad>90</ns3:cad>
          </ns3:TrackPointExtension>
        </extensions>
      </trkpt>
      <trkpt lat="34.18248415924608707427978515625" lon="108.93092335201799869537353515625">
        <ele>434</ele>
        <time>2026-07-11T00:29:56.000Z</time>
        <extensions>
          <ns3:TrackPointExtension>
            <ns3:hr>144</ns3:hr>
            <ns3:cad>90</ns3:cad>
          </ns3:TrackPointExtension>
        </extensions>
      </trkpt>
      <trkpt lat="34.18246622197329998016357421875" lon="108.9309224300086498260498046875">
        <ele>434</ele>
        <time>2026-07-11T00:29:57.000Z</time>
        <extensions>
          <ns3:TrackPointExtension>
            <ns3:hr>145</ns3:hr>
            <ns3:cad>88</ns3:cad>
          </ns3:TrackPointExtension>
        </extensions>
      </trkpt>
      <trkpt lat="34.18243923224508762359619140625" lon="108.930920250713825225830078125">
        <ele>434</ele>
        <time>2026-07-11T00:29:58.000Z</time>
        <extensions>
          <ns3:TrackPointExtension>
            <ns3:hr>144</ns3:hr>
            <ns3:cad>87</ns3:cad>
          </ns3:TrackPointExtension>
        </extensions>
      </trkpt>
      <trkpt lat="34.18241509236395359039306640625" lon="108.93092217855155467987060546875">
        <ele>434</ele>
        <time>2026-07-11T00:29:59.000Z</time>
        <extensions>
          <ns3:TrackPointExtension>
            <ns3:hr>144</ns3:hr>
            <ns3:cad>87</ns3:cad>
          </ns3:TrackPointExtension>
        </extensions>
      </trkpt>
      <trkpt lat="34.18238877318799495697021484375" lon="108.9309321530163288116455078125">
        <ele>434</ele>
        <time>2026-07-11T00:30:00.000Z</time>
        <extensions>
          <ns3:TrackPointExtension>
            <ns3:hr>144</ns3:hr>
            <ns3:cad>87</ns3:cad>
          </ns3:TrackPointExtension>
        </extensions>
      </trkpt>
      <trkpt lat="34.18236681260168552398681640625" lon="108.93093978054821491241455078125">
        <ele>434</ele>
        <time>2026-07-11T00:30:01.000Z</time>
        <extensions>
          <ns3:TrackPointExtension>
            <ns3:hr>145</ns3:hr>
            <ns3:cad>88</ns3:cad>
          </ns3:TrackPointExtension>
        </extensions>
      </trkpt>
      <trkpt lat="34.18234535492956638336181640625" lon="108.9309583045542240142822265625">
        <ele>434</ele>
        <time>2026-07-11T00:30:02.000Z</time>
        <extensions>
          <ns3:TrackPointExtension>
            <ns3:hr>145</ns3:hr>
            <ns3:cad>88</ns3:cad>
          </ns3:TrackPointExtension>
        </extensions>
      </trkpt>
      <trkpt lat="34.18232624419033527374267578125" lon="108.930976577103137969970703125">
        <ele>434.20001220703125</ele>
        <time>2026-07-11T00:30:03.000Z</time>
        <extensions>
          <ns3:TrackPointExtension>
            <ns3:hr>145</ns3:hr>
            <ns3:cad>88</ns3:cad>
          </ns3:TrackPointExtension>
        </extensions>
      </trkpt>
      <trkpt lat="34.18231233023107051849365234375" lon="108.93099837005138397216796875">
        <ele>434.20001220703125</ele>
        <time>2026-07-11T00:30:04.000Z</time>
        <extensions>
          <ns3:TrackPointExtension>
            <ns3:hr>145</ns3:hr>
            <ns3:cad>86</ns3:cad>
          </ns3:TrackPointExtension>
        </extensions>
      </trkpt>
      <trkpt lat="34.18229573406279087066650390625" lon="108.9310272037982940673828125">
        <ele>434.20001220703125</ele>
        <time>2026-07-11T00:30:05.000Z</time>
        <extensions>
          <ns3:TrackPointExtension>
            <ns3:hr>146</ns3:hr>
            <ns3:cad>86</ns3:cad>
          </ns3:TrackPointExtension>
        </extensions>
      </trkpt>
      <trkpt lat="34.18228433467447757720947265625" lon="108.93104656599462032318115234375">
        <ele>434.20001220703125</ele>
        <time>2026-07-11T00:30:06.000Z</time>
        <extensions>
          <ns3:TrackPointExtension>
            <ns3:hr>145</ns3:hr>
            <ns3:cad>86</ns3:cad>
          </ns3:TrackPointExtension>
        </extensions>
      </trkpt>
      <trkpt lat="34.18226254172623157501220703125" lon="108.93105930648744106292724609375">
        <ele>434.20001220703125</ele>
        <time>2026-07-11T00:30:07.000Z</time>
        <extensions>
          <ns3:TrackPointExtension>
            <ns3:hr>145</ns3:hr>
            <ns3:cad>86</ns3:cad>
          </ns3:TrackPointExtension>
        </extensions>
      </trkpt>
      <trkpt lat="34.18223152868449687957763671875" lon="108.931057043373584747314453125">
        <ele>434.20001220703125</ele>
        <time>2026-07-11T00:30:08.000Z</time>
        <extensions>
          <ns3:TrackPointExtension>
            <ns3:hr>145</ns3:hr>
            <ns3:cad>87</ns3:cad>
          </ns3:TrackPointExtension>
        </extensions>
      </trkpt>
      <trkpt lat="34.182201437652111053466796875" lon="108.93104958347976207733154296875">
        <ele>434.399993896484375</ele>
        <time>2026-07-11T00:30:09.000Z</time>
        <extensions>
          <ns3:TrackPointExtension>
            <ns3:hr>145</ns3:hr>
            <ns3:cad>86</ns3:cad>
          </ns3:TrackPointExtension>
        </extensions>
      </trkpt>
      <trkpt lat="34.18217972852289676666259765625" lon="108.93103986047208309173583984375">
        <ele>434.399993896484375</ele>
        <time>2026-07-11T00:30:10.000Z</time>
        <extensions>
          <ns3:TrackPointExtension>
            <ns3:hr>144</ns3:hr>
            <ns3:cad>86</ns3:cad>
          </ns3:TrackPointExtension>
        </extensions>
      </trkpt>
      <trkpt lat="34.1821539960801601409912109375" lon="108.93102628178894519805908203125">
        <ele>434.399993896484375</ele>
        <time>2026-07-11T00:30:11.000Z</time>
        <extensions>
          <ns3:TrackPointExtension>
            <ns3:hr>145</ns3:hr>
            <ns3:cad>85</ns3:cad>
          </ns3:TrackPointExtension>
        </extensions>
      </trkpt>
      <trkpt lat="34.18213664554059505462646484375" lon="108.9310102723538875579833984375">
        <ele>434.600006103515625</ele>
        <time>2026-07-11T00:30:12.000Z</time>
        <extensions>
          <ns3:TrackPointExtension>
            <ns3:hr>145</ns3:hr>
            <ns3:cad>86</ns3:cad>
          </ns3:TrackPointExtension>
        </extensions>
      </trkpt>
      <trkpt lat="34.18211535550653934478759765625" lon="108.93099610693752765655517578125">
        <ele>434.79998779296875</ele>
        <time>2026-07-11T00:30:13.000Z</time>
        <extensions>
          <ns3:TrackPointExtension>
            <ns3:hr>145</ns3:hr>
            <ns3:cad>87</ns3:cad>
          </ns3:TrackPointExtension>
        </extensions>
      </trkpt>
      <trkpt lat="34.18209557421505451202392578125" lon="108.9309816062450408935546875">
        <ele>434.79998779296875</ele>
        <time>2026-07-11T00:30:14.000Z</time>
        <extensions>
          <ns3:TrackPointExtension>
            <ns3:hr>145</ns3:hr>
            <ns3:cad>87</ns3:cad>
          </ns3:TrackPointExtension>
        </extensions>
      </trkpt>
      <trkpt lat="34.18207881040871143341064453125" lon="108.9309740625321865081787109375">
        <ele>434.79998779296875</ele>
        <time>2026-07-11T00:30:15.000Z</time>
        <extensions>
          <ns3:TrackPointExtension>
            <ns3:hr>145</ns3:hr>
            <ns3:cad>87</ns3:cad>
          </ns3:TrackPointExtension>
        </extensions>
      </trkpt>
      <trkpt lat="34.18205316178500652313232421875" lon="108.93096827901899814605712890625">
        <ele>434.79998779296875</ele>
        <time>2026-07-11T00:30:16.000Z</time>
        <extensions>
          <ns3:TrackPointExtension>
            <ns3:hr>146</ns3:hr>
            <ns3:cad>87</ns3:cad>
          </ns3:TrackPointExtension>
        </extensions>
      </trkpt>
      <trkpt lat="34.18203807435929775238037109375" lon="108.93096945248544216156005859375">
        <ele>434.79998779296875</ele>
        <time>2026-07-11T00:30:17.000Z</time>
        <extensions>
          <ns3:TrackPointExtension>
            <ns3:hr>146</ns3:hr>
            <ns3:cad>87</ns3:cad>
          </ns3:TrackPointExtension>
        </extensions>
      </trkpt>
      <trkpt lat="34.18201795779168605804443359375" lon="108.93096643500030040740966796875">
        <ele>434.79998779296875</ele>
        <time>2026-07-11T00:30:18.000Z</time>
        <extensions>
          <ns3:TrackPointExtension>
            <ns3:hr>146</ns3:hr>
            <ns3:cad>87</ns3:cad>
          </ns3:TrackPointExtension>
        </extensions>
      </trkpt>
      <trkpt lat="34.18199817650020122528076171875" lon="108.930966518819332122802734375">
        <ele>434.79998779296875</ele>
        <time>2026-07-11T00:30:19.000Z</time>
        <extensions>
          <ns3:TrackPointExtension>
            <ns3:hr>146</ns3:hr>
            <ns3:cad>87</ns3:cad>
          </ns3:TrackPointExtension>
        </extensions>
      </trkpt>
      <trkpt lat="34.1819773055613040924072265625" lon="108.930964507162570953369140625">
        <ele>435</ele>
        <time>2026-07-11T00:30:20.000Z</time>
        <extensions>
          <ns3:TrackPointExtension>
            <ns3:hr>146</ns3:hr>
            <ns3:cad>87</ns3:cad>
          </ns3:TrackPointExtension>
        </extensions>
      </trkpt>
      <trkpt lat="34.181956686079502105712890625" lon="108.930965177714824676513671875">
        <ele>435</ele>
        <time>2026-07-11T00:30:21.000Z</time>
        <extensions>
          <ns3:TrackPointExtension>
            <ns3:hr>146</ns3:hr>
            <ns3:cad>87</ns3:cad>
          </ns3:TrackPointExtension>
        </extensions>
      </trkpt>
      <trkpt lat="34.181935228407382965087890625" lon="108.9309613220393657684326171875">
        <ele>435</ele>
        <time>2026-07-11T00:30:22.000Z</time>
        <extensions>
          <ns3:TrackPointExtension>
            <ns3:hr>146</ns3:hr>
            <ns3:cad>87</ns3:cad>
          </ns3:TrackPointExtension>
        </extensions>
      </trkpt>
      <trkpt lat="34.181914441287517547607421875" lon="108.9309626631438732147216796875">
        <ele>435</ele>
        <time>2026-07-11T00:30:23.000Z</time>
        <extensions>
          <ns3:TrackPointExtension>
            <ns3:hr>146</ns3:hr>
            <ns3:cad>88</ns3:cad>
          </ns3:TrackPointExtension>
        </extensions>
      </trkpt>
      <trkpt lat="34.1818958334624767303466796875" lon="108.93096308223903179168701171875">
        <ele>435</ele>
        <time>2026-07-11T00:30:24.000Z</time>
        <extensions>
          <ns3:TrackPointExtension>
            <ns3:hr>147</ns3:hr>
            <ns3:cad>88</ns3:cad>
          </ns3:TrackPointExtension>
        </extensions>
      </trkpt>
      <trkpt lat="34.1818747110664844512939453125" lon="108.93096023239195346832275390625">
        <ele>435</ele>
        <time>2026-07-11T00:30:25.000Z</time>
        <extensions>
          <ns3:TrackPointExtension>
            <ns3:hr>147</ns3:hr>
            <ns3:cad>88</ns3:cad>
          </ns3:TrackPointExtension>
        </extensions>
      </trkpt>
      <trkpt lat="34.1818569414317607879638671875" lon="108.93095671199262142181396484375">
        <ele>435</ele>
        <time>2026-07-11T00:30:26.000Z</time>
        <extensions>
          <ns3:TrackPointExtension>
            <ns3:hr>147</ns3:hr>
            <ns3:cad>87</ns3:cad>
          </ns3:TrackPointExtension>
        </extensions>
      </trkpt>
      <trkpt lat="34.18183640576899051666259765625" lon="108.93094816245138645172119140625">
        <ele>435</ele>
        <time>2026-07-11T00:30:27.000Z</time>
        <extensions>
          <ns3:TrackPointExtension>
            <ns3:hr>148</ns3:hr>
            <ns3:cad>89</ns3:cad>
          </ns3:TrackPointExtension>
        </extensions>
      </trkpt>
      <trkpt lat="34.18181746266782283782958984375" lon="108.93094380386173725128173828125">
        <ele>435</ele>
        <time>2026-07-11T00:30:28.000Z</time>
        <extensions>
          <ns3:TrackPointExtension>
            <ns3:hr>148</ns3:hr>
            <ns3:cad>89</ns3:cad>
          </ns3:TrackPointExtension>
        </extensions>
      </trkpt>
      <trkpt lat="34.1817902214825153350830078125" lon="108.9309386909008026123046875">
        <ele>435</ele>
        <time>2026-07-11T00:30:29.000Z</time>
        <extensions>
          <ns3:TrackPointExtension>
            <ns3:hr>148</ns3:hr>
            <ns3:cad>89</ns3:cad>
          </ns3:TrackPointExtension>
        </extensions>
      </trkpt>
      <trkpt lat="34.1817694343626499176025390625" lon="108.93093659542500972747802734375">
        <ele>435</ele>
        <time>2026-07-11T00:30:30.000Z</time>
        <extensions>
          <ns3:TrackPointExtension>
            <ns3:hr>148</ns3:hr>
            <ns3:cad>88</ns3:cad>
          </ns3:TrackPointExtension>
        </extensions>
      </trkpt>
      <trkpt lat="34.1817379184067249298095703125" lon="108.930937014520168304443359375">
        <ele>435</ele>
        <time>2026-07-11T00:30:31.000Z</time>
        <extensions>
          <ns3:TrackPointExtension>
            <ns3:hr>148</ns3:hr>
            <ns3:cad>87</ns3:cad>
          </ns3:TrackPointExtension>
        </extensions>
      </trkpt>
      <trkpt lat="34.1817167960107326507568359375" lon="108.93093810416758060455322265625">
        <ele>435</ele>
        <time>2026-07-11T00:30:32.000Z</time>
        <extensions>
          <ns3:TrackPointExtension>
            <ns3:hr>147</ns3:hr>
            <ns3:cad>87</ns3:cad>
          </ns3:TrackPointExtension>
        </extensions>
      </trkpt>
      <trkpt lat="34.181693159043788909912109375" lon="108.9309344999492168426513671875">
        <ele>435</ele>
        <time>2026-07-11T00:30:33.000Z</time>
        <extensions>
          <ns3:TrackPointExtension>
            <ns3:hr>147</ns3:hr>
            <ns3:cad>87</ns3:cad>
          </ns3:TrackPointExtension>
        </extensions>
      </trkpt>
      <trkpt lat="34.18167270720005035400390625" lon="108.93093533813953399658203125">
        <ele>435.20001220703125</ele>
        <time>2026-07-11T00:30:34.000Z</time>
        <extensions>
          <ns3:TrackPointExtension>
            <ns3:hr>147</ns3:hr>
            <ns3:cad>88</ns3:cad>
          </ns3:TrackPointExtension>
        </extensions>
      </trkpt>
      <trkpt lat="34.18164999224245548248291015625" lon="108.93092787824571132659912109375">
        <ele>435.20001220703125</ele>
        <time>2026-07-11T00:30:35.000Z</time>
        <extensions>
          <ns3:TrackPointExtension>
            <ns3:hr>147</ns3:hr>
            <ns3:cad>88</ns3:cad>
          </ns3:TrackPointExtension>
        </extensions>
      </trkpt>
      <trkpt lat="34.18162886984646320343017578125" lon="108.93093441613018512725830078125">
        <ele>435.20001220703125</ele>
        <time>2026-07-11T00:30:36.000Z</time>
        <extensions>
          <ns3:TrackPointExtension>
            <ns3:hr>147</ns3:hr>
            <ns3:cad>89</ns3:cad>
          </ns3:TrackPointExtension>
        </extensions>
      </trkpt>
      <trkpt lat="34.181607328355312347412109375" lon="108.930928967893123626708984375">
        <ele>435.399993896484375</ele>
        <time>2026-07-11T00:30:37.000Z</time>
        <extensions>
          <ns3:TrackPointExtension>
            <ns3:hr>147</ns3:hr>
            <ns3:cad>89</ns3:cad>
          </ns3:TrackPointExtension>
        </extensions>
      </trkpt>
      <trkpt lat="34.1815860383212566375732421875" lon="108.93092754296958446502685546875">
        <ele>435.399993896484375</ele>
        <time>2026-07-11T00:30:38.000Z</time>
        <extensions>
          <ns3:TrackPointExtension>
            <ns3:hr>147</ns3:hr>
            <ns3:cad>89</ns3:cad>
          </ns3:TrackPointExtension>
        </extensions>
      </trkpt>
      <trkpt lat="34.18156541883945465087890625" lon="108.930929638445377349853515625">
        <ele>435.399993896484375</ele>
        <time>2026-07-11T00:30:39.000Z</time>
        <extensions>
          <ns3:TrackPointExtension>
            <ns3:hr>147</ns3:hr>
            <ns3:cad>89</ns3:cad>
          </ns3:TrackPointExtension>
        </extensions>
      </trkpt>
      <trkpt lat="34.18154471553862094879150390625" lon="108.9309274591505527496337890625">
        <ele>435.399993896484375</ele>
        <time>2026-07-11T00:30:40.000Z</time>
        <extensions>
          <ns3:TrackPointExtension>
            <ns3:hr>147</ns3:hr>
            <ns3:cad>89</ns3:cad>
          </ns3:TrackPointExtension>
        </extensions>
      </trkpt>
      <trkpt lat="34.1815233416855335235595703125" lon="108.93092134036123752593994140625">
        <ele>435.399993896484375</ele>
        <time>2026-07-11T00:30:41.000Z</time>
        <extensions>
          <ns3:TrackPointExtension>
            <ns3:hr>147</ns3:hr>
            <ns3:cad>89</ns3:cad>
          </ns3:TrackPointExtension>
        </extensions>
      </trkpt>
      <trkpt lat="34.18149928562343120574951171875" lon="108.93091798759996891021728515625">
        <ele>435.399993896484375</ele>
        <time>2026-07-11T00:30:42.000Z</time>
        <extensions>
          <ns3:TrackPointExtension>
            <ns3:hr>147</ns3:hr>
            <ns3:cad>88</ns3:cad>
          </ns3:TrackPointExtension>
        </extensions>
      </trkpt>
      <trkpt lat="34.18147497810423374176025390625" lon="108.93091798759996891021728515625">
        <ele>435.399993896484375</ele>
        <time>2026-07-11T00:30:43.000Z</time>
        <extensions>
          <ns3:TrackPointExtension>
            <ns3:hr>147</ns3:hr>
            <ns3:cad>88</ns3:cad>
          </ns3:TrackPointExtension>
        </extensions>
      </trkpt>
      <trkpt lat="34.1814532689750194549560546875" lon="108.9309187419712543487548828125">
        <ele>435.399993896484375</ele>
        <time>2026-07-11T00:30:44.000Z</time>
        <extensions>
          <ns3:TrackPointExtension>
            <ns3:hr>147</ns3:hr>
            <ns3:cad>88</ns3:cad>
          </ns3:TrackPointExtension>
        </extensions>
      </trkpt>
      <trkpt lat="34.181434996426105499267578125" lon="108.93091815523803234100341796875">
        <ele>435.399993896484375</ele>
        <time>2026-07-11T00:30:45.000Z</time>
        <extensions>
          <ns3:TrackPointExtension>
            <ns3:hr>147</ns3:hr>
            <ns3:cad>88</ns3:cad>
          </ns3:TrackPointExtension>
        </extensions>
      </trkpt>
      <trkpt lat="34.1814143769443035125732421875" lon="108.93091212026774883270263671875">
        <ele>435.399993896484375</ele>
        <time>2026-07-11T00:30:46.000Z</time>
        <extensions>
          <ns3:TrackPointExtension>
            <ns3:hr>147</ns3:hr>
            <ns3:cad>88</ns3:cad>
          </ns3:TrackPointExtension>
        </extensions>
      </trkpt>
      <trkpt lat="34.18139065615832805633544921875" lon="108.93091094680130481719970703125">
        <ele>435.399993896484375</ele>
        <time>2026-07-11T00:30:47.000Z</time>
        <extensions>
          <ns3:TrackPointExtension>
            <ns3:hr>147</ns3:hr>
            <ns3:cad>88</ns3:cad>
          </ns3:TrackPointExtension>
        </extensions>
      </trkpt>
      <trkpt lat="34.1813667677342891693115234375" lon="108.93090893514454364776611328125">
        <ele>435.399993896484375</ele>
        <time>2026-07-11T00:30:48.000Z</time>
        <extensions>
          <ns3:TrackPointExtension>
            <ns3:hr>147</ns3:hr>
            <ns3:cad>88</ns3:cad>
          </ns3:TrackPointExtension>
        </extensions>
      </trkpt>
      <trkpt lat="34.1813469864428043365478515625" lon="108.93090943805873394012451171875">
        <ele>435.399993896484375</ele>
        <time>2026-07-11T00:30:49.000Z</time>
        <extensions>
          <ns3:TrackPointExtension>
            <ns3:hr>146</ns3:hr>
            <ns3:cad>88</ns3:cad>
          </ns3:TrackPointExtension>
        </extensions>
      </trkpt>
      <trkpt lat="34.18132259510457515716552734375" lon="108.9309127070009708404541015625">
        <ele>435.399993896484375</ele>
        <time>2026-07-11T00:30:50.000Z</time>
        <extensions>
          <ns3:TrackPointExtension>
            <ns3:hr>146</ns3:hr>
            <ns3:cad>90</ns3:cad>
          </ns3:TrackPointExtension>
        </extensions>
      </trkpt>
      <trkpt lat="34.181301891803741455078125" lon="108.9309157244861125946044921875">
        <ele>435.399993896484375</ele>
        <time>2026-07-11T00:30:51.000Z</time>
        <extensions>
          <ns3:TrackPointExtension>
            <ns3:hr>146</ns3:hr>
            <ns3:cad>89</ns3:cad>
          </ns3:TrackPointExtension>
        </extensions>
      </trkpt>
      <trkpt lat="34.181277416646480560302734375" lon="108.93092016689479351043701171875">
        <ele>435.600006103515625</ele>
        <time>2026-07-11T00:30:52.000Z</time>
        <extensions>
          <ns3:TrackPointExtension>
            <ns3:hr>146</ns3:hr>
            <ns3:cad>89</ns3:cad>
          </ns3:TrackPointExtension>
        </extensions>
      </trkpt>
      <trkpt lat="34.1812576353549957275390625" lon="108.9309241063892841339111328125">
        <ele>435.600006103515625</ele>
        <time>2026-07-11T00:30:53.000Z</time>
        <extensions>
          <ns3:TrackPointExtension>
            <ns3:hr>146</ns3:hr>
            <ns3:cad>88</ns3:cad>
          </ns3:TrackPointExtension>
        </extensions>
      </trkpt>
      <trkpt lat="34.18123207055032253265380859375" lon="108.930928297340869903564453125">
        <ele>435.600006103515625</ele>
        <time>2026-07-11T00:30:54.000Z</time>
        <extensions>
          <ns3:TrackPointExtension>
            <ns3:hr>146</ns3:hr>
            <ns3:cad>88</ns3:cad>
          </ns3:TrackPointExtension>
        </extensions>
      </trkpt>
      <trkpt lat="34.1812075115740299224853515625" lon="108.9309281297028064727783203125">
        <ele>435.600006103515625</ele>
        <time>2026-07-11T00:30:55.000Z</time>
        <extensions>
          <ns3:TrackPointExtension>
            <ns3:hr>145</ns3:hr>
            <ns3:cad>88</ns3:cad>
          </ns3:TrackPointExtension>
        </extensions>
      </trkpt>
      <trkpt lat="34.18117792345583438873291015625" lon="108.93092351965606212615966796875">
        <ele>435.600006103515625</ele>
        <time>2026-07-11T00:30:56.000Z</time>
        <extensions>
          <ns3:TrackPointExtension>
            <ns3:hr>145</ns3:hr>
            <ns3:cad>88</ns3:cad>
          </ns3:TrackPointExtension>
        </extensions>
      </trkpt>
      <trkpt lat="34.1811568848788738250732421875" lon="108.930918909609317779541015625">
        <ele>435.600006103515625</ele>
        <time>2026-07-11T00:30:57.000Z</time>
        <extensions>
          <ns3:TrackPointExtension>
            <ns3:hr>145</ns3:hr>
            <ns3:cad>88</ns3:cad>
          </ns3:TrackPointExtension>
        </extensions>
      </trkpt>
      <trkpt lat="34.18113115243613719940185546875" lon="108.93091999925673007965087890625">
        <ele>435.600006103515625</ele>
        <time>2026-07-11T00:30:58.000Z</time>
        <extensions>
          <ns3:TrackPointExtension>
            <ns3:hr>146</ns3:hr>
            <ns3:cad>88</ns3:cad>
          </ns3:TrackPointExtension>
        </extensions>
      </trkpt>
      <trkpt lat="34.181109778583049774169921875" lon="108.93092351965606212615966796875">
        <ele>435.600006103515625</ele>
        <time>2026-07-11T00:30:59.000Z</time>
        <extensions>
          <ns3:TrackPointExtension>
            <ns3:hr>146</ns3:hr>
            <ns3:cad>88</ns3:cad>
          </ns3:TrackPointExtension>
        </extensions>
      </trkpt>
      <trkpt lat="34.181083627045154571533203125" lon="108.93092167563736438751220703125">
        <ele>435.600006103515625</ele>
        <time>2026-07-11T00:31:00.000Z</time>
        <extensions>
          <ns3:TrackPointExtension>
            <ns3:hr>146</ns3:hr>
            <ns3:cad>88</ns3:cad>
          </ns3:TrackPointExtension>
        </extensions>
      </trkpt>
      <trkpt lat="34.181060828268527984619140625" lon="108.93092486076056957244873046875">
        <ele>435.600006103515625</ele>
        <time>2026-07-11T00:31:01.000Z</time>
        <extensions>
          <ns3:TrackPointExtension>
            <ns3:hr>146</ns3:hr>
            <ns3:cad>89</ns3:cad>
          </ns3:TrackPointExtension>
        </extensions>
      </trkpt>
      <trkpt lat="34.18103844858705997467041015625" lon="108.93092720769345760345458984375">
        <ele>435.79998779296875</ele>
        <time>2026-07-11T00:31:02.000Z</time>
        <extensions>
          <ns3:TrackPointExtension>
            <ns3:hr>145</ns3:hr>
            <ns3:cad>89</ns3:cad>
          </ns3:TrackPointExtension>
        </extensions>
      </trkpt>
      <trkpt lat="34.18101548217236995697021484375" lon="108.93092603422701358795166015625">
        <ele>435.79998779296875</ele>
        <time>2026-07-11T00:31:03.000Z</time>
        <extensions>
          <ns3:TrackPointExtension>
            <ns3:hr>146</ns3:hr>
            <ns3:cad>87</ns3:cad>
          </ns3:TrackPointExtension>
        </extensions>
      </trkpt>
      <trkpt lat="34.18099318630993366241455078125" lon="108.93093089573085308074951171875">
        <ele>435.79998779296875</ele>
        <time>2026-07-11T00:31:04.000Z</time>
        <extensions>
          <ns3:TrackPointExtension>
            <ns3:hr>145</ns3:hr>
            <ns3:cad>87</ns3:cad>
          </ns3:TrackPointExtension>
        </extensions>
      </trkpt>
      <trkpt lat="34.1809679567813873291015625" lon="108.9309375174343585968017578125">
        <ele>435.79998779296875</ele>
        <time>2026-07-11T00:31:05.000Z</time>
        <extensions>
          <ns3:TrackPointExtension>
            <ns3:hr>145</ns3:hr>
            <ns3:cad>87</ns3:cad>
          </ns3:TrackPointExtension>
        </extensions>
      </trkpt>
      <trkpt lat="34.18095110915601253509521484375" lon="108.93094531260430812835693359375">
        <ele>436</ele>
        <time>2026-07-11T00:31:06.000Z</time>
        <extensions>
          <ns3:TrackPointExtension>
            <ns3:hr>145</ns3:hr>
            <ns3:cad>88</ns3:cad>
          </ns3:TrackPointExtension>
        </extensions>
      </trkpt>
      <trkpt lat="34.180926047265529632568359375" lon="108.93096257932484149932861328125">
        <ele>436</ele>
        <time>2026-07-11T00:31:07.000Z</time>
        <extensions>
          <ns3:TrackPointExtension>
            <ns3:hr>146</ns3:hr>
            <ns3:cad>88</ns3:cad>
          </ns3:TrackPointExtension>
        </extensions>
      </trkpt>
      <trkpt lat="34.18091297149658203125" lon="108.93097951076924800872802734375">
        <ele>436</ele>
        <time>2026-07-11T00:31:08.000Z</time>
        <extensions>
          <ns3:TrackPointExtension>
            <ns3:hr>145</ns3:hr>
            <ns3:cad>88</ns3:cad>
          </ns3:TrackPointExtension>
        </extensions>
      </trkpt>
      <trkpt lat="34.180894196033477783203125" lon="108.93100733868777751922607421875">
        <ele>436.20001220703125</ele>
        <time>2026-07-11T00:31:09.000Z</time>
        <extensions>
          <ns3:TrackPointExtension>
            <ns3:hr>145</ns3:hr>
            <ns3:cad>87</ns3:cad>
          </ns3:TrackPointExtension>
        </extensions>
      </trkpt>
      <trkpt lat="34.18088640086352825164794921875" lon="108.93102946691215038299560546875">
        <ele>436.20001220703125</ele>
        <time>2026-07-11T00:31:10.000Z</time>
        <extensions>
          <ns3:TrackPointExtension>
            <ns3:hr>146</ns3:hr>
            <ns3:cad>87</ns3:cad>
          </ns3:TrackPointExtension>
        </extensions>
      </trkpt>
      <trkpt lat="34.18087466619908809661865234375" lon="108.93105394206941127777099609375">
        <ele>436.20001220703125</ele>
        <time>2026-07-11T00:31:11.000Z</time>
        <extensions>
          <ns3:TrackPointExtension>
            <ns3:hr>145</ns3:hr>
            <ns3:cad>89</ns3:cad>
          </ns3:TrackPointExtension>
        </extensions>
      </trkpt>
      <trkpt lat="34.180868379771709442138671875" lon="108.931073807179927825927734375">
        <ele>436.20001220703125</ele>
        <time>2026-07-11T00:31:12.000Z</time>
        <extensions>
          <ns3:TrackPointExtension>
            <ns3:hr>146</ns3:hr>
            <ns3:cad>89</ns3:cad>
          </ns3:TrackPointExtension>
        </extensions>
      </trkpt>
      <trkpt lat="34.18086259625852108001708984375" lon="108.931100629270076751708984375">
        <ele>436.20001220703125</ele>
        <time>2026-07-11T00:31:13.000Z</time>
        <extensions>
          <ns3:TrackPointExtension>
            <ns3:hr>146</ns3:hr>
            <ns3:cad>88</ns3:cad>
          </ns3:TrackPointExtension>
        </extensions>
      </trkpt>
      <trkpt lat="34.1808611713349819183349609375" lon="108.93112451769411563873291015625">
        <ele>436.20001220703125</ele>
        <time>2026-07-11T00:31:14.000Z</time>
        <extensions>
          <ns3:TrackPointExtension>
            <ns3:hr>146</ns3:hr>
            <ns3:cad>87</ns3:cad>
          </ns3:TrackPointExtension>
        </extensions>
      </trkpt>
      <trkpt lat="34.18086058460175991058349609375" lon="108.93115569837391376495361328125">
        <ele>436.399993896484375</ele>
        <time>2026-07-11T00:31:15.000Z</time>
        <extensions>
          <ns3:TrackPointExtension>
            <ns3:hr>147</ns3:hr>
            <ns3:cad>87</ns3:cad>
          </ns3:TrackPointExtension>
        </extensions>
      </trkpt>
      <trkpt lat="34.18086058460175991058349609375" lon="108.93118252046406269073486328125">
        <ele>436.399993896484375</ele>
        <time>2026-07-11T00:31:16.000Z</time>
        <extensions>
          <ns3:TrackPointExtension>
            <ns3:hr>147</ns3:hr>
            <ns3:cad>87</ns3:cad>
          </ns3:TrackPointExtension>
        </extensions>
      </trkpt>
      <trkpt lat="34.1808574832975864410400390625" lon="108.9312111027538776397705078125">
        <ele>436.399993896484375</ele>
        <time>2026-07-11T00:31:17.000Z</time>
        <extensions>
          <ns3:TrackPointExtension>
            <ns3:hr>148</ns3:hr>
            <ns3:cad>88</ns3:cad>
          </ns3:TrackPointExtension>
        </extensions>
      </trkpt>
      <trkpt lat="34.180851280689239501953125" lon="108.93123440444469451904296875">
        <ele>436.600006103515625</ele>
        <time>2026-07-11T00:31:18.000Z</time>
        <extensions>
          <ns3:TrackPointExtension>
            <ns3:hr>148</ns3:hr>
            <ns3:cad>88</ns3:cad>
          </ns3:TrackPointExtension>
        </extensions>
      </trkpt>
      <trkpt lat="34.1808511130511760711669921875" lon="108.9312627352774143218994140625">
        <ele>436.600006103515625</ele>
        <time>2026-07-11T00:31:19.000Z</time>
        <extensions>
          <ns3:TrackPointExtension>
            <ns3:hr>149</ns3:hr>
            <ns3:cad>88</ns3:cad>
          </ns3:TrackPointExtension>
        </extensions>
      </trkpt>
      <trkpt lat="34.18084449134767055511474609375" lon="108.93129366450011730194091796875">
        <ele>436.600006103515625</ele>
        <time>2026-07-11T00:31:20.000Z</time>
        <extensions>
          <ns3:TrackPointExtension>
            <ns3:hr>149</ns3:hr>
            <ns3:cad>87</ns3:cad>
          </ns3:TrackPointExtension>
        </extensions>
      </trkpt>
      <trkpt lat="34.18084256350994110107421875" lon="108.93131562508642673492431640625">
        <ele>436.600006103515625</ele>
        <time>2026-07-11T00:31:21.000Z</time>
        <extensions>
          <ns3:TrackPointExtension>
            <ns3:hr>150</ns3:hr>
            <ns3:cad>87</ns3:cad>
          </ns3:TrackPointExtension>
        </extensions>
      </trkpt>
      <trkpt lat="34.180840551853179931640625" lon="108.931350074708461761474609375">
        <ele>436.600006103515625</ele>
        <time>2026-07-11T00:31:22.000Z</time>
        <extensions>
          <ns3:TrackPointExtension>
            <ns3:hr>150</ns3:hr>
            <ns3:cad>89</ns3:cad>
          </ns3:TrackPointExtension>
        </extensions>
      </trkpt>
      <trkpt lat="34.1808392107486724853515625" lon="108.93137522041797637939453125">
        <ele>436.600006103515625</ele>
        <time>2026-07-11T00:31:23.000Z</time>
        <extensions>
          <ns3:TrackPointExtension>
            <ns3:hr>150</ns3:hr>
            <ns3:cad>89</ns3:cad>
          </ns3:TrackPointExtension>
        </extensions>
      </trkpt>
      <trkpt lat="34.1808313317596912384033203125" lon="108.93140329979360103607177734375">
        <ele>436.600006103515625</ele>
        <time>2026-07-11T00:31:24.000Z</time>
        <extensions>
          <ns3:TrackPointExtension>
            <ns3:hr>150</ns3:hr>
            <ns3:cad>89</ns3:cad>
          </ns3:TrackPointExtension>
        </extensions>
      </trkpt>
      <trkpt lat="34.18083191849291324615478515625" lon="108.93142861314117908477783203125">
        <ele>436.600006103515625</ele>
        <time>2026-07-11T00:31:25.000Z</time>
        <extensions>
          <ns3:TrackPointExtension>
            <ns3:hr>150</ns3:hr>
            <ns3:cad>87</ns3:cad>
          </ns3:TrackPointExtension>
        </extensions>
      </trkpt>
      <trkpt lat="34.18082638643682003021240234375" lon="108.9314558543264865875244140625">
        <ele>436.600006103515625</ele>
        <time>2026-07-11T00:31:26.000Z</time>
        <extensions>
          <ns3:TrackPointExtension>
            <ns3:hr>150</ns3:hr>
            <ns3:cad>87</ns3:cad>
          </ns3:TrackPointExtension>
        </extensions>
      </trkpt>
      <trkpt lat="34.18082714080810546875" lon="108.93148024566471576690673828125">
        <ele>436.79998779296875</ele>
        <time>2026-07-11T00:31:27.000Z</time>
        <extensions>
          <ns3:TrackPointExtension>
            <ns3:hr>151</ns3:hr>
            <ns3:cad>87</ns3:cad>
          </ns3:TrackPointExtension>
        </extensions>
      </trkpt>
      <trkpt lat="34.18082512915134429931640625" lon="108.9315078221261501312255859375">
        <ele>436.79998779296875</ele>
        <time>2026-07-11T00:31:28.000Z</time>
        <extensions>
          <ns3:TrackPointExtension>
            <ns3:hr>151</ns3:hr>
            <ns3:cad>88</ns3:cad>
          </ns3:TrackPointExtension>
        </extensions>
      </trkpt>
      <trkpt lat="34.18082269839942455291748046875" lon="108.9315322972834110260009765625">
        <ele>436.79998779296875</ele>
        <time>2026-07-11T00:31:29.000Z</time>
        <extensions>
          <ns3:TrackPointExtension>
            <ns3:hr>151</ns3:hr>
            <ns3:cad>89</ns3:cad>
          </ns3:TrackPointExtension>
        </extensions>
      </trkpt>
      <trkpt lat="34.1808175854384899139404296875" lon="108.93156456761062145233154296875">
        <ele>436.79998779296875</ele>
        <time>2026-07-11T00:31:30.000Z</time>
        <extensions>
          <ns3:TrackPointExtension>
            <ns3:hr>151</ns3:hr>
            <ns3:cad>90</ns3:cad>
          </ns3:TrackPointExtension>
        </extensions>
      </trkpt>
      <trkpt lat="34.18081599287688732147216796875" lon="108.9315939880907535552978515625">
        <ele>436.79998779296875</ele>
        <time>2026-07-11T00:31:31.000Z</time>
        <extensions>
          <ns3:TrackPointExtension>
            <ns3:hr>150</ns3:hr>
            <ns3:cad>90</ns3:cad>
          </ns3:TrackPointExtension>
        </extensions>
      </trkpt>
      <trkpt lat="34.1808108799159526824951171875" lon="108.93163003027439117431640625">
        <ele>436.600006103515625</ele>
        <time>2026-07-11T00:31:32.000Z</time>
        <extensions>
          <ns3:TrackPointExtension>
            <ns3:hr>151</ns3:hr>
            <ns3:cad>90</ns3:cad>
          </ns3:TrackPointExtension>
        </extensions>
      </trkpt>
      <trkpt lat="34.18081113137304782867431640625" lon="108.9316546730697154998779296875">
        <ele>436.600006103515625</ele>
        <time>2026-07-11T00:31:33.000Z</time>
        <extensions>
          <ns3:TrackPointExtension>
            <ns3:hr>151</ns3:hr>
            <ns3:cad>90</ns3:cad>
          </ns3:TrackPointExtension>
        </extensions>
      </trkpt>
      <trkpt lat="34.18080308474600315093994140625" lon="108.93168593756854534149169921875">
        <ele>436.600006103515625</ele>
        <time>2026-07-11T00:31:34.000Z</time>
        <extensions>
          <ns3:TrackPointExtension>
            <ns3:hr>150</ns3:hr>
            <ns3:cad>90</ns3:cad>
          </ns3:TrackPointExtension>
        </extensions>
      </trkpt>
      <trkpt lat="34.18080057017505168914794921875" lon="108.93170781433582305908203125">
        <ele>436.600006103515625</ele>
        <time>2026-07-11T00:31:35.000Z</time>
        <extensions>
          <ns3:TrackPointExtension>
            <ns3:hr>150</ns3:hr>
            <ns3:cad>90</ns3:cad>
          </ns3:TrackPointExtension>
        </extensions>
      </trkpt>
      <trkpt lat="34.18079101480543613433837890625" lon="108.9317391626536846160888671875">
        <ele>436.600006103515625</ele>
        <time>2026-07-11T00:31:36.000Z</time>
        <extensions>
          <ns3:TrackPointExtension>
            <ns3:hr>150</ns3:hr>
            <ns3:cad>88</ns3:cad>
          </ns3:TrackPointExtension>
        </extensions>
      </trkpt>
      <trkpt lat="34.18078766204416751861572265625" lon="108.93175877630710601806640625">
        <ele>436.600006103515625</ele>
        <time>2026-07-11T00:31:37.000Z</time>
        <extensions>
          <ns3:TrackPointExtension>
            <ns3:hr>150</ns3:hr>
            <ns3:cad>88</ns3:cad>
          </ns3:TrackPointExtension>
        </extensions>
      </trkpt>
      <trkpt lat="34.1807807050645351409912109375" lon="108.93178886733949184417724609375">
        <ele>436.600006103515625</ele>
        <time>2026-07-11T00:31:38.000Z</time>
        <extensions>
          <ns3:TrackPointExtension>
            <ns3:hr>150</ns3:hr>
            <ns3:cad>88</ns3:cad>
          </ns3:TrackPointExtension>
        </extensions>
      </trkpt>
      <trkpt lat="34.1807756759226322174072265625" lon="108.93181485123932361602783203125">
        <ele>436.79998779296875</ele>
        <time>2026-07-11T00:31:39.000Z</time>
        <extensions>
          <ns3:TrackPointExtension>
            <ns3:hr>150</ns3:hr>
            <ns3:cad>89</ns3:cad>
          </ns3:TrackPointExtension>
        </extensions>
      </trkpt>
      <trkpt lat="34.1807716526091098785400390625" lon="108.9318454451858997344970703125">
        <ele>436.79998779296875</ele>
        <time>2026-07-11T00:31:40.000Z</time>
        <extensions>
          <ns3:TrackPointExtension>
            <ns3:hr>150</ns3:hr>
            <ns3:cad>89</ns3:cad>
          </ns3:TrackPointExtension>
        </extensions>
      </trkpt>
      <trkpt lat="34.1807669587433338165283203125" lon="108.93187008798122406005859375">
        <ele>436.79998779296875</ele>
        <time>2026-07-11T00:31:41.000Z</time>
        <extensions>
          <ns3:TrackPointExtension>
            <ns3:hr>150</ns3:hr>
            <ns3:cad>89</ns3:cad>
          </ns3:TrackPointExtension>
        </extensions>
      </trkpt>
      <trkpt lat="34.18076318688690662384033203125" lon="108.931902609765529632568359375">
        <ele>436.79998779296875</ele>
        <time>2026-07-11T00:31:42.000Z</time>
        <extensions>
          <ns3:TrackPointExtension>
            <ns3:hr>150</ns3:hr>
            <ns3:cad>89</ns3:cad>
          </ns3:TrackPointExtension>
        </extensions>
      </trkpt>
      <trkpt lat="34.1807615943253040313720703125" lon="108.93192901276051998138427734375">
        <ele>436.79998779296875</ele>
        <time>2026-07-11T00:31:43.000Z</time>
        <extensions>
          <ns3:TrackPointExtension>
            <ns3:hr>150</ns3:hr>
            <ns3:cad>89</ns3:cad>
          </ns3:TrackPointExtension>
        </extensions>
      </trkpt>
      <trkpt lat="34.1807587444782257080078125" lon="108.93195466138422489166259765625">
        <ele>436.79998779296875</ele>
        <time>2026-07-11T00:31:44.000Z</time>
        <extensions>
          <ns3:TrackPointExtension>
            <ns3:hr>150</ns3:hr>
            <ns3:cad>89</ns3:cad>
          </ns3:TrackPointExtension>
        </extensions>
      </trkpt>
      <trkpt lat="34.18074332177639007568359375" lon="108.93198081292212009429931640625">
        <ele>436.79998779296875</ele>
        <time>2026-07-11T00:31:45.000Z</time>
        <extensions>
          <ns3:TrackPointExtension>
            <ns3:hr>150</ns3:hr>
            <ns3:cad>88</ns3:cad>
          </ns3:TrackPointExtension>
        </extensions>
      </trkpt>
      <trkpt lat="34.18074156157672405242919921875" lon="108.9320073835551738739013671875">
        <ele>437</ele>
        <time>2026-07-11T00:31:46.000Z</time>
        <extensions>
          <ns3:TrackPointExtension>
            <ns3:hr>150</ns3:hr>
            <ns3:cad>88</ns3:cad>
          </ns3:TrackPointExtension>
        </extensions>
      </trkpt>
      <trkpt lat="34.18073670007288455963134765625" lon="108.93202699720859527587890625">
        <ele>437</ele>
        <time>2026-07-11T00:31:47.000Z</time>
        <extensions>
          <ns3:TrackPointExtension>
            <ns3:hr>150</ns3:hr>
            <ns3:cad>88</ns3:cad>
          </ns3:TrackPointExtension>
        </extensions>
      </trkpt>
      <trkpt lat="34.18073334731161594390869140625" lon="108.9320519752800464630126953125">
        <ele>437</ele>
        <time>2026-07-11T00:31:48.000Z</time>
        <extensions>
          <ns3:TrackPointExtension>
            <ns3:hr>150</ns3:hr>
            <ns3:cad>88</ns3:cad>
          </ns3:TrackPointExtension>
        </extensions>
      </trkpt>
      <trkpt lat="34.1807265579700469970703125" lon="108.93207686953246593475341796875">
        <ele>437</ele>
        <time>2026-07-11T00:31:49.000Z</time>
        <extensions>
          <ns3:TrackPointExtension>
            <ns3:hr>150</ns3:hr>
            <ns3:cad>88</ns3:cad>
          </ns3:TrackPointExtension>
        </extensions>
      </trkpt>
      <trkpt lat="34.180722869932651519775390625" lon="108.932099081575870513916015625">
        <ele>437</ele>
        <time>2026-07-11T00:31:50.000Z</time>
        <extensions>
          <ns3:TrackPointExtension>
            <ns3:hr>150</ns3:hr>
            <ns3:cad>88</ns3:cad>
          </ns3:TrackPointExtension>
        </extensions>
      </trkpt>
      <trkpt lat="34.1807240433990955352783203125" lon="108.93212481401860713958740234375">
        <ele>437</ele>
        <time>2026-07-11T00:31:51.000Z</time>
        <extensions>
          <ns3:TrackPointExtension>
            <ns3:hr>149</ns3:hr>
            <ns3:cad>89</ns3:cad>
          </ns3:TrackPointExtension>
        </extensions>
      </trkpt>
      <trkpt lat="34.18072563596069812774658203125" lon="108.93214912153780460357666015625">
        <ele>437</ele>
        <time>2026-07-11T00:31:52.000Z</time>
        <extensions>
          <ns3:TrackPointExtension>
            <ns3:hr>149</ns3:hr>
            <ns3:cad>88</ns3:cad>
          </ns3:TrackPointExtension>
        </extensions>
      </trkpt>
      <trkpt lat="34.18071976862847805023193359375" lon="108.93217544071376323699951171875">
        <ele>437</ele>
        <time>2026-07-11T00:31:53.000Z</time>
        <extensions>
          <ns3:TrackPointExtension>
            <ns3:hr>149</ns3:hr>
            <ns3:cad>88</ns3:cad>
          </ns3:TrackPointExtension>
        </extensions>
      </trkpt>
      <trkpt lat="34.18071708641946315765380859375" lon="108.9322020113468170166015625">
        <ele>437</ele>
        <time>2026-07-11T00:31:54.000Z</time>
        <extensions>
          <ns3:TrackPointExtension>
            <ns3:hr>148</ns3:hr>
            <ns3:cad>88</ns3:cad>
          </ns3:TrackPointExtension>
        </extensions>
      </trkpt>
      <trkpt lat="34.180708117783069610595703125" lon="108.93222950398921966552734375">
        <ele>437.20001220703125</ele>
        <time>2026-07-11T00:31:55.000Z</time>
        <extensions>
          <ns3:TrackPointExtension>
            <ns3:hr>148</ns3:hr>
            <ns3:cad>88</ns3:cad>
          </ns3:TrackPointExtension>
        </extensions>
      </trkpt>
      <trkpt lat="34.18070937506854534149169921875" lon="108.93225724808871746063232421875">
        <ele>437.20001220703125</ele>
        <time>2026-07-11T00:31:56.000Z</time>
        <extensions>
          <ns3:TrackPointExtension>
            <ns3:hr>148</ns3:hr>
            <ns3:cad>88</ns3:cad>
          </ns3:TrackPointExtension>
        </extensions>
      </trkpt>
      <trkpt lat="34.1807012446224689483642578125" lon="108.93229144625365734100341796875">
        <ele>437.20001220703125</ele>
        <time>2026-07-11T00:31:57.000Z</time>
        <extensions>
          <ns3:TrackPointExtension>
            <ns3:hr>148</ns3:hr>
            <ns3:cad>88</ns3:cad>
          </ns3:TrackPointExtension>
        </extensions>
      </trkpt>
      <trkpt lat="34.18069730512797832489013671875" lon="108.93231558613479137420654296875">
        <ele>437.20001220703125</ele>
        <time>2026-07-11T00:31:58.000Z</time>
        <extensions>
          <ns3:TrackPointExtension>
            <ns3:hr>149</ns3:hr>
            <ns3:cad>88</ns3:cad>
          </ns3:TrackPointExtension>
        </extensions>
      </trkpt>
      <trkpt lat="34.1806878335773944854736328125" lon="108.9323460124433040618896484375">
        <ele>437.20001220703125</ele>
        <time>2026-07-11T00:31:59.000Z</time>
        <extensions>
          <ns3:TrackPointExtension>
            <ns3:hr>148</ns3:hr>
            <ns3:cad>87</ns3:cad>
          </ns3:TrackPointExtension>
        </extensions>
      </trkpt>
      <trkpt lat="34.18068624101579189300537109375" lon="108.93236772157251834869384765625">
        <ele>437.20001220703125</ele>
        <time>2026-07-11T00:32:00.000Z</time>
        <extensions>
          <ns3:TrackPointExtension>
            <ns3:hr>148</ns3:hr>
            <ns3:cad>88</ns3:cad>
          </ns3:TrackPointExtension>
        </extensions>
      </trkpt>
      <trkpt lat="34.18067802675068378448486328125" lon="108.932396806776523590087890625">
        <ele>437.20001220703125</ele>
        <time>2026-07-11T00:32:01.000Z</time>
        <extensions>
          <ns3:TrackPointExtension>
            <ns3:hr>148</ns3:hr>
            <ns3:cad>88</ns3:cad>
          </ns3:TrackPointExtension>
        </extensions>
      </trkpt>
      <trkpt lat="34.18067132122814655303955078125" lon="108.9324207790195941925048828125">
        <ele>437.20001220703125</ele>
        <time>2026-07-11T00:32:02.000Z</time>
        <extensions>
          <ns3:TrackPointExtension>
            <ns3:hr>148</ns3:hr>
            <ns3:cad>88</ns3:cad>
          </ns3:TrackPointExtension>
        </extensions>
      </trkpt>
      <trkpt lat="34.1806663759052753448486328125" lon="108.9324476011097431182861328125">
        <ele>437.399993896484375</ele>
        <time>2026-07-11T00:32:03.000Z</time>
        <extensions>
          <ns3:TrackPointExtension>
            <ns3:hr>148</ns3:hr>
            <ns3:cad>88</ns3:cad>
          </ns3:TrackPointExtension>
        </extensions>
      </trkpt>
      <trkpt lat="34.18066025711596012115478515625" lon="108.93247626721858978271484375">
        <ele>437.399993896484375</ele>
        <time>2026-07-11T00:32:04.000Z</time>
        <extensions>
          <ns3:TrackPointExtension>
            <ns3:hr>149</ns3:hr>
            <ns3:cad>88</ns3:cad>
          </ns3:TrackPointExtension>
        </extensions>
      </trkpt>
      <trkpt lat="34.1806616820394992828369140625" lon="108.93250468187034130096435546875">
        <ele>437.399993896484375</ele>
        <time>2026-07-11T00:32:05.000Z</time>
        <extensions>
          <ns3:TrackPointExtension>
            <ns3:hr>148</ns3:hr>
            <ns3:cad>88</ns3:cad>
          </ns3:TrackPointExtension>
        </extensions>
      </trkpt>
      <trkpt lat="34.18065656907856464385986328125" lon="108.93253116868436336517333984375">
        <ele>437.399993896484375</ele>
        <time>2026-07-11T00:32:06.000Z</time>
        <extensions>
          <ns3:TrackPointExtension>
            <ns3:hr>148</ns3:hr>
            <ns3:cad>88</ns3:cad>
          </ns3:TrackPointExtension>
        </extensions>
      </trkpt>
      <trkpt lat="34.1806569881737232208251953125" lon="108.9325522072613239288330078125">
        <ele>437.399993896484375</ele>
        <time>2026-07-11T00:32:07.000Z</time>
        <extensions>
          <ns3:TrackPointExtension>
            <ns3:hr>148</ns3:hr>
            <ns3:cad>88</ns3:cad>
          </ns3:TrackPointExtension>
        </extensions>
      </trkpt>
      <trkpt lat="34.18065103702247142791748046875" lon="108.93257793970406055450439453125">
        <ele>437.399993896484375</ele>
        <time>2026-07-11T00:32:08.000Z</time>
        <extensions>
          <ns3:TrackPointExtension>
            <ns3:hr>147</ns3:hr>
            <ns3:cad>87</ns3:cad>
          </ns3:TrackPointExtension>
        </extensions>
      </trkpt>
      <trkpt lat="34.180646426975727081298828125" lon="108.9326038397848606109619140625">
        <ele>437.399993896484375</ele>
        <time>2026-07-11T00:32:09.000Z</time>
        <extensions>
          <ns3:TrackPointExtension>
            <ns3:hr>147</ns3:hr>
            <ns3:cad>87</ns3:cad>
          </ns3:TrackPointExtension>
        </extensions>
      </trkpt>
      <trkpt lat="34.18063712306320667266845703125" lon="108.93263326026499271392822265625">
        <ele>437.600006103515625</ele>
        <time>2026-07-11T00:32:10.000Z</time>
        <extensions>
          <ns3:TrackPointExtension>
            <ns3:hr>148</ns3:hr>
            <ns3:cad>87</ns3:cad>
          </ns3:TrackPointExtension>
        </extensions>
      </trkpt>
      <trkpt lat="34.1806305013597011566162109375" lon="108.9326605014503002166748046875">
        <ele>437.600006103515625</ele>
        <time>2026-07-11T00:32:11.000Z</time>
        <extensions>
          <ns3:TrackPointExtension>
            <ns3:hr>148</ns3:hr>
            <ns3:cad>88</ns3:cad>
          </ns3:TrackPointExtension>
        </extensions>
      </trkpt>
      <trkpt lat="34.1806237958371639251708984375" lon="108.932697884738445281982421875">
        <ele>437.600006103515625</ele>
        <time>2026-07-11T00:32:12.000Z</time>
        <extensions>
          <ns3:TrackPointExtension>
            <ns3:hr>148</ns3:hr>
            <ns3:cad>88</ns3:cad>
          </ns3:TrackPointExtension>
        </extensions>
      </trkpt>
      <trkpt lat="34.18061851523816585540771484375" lon="108.93272680230438709259033203125">
        <ele>437.600006103515625</ele>
        <time>2026-07-11T00:32:13.000Z</time>
        <extensions>
          <ns3:TrackPointExtension>
            <ns3:hr>149</ns3:hr>
            <ns3:cad>88</ns3:cad>
          </ns3:TrackPointExtension>
        </extensions>
      </trkpt>
      <trkpt lat="34.18061432428658008575439453125" lon="108.9327594079077243804931640625">
        <ele>437.600006103515625</ele>
        <time>2026-07-11T00:32:14.000Z</time>
        <extensions>
          <ns3:TrackPointExtension>
            <ns3:hr>149</ns3:hr>
            <ns3:cad>87</ns3:cad>
          </ns3:TrackPointExtension>
        </extensions>
      </trkpt>
      <trkpt lat="34.180608205497264862060546875" lon="108.932789750397205352783203125">
        <ele>437.600006103515625</ele>
        <time>2026-07-11T00:32:15.000Z</time>
        <extensions>
          <ns3:TrackPointExtension>
            <ns3:hr>149</ns3:hr>
            <ns3:cad>87</ns3:cad>
          </ns3:TrackPointExtension>
        </extensions>
      </trkpt>
      <trkpt lat="34.18060895986855030059814453125" lon="108.932823278009891510009765625">
        <ele>437.600006103515625</ele>
        <time>2026-07-11T00:32:16.000Z</time>
        <extensions>
          <ns3:TrackPointExtension>
            <ns3:hr>150</ns3:hr>
            <ns3:cad>87</ns3:cad>
          </ns3:TrackPointExtension>
        </extensions>
      </trkpt>
      <trkpt lat="34.18060560710728168487548828125" lon="108.93285303376615047454833984375">
        <ele>437.600006103515625</ele>
        <time>2026-07-11T00:32:17.000Z</time>
        <extensions>
          <ns3:TrackPointExtension>
            <ns3:hr>150</ns3:hr>
            <ns3:cad>87</ns3:cad>
          </ns3:TrackPointExtension>
        </extensions>
      </trkpt>
      <trkpt lat="34.18060678057372570037841796875" lon="108.93287968821823596954345703125">
        <ele>437.79998779296875</ele>
        <time>2026-07-11T00:32:18.000Z</time>
        <extensions>
          <ns3:TrackPointExtension>
            <ns3:hr>150</ns3:hr>
            <ns3:cad>87</ns3:cad>
          </ns3:TrackPointExtension>
        </extensions>
      </trkpt>
      <trkpt lat="34.18060745112597942352294921875" lon="108.9329075999557971954345703125">
        <ele>437.79998779296875</ele>
        <time>2026-07-11T00:32:19.000Z</time>
        <extensions>
          <ns3:TrackPointExtension>
            <ns3:hr>151</ns3:hr>
            <ns3:cad>87</ns3:cad>
          </ns3:TrackPointExtension>
        </extensions>
      </trkpt>
      <trkpt lat="34.180606864392757415771484375" lon="108.9329354278743267059326171875">
        <ele>437.79998779296875</ele>
        <time>2026-07-11T00:32:20.000Z</time>
        <extensions>
          <ns3:TrackPointExtension>
            <ns3:hr>151</ns3:hr>
            <ns3:cad>87</ns3:cad>
          </ns3:TrackPointExtension>
        </extensions>
      </trkpt>
      <trkpt lat="34.18060158379375934600830078125" lon="108.93296937458217144012451171875">
        <ele>437.79998779296875</ele>
        <time>2026-07-11T00:32:21.000Z</time>
        <extensions>
          <ns3:TrackPointExtension>
            <ns3:hr>151</ns3:hr>
            <ns3:cad>87</ns3:cad>
          </ns3:TrackPointExtension>
        </extensions>
      </trkpt>
      <trkpt lat="34.18060250580310821533203125" lon="108.93299452029168605804443359375">
        <ele>437.79998779296875</ele>
        <time>2026-07-11T00:32:22.000Z</time>
        <extensions>
          <ns3:TrackPointExtension>
            <ns3:hr>152</ns3:hr>
            <ns3:cad>88</ns3:cad>
          </ns3:TrackPointExtension>
        </extensions>
      </trkpt>
      <trkpt lat="34.18060426600277423858642578125" lon="108.9330363459885120391845703125">
        <ele>437.79998779296875</ele>
        <time>2026-07-11T00:32:23.000Z</time>
        <extensions>
          <ns3:TrackPointExtension>
            <ns3:hr>152</ns3:hr>
            <ns3:cad>88</ns3:cad>
          </ns3:TrackPointExtension>
        </extensions>
      </trkpt>
      <trkpt lat="34.18060376308858394622802734375" lon="108.93306442536413669586181640625">
        <ele>437.79998779296875</ele>
        <time>2026-07-11T00:32:24.000Z</time>
        <extensions>
          <ns3:TrackPointExtension>
            <ns3:hr>152</ns3:hr>
            <ns3:cad>88</ns3:cad>
          </ns3:TrackPointExtension>
        </extensions>
      </trkpt>
      <trkpt lat="34.18060242198407649993896484375" lon="108.9331037364900112152099609375">
        <ele>437.79998779296875</ele>
        <time>2026-07-11T00:32:25.000Z</time>
        <extensions>
          <ns3:TrackPointExtension>
            <ns3:hr>153</ns3:hr>
            <ns3:cad>88</ns3:cad>
          </ns3:TrackPointExtension>
        </extensions>
      </trkpt>
      <trkpt lat="34.18059772811830043792724609375" lon="108.93312997184693813323974609375">
        <ele>437.79998779296875</ele>
        <time>2026-07-11T00:32:26.000Z</time>
        <extensions>
          <ns3:TrackPointExtension>
            <ns3:hr>153</ns3:hr>
            <ns3:cad>88</ns3:cad>
          </ns3:TrackPointExtension>
        </extensions>
      </trkpt>
      <trkpt lat="34.180594123899936676025390625" lon="108.9331617392599582672119140625">
        <ele>437.79998779296875</ele>
        <time>2026-07-11T00:32:27.000Z</time>
        <extensions>
          <ns3:TrackPointExtension>
            <ns3:hr>153</ns3:hr>
            <ns3:cad>88</ns3:cad>
          </ns3:TrackPointExtension>
        </extensions>
      </trkpt>
      <trkpt lat="34.1805892623960971832275390625" lon="108.933191411197185516357421875">
        <ele>437.79998779296875</ele>
        <time>2026-07-11T00:32:28.000Z</time>
        <extensions>
          <ns3:TrackPointExtension>
            <ns3:hr>153</ns3:hr>
            <ns3:cad>88</ns3:cad>
          </ns3:TrackPointExtension>
        </extensions>
      </trkpt>
      <trkpt lat="34.1805838979780673980712890625" lon="108.93321412615478038787841796875">
        <ele>437.79998779296875</ele>
        <time>2026-07-11T00:32:29.000Z</time>
        <extensions>
          <ns3:TrackPointExtension>
            <ns3:hr>154</ns3:hr>
            <ns3:cad>88</ns3:cad>
          </ns3:TrackPointExtension>
        </extensions>
      </trkpt>
      <trkpt lat="34.18057861737906932830810546875" lon="108.93323910422623157501220703125">
        <ele>437.79998779296875</ele>
        <time>2026-07-11T00:32:30.000Z</time>
        <extensions>
          <ns3:TrackPointExtension>
            <ns3:hr>154</ns3:hr>
            <ns3:cad>87</ns3:cad>
          </ns3:TrackPointExtension>
        </extensions>
      </trkpt>
      <trkpt lat="34.1805691458284854888916015625" lon="108.93325653858482837677001953125">
        <ele>437.79998779296875</ele>
        <time>2026-07-11T00:32:31.000Z</time>
        <extensions>
          <ns3:TrackPointExtension>
            <ns3:hr>154</ns3:hr>
            <ns3:cad>87</ns3:cad>
          </ns3:TrackPointExtension>
        </extensions>
      </trkpt>
      <trkpt lat="34.1805647872388362884521484375" lon="108.933285959064960479736328125">
        <ele>437.79998779296875</ele>
        <time>2026-07-11T00:32:32.000Z</time>
        <extensions>
          <ns3:TrackPointExtension>
            <ns3:hr>154</ns3:hr>
            <ns3:cad>87</ns3:cad>
          </ns3:TrackPointExtension>
        </extensions>
      </trkpt>
      <trkpt lat="34.18056319467723369598388671875" lon="108.93330448307096958160400390625">
        <ele>438</ele>
        <time>2026-07-11T00:32:33.000Z</time>
        <extensions>
          <ns3:TrackPointExtension>
            <ns3:hr>154</ns3:hr>
            <ns3:cad>87</ns3:cad>
          </ns3:TrackPointExtension>
        </extensions>
      </trkpt>
      <trkpt lat="34.180562607944011688232421875" lon="108.9333417825400829315185546875">
        <ele>438</ele>
        <time>2026-07-11T00:32:34.000Z</time>
        <extensions>
          <ns3:TrackPointExtension>
            <ns3:hr>154</ns3:hr>
            <ns3:cad>88</ns3:cad>
          </ns3:TrackPointExtension>
        </extensions>
      </trkpt>
      <trkpt lat="34.18056235648691654205322265625" lon="108.9333682693541049957275390625">
        <ele>438</ele>
        <time>2026-07-11T00:32:35.000Z</time>
        <extensions>
          <ns3:TrackPointExtension>
            <ns3:hr>153</ns3:hr>
            <ns3:cad>88</ns3:cad>
          </ns3:TrackPointExtension>
        </extensions>
      </trkpt>
      <trkpt lat="34.18055615387856960296630859375" lon="108.9334031380712985992431640625">
        <ele>438</ele>
        <time>2026-07-11T00:32:36.000Z</time>
        <extensions>
          <ns3:TrackPointExtension>
            <ns3:hr>153</ns3:hr>
            <ns3:cad>88</ns3:cad>
          </ns3:TrackPointExtension>
        </extensions>
      </trkpt>
      <trkpt lat="34.180558584630489349365234375" lon="108.93343037925660610198974609375">
        <ele>438</ele>
        <time>2026-07-11T00:32:37.000Z</time>
        <extensions>
          <ns3:TrackPointExtension>
            <ns3:hr>152</ns3:hr>
            <ns3:cad>88</ns3:cad>
          </ns3:TrackPointExtension>
        </extensions>
      </trkpt>
      <trkpt lat="34.1805520467460155487060546875" lon="108.9334654994308948516845703125">
        <ele>438</ele>
        <time>2026-07-11T00:32:38.000Z</time>
        <extensions>
          <ns3:TrackPointExtension>
            <ns3:hr>152</ns3:hr>
            <ns3:cad>89</ns3:cad>
          </ns3:TrackPointExtension>
        </extensions>
      </trkpt>
      <trkpt lat="34.18055330403149127960205078125" lon="108.93348771147429943084716796875">
        <ele>438.20001220703125</ele>
        <time>2026-07-11T00:32:39.000Z</time>
        <extensions>
          <ns3:TrackPointExtension>
            <ns3:hr>152</ns3:hr>
            <ns3:cad>89</ns3:cad>
          </ns3:TrackPointExtension>
        </extensions>
      </trkpt>
      <trkpt lat="34.18055422604084014892578125" lon="108.93352157436311244964599609375">
        <ele>438.20001220703125</ele>
        <time>2026-07-11T00:32:40.000Z</time>
        <extensions>
          <ns3:TrackPointExtension>
            <ns3:hr>152</ns3:hr>
            <ns3:cad>89</ns3:cad>
          </ns3:TrackPointExtension>
        </extensions>
      </trkpt>
      <trkpt lat="34.18055422604084014892578125" lon="108.93354512751102447509765625">
        <ele>438.20001220703125</ele>
        <time>2026-07-11T00:32:41.000Z</time>
        <extensions>
          <ns3:TrackPointExtension>
            <ns3:hr>152</ns3:hr>
            <ns3:cad>88</ns3:cad>
          </ns3:TrackPointExtension>
        </extensions>
      </trkpt>
      <trkpt lat="34.180550538003444671630859375" lon="108.9335788227617740631103515625">
        <ele>438.399993896484375</ele>
        <time>2026-07-11T00:32:42.000Z</time>
        <extensions>
          <ns3:TrackPointExtension>
            <ns3:hr>152</ns3:hr>
            <ns3:cad>88</ns3:cad>
          </ns3:TrackPointExtension>
        </extensions>
      </trkpt>
      <trkpt lat="34.180545844137668609619140625" lon="108.93360874615609645843505859375">
        <ele>438.399993896484375</ele>
        <time>2026-07-11T00:32:43.000Z</time>
        <extensions>
          <ns3:TrackPointExtension>
            <ns3:hr>152</ns3:hr>
            <ns3:cad>88</ns3:cad>
          </ns3:TrackPointExtension>
        </extensions>
      </trkpt>
      <trkpt lat="34.18054324574768543243408203125" lon="108.933626599609851837158203125">
        <ele>438.399993896484375</ele>
        <time>2026-07-11T00:32:44.000Z</time>
        <extensions>
          <ns3:TrackPointExtension>
            <ns3:hr>152</ns3:hr>
            <ns3:cad>88</ns3:cad>
          </ns3:TrackPointExtension>
        </extensions>
      </trkpt>
      <trkpt lat="34.18054475449025630950927734375" lon="108.93360991962254047393798828125">
        <ele>438.399993896484375</ele>
        <time>2026-07-11T00:32:45.000Z</time>
        <extensions>
          <ns3:TrackPointExtension>
            <ns3:hr>151</ns3:hr>
            <ns3:cad>89</ns3:cad>
          </ns3:TrackPointExtension>
        </extensions>
      </trkpt>
      <trkpt lat="34.18054190464317798614501953125" lon="108.933588378131389617919921875">
        <ele>438.20001220703125</ele>
        <time>2026-07-11T00:32:46.000Z</time>
        <extensions>
          <ns3:TrackPointExtension>
            <ns3:hr>151</ns3:hr>
            <ns3:cad>86</ns3:cad>
          </ns3:TrackPointExtension>
        </extensions>
      </trkpt>
      <trkpt lat="34.180550538003444671630859375" lon="108.9335587061941623687744140625">
        <ele>438.20001220703125</ele>
        <time>2026-07-11T00:32:47.000Z</time>
        <extensions>
          <ns3:TrackPointExtension>
            <ns3:hr>151</ns3:hr>
            <ns3:cad>86</ns3:cad>
          </ns3:TrackPointExtension>
        </extensions>
      </trkpt>
      <trkpt lat="34.1805560700595378875732421875" lon="108.93353414721786975860595703125">
        <ele>438.399993896484375</ele>
        <time>2026-07-11T00:32:48.000Z</time>
        <extensions>
          <ns3:TrackPointExtension>
            <ns3:hr>151</ns3:hr>
            <ns3:cad>84</ns3:cad>
          </ns3:TrackPointExtension>
        </extensions>
      </trkpt>
      <trkpt lat="34.1805641166865825653076171875" lon="108.93350648693740367889404296875">
        <ele>438.399993896484375</ele>
        <time>2026-07-11T00:32:49.000Z</time>
        <extensions>
          <ns3:TrackPointExtension>
            <ns3:hr>150</ns3:hr>
            <ns3:cad>84</ns3:cad>
          </ns3:TrackPointExtension>
        </extensions>
      </trkpt>
      <trkpt lat="34.18056705035269260406494140625" lon="108.9334799163043498992919921875">
        <ele>438.399993896484375</ele>
        <time>2026-07-11T00:32:50.000Z</time>
        <extensions>
          <ns3:TrackPointExtension>
            <ns3:hr>150</ns3:hr>
            <ns3:cad>84</ns3:cad>
          </ns3:TrackPointExtension>
        </extensions>
      </trkpt>
      <trkpt lat="34.18056755326688289642333984375" lon="108.9334492385387420654296875">
        <ele>438.399993896484375</ele>
        <time>2026-07-11T00:32:51.000Z</time>
        <extensions>
          <ns3:TrackPointExtension>
            <ns3:hr>150</ns3:hr>
            <ns3:cad>84</ns3:cad>
          </ns3:TrackPointExtension>
        </extensions>
      </trkpt>
      <trkpt lat="34.1805728338658809661865234375" lon="108.93342308700084686279296875">
        <ele>438.399993896484375</ele>
        <time>2026-07-11T00:32:52.000Z</time>
        <extensions>
          <ns3:TrackPointExtension>
            <ns3:hr>150</ns3:hr>
            <ns3:cad>86</ns3:cad>
          </ns3:TrackPointExtension>
        </extensions>
      </trkpt>
      <trkpt lat="34.18057166039943695068359375" lon="108.933395929634571075439453125">
        <ele>438.399993896484375</ele>
        <time>2026-07-11T00:32:53.000Z</time>
        <extensions>
          <ns3:TrackPointExtension>
            <ns3:hr>150</ns3:hr>
            <ns3:cad>87</ns3:cad>
          </ns3:TrackPointExtension>
        </extensions>
      </trkpt>
      <trkpt lat="34.18057509697973728179931640625" lon="108.93336466513574123382568359375">
        <ele>438.20001220703125</ele>
        <time>2026-07-11T00:32:54.000Z</time>
        <extensions>
          <ns3:TrackPointExtension>
            <ns3:hr>150</ns3:hr>
            <ns3:cad>88</ns3:cad>
          </ns3:TrackPointExtension>
        </extensions>
      </trkpt>
      <trkpt lat="34.1805761866271495819091796875" lon="108.9333391003310680389404296875">
        <ele>438.20001220703125</ele>
        <time>2026-07-11T00:32:55.000Z</time>
        <extensions>
          <ns3:TrackPointExtension>
            <ns3:hr>150</ns3:hr>
            <ns3:cad>88</ns3:cad>
          </ns3:TrackPointExtension>
        </extensions>
      </trkpt>
      <trkpt lat="34.18057945556938648223876953125" lon="108.93331202678382396697998046875">
        <ele>438.20001220703125</ele>
        <time>2026-07-11T00:32:56.000Z</time>
        <extensions>
          <ns3:TrackPointExtension>
            <ns3:hr>150</ns3:hr>
            <ns3:cad>88</ns3:cad>
          </ns3:TrackPointExtension>
        </extensions>
      </trkpt>
      <trkpt lat="34.1805818863213062286376953125" lon="108.9332864619791507720947265625">
        <ele>438.20001220703125</ele>
        <time>2026-07-11T00:32:57.000Z</time>
        <extensions>
          <ns3:TrackPointExtension>
            <ns3:hr>150</ns3:hr>
            <ns3:cad>88</ns3:cad>
          </ns3:TrackPointExtension>
        </extensions>
      </trkpt>
      <trkpt lat="34.18058549053966999053955078125" lon="108.93325570039451122283935546875">
        <ele>438</ele>
        <time>2026-07-11T00:32:58.000Z</time>
        <extensions>
          <ns3:TrackPointExtension>
            <ns3:hr>150</ns3:hr>
            <ns3:cad>87</ns3:cad>
          </ns3:TrackPointExtension>
        </extensions>
      </trkpt>
      <trkpt lat="34.1805869154632091522216796875" lon="108.93323189578950405120849609375">
        <ele>438</ele>
        <time>2026-07-11T00:32:59.000Z</time>
        <extensions>
          <ns3:TrackPointExtension>
            <ns3:hr>151</ns3:hr>
            <ns3:cad>87</ns3:cad>
          </ns3:TrackPointExtension>
        </extensions>
      </trkpt>
      <trkpt lat="34.18058909475803375244140625" lon="108.93320239149034023284912109375">
        <ele>438</ele>
        <time>2026-07-11T00:33:00.000Z</time>
        <extensions>
          <ns3:TrackPointExtension>
            <ns3:hr>151</ns3:hr>
            <ns3:cad>87</ns3:cad>
          </ns3:TrackPointExtension>
        </extensions>
      </trkpt>
      <trkpt lat="34.18058984912931919097900390625" lon="108.93317959271371364593505859375">
        <ele>438</ele>
        <time>2026-07-11T00:33:01.000Z</time>
        <extensions>
          <ns3:TrackPointExtension>
            <ns3:hr>151</ns3:hr>
            <ns3:cad>88</ns3:cad>
          </ns3:TrackPointExtension>
        </extensions>
      </trkpt>
      <trkpt lat="34.18059269897639751434326171875" lon="108.9331513457000255584716796875">
        <ele>438</ele>
        <time>2026-07-11T00:33:02.000Z</time>
        <extensions>
          <ns3:TrackPointExtension>
            <ns3:hr>151</ns3:hr>
            <ns3:cad>87</ns3:cad>
          </ns3:TrackPointExtension>
        </extensions>
      </trkpt>
      <trkpt lat="34.18059621937572956085205078125" lon="108.93312871456146240234375">
        <ele>438</ele>
        <time>2026-07-11T00:33:03.000Z</time>
        <extensions>
          <ns3:TrackPointExtension>
            <ns3:hr>150</ns3:hr>
            <ns3:cad>87</ns3:cad>
          </ns3:TrackPointExtension>
        </extensions>
      </trkpt>
      <trkpt lat="34.18059873394668102264404296875" lon="108.9331003837287425994873046875">
        <ele>438</ele>
        <time>2026-07-11T00:33:04.000Z</time>
        <extensions>
          <ns3:TrackPointExtension>
            <ns3:hr>150</ns3:hr>
            <ns3:cad>87</ns3:cad>
          </ns3:TrackPointExtension>
        </extensions>
      </trkpt>
      <trkpt lat="34.18059772811830043792724609375" lon="108.93307381309568881988525390625">
        <ele>438</ele>
        <time>2026-07-11T00:33:05.000Z</time>
        <extensions>
          <ns3:TrackPointExtension>
            <ns3:hr>150</ns3:hr>
            <ns3:cad>87</ns3:cad>
          </ns3:TrackPointExtension>
        </extensions>
      </trkpt>
      <trkpt lat="34.18059521354734897613525390625" lon="108.9330430515110492706298828125">
        <ele>437.79998779296875</ele>
        <time>2026-07-11T00:33:06.000Z</time>
        <extensions>
          <ns3:TrackPointExtension>
            <ns3:hr>150</ns3:hr>
            <ns3:cad>87</ns3:cad>
          </ns3:TrackPointExtension>
        </extensions>
      </trkpt>
      <trkpt lat="34.1805969737470149993896484375" lon="108.93301463685929775238037109375">
        <ele>437.79998779296875</ele>
        <time>2026-07-11T00:33:07.000Z</time>
        <extensions>
          <ns3:TrackPointExtension>
            <ns3:hr>149</ns3:hr>
            <ns3:cad>87</ns3:cad>
          </ns3:TrackPointExtension>
        </extensions>
      </trkpt>
      <trkpt lat="34.18059714138507843017578125" lon="108.93298580311238765716552734375">
        <ele>437.600006103515625</ele>
        <time>2026-07-11T00:33:08.000Z</time>
        <extensions>
          <ns3:TrackPointExtension>
            <ns3:hr>149</ns3:hr>
            <ns3:cad>87</ns3:cad>
          </ns3:TrackPointExtension>
        </extensions>
      </trkpt>
      <trkpt lat="34.18060074560344219207763671875" lon="108.932954370975494384765625">
        <ele>437.600006103515625</ele>
        <time>2026-07-11T00:33:09.000Z</time>
        <extensions>
          <ns3:TrackPointExtension>
            <ns3:hr>149</ns3:hr>
            <ns3:cad>87</ns3:cad>
          </ns3:TrackPointExtension>
        </extensions>
      </trkpt>
      <trkpt lat="34.1806016676127910614013671875" lon="108.932930566370487213134765625">
        <ele>437.600006103515625</ele>
        <time>2026-07-11T00:33:10.000Z</time>
        <extensions>
          <ns3:TrackPointExtension>
            <ns3:hr>148</ns3:hr>
            <ns3:cad>87</ns3:cad>
          </ns3:TrackPointExtension>
        </extensions>
      </trkpt>
      <trkpt lat="34.18060527183115482330322265625" lon="108.93290164880454540252685546875">
        <ele>437.600006103515625</ele>
        <time>2026-07-11T00:33:11.000Z</time>
        <extensions>
          <ns3:TrackPointExtension>
            <ns3:hr>148</ns3:hr>
            <ns3:cad>87</ns3:cad>
          </ns3:TrackPointExtension>
        </extensions>
      </trkpt>
      <trkpt lat="34.18060652911663055419921875" lon="108.93287885002791881561279296875">
        <ele>437.600006103515625</ele>
        <time>2026-07-11T00:33:12.000Z</time>
        <extensions>
          <ns3:TrackPointExtension>
            <ns3:hr>147</ns3:hr>
            <ns3:cad>87</ns3:cad>
          </ns3:TrackPointExtension>
        </extensions>
      </trkpt>
      <trkpt lat="34.1806125640869140625" lon="108.93284800462424755096435546875">
        <ele>437.600006103515625</ele>
        <time>2026-07-11T00:33:13.000Z</time>
        <extensions>
          <ns3:TrackPointExtension>
            <ns3:hr>147</ns3:hr>
            <ns3:cad>87</ns3:cad>
          </ns3:TrackPointExtension>
        </extensions>
      </trkpt>
      <trkpt lat="34.18061851523816585540771484375" lon="108.93282403238117694854736328125">
        <ele>437.600006103515625</ele>
        <time>2026-07-11T00:33:14.000Z</time>
        <extensions>
          <ns3:TrackPointExtension>
            <ns3:hr>147</ns3:hr>
            <ns3:cad>87</ns3:cad>
          </ns3:TrackPointExtension>
        </extensions>
      </trkpt>
      <trkpt lat="34.1806264780461788177490234375" lon="108.9327939413487911224365234375">
        <ele>437.600006103515625</ele>
        <time>2026-07-11T00:33:15.000Z</time>
        <extensions>
          <ns3:TrackPointExtension>
            <ns3:hr>147</ns3:hr>
            <ns3:cad>87</ns3:cad>
          </ns3:TrackPointExtension>
        </extensions>
      </trkpt>
      <trkpt lat="34.1806351952254772186279296875" lon="108.932764939963817596435546875">
        <ele>437.600006103515625</ele>
        <time>2026-07-11T00:33:16.000Z</time>
        <extensions>
          <ns3:TrackPointExtension>
            <ns3:hr>147</ns3:hr>
            <ns3:cad>88</ns3:cad>
          </ns3:TrackPointExtension>
        </extensions>
      </trkpt>
      <trkpt lat="34.18064366094768047332763671875" lon="108.9327389560639858245849609375">
        <ele>437.600006103515625</ele>
        <time>2026-07-11T00:33:17.000Z</time>
        <extensions>
          <ns3:TrackPointExtension>
            <ns3:hr>147</ns3:hr>
            <ns3:cad>88</ns3:cad>
          </ns3:TrackPointExtension>
        </extensions>
      </trkpt>
      <trkpt lat="34.18065011501312255859375" lon="108.9327111281454563140869140625">
        <ele>437.600006103515625</ele>
        <time>2026-07-11T00:33:18.000Z</time>
        <extensions>
          <ns3:TrackPointExtension>
            <ns3:hr>147</ns3:hr>
            <ns3:cad>88</ns3:cad>
          </ns3:TrackPointExtension>
        </extensions>
      </trkpt>
      <trkpt lat="34.18065573088824748992919921875" lon="108.9326859824359416961669921875">
        <ele>437.600006103515625</ele>
        <time>2026-07-11T00:33:19.000Z</time>
        <extensions>
          <ns3:TrackPointExtension>
            <ns3:hr>147</ns3:hr>
            <ns3:cad>88</ns3:cad>
          </ns3:TrackPointExtension>
        </extensions>
      </trkpt>
      <trkpt lat="34.18066344223916530609130859375" lon="108.93265463411808013916015625">
        <ele>437.600006103515625</ele>
        <time>2026-07-11T00:33:20.000Z</time>
        <extensions>
          <ns3:TrackPointExtension>
            <ns3:hr>147</ns3:hr>
            <ns3:cad>88</ns3:cad>
          </ns3:TrackPointExtension>
        </extensions>
      </trkpt>
      <trkpt lat="34.18066377751529216766357421875" lon="108.93262705765664577484130859375">
        <ele>437.600006103515625</ele>
        <time>2026-07-11T00:33:21.000Z</time>
        <extensions>
          <ns3:TrackPointExtension>
            <ns3:hr>147</ns3:hr>
            <ns3:cad>88</ns3:cad>
          </ns3:TrackPointExtension>
        </extensions>
      </trkpt>
      <trkpt lat="34.18067031539976596832275390625" lon="108.93259537406265735626220703125">
        <ele>437.600006103515625</ele>
        <time>2026-07-11T00:33:22.000Z</time>
        <extensions>
          <ns3:TrackPointExtension>
            <ns3:hr>147</ns3:hr>
            <ns3:cad>88</ns3:cad>
          </ns3:TrackPointExtension>
        </extensions>
      </trkpt>
      <trkpt lat="34.180672578513622283935546875" lon="108.9325716532766819000244140625">
        <ele>437.600006103515625</ele>
        <time>2026-07-11T00:33:23.000Z</time>
        <extensions>
          <ns3:TrackPointExtension>
            <ns3:hr>147</ns3:hr>
            <ns3:cad>88</ns3:cad>
          </ns3:TrackPointExtension>
        </extensions>
      </trkpt>
      <trkpt lat="34.18067534454166889190673828125" lon="108.93254642374813556671142578125">
        <ele>437.399993896484375</ele>
        <time>2026-07-11T00:33:24.000Z</time>
        <extensions>
          <ns3:TrackPointExtension>
            <ns3:hr>147</ns3:hr>
            <ns3:cad>88</ns3:cad>
          </ns3:TrackPointExtension>
        </extensions>
      </trkpt>
      <trkpt lat="34.18067651800811290740966796875" lon="108.93252261914312839508056640625">
        <ele>437.399993896484375</ele>
        <time>2026-07-11T00:33:25.000Z</time>
        <extensions>
          <ns3:TrackPointExtension>
            <ns3:hr>147</ns3:hr>
            <ns3:cad>88</ns3:cad>
          </ns3:TrackPointExtension>
        </extensions>
      </trkpt>
      <trkpt lat="34.18068305589258670806884765625" lon="108.93249370157718658447265625">
        <ele>437.399993896484375</ele>
        <time>2026-07-11T00:33:26.000Z</time>
        <extensions>
          <ns3:TrackPointExtension>
            <ns3:hr>147</ns3:hr>
            <ns3:cad>88</ns3:cad>
          </ns3:TrackPointExtension>
        </extensions>
      </trkpt>
      <trkpt lat="34.18068372644484043121337890625" lon="108.93246595747768878936767578125">
        <ele>437.399993896484375</ele>
        <time>2026-07-11T00:33:27.000Z</time>
        <extensions>
          <ns3:TrackPointExtension>
            <ns3:hr>147</ns3:hr>
            <ns3:cad>88</ns3:cad>
          </ns3:TrackPointExtension>
        </extensions>
      </trkpt>
      <trkpt lat="34.180691353976726531982421875" lon="108.93243871629238128662109375">
        <ele>437.399993896484375</ele>
        <time>2026-07-11T00:33:28.000Z</time>
        <extensions>
          <ns3:TrackPointExtension>
            <ns3:hr>147</ns3:hr>
            <ns3:cad>88</ns3:cad>
          </ns3:TrackPointExtension>
        </extensions>
      </trkpt>
      <trkpt lat="34.180694706737995147705078125" lon="108.93241323530673980712890625">
        <ele>437.399993896484375</ele>
        <time>2026-07-11T00:33:29.000Z</time>
        <extensions>
          <ns3:TrackPointExtension>
            <ns3:hr>147</ns3:hr>
            <ns3:cad>88</ns3:cad>
          </ns3:TrackPointExtension>
        </extensions>
      </trkpt>
      <trkpt lat="34.1807009093463420867919921875" lon="108.9323825575411319732666015625">
        <ele>437.399993896484375</ele>
        <time>2026-07-11T00:33:30.000Z</time>
        <extensions>
          <ns3:TrackPointExtension>
            <ns3:hr>147</ns3:hr>
            <ns3:cad>89</ns3:cad>
          </ns3:TrackPointExtension>
        </extensions>
      </trkpt>
      <trkpt lat="34.1806997358798980712890625" lon="108.93235690891742706298828125">
        <ele>437.399993896484375</ele>
        <time>2026-07-11T00:33:31.000Z</time>
        <extensions>
          <ns3:TrackPointExtension>
            <ns3:hr>147</ns3:hr>
            <ns3:cad>89</ns3:cad>
          </ns3:TrackPointExtension>
        </extensions>
      </trkpt>
      <trkpt lat="34.18070283718407154083251953125" lon="108.9323294162750244140625">
        <ele>437.399993896484375</ele>
        <time>2026-07-11T00:33:32.000Z</time>
        <extensions>
          <ns3:TrackPointExtension>
            <ns3:hr>147</ns3:hr>
            <ns3:cad>90</ns3:cad>
          </ns3:TrackPointExtension>
        </extensions>
      </trkpt>
      <trkpt lat="34.1807045973837375640869140625" lon="108.9323084615170955657958984375">
        <ele>437.20001220703125</ele>
        <time>2026-07-11T00:33:33.000Z</time>
        <extensions>
          <ns3:TrackPointExtension>
            <ns3:hr>147</ns3:hr>
            <ns3:cad>90</ns3:cad>
          </ns3:TrackPointExtension>
        </extensions>
      </trkpt>
      <trkpt lat="34.18070702813565731048583984375" lon="108.9322779513895511627197265625">
        <ele>437.20001220703125</ele>
        <time>2026-07-11T00:33:34.000Z</time>
        <extensions>
          <ns3:TrackPointExtension>
            <ns3:hr>147</ns3:hr>
            <ns3:cad>90</ns3:cad>
          </ns3:TrackPointExtension>
        </extensions>
      </trkpt>
      <trkpt lat="34.1807092912495136260986328125" lon="108.93225230276584625244140625">
        <ele>437</ele>
        <time>2026-07-11T00:33:35.000Z</time>
        <extensions>
          <ns3:TrackPointExtension>
            <ns3:hr>147</ns3:hr>
            <ns3:cad>89</ns3:cad>
          </ns3:TrackPointExtension>
        </extensions>
      </trkpt>
      <trkpt lat="34.1807077825069427490234375" lon="108.93221919424831867218017578125">
        <ele>437</ele>
        <time>2026-07-11T00:33:36.000Z</time>
        <extensions>
          <ns3:TrackPointExtension>
            <ns3:hr>146</ns3:hr>
            <ns3:cad>88</ns3:cad>
          </ns3:TrackPointExtension>
        </extensions>
      </trkpt>
      <trkpt lat="34.1807059384882450103759765625" lon="108.93219589255750179290771484375">
        <ele>437</ele>
        <time>2026-07-11T00:33:37.000Z</time>
        <extensions>
          <ns3:TrackPointExtension>
            <ns3:hr>147</ns3:hr>
            <ns3:cad>88</ns3:cad>
          </ns3:TrackPointExtension>
        </extensions>
      </trkpt>
      <trkpt lat="34.1807062737643718719482421875" lon="108.93216588534414768218994140625">
        <ele>436.79998779296875</ele>
        <time>2026-07-11T00:33:38.000Z</time>
        <extensions>
          <ns3:TrackPointExtension>
            <ns3:hr>146</ns3:hr>
            <ns3:cad>88</ns3:cad>
          </ns3:TrackPointExtension>
        </extensions>
      </trkpt>
      <trkpt lat="34.1807099618017673492431640625" lon="108.93214191310107707977294921875">
        <ele>436.79998779296875</ele>
        <time>2026-07-11T00:33:39.000Z</time>
        <extensions>
          <ns3:TrackPointExtension>
            <ns3:hr>146</ns3:hr>
            <ns3:cad>88</ns3:cad>
          </ns3:TrackPointExtension>
        </extensions>
      </trkpt>
      <trkpt lat="34.18070870451629161834716796875" lon="108.9321153424680233001708984375">
        <ele>436.79998779296875</ele>
        <time>2026-07-11T00:33:40.000Z</time>
        <extensions>
          <ns3:TrackPointExtension>
            <ns3:hr>145</ns3:hr>
            <ns3:cad>88</ns3:cad>
          </ns3:TrackPointExtension>
        </extensions>
      </trkpt>
      <trkpt lat="34.18071406893432140350341796875" lon="108.93209271132946014404296875">
        <ele>436.600006103515625</ele>
        <time>2026-07-11T00:33:41.000Z</time>
        <extensions>
          <ns3:TrackPointExtension>
            <ns3:hr>145</ns3:hr>
            <ns3:cad>88</ns3:cad>
          </ns3:TrackPointExtension>
        </extensions>
      </trkpt>
      <trkpt lat="34.1807173378765583038330078125" lon="108.93206630833446979522705078125">
        <ele>436.600006103515625</ele>
        <time>2026-07-11T00:33:42.000Z</time>
        <extensions>
          <ns3:TrackPointExtension>
            <ns3:hr>144</ns3:hr>
            <ns3:cad>88</ns3:cad>
          </ns3:TrackPointExtension>
        </extensions>
      </trkpt>
      <trkpt lat="34.1807216964662075042724609375" lon="108.93203848041594028472900390625">
        <ele>436.600006103515625</ele>
        <time>2026-07-11T00:33:43.000Z</time>
        <extensions>
          <ns3:TrackPointExtension>
            <ns3:hr>143</ns3:hr>
            <ns3:cad>89</ns3:cad>
          </ns3:TrackPointExtension>
        </extensions>
      </trkpt>
      <trkpt lat="34.18072295375168323516845703125" lon="108.9320140890777111053466796875">
        <ele>436.600006103515625</ele>
        <time>2026-07-11T00:33:44.000Z</time>
        <extensions>
          <ns3:TrackPointExtension>
            <ns3:hr>143</ns3:hr>
            <ns3:cad>89</ns3:cad>
          </ns3:TrackPointExtension>
        </extensions>
      </trkpt>
      <trkpt lat="34.1807247139513492584228515625" lon="108.93198751844465732574462890625">
        <ele>436.600006103515625</ele>
        <time>2026-07-11T00:33:45.000Z</time>
        <extensions>
          <ns3:TrackPointExtension>
            <ns3:hr>143</ns3:hr>
            <ns3:cad>89</ns3:cad>
          </ns3:TrackPointExtension>
        </extensions>
      </trkpt>
      <trkpt lat="34.18072680942714214324951171875" lon="108.9319644682109355926513671875">
        <ele>436.600006103515625</ele>
        <time>2026-07-11T00:33:46.000Z</time>
        <extensions>
          <ns3:TrackPointExtension>
            <ns3:hr>143</ns3:hr>
            <ns3:cad>88</ns3:cad>
          </ns3:TrackPointExtension>
        </extensions>
      </trkpt>
      <trkpt lat="34.18073267675936222076416015625" lon="108.93193789757788181304931640625">
        <ele>436.399993896484375</ele>
        <time>2026-07-11T00:33:47.000Z</time>
        <extensions>
          <ns3:TrackPointExtension>
            <ns3:hr>143</ns3:hr>
            <ns3:cad>87</ns3:cad>
          </ns3:TrackPointExtension>
        </extensions>
      </trkpt>
      <trkpt lat="34.18073519133031368255615234375" lon="108.9319155178964138031005859375">
        <ele>436.399993896484375</ele>
        <time>2026-07-11T00:33:48.000Z</time>
        <extensions>
          <ns3:TrackPointExtension>
            <ns3:hr>143</ns3:hr>
            <ns3:cad>87</ns3:cad>
          </ns3:TrackPointExtension>
        </extensions>
      </trkpt>
      <trkpt lat="34.180738963186740875244140625" lon="108.93188827671110630035400390625">
        <ele>436.399993896484375</ele>
        <time>2026-07-11T00:33:49.000Z</time>
        <extensions>
          <ns3:TrackPointExtension>
            <ns3:hr>142</ns3:hr>
            <ns3:cad>88</ns3:cad>
          </ns3:TrackPointExtension>
        </extensions>
      </trkpt>
      <trkpt lat="34.1807404719293117523193359375" lon="108.9318645559251308441162109375">
        <ele>436.20001220703125</ele>
        <time>2026-07-11T00:33:50.000Z</time>
        <extensions>
          <ns3:TrackPointExtension>
            <ns3:hr>143</ns3:hr>
            <ns3:cad>89</ns3:cad>
          </ns3:TrackPointExtension>
        </extensions>
      </trkpt>
      <trkpt lat="34.18074759654700756072998046875" lon="108.931832201778888702392578125">
        <ele>436.20001220703125</ele>
        <time>2026-07-11T00:33:51.000Z</time>
        <extensions>
          <ns3:TrackPointExtension>
            <ns3:hr>143</ns3:hr>
            <ns3:cad>88</ns3:cad>
          </ns3:TrackPointExtension>
        </extensions>
      </trkpt>
      <trkpt lat="34.18075245805084705352783203125" lon="108.93181149847805500030517578125">
        <ele>436.20001220703125</ele>
        <time>2026-07-11T00:33:52.000Z</time>
        <extensions>
          <ns3:TrackPointExtension>
            <ns3:hr>142</ns3:hr>
            <ns3:cad>88</ns3:cad>
          </ns3:TrackPointExtension>
        </extensions>
      </trkpt>
      <trkpt lat="34.18075547553598880767822265625" lon="108.9317817427217960357666015625">
        <ele>436.20001220703125</ele>
        <time>2026-07-11T00:33:53.000Z</time>
        <extensions>
          <ns3:TrackPointExtension>
            <ns3:hr>142</ns3:hr>
            <ns3:cad>88</ns3:cad>
          </ns3:TrackPointExtension>
        </extensions>
      </trkpt>
      <trkpt lat="34.18075597845017910003662109375" lon="108.93176103942096233367919921875">
        <ele>436</ele>
        <time>2026-07-11T00:33:54.000Z</time>
        <extensions>
          <ns3:TrackPointExtension>
            <ns3:hr>142</ns3:hr>
            <ns3:cad>89</ns3:cad>
          </ns3:TrackPointExtension>
        </extensions>
      </trkpt>
      <trkpt lat="34.1807602532207965850830078125" lon="108.9317286014556884765625">
        <ele>436.20001220703125</ele>
        <time>2026-07-11T00:33:55.000Z</time>
        <extensions>
          <ns3:TrackPointExtension>
            <ns3:hr>142</ns3:hr>
            <ns3:cad>89</ns3:cad>
          </ns3:TrackPointExtension>
        </extensions>
      </trkpt>
      <trkpt lat="34.1807599179446697235107421875" lon="108.93170353956520557403564453125">
        <ele>436.20001220703125</ele>
        <time>2026-07-11T00:33:56.000Z</time>
        <extensions>
          <ns3:TrackPointExtension>
            <ns3:hr>143</ns3:hr>
            <ns3:cad>89</ns3:cad>
          </ns3:TrackPointExtension>
        </extensions>
      </trkpt>
      <trkpt lat="34.18076436035335063934326171875" lon="108.93167562782764434814453125">
        <ele>436.20001220703125</ele>
        <time>2026-07-11T00:33:57.000Z</time>
        <extensions>
          <ns3:TrackPointExtension>
            <ns3:hr>142</ns3:hr>
            <ns3:cad>89</ns3:cad>
          </ns3:TrackPointExtension>
        </extensions>
      </trkpt>
      <trkpt lat="34.18076486326754093170166015625" lon="108.93165240995585918426513671875">
        <ele>436.399993896484375</ele>
        <time>2026-07-11T00:33:58.000Z</time>
        <extensions>
          <ns3:TrackPointExtension>
            <ns3:hr>142</ns3:hr>
            <ns3:cad>89</ns3:cad>
          </ns3:TrackPointExtension>
        </extensions>
      </trkpt>
      <trkpt lat="34.180771820247173309326171875" lon="108.93162005580961704254150390625">
        <ele>436.399993896484375</ele>
        <time>2026-07-11T00:33:59.000Z</time>
        <extensions>
          <ns3:TrackPointExtension>
            <ns3:hr>143</ns3:hr>
            <ns3:cad>89</ns3:cad>
          </ns3:TrackPointExtension>
        </extensions>
      </trkpt>
      <trkpt lat="34.18077173642814159393310546875" lon="108.93159289844334125518798828125">
        <ele>436.20001220703125</ele>
        <time>2026-07-11T00:34:00.000Z</time>
        <extensions>
          <ns3:TrackPointExtension>
            <ns3:hr>143</ns3:hr>
            <ns3:cad>89</ns3:cad>
          </ns3:TrackPointExtension>
        </extensions>
      </trkpt>
      <trkpt lat="34.1807773523032665252685546875" lon="108.93156775273382663726806640625">
        <ele>436.20001220703125</ele>
        <time>2026-07-11T00:34:01.000Z</time>
        <extensions>
          <ns3:TrackPointExtension>
            <ns3:hr>143</ns3:hr>
            <ns3:cad>89</ns3:cad>
          </ns3:TrackPointExtension>
        </extensions>
      </trkpt>
      <trkpt lat="34.1807802021503448486328125" lon="108.93154361285269260406494140625">
        <ele>436.20001220703125</ele>
        <time>2026-07-11T00:34:02.000Z</time>
        <extensions>
          <ns3:TrackPointExtension>
            <ns3:hr>143</ns3:hr>
            <ns3:cad>88</ns3:cad>
          </ns3:TrackPointExtension>
        </extensions>
      </trkpt>
      <trkpt lat="34.1807823814451694488525390625" lon="108.9315192215144634246826171875">
        <ele>436.20001220703125</ele>
        <time>2026-07-11T00:34:03.000Z</time>
        <extensions>
          <ns3:TrackPointExtension>
            <ns3:hr>143</ns3:hr>
            <ns3:cad>88</ns3:cad>
          </ns3:TrackPointExtension>
        </extensions>
      </trkpt>
      <trkpt lat="34.18078430928289890289306640625" lon="108.93149189651012420654296875">
        <ele>436.399993896484375</ele>
        <time>2026-07-11T00:34:04.000Z</time>
        <extensions>
          <ns3:TrackPointExtension>
            <ns3:hr>144</ns3:hr>
            <ns3:cad>88</ns3:cad>
          </ns3:TrackPointExtension>
        </extensions>
      </trkpt>
      <trkpt lat="34.1807855665683746337890625" lon="108.93146867863833904266357421875">
        <ele>436.399993896484375</ele>
        <time>2026-07-11T00:34:05.000Z</time>
        <extensions>
          <ns3:TrackPointExtension>
            <ns3:hr>144</ns3:hr>
            <ns3:cad>88</ns3:cad>
          </ns3:TrackPointExtension>
        </extensions>
      </trkpt>
      <trkpt lat="34.18078900314867496490478515625" lon="108.93144168891012668609619140625">
        <ele>436.399993896484375</ele>
        <time>2026-07-11T00:34:06.000Z</time>
        <extensions>
          <ns3:TrackPointExtension>
            <ns3:hr>145</ns3:hr>
            <ns3:cad>89</ns3:cad>
          </ns3:TrackPointExtension>
        </extensions>
      </trkpt>
      <trkpt lat="34.18079319410026073455810546875" lon="108.93141000531613826751708984375">
        <ele>436.399993896484375</ele>
        <time>2026-07-11T00:34:07.000Z</time>
        <extensions>
          <ns3:TrackPointExtension>
            <ns3:hr>145</ns3:hr>
            <ns3:cad>88</ns3:cad>
          </ns3:TrackPointExtension>
        </extensions>
      </trkpt>
      <trkpt lat="34.18079637922346591949462890625" lon="108.93138184212148189544677734375">
        <ele>436.20001220703125</ele>
        <time>2026-07-11T00:34:08.000Z</time>
        <extensions>
          <ns3:TrackPointExtension>
            <ns3:hr>145</ns3:hr>
            <ns3:cad>88</ns3:cad>
          </ns3:TrackPointExtension>
        </extensions>
      </trkpt>
      <trkpt lat="34.18079621158540248870849609375" lon="108.93135267309844493865966796875">
        <ele>436.20001220703125</ele>
        <time>2026-07-11T00:34:09.000Z</time>
        <extensions>
          <ns3:TrackPointExtension>
            <ns3:hr>146</ns3:hr>
            <ns3:cad>88</ns3:cad>
          </ns3:TrackPointExtension>
        </extensions>
      </trkpt>
      <trkpt lat="34.1807989776134490966796875" lon="108.93133222125470638275146484375">
        <ele>436.20001220703125</ele>
        <time>2026-07-11T00:34:10.000Z</time>
        <extensions>
          <ns3:TrackPointExtension>
            <ns3:hr>146</ns3:hr>
            <ns3:cad>89</ns3:cad>
          </ns3:TrackPointExtension>
        </extensions>
      </trkpt>
      <trkpt lat="34.18080392293632030487060546875" lon="108.9313100092113018035888671875">
        <ele>436</ele>
        <time>2026-07-11T00:34:11.000Z</time>
        <extensions>
          <ns3:TrackPointExtension>
            <ns3:hr>146</ns3:hr>
            <ns3:cad>89</ns3:cad>
          </ns3:TrackPointExtension>
        </extensions>
      </trkpt>
      <trkpt lat="34.1808115504682064056396484375" lon="108.93128293566405773162841796875">
        <ele>436</ele>
        <time>2026-07-11T00:34:12.000Z</time>
        <extensions>
          <ns3:TrackPointExtension>
            <ns3:hr>146</ns3:hr>
            <ns3:cad>89</ns3:cad>
          </ns3:TrackPointExtension>
        </extensions>
      </trkpt>
      <trkpt lat="34.18081817217171192169189453125" lon="108.931258879601955413818359375">
        <ele>436</ele>
        <time>2026-07-11T00:34:13.000Z</time>
        <extensions>
          <ns3:TrackPointExtension>
            <ns3:hr>145</ns3:hr>
            <ns3:cad>89</ns3:cad>
          </ns3:TrackPointExtension>
        </extensions>
      </trkpt>
      <trkpt lat="34.18082387186586856842041015625" lon="108.9312362484633922576904296875">
        <ele>436</ele>
        <time>2026-07-11T00:34:14.000Z</time>
        <extensions>
          <ns3:TrackPointExtension>
            <ns3:hr>146</ns3:hr>
            <ns3:cad>89</ns3:cad>
          </ns3:TrackPointExtension>
        </extensions>
      </trkpt>
      <trkpt lat="34.18082571588456630706787109375" lon="108.9312137849628925323486328125">
        <ele>436</ele>
        <time>2026-07-11T00:34:15.000Z</time>
        <extensions>
          <ns3:TrackPointExtension>
            <ns3:hr>146</ns3:hr>
            <ns3:cad>89</ns3:cad>
          </ns3:TrackPointExtension>
        </extensions>
      </trkpt>
      <trkpt lat="34.180830828845500946044921875" lon="108.9311916567385196685791015625">
        <ele>436</ele>
        <time>2026-07-11T00:34:16.000Z</time>
        <extensions>
          <ns3:TrackPointExtension>
            <ns3:hr>147</ns3:hr>
            <ns3:cad>89</ns3:cad>
          </ns3:TrackPointExtension>
        </extensions>
      </trkpt>
      <trkpt lat="34.180829823017120361328125" lon="108.93116709776222705841064453125">
        <ele>436</ele>
        <time>2026-07-11T00:34:17.000Z</time>
        <extensions>
          <ns3:TrackPointExtension>
            <ns3:hr>148</ns3:hr>
            <ns3:cad>89</ns3:cad>
          </ns3:TrackPointExtension>
        </extensions>
      </trkpt>
      <trkpt lat="34.18083694763481616973876953125" lon="108.93113776110112667083740234375">
        <ele>435.79998779296875</ele>
        <time>2026-07-11T00:34:18.000Z</time>
        <extensions>
          <ns3:TrackPointExtension>
            <ns3:hr>148</ns3:hr>
            <ns3:cad>88</ns3:cad>
          </ns3:TrackPointExtension>
        </extensions>
      </trkpt>
      <trkpt lat="34.18083979748189449310302734375" lon="108.93111496232450008392333984375">
        <ele>435.79998779296875</ele>
        <time>2026-07-11T00:34:19.000Z</time>
        <extensions>
          <ns3:TrackPointExtension>
            <ns3:hr>148</ns3:hr>
            <ns3:cad>88</ns3:cad>
          </ns3:TrackPointExtension>
        </extensions>
      </trkpt>
      <trkpt lat="34.18085035867989063262939453125" lon="108.9310887269675731658935546875">
        <ele>435.79998779296875</ele>
        <time>2026-07-11T00:34:20.000Z</time>
        <extensions>
          <ns3:TrackPointExtension>
            <ns3:hr>148</ns3:hr>
            <ns3:cad>88</ns3:cad>
          </ns3:TrackPointExtension>
        </extensions>
      </trkpt>
      <trkpt lat="34.18085220269858837127685546875" lon="108.93106232397258281707763671875">
        <ele>435.79998779296875</ele>
        <time>2026-07-11T00:34:21.000Z</time>
        <extensions>
          <ns3:TrackPointExtension>
            <ns3:hr>148</ns3:hr>
            <ns3:cad>88</ns3:cad>
          </ns3:TrackPointExtension>
        </extensions>
      </trkpt>
      <trkpt lat="34.1808668710291385650634765625" lon="108.9310298860073089599609375">
        <ele>435.600006103515625</ele>
        <time>2026-07-11T00:34:22.000Z</time>
        <extensions>
          <ns3:TrackPointExtension>
            <ns3:hr>148</ns3:hr>
            <ns3:cad>88</ns3:cad>
          </ns3:TrackPointExtension>
        </extensions>
      </trkpt>
      <trkpt lat="34.18087684549391269683837890625" lon="108.93101035617291927337646484375">
        <ele>435.600006103515625</ele>
        <time>2026-07-11T00:34:23.000Z</time>
        <extensions>
          <ns3:TrackPointExtension>
            <ns3:hr>147</ns3:hr>
            <ns3:cad>88</ns3:cad>
          </ns3:TrackPointExtension>
        </extensions>
      </trkpt>
      <trkpt lat="34.18089729733765125274658203125" lon="108.93098537810146808624267578125">
        <ele>435.600006103515625</ele>
        <time>2026-07-11T00:34:24.000Z</time>
        <extensions>
          <ns3:TrackPointExtension>
            <ns3:hr>147</ns3:hr>
            <ns3:cad>88</ns3:cad>
          </ns3:TrackPointExtension>
        </extensions>
      </trkpt>
      <trkpt lat="34.18091137893497943878173828125" lon="108.930966518819332122802734375">
        <ele>435.600006103515625</ele>
        <time>2026-07-11T00:34:25.000Z</time>
        <extensions>
          <ns3:TrackPointExtension>
            <ns3:hr>146</ns3:hr>
            <ns3:cad>88</ns3:cad>
          </ns3:TrackPointExtension>
        </extensions>
      </trkpt>
      <trkpt lat="34.1809372790157794952392578125" lon="108.9309455640614032745361328125">
        <ele>435.399993896484375</ele>
        <time>2026-07-11T00:34:26.000Z</time>
        <extensions>
          <ns3:TrackPointExtension>
            <ns3:hr>144</ns3:hr>
            <ns3:cad>88</ns3:cad>
          </ns3:TrackPointExtension>
        </extensions>
      </trkpt>
      <trkpt lat="34.18095764704048633575439453125" lon="108.9309324882924556732177734375">
        <ele>435.399993896484375</ele>
        <time>2026-07-11T00:34:27.000Z</time>
        <extensions>
          <ns3:TrackPointExtension>
            <ns3:hr>144</ns3:hr>
            <ns3:cad>88</ns3:cad>
          </ns3:TrackPointExtension>
        </extensions>
      </trkpt>
      <trkpt lat="34.180979691445827484130859375" lon="108.9309194125235080718994140625">
        <ele>435.399993896484375</ele>
        <time>2026-07-11T00:34:28.000Z</time>
        <extensions>
          <ns3:TrackPointExtension>
            <ns3:hr>143</ns3:hr>
            <ns3:cad>87</ns3:cad>
          </ns3:TrackPointExtension>
        </extensions>
      </trkpt>
      <trkpt lat="34.18100475333631038665771484375" lon="108.9309225976467132568359375">
        <ele>435.20001220703125</ele>
        <time>2026-07-11T00:34:29.000Z</time>
        <extensions>
          <ns3:TrackPointExtension>
            <ns3:hr>143</ns3:hr>
            <ns3:cad>87</ns3:cad>
          </ns3:TrackPointExtension>
        </extensions>
      </trkpt>
      <trkpt lat="34.18102403171360492706298828125" lon="108.93091664649546146392822265625">
        <ele>435.20001220703125</ele>
        <time>2026-07-11T00:34:30.000Z</time>
        <extensions>
          <ns3:TrackPointExtension>
            <ns3:hr>142</ns3:hr>
            <ns3:cad>87</ns3:cad>
          </ns3:TrackPointExtension>
        </extensions>
      </trkpt>
      <trkpt lat="34.1810452379286289215087890625" lon="108.9309163950383663177490234375">
        <ele>435.20001220703125</ele>
        <time>2026-07-11T00:34:31.000Z</time>
        <extensions>
          <ns3:TrackPointExtension>
            <ns3:hr>142</ns3:hr>
            <ns3:cad>87</ns3:cad>
          </ns3:TrackPointExtension>
        </extensions>
      </trkpt>
      <trkpt lat="34.18106426484882831573486328125" lon="108.93091279082000255584716796875">
        <ele>435.20001220703125</ele>
        <time>2026-07-11T00:34:32.000Z</time>
        <extensions>
          <ns3:TrackPointExtension>
            <ns3:hr>141</ns3:hr>
            <ns3:cad>87</ns3:cad>
          </ns3:TrackPointExtension>
        </extensions>
      </trkpt>
      <trkpt lat="34.18108924292027950286865234375" lon="108.93091111443936824798583984375">
        <ele>435.20001220703125</ele>
        <time>2026-07-11T00:34:33.000Z</time>
        <extensions>
          <ns3:TrackPointExtension>
            <ns3:hr>141</ns3:hr>
            <ns3:cad>87</ns3:cad>
          </ns3:TrackPointExtension>
        </extensions>
      </trkpt>
      <trkpt lat="34.181107766926288604736328125" lon="108.93090826459228992462158203125">
        <ele>435.20001220703125</ele>
        <time>2026-07-11T00:34:34.000Z</time>
        <extensions>
          <ns3:TrackPointExtension>
            <ns3:hr>142</ns3:hr>
            <ns3:cad>87</ns3:cad>
          </ns3:TrackPointExtension>
        </extensions>
      </trkpt>
      <trkpt lat="34.18113517574965953826904296875" lon="108.93090725876390933990478515625">
        <ele>435.20001220703125</ele>
        <time>2026-07-11T00:34:35.000Z</time>
        <extensions>
          <ns3:TrackPointExtension>
            <ns3:hr>142</ns3:hr>
            <ns3:cad>87</ns3:cad>
          </ns3:TrackPointExtension>
        </extensions>
      </trkpt>
      <trkpt lat="34.18115328066051006317138671875" lon="108.9309117011725902557373046875">
        <ele>435.20001220703125</ele>
        <time>2026-07-11T00:34:36.000Z</time>
        <extensions>
          <ns3:TrackPointExtension>
            <ns3:hr>142</ns3:hr>
            <ns3:cad>87</ns3:cad>
          </ns3:TrackPointExtension>
        </extensions>
      </trkpt>
      <trkpt lat="34.1811810247600078582763671875" lon="108.93091463483870029449462890625">
        <ele>435.20001220703125</ele>
        <time>2026-07-11T00:34:37.000Z</time>
        <extensions>
          <ns3:TrackPointExtension>
            <ns3:hr>143</ns3:hr>
            <ns3:cad>87</ns3:cad>
          </ns3:TrackPointExtension>
        </extensions>
      </trkpt>
      <trkpt lat="34.181203655898571014404296875" lon="108.93091614358127117156982421875">
        <ele>435.20001220703125</ele>
        <time>2026-07-11T00:34:38.000Z</time>
        <extensions>
          <ns3:TrackPointExtension>
            <ns3:hr>143</ns3:hr>
            <ns3:cad>87</ns3:cad>
          </ns3:TrackPointExtension>
        </extensions>
      </trkpt>
      <trkpt lat="34.1812276281416416168212890625" lon="108.93091580830514430999755859375">
        <ele>435.20001220703125</ele>
        <time>2026-07-11T00:34:39.000Z</time>
        <extensions>
          <ns3:TrackPointExtension>
            <ns3:hr>143</ns3:hr>
            <ns3:cad>87</ns3:cad>
          </ns3:TrackPointExtension>
        </extensions>
      </trkpt>
      <trkpt lat="34.1812442243099212646484375" lon="108.93090985715389251708984375">
        <ele>435.20001220703125</ele>
        <time>2026-07-11T00:34:40.000Z</time>
        <extensions>
          <ns3:TrackPointExtension>
            <ns3:hr>143</ns3:hr>
            <ns3:cad>87</ns3:cad>
          </ns3:TrackPointExtension>
        </extensions>
      </trkpt>
      <trkpt lat="34.18126593343913555145263671875" lon="108.93090524710714817047119140625">
        <ele>435.20001220703125</ele>
        <time>2026-07-11T00:34:41.000Z</time>
        <extensions>
          <ns3:TrackPointExtension>
            <ns3:hr>142</ns3:hr>
            <ns3:cad>87</ns3:cad>
          </ns3:TrackPointExtension>
        </extensions>
      </trkpt>
      <trkpt lat="34.1812876425683498382568359375" lon="108.93090943805873394012451171875">
        <ele>435.20001220703125</ele>
        <time>2026-07-11T00:34:42.000Z</time>
        <extensions>
          <ns3:TrackPointExtension>
            <ns3:hr>143</ns3:hr>
            <ns3:cad>87</ns3:cad>
          </ns3:TrackPointExtension>
        </extensions>
      </trkpt>
      <trkpt lat="34.18131329119205474853515625" lon="108.93091329373419284820556640625">
        <ele>435</ele>
        <time>2026-07-11T00:34:43.000Z</time>
        <extensions>
          <ns3:TrackPointExtension>
            <ns3:hr>143</ns3:hr>
            <ns3:cad>88</ns3:cad>
          </ns3:TrackPointExtension>
        </extensions>
      </trkpt>
      <trkpt lat="34.181340448558330535888671875" lon="108.93091832287609577178955078125">
        <ele>435</ele>
        <time>2026-07-11T00:34:44.000Z</time>
        <extensions>
          <ns3:TrackPointExtension>
            <ns3:hr>143</ns3:hr>
            <ns3:cad>88</ns3:cad>
          </ns3:TrackPointExtension>
        </extensions>
      </trkpt>
      <trkpt lat="34.18136433698236942291259765625" lon="108.93091765232384204864501953125">
        <ele>434.79998779296875</ele>
        <time>2026-07-11T00:34:45.000Z</time>
        <extensions>
          <ns3:TrackPointExtension>
            <ns3:hr>143</ns3:hr>
            <ns3:cad>88</ns3:cad>
          </ns3:TrackPointExtension>
        </extensions>
      </trkpt>
      <trkpt lat="34.18139015324413776397705078125" lon="108.93091966398060321807861328125">
        <ele>434.79998779296875</ele>
        <time>2026-07-11T00:34:46.000Z</time>
        <extensions>
          <ns3:TrackPointExtension>
            <ns3:hr>142</ns3:hr>
            <ns3:cad>88</ns3:cad>
          </ns3:TrackPointExtension>
        </extensions>
      </trkpt>
      <trkpt lat="34.18141244910657405853271484375" lon="108.93091832287609577178955078125">
        <ele>434.79998779296875</ele>
        <time>2026-07-11T00:34:47.000Z</time>
        <extensions>
          <ns3:TrackPointExtension>
            <ns3:hr>143</ns3:hr>
            <ns3:cad>88</ns3:cad>
          </ns3:TrackPointExtension>
        </extensions>
      </trkpt>
      <trkpt lat="34.18143424205482006072998046875" lon="108.93092058598995208740234375">
        <ele>434.79998779296875</ele>
        <time>2026-07-11T00:34:48.000Z</time>
        <extensions>
          <ns3:TrackPointExtension>
            <ns3:hr>142</ns3:hr>
            <ns3:cad>90</ns3:cad>
          </ns3:TrackPointExtension>
        </extensions>
      </trkpt>
      <trkpt lat="34.1814556159079074859619140625" lon="108.93091916106641292572021484375">
        <ele>434.79998779296875</ele>
        <time>2026-07-11T00:34:49.000Z</time>
        <extensions>
          <ns3:TrackPointExtension>
            <ns3:hr>142</ns3:hr>
            <ns3:cad>90</ns3:cad>
          </ns3:TrackPointExtension>
        </extensions>
      </trkpt>
      <trkpt lat="34.18147967197000980377197265625" lon="108.93091983161866664886474609375">
        <ele>434.79998779296875</ele>
        <time>2026-07-11T00:34:50.000Z</time>
        <extensions>
          <ns3:TrackPointExtension>
            <ns3:hr>142</ns3:hr>
            <ns3:cad>89</ns3:cad>
          </ns3:TrackPointExtension>
        </extensions>
      </trkpt>
      <trkpt lat="34.1814998723566532135009765625" lon="108.93091253936290740966796875">
        <ele>434.79998779296875</ele>
        <time>2026-07-11T00:34:51.000Z</time>
        <extensions>
          <ns3:TrackPointExtension>
            <ns3:hr>143</ns3:hr>
            <ns3:cad>89</ns3:cad>
          </ns3:TrackPointExtension>
        </extensions>
      </trkpt>
      <trkpt lat="34.1815290413796901702880859375" lon="108.9309132099151611328125">
        <ele>434.79998779296875</ele>
        <time>2026-07-11T00:34:52.000Z</time>
        <extensions>
          <ns3:TrackPointExtension>
            <ns3:hr>143</ns3:hr>
            <ns3:cad>89</ns3:cad>
          </ns3:TrackPointExtension>
        </extensions>
      </trkpt>
      <trkpt lat="34.18155192397534847259521484375" lon="108.93091245554387569427490234375">
        <ele>434.79998779296875</ele>
        <time>2026-07-11T00:34:53.000Z</time>
        <extensions>
          <ns3:TrackPointExtension>
            <ns3:hr>143</ns3:hr>
            <ns3:cad>89</ns3:cad>
          </ns3:TrackPointExtension>
        </extensions>
      </trkpt>
      <trkpt lat="34.18157790787518024444580078125" lon="108.93091656267642974853515625">
        <ele>434.79998779296875</ele>
        <time>2026-07-11T00:34:54.000Z</time>
        <extensions>
          <ns3:TrackPointExtension>
            <ns3:hr>143</ns3:hr>
            <ns3:cad>89</ns3:cad>
          </ns3:TrackPointExtension>
        </extensions>
      </trkpt>
      <trkpt lat="34.18159584514796733856201171875" lon="108.9309184066951274871826171875">
        <ele>434.79998779296875</ele>
        <time>2026-07-11T00:34:55.000Z</time>
        <extensions>
          <ns3:TrackPointExtension>
            <ns3:hr>142</ns3:hr>
            <ns3:cad>87</ns3:cad>
          </ns3:TrackPointExtension>
        </extensions>
      </trkpt>
      <trkpt lat="34.181618727743625640869140625" lon="108.93092326819896697998046875">
        <ele>434.79998779296875</ele>
        <time>2026-07-11T00:34:56.000Z</time>
        <extensions>
          <ns3:TrackPointExtension>
            <ns3:hr>142</ns3:hr>
            <ns3:cad>87</ns3:cad>
          </ns3:TrackPointExtension>
        </extensions>
      </trkpt>
      <trkpt lat="34.18163892813026905059814453125" lon="108.9309254474937915802001953125">
        <ele>434.79998779296875</ele>
        <time>2026-07-11T00:34:57.000Z</time>
        <extensions>
          <ns3:TrackPointExtension>
            <ns3:hr>142</ns3:hr>
            <ns3:cad>87</ns3:cad>
          </ns3:TrackPointExtension>
        </extensions>
      </trkpt>
      <trkpt lat="34.18165820650756359100341796875" lon="108.9309237711131572723388671875">
        <ele>434.79998779296875</ele>
        <time>2026-07-11T00:34:58.000Z</time>
        <extensions>
          <ns3:TrackPointExtension>
            <ns3:hr>142</ns3:hr>
            <ns3:cad>87</ns3:cad>
          </ns3:TrackPointExtension>
        </extensions>
      </trkpt>
      <trkpt lat="34.1816789098083972930908203125" lon="108.93092385493218898773193359375">
        <ele>434.600006103515625</ele>
        <time>2026-07-11T00:34:59.000Z</time>
        <extensions>
          <ns3:TrackPointExtension>
            <ns3:hr>142</ns3:hr>
            <ns3:cad>87</ns3:cad>
          </ns3:TrackPointExtension>
        </extensions>
      </trkpt>
      <trkpt lat="34.18169818818569183349609375" lon="108.93092251382768154144287109375">
        <ele>434.600006103515625</ele>
        <time>2026-07-11T00:35:00.000Z</time>
        <extensions>
          <ns3:TrackPointExtension>
            <ns3:hr>141</ns3:hr>
            <ns3:cad>87</ns3:cad>
          </ns3:TrackPointExtension>
        </extensions>
      </trkpt>
      <trkpt lat="34.18172090314328670501708984375" lon="108.93092854879796504974365234375">
        <ele>434.600006103515625</ele>
        <time>2026-07-11T00:35:01.000Z</time>
        <extensions>
          <ns3:TrackPointExtension>
            <ns3:hr>141</ns3:hr>
            <ns3:cad>87</ns3:cad>
          </ns3:TrackPointExtension>
        </extensions>
      </trkpt>
      <trkpt lat="34.18174068443477153778076171875" lon="108.93092972226440906524658203125">
        <ele>434.399993896484375</ele>
        <time>2026-07-11T00:35:02.000Z</time>
        <extensions>
          <ns3:TrackPointExtension>
            <ns3:hr>141</ns3:hr>
            <ns3:cad>87</ns3:cad>
          </ns3:TrackPointExtension>
        </extensions>
      </trkpt>
      <trkpt lat="34.181765578687191009521484375" lon="108.9309331588447093963623046875">
        <ele>434.399993896484375</ele>
        <time>2026-07-11T00:35:03.000Z</time>
        <extensions>
          <ns3:TrackPointExtension>
            <ns3:hr>141</ns3:hr>
            <ns3:cad>87</ns3:cad>
          </ns3:TrackPointExtension>
        </extensions>
      </trkpt>
      <trkpt lat="34.1817821748554706573486328125" lon="108.93092888407409191131591796875">
        <ele>434.399993896484375</ele>
        <time>2026-07-11T00:35:04.000Z</time>
        <extensions>
          <ns3:TrackPointExtension>
            <ns3:hr>140</ns3:hr>
            <ns3:cad>87</ns3:cad>
          </ns3:TrackPointExtension>
        </extensions>
      </trkpt>
      <trkpt lat="34.18180656619369983673095703125" lon="108.93093072809278964996337890625">
        <ele>434.399993896484375</ele>
        <time>2026-07-11T00:35:05.000Z</time>
        <extensions>
          <ns3:TrackPointExtension>
            <ns3:hr>140</ns3:hr>
            <ns3:cad>87</ns3:cad>
          </ns3:TrackPointExtension>
        </extensions>
      </trkpt>
      <trkpt lat="34.181823916733264923095703125" lon="108.93092737533152103424072265625">
        <ele>434.20001220703125</ele>
        <time>2026-07-11T00:35:06.000Z</time>
        <extensions>
          <ns3:TrackPointExtension>
            <ns3:hr>139</ns3:hr>
            <ns3:cad>88</ns3:cad>
          </ns3:TrackPointExtension>
        </extensions>
      </trkpt>
      <trkpt lat="34.181850068271160125732421875" lon="108.93092636950314044952392578125">
        <ele>434.20001220703125</ele>
        <time>2026-07-11T00:35:07.000Z</time>
        <extensions>
          <ns3:TrackPointExtension>
            <ns3:hr>139</ns3:hr>
            <ns3:cad>88</ns3:cad>
          </ns3:TrackPointExtension>
        </extensions>
      </trkpt>
      <trkpt lat="34.18186943046748638153076171875" lon="108.93092167563736438751220703125">
        <ele>434.20001220703125</ele>
        <time>2026-07-11T00:35:08.000Z</time>
        <extensions>
          <ns3:TrackPointExtension>
            <ns3:hr>139</ns3:hr>
            <ns3:cad>88</ns3:cad>
          </ns3:TrackPointExtension>
        </extensions>
      </trkpt>
      <trkpt lat="34.18189667165279388427734375" lon="108.9309177361428737640380859375">
        <ele>434.20001220703125</ele>
        <time>2026-07-11T00:35:09.000Z</time>
        <extensions>
          <ns3:TrackPointExtension>
            <ns3:hr>139</ns3:hr>
            <ns3:cad>88</ns3:cad>
          </ns3:TrackPointExtension>
        </extensions>
      </trkpt>
      <trkpt lat="34.181915782392024993896484375" lon="108.93091396428644657135009765625">
        <ele>434</ele>
        <time>2026-07-11T00:35:10.000Z</time>
        <extensions>
          <ns3:TrackPointExtension>
            <ns3:hr>138</ns3:hr>
            <ns3:cad>89</ns3:cad>
          </ns3:TrackPointExtension>
        </extensions>
      </trkpt>
      <trkpt lat="34.18194386176764965057373046875" lon="108.9309123717248439788818359375">
        <ele>434</ele>
        <time>2026-07-11T00:35:11.000Z</time>
        <extensions>
          <ns3:TrackPointExtension>
            <ns3:hr>139</ns3:hr>
            <ns3:cad>89</ns3:cad>
          </ns3:TrackPointExtension>
        </extensions>
      </trkpt>
      <trkpt lat="34.1819612123072147369384765625" lon="108.93090390600264072418212890625">
        <ele>434</ele>
        <time>2026-07-11T00:35:12.000Z</time>
        <extensions>
          <ns3:TrackPointExtension>
            <ns3:hr>139</ns3:hr>
            <ns3:cad>89</ns3:cad>
          </ns3:TrackPointExtension>
        </extensions>
      </trkpt>
      <trkpt lat="34.181986190378665924072265625" lon="108.9309033192694187164306640625">
        <ele>434</ele>
        <time>2026-07-11T00:35:13.000Z</time>
        <extensions>
          <ns3:TrackPointExtension>
            <ns3:hr>138</ns3:hr>
            <ns3:cad>89</ns3:cad>
          </ns3:TrackPointExtension>
        </extensions>
      </trkpt>
      <trkpt lat="34.182006306946277618408203125" lon="108.93090792931616306304931640625">
        <ele>434</ele>
        <time>2026-07-11T00:35:14.000Z</time>
        <extensions>
          <ns3:TrackPointExtension>
            <ns3:hr>139</ns3:hr>
            <ns3:cad>89</ns3:cad>
          </ns3:TrackPointExtension>
        </extensions>
      </trkpt>
      <trkpt lat="34.18203321285545825958251953125" lon="108.930908851325511932373046875">
        <ele>434</ele>
        <time>2026-07-11T00:35:15.000Z</time>
        <extensions>
          <ns3:TrackPointExtension>
            <ns3:hr>138</ns3:hr>
            <ns3:cad>88</ns3:cad>
          </ns3:TrackPointExtension>
        </extensions>
      </trkpt>
      <trkpt lat="34.18205500580370426177978515625" lon="108.93091748468577861785888671875">
        <ele>433.79998779296875</ele>
        <time>2026-07-11T00:35:16.000Z</time>
        <extensions>
          <ns3:TrackPointExtension>
            <ns3:hr>138</ns3:hr>
            <ns3:cad>88</ns3:cad>
          </ns3:TrackPointExtension>
        </extensions>
      </trkpt>
      <trkpt lat="34.18207813985645771026611328125" lon="108.93092234618961811065673828125">
        <ele>433.79998779296875</ele>
        <time>2026-07-11T00:35:17.000Z</time>
        <extensions>
          <ns3:TrackPointExtension>
            <ns3:hr>138</ns3:hr>
            <ns3:cad>87</ns3:cad>
          </ns3:TrackPointExtension>
        </extensions>
      </trkpt>
      <trkpt lat="34.18209741823375225067138671875" lon="108.93094112165272235870361328125">
        <ele>433.79998779296875</ele>
        <time>2026-07-11T00:35:18.000Z</time>
        <extensions>
          <ns3:TrackPointExtension>
            <ns3:hr>137</ns3:hr>
            <ns3:cad>87</ns3:cad>
          </ns3:TrackPointExtension>
        </extensions>
      </trkpt>
      <trkpt lat="34.18212063610553741455078125" lon="108.9309547841548919677734375">
        <ele>433.600006103515625</ele>
        <time>2026-07-11T00:35:19.000Z</time>
        <extensions>
          <ns3:TrackPointExtension>
            <ns3:hr>137</ns3:hr>
            <ns3:cad>87</ns3:cad>
          </ns3:TrackPointExtension>
        </extensions>
      </trkpt>
      <trkpt lat="34.18213966302573680877685546875" lon="108.930981941521167755126953125">
        <ele>433.600006103515625</ele>
        <time>2026-07-11T00:35:20.000Z</time>
        <extensions>
          <ns3:TrackPointExtension>
            <ns3:hr>137</ns3:hr>
            <ns3:cad>87</ns3:cad>
          </ns3:TrackPointExtension>
        </extensions>
      </trkpt>
      <trkpt lat="34.1821489669382572174072265625" lon="108.9309998787939548492431640625">
        <ele>433.600006103515625</ele>
        <time>2026-07-11T00:35:21.000Z</time>
        <extensions>
          <ns3:TrackPointExtension>
            <ns3:hr>137</ns3:hr>
            <ns3:cad>87</ns3:cad>
          </ns3:TrackPointExtension>
        </extensions>
      </trkpt>
      <trkpt lat="34.18217168189585208892822265625" lon="108.93100633285939693450927734375">
        <ele>433.399993896484375</ele>
        <time>2026-07-11T00:35:22.000Z</time>
        <extensions>
          <ns3:TrackPointExtension>
            <ns3:hr>138</ns3:hr>
            <ns3:cad>86</ns3:cad>
          </ns3:TrackPointExtension>
        </extensions>
      </trkpt>
      <trkpt lat="34.1821935586631298065185546875" lon="108.9310072548687458038330078125">
        <ele>433.399993896484375</ele>
        <time>2026-07-11T00:35:23.000Z</time>
        <extensions>
          <ns3:TrackPointExtension>
            <ns3:hr>138</ns3:hr>
            <ns3:cad>86</ns3:cad>
          </ns3:TrackPointExtension>
        </extensions>
      </trkpt>
      <trkpt lat="34.1822197102010250091552734375" lon="108.93099778331816196441650390625">
        <ele>433.399993896484375</ele>
        <time>2026-07-11T00:35:24.000Z</time>
        <extensions>
          <ns3:TrackPointExtension>
            <ns3:hr>138</ns3:hr>
            <ns3:cad>86</ns3:cad>
          </ns3:TrackPointExtension>
        </extensions>
      </trkpt>
      <trkpt lat="34.1822458617389202117919921875" lon="108.93099107779562473297119140625">
        <ele>433.399993896484375</ele>
        <time>2026-07-11T00:35:25.000Z</time>
        <extensions>
          <ns3:TrackPointExtension>
            <ns3:hr>138</ns3:hr>
            <ns3:cad>86</ns3:cad>
          </ns3:TrackPointExtension>
        </extensions>
      </trkpt>
      <trkpt lat="34.182264804840087890625" lon="108.93098152242600917816162109375">
        <ele>433.20001220703125</ele>
        <time>2026-07-11T00:35:26.000Z</time>
        <extensions>
          <ns3:TrackPointExtension>
            <ns3:hr>138</ns3:hr>
            <ns3:cad>88</ns3:cad>
          </ns3:TrackPointExtension>
        </extensions>
      </trkpt>
      <trkpt lat="34.18229036964476108551025390625" lon="108.93097649328410625457763671875">
        <ele>433.20001220703125</ele>
        <time>2026-07-11T00:35:27.000Z</time>
        <extensions>
          <ns3:TrackPointExtension>
            <ns3:hr>139</ns3:hr>
            <ns3:cad>88</ns3:cad>
          </ns3:TrackPointExtension>
        </extensions>
      </trkpt>
      <trkpt lat="34.18230948038399219512939453125" lon="108.93096358515322208404541015625">
        <ele>433.20001220703125</ele>
        <time>2026-07-11T00:35:28.000Z</time>
        <extensions>
          <ns3:TrackPointExtension>
            <ns3:hr>139</ns3:hr>
            <ns3:cad>88</ns3:cad>
          </ns3:TrackPointExtension>
        </extensions>
      </trkpt>
      <trkpt lat="34.1823363862931728363037109375" lon="108.9309536106884479522705078125">
        <ele>433</ele>
        <time>2026-07-11T00:35:29.000Z</time>
        <extensions>
          <ns3:TrackPointExtension>
            <ns3:hr>139</ns3:hr>
            <ns3:cad>87</ns3:cad>
          </ns3:TrackPointExtension>
        </extensions>
      </trkpt>
      <trkpt lat="34.18235306628048419952392578125" lon="108.930940367281436920166015625">
        <ele>433</ele>
        <time>2026-07-11T00:35:30.000Z</time>
        <extensions>
          <ns3:TrackPointExtension>
            <ns3:hr>140</ns3:hr>
            <ns3:cad>87</ns3:cad>
          </ns3:TrackPointExtension>
        </extensions>
      </trkpt>
      <trkpt lat="34.18238089419901371002197265625" lon="108.93092787824571132659912109375">
        <ele>433</ele>
        <time>2026-07-11T00:35:31.000Z</time>
        <extensions>
          <ns3:TrackPointExtension>
            <ns3:hr>141</ns3:hr>
            <ns3:cad>87</ns3:cad>
          </ns3:TrackPointExtension>
        </extensions>
      </trkpt>
      <trkpt lat="34.1823997534811496734619140625" lon="108.930920250713825225830078125">
        <ele>432.79998779296875</ele>
        <time>2026-07-11T00:35:32.000Z</time>
        <extensions>
          <ns3:TrackPointExtension>
            <ns3:hr>141</ns3:hr>
            <ns3:cad>87</ns3:cad>
          </ns3:TrackPointExtension>
        </extensions>
      </trkpt>
      <trkpt lat="34.1824275813996791839599609375" lon="108.93091480247676372528076171875">
        <ele>432.79998779296875</ele>
        <time>2026-07-11T00:35:33.000Z</time>
        <extensions>
          <ns3:TrackPointExtension>
            <ns3:hr>141</ns3:hr>
            <ns3:cad>87</ns3:cad>
          </ns3:TrackPointExtension>
        </extensions>
      </trkpt>
      <trkpt lat="34.18244945816695690155029296875" lon="108.93091362901031970977783203125">
        <ele>432.79998779296875</ele>
        <time>2026-07-11T00:35:34.000Z</time>
        <extensions>
          <ns3:TrackPointExtension>
            <ns3:hr>142</ns3:hr>
            <ns3:cad>87</ns3:cad>
          </ns3:TrackPointExtension>
        </extensions>
      </trkpt>
      <trkpt lat="34.1824761964380741119384765625" lon="108.9309157244861125946044921875">
        <ele>432.79998779296875</ele>
        <time>2026-07-11T00:35:35.000Z</time>
        <extensions>
          <ns3:TrackPointExtension>
            <ns3:hr>142</ns3:hr>
            <ns3:cad>87</ns3:cad>
          </ns3:TrackPointExtension>
        </extensions>
      </trkpt>
      <trkpt lat="34.1824969835579395294189453125" lon="108.93092251382768154144287109375">
        <ele>432.79998779296875</ele>
        <time>2026-07-11T00:35:36.000Z</time>
        <extensions>
          <ns3:TrackPointExtension>
            <ns3:hr>142</ns3:hr>
            <ns3:cad>87</ns3:cad>
          </ns3:TrackPointExtension>
        </extensions>
      </trkpt>
      <trkpt lat="34.18251617811620235443115234375" lon="108.93092117272317409515380859375">
        <ele>432.79998779296875</ele>
        <time>2026-07-11T00:35:37.000Z</time>
        <extensions>
          <ns3:TrackPointExtension>
            <ns3:hr>142</ns3:hr>
            <ns3:cad>88</ns3:cad>
          </ns3:TrackPointExtension>
        </extensions>
      </trkpt>
      <trkpt lat="34.182536043226718902587890625" lon="108.93092460930347442626953125">
        <ele>432.79998779296875</ele>
        <time>2026-07-11T00:35:38.000Z</time>
        <extensions>
          <ns3:TrackPointExtension>
            <ns3:hr>142</ns3:hr>
            <ns3:cad>88</ns3:cad>
          </ns3:TrackPointExtension>
        </extensions>
      </trkpt>
      <trkpt lat="34.18255624361336231231689453125" lon="108.9309241063892841339111328125">
        <ele>432.79998779296875</ele>
        <time>2026-07-11T00:35:39.000Z</time>
        <extensions>
          <ns3:TrackPointExtension>
            <ns3:hr>142</ns3:hr>
            <ns3:cad>88</ns3:cad>
          </ns3:TrackPointExtension>
        </extensions>
      </trkpt>
      <trkpt lat="34.18257803656160831451416015625" lon="108.93092486076056957244873046875">
        <ele>432.600006103515625</ele>
        <time>2026-07-11T00:35:40.000Z</time>
        <extensions>
          <ns3:TrackPointExtension>
            <ns3:hr>142</ns3:hr>
            <ns3:cad>87</ns3:cad>
          </ns3:TrackPointExtension>
        </extensions>
      </trkpt>
      <trkpt lat="34.182597734034061431884765625" lon="108.9309227652847766876220703125">
        <ele>432.600006103515625</ele>
        <time>2026-07-11T00:35:41.000Z</time>
        <extensions>
          <ns3:TrackPointExtension>
            <ns3:hr>142</ns3:hr>
            <ns3:cad>88</ns3:cad>
          </ns3:TrackPointExtension>
        </extensions>
      </trkpt>
      <trkpt lat="34.18262363411486148834228515625" lon="108.93092553131282329559326171875">
        <ele>432.600006103515625</ele>
        <time>2026-07-11T00:35:42.000Z</time>
        <extensions>
          <ns3:TrackPointExtension>
            <ns3:hr>143</ns3:hr>
            <ns3:cad>88</ns3:cad>
          </ns3:TrackPointExtension>
        </extensions>
      </trkpt>
      <trkpt lat="34.18264877982437610626220703125" lon="108.9309252798557281494140625">
        <ele>432.399993896484375</ele>
        <time>2026-07-11T00:35:43.000Z</time>
        <extensions>
          <ns3:TrackPointExtension>
            <ns3:hr>142</ns3:hr>
            <ns3:cad>88</ns3:cad>
          </ns3:TrackPointExtension>
        </extensions>
      </trkpt>
      <trkpt lat="34.18267694301903247833251953125" lon="108.93092385493218898773193359375">
        <ele>432.20001220703125</ele>
        <time>2026-07-11T00:35:44.000Z</time>
        <extensions>
          <ns3:TrackPointExtension>
            <ns3:hr>142</ns3:hr>
            <ns3:cad>88</ns3:cad>
          </ns3:TrackPointExtension>
        </extensions>
      </trkpt>
      <trkpt lat="34.18270326219499111175537109375" lon="108.93092729151248931884765625">
        <ele>432.20001220703125</ele>
        <time>2026-07-11T00:35:45.000Z</time>
        <extensions>
          <ns3:TrackPointExtension>
            <ns3:hr>142</ns3:hr>
            <ns3:cad>87</ns3:cad>
          </ns3:TrackPointExtension>
        </extensions>
      </trkpt>
      <trkpt lat="34.18272949755191802978515625" lon="108.93092804588377475738525390625">
        <ele>432.20001220703125</ele>
        <time>2026-07-11T00:35:46.000Z</time>
        <extensions>
          <ns3:TrackPointExtension>
            <ns3:hr>142</ns3:hr>
            <ns3:cad>87</ns3:cad>
          </ns3:TrackPointExtension>
        </extensions>
      </trkpt>
      <trkpt lat="34.1827538050711154937744140625" lon="108.93093039281666278839111328125">
        <ele>432</ele>
        <time>2026-07-11T00:35:47.000Z</time>
        <extensions>
          <ns3:TrackPointExtension>
            <ns3:hr>142</ns3:hr>
            <ns3:cad>87</ns3:cad>
          </ns3:TrackPointExtension>
        </extensions>
      </trkpt>
      <trkpt lat="34.1827779449522495269775390625" lon="108.930927626788616180419921875">
        <ele>432</ele>
        <time>2026-07-11T00:35:48.000Z</time>
        <extensions>
          <ns3:TrackPointExtension>
            <ns3:hr>142</ns3:hr>
            <ns3:cad>87</ns3:cad>
          </ns3:TrackPointExtension>
        </extensions>
      </trkpt>
      <trkpt lat="34.18280065990984439849853515625" lon="108.9309294708073139190673828125">
        <ele>432.20001220703125</ele>
        <time>2026-07-11T00:35:49.000Z</time>
        <extensions>
          <ns3:TrackPointExtension>
            <ns3:hr>143</ns3:hr>
            <ns3:cad>88</ns3:cad>
          </ns3:TrackPointExtension>
        </extensions>
      </trkpt>
      <trkpt lat="34.18282412923872470855712890625" lon="108.93092905171215534210205078125">
        <ele>432.20001220703125</ele>
        <time>2026-07-11T00:35:50.000Z</time>
        <extensions>
          <ns3:TrackPointExtension>
            <ns3:hr>142</ns3:hr>
            <ns3:cad>88</ns3:cad>
          </ns3:TrackPointExtension>
        </extensions>
      </trkpt>
      <trkpt lat="34.18284885585308074951171875" lon="108.93093240447342395782470703125">
        <ele>432.20001220703125</ele>
        <time>2026-07-11T00:35:51.000Z</time>
        <extensions>
          <ns3:TrackPointExtension>
            <ns3:hr>143</ns3:hr>
            <ns3:cad>87</ns3:cad>
          </ns3:TrackPointExtension>
        </extensions>
      </trkpt>
      <trkpt lat="34.1828714869916439056396484375" lon="108.9309277944266796112060546875">
        <ele>432.20001220703125</ele>
        <time>2026-07-11T00:35:52.000Z</time>
        <extensions>
          <ns3:TrackPointExtension>
            <ns3:hr>143</ns3:hr>
            <ns3:cad>87</ns3:cad>
          </ns3:TrackPointExtension>
        </extensions>
      </trkpt>
      <trkpt lat="34.1828969679772853851318359375" lon="108.930927626788616180419921875">
        <ele>432</ele>
        <time>2026-07-11T00:35:53.000Z</time>
        <extensions>
          <ns3:TrackPointExtension>
            <ns3:hr>142</ns3:hr>
            <ns3:cad>87</ns3:cad>
          </ns3:TrackPointExtension>
        </extensions>
      </trkpt>
      <trkpt lat="34.182918258011341094970703125" lon="108.93092595040798187255859375">
        <ele>432</ele>
        <time>2026-07-11T00:35:54.000Z</time>
        <extensions>
          <ns3:TrackPointExtension>
            <ns3:hr>142</ns3:hr>
            <ns3:cad>87</ns3:cad>
          </ns3:TrackPointExtension>
        </extensions>
      </trkpt>
      <trkpt lat="34.1829415597021579742431640625" lon="108.93093123100697994232177734375">
        <ele>432</ele>
        <time>2026-07-11T00:35:55.000Z</time>
        <extensions>
          <ns3:TrackPointExtension>
            <ns3:hr>142</ns3:hr>
            <ns3:cad>88</ns3:cad>
          </ns3:TrackPointExtension>
        </extensions>
      </trkpt>
      <trkpt lat="34.18296276591718196868896484375" lon="108.930931650102138519287109375">
        <ele>432</ele>
        <time>2026-07-11T00:35:56.000Z</time>
        <extensions>
          <ns3:TrackPointExtension>
            <ns3:hr>143</ns3:hr>
            <ns3:cad>88</ns3:cad>
          </ns3:TrackPointExtension>
        </extensions>
      </trkpt>
      <trkpt lat="34.1829878278076648712158203125" lon="108.93092838115990161895751953125">
        <ele>432</ele>
        <time>2026-07-11T00:35:57.000Z</time>
        <extensions>
          <ns3:TrackPointExtension>
            <ns3:hr>143</ns3:hr>
            <ns3:cad>89</ns3:cad>
          </ns3:TrackPointExtension>
        </extensions>
      </trkpt>
      <trkpt lat="34.183011464774608612060546875" lon="108.93092905171215534210205078125">
        <ele>432</ele>
        <time>2026-07-11T00:35:58.000Z</time>
        <extensions>
          <ns3:TrackPointExtension>
            <ns3:hr>143</ns3:hr>
            <ns3:cad>89</ns3:cad>
          </ns3:TrackPointExtension>
        </extensions>
      </trkpt>
      <trkpt lat="34.1830374486744403839111328125" lon="108.93093240447342395782470703125">
        <ele>431.79998779296875</ele>
        <time>2026-07-11T00:35:59.000Z</time>
        <extensions>
          <ns3:TrackPointExtension>
            <ns3:hr>143</ns3:hr>
            <ns3:cad>89</ns3:cad>
          </ns3:TrackPointExtension>
        </extensions>
      </trkpt>
      <trkpt lat="34.18305731378495693206787109375" lon="108.93092921935021877288818359375">
        <ele>431.79998779296875</ele>
        <time>2026-07-11T00:36:00.000Z</time>
        <extensions>
          <ns3:TrackPointExtension>
            <ns3:hr>143</ns3:hr>
            <ns3:cad>89</ns3:cad>
          </ns3:TrackPointExtension>
        </extensions>
      </trkpt>
      <trkpt lat="34.18308463878929615020751953125" lon="108.93093089573085308074951171875">
        <ele>431.79998779296875</ele>
        <time>2026-07-11T00:36:01.000Z</time>
        <extensions>
          <ns3:TrackPointExtension>
            <ns3:hr>143</ns3:hr>
            <ns3:cad>88</ns3:cad>
          </ns3:TrackPointExtension>
        </extensions>
      </trkpt>
      <trkpt lat="34.1831056773662567138671875" lon="108.930930979549884796142578125">
        <ele>431.79998779296875</ele>
        <time>2026-07-11T00:36:02.000Z</time>
        <extensions>
          <ns3:TrackPointExtension>
            <ns3:hr>143</ns3:hr>
            <ns3:cad>88</ns3:cad>
          </ns3:TrackPointExtension>
        </extensions>
      </trkpt>
      <trkpt lat="34.18313258327543735504150390625" lon="108.93093525432050228118896484375">
        <ele>431.79998779296875</ele>
        <time>2026-07-11T00:36:03.000Z</time>
        <extensions>
          <ns3:TrackPointExtension>
            <ns3:hr>143</ns3:hr>
            <ns3:cad>88</ns3:cad>
          </ns3:TrackPointExtension>
        </extensions>
      </trkpt>
      <trkpt lat="34.18315269984304904937744140625" lon="108.93093743361532688140869140625">
        <ele>431.79998779296875</ele>
        <time>2026-07-11T00:36:04.000Z</time>
        <extensions>
          <ns3:TrackPointExtension>
            <ns3:hr>144</ns3:hr>
            <ns3:cad>88</ns3:cad>
          </ns3:TrackPointExtension>
        </extensions>
      </trkpt>
      <trkpt lat="34.1831749118864536285400390625" lon="108.93093827180564403533935546875">
        <ele>431.79998779296875</ele>
        <time>2026-07-11T00:36:05.000Z</time>
        <extensions>
          <ns3:TrackPointExtension>
            <ns3:hr>144</ns3:hr>
            <ns3:cad>88</ns3:cad>
          </ns3:TrackPointExtension>
        </extensions>
      </trkpt>
      <trkpt lat="34.183196537196636199951171875" lon="108.93094430677592754364013671875">
        <ele>431.600006103515625</ele>
        <time>2026-07-11T00:36:06.000Z</time>
        <extensions>
          <ns3:TrackPointExtension>
            <ns3:hr>144</ns3:hr>
            <ns3:cad>88</ns3:cad>
          </ns3:TrackPointExtension>
        </extensions>
      </trkpt>
      <trkpt lat="34.18322310782968997955322265625" lon="108.93094950355589389801025390625">
        <ele>431.600006103515625</ele>
        <time>2026-07-11T00:36:07.000Z</time>
        <extensions>
          <ns3:TrackPointExtension>
            <ns3:hr>144</ns3:hr>
            <ns3:cad>87</ns3:cad>
          </ns3:TrackPointExtension>
        </extensions>
      </trkpt>
      <trkpt lat="34.18324322439730167388916015625" lon="108.9309521019458770751953125">
        <ele>431.600006103515625</ele>
        <time>2026-07-11T00:36:08.000Z</time>
        <extensions>
          <ns3:TrackPointExtension>
            <ns3:hr>144</ns3:hr>
            <ns3:cad>88</ns3:cad>
          </ns3:TrackPointExtension>
        </extensions>
      </trkpt>
      <trkpt lat="34.1832692921161651611328125" lon="108.93095302395522594451904296875">
        <ele>431.600006103515625</ele>
        <time>2026-07-11T00:36:09.000Z</time>
        <extensions>
          <ns3:TrackPointExtension>
            <ns3:hr>144</ns3:hr>
            <ns3:cad>88</ns3:cad>
          </ns3:TrackPointExtension>
        </extensions>
      </trkpt>
      <trkpt lat="34.1832907497882843017578125" lon="108.93095302395522594451904296875">
        <ele>431.600006103515625</ele>
        <time>2026-07-11T00:36:10.000Z</time>
        <extensions>
          <ns3:TrackPointExtension>
            <ns3:hr>144</ns3:hr>
            <ns3:cad>88</ns3:cad>
          </ns3:TrackPointExtension>
        </extensions>
      </trkpt>
      <trkpt lat="34.18331229127943515777587890625" lon="108.930949084460735321044921875">
        <ele>431.600006103515625</ele>
        <time>2026-07-11T00:36:11.000Z</time>
        <extensions>
          <ns3:TrackPointExtension>
            <ns3:hr>144</ns3:hr>
            <ns3:cad>88</ns3:cad>
          </ns3:TrackPointExtension>
        </extensions>
      </trkpt>
      <trkpt lat="34.18334095738828182220458984375" lon="108.93094874918460845947265625">
        <ele>431.600006103515625</ele>
        <time>2026-07-11T00:36:12.000Z</time>
        <extensions>
          <ns3:TrackPointExtension>
            <ns3:hr>144</ns3:hr>
            <ns3:cad>87</ns3:cad>
          </ns3:TrackPointExtension>
        </extensions>
      </trkpt>
      <trkpt lat="34.1833583079278469085693359375" lon="108.93094564788043498992919921875">
        <ele>431.600006103515625</ele>
        <time>2026-07-11T00:36:13.000Z</time>
        <extensions>
          <ns3:TrackPointExtension>
            <ns3:hr>143</ns3:hr>
            <ns3:cad>87</ns3:cad>
          </ns3:TrackPointExtension>
        </extensions>
      </trkpt>
      <trkpt lat="34.1833868063986301422119140625" lon="108.93094606697559356689453125">
        <ele>431.600006103515625</ele>
        <time>2026-07-11T00:36:14.000Z</time>
        <extensions>
          <ns3:TrackPointExtension>
            <ns3:hr>144</ns3:hr>
            <ns3:cad>87</ns3:cad>
          </ns3:TrackPointExtension>
        </extensions>
      </trkpt>
      <trkpt lat="34.183405078947544097900390625" lon="108.93094179220497608184814453125">
        <ele>431.399993896484375</ele>
        <time>2026-07-11T00:36:15.000Z</time>
        <extensions>
          <ns3:TrackPointExtension>
            <ns3:hr>144</ns3:hr>
            <ns3:cad>89</ns3:cad>
          </ns3:TrackPointExtension>
        </extensions>
      </trkpt>
      <trkpt lat="34.18342712335288524627685546875" lon="108.9309405349195003509521484375">
        <ele>431.399993896484375</ele>
        <time>2026-07-11T00:36:16.000Z</time>
        <extensions>
          <ns3:TrackPointExtension>
            <ns3:hr>144</ns3:hr>
            <ns3:cad>89</ns3:cad>
          </ns3:TrackPointExtension>
        </extensions>
      </trkpt>
      <trkpt lat="34.1834501735866069793701171875" lon="108.930937349796295166015625">
        <ele>431.399993896484375</ele>
        <time>2026-07-11T00:36:17.000Z</time>
        <extensions>
          <ns3:TrackPointExtension>
            <ns3:hr>144</ns3:hr>
            <ns3:cad>89</ns3:cad>
          </ns3:TrackPointExtension>
        </extensions>
      </trkpt>
      <trkpt lat="34.1834773309528827667236328125" lon="108.9309338293969631195068359375">
        <ele>431.399993896484375</ele>
        <time>2026-07-11T00:36:18.000Z</time>
        <extensions>
          <ns3:TrackPointExtension>
            <ns3:hr>144</ns3:hr>
            <ns3:cad>87</ns3:cad>
          </ns3:TrackPointExtension>
        </extensions>
      </trkpt>
      <trkpt lat="34.18349887244403362274169921875" lon="108.930935002863407135009765625">
        <ele>431.399993896484375</ele>
        <time>2026-07-11T00:36:19.000Z</time>
        <extensions>
          <ns3:TrackPointExtension>
            <ns3:hr>144</ns3:hr>
            <ns3:cad>87</ns3:cad>
          </ns3:TrackPointExtension>
        </extensions>
      </trkpt>
      <trkpt lat="34.1835309751331806182861328125" lon="108.93093491904437541961669921875">
        <ele>431.399993896484375</ele>
        <time>2026-07-11T00:36:20.000Z</time>
        <extensions>
          <ns3:TrackPointExtension>
            <ns3:hr>144</ns3:hr>
            <ns3:cad>88</ns3:cad>
          </ns3:TrackPointExtension>
        </extensions>
      </trkpt>
      <trkpt lat="34.1835509240627288818359375" lon="108.93093056045472621917724609375">
        <ele>431.20001220703125</ele>
        <time>2026-07-11T00:36:21.000Z</time>
        <extensions>
          <ns3:TrackPointExtension>
            <ns3:hr>144</ns3:hr>
            <ns3:cad>88</ns3:cad>
          </ns3:TrackPointExtension>
        </extensions>
      </trkpt>
      <trkpt lat="34.18357707560062408447265625" lon="108.9309281297028064727783203125">
        <ele>431.20001220703125</ele>
        <time>2026-07-11T00:36:22.000Z</time>
        <extensions>
          <ns3:TrackPointExtension>
            <ns3:hr>143</ns3:hr>
            <ns3:cad>88</ns3:cad>
          </ns3:TrackPointExtension>
        </extensions>
      </trkpt>
      <trkpt lat="34.183598868548870086669921875" lon="108.93092888407409191131591796875">
        <ele>431.20001220703125</ele>
        <time>2026-07-11T00:36:23.000Z</time>
        <extensions>
          <ns3:TrackPointExtension>
            <ns3:hr>143</ns3:hr>
            <ns3:cad>88</ns3:cad>
          </ns3:TrackPointExtension>
        </extensions>
      </trkpt>
      <trkpt lat="34.18362543918192386627197265625" lon="108.9309244416654109954833984375">
        <ele>431.20001220703125</ele>
        <time>2026-07-11T00:36:24.000Z</time>
        <extensions>
          <ns3:TrackPointExtension>
            <ns3:hr>143</ns3:hr>
            <ns3:cad>88</ns3:cad>
          </ns3:TrackPointExtension>
        </extensions>
      </trkpt>
      <trkpt lat="34.1836489923298358917236328125" lon="108.93092326819896697998046875">
        <ele>431</ele>
        <time>2026-07-11T00:36:25.000Z</time>
        <extensions>
          <ns3:TrackPointExtension>
            <ns3:hr>143</ns3:hr>
            <ns3:cad>88</ns3:cad>
          </ns3:TrackPointExtension>
        </extensions>
      </trkpt>
      <trkpt lat="34.1836751438677310943603515625" lon="108.93091832287609577178955078125">
        <ele>431</ele>
        <time>2026-07-11T00:36:26.000Z</time>
        <extensions>
          <ns3:TrackPointExtension>
            <ns3:hr>142</ns3:hr>
            <ns3:cad>88</ns3:cad>
          </ns3:TrackPointExtension>
        </extensions>
      </trkpt>
      <trkpt lat="34.1836986131966114044189453125" lon="108.93091413192451000213623046875">
        <ele>431</ele>
        <time>2026-07-11T00:36:27.000Z</time>
        <extensions>
          <ns3:TrackPointExtension>
            <ns3:hr>142</ns3:hr>
            <ns3:cad>88</ns3:cad>
          </ns3:TrackPointExtension>
        </extensions>
      </trkpt>
      <trkpt lat="34.183730296790599822998046875" lon="108.9309090189635753631591796875">
        <ele>431</ele>
        <time>2026-07-11T00:36:28.000Z</time>
        <extensions>
          <ns3:TrackPointExtension>
            <ns3:hr>142</ns3:hr>
            <ns3:cad>88</ns3:cad>
          </ns3:TrackPointExtension>
        </extensions>
      </trkpt>
      <trkpt lat="34.18375410139560699462890625" lon="108.9309060014784336090087890625">
        <ele>431</ele>
        <time>2026-07-11T00:36:29.000Z</time>
        <extensions>
          <ns3:TrackPointExtension>
            <ns3:hr>142</ns3:hr>
            <ns3:cad>88</ns3:cad>
          </ns3:TrackPointExtension>
        </extensions>
      </trkpt>
      <trkpt lat="34.18377631343901157379150390625" lon="108.9309036545455455780029296875">
        <ele>431</ele>
        <time>2026-07-11T00:36:30.000Z</time>
        <extensions>
          <ns3:TrackPointExtension>
            <ns3:hr>142</ns3:hr>
            <ns3:cad>88</ns3:cad>
          </ns3:TrackPointExtension>
        </extensions>
      </trkpt>
      <trkpt lat="34.1837998665869235992431640625" lon="108.930902816355228424072265625">
        <ele>431</ele>
        <time>2026-07-11T00:36:31.000Z</time>
        <extensions>
          <ns3:TrackPointExtension>
            <ns3:hr>142</ns3:hr>
            <ns3:cad>89</ns3:cad>
          </ns3:TrackPointExtension>
        </extensions>
      </trkpt>
      <trkpt lat="34.183817803859710693359375" lon="108.930894769728183746337890625">
        <ele>431</ele>
        <time>2026-07-11T00:36:32.000Z</time>
        <extensions>
          <ns3:TrackPointExtension>
            <ns3:hr>141</ns3:hr>
            <ns3:cad>89</ns3:cad>
          </ns3:TrackPointExtension>
        </extensions>
      </trkpt>
      <trkpt lat="34.183843620121479034423828125" lon="108.930893428623676300048828125">
        <ele>431</ele>
        <time>2026-07-11T00:36:33.000Z</time>
        <extensions>
          <ns3:TrackPointExtension>
            <ns3:hr>141</ns3:hr>
            <ns3:cad>88</ns3:cad>
          </ns3:TrackPointExtension>
        </extensions>
      </trkpt>
      <trkpt lat="34.1838659159839153289794921875" lon="108.9308895729482173919677734375">
        <ele>431</ele>
        <time>2026-07-11T00:36:34.000Z</time>
        <extensions>
          <ns3:TrackPointExtension>
            <ns3:hr>141</ns3:hr>
            <ns3:cad>87</ns3:cad>
          </ns3:TrackPointExtension>
        </extensions>
      </trkpt>
      <trkpt lat="34.18389491736888885498046875" lon="108.93089619465172290802001953125">
        <ele>431</ele>
        <time>2026-07-11T00:36:35.000Z</time>
        <extensions>
          <ns3:TrackPointExtension>
            <ns3:hr>141</ns3:hr>
            <ns3:cad>87</ns3:cad>
          </ns3:TrackPointExtension>
        </extensions>
      </trkpt>
      <trkpt lat="34.183914028108119964599609375" lon="108.93090675584971904754638671875">
        <ele>431</ele>
        <time>2026-07-11T00:36:36.000Z</time>
        <extensions>
          <ns3:TrackPointExtension>
            <ns3:hr>141</ns3:hr>
            <ns3:cad>87</ns3:cad>
          </ns3:TrackPointExtension>
        </extensions>
      </trkpt>
      <trkpt lat="34.1839373297989368438720703125" lon="108.93092930316925048828125">
        <ele>431</ele>
        <time>2026-07-11T00:36:37.000Z</time>
        <extensions>
          <ns3:TrackPointExtension>
            <ns3:hr>141</ns3:hr>
            <ns3:cad>88</ns3:cad>
          </ns3:TrackPointExtension>
        </extensions>
      </trkpt>
      <trkpt lat="34.1839571110904216766357421875" lon="108.93094430677592754364013671875">
        <ele>431</ele>
        <time>2026-07-11T00:36:38.000Z</time>
        <extensions>
          <ns3:TrackPointExtension>
            <ns3:hr>141</ns3:hr>
            <ns3:cad>87</ns3:cad>
          </ns3:TrackPointExtension>
        </extensions>
      </trkpt>
      <trkpt lat="34.18397848494350910186767578125" lon="108.9309640042483806610107421875">
        <ele>431</ele>
        <time>2026-07-11T00:36:39.000Z</time>
        <extensions>
          <ns3:TrackPointExtension>
            <ns3:hr>140</ns3:hr>
            <ns3:cad>87</ns3:cad>
          </ns3:TrackPointExtension>
        </extensions>
      </trkpt>
      <trkpt lat="34.183994829654693603515625" lon="108.93098487518727779388427734375">
        <ele>431</ele>
        <time>2026-07-11T00:36:40.000Z</time>
        <extensions>
          <ns3:TrackPointExtension>
            <ns3:hr>140</ns3:hr>
            <ns3:cad>87</ns3:cad>
          </ns3:TrackPointExtension>
        </extensions>
      </trkpt>
      <trkpt lat="34.184010587632656097412109375" lon="108.93101320601999759674072265625">
        <ele>431</ele>
        <time>2026-07-11T00:36:41.000Z</time>
        <extensions>
          <ns3:TrackPointExtension>
            <ns3:hr>139</ns3:hr>
            <ns3:cad>87</ns3:cad>
          </ns3:TrackPointExtension>
        </extensions>
      </trkpt>
      <trkpt lat="34.18402022682130336761474609375" lon="108.9310401119291782379150390625">
        <ele>431</ele>
        <time>2026-07-11T00:36:42.000Z</time>
        <extensions>
          <ns3:TrackPointExtension>
            <ns3:hr>139</ns3:hr>
            <ns3:cad>88</ns3:cad>
          </ns3:TrackPointExtension>
        </extensions>
      </trkpt>
      <trkpt lat="34.1840278543531894683837890625" lon="108.931073136627674102783203125">
        <ele>431</ele>
        <time>2026-07-11T00:36:43.000Z</time>
        <extensions>
          <ns3:TrackPointExtension>
            <ns3:hr>139</ns3:hr>
            <ns3:cad>88</ns3:cad>
          </ns3:TrackPointExtension>
        </extensions>
      </trkpt>
      <trkpt lat="34.1840291954576969146728515625" lon="108.93110607750713825225830078125">
        <ele>431</ele>
        <time>2026-07-11T00:36:44.000Z</time>
        <extensions>
          <ns3:TrackPointExtension>
            <ns3:hr>139</ns3:hr>
            <ns3:cad>88</ns3:cad>
          </ns3:TrackPointExtension>
        </extensions>
      </trkpt>
      <trkpt lat="34.18403414078056812286376953125" lon="108.93113625235855579376220703125">
        <ele>431</ele>
        <time>2026-07-11T00:36:45.000Z</time>
        <extensions>
          <ns3:TrackPointExtension>
            <ns3:hr>139</ns3:hr>
            <ns3:cad>88</ns3:cad>
          </ns3:TrackPointExtension>
        </extensions>
      </trkpt>
      <trkpt lat="34.184035398066043853759765625" lon="108.9311671815812587738037109375">
        <ele>431</ele>
        <time>2026-07-11T00:36:46.000Z</time>
        <extensions>
          <ns3:TrackPointExtension>
            <ns3:hr>140</ns3:hr>
            <ns3:cad>88</ns3:cad>
          </ns3:TrackPointExtension>
        </extensions>
      </trkpt>
      <trkpt lat="34.18404017575085163116455078125" lon="108.931190483272075653076171875">
        <ele>431</ele>
        <time>2026-07-11T00:36:47.000Z</time>
        <extensions>
          <ns3:TrackPointExtension>
            <ns3:hr>140</ns3:hr>
            <ns3:cad>88</ns3:cad>
          </ns3:TrackPointExtension>
        </extensions>
      </trkpt>
      <trkpt lat="34.18403715826570987701416015625" lon="108.931221328675746917724609375">
        <ele>430.79998779296875</ele>
        <time>2026-07-11T00:36:48.000Z</time>
        <extensions>
          <ns3:TrackPointExtension>
            <ns3:hr>140</ns3:hr>
            <ns3:cad>88</ns3:cad>
          </ns3:TrackPointExtension>
        </extensions>
      </trkpt>
      <trkpt lat="34.184038750827312469482421875" lon="108.93124069087207317352294921875">
        <ele>430.79998779296875</ele>
        <time>2026-07-11T00:36:49.000Z</time>
        <extensions>
          <ns3:TrackPointExtension>
            <ns3:hr>141</ns3:hr>
            <ns3:cad>87</ns3:cad>
          </ns3:TrackPointExtension>
        </extensions>
      </trkpt>
      <trkpt lat="34.1840395890176296234130859375" lon="108.93126801587641239166259765625">
        <ele>430.79998779296875</ele>
        <time>2026-07-11T00:36:50.000Z</time>
        <extensions>
          <ns3:TrackPointExtension>
            <ns3:hr>141</ns3:hr>
            <ns3:cad>87</ns3:cad>
          </ns3:TrackPointExtension>
        </extensions>
      </trkpt>
      <trkpt lat="34.18404738418757915496826171875" lon="108.93128846772015094757080078125">
        <ele>430.79998779296875</ele>
        <time>2026-07-11T00:36:51.000Z</time>
        <extensions>
          <ns3:TrackPointExtension>
            <ns3:hr>142</ns3:hr>
            <ns3:cad>87</ns3:cad>
          </ns3:TrackPointExtension>
        </extensions>
      </trkpt>
      <trkpt lat="34.18404973112046718597412109375" lon="108.9313207380473613739013671875">
        <ele>430.79998779296875</ele>
        <time>2026-07-11T00:36:52.000Z</time>
        <extensions>
          <ns3:TrackPointExtension>
            <ns3:hr>142</ns3:hr>
            <ns3:cad>88</ns3:cad>
          </ns3:TrackPointExtension>
        </extensions>
      </trkpt>
      <trkpt lat="34.18405559845268726348876953125" lon="108.93134529702365398406982421875">
        <ele>430.79998779296875</ele>
        <time>2026-07-11T00:36:53.000Z</time>
        <extensions>
          <ns3:TrackPointExtension>
            <ns3:hr>143</ns3:hr>
            <ns3:cad>89</ns3:cad>
          </ns3:TrackPointExtension>
        </extensions>
      </trkpt>
      <trkpt lat="34.18404906056821346282958984375" lon="108.9313753880560398101806640625">
        <ele>430.79998779296875</ele>
        <time>2026-07-11T00:36:54.000Z</time>
        <extensions>
          <ns3:TrackPointExtension>
            <ns3:hr>143</ns3:hr>
            <ns3:cad>90</ns3:cad>
          </ns3:TrackPointExtension>
        </extensions>
      </trkpt>
      <trkpt lat="34.1840452887117862701416015625" lon="108.9313985221087932586669921875">
        <ele>430.79998779296875</ele>
        <time>2026-07-11T00:36:55.000Z</time>
        <extensions>
          <ns3:TrackPointExtension>
            <ns3:hr>143</ns3:hr>
            <ns3:cad>90</ns3:cad>
          </ns3:TrackPointExtension>
        </extensions>
      </trkpt>
      <trkpt lat="34.1840399242937564849853515625" lon="108.931423164904117584228515625">
        <ele>430.79998779296875</ele>
        <time>2026-07-11T00:36:56.000Z</time>
        <extensions>
          <ns3:TrackPointExtension>
            <ns3:hr>144</ns3:hr>
            <ns3:cad>90</ns3:cad>
          </ns3:TrackPointExtension>
        </extensions>
      </trkpt>
      <trkpt lat="34.18403841555118560791015625" lon="108.93144772388041019439697265625">
        <ele>430.79998779296875</ele>
        <time>2026-07-11T00:36:57.000Z</time>
        <extensions>
          <ns3:TrackPointExtension>
            <ns3:hr>144</ns3:hr>
            <ns3:cad>89</ns3:cad>
          </ns3:TrackPointExtension>
        </extensions>
      </trkpt>
      <trkpt lat="34.18404000811278820037841796875" lon="108.93147907219827175140380859375">
        <ele>431</ele>
        <time>2026-07-11T00:36:58.000Z</time>
        <extensions>
          <ns3:TrackPointExtension>
            <ns3:hr>144</ns3:hr>
            <ns3:cad>89</ns3:cad>
          </ns3:TrackPointExtension>
        </extensions>
      </trkpt>
      <trkpt lat="34.18404436670243740081787109375" lon="108.93149994313716888427734375">
        <ele>431</ele>
        <time>2026-07-11T00:36:59.000Z</time>
        <extensions>
          <ns3:TrackPointExtension>
            <ns3:hr>144</ns3:hr>
            <ns3:cad>89</ns3:cad>
          </ns3:TrackPointExtension>
        </extensions>
      </trkpt>
      <trkpt lat="34.18404721654951572418212890625" lon="108.9315354824066162109375">
        <ele>431</ele>
        <time>2026-07-11T00:37:00.000Z</time>
        <extensions>
          <ns3:TrackPointExtension>
            <ns3:hr>144</ns3:hr>
            <ns3:cad>88</ns3:cad>
          </ns3:TrackPointExtension>
        </extensions>
      </trkpt>
      <trkpt lat="34.18405023403465747833251953125" lon="108.9315614663064479827880859375">
        <ele>431</ele>
        <time>2026-07-11T00:37:01.000Z</time>
        <extensions>
          <ns3:TrackPointExtension>
            <ns3:hr>144</ns3:hr>
            <ns3:cad>88</ns3:cad>
          </ns3:TrackPointExtension>
        </extensions>
      </trkpt>
      <trkpt lat="34.18405073694884777069091796875" lon="108.93159541301429271697998046875">
        <ele>431</ele>
        <time>2026-07-11T00:37:02.000Z</time>
        <extensions>
          <ns3:TrackPointExtension>
            <ns3:hr>144</ns3:hr>
            <ns3:cad>88</ns3:cad>
          </ns3:TrackPointExtension>
        </extensions>
      </trkpt>
      <trkpt lat="34.18405392207205295562744140625" lon="108.9316199719905853271484375">
        <ele>431</ele>
        <time>2026-07-11T00:37:03.000Z</time>
        <extensions>
          <ns3:TrackPointExtension>
            <ns3:hr>145</ns3:hr>
            <ns3:cad>88</ns3:cad>
          </ns3:TrackPointExtension>
        </extensions>
      </trkpt>
      <trkpt lat="34.184054173529148101806640625" lon="108.9316583611071109771728515625">
        <ele>431</ele>
        <time>2026-07-11T00:37:04.000Z</time>
        <extensions>
          <ns3:TrackPointExtension>
            <ns3:hr>145</ns3:hr>
            <ns3:cad>89</ns3:cad>
          </ns3:TrackPointExtension>
        </extensions>
      </trkpt>
      <trkpt lat="34.1840593703091144561767578125" lon="108.93168367445468902587890625">
        <ele>431</ele>
        <time>2026-07-11T00:37:05.000Z</time>
        <extensions>
          <ns3:TrackPointExtension>
            <ns3:hr>145</ns3:hr>
            <ns3:cad>89</ns3:cad>
          </ns3:TrackPointExtension>
        </extensions>
      </trkpt>
      <trkpt lat="34.18406280688941478729248046875" lon="108.931720890104770660400390625">
        <ele>431</ele>
        <time>2026-07-11T00:37:06.000Z</time>
        <extensions>
          <ns3:TrackPointExtension>
            <ns3:hr>145</ns3:hr>
            <ns3:cad>89</ns3:cad>
          </ns3:TrackPointExtension>
        </extensions>
      </trkpt>
      <trkpt lat="34.1840632259845733642578125" lon="108.93174125812947750091552734375">
        <ele>431</ele>
        <time>2026-07-11T00:37:07.000Z</time>
        <extensions>
          <ns3:TrackPointExtension>
            <ns3:hr>145</ns3:hr>
            <ns3:cad>88</ns3:cad>
          </ns3:TrackPointExtension>
        </extensions>
      </trkpt>
      <trkpt lat="34.18406045995652675628662109375" lon="108.9317713491618633270263671875">
        <ele>431</ele>
        <time>2026-07-11T00:37:08.000Z</time>
        <extensions>
          <ns3:TrackPointExtension>
            <ns3:hr>145</ns3:hr>
            <ns3:cad>89</ns3:cad>
          </ns3:TrackPointExtension>
        </extensions>
      </trkpt>
      <trkpt lat="34.18406188488006591796875" lon="108.93179766833782196044921875">
        <ele>431.20001220703125</ele>
        <time>2026-07-11T00:37:09.000Z</time>
        <extensions>
          <ns3:TrackPointExtension>
            <ns3:hr>145</ns3:hr>
            <ns3:cad>89</ns3:cad>
          </ns3:TrackPointExtension>
        </extensions>
      </trkpt>
      <trkpt lat="34.18406247161328792572021484375" lon="108.93183253705501556396484375">
        <ele>431.20001220703125</ele>
        <time>2026-07-11T00:37:10.000Z</time>
        <extensions>
          <ns3:TrackPointExtension>
            <ns3:hr>146</ns3:hr>
            <ns3:cad>89</ns3:cad>
          </ns3:TrackPointExtension>
        </extensions>
      </trkpt>
      <trkpt lat="34.18406498618423938751220703125" lon="108.93185826949775218963623046875">
        <ele>431.20001220703125</ele>
        <time>2026-07-11T00:37:11.000Z</time>
        <extensions>
          <ns3:TrackPointExtension>
            <ns3:hr>145</ns3:hr>
            <ns3:cad>89</ns3:cad>
          </ns3:TrackPointExtension>
        </extensions>
      </trkpt>
      <trkpt lat="34.18406951241195201873779296875" lon="108.931887187063694000244140625">
        <ele>431.20001220703125</ele>
        <time>2026-07-11T00:37:12.000Z</time>
        <extensions>
          <ns3:TrackPointExtension>
            <ns3:hr>145</ns3:hr>
            <ns3:cad>89</ns3:cad>
          </ns3:TrackPointExtension>
        </extensions>
      </trkpt>
      <trkpt lat="34.18407152406871318817138671875" lon="108.9319091476500034332275390625">
        <ele>431.20001220703125</ele>
        <time>2026-07-11T00:37:13.000Z</time>
        <extensions>
          <ns3:TrackPointExtension>
            <ns3:hr>146</ns3:hr>
            <ns3:cad>89</ns3:cad>
          </ns3:TrackPointExtension>
        </extensions>
      </trkpt>
      <trkpt lat="34.1840712726116180419921875" lon="108.93193672411143779754638671875">
        <ele>431.20001220703125</ele>
        <time>2026-07-11T00:37:14.000Z</time>
        <extensions>
          <ns3:TrackPointExtension>
            <ns3:hr>146</ns3:hr>
            <ns3:cad>89</ns3:cad>
          </ns3:TrackPointExtension>
        </extensions>
      </trkpt>
      <trkpt lat="34.18407185934484004974365234375" lon="108.93196103163063526153564453125">
        <ele>431</ele>
        <time>2026-07-11T00:37:15.000Z</time>
        <extensions>
          <ns3:TrackPointExtension>
            <ns3:hr>146</ns3:hr>
            <ns3:cad>89</ns3:cad>
          </ns3:TrackPointExtension>
        </extensions>
      </trkpt>
      <trkpt lat="34.1840712726116180419921875" lon="108.931993134319782257080078125">
        <ele>431.20001220703125</ele>
        <time>2026-07-11T00:37:16.000Z</time>
        <extensions>
          <ns3:TrackPointExtension>
            <ns3:hr>146</ns3:hr>
            <ns3:cad>89</ns3:cad>
          </ns3:TrackPointExtension>
        </extensions>
      </trkpt>
      <trkpt lat="34.18407286517322063446044921875" lon="108.9320194534957408905029296875">
        <ele>431.20001220703125</ele>
        <time>2026-07-11T00:37:17.000Z</time>
        <extensions>
          <ns3:TrackPointExtension>
            <ns3:hr>146</ns3:hr>
            <ns3:cad>89</ns3:cad>
          </ns3:TrackPointExtension>
        </extensions>
      </trkpt>
      <trkpt lat="34.1840731166303157806396484375" lon="108.93204870633780956268310546875">
        <ele>431.20001220703125</ele>
        <time>2026-07-11T00:37:18.000Z</time>
        <extensions>
          <ns3:TrackPointExtension>
            <ns3:hr>146</ns3:hr>
            <ns3:cad>89</ns3:cad>
          </ns3:TrackPointExtension>
        </extensions>
      </trkpt>
      <trkpt lat="34.18407219462096691131591796875" lon="108.93207301385700702667236328125">
        <ele>431.20001220703125</ele>
        <time>2026-07-11T00:37:19.000Z</time>
        <extensions>
          <ns3:TrackPointExtension>
            <ns3:hr>146</ns3:hr>
            <ns3:cad>89</ns3:cad>
          </ns3:TrackPointExtension>
        </extensions>
      </trkpt>
      <trkpt lat="34.1840711049735546112060546875" lon="108.93210637383162975311279296875">
        <ele>431.20001220703125</ele>
        <time>2026-07-11T00:37:20.000Z</time>
        <extensions>
          <ns3:TrackPointExtension>
            <ns3:hr>146</ns3:hr>
            <ns3:cad>89</ns3:cad>
          </ns3:TrackPointExtension>
        </extensions>
      </trkpt>
      <trkpt lat="34.1840712726116180419921875" lon="108.93213562667369842529296875">
        <ele>431.20001220703125</ele>
        <time>2026-07-11T00:37:21.000Z</time>
        <extensions>
          <ns3:TrackPointExtension>
            <ns3:hr>146</ns3:hr>
            <ns3:cad>89</ns3:cad>
          </ns3:TrackPointExtension>
        </extensions>
      </trkpt>
      <trkpt lat="34.1840741224586963653564453125" lon="108.93216915428638458251953125">
        <ele>431.20001220703125</ele>
        <time>2026-07-11T00:37:22.000Z</time>
        <extensions>
          <ns3:TrackPointExtension>
            <ns3:hr>146</ns3:hr>
            <ns3:cad>89</ns3:cad>
          </ns3:TrackPointExtension>
        </extensions>
      </trkpt>
      <trkpt lat="34.18407554738223552703857421875" lon="108.9321966469287872314453125">
        <ele>431.399993896484375</ele>
        <time>2026-07-11T00:37:23.000Z</time>
        <extensions>
          <ns3:TrackPointExtension>
            <ns3:hr>146</ns3:hr>
            <ns3:cad>90</ns3:cad>
          </ns3:TrackPointExtension>
        </extensions>
      </trkpt>
      <trkpt lat="34.18407940305769443511962890625" lon="108.93222506158053874969482421875">
        <ele>431.399993896484375</ele>
        <time>2026-07-11T00:37:24.000Z</time>
        <extensions>
          <ns3:TrackPointExtension>
            <ns3:hr>146</ns3:hr>
            <ns3:cad>90</ns3:cad>
          </ns3:TrackPointExtension>
        </extensions>
      </trkpt>
      <trkpt lat="34.184083677828311920166015625" lon="108.93225322477519512176513671875">
        <ele>431.399993896484375</ele>
        <time>2026-07-11T00:37:25.000Z</time>
        <extensions>
          <ns3:TrackPointExtension>
            <ns3:hr>146</ns3:hr>
            <ns3:cad>90</ns3:cad>
          </ns3:TrackPointExtension>
        </extensions>
      </trkpt>
      <trkpt lat="34.1840885393321514129638671875" lon="108.9322836510837078094482421875">
        <ele>431.399993896484375</ele>
        <time>2026-07-11T00:37:26.000Z</time>
        <extensions>
          <ns3:TrackPointExtension>
            <ns3:hr>145</ns3:hr>
            <ns3:cad>89</ns3:cad>
          </ns3:TrackPointExtension>
        </extensions>
      </trkpt>
      <trkpt lat="34.18409080244600772857666015625" lon="108.93231307156383991241455078125">
        <ele>431.399993896484375</ele>
        <time>2026-07-11T00:37:27.000Z</time>
        <extensions>
          <ns3:TrackPointExtension>
            <ns3:hr>145</ns3:hr>
            <ns3:cad>87</ns3:cad>
          </ns3:TrackPointExtension>
        </extensions>
      </trkpt>
      <trkpt lat="34.18409599922597408294677734375" lon="108.93233989365398883819580078125">
        <ele>431.399993896484375</ele>
        <time>2026-07-11T00:37:28.000Z</time>
        <extensions>
          <ns3:TrackPointExtension>
            <ns3:hr>145</ns3:hr>
            <ns3:cad>87</ns3:cad>
          </ns3:TrackPointExtension>
        </extensions>
      </trkpt>
      <trkpt lat="34.1840918920934200286865234375" lon="108.93236738629639148712158203125">
        <ele>431.399993896484375</ele>
        <time>2026-07-11T00:37:29.000Z</time>
        <extensions>
          <ns3:TrackPointExtension>
            <ns3:hr>145</ns3:hr>
            <ns3:cad>87</ns3:cad>
          </ns3:TrackPointExtension>
        </extensions>
      </trkpt>
      <trkpt lat="34.1840939037501811981201171875" lon="108.9323932863771915435791015625">
        <ele>431.399993896484375</ele>
        <time>2026-07-11T00:37:30.000Z</time>
        <extensions>
          <ns3:TrackPointExtension>
            <ns3:hr>146</ns3:hr>
            <ns3:cad>89</ns3:cad>
          </ns3:TrackPointExtension>
        </extensions>
      </trkpt>
      <trkpt lat="34.18409247882664203643798828125" lon="108.9324246346950531005859375">
        <ele>431.399993896484375</ele>
        <time>2026-07-11T00:37:31.000Z</time>
        <extensions>
          <ns3:TrackPointExtension>
            <ns3:hr>146</ns3:hr>
            <ns3:cad>89</ns3:cad>
          </ns3:TrackPointExtension>
        </extensions>
      </trkpt>
      <trkpt lat="34.1840892098844051361083984375" lon="108.932447768747806549072265625">
        <ele>431.399993896484375</ele>
        <time>2026-07-11T00:37:32.000Z</time>
        <extensions>
          <ns3:TrackPointExtension>
            <ns3:hr>146</ns3:hr>
            <ns3:cad>89</ns3:cad>
          </ns3:TrackPointExtension>
        </extensions>
      </trkpt>
      <trkpt lat="34.18408728204667568206787109375" lon="108.93248439766466617584228515625">
        <ele>431.600006103515625</ele>
        <time>2026-07-11T00:37:33.000Z</time>
        <extensions>
          <ns3:TrackPointExtension>
            <ns3:hr>146</ns3:hr>
            <ns3:cad>89</ns3:cad>
          </ns3:TrackPointExtension>
        </extensions>
      </trkpt>
      <trkpt lat="34.1840875335037708282470703125" lon="108.932506106793880462646484375">
        <ele>431.399993896484375</ele>
        <time>2026-07-11T00:37:34.000Z</time>
        <extensions>
          <ns3:TrackPointExtension>
            <ns3:hr>147</ns3:hr>
            <ns3:cad>88</ns3:cad>
          </ns3:TrackPointExtension>
        </extensions>
      </trkpt>
      <trkpt lat="34.18408376164734363555908203125" lon="108.93253795802593231201171875">
        <ele>431.399993896484375</ele>
        <time>2026-07-11T00:37:35.000Z</time>
        <extensions>
          <ns3:TrackPointExtension>
            <ns3:hr>147</ns3:hr>
            <ns3:cad>88</ns3:cad>
          </ns3:TrackPointExtension>
        </extensions>
      </trkpt>
      <trkpt lat="34.18408476747572422027587890625" lon="108.93256318755447864532470703125">
        <ele>431.399993896484375</ele>
        <time>2026-07-11T00:37:36.000Z</time>
        <extensions>
          <ns3:TrackPointExtension>
            <ns3:hr>148</ns3:hr>
            <ns3:cad>88</ns3:cad>
          </ns3:TrackPointExtension>
        </extensions>
      </trkpt>
      <trkpt lat="34.18408812023699283599853515625" lon="108.9325897581875324249267578125">
        <ele>431.399993896484375</ele>
        <time>2026-07-11T00:37:37.000Z</time>
        <extensions>
          <ns3:TrackPointExtension>
            <ns3:hr>148</ns3:hr>
            <ns3:cad>88</ns3:cad>
          </ns3:TrackPointExtension>
        </extensions>
      </trkpt>
      <trkpt lat="34.18408912606537342071533203125" lon="108.9326112158596515655517578125">
        <ele>431.399993896484375</ele>
        <time>2026-07-11T00:37:38.000Z</time>
        <extensions>
          <ns3:TrackPointExtension>
            <ns3:hr>149</ns3:hr>
            <ns3:cad>89</ns3:cad>
          </ns3:TrackPointExtension>
        </extensions>
      </trkpt>
      <trkpt lat="34.184086360037326812744140625" lon="108.93264122307300567626953125">
        <ele>431.399993896484375</ele>
        <time>2026-07-11T00:37:39.000Z</time>
        <extensions>
          <ns3:TrackPointExtension>
            <ns3:hr>149</ns3:hr>
            <ns3:cad>89</ns3:cad>
          </ns3:TrackPointExtension>
        </extensions>
      </trkpt>
      <trkpt lat="34.1840885393321514129638671875" lon="108.93266427330672740936279296875">
        <ele>431.399993896484375</ele>
        <time>2026-07-11T00:37:40.000Z</time>
        <extensions>
          <ns3:TrackPointExtension>
            <ns3:hr>149</ns3:hr>
            <ns3:cad>89</ns3:cad>
          </ns3:TrackPointExtension>
        </extensions>
      </trkpt>
      <trkpt lat="34.18408594094216823577880859375" lon="108.93270023167133331298828125">
        <ele>431.600006103515625</ele>
        <time>2026-07-11T00:37:41.000Z</time>
        <extensions>
          <ns3:TrackPointExtension>
            <ns3:hr>149</ns3:hr>
            <ns3:cad>90</ns3:cad>
          </ns3:TrackPointExtension>
        </extensions>
      </trkpt>
      <trkpt lat="34.18408744968473911285400390625" lon="108.93272814340889453887939453125">
        <ele>431.600006103515625</ele>
        <time>2026-07-11T00:37:42.000Z</time>
        <extensions>
          <ns3:TrackPointExtension>
            <ns3:hr>149</ns3:hr>
            <ns3:cad>89</ns3:cad>
          </ns3:TrackPointExtension>
        </extensions>
      </trkpt>
      <trkpt lat="34.184089712798595428466796875" lon="108.93275982700288295745849609375">
        <ele>431.600006103515625</ele>
        <time>2026-07-11T00:37:43.000Z</time>
        <extensions>
          <ns3:TrackPointExtension>
            <ns3:hr>149</ns3:hr>
            <ns3:cad>89</ns3:cad>
          </ns3:TrackPointExtension>
        </extensions>
      </trkpt>
      <trkpt lat="34.1840928979218006134033203125" lon="108.93278094939887523651123046875">
        <ele>431.600006103515625</ele>
        <time>2026-07-11T00:37:44.000Z</time>
        <extensions>
          <ns3:TrackPointExtension>
            <ns3:hr>150</ns3:hr>
            <ns3:cad>89</ns3:cad>
          </ns3:TrackPointExtension>
        </extensions>
      </trkpt>
      <trkpt lat="34.184091724455356597900390625" lon="108.93281246535480022430419921875">
        <ele>431.600006103515625</ele>
        <time>2026-07-11T00:37:45.000Z</time>
        <extensions>
          <ns3:TrackPointExtension>
            <ns3:hr>150</ns3:hr>
            <ns3:cad>89</ns3:cad>
          </ns3:TrackPointExtension>
        </extensions>
      </trkpt>
      <trkpt lat="34.18408870697021484375" lon="108.9328350126743316650390625">
        <ele>431.600006103515625</ele>
        <time>2026-07-11T00:37:46.000Z</time>
        <extensions>
          <ns3:TrackPointExtension>
            <ns3:hr>150</ns3:hr>
            <ns3:cad>88</ns3:cad>
          </ns3:TrackPointExtension>
        </extensions>
      </trkpt>
      <trkpt lat="34.18408845551311969757080078125" lon="108.932866863906383514404296875">
        <ele>431.79998779296875</ele>
        <time>2026-07-11T00:37:47.000Z</time>
        <extensions>
          <ns3:TrackPointExtension>
            <ns3:hr>150</ns3:hr>
            <ns3:cad>88</ns3:cad>
          </ns3:TrackPointExtension>
        </extensions>
      </trkpt>
      <trkpt lat="34.1840885393321514129638671875" lon="108.93289008177816867828369140625">
        <ele>431.79998779296875</ele>
        <time>2026-07-11T00:37:48.000Z</time>
        <extensions>
          <ns3:TrackPointExtension>
            <ns3:hr>150</ns3:hr>
            <ns3:cad>88</ns3:cad>
          </ns3:TrackPointExtension>
        </extensions>
      </trkpt>
      <trkpt lat="34.18409046716988086700439453125" lon="108.9329203404486179351806640625">
        <ele>431.79998779296875</ele>
        <time>2026-07-11T00:37:49.000Z</time>
        <extensions>
          <ns3:TrackPointExtension>
            <ns3:hr>150</ns3:hr>
            <ns3:cad>88</ns3:cad>
          </ns3:TrackPointExtension>
        </extensions>
      </trkpt>
      <trkpt lat="34.18408879078924655914306640625" lon="108.93294858746230602264404296875">
        <ele>431.79998779296875</ele>
        <time>2026-07-11T00:37:50.000Z</time>
        <extensions>
          <ns3:TrackPointExtension>
            <ns3:hr>149</ns3:hr>
            <ns3:cad>88</ns3:cad>
          </ns3:TrackPointExtension>
        </extensions>
      </trkpt>
      <trkpt lat="34.1840895451605319976806640625" lon="108.93297608010470867156982421875">
        <ele>431.79998779296875</ele>
        <time>2026-07-11T00:37:51.000Z</time>
        <extensions>
          <ns3:TrackPointExtension>
            <ns3:hr>149</ns3:hr>
            <ns3:cad>88</ns3:cad>
          </ns3:TrackPointExtension>
        </extensions>
      </trkpt>
      <trkpt lat="34.18409013189375400543212890625" lon="108.93298781476914882659912109375">
        <ele>431.79998779296875</ele>
        <time>2026-07-11T00:37:52.000Z</time>
        <extensions>
          <ns3:TrackPointExtension>
            <ns3:hr>149</ns3:hr>
            <ns3:cad>88</ns3:cad>
          </ns3:TrackPointExtension>
        </extensions>
      </trkpt>
      <trkpt lat="34.1840892098844051361083984375" lon="108.9329857192933559417724609375">
        <ele>431.600006103515625</ele>
        <time>2026-07-11T00:37:53.000Z</time>
        <extensions>
          <ns3:TrackPointExtension>
            <ns3:hr>149</ns3:hr>
            <ns3:cad>88</ns3:cad>
          </ns3:TrackPointExtension>
        </extensions>
      </trkpt>
      <trkpt lat="34.18408242054283618927001953125" lon="108.932953365147113800048828125">
        <ele>431.600006103515625</ele>
        <time>2026-07-11T00:37:54.000Z</time>
        <extensions>
          <ns3:TrackPointExtension>
            <ns3:hr>149</ns3:hr>
            <ns3:cad>87</ns3:cad>
          </ns3:TrackPointExtension>
        </extensions>
      </trkpt>
      <trkpt lat="34.18408158235251903533935546875" lon="108.93292746506631374359130859375">
        <ele>431.600006103515625</ele>
        <time>2026-07-11T00:37:55.000Z</time>
        <extensions>
          <ns3:TrackPointExtension>
            <ns3:hr>149</ns3:hr>
            <ns3:cad>86</ns3:cad>
          </ns3:TrackPointExtension>
        </extensions>
      </trkpt>
      <trkpt lat="34.18408040888607501983642578125" lon="108.93290014006197452545166015625">
        <ele>431.600006103515625</ele>
        <time>2026-07-11T00:37:56.000Z</time>
        <extensions>
          <ns3:TrackPointExtension>
            <ns3:hr>149</ns3:hr>
            <ns3:cad>86</ns3:cad>
          </ns3:TrackPointExtension>
        </extensions>
      </trkpt>
      <trkpt lat="34.1840820014476776123046875" lon="108.9328747428953647613525390625">
        <ele>431.600006103515625</ele>
        <time>2026-07-11T00:37:57.000Z</time>
        <extensions>
          <ns3:TrackPointExtension>
            <ns3:hr>148</ns3:hr>
            <ns3:cad>86</ns3:cad>
          </ns3:TrackPointExtension>
        </extensions>
      </trkpt>
      <trkpt lat="34.18408359400928020477294921875" lon="108.93285538069903850555419921875">
        <ele>431.600006103515625</ele>
        <time>2026-07-11T00:37:58.000Z</time>
        <extensions>
          <ns3:TrackPointExtension>
            <ns3:hr>148</ns3:hr>
            <ns3:cad>86</ns3:cad>
          </ns3:TrackPointExtension>
        </extensions>
      </trkpt>
      <trkpt lat="34.18408392928540706634521484375" lon="108.932823948562145233154296875">
        <ele>431.600006103515625</ele>
        <time>2026-07-11T00:37:59.000Z</time>
        <extensions>
          <ns3:TrackPointExtension>
            <ns3:hr>148</ns3:hr>
            <ns3:cad>86</ns3:cad>
          </ns3:TrackPointExtension>
        </extensions>
      </trkpt>
      <trkpt lat="34.18408124707639217376708984375" lon="108.93279402516782283782958984375">
        <ele>431.600006103515625</ele>
        <time>2026-07-11T00:38:00.000Z</time>
        <extensions>
          <ns3:TrackPointExtension>
            <ns3:hr>148</ns3:hr>
            <ns3:cad>86</ns3:cad>
          </ns3:TrackPointExtension>
        </extensions>
      </trkpt>
      <trkpt lat="34.18407839722931385040283203125" lon="108.93276301212608814239501953125">
        <ele>431.600006103515625</ele>
        <time>2026-07-11T00:38:01.000Z</time>
        <extensions>
          <ns3:TrackPointExtension>
            <ns3:hr>147</ns3:hr>
            <ns3:cad>88</ns3:cad>
          </ns3:TrackPointExtension>
        </extensions>
      </trkpt>
      <trkpt lat="34.18407772667706012725830078125" lon="108.93273912370204925537109375">
        <ele>431.600006103515625</ele>
        <time>2026-07-11T00:38:02.000Z</time>
        <extensions>
          <ns3:TrackPointExtension>
            <ns3:hr>147</ns3:hr>
            <ns3:cad>88</ns3:cad>
          </ns3:TrackPointExtension>
        </extensions>
      </trkpt>
      <trkpt lat="34.18407923541963100433349609375" lon="108.9327037520706653594970703125">
        <ele>431.600006103515625</ele>
        <time>2026-07-11T00:38:03.000Z</time>
        <extensions>
          <ns3:TrackPointExtension>
            <ns3:hr>147</ns3:hr>
            <ns3:cad>88</ns3:cad>
          </ns3:TrackPointExtension>
        </extensions>
      </trkpt>
      <trkpt lat="34.1840766370296478271484375" lon="108.93267701379954814910888671875">
        <ele>431.600006103515625</ele>
        <time>2026-07-11T00:38:04.000Z</time>
        <extensions>
          <ns3:TrackPointExtension>
            <ns3:hr>148</ns3:hr>
            <ns3:cad>88</ns3:cad>
          </ns3:TrackPointExtension>
        </extensions>
      </trkpt>
      <trkpt lat="34.1840754635632038116455078125" lon="108.93264365382492542266845703125">
        <ele>431.600006103515625</ele>
        <time>2026-07-11T00:38:05.000Z</time>
        <extensions>
          <ns3:TrackPointExtension>
            <ns3:hr>148</ns3:hr>
            <ns3:cad>87</ns3:cad>
          </ns3:TrackPointExtension>
        </extensions>
      </trkpt>
      <trkpt lat="34.184075295925140380859375" lon="108.9326204359531402587890625">
        <ele>431.600006103515625</ele>
        <time>2026-07-11T00:38:06.000Z</time>
        <extensions>
          <ns3:TrackPointExtension>
            <ns3:hr>148</ns3:hr>
            <ns3:cad>89</ns3:cad>
          </ns3:TrackPointExtension>
        </extensions>
      </trkpt>
      <trkpt lat="34.18407504446804523468017578125" lon="108.93258900381624698638916015625">
        <ele>431.600006103515625</ele>
        <time>2026-07-11T00:38:07.000Z</time>
        <extensions>
          <ns3:TrackPointExtension>
            <ns3:hr>149</ns3:hr>
            <ns3:cad>89</ns3:cad>
          </ns3:TrackPointExtension>
        </extensions>
      </trkpt>
      <trkpt lat="34.18407387100160121917724609375" lon="108.932564444839954376220703125">
        <ele>431.600006103515625</ele>
        <time>2026-07-11T00:38:08.000Z</time>
        <extensions>
          <ns3:TrackPointExtension>
            <ns3:hr>149</ns3:hr>
            <ns3:cad>89</ns3:cad>
          </ns3:TrackPointExtension>
        </extensions>
      </trkpt>
      <trkpt lat="34.18406951241195201873779296875" lon="108.93253167159855365753173828125">
        <ele>431.600006103515625</ele>
        <time>2026-07-11T00:38:09.000Z</time>
        <extensions>
          <ns3:TrackPointExtension>
            <ns3:hr>150</ns3:hr>
            <ns3:cad>88</ns3:cad>
          </ns3:TrackPointExtension>
        </extensions>
      </trkpt>
      <trkpt lat="34.184067584574222564697265625" lon="108.9325077831745147705078125">
        <ele>431.600006103515625</ele>
        <time>2026-07-11T00:38:10.000Z</time>
        <extensions>
          <ns3:TrackPointExtension>
            <ns3:hr>150</ns3:hr>
            <ns3:cad>88</ns3:cad>
          </ns3:TrackPointExtension>
        </extensions>
      </trkpt>
      <trkpt lat="34.1840643994510173797607421875" lon="108.9324777759611606597900390625">
        <ele>431.600006103515625</ele>
        <time>2026-07-11T00:38:11.000Z</time>
        <extensions>
          <ns3:TrackPointExtension>
            <ns3:hr>150</ns3:hr>
            <ns3:cad>88</ns3:cad>
          </ns3:TrackPointExtension>
        </extensions>
      </trkpt>
      <trkpt lat="34.18406113050878047943115234375" lon="108.93245539627969264984130859375">
        <ele>431.600006103515625</ele>
        <time>2026-07-11T00:38:12.000Z</time>
        <extensions>
          <ns3:TrackPointExtension>
            <ns3:hr>150</ns3:hr>
            <ns3:cad>89</ns3:cad>
          </ns3:TrackPointExtension>
        </extensions>
      </trkpt>
      <trkpt lat="34.18406255543231964111328125" lon="108.93242639489471912384033203125">
        <ele>431.600006103515625</ele>
        <time>2026-07-11T00:38:13.000Z</time>
        <extensions>
          <ns3:TrackPointExtension>
            <ns3:hr>150</ns3:hr>
            <ns3:cad>88</ns3:cad>
          </ns3:TrackPointExtension>
        </extensions>
      </trkpt>
      <trkpt lat="34.18405995704233646392822265625" lon="108.93240376375615596771240234375">
        <ele>431.600006103515625</ele>
        <time>2026-07-11T00:38:14.000Z</time>
        <extensions>
          <ns3:TrackPointExtension>
            <ns3:hr>149</ns3:hr>
            <ns3:cad>88</ns3:cad>
          </ns3:TrackPointExtension>
        </extensions>
      </trkpt>
      <trkpt lat="34.18405828066170215606689453125" lon="108.93237643875181674957275390625">
        <ele>431.399993896484375</ele>
        <time>2026-07-11T00:38:15.000Z</time>
        <extensions>
          <ns3:TrackPointExtension>
            <ns3:hr>150</ns3:hr>
            <ns3:cad>88</ns3:cad>
          </ns3:TrackPointExtension>
        </extensions>
      </trkpt>
      <trkpt lat="34.1840543411672115325927734375" lon="108.93234760500490665435791015625">
        <ele>431.399993896484375</ele>
        <time>2026-07-11T00:38:16.000Z</time>
        <extensions>
          <ns3:TrackPointExtension>
            <ns3:hr>150</ns3:hr>
            <ns3:cad>89</ns3:cad>
          </ns3:TrackPointExtension>
        </extensions>
      </trkpt>
      <trkpt lat="34.1840530000627040863037109375" lon="108.93231944181025028228759765625">
        <ele>431.399993896484375</ele>
        <time>2026-07-11T00:38:17.000Z</time>
        <extensions>
          <ns3:TrackPointExtension>
            <ns3:hr>150</ns3:hr>
            <ns3:cad>89</ns3:cad>
          </ns3:TrackPointExtension>
        </extensions>
      </trkpt>
      <trkpt lat="34.1840506531298160552978515625" lon="108.93228775821626186370849609375">
        <ele>431.20001220703125</ele>
        <time>2026-07-11T00:38:18.000Z</time>
        <extensions>
          <ns3:TrackPointExtension>
            <ns3:hr>149</ns3:hr>
            <ns3:cad>89</ns3:cad>
          </ns3:TrackPointExtension>
        </extensions>
      </trkpt>
      <trkpt lat="34.1840496473014354705810546875" lon="108.93225632607936859130859375">
        <ele>431.20001220703125</ele>
        <time>2026-07-11T00:38:19.000Z</time>
        <extensions>
          <ns3:TrackPointExtension>
            <ns3:hr>149</ns3:hr>
            <ns3:cad>89</ns3:cad>
          </ns3:TrackPointExtension>
        </extensions>
      </trkpt>
      <trkpt lat="34.1840499825775623321533203125" lon="108.9322259835898876190185546875">
        <ele>431.20001220703125</ele>
        <time>2026-07-11T00:38:20.000Z</time>
        <extensions>
          <ns3:TrackPointExtension>
            <ns3:hr>149</ns3:hr>
            <ns3:cad>89</ns3:cad>
          </ns3:TrackPointExtension>
        </extensions>
      </trkpt>
      <trkpt lat="34.1840496473014354705810546875" lon="108.93219253979623317718505859375">
        <ele>431.20001220703125</ele>
        <time>2026-07-11T00:38:21.000Z</time>
        <extensions>
          <ns3:TrackPointExtension>
            <ns3:hr>149</ns3:hr>
            <ns3:cad>90</ns3:cad>
          </ns3:TrackPointExtension>
        </extensions>
      </trkpt>
      <trkpt lat="34.18405182659626007080078125" lon="108.93215800635516643524169921875">
        <ele>431.20001220703125</ele>
        <time>2026-07-11T00:38:22.000Z</time>
        <extensions>
          <ns3:TrackPointExtension>
            <ns3:hr>149</ns3:hr>
            <ns3:cad>90</ns3:cad>
          </ns3:TrackPointExtension>
        </extensions>
      </trkpt>
      <trkpt lat="34.184050150215625762939453125" lon="108.9321280829608440399169921875">
        <ele>431.399993896484375</ele>
        <time>2026-07-11T00:38:23.000Z</time>
        <extensions>
          <ns3:TrackPointExtension>
            <ns3:hr>149</ns3:hr>
            <ns3:cad>90</ns3:cad>
          </ns3:TrackPointExtension>
        </extensions>
      </trkpt>
      <trkpt lat="34.1840513236820697784423828125" lon="108.93209916539490222930908203125">
        <ele>431.399993896484375</ele>
        <time>2026-07-11T00:38:24.000Z</time>
        <extensions>
          <ns3:TrackPointExtension>
            <ns3:hr>149</ns3:hr>
            <ns3:cad>89</ns3:cad>
          </ns3:TrackPointExtension>
        </extensions>
      </trkpt>
      <trkpt lat="34.184053502976894378662109375" lon="108.932069577276706695556640625">
        <ele>431.399993896484375</ele>
        <time>2026-07-11T00:38:25.000Z</time>
        <extensions>
          <ns3:TrackPointExtension>
            <ns3:hr>149</ns3:hr>
            <ns3:cad>89</ns3:cad>
          </ns3:TrackPointExtension>
        </extensions>
      </trkpt>
      <trkpt lat="34.184053838253021240234375" lon="108.9320425875484943389892578125">
        <ele>431.399993896484375</ele>
        <time>2026-07-11T00:38:26.000Z</time>
        <extensions>
          <ns3:TrackPointExtension>
            <ns3:hr>149</ns3:hr>
            <ns3:cad>89</ns3:cad>
          </ns3:TrackPointExtension>
        </extensions>
      </trkpt>
      <trkpt lat="34.1840476356446743011474609375" lon="108.93201735801994800567626953125">
        <ele>431.399993896484375</ele>
        <time>2026-07-11T00:38:27.000Z</time>
        <extensions>
          <ns3:TrackPointExtension>
            <ns3:hr>149</ns3:hr>
            <ns3:cad>89</ns3:cad>
          </ns3:TrackPointExtension>
        </extensions>
      </trkpt>
      <trkpt lat="34.184046126902103424072265625" lon="108.9319896139204502105712890625">
        <ele>431.399993896484375</ele>
        <time>2026-07-11T00:38:28.000Z</time>
        <extensions>
          <ns3:TrackPointExtension>
            <ns3:hr>149</ns3:hr>
            <ns3:cad>90</ns3:cad>
          </ns3:TrackPointExtension>
        </extensions>
      </trkpt>
      <trkpt lat="34.18404822237789630889892578125" lon="108.93195617012679576873779296875">
        <ele>431.399993896484375</ele>
        <time>2026-07-11T00:38:29.000Z</time>
        <extensions>
          <ns3:TrackPointExtension>
            <ns3:hr>149</ns3:hr>
            <ns3:cad>90</ns3:cad>
          </ns3:TrackPointExtension>
        </extensions>
      </trkpt>
      <trkpt lat="34.184043109416961669921875" lon="108.9319364726543426513671875">
        <ele>431.399993896484375</ele>
        <time>2026-07-11T00:38:30.000Z</time>
        <extensions>
          <ns3:TrackPointExtension>
            <ns3:hr>149</ns3:hr>
            <ns3:cad>90</ns3:cad>
          </ns3:TrackPointExtension>
        </extensions>
      </trkpt>
      <trkpt lat="34.1840422712266445159912109375" lon="108.93190688453614711761474609375">
        <ele>431.399993896484375</ele>
        <time>2026-07-11T00:38:31.000Z</time>
        <extensions>
          <ns3:TrackPointExtension>
            <ns3:hr>149</ns3:hr>
            <ns3:cad>90</ns3:cad>
          </ns3:TrackPointExtension>
        </extensions>
      </trkpt>
      <trkpt lat="34.18404336087405681610107421875" lon="108.93187905661761760711669921875">
        <ele>431.399993896484375</ele>
        <time>2026-07-11T00:38:32.000Z</time>
        <extensions>
          <ns3:TrackPointExtension>
            <ns3:hr>148</ns3:hr>
            <ns3:cad>90</ns3:cad>
          </ns3:TrackPointExtension>
        </extensions>
      </trkpt>
      <trkpt lat="34.18404377996921539306640625" lon="108.9318479597568511962890625">
        <ele>431.399993896484375</ele>
        <time>2026-07-11T00:38:33.000Z</time>
        <extensions>
          <ns3:TrackPointExtension>
            <ns3:hr>149</ns3:hr>
            <ns3:cad>90</ns3:cad>
          </ns3:TrackPointExtension>
        </extensions>
      </trkpt>
      <trkpt lat="34.18404470197856426239013671875" lon="108.93182474188506603240966796875">
        <ele>431.399993896484375</ele>
        <time>2026-07-11T00:38:34.000Z</time>
        <extensions>
          <ns3:TrackPointExtension>
            <ns3:hr>149</ns3:hr>
            <ns3:cad>90</ns3:cad>
          </ns3:TrackPointExtension>
        </extensions>
      </trkpt>
      <trkpt lat="34.18404637835919857025146484375" lon="108.9317961595952510833740234375">
        <ele>431.399993896484375</ele>
        <time>2026-07-11T00:38:35.000Z</time>
        <extensions>
          <ns3:TrackPointExtension>
            <ns3:hr>149</ns3:hr>
            <ns3:cad>89</ns3:cad>
          </ns3:TrackPointExtension>
        </extensions>
      </trkpt>
      <trkpt lat="34.18404621072113513946533203125" lon="108.93176816403865814208984375">
        <ele>431.399993896484375</ele>
        <time>2026-07-11T00:38:36.000Z</time>
        <extensions>
          <ns3:TrackPointExtension>
            <ns3:hr>148</ns3:hr>
            <ns3:cad>88</ns3:cad>
          </ns3:TrackPointExtension>
        </extensions>
      </trkpt>
      <trkpt lat="34.184041433036327362060546875" lon="108.93174427561461925506591796875">
        <ele>431.399993896484375</ele>
        <time>2026-07-11T00:38:37.000Z</time>
        <extensions>
          <ns3:TrackPointExtension>
            <ns3:hr>149</ns3:hr>
            <ns3:cad>88</ns3:cad>
          </ns3:TrackPointExtension>
        </extensions>
      </trkpt>
      <trkpt lat="34.18404151685535907745361328125" lon="108.9317138493061065673828125">
        <ele>431.399993896484375</ele>
        <time>2026-07-11T00:38:38.000Z</time>
        <extensions>
          <ns3:TrackPointExtension>
            <ns3:hr>149</ns3:hr>
            <ns3:cad>88</ns3:cad>
          </ns3:TrackPointExtension>
        </extensions>
      </trkpt>
      <trkpt lat="34.184043109416961669921875" lon="108.93168501555919647216796875">
        <ele>431.399993896484375</ele>
        <time>2026-07-11T00:38:39.000Z</time>
        <extensions>
          <ns3:TrackPointExtension>
            <ns3:hr>149</ns3:hr>
            <ns3:cad>89</ns3:cad>
          </ns3:TrackPointExtension>
        </extensions>
      </trkpt>
      <trkpt lat="34.18404554016888141632080078125" lon="108.93165341578423976898193359375">
        <ele>431.20001220703125</ele>
        <time>2026-07-11T00:38:40.000Z</time>
        <extensions>
          <ns3:TrackPointExtension>
            <ns3:hr>149</ns3:hr>
            <ns3:cad>88</ns3:cad>
          </ns3:TrackPointExtension>
        </extensions>
      </trkpt>
      <trkpt lat="34.184044115245342254638671875" lon="108.93162609077990055084228515625">
        <ele>431.20001220703125</ele>
        <time>2026-07-11T00:38:41.000Z</time>
        <extensions>
          <ns3:TrackPointExtension>
            <ns3:hr>149</ns3:hr>
            <ns3:cad>88</ns3:cad>
          </ns3:TrackPointExtension>
        </extensions>
      </trkpt>
      <trkpt lat="34.1840483061969280242919921875" lon="108.93159516155719757080078125">
        <ele>431.20001220703125</ele>
        <time>2026-07-11T00:38:42.000Z</time>
        <extensions>
          <ns3:TrackPointExtension>
            <ns3:hr>148</ns3:hr>
            <ns3:cad>88</ns3:cad>
          </ns3:TrackPointExtension>
        </extensions>
      </trkpt>
      <trkpt lat="34.1840471327304840087890625" lon="108.9315725304186344146728515625">
        <ele>431.20001220703125</ele>
        <time>2026-07-11T00:38:43.000Z</time>
        <extensions>
          <ns3:TrackPointExtension>
            <ns3:hr>149</ns3:hr>
            <ns3:cad>89</ns3:cad>
          </ns3:TrackPointExtension>
        </extensions>
      </trkpt>
      <trkpt lat="34.18404855765402317047119140625" lon="108.93154847435653209686279296875">
        <ele>431</ele>
        <time>2026-07-11T00:38:44.000Z</time>
        <extensions>
          <ns3:TrackPointExtension>
            <ns3:hr>149</ns3:hr>
            <ns3:cad>89</ns3:cad>
          </ns3:TrackPointExtension>
        </extensions>
      </trkpt>
      <trkpt lat="34.1840466298162937164306640625" lon="108.93152416683733463287353515625">
        <ele>431</ele>
        <time>2026-07-11T00:38:45.000Z</time>
        <extensions>
          <ns3:TrackPointExtension>
            <ns3:hr>148</ns3:hr>
            <ns3:cad>89</ns3:cad>
          </ns3:TrackPointExtension>
        </extensions>
      </trkpt>
      <trkpt lat="34.18404503725469112396240234375" lon="108.9315011166036128997802734375">
        <ele>431</ele>
        <time>2026-07-11T00:38:46.000Z</time>
        <extensions>
          <ns3:TrackPointExtension>
            <ns3:hr>149</ns3:hr>
            <ns3:cad>89</ns3:cad>
          </ns3:TrackPointExtension>
        </extensions>
      </trkpt>
      <trkpt lat="34.1840432770550251007080078125" lon="108.93147982656955718994140625">
        <ele>431</ele>
        <time>2026-07-11T00:38:47.000Z</time>
        <extensions>
          <ns3:TrackPointExtension>
            <ns3:hr>149</ns3:hr>
            <ns3:cad>89</ns3:cad>
          </ns3:TrackPointExtension>
        </extensions>
      </trkpt>
      <trkpt lat="34.18404034338891506195068359375" lon="108.9314598776400089263916015625">
        <ele>431</ele>
        <time>2026-07-11T00:38:48.000Z</time>
        <extensions>
          <ns3:TrackPointExtension>
            <ns3:hr>148</ns3:hr>
            <ns3:cad>89</ns3:cad>
          </ns3:TrackPointExtension>
        </extensions>
      </trkpt>
      <trkpt lat="34.18403766117990016937255859375" lon="108.9314370788633823394775390625">
        <ele>431</ele>
        <time>2026-07-11T00:38:49.000Z</time>
        <extensions>
          <ns3:TrackPointExtension>
            <ns3:hr>149</ns3:hr>
            <ns3:cad>90</ns3:cad>
          </ns3:TrackPointExtension>
        </extensions>
      </trkpt>
      <trkpt lat="34.18403967283666133880615234375" lon="108.9314080774784088134765625">
        <ele>431</ele>
        <time>2026-07-11T00:38:50.000Z</time>
        <extensions>
          <ns3:TrackPointExtension>
            <ns3:hr>149</ns3:hr>
            <ns3:cad>90</ns3:cad>
          </ns3:TrackPointExtension>
        </extensions>
      </trkpt>
      <trkpt lat="34.1840385831892490386962890625" lon="108.9313877932727336883544921875">
        <ele>431</ele>
        <time>2026-07-11T00:38:51.000Z</time>
        <extensions>
          <ns3:TrackPointExtension>
            <ns3:hr>148</ns3:hr>
            <ns3:cad>89</ns3:cad>
          </ns3:TrackPointExtension>
        </extensions>
      </trkpt>
      <trkpt lat="34.18403363786637783050537109375" lon="108.9313616417348384857177734375">
        <ele>431</ele>
        <time>2026-07-11T00:38:52.000Z</time>
        <extensions>
          <ns3:TrackPointExtension>
            <ns3:hr>148</ns3:hr>
            <ns3:cad>89</ns3:cad>
          </ns3:TrackPointExtension>
        </extensions>
      </trkpt>
      <trkpt lat="34.1840302012860774993896484375" lon="108.9313381724059581756591796875">
        <ele>431</ele>
        <time>2026-07-11T00:38:53.000Z</time>
        <extensions>
          <ns3:TrackPointExtension>
            <ns3:hr>148</ns3:hr>
            <ns3:cad>89</ns3:cad>
          </ns3:TrackPointExtension>
        </extensions>
      </trkpt>
      <trkpt lat="34.18403246439993381500244140625" lon="108.93130841664969921112060546875">
        <ele>431</ele>
        <time>2026-07-11T00:38:54.000Z</time>
        <extensions>
          <ns3:TrackPointExtension>
            <ns3:hr>149</ns3:hr>
            <ns3:cad>89</ns3:cad>
          </ns3:TrackPointExtension>
        </extensions>
      </trkpt>
      <trkpt lat="34.1840325482189655303955078125" lon="108.9312811754643917083740234375">
        <ele>431</ele>
        <time>2026-07-11T00:38:55.000Z</time>
        <extensions>
          <ns3:TrackPointExtension>
            <ns3:hr>149</ns3:hr>
            <ns3:cad>89</ns3:cad>
          </ns3:TrackPointExtension>
        </extensions>
      </trkpt>
      <trkpt lat="34.1840312071144580841064453125" lon="108.93124253489077091217041015625">
        <ele>431</ele>
        <time>2026-07-11T00:38:56.000Z</time>
        <extensions>
          <ns3:TrackPointExtension>
            <ns3:hr>149</ns3:hr>
            <ns3:cad>89</ns3:cad>
          </ns3:TrackPointExtension>
        </extensions>
      </trkpt>
      <trkpt lat="34.18402902781963348388671875" lon="108.931212611496448516845703125">
        <ele>431</ele>
        <time>2026-07-11T00:38:57.000Z</time>
        <extensions>
          <ns3:TrackPointExtension>
            <ns3:hr>150</ns3:hr>
            <ns3:cad>88</ns3:cad>
          </ns3:TrackPointExtension>
        </extensions>
      </trkpt>
      <trkpt lat="34.18402592651546001434326171875" lon="108.9311805926263332366943359375">
        <ele>431</ele>
        <time>2026-07-11T00:38:58.000Z</time>
        <extensions>
          <ns3:TrackPointExtension>
            <ns3:hr>150</ns3:hr>
            <ns3:cad>88</ns3:cad>
          </ns3:TrackPointExtension>
        </extensions>
      </trkpt>
      <trkpt lat="34.18402559123933315277099609375" lon="108.93115066923201084136962890625">
        <ele>431</ele>
        <time>2026-07-11T00:38:59.000Z</time>
        <extensions>
          <ns3:TrackPointExtension>
            <ns3:hr>150</ns3:hr>
            <ns3:cad>88</ns3:cad>
          </ns3:TrackPointExtension>
        </extensions>
      </trkpt>
      <trkpt lat="34.184021316468715667724609375" lon="108.931115381419658660888671875">
        <ele>431</ele>
        <time>2026-07-11T00:39:00.000Z</time>
        <extensions>
          <ns3:TrackPointExtension>
            <ns3:hr>150</ns3:hr>
            <ns3:cad>88</ns3:cad>
          </ns3:TrackPointExtension>
        </extensions>
      </trkpt>
      <trkpt lat="34.1840171255171298980712890625" lon="108.9310820214450359344482421875">
        <ele>431.20001220703125</ele>
        <time>2026-07-11T00:39:01.000Z</time>
        <extensions>
          <ns3:TrackPointExtension>
            <ns3:hr>150</ns3:hr>
            <ns3:cad>88</ns3:cad>
          </ns3:TrackPointExtension>
        </extensions>
      </trkpt>
      <trkpt lat="34.18400564230978488922119140625" lon="108.931053020060062408447265625">
        <ele>431.20001220703125</ele>
        <time>2026-07-11T00:39:02.000Z</time>
        <extensions>
          <ns3:TrackPointExtension>
            <ns3:hr>151</ns3:hr>
            <ns3:cad>88</ns3:cad>
          </ns3:TrackPointExtension>
        </extensions>
      </trkpt>
      <trkpt lat="34.18399658985435962677001953125" lon="108.93102192319929599761962890625">
        <ele>431.20001220703125</ele>
        <time>2026-07-11T00:39:03.000Z</time>
        <extensions>
          <ns3:TrackPointExtension>
            <ns3:hr>151</ns3:hr>
            <ns3:cad>88</ns3:cad>
          </ns3:TrackPointExtension>
        </extensions>
      </trkpt>
      <trkpt lat="34.18397932313382625579833984375" lon="108.93099543638527393341064453125">
        <ele>431.20001220703125</ele>
        <time>2026-07-11T00:39:04.000Z</time>
        <extensions>
          <ns3:TrackPointExtension>
            <ns3:hr>151</ns3:hr>
            <ns3:cad>88</ns3:cad>
          </ns3:TrackPointExtension>
        </extensions>
      </trkpt>
      <trkpt lat="34.183962978422641754150390625" lon="108.9309733919799327850341796875">
        <ele>431.20001220703125</ele>
        <time>2026-07-11T00:39:05.000Z</time>
        <extensions>
          <ns3:TrackPointExtension>
            <ns3:hr>151</ns3:hr>
            <ns3:cad>90</ns3:cad>
          </ns3:TrackPointExtension>
        </extensions>
      </trkpt>
      <trkpt lat="34.18394344858825206756591796875" lon="108.930957131087779998779296875">
        <ele>431.20001220703125</ele>
        <time>2026-07-11T00:39:06.000Z</time>
        <extensions>
          <ns3:TrackPointExtension>
            <ns3:hr>150</ns3:hr>
            <ns3:cad>89</ns3:cad>
          </ns3:TrackPointExtension>
        </extensions>
      </trkpt>
      <trkpt lat="34.183923415839672088623046875" lon="108.93093961291015148162841796875">
        <ele>431.20001220703125</ele>
        <time>2026-07-11T00:39:07.000Z</time>
        <extensions>
          <ns3:TrackPointExtension>
            <ns3:hr>151</ns3:hr>
            <ns3:cad>89</ns3:cad>
          </ns3:TrackPointExtension>
        </extensions>
      </trkpt>
      <trkpt lat="34.18390187434852123260498046875" lon="108.93093190155923366546630859375">
        <ele>431.20001220703125</ele>
        <time>2026-07-11T00:39:08.000Z</time>
        <extensions>
          <ns3:TrackPointExtension>
            <ns3:hr>151</ns3:hr>
            <ns3:cad>88</ns3:cad>
          </ns3:TrackPointExtension>
        </extensions>
      </trkpt>
      <trkpt lat="34.183879829943180084228515625" lon="108.93092419020831584930419921875">
        <ele>431.20001220703125</ele>
        <time>2026-07-11T00:39:09.000Z</time>
        <extensions>
          <ns3:TrackPointExtension>
            <ns3:hr>150</ns3:hr>
            <ns3:cad>88</ns3:cad>
          </ns3:TrackPointExtension>
        </extensions>
      </trkpt>
      <trkpt lat="34.1838593780994415283203125" lon="108.93092754296958446502685546875">
        <ele>431.20001220703125</ele>
        <time>2026-07-11T00:39:10.000Z</time>
        <extensions>
          <ns3:TrackPointExtension>
            <ns3:hr>150</ns3:hr>
            <ns3:cad>88</ns3:cad>
          </ns3:TrackPointExtension>
        </extensions>
      </trkpt>
      <trkpt lat="34.18383456766605377197265625" lon="108.9309254474937915802001953125">
        <ele>431.399993896484375</ele>
        <time>2026-07-11T00:39:11.000Z</time>
        <extensions>
          <ns3:TrackPointExtension>
            <ns3:hr>150</ns3:hr>
            <ns3:cad>88</ns3:cad>
          </ns3:TrackPointExtension>
        </extensions>
      </trkpt>
      <trkpt lat="34.1838156245648860931396484375" lon="108.93092595040798187255859375">
        <ele>431.399993896484375</ele>
        <time>2026-07-11T00:39:12.000Z</time>
        <extensions>
          <ns3:TrackPointExtension>
            <ns3:hr>150</ns3:hr>
            <ns3:cad>88</ns3:cad>
          </ns3:TrackPointExtension>
        </extensions>
      </trkpt>
      <trkpt lat="34.1837908141314983367919921875" lon="108.93092385493218898773193359375">
        <ele>431.399993896484375</ele>
        <time>2026-07-11T00:39:13.000Z</time>
        <extensions>
          <ns3:TrackPointExtension>
            <ns3:hr>150</ns3:hr>
            <ns3:cad>88</ns3:cad>
          </ns3:TrackPointExtension>
        </extensions>
      </trkpt>
      <trkpt lat="34.1837723739445209503173828125" lon="108.9309177361428737640380859375">
        <ele>431.399993896484375</ele>
        <time>2026-07-11T00:39:14.000Z</time>
        <extensions>
          <ns3:TrackPointExtension>
            <ns3:hr>150</ns3:hr>
            <ns3:cad>88</ns3:cad>
          </ns3:TrackPointExtension>
        </extensions>
      </trkpt>
      <trkpt lat="34.18375032953917980194091796875" lon="108.93091144971549510955810546875">
        <ele>431.399993896484375</ele>
        <time>2026-07-11T00:39:15.000Z</time>
        <extensions>
          <ns3:TrackPointExtension>
            <ns3:hr>149</ns3:hr>
            <ns3:cad>88</ns3:cad>
          </ns3:TrackPointExtension>
        </extensions>
      </trkpt>
      <trkpt lat="34.183728285133838653564453125" lon="108.930912204086780548095703125">
        <ele>431.399993896484375</ele>
        <time>2026-07-11T00:39:16.000Z</time>
        <extensions>
          <ns3:TrackPointExtension>
            <ns3:hr>149</ns3:hr>
            <ns3:cad>88</ns3:cad>
          </ns3:TrackPointExtension>
        </extensions>
      </trkpt>
      <trkpt lat="34.1837053187191486358642578125" lon="108.9309157244861125946044921875">
        <ele>431.399993896484375</ele>
        <time>2026-07-11T00:39:17.000Z</time>
        <extensions>
          <ns3:TrackPointExtension>
            <ns3:hr>149</ns3:hr>
            <ns3:cad>88</ns3:cad>
          </ns3:TrackPointExtension>
        </extensions>
      </trkpt>
      <trkpt lat="34.18368704617023468017578125" lon="108.93091798759996891021728515625">
        <ele>431.399993896484375</ele>
        <time>2026-07-11T00:39:18.000Z</time>
        <extensions>
          <ns3:TrackPointExtension>
            <ns3:hr>149</ns3:hr>
            <ns3:cad>88</ns3:cad>
          </ns3:TrackPointExtension>
        </extensions>
      </trkpt>
      <trkpt lat="34.18366491794586181640625" lon="108.9309170655906200408935546875">
        <ele>431.399993896484375</ele>
        <time>2026-07-11T00:39:19.000Z</time>
        <extensions>
          <ns3:TrackPointExtension>
            <ns3:hr>149</ns3:hr>
            <ns3:cad>87</ns3:cad>
          </ns3:TrackPointExtension>
        </extensions>
      </trkpt>
      <trkpt lat="34.183640442788600921630859375" lon="108.930920921266078948974609375">
        <ele>431.399993896484375</ele>
        <time>2026-07-11T00:39:20.000Z</time>
        <extensions>
          <ns3:TrackPointExtension>
            <ns3:hr>149</ns3:hr>
            <ns3:cad>88</ns3:cad>
          </ns3:TrackPointExtension>
        </extensions>
      </trkpt>
      <trkpt lat="34.18361789546906948089599609375" lon="108.9309254474937915802001953125">
        <ele>431.399993896484375</ele>
        <time>2026-07-11T00:39:21.000Z</time>
        <extensions>
          <ns3:TrackPointExtension>
            <ns3:hr>149</ns3:hr>
            <ns3:cad>88</ns3:cad>
          </ns3:TrackPointExtension>
        </extensions>
      </trkpt>
      <trkpt lat="34.183597862720489501953125" lon="108.9309334941208362579345703125">
        <ele>431.399993896484375</ele>
        <time>2026-07-11T00:39:22.000Z</time>
        <extensions>
          <ns3:TrackPointExtension>
            <ns3:hr>149</ns3:hr>
            <ns3:cad>88</ns3:cad>
          </ns3:TrackPointExtension>
        </extensions>
      </trkpt>
      <trkpt lat="34.1835772432386875152587890625" lon="108.93094070255756378173828125">
        <ele>431.399993896484375</ele>
        <time>2026-07-11T00:39:23.000Z</time>
        <extensions>
          <ns3:TrackPointExtension>
            <ns3:hr>149</ns3:hr>
            <ns3:cad>88</ns3:cad>
          </ns3:TrackPointExtension>
        </extensions>
      </trkpt>
      <trkpt lat="34.1835480742156505584716796875" lon="108.93093408085405826568603515625">
        <ele>431.399993896484375</ele>
        <time>2026-07-11T00:39:24.000Z</time>
        <extensions>
          <ns3:TrackPointExtension>
            <ns3:hr>149</ns3:hr>
            <ns3:cad>88</ns3:cad>
          </ns3:TrackPointExtension>
        </extensions>
      </trkpt>
      <trkpt lat="34.18352737091481685638427734375" lon="108.93093533813953399658203125">
        <ele>431.399993896484375</ele>
        <time>2026-07-11T00:39:25.000Z</time>
        <extensions>
          <ns3:TrackPointExtension>
            <ns3:hr>149</ns3:hr>
            <ns3:cad>88</ns3:cad>
          </ns3:TrackPointExtension>
        </extensions>
      </trkpt>
      <trkpt lat="34.1834999620914459228515625" lon="108.9309344999492168426513671875">
        <ele>431.399993896484375</ele>
        <time>2026-07-11T00:39:26.000Z</time>
        <extensions>
          <ns3:TrackPointExtension>
            <ns3:hr>149</ns3:hr>
            <ns3:cad>88</ns3:cad>
          </ns3:TrackPointExtension>
        </extensions>
      </trkpt>
      <trkpt lat="34.18348261155188083648681640625" lon="108.93093843944370746612548828125">
        <ele>431.399993896484375</ele>
        <time>2026-07-11T00:39:27.000Z</time>
        <extensions>
          <ns3:TrackPointExtension>
            <ns3:hr>149</ns3:hr>
            <ns3:cad>88</ns3:cad>
          </ns3:TrackPointExtension>
        </extensions>
      </trkpt>
      <trkpt lat="34.18345863930881023406982421875" lon="108.9309324882924556732177734375">
        <ele>431.600006103515625</ele>
        <time>2026-07-11T00:39:28.000Z</time>
        <extensions>
          <ns3:TrackPointExtension>
            <ns3:hr>149</ns3:hr>
            <ns3:cad>87</ns3:cad>
          </ns3:TrackPointExtension>
        </extensions>
      </trkpt>
      <trkpt lat="34.18344170786440372467041015625" lon="108.930933661758899688720703125">
        <ele>431.600006103515625</ele>
        <time>2026-07-11T00:39:29.000Z</time>
        <extensions>
          <ns3:TrackPointExtension>
            <ns3:hr>149</ns3:hr>
            <ns3:cad>87</ns3:cad>
          </ns3:TrackPointExtension>
        </extensions>
      </trkpt>
      <trkpt lat="34.18342025019228458404541015625" lon="108.9309331588447093963623046875">
        <ele>431.600006103515625</ele>
        <time>2026-07-11T00:39:30.000Z</time>
        <extensions>
          <ns3:TrackPointExtension>
            <ns3:hr>148</ns3:hr>
            <ns3:cad>87</ns3:cad>
          </ns3:TrackPointExtension>
        </extensions>
      </trkpt>
      <trkpt lat="34.18340147472918033599853515625" lon="108.93093240447342395782470703125">
        <ele>431.600006103515625</ele>
        <time>2026-07-11T00:39:31.000Z</time>
        <extensions>
          <ns3:TrackPointExtension>
            <ns3:hr>149</ns3:hr>
            <ns3:cad>87</ns3:cad>
          </ns3:TrackPointExtension>
        </extensions>
      </trkpt>
      <trkpt lat="34.1833765804767608642578125" lon="108.930936343967914581298828125">
        <ele>431.79998779296875</ele>
        <time>2026-07-11T00:39:32.000Z</time>
        <extensions>
          <ns3:TrackPointExtension>
            <ns3:hr>149</ns3:hr>
            <ns3:cad>88</ns3:cad>
          </ns3:TrackPointExtension>
        </extensions>
      </trkpt>
      <trkpt lat="34.18335319496691226959228515625" lon="108.9309381879866123199462890625">
        <ele>431.79998779296875</ele>
        <time>2026-07-11T00:39:33.000Z</time>
        <extensions>
          <ns3:TrackPointExtension>
            <ns3:hr>148</ns3:hr>
            <ns3:cad>88</ns3:cad>
          </ns3:TrackPointExtension>
        </extensions>
      </trkpt>
      <trkpt lat="34.18333274312317371368408203125" lon="108.93094397149980068206787109375">
        <ele>431.79998779296875</ele>
        <time>2026-07-11T00:39:34.000Z</time>
        <extensions>
          <ns3:TrackPointExtension>
            <ns3:hr>149</ns3:hr>
            <ns3:cad>87</ns3:cad>
          </ns3:TrackPointExtension>
        </extensions>
      </trkpt>
      <trkpt lat="34.18331296183168888092041015625" lon="108.93094430677592754364013671875">
        <ele>431.79998779296875</ele>
        <time>2026-07-11T00:39:35.000Z</time>
        <extensions>
          <ns3:TrackPointExtension>
            <ns3:hr>149</ns3:hr>
            <ns3:cad>87</ns3:cad>
          </ns3:TrackPointExtension>
        </extensions>
      </trkpt>
      <trkpt lat="34.18328898958861827850341796875" lon="108.93094229511916637420654296875">
        <ele>431.79998779296875</ele>
        <time>2026-07-11T00:39:36.000Z</time>
        <extensions>
          <ns3:TrackPointExtension>
            <ns3:hr>149</ns3:hr>
            <ns3:cad>88</ns3:cad>
          </ns3:TrackPointExtension>
        </extensions>
      </trkpt>
      <trkpt lat="34.18326862156391143798828125" lon="108.93093793652951717376708984375">
        <ele>431.79998779296875</ele>
        <time>2026-07-11T00:39:37.000Z</time>
        <extensions>
          <ns3:TrackPointExtension>
            <ns3:hr>149</ns3:hr>
            <ns3:cad>88</ns3:cad>
          </ns3:TrackPointExtension>
        </extensions>
      </trkpt>
      <trkpt lat="34.18324490077793598175048828125" lon="108.9309375174343585968017578125">
        <ele>431.79998779296875</ele>
        <time>2026-07-11T00:39:38.000Z</time>
        <extensions>
          <ns3:TrackPointExtension>
            <ns3:hr>149</ns3:hr>
            <ns3:cad>88</ns3:cad>
          </ns3:TrackPointExtension>
        </extensions>
      </trkpt>
      <trkpt lat="34.18322528712451457977294921875" lon="108.93093458376824855804443359375">
        <ele>431.79998779296875</ele>
        <time>2026-07-11T00:39:39.000Z</time>
        <extensions>
          <ns3:TrackPointExtension>
            <ns3:hr>150</ns3:hr>
            <ns3:cad>89</ns3:cad>
          </ns3:TrackPointExtension>
        </extensions>
      </trkpt>
      <trkpt lat="34.1832007281482219696044921875" lon="108.9309333264827728271484375">
        <ele>432</ele>
        <time>2026-07-11T00:39:40.000Z</time>
        <extensions>
          <ns3:TrackPointExtension>
            <ns3:hr>150</ns3:hr>
            <ns3:cad>89</ns3:cad>
          </ns3:TrackPointExtension>
        </extensions>
      </trkpt>
      <trkpt lat="34.1831775940954685211181640625" lon="108.93092838115990161895751953125">
        <ele>432</ele>
        <time>2026-07-11T00:39:41.000Z</time>
        <extensions>
          <ns3:TrackPointExtension>
            <ns3:hr>150</ns3:hr>
            <ns3:cad>89</ns3:cad>
          </ns3:TrackPointExtension>
        </extensions>
      </trkpt>
      <trkpt lat="34.18315705843269824981689453125" lon="108.93092972226440906524658203125">
        <ele>432</ele>
        <time>2026-07-11T00:39:42.000Z</time>
        <extensions>
          <ns3:TrackPointExtension>
            <ns3:hr>150</ns3:hr>
            <ns3:cad>89</ns3:cad>
          </ns3:TrackPointExtension>
        </extensions>
      </trkpt>
      <trkpt lat="34.1831330023705959320068359375" lon="108.93092502839863300323486328125">
        <ele>432</ele>
        <time>2026-07-11T00:39:43.000Z</time>
        <extensions>
          <ns3:TrackPointExtension>
            <ns3:hr>150</ns3:hr>
            <ns3:cad>89</ns3:cad>
          </ns3:TrackPointExtension>
        </extensions>
      </trkpt>
      <trkpt lat="34.1831118799746036529541015625" lon="108.93092854879796504974365234375">
        <ele>432</ele>
        <time>2026-07-11T00:39:44.000Z</time>
        <extensions>
          <ns3:TrackPointExtension>
            <ns3:hr>150</ns3:hr>
            <ns3:cad>88</ns3:cad>
          </ns3:TrackPointExtension>
        </extensions>
      </trkpt>
      <trkpt lat="34.1830840520560741424560546875" lon="108.93092519603669643402099609375">
        <ele>432</ele>
        <time>2026-07-11T00:39:45.000Z</time>
        <extensions>
          <ns3:TrackPointExtension>
            <ns3:hr>150</ns3:hr>
            <ns3:cad>88</ns3:cad>
          </ns3:TrackPointExtension>
        </extensions>
      </trkpt>
      <trkpt lat="34.1830625943839550018310546875" lon="108.93093190155923366546630859375">
        <ele>432</ele>
        <time>2026-07-11T00:39:46.000Z</time>
        <extensions>
          <ns3:TrackPointExtension>
            <ns3:hr>150</ns3:hr>
            <ns3:cad>88</ns3:cad>
          </ns3:TrackPointExtension>
        </extensions>
      </trkpt>
      <trkpt lat="34.1830384545028209686279296875" lon="108.93092636950314044952392578125">
        <ele>432</ele>
        <time>2026-07-11T00:39:47.000Z</time>
        <extensions>
          <ns3:TrackPointExtension>
            <ns3:hr>150</ns3:hr>
            <ns3:cad>89</ns3:cad>
          </ns3:TrackPointExtension>
        </extensions>
      </trkpt>
      <trkpt lat="34.18302185833454132080078125" lon="108.93092553131282329559326171875">
        <ele>432</ele>
        <time>2026-07-11T00:39:48.000Z</time>
        <extensions>
          <ns3:TrackPointExtension>
            <ns3:hr>150</ns3:hr>
            <ns3:cad>89</ns3:cad>
          </ns3:TrackPointExtension>
        </extensions>
      </trkpt>
      <trkpt lat="34.18299796991050243377685546875" lon="108.93092351965606212615966796875">
        <ele>432</ele>
        <time>2026-07-11T00:39:49.000Z</time>
        <extensions>
          <ns3:TrackPointExtension>
            <ns3:hr>150</ns3:hr>
            <ns3:cad>89</ns3:cad>
          </ns3:TrackPointExtension>
        </extensions>
      </trkpt>
      <trkpt lat="34.18297802098095417022705078125" lon="108.930926285684108734130859375">
        <ele>432</ele>
        <time>2026-07-11T00:39:50.000Z</time>
        <extensions>
          <ns3:TrackPointExtension>
            <ns3:hr>150</ns3:hr>
            <ns3:cad>88</ns3:cad>
          </ns3:TrackPointExtension>
        </extensions>
      </trkpt>
      <trkpt lat="34.182951785624027252197265625" lon="108.93092569895088672637939453125">
        <ele>432.20001220703125</ele>
        <time>2026-07-11T00:39:51.000Z</time>
        <extensions>
          <ns3:TrackPointExtension>
            <ns3:hr>149</ns3:hr>
            <ns3:cad>88</ns3:cad>
          </ns3:TrackPointExtension>
        </extensions>
      </trkpt>
      <trkpt lat="34.182932339608669281005859375" lon="108.93092838115990161895751953125">
        <ele>432.20001220703125</ele>
        <time>2026-07-11T00:39:52.000Z</time>
        <extensions>
          <ns3:TrackPointExtension>
            <ns3:hr>150</ns3:hr>
            <ns3:cad>88</ns3:cad>
          </ns3:TrackPointExtension>
        </extensions>
      </trkpt>
      <trkpt lat="34.18290979228913784027099609375" lon="108.9309252798557281494140625">
        <ele>432.20001220703125</ele>
        <time>2026-07-11T00:39:53.000Z</time>
        <extensions>
          <ns3:TrackPointExtension>
            <ns3:hr>150</ns3:hr>
            <ns3:cad>89</ns3:cad>
          </ns3:TrackPointExtension>
        </extensions>
      </trkpt>
      <trkpt lat="34.182888753712177276611328125" lon="108.93092553131282329559326171875">
        <ele>432.20001220703125</ele>
        <time>2026-07-11T00:39:54.000Z</time>
        <extensions>
          <ns3:TrackPointExtension>
            <ns3:hr>150</ns3:hr>
            <ns3:cad>89</ns3:cad>
          </ns3:TrackPointExtension>
        </extensions>
      </trkpt>
      <trkpt lat="34.18286637403070926666259765625" lon="108.93092536367475986480712890625">
        <ele>432.399993896484375</ele>
        <time>2026-07-11T00:39:55.000Z</time>
        <extensions>
          <ns3:TrackPointExtension>
            <ns3:hr>150</ns3:hr>
            <ns3:cad>89</ns3:cad>
          </ns3:TrackPointExtension>
        </extensions>
      </trkpt>
      <trkpt lat="34.18284391053020954132080078125" lon="108.93092821352183818817138671875">
        <ele>432.399993896484375</ele>
        <time>2026-07-11T00:39:56.000Z</time>
        <extensions>
          <ns3:TrackPointExtension>
            <ns3:hr>150</ns3:hr>
            <ns3:cad>89</ns3:cad>
          </ns3:TrackPointExtension>
        </extensions>
      </trkpt>
      <trkpt lat="34.18281876482069492340087890625" lon="108.93092536367475986480712890625">
        <ele>432.399993896484375</ele>
        <time>2026-07-11T00:39:57.000Z</time>
        <extensions>
          <ns3:TrackPointExtension>
            <ns3:hr>149</ns3:hr>
            <ns3:cad>89</ns3:cad>
          </ns3:TrackPointExtension>
        </extensions>
      </trkpt>
      <trkpt lat="34.18279965408146381378173828125" lon="108.93092955462634563446044921875">
        <ele>432.399993896484375</ele>
        <time>2026-07-11T00:39:58.000Z</time>
        <extensions>
          <ns3:TrackPointExtension>
            <ns3:hr>149</ns3:hr>
            <ns3:cad>89</ns3:cad>
          </ns3:TrackPointExtension>
        </extensions>
      </trkpt>
      <trkpt lat="34.1827695630490779876708984375" lon="108.93093357793986797332763671875">
        <ele>432.600006103515625</ele>
        <time>2026-07-11T00:39:59.000Z</time>
        <extensions>
          <ns3:TrackPointExtension>
            <ns3:hr>149</ns3:hr>
            <ns3:cad>89</ns3:cad>
          </ns3:TrackPointExtension>
        </extensions>
      </trkpt>
      <trkpt lat="34.18275204487144947052001953125" lon="108.9309371821582317352294921875">
        <ele>432.600006103515625</ele>
        <time>2026-07-11T00:40:00.000Z</time>
        <extensions>
          <ns3:TrackPointExtension>
            <ns3:hr>149</ns3:hr>
            <ns3:cad>89</ns3:cad>
          </ns3:TrackPointExtension>
        </extensions>
      </trkpt>
      <trkpt lat="34.18273008428514003753662109375" lon="108.93093760125339031219482421875">
        <ele>432.600006103515625</ele>
        <time>2026-07-11T00:40:01.000Z</time>
        <extensions>
          <ns3:TrackPointExtension>
            <ns3:hr>150</ns3:hr>
            <ns3:cad>89</ns3:cad>
          </ns3:TrackPointExtension>
        </extensions>
      </trkpt>
      <trkpt lat="34.18270963244140148162841796875" lon="108.9309378527104854583740234375">
        <ele>432.79998779296875</ele>
        <time>2026-07-11T00:40:02.000Z</time>
        <extensions>
          <ns3:TrackPointExtension>
            <ns3:hr>150</ns3:hr>
            <ns3:cad>89</ns3:cad>
          </ns3:TrackPointExtension>
        </extensions>
      </trkpt>
      <trkpt lat="34.1826845705509185791015625" lon="108.930934332311153411865234375">
        <ele>432.79998779296875</ele>
        <time>2026-07-11T00:40:03.000Z</time>
        <extensions>
          <ns3:TrackPointExtension>
            <ns3:hr>150</ns3:hr>
            <ns3:cad>89</ns3:cad>
          </ns3:TrackPointExtension>
        </extensions>
      </trkpt>
      <trkpt lat="34.182664118707180023193359375" lon="108.9309311471879482269287109375">
        <ele>432.79998779296875</ele>
        <time>2026-07-11T00:40:04.000Z</time>
        <extensions>
          <ns3:TrackPointExtension>
            <ns3:hr>150</ns3:hr>
            <ns3:cad>89</ns3:cad>
          </ns3:TrackPointExtension>
        </extensions>
      </trkpt>
      <trkpt lat="34.1826403141021728515625" lon="108.93092972226440906524658203125">
        <ele>432.79998779296875</ele>
        <time>2026-07-11T00:40:05.000Z</time>
        <extensions>
          <ns3:TrackPointExtension>
            <ns3:hr>150</ns3:hr>
            <ns3:cad>88</ns3:cad>
          </ns3:TrackPointExtension>
        </extensions>
      </trkpt>
      <trkpt lat="34.18262179009616374969482421875" lon="108.93092368729412555694580078125">
        <ele>432.79998779296875</ele>
        <time>2026-07-11T00:40:06.000Z</time>
        <extensions>
          <ns3:TrackPointExtension>
            <ns3:hr>150</ns3:hr>
            <ns3:cad>88</ns3:cad>
          </ns3:TrackPointExtension>
        </extensions>
      </trkpt>
      <trkpt lat="34.1826012544333934783935546875" lon="108.930921591818332672119140625">
        <ele>432.79998779296875</ele>
        <time>2026-07-11T00:40:07.000Z</time>
        <extensions>
          <ns3:TrackPointExtension>
            <ns3:hr>149</ns3:hr>
            <ns3:cad>88</ns3:cad>
          </ns3:TrackPointExtension>
        </extensions>
      </trkpt>
      <trkpt lat="34.182576946914196014404296875" lon="108.930917568504810333251953125">
        <ele>432.79998779296875</ele>
        <time>2026-07-11T00:40:08.000Z</time>
        <extensions>
          <ns3:TrackPointExtension>
            <ns3:hr>150</ns3:hr>
            <ns3:cad>88</ns3:cad>
          </ns3:TrackPointExtension>
        </extensions>
      </trkpt>
      <trkpt lat="34.1825569979846477508544921875" lon="108.93091983161866664886474609375">
        <ele>433</ele>
        <time>2026-07-11T00:40:09.000Z</time>
        <extensions>
          <ns3:TrackPointExtension>
            <ns3:hr>150</ns3:hr>
            <ns3:cad>89</ns3:cad>
          </ns3:TrackPointExtension>
        </extensions>
      </trkpt>
      <trkpt lat="34.1825315169990062713623046875" lon="108.93091765232384204864501953125">
        <ele>433</ele>
        <time>2026-07-11T00:40:10.000Z</time>
        <extensions>
          <ns3:TrackPointExtension>
            <ns3:hr>150</ns3:hr>
            <ns3:cad>88</ns3:cad>
          </ns3:TrackPointExtension>
        </extensions>
      </trkpt>
      <trkpt lat="34.1825120709836483001708984375" lon="108.9309170655906200408935546875">
        <ele>433</ele>
        <time>2026-07-11T00:40:11.000Z</time>
        <extensions>
          <ns3:TrackPointExtension>
            <ns3:hr>149</ns3:hr>
            <ns3:cad>88</ns3:cad>
          </ns3:TrackPointExtension>
        </extensions>
      </trkpt>
      <trkpt lat="34.182489104568958282470703125" lon="108.930910192430019378662109375">
        <ele>433</ele>
        <time>2026-07-11T00:40:12.000Z</time>
        <extensions>
          <ns3:TrackPointExtension>
            <ns3:hr>149</ns3:hr>
            <ns3:cad>88</ns3:cad>
          </ns3:TrackPointExtension>
        </extensions>
      </trkpt>
      <trkpt lat="34.1824728436768054962158203125" lon="108.9309110306203365325927734375">
        <ele>433</ele>
        <time>2026-07-11T00:40:13.000Z</time>
        <extensions>
          <ns3:TrackPointExtension>
            <ns3:hr>149</ns3:hr>
            <ns3:cad>89</ns3:cad>
          </ns3:TrackPointExtension>
        </extensions>
      </trkpt>
      <trkpt lat="34.18244384229183197021484375" lon="108.93091597594320774078369140625">
        <ele>433</ele>
        <time>2026-07-11T00:40:14.000Z</time>
        <extensions>
          <ns3:TrackPointExtension>
            <ns3:hr>149</ns3:hr>
            <ns3:cad>89</ns3:cad>
          </ns3:TrackPointExtension>
        </extensions>
      </trkpt>
      <trkpt lat="34.18242414481937885284423828125" lon="108.93092058598995208740234375">
        <ele>433.20001220703125</ele>
        <time>2026-07-11T00:40:15.000Z</time>
        <extensions>
          <ns3:TrackPointExtension>
            <ns3:hr>148</ns3:hr>
            <ns3:cad>89</ns3:cad>
          </ns3:TrackPointExtension>
        </extensions>
      </trkpt>
      <trkpt lat="34.18239916674792766571044921875" lon="108.9309224300086498260498046875">
        <ele>433.20001220703125</ele>
        <time>2026-07-11T00:40:16.000Z</time>
        <extensions>
          <ns3:TrackPointExtension>
            <ns3:hr>148</ns3:hr>
            <ns3:cad>88</ns3:cad>
          </ns3:TrackPointExtension>
        </extensions>
      </trkpt>
      <trkpt lat="34.18238139711320400238037109375" lon="108.93093374557793140411376953125">
        <ele>433.399993896484375</ele>
        <time>2026-07-11T00:40:17.000Z</time>
        <extensions>
          <ns3:TrackPointExtension>
            <ns3:hr>148</ns3:hr>
            <ns3:cad>88</ns3:cad>
          </ns3:TrackPointExtension>
        </extensions>
      </trkpt>
      <trkpt lat="34.18235558085143566131591796875" lon="108.93094933591783046722412109375">
        <ele>433.399993896484375</ele>
        <time>2026-07-11T00:40:18.000Z</time>
        <extensions>
          <ns3:TrackPointExtension>
            <ns3:hr>148</ns3:hr>
            <ns3:cad>88</ns3:cad>
          </ns3:TrackPointExtension>
        </extensions>
      </trkpt>
      <trkpt lat="34.18234284035861492156982421875" lon="108.93096962012350559234619140625">
        <ele>433.600006103515625</ele>
        <time>2026-07-11T00:40:19.000Z</time>
        <extensions>
          <ns3:TrackPointExtension>
            <ns3:hr>148</ns3:hr>
            <ns3:cad>88</ns3:cad>
          </ns3:TrackPointExtension>
        </extensions>
      </trkpt>
      <trkpt lat="34.182328842580318450927734375" lon="108.9310002140700817108154296875">
        <ele>433.600006103515625</ele>
        <time>2026-07-11T00:40:20.000Z</time>
        <extensions>
          <ns3:TrackPointExtension>
            <ns3:hr>149</ns3:hr>
            <ns3:cad>88</ns3:cad>
          </ns3:TrackPointExtension>
        </extensions>
      </trkpt>
      <trkpt lat="34.182306714355945587158203125" lon="108.9310149662196636199951171875">
        <ele>433.600006103515625</ele>
        <time>2026-07-11T00:40:21.000Z</time>
        <extensions>
          <ns3:TrackPointExtension>
            <ns3:hr>149</ns3:hr>
            <ns3:cad>87</ns3:cad>
          </ns3:TrackPointExtension>
        </extensions>
      </trkpt>
      <trkpt lat="34.18228483758866786956787109375" lon="108.93102359957993030548095703125">
        <ele>433.600006103515625</ele>
        <time>2026-07-11T00:40:22.000Z</time>
        <extensions>
          <ns3:TrackPointExtension>
            <ns3:hr>149</ns3:hr>
            <ns3:cad>87</ns3:cad>
          </ns3:TrackPointExtension>
        </extensions>
      </trkpt>
      <trkpt lat="34.1822580993175506591796875" lon="108.93102443777024745941162109375">
        <ele>433.600006103515625</ele>
        <time>2026-07-11T00:40:23.000Z</time>
        <extensions>
          <ns3:TrackPointExtension>
            <ns3:hr>149</ns3:hr>
            <ns3:cad>87</ns3:cad>
          </ns3:TrackPointExtension>
        </extensions>
      </trkpt>
      <trkpt lat="34.1822354681789875030517578125" lon="108.93102561123669147491455078125">
        <ele>433.600006103515625</ele>
        <time>2026-07-11T00:40:24.000Z</time>
        <extensions>
          <ns3:TrackPointExtension>
            <ns3:hr>149</ns3:hr>
            <ns3:cad>86</ns3:cad>
          </ns3:TrackPointExtension>
        </extensions>
      </trkpt>
      <trkpt lat="34.1822019405663013458251953125" lon="108.93101672641932964324951171875">
        <ele>433.79998779296875</ele>
        <time>2026-07-11T00:40:25.000Z</time>
        <extensions>
          <ns3:TrackPointExtension>
            <ns3:hr>149</ns3:hr>
            <ns3:cad>86</ns3:cad>
          </ns3:TrackPointExtension>
        </extensions>
      </trkpt>
      <trkpt lat="34.1821798123419284820556640625" lon="108.9310065843164920806884765625">
        <ele>433.79998779296875</ele>
        <time>2026-07-11T00:40:26.000Z</time>
        <extensions>
          <ns3:TrackPointExtension>
            <ns3:hr>148</ns3:hr>
            <ns3:cad>86</ns3:cad>
          </ns3:TrackPointExtension>
        </extensions>
      </trkpt>
      <trkpt lat="34.18215072713792324066162109375" lon="108.93099560402333736419677734375">
        <ele>433.79998779296875</ele>
        <time>2026-07-11T00:40:27.000Z</time>
        <extensions>
          <ns3:TrackPointExtension>
            <ns3:hr>149</ns3:hr>
            <ns3:cad>86</ns3:cad>
          </ns3:TrackPointExtension>
        </extensions>
      </trkpt>
      <trkpt lat="34.18212742544710636138916015625" lon="108.93098504282534122467041015625">
        <ele>433.79998779296875</ele>
        <time>2026-07-11T00:40:28.000Z</time>
        <extensions>
          <ns3:TrackPointExtension>
            <ns3:hr>149</ns3:hr>
            <ns3:cad>86</ns3:cad>
          </ns3:TrackPointExtension>
        </extensions>
      </trkpt>
      <trkpt lat="34.182100184261798858642578125" lon="108.9309740625321865081787109375">
        <ele>433.79998779296875</ele>
        <time>2026-07-11T00:40:29.000Z</time>
        <extensions>
          <ns3:TrackPointExtension>
            <ns3:hr>149</ns3:hr>
            <ns3:cad>86</ns3:cad>
          </ns3:TrackPointExtension>
        </extensions>
      </trkpt>
      <trkpt lat="34.1820778883993625640869140625" lon="108.93096358515322208404541015625">
        <ele>434</ele>
        <time>2026-07-11T00:40:30.000Z</time>
        <extensions>
          <ns3:TrackPointExtension>
            <ns3:hr>148</ns3:hr>
            <ns3:cad>86</ns3:cad>
          </ns3:TrackPointExtension>
        </extensions>
      </trkpt>
      <trkpt lat="34.18205953203141689300537109375" lon="108.93094900064170360565185546875">
        <ele>434</ele>
        <time>2026-07-11T00:40:31.000Z</time>
        <extensions>
          <ns3:TrackPointExtension>
            <ns3:hr>149</ns3:hr>
            <ns3:cad>88</ns3:cad>
          </ns3:TrackPointExtension>
        </extensions>
      </trkpt>
      <trkpt lat="34.182039834558963775634765625" lon="108.9309435524046421051025390625">
        <ele>434</ele>
        <time>2026-07-11T00:40:32.000Z</time>
        <extensions>
          <ns3:TrackPointExtension>
            <ns3:hr>149</ns3:hr>
            <ns3:cad>87</ns3:cad>
          </ns3:TrackPointExtension>
        </extensions>
      </trkpt>
      <trkpt lat="34.182021059095859527587890625" lon="108.93093693070113658905029296875">
        <ele>434</ele>
        <time>2026-07-11T00:40:33.000Z</time>
        <extensions>
          <ns3:TrackPointExtension>
            <ns3:hr>150</ns3:hr>
            <ns3:cad>87</ns3:cad>
          </ns3:TrackPointExtension>
        </extensions>
      </trkpt>
      <trkpt lat="34.1820004396140575408935546875" lon="108.93093776889145374298095703125">
        <ele>433.79998779296875</ele>
        <time>2026-07-11T00:40:34.000Z</time>
        <extensions>
          <ns3:TrackPointExtension>
            <ns3:hr>151</ns3:hr>
            <ns3:cad>87</ns3:cad>
          </ns3:TrackPointExtension>
        </extensions>
      </trkpt>
      <trkpt lat="34.18197621591389179229736328125" lon="108.930942378938198089599609375">
        <ele>433.79998779296875</ele>
        <time>2026-07-11T00:40:35.000Z</time>
        <extensions>
          <ns3:TrackPointExtension>
            <ns3:hr>151</ns3:hr>
            <ns3:cad>89</ns3:cad>
          </ns3:TrackPointExtension>
        </extensions>
      </trkpt>
      <trkpt lat="34.18195727281272411346435546875" lon="108.93094212748110294342041015625">
        <ele>433.79998779296875</ele>
        <time>2026-07-11T00:40:36.000Z</time>
        <extensions>
          <ns3:TrackPointExtension>
            <ns3:hr>151</ns3:hr>
            <ns3:cad>89</ns3:cad>
          </ns3:TrackPointExtension>
        </extensions>
      </trkpt>
      <trkpt lat="34.181937240064144134521484375" lon="108.930941037833690643310546875">
        <ele>434</ele>
        <time>2026-07-11T00:40:37.000Z</time>
        <extensions>
          <ns3:TrackPointExtension>
            <ns3:hr>150</ns3:hr>
            <ns3:cad>89</ns3:cad>
          </ns3:TrackPointExtension>
        </extensions>
      </trkpt>
      <trkpt lat="34.18192022480070590972900390625" lon="108.93093760125339031219482421875">
        <ele>434</ele>
        <time>2026-07-11T00:40:38.000Z</time>
        <extensions>
          <ns3:TrackPointExtension>
            <ns3:hr>151</ns3:hr>
            <ns3:cad>89</ns3:cad>
          </ns3:TrackPointExtension>
        </extensions>
      </trkpt>
      <trkpt lat="34.18189801275730133056640625" lon="108.9309368468821048736572265625">
        <ele>434</ele>
        <time>2026-07-11T00:40:39.000Z</time>
        <extensions>
          <ns3:TrackPointExtension>
            <ns3:hr>151</ns3:hr>
            <ns3:cad>89</ns3:cad>
          </ns3:TrackPointExtension>
        </extensions>
      </trkpt>
      <trkpt lat="34.18187295086681842803955078125" lon="108.93093944527208805084228515625">
        <ele>434</ele>
        <time>2026-07-11T00:40:40.000Z</time>
        <extensions>
          <ns3:TrackPointExtension>
            <ns3:hr>150</ns3:hr>
            <ns3:cad>90</ns3:cad>
          </ns3:TrackPointExtension>
        </extensions>
      </trkpt>
      <trkpt lat="34.18184445239603519439697265625" lon="108.9309505932033061981201171875">
        <ele>434</ele>
        <time>2026-07-11T00:40:41.000Z</time>
        <extensions>
          <ns3:TrackPointExtension>
            <ns3:hr>151</ns3:hr>
            <ns3:cad>90</ns3:cad>
          </ns3:TrackPointExtension>
        </extensions>
      </trkpt>
      <trkpt lat="34.18181930668652057647705078125" lon="108.93094983883202075958251953125">
        <ele>434.20001220703125</ele>
        <time>2026-07-11T00:40:42.000Z</time>
        <extensions>
          <ns3:TrackPointExtension>
            <ns3:hr>151</ns3:hr>
            <ns3:cad>90</ns3:cad>
          </ns3:TrackPointExtension>
        </extensions>
      </trkpt>
      <trkpt lat="34.1817965917289257049560546875" lon="108.93095570616424083709716796875">
        <ele>434.20001220703125</ele>
        <time>2026-07-11T00:40:43.000Z</time>
        <extensions>
          <ns3:TrackPointExtension>
            <ns3:hr>151</ns3:hr>
            <ns3:cad>88</ns3:cad>
          </ns3:TrackPointExtension>
        </extensions>
      </trkpt>
      <trkpt lat="34.18177320621907711029052734375" lon="108.9309546165168285369873046875">
        <ele>434.20001220703125</ele>
        <time>2026-07-11T00:40:44.000Z</time>
        <extensions>
          <ns3:TrackPointExtension>
            <ns3:hr>152</ns3:hr>
            <ns3:cad>88</ns3:cad>
          </ns3:TrackPointExtension>
        </extensions>
      </trkpt>
      <trkpt lat="34.1817516647279262542724609375" lon="108.93095503561198711395263671875">
        <ele>434.20001220703125</ele>
        <time>2026-07-11T00:40:45.000Z</time>
        <extensions>
          <ns3:TrackPointExtension>
            <ns3:hr>152</ns3:hr>
            <ns3:cad>88</ns3:cad>
          </ns3:TrackPointExtension>
        </extensions>
      </trkpt>
      <trkpt lat="34.18172593228518962860107421875" lon="108.9309546165168285369873046875">
        <ele>434.399993896484375</ele>
        <time>2026-07-11T00:40:46.000Z</time>
        <extensions>
          <ns3:TrackPointExtension>
            <ns3:hr>152</ns3:hr>
            <ns3:cad>89</ns3:cad>
          </ns3:TrackPointExtension>
        </extensions>
      </trkpt>
      <trkpt lat="34.18170413933694362640380859375" lon="108.93095637671649456024169921875">
        <ele>434.399993896484375</ele>
        <time>2026-07-11T00:40:47.000Z</time>
        <extensions>
          <ns3:TrackPointExtension>
            <ns3:hr>153</ns3:hr>
            <ns3:cad>89</ns3:cad>
          </ns3:TrackPointExtension>
        </extensions>
      </trkpt>
      <trkpt lat="34.181685112416744232177734375" lon="108.9309482462704181671142578125">
        <ele>434.399993896484375</ele>
        <time>2026-07-11T00:40:48.000Z</time>
        <extensions>
          <ns3:TrackPointExtension>
            <ns3:hr>153</ns3:hr>
            <ns3:cad>89</ns3:cad>
          </ns3:TrackPointExtension>
        </extensions>
      </trkpt>
      <trkpt lat="34.1816668398678302764892578125" lon="108.93094263039529323577880859375">
        <ele>434.399993896484375</ele>
        <time>2026-07-11T00:40:49.000Z</time>
        <extensions>
          <ns3:TrackPointExtension>
            <ns3:hr>153</ns3:hr>
            <ns3:cad>89</ns3:cad>
          </ns3:TrackPointExtension>
        </extensions>
      </trkpt>
      <trkpt lat="34.1816437058150768280029296875" lon="108.93093726597726345062255859375">
        <ele>434.600006103515625</ele>
        <time>2026-07-11T00:40:50.000Z</time>
        <extensions>
          <ns3:TrackPointExtension>
            <ns3:hr>153</ns3:hr>
            <ns3:cad>89</ns3:cad>
          </ns3:TrackPointExtension>
        </extensions>
      </trkpt>
      <trkpt lat="34.1816269420087337493896484375" lon="108.93093877471983432769775390625">
        <ele>434.600006103515625</ele>
        <time>2026-07-11T00:40:51.000Z</time>
        <extensions>
          <ns3:TrackPointExtension>
            <ns3:hr>153</ns3:hr>
            <ns3:cad>89</ns3:cad>
          </ns3:TrackPointExtension>
        </extensions>
      </trkpt>
      <trkpt lat="34.1816004551947116851806640625" lon="108.9309360086917877197265625">
        <ele>434.600006103515625</ele>
        <time>2026-07-11T00:40:52.000Z</time>
        <extensions>
          <ns3:TrackPointExtension>
            <ns3:hr>153</ns3:hr>
            <ns3:cad>89</ns3:cad>
          </ns3:TrackPointExtension>
        </extensions>
      </trkpt>
      <trkpt lat="34.18157807551324367523193359375" lon="108.93093793652951717376708984375">
        <ele>434.600006103515625</ele>
        <time>2026-07-11T00:40:53.000Z</time>
        <extensions>
          <ns3:TrackPointExtension>
            <ns3:hr>153</ns3:hr>
            <ns3:cad>89</ns3:cad>
          </ns3:TrackPointExtension>
        </extensions>
      </trkpt>
      <trkpt lat="34.1815535165369510650634765625" lon="108.930937014520168304443359375">
        <ele>434.600006103515625</ele>
        <time>2026-07-11T00:40:54.000Z</time>
        <extensions>
          <ns3:TrackPointExtension>
            <ns3:hr>153</ns3:hr>
            <ns3:cad>89</ns3:cad>
          </ns3:TrackPointExtension>
        </extensions>
      </trkpt>
      <trkpt lat="34.18153348378837108612060546875" lon="108.9309401996433734893798828125">
        <ele>434.600006103515625</ele>
        <time>2026-07-11T00:40:55.000Z</time>
        <extensions>
          <ns3:TrackPointExtension>
            <ns3:hr>154</ns3:hr>
            <ns3:cad>89</ns3:cad>
          </ns3:TrackPointExtension>
        </extensions>
      </trkpt>
      <trkpt lat="34.18150817044079303741455078125" lon="108.930937685072422027587890625">
        <ele>434.600006103515625</ele>
        <time>2026-07-11T00:40:56.000Z</time>
        <extensions>
          <ns3:TrackPointExtension>
            <ns3:hr>154</ns3:hr>
            <ns3:cad>89</ns3:cad>
          </ns3:TrackPointExtension>
        </extensions>
      </trkpt>
      <trkpt lat="34.18148855678737163543701171875" lon="108.93093827180564403533935546875">
        <ele>434.600006103515625</ele>
        <time>2026-07-11T00:40:57.000Z</time>
        <extensions>
          <ns3:TrackPointExtension>
            <ns3:hr>154</ns3:hr>
            <ns3:cad>89</ns3:cad>
          </ns3:TrackPointExtension>
        </extensions>
      </trkpt>
      <trkpt lat="34.18146726675331592559814453125" lon="108.930935002863407135009765625">
        <ele>434.79998779296875</ele>
        <time>2026-07-11T00:40:58.000Z</time>
        <extensions>
          <ns3:TrackPointExtension>
            <ns3:hr>154</ns3:hr>
            <ns3:cad>89</ns3:cad>
          </ns3:TrackPointExtension>
        </extensions>
      </trkpt>
      <trkpt lat="34.18144815601408481597900390625" lon="108.9309328235685825347900390625">
        <ele>434.79998779296875</ele>
        <time>2026-07-11T00:40:59.000Z</time>
        <extensions>
          <ns3:TrackPointExtension>
            <ns3:hr>154</ns3:hr>
            <ns3:cad>89</ns3:cad>
          </ns3:TrackPointExtension>
        </extensions>
      </trkpt>
      <trkpt lat="34.1814281232655048370361328125" lon="108.93092687241733074188232421875">
        <ele>434.79998779296875</ele>
        <time>2026-07-11T00:41:00.000Z</time>
        <extensions>
          <ns3:TrackPointExtension>
            <ns3:hr>154</ns3:hr>
            <ns3:cad>89</ns3:cad>
          </ns3:TrackPointExtension>
        </extensions>
      </trkpt>
      <trkpt lat="34.18141228146851062774658203125" lon="108.9309247769415378570556640625">
        <ele>434.79998779296875</ele>
        <time>2026-07-11T00:41:01.000Z</time>
        <extensions>
          <ns3:TrackPointExtension>
            <ns3:hr>154</ns3:hr>
            <ns3:cad>89</ns3:cad>
          </ns3:TrackPointExtension>
        </extensions>
      </trkpt>
      <trkpt lat="34.18138462118804454803466796875" lon="108.9309224300086498260498046875">
        <ele>434.79998779296875</ele>
        <time>2026-07-11T00:41:02.000Z</time>
        <extensions>
          <ns3:TrackPointExtension>
            <ns3:hr>153</ns3:hr>
            <ns3:cad>89</ns3:cad>
          </ns3:TrackPointExtension>
        </extensions>
      </trkpt>
      <trkpt lat="34.1813657619059085845947265625" lon="108.9309217594563961029052734375">
        <ele>434.79998779296875</ele>
        <time>2026-07-11T00:41:03.000Z</time>
        <extensions>
          <ns3:TrackPointExtension>
            <ns3:hr>153</ns3:hr>
            <ns3:cad>89</ns3:cad>
          </ns3:TrackPointExtension>
        </extensions>
      </trkpt>
      <trkpt lat="34.18133986182510852813720703125" lon="108.93092351965606212615966796875">
        <ele>434.79998779296875</ele>
        <time>2026-07-11T00:41:04.000Z</time>
        <extensions>
          <ns3:TrackPointExtension>
            <ns3:hr>153</ns3:hr>
            <ns3:cad>88</ns3:cad>
          </ns3:TrackPointExtension>
        </extensions>
      </trkpt>
      <trkpt lat="34.18132267892360687255859375" lon="108.930923603475093841552734375">
        <ele>434.79998779296875</ele>
        <time>2026-07-11T00:41:05.000Z</time>
        <extensions>
          <ns3:TrackPointExtension>
            <ns3:hr>154</ns3:hr>
            <ns3:cad>88</ns3:cad>
          </ns3:TrackPointExtension>
        </extensions>
      </trkpt>
      <trkpt lat="34.1813000477850437164306640625" lon="108.930921591818332672119140625">
        <ele>434.79998779296875</ele>
        <time>2026-07-11T00:41:06.000Z</time>
        <extensions>
          <ns3:TrackPointExtension>
            <ns3:hr>154</ns3:hr>
            <ns3:cad>88</ns3:cad>
          </ns3:TrackPointExtension>
        </extensions>
      </trkpt>
      <trkpt lat="34.1812782548367977142333984375" lon="108.93092234618961811065673828125">
        <ele>434.79998779296875</ele>
        <time>2026-07-11T00:41:07.000Z</time>
        <extensions>
          <ns3:TrackPointExtension>
            <ns3:hr>154</ns3:hr>
            <ns3:cad>88</ns3:cad>
          </ns3:TrackPointExtension>
        </extensions>
      </trkpt>
      <trkpt lat="34.18125185184180736541748046875" lon="108.93091564066708087921142578125">
        <ele>434.79998779296875</ele>
        <time>2026-07-11T00:41:08.000Z</time>
        <extensions>
          <ns3:TrackPointExtension>
            <ns3:hr>154</ns3:hr>
            <ns3:cad>88</ns3:cad>
          </ns3:TrackPointExtension>
        </extensions>
      </trkpt>
      <trkpt lat="34.18122804723680019378662109375" lon="108.93091446720063686370849609375">
        <ele>434.79998779296875</ele>
        <time>2026-07-11T00:41:09.000Z</time>
        <extensions>
          <ns3:TrackPointExtension>
            <ns3:hr>154</ns3:hr>
            <ns3:cad>88</ns3:cad>
          </ns3:TrackPointExtension>
        </extensions>
      </trkpt>
      <trkpt lat="34.18120357207953929901123046875" lon="108.93091077916324138641357421875">
        <ele>434.79998779296875</ele>
        <time>2026-07-11T00:41:10.000Z</time>
        <extensions>
          <ns3:TrackPointExtension>
            <ns3:hr>154</ns3:hr>
            <ns3:cad>88</ns3:cad>
          </ns3:TrackPointExtension>
        </extensions>
      </trkpt>
      <trkpt lat="34.1811813600361347198486328125" lon="108.93090843223035335540771484375">
        <ele>434.79998779296875</ele>
        <time>2026-07-11T00:41:11.000Z</time>
        <extensions>
          <ns3:TrackPointExtension>
            <ns3:hr>154</ns3:hr>
            <ns3:cad>88</ns3:cad>
          </ns3:TrackPointExtension>
        </extensions>
      </trkpt>
      <trkpt lat="34.1811578907072544097900390625" lon="108.9309117011725902557373046875">
        <ele>434.79998779296875</ele>
        <time>2026-07-11T00:41:12.000Z</time>
        <extensions>
          <ns3:TrackPointExtension>
            <ns3:hr>154</ns3:hr>
            <ns3:cad>89</ns3:cad>
          </ns3:TrackPointExtension>
        </extensions>
      </trkpt>
      <trkpt lat="34.1811334155499935150146484375" lon="108.9309153892099857330322265625">
        <ele>434.79998779296875</ele>
        <time>2026-07-11T00:41:13.000Z</time>
        <extensions>
          <ns3:TrackPointExtension>
            <ns3:hr>154</ns3:hr>
            <ns3:cad>89</ns3:cad>
          </ns3:TrackPointExtension>
        </extensions>
      </trkpt>
      <trkpt lat="34.18110852129757404327392578125" lon="108.93091966398060321807861328125">
        <ele>434.79998779296875</ele>
        <time>2026-07-11T00:41:14.000Z</time>
        <extensions>
          <ns3:TrackPointExtension>
            <ns3:hr>154</ns3:hr>
            <ns3:cad>89</ns3:cad>
          </ns3:TrackPointExtension>
        </extensions>
      </trkpt>
      <trkpt lat="34.18108236975967884063720703125" lon="108.93091924488544464111328125">
        <ele>435</ele>
        <time>2026-07-11T00:41:15.000Z</time>
        <extensions>
          <ns3:TrackPointExtension>
            <ns3:hr>154</ns3:hr>
            <ns3:cad>89</ns3:cad>
          </ns3:TrackPointExtension>
        </extensions>
      </trkpt>
      <trkpt lat="34.18106258846819400787353515625" lon="108.930926956236362457275390625">
        <ele>435</ele>
        <time>2026-07-11T00:41:16.000Z</time>
        <extensions>
          <ns3:TrackPointExtension>
            <ns3:hr>153</ns3:hr>
            <ns3:cad>89</ns3:cad>
          </ns3:TrackPointExtension>
        </extensions>
      </trkpt>
      <trkpt lat="34.18103794567286968231201171875" lon="108.93092460930347442626953125">
        <ele>435</ele>
        <time>2026-07-11T00:41:17.000Z</time>
        <extensions>
          <ns3:TrackPointExtension>
            <ns3:hr>152</ns3:hr>
            <ns3:cad>89</ns3:cad>
          </ns3:TrackPointExtension>
        </extensions>
      </trkpt>
      <trkpt lat="34.181017577648162841796875" lon="108.93093139864504337310791015625">
        <ele>435</ele>
        <time>2026-07-11T00:41:18.000Z</time>
        <extensions>
          <ns3:TrackPointExtension>
            <ns3:hr>152</ns3:hr>
            <ns3:cad>88</ns3:cad>
          </ns3:TrackPointExtension>
        </extensions>
      </trkpt>
      <trkpt lat="34.1809909231960773468017578125" lon="108.93093558959662914276123046875">
        <ele>435.20001220703125</ele>
        <time>2026-07-11T00:41:19.000Z</time>
        <extensions>
          <ns3:TrackPointExtension>
            <ns3:hr>152</ns3:hr>
            <ns3:cad>88</ns3:cad>
          </ns3:TrackPointExtension>
        </extensions>
      </trkpt>
      <trkpt lat="34.18097156099975109100341796875" lon="108.930942378938198089599609375">
        <ele>435.20001220703125</ele>
        <time>2026-07-11T00:41:20.000Z</time>
        <extensions>
          <ns3:TrackPointExtension>
            <ns3:hr>151</ns3:hr>
            <ns3:cad>88</ns3:cad>
          </ns3:TrackPointExtension>
        </extensions>
      </trkpt>
      <trkpt lat="34.1809443198144435882568359375" lon="108.93095411360263824462890625">
        <ele>435.20001220703125</ele>
        <time>2026-07-11T00:41:21.000Z</time>
        <extensions>
          <ns3:TrackPointExtension>
            <ns3:hr>152</ns3:hr>
            <ns3:cad>88</ns3:cad>
          </ns3:TrackPointExtension>
        </extensions>
      </trkpt>
      <trkpt lat="34.180927388370037078857421875" lon="108.93096744082868099212646484375">
        <ele>435.20001220703125</ele>
        <time>2026-07-11T00:41:22.000Z</time>
        <extensions>
          <ns3:TrackPointExtension>
            <ns3:hr>152</ns3:hr>
            <ns3:cad>88</ns3:cad>
          </ns3:TrackPointExtension>
        </extensions>
      </trkpt>
      <trkpt lat="34.18090165592730045318603515625" lon="108.9309868030250072479248046875">
        <ele>435.20001220703125</ele>
        <time>2026-07-11T00:41:23.000Z</time>
        <extensions>
          <ns3:TrackPointExtension>
            <ns3:hr>152</ns3:hr>
            <ns3:cad>88</ns3:cad>
          </ns3:TrackPointExtension>
        </extensions>
      </trkpt>
      <trkpt lat="34.1808893345296382904052734375" lon="108.931002058088779449462890625">
        <ele>435.20001220703125</ele>
        <time>2026-07-11T00:41:24.000Z</time>
        <extensions>
          <ns3:TrackPointExtension>
            <ns3:hr>152</ns3:hr>
            <ns3:cad>88</ns3:cad>
          </ns3:TrackPointExtension>
        </extensions>
      </trkpt>
      <trkpt lat="34.18087064288556575775146484375" lon="108.931029550731182098388671875">
        <ele>435.20001220703125</ele>
        <time>2026-07-11T00:41:25.000Z</time>
        <extensions>
          <ns3:TrackPointExtension>
            <ns3:hr>153</ns3:hr>
            <ns3:cad>88</ns3:cad>
          </ns3:TrackPointExtension>
        </extensions>
      </trkpt>
      <trkpt lat="34.1808628477156162261962890625" lon="108.9310515113174915313720703125">
        <ele>435.399993896484375</ele>
        <time>2026-07-11T00:41:26.000Z</time>
        <extensions>
          <ns3:TrackPointExtension>
            <ns3:hr>153</ns3:hr>
            <ns3:cad>88</ns3:cad>
          </ns3:TrackPointExtension>
        </extensions>
      </trkpt>
      <trkpt lat="34.18085572309792041778564453125" lon="108.93108017742633819580078125">
        <ele>435.399993896484375</ele>
        <time>2026-07-11T00:41:27.000Z</time>
        <extensions>
          <ns3:TrackPointExtension>
            <ns3:hr>152</ns3:hr>
            <ns3:cad>89</ns3:cad>
          </ns3:TrackPointExtension>
        </extensions>
      </trkpt>
      <trkpt lat="34.1808534599840641021728515625" lon="108.93110909499228000640869140625">
        <ele>435.399993896484375</ele>
        <time>2026-07-11T00:41:28.000Z</time>
        <extensions>
          <ns3:TrackPointExtension>
            <ns3:hr>152</ns3:hr>
            <ns3:cad>89</ns3:cad>
          </ns3:TrackPointExtension>
        </extensions>
      </trkpt>
      <trkpt lat="34.18085329234600067138671875" lon="108.93113608472049236297607421875">
        <ele>435.600006103515625</ele>
        <time>2026-07-11T00:41:29.000Z</time>
        <extensions>
          <ns3:TrackPointExtension>
            <ns3:hr>152</ns3:hr>
            <ns3:cad>89</ns3:cad>
          </ns3:TrackPointExtension>
        </extensions>
      </trkpt>
      <trkpt lat="34.18085203506052494049072265625" lon="108.93115687184035778045654296875">
        <ele>435.600006103515625</ele>
        <time>2026-07-11T00:41:30.000Z</time>
        <extensions>
          <ns3:TrackPointExtension>
            <ns3:hr>152</ns3:hr>
            <ns3:cad>89</ns3:cad>
          </ns3:TrackPointExtension>
        </extensions>
      </trkpt>
      <trkpt lat="34.18085002340376377105712890625" lon="108.93118168227374553680419921875">
        <ele>435.79998779296875</ele>
        <time>2026-07-11T00:41:31.000Z</time>
        <extensions>
          <ns3:TrackPointExtension>
            <ns3:hr>153</ns3:hr>
            <ns3:cad>89</ns3:cad>
          </ns3:TrackPointExtension>
        </extensions>
      </trkpt>
      <trkpt lat="34.180849604308605194091796875" lon="108.93120397813618183135986328125">
        <ele>435.79998779296875</ele>
        <time>2026-07-11T00:41:32.000Z</time>
        <extensions>
          <ns3:TrackPointExtension>
            <ns3:hr>152</ns3:hr>
            <ns3:cad>89</ns3:cad>
          </ns3:TrackPointExtension>
        </extensions>
      </trkpt>
      <trkpt lat="34.18084264732897281646728515625" lon="108.931227363646030426025390625">
        <ele>435.79998779296875</ele>
        <time>2026-07-11T00:41:33.000Z</time>
        <extensions>
          <ns3:TrackPointExtension>
            <ns3:hr>153</ns3:hr>
            <ns3:cad>89</ns3:cad>
          </ns3:TrackPointExtension>
        </extensions>
      </trkpt>
      <trkpt lat="34.18084247969090938568115234375" lon="108.931248150765895843505859375">
        <ele>435.79998779296875</ele>
        <time>2026-07-11T00:41:34.000Z</time>
        <extensions>
          <ns3:TrackPointExtension>
            <ns3:hr>153</ns3:hr>
            <ns3:cad>89</ns3:cad>
          </ns3:TrackPointExtension>
        </extensions>
      </trkpt>
      <trkpt lat="34.1808373667299747467041015625" lon="108.93127706833183765411376953125">
        <ele>435.79998779296875</ele>
        <time>2026-07-11T00:41:35.000Z</time>
        <extensions>
          <ns3:TrackPointExtension>
            <ns3:hr>153</ns3:hr>
            <ns3:cad>88</ns3:cad>
          </ns3:TrackPointExtension>
        </extensions>
      </trkpt>
      <trkpt lat="34.1808353550732135772705078125" lon="108.93129953183233737945556640625">
        <ele>435.79998779296875</ele>
        <time>2026-07-11T00:41:36.000Z</time>
        <extensions>
          <ns3:TrackPointExtension>
            <ns3:hr>153</ns3:hr>
            <ns3:cad>88</ns3:cad>
          </ns3:TrackPointExtension>
        </extensions>
      </trkpt>
      <trkpt lat="34.18083317577838897705078125" lon="108.93132819794118404388427734375">
        <ele>435.79998779296875</ele>
        <time>2026-07-11T00:41:37.000Z</time>
        <extensions>
          <ns3:TrackPointExtension>
            <ns3:hr>152</ns3:hr>
            <ns3:cad>88</ns3:cad>
          </ns3:TrackPointExtension>
        </extensions>
      </trkpt>
      <trkpt lat="34.18082923628389835357666015625" lon="108.93135376274585723876953125">
        <ele>435.79998779296875</ele>
        <time>2026-07-11T00:41:38.000Z</time>
        <extensions>
          <ns3:TrackPointExtension>
            <ns3:hr>153</ns3:hr>
            <ns3:cad>88</ns3:cad>
          </ns3:TrackPointExtension>
        </extensions>
      </trkpt>
      <trkpt lat="34.180827476084232330322265625" lon="108.9313854463398456573486328125">
        <ele>435.79998779296875</ele>
        <time>2026-07-11T00:41:39.000Z</time>
        <extensions>
          <ns3:TrackPointExtension>
            <ns3:hr>153</ns3:hr>
            <ns3:cad>88</ns3:cad>
          </ns3:TrackPointExtension>
        </extensions>
      </trkpt>
      <trkpt lat="34.18082253076136112213134765625" lon="108.931411094963550567626953125">
        <ele>436</ele>
        <time>2026-07-11T00:41:40.000Z</time>
        <extensions>
          <ns3:TrackPointExtension>
            <ns3:hr>153</ns3:hr>
            <ns3:cad>88</ns3:cad>
          </ns3:TrackPointExtension>
        </extensions>
      </trkpt>
      <trkpt lat="34.1808192618191242218017578125" lon="108.93143288791179656982421875">
        <ele>436</ele>
        <time>2026-07-11T00:41:41.000Z</time>
        <extensions>
          <ns3:TrackPointExtension>
            <ns3:hr>153</ns3:hr>
            <ns3:cad>88</ns3:cad>
          </ns3:TrackPointExtension>
        </extensions>
      </trkpt>
      <trkpt lat="34.1808118857443332672119140625" lon="108.9314608834683895111083984375">
        <ele>436</ele>
        <time>2026-07-11T00:41:42.000Z</time>
        <extensions>
          <ns3:TrackPointExtension>
            <ns3:hr>153</ns3:hr>
            <ns3:cad>87</ns3:cad>
          </ns3:TrackPointExtension>
        </extensions>
      </trkpt>
      <trkpt lat="34.18080928735435009002685546875" lon="108.93148661591112613677978515625">
        <ele>436</ele>
        <time>2026-07-11T00:41:43.000Z</time>
        <extensions>
          <ns3:TrackPointExtension>
            <ns3:hr>153</ns3:hr>
            <ns3:cad>88</ns3:cad>
          </ns3:TrackPointExtension>
        </extensions>
      </trkpt>
      <trkpt lat="34.1808108799159526824951171875" lon="108.93151293508708477020263671875">
        <ele>436</ele>
        <time>2026-07-11T00:41:44.000Z</time>
        <extensions>
          <ns3:TrackPointExtension>
            <ns3:hr>153</ns3:hr>
            <ns3:cad>88</ns3:cad>
          </ns3:TrackPointExtension>
        </extensions>
      </trkpt>
      <trkpt lat="34.1808095388114452362060546875" lon="108.9315368235111236572265625">
        <ele>436</ele>
        <time>2026-07-11T00:41:45.000Z</time>
        <extensions>
          <ns3:TrackPointExtension>
            <ns3:hr>153</ns3:hr>
            <ns3:cad>88</ns3:cad>
          </ns3:TrackPointExtension>
        </extensions>
      </trkpt>
      <trkpt lat="34.18080945499241352081298828125" lon="108.9315624721348285675048828125">
        <ele>436</ele>
        <time>2026-07-11T00:41:46.000Z</time>
        <extensions>
          <ns3:TrackPointExtension>
            <ns3:hr>153</ns3:hr>
            <ns3:cad>88</ns3:cad>
          </ns3:TrackPointExtension>
        </extensions>
      </trkpt>
      <trkpt lat="34.1808061860501766204833984375" lon="108.93158518709242343902587890625">
        <ele>435.79998779296875</ele>
        <time>2026-07-11T00:41:47.000Z</time>
        <extensions>
          <ns3:TrackPointExtension>
            <ns3:hr>153</ns3:hr>
            <ns3:cad>88</ns3:cad>
          </ns3:TrackPointExtension>
        </extensions>
      </trkpt>
      <trkpt lat="34.18080291710793972015380859375" lon="108.931612260639667510986328125">
        <ele>435.79998779296875</ele>
        <time>2026-07-11T00:41:48.000Z</time>
        <extensions>
          <ns3:TrackPointExtension>
            <ns3:hr>153</ns3:hr>
            <ns3:cad>88</ns3:cad>
          </ns3:TrackPointExtension>
        </extensions>
      </trkpt>
      <trkpt lat="34.1807989776134490966796875" lon="108.931633718311786651611328125">
        <ele>435.79998779296875</ele>
        <time>2026-07-11T00:41:49.000Z</time>
        <extensions>
          <ns3:TrackPointExtension>
            <ns3:hr>153</ns3:hr>
            <ns3:cad>88</ns3:cad>
          </ns3:TrackPointExtension>
        </extensions>
      </trkpt>
      <trkpt lat="34.18079654686152935028076171875" lon="108.93165660090744495391845703125">
        <ele>435.79998779296875</ele>
        <time>2026-07-11T00:41:50.000Z</time>
        <extensions>
          <ns3:TrackPointExtension>
            <ns3:hr>153</ns3:hr>
            <ns3:cad>89</ns3:cad>
          </ns3:TrackPointExtension>
        </extensions>
      </trkpt>
      <trkpt lat="34.180795960128307342529296875" lon="108.93167755566537380218505859375">
        <ele>435.79998779296875</ele>
        <time>2026-07-11T00:41:51.000Z</time>
        <extensions>
          <ns3:TrackPointExtension>
            <ns3:hr>153</ns3:hr>
            <ns3:cad>89</ns3:cad>
          </ns3:TrackPointExtension>
        </extensions>
      </trkpt>
      <trkpt lat="34.18079637922346591949462890625" lon="108.93169851042330265045166015625">
        <ele>435.79998779296875</ele>
        <time>2026-07-11T00:41:52.000Z</time>
        <extensions>
          <ns3:TrackPointExtension>
            <ns3:hr>153</ns3:hr>
            <ns3:cad>89</ns3:cad>
          </ns3:TrackPointExtension>
        </extensions>
      </trkpt>
      <trkpt lat="34.18079587630927562713623046875" lon="108.93172315321862697601318359375">
        <ele>436</ele>
        <time>2026-07-11T00:41:53.000Z</time>
        <extensions>
          <ns3:TrackPointExtension>
            <ns3:hr>153</ns3:hr>
            <ns3:cad>89</ns3:cad>
          </ns3:TrackPointExtension>
        </extensions>
      </trkpt>
      <trkpt lat="34.1807847283780574798583984375" lon="108.9317542500793933868408203125">
        <ele>436</ele>
        <time>2026-07-11T00:41:54.000Z</time>
        <extensions>
          <ns3:TrackPointExtension>
            <ns3:hr>154</ns3:hr>
            <ns3:cad>90</ns3:cad>
          </ns3:TrackPointExtension>
        </extensions>
      </trkpt>
      <trkpt lat="34.1807833872735500335693359375" lon="108.9317793957889080047607421875">
        <ele>436</ele>
        <time>2026-07-11T00:41:55.000Z</time>
        <extensions>
          <ns3:TrackPointExtension>
            <ns3:hr>153</ns3:hr>
            <ns3:cad>90</ns3:cad>
          </ns3:TrackPointExtension>
        </extensions>
      </trkpt>
      <trkpt lat="34.180776514112949371337890625" lon="108.9318145997822284698486328125">
        <ele>436.20001220703125</ele>
        <time>2026-07-11T00:41:56.000Z</time>
        <extensions>
          <ns3:TrackPointExtension>
            <ns3:hr>153</ns3:hr>
            <ns3:cad>90</ns3:cad>
          </ns3:TrackPointExtension>
        </extensions>
      </trkpt>
      <trkpt lat="34.1807723231613636016845703125" lon="108.93183731473982334136962890625">
        <ele>436.20001220703125</ele>
        <time>2026-07-11T00:41:57.000Z</time>
        <extensions>
          <ns3:TrackPointExtension>
            <ns3:hr>153</ns3:hr>
            <ns3:cad>89</ns3:cad>
          </ns3:TrackPointExtension>
        </extensions>
      </trkpt>
      <trkpt lat="34.1807694733142852783203125" lon="108.93187411129474639892578125">
        <ele>436.20001220703125</ele>
        <time>2026-07-11T00:41:58.000Z</time>
        <extensions>
          <ns3:TrackPointExtension>
            <ns3:hr>153</ns3:hr>
            <ns3:cad>89</ns3:cad>
          </ns3:TrackPointExtension>
        </extensions>
      </trkpt>
      <trkpt lat="34.18076620437204837799072265625" lon="108.931901268661022186279296875">
        <ele>436.20001220703125</ele>
        <time>2026-07-11T00:41:59.000Z</time>
        <extensions>
          <ns3:TrackPointExtension>
            <ns3:hr>153</ns3:hr>
            <ns3:cad>89</ns3:cad>
          </ns3:TrackPointExtension>
        </extensions>
      </trkpt>
      <trkpt lat="34.18076000176370143890380859375" lon="108.9319349639117717742919921875">
        <ele>436.399993896484375</ele>
        <time>2026-07-11T00:42:00.000Z</time>
        <extensions>
          <ns3:TrackPointExtension>
            <ns3:hr>153</ns3:hr>
            <ns3:cad>89</ns3:cad>
          </ns3:TrackPointExtension>
        </extensions>
      </trkpt>
      <trkpt lat="34.18075882829725742340087890625" lon="108.931956589221954345703125">
        <ele>436.399993896484375</ele>
        <time>2026-07-11T00:42:01.000Z</time>
        <extensions>
          <ns3:TrackPointExtension>
            <ns3:hr>154</ns3:hr>
            <ns3:cad>89</ns3:cad>
          </ns3:TrackPointExtension>
        </extensions>
      </trkpt>
      <trkpt lat="34.1807505302131175994873046875" lon="108.93198919482529163360595703125">
        <ele>436.399993896484375</ele>
        <time>2026-07-11T00:42:02.000Z</time>
        <extensions>
          <ns3:TrackPointExtension>
            <ns3:hr>153</ns3:hr>
            <ns3:cad>89</ns3:cad>
          </ns3:TrackPointExtension>
        </extensions>
      </trkpt>
      <trkpt lat="34.18074726127088069915771484375" lon="108.93201618455350399017333984375">
        <ele>436.399993896484375</ele>
        <time>2026-07-11T00:42:03.000Z</time>
        <extensions>
          <ns3:TrackPointExtension>
            <ns3:hr>153</ns3:hr>
            <ns3:cad>89</ns3:cad>
          </ns3:TrackPointExtension>
        </extensions>
      </trkpt>
      <trkpt lat="34.18074625544250011444091796875" lon="108.9320415817201137542724609375">
        <ele>436.399993896484375</ele>
        <time>2026-07-11T00:42:04.000Z</time>
        <extensions>
          <ns3:TrackPointExtension>
            <ns3:hr>153</ns3:hr>
            <ns3:cad>89</ns3:cad>
          </ns3:TrackPointExtension>
        </extensions>
      </trkpt>
      <trkpt lat="34.18074022047221660614013671875" lon="108.932068236172199249267578125">
        <ele>436.399993896484375</ele>
        <time>2026-07-11T00:42:05.000Z</time>
        <extensions>
          <ns3:TrackPointExtension>
            <ns3:hr>153</ns3:hr>
            <ns3:cad>89</ns3:cad>
          </ns3:TrackPointExtension>
        </extensions>
      </trkpt>
      <trkpt lat="34.18072697706520557403564453125" lon="108.932095058262348175048828125">
        <ele>436.399993896484375</ele>
        <time>2026-07-11T00:42:06.000Z</time>
        <extensions>
          <ns3:TrackPointExtension>
            <ns3:hr>153</ns3:hr>
            <ns3:cad>88</ns3:cad>
          </ns3:TrackPointExtension>
        </extensions>
      </trkpt>
      <trkpt lat="34.180718176066875457763671875" lon="108.93211190588772296905517578125">
        <ele>436.399993896484375</ele>
        <time>2026-07-11T00:42:07.000Z</time>
        <extensions>
          <ns3:TrackPointExtension>
            <ns3:hr>153</ns3:hr>
            <ns3:cad>88</ns3:cad>
          </ns3:TrackPointExtension>
        </extensions>
      </trkpt>
      <trkpt lat="34.18071406893432140350341796875" lon="108.9321344532072544097900390625">
        <ele>436.399993896484375</ele>
        <time>2026-07-11T00:42:08.000Z</time>
        <extensions>
          <ns3:TrackPointExtension>
            <ns3:hr>154</ns3:hr>
            <ns3:cad>88</ns3:cad>
          </ns3:TrackPointExtension>
        </extensions>
      </trkpt>
      <trkpt lat="34.18070987798273563385009765625" lon="108.93215171992778778076171875">
        <ele>436.399993896484375</ele>
        <time>2026-07-11T00:42:09.000Z</time>
        <extensions>
          <ns3:TrackPointExtension>
            <ns3:hr>153</ns3:hr>
            <ns3:cad>89</ns3:cad>
          </ns3:TrackPointExtension>
        </extensions>
      </trkpt>
      <trkpt lat="34.1807102970778942108154296875" lon="108.93217074684798717498779296875">
        <ele>436.399993896484375</ele>
        <time>2026-07-11T00:42:10.000Z</time>
        <extensions>
          <ns3:TrackPointExtension>
            <ns3:hr>153</ns3:hr>
            <ns3:cad>89</ns3:cad>
          </ns3:TrackPointExtension>
        </extensions>
      </trkpt>
      <trkpt lat="34.180706441402435302734375" lon="108.9321941323578357696533203125">
        <ele>436.600006103515625</ele>
        <time>2026-07-11T00:42:11.000Z</time>
        <extensions>
          <ns3:TrackPointExtension>
            <ns3:hr>153</ns3:hr>
            <ns3:cad>88</ns3:cad>
          </ns3:TrackPointExtension>
        </extensions>
      </trkpt>
      <trkpt lat="34.18070719577372074127197265625" lon="108.93222254700958728790283203125">
        <ele>436.600006103515625</ele>
        <time>2026-07-11T00:42:12.000Z</time>
        <extensions>
          <ns3:TrackPointExtension>
            <ns3:hr>153</ns3:hr>
            <ns3:cad>88</ns3:cad>
          </ns3:TrackPointExtension>
        </extensions>
      </trkpt>
      <trkpt lat="34.1807052679359912872314453125" lon="108.93225691281259059906005859375">
        <ele>436.600006103515625</ele>
        <time>2026-07-11T00:42:13.000Z</time>
        <extensions>
          <ns3:TrackPointExtension>
            <ns3:hr>153</ns3:hr>
            <ns3:cad>88</ns3:cad>
          </ns3:TrackPointExtension>
        </extensions>
      </trkpt>
      <trkpt lat="34.18070585466921329498291015625" lon="108.9322799630463123321533203125">
        <ele>436.600006103515625</ele>
        <time>2026-07-11T00:42:14.000Z</time>
        <extensions>
          <ns3:TrackPointExtension>
            <ns3:hr>153</ns3:hr>
            <ns3:cad>87</ns3:cad>
          </ns3:TrackPointExtension>
        </extensions>
      </trkpt>
      <trkpt lat="34.18069646693766117095947265625" lon="108.93230971880257129669189453125">
        <ele>436.600006103515625</ele>
        <time>2026-07-11T00:42:15.000Z</time>
        <extensions>
          <ns3:TrackPointExtension>
            <ns3:hr>152</ns3:hr>
            <ns3:cad>88</ns3:cad>
          </ns3:TrackPointExtension>
        </extensions>
      </trkpt>
      <trkpt lat="34.1806928627192974090576171875" lon="108.9323336072266101837158203125">
        <ele>436.79998779296875</ele>
        <time>2026-07-11T00:42:16.000Z</time>
        <extensions>
          <ns3:TrackPointExtension>
            <ns3:hr>152</ns3:hr>
            <ns3:cad>88</ns3:cad>
          </ns3:TrackPointExtension>
        </extensions>
      </trkpt>
      <trkpt lat="34.18068875558674335479736328125" lon="108.932363949716091156005859375">
        <ele>436.79998779296875</ele>
        <time>2026-07-11T00:42:17.000Z</time>
        <extensions>
          <ns3:TrackPointExtension>
            <ns3:hr>152</ns3:hr>
            <ns3:cad>88</ns3:cad>
          </ns3:TrackPointExtension>
        </extensions>
      </trkpt>
      <trkpt lat="34.1806881688535213470458984375" lon="108.93239001743495464324951171875">
        <ele>437</ele>
        <time>2026-07-11T00:42:18.000Z</time>
        <extensions>
          <ns3:TrackPointExtension>
            <ns3:hr>152</ns3:hr>
            <ns3:cad>88</ns3:cad>
          </ns3:TrackPointExtension>
        </extensions>
      </trkpt>
      <trkpt lat="34.18068833649158477783203125" lon="108.932422287762165069580078125">
        <ele>437</ele>
        <time>2026-07-11T00:42:19.000Z</time>
        <extensions>
          <ns3:TrackPointExtension>
            <ns3:hr>151</ns3:hr>
            <ns3:cad>88</ns3:cad>
          </ns3:TrackPointExtension>
        </extensions>
      </trkpt>
      <trkpt lat="34.18068590573966503143310546875" lon="108.93244584091007709503173828125">
        <ele>437</ele>
        <time>2026-07-11T00:42:20.000Z</time>
        <extensions>
          <ns3:TrackPointExtension>
            <ns3:hr>151</ns3:hr>
            <ns3:cad>88</ns3:cad>
          </ns3:TrackPointExtension>
        </extensions>
      </trkpt>
      <trkpt lat="34.18068238534033298492431640625" lon="108.93247568048536777496337890625">
        <ele>437</ele>
        <time>2026-07-11T00:42:21.000Z</time>
        <extensions>
          <ns3:TrackPointExtension>
            <ns3:hr>151</ns3:hr>
            <ns3:cad>90</ns3:cad>
          </ns3:TrackPointExtension>
        </extensions>
      </trkpt>
      <trkpt lat="34.1806817986071109771728515625" lon="108.93249881453812122344970703125">
        <ele>437</ele>
        <time>2026-07-11T00:42:22.000Z</time>
        <extensions>
          <ns3:TrackPointExtension>
            <ns3:hr>152</ns3:hr>
            <ns3:cad>90</ns3:cad>
          </ns3:TrackPointExtension>
        </extensions>
      </trkpt>
      <trkpt lat="34.1806794516742229461669921875" lon="108.93253016285598278045654296875">
        <ele>437</ele>
        <time>2026-07-11T00:42:23.000Z</time>
        <extensions>
          <ns3:TrackPointExtension>
            <ns3:hr>151</ns3:hr>
            <ns3:cad>90</ns3:cad>
          </ns3:TrackPointExtension>
        </extensions>
      </trkpt>
      <trkpt lat="34.1806809604167938232421875" lon="108.93255212344229221343994140625">
        <ele>437</ele>
        <time>2026-07-11T00:42:24.000Z</time>
        <extensions>
          <ns3:TrackPointExtension>
            <ns3:hr>151</ns3:hr>
            <ns3:cad>89</ns3:cad>
          </ns3:TrackPointExtension>
        </extensions>
      </trkpt>
      <trkpt lat="34.18068054132163524627685546875" lon="108.93258112482726573944091796875">
        <ele>437.20001220703125</ele>
        <time>2026-07-11T00:42:25.000Z</time>
        <extensions>
          <ns3:TrackPointExtension>
            <ns3:hr>151</ns3:hr>
            <ns3:cad>89</ns3:cad>
          </ns3:TrackPointExtension>
        </extensions>
      </trkpt>
      <trkpt lat="34.18067894876003265380859375" lon="108.932600319385528564453125">
        <ele>437.20001220703125</ele>
        <time>2026-07-11T00:42:26.000Z</time>
        <extensions>
          <ns3:TrackPointExtension>
            <ns3:hr>151</ns3:hr>
            <ns3:cad>89</ns3:cad>
          </ns3:TrackPointExtension>
        </extensions>
      </trkpt>
      <trkpt lat="34.18067567981779575347900390625" lon="108.9326259680092334747314453125">
        <ele>437.20001220703125</ele>
        <time>2026-07-11T00:42:27.000Z</time>
        <extensions>
          <ns3:TrackPointExtension>
            <ns3:hr>150</ns3:hr>
            <ns3:cad>89</ns3:cad>
          </ns3:TrackPointExtension>
        </extensions>
      </trkpt>
      <trkpt lat="34.18067333288490772247314453125" lon="108.93264591693878173828125">
        <ele>437.20001220703125</ele>
        <time>2026-07-11T00:42:28.000Z</time>
        <extensions>
          <ns3:TrackPointExtension>
            <ns3:hr>151</ns3:hr>
            <ns3:cad>89</ns3:cad>
          </ns3:TrackPointExtension>
        </extensions>
      </trkpt>
      <trkpt lat="34.18066821992397308349609375" lon="108.93266938626766204833984375">
        <ele>437.20001220703125</ele>
        <time>2026-07-11T00:42:29.000Z</time>
        <extensions>
          <ns3:TrackPointExtension>
            <ns3:hr>150</ns3:hr>
            <ns3:cad>89</ns3:cad>
          </ns3:TrackPointExtension>
        </extensions>
      </trkpt>
      <trkpt lat="34.1806657053530216217041015625" lon="108.93269084393978118896484375">
        <ele>437.20001220703125</ele>
        <time>2026-07-11T00:42:30.000Z</time>
        <extensions>
          <ns3:TrackPointExtension>
            <ns3:hr>150</ns3:hr>
            <ns3:cad>89</ns3:cad>
          </ns3:TrackPointExtension>
        </extensions>
      </trkpt>
      <trkpt lat="34.18066008947789669036865234375" lon="108.93272562883794307708740234375">
        <ele>437.20001220703125</ele>
        <time>2026-07-11T00:42:31.000Z</time>
        <extensions>
          <ns3:TrackPointExtension>
            <ns3:hr>150</ns3:hr>
            <ns3:cad>89</ns3:cad>
          </ns3:TrackPointExtension>
        </extensions>
      </trkpt>
      <trkpt lat="34.1806559823453426361083984375" lon="108.93275010399520397186279296875">
        <ele>437.399993896484375</ele>
        <time>2026-07-11T00:42:32.000Z</time>
        <extensions>
          <ns3:TrackPointExtension>
            <ns3:hr>150</ns3:hr>
            <ns3:cad>89</ns3:cad>
          </ns3:TrackPointExtension>
        </extensions>
      </trkpt>
      <trkpt lat="34.18065103702247142791748046875" lon="108.9327845536172389984130859375">
        <ele>437.399993896484375</ele>
        <time>2026-07-11T00:42:33.000Z</time>
        <extensions>
          <ns3:TrackPointExtension>
            <ns3:hr>150</ns3:hr>
            <ns3:cad>89</ns3:cad>
          </ns3:TrackPointExtension>
        </extensions>
      </trkpt>
      <trkpt lat="34.18064416386187076568603515625" lon="108.93280710093677043914794921875">
        <ele>437.399993896484375</ele>
        <time>2026-07-11T00:42:34.000Z</time>
        <extensions>
          <ns3:TrackPointExtension>
            <ns3:hr>150</ns3:hr>
            <ns3:cad>89</ns3:cad>
          </ns3:TrackPointExtension>
        </extensions>
      </trkpt>
      <trkpt lat="34.180637039244174957275390625" lon="108.9328398741781711578369140625">
        <ele>437.600006103515625</ele>
        <time>2026-07-11T00:42:35.000Z</time>
        <extensions>
          <ns3:TrackPointExtension>
            <ns3:hr>150</ns3:hr>
            <ns3:cad>89</ns3:cad>
          </ns3:TrackPointExtension>
        </extensions>
      </trkpt>
      <trkpt lat="34.180628992617130279541015625" lon="108.9328626729547977447509765625">
        <ele>437.600006103515625</ele>
        <time>2026-07-11T00:42:36.000Z</time>
        <extensions>
          <ns3:TrackPointExtension>
            <ns3:hr>150</ns3:hr>
            <ns3:cad>90</ns3:cad>
          </ns3:TrackPointExtension>
        </extensions>
      </trkpt>
      <trkpt lat="34.18062170036137104034423828125" lon="108.93288807012140750885009765625">
        <ele>437.79998779296875</ele>
        <time>2026-07-11T00:42:37.000Z</time>
        <extensions>
          <ns3:TrackPointExtension>
            <ns3:hr>150</ns3:hr>
            <ns3:cad>90</ns3:cad>
          </ns3:TrackPointExtension>
        </extensions>
      </trkpt>
      <trkpt lat="34.18061918579041957855224609375" lon="108.93291455693542957305908203125">
        <ele>437.79998779296875</ele>
        <time>2026-07-11T00:42:38.000Z</time>
        <extensions>
          <ns3:TrackPointExtension>
            <ns3:hr>150</ns3:hr>
            <ns3:cad>90</ns3:cad>
          </ns3:TrackPointExtension>
        </extensions>
      </trkpt>
      <trkpt lat="34.180614240467548370361328125" lon="108.9329407922923564910888671875">
        <ele>437.79998779296875</ele>
        <time>2026-07-11T00:42:39.000Z</time>
        <extensions>
          <ns3:TrackPointExtension>
            <ns3:hr>150</ns3:hr>
            <ns3:cad>89</ns3:cad>
          </ns3:TrackPointExtension>
        </extensions>
      </trkpt>
      <trkpt lat="34.18060929514467716217041015625" lon="108.9329619146883487701416015625">
        <ele>437.79998779296875</ele>
        <time>2026-07-11T00:42:40.000Z</time>
        <extensions>
          <ns3:TrackPointExtension>
            <ns3:hr>150</ns3:hr>
            <ns3:cad>89</ns3:cad>
          </ns3:TrackPointExtension>
        </extensions>
      </trkpt>
      <trkpt lat="34.18060963042080402374267578125" lon="108.93298923969268798828125">
        <ele>437.79998779296875</ele>
        <time>2026-07-11T00:42:41.000Z</time>
        <extensions>
          <ns3:TrackPointExtension>
            <ns3:hr>150</ns3:hr>
            <ns3:cad>89</ns3:cad>
          </ns3:TrackPointExtension>
        </extensions>
      </trkpt>
      <trkpt lat="34.18060409836471080780029296875" lon="108.933017067611217498779296875">
        <ele>438</ele>
        <time>2026-07-11T00:42:42.000Z</time>
        <extensions>
          <ns3:TrackPointExtension>
            <ns3:hr>151</ns3:hr>
            <ns3:cad>89</ns3:cad>
          </ns3:TrackPointExtension>
        </extensions>
      </trkpt>
      <trkpt lat="34.1806050203740596771240234375" lon="108.93303777091205120086669921875">
        <ele>438</ele>
        <time>2026-07-11T00:42:43.000Z</time>
        <extensions>
          <ns3:TrackPointExtension>
            <ns3:hr>151</ns3:hr>
            <ns3:cad>89</ns3:cad>
          </ns3:TrackPointExtension>
        </extensions>
      </trkpt>
      <trkpt lat="34.18060460127890110015869140625" lon="108.93306844867765903472900390625">
        <ele>438</ele>
        <time>2026-07-11T00:42:44.000Z</time>
        <extensions>
          <ns3:TrackPointExtension>
            <ns3:hr>150</ns3:hr>
            <ns3:cad>89</ns3:cad>
          </ns3:TrackPointExtension>
        </extensions>
      </trkpt>
      <trkpt lat="34.1806003265082836151123046875" lon="108.93309493549168109893798828125">
        <ele>438</ele>
        <time>2026-07-11T00:42:45.000Z</time>
        <extensions>
          <ns3:TrackPointExtension>
            <ns3:hr>150</ns3:hr>
            <ns3:cad>89</ns3:cad>
          </ns3:TrackPointExtension>
        </extensions>
      </trkpt>
      <trkpt lat="34.18059647083282470703125" lon="108.933127038180828094482421875">
        <ele>438</ele>
        <time>2026-07-11T00:42:46.000Z</time>
        <extensions>
          <ns3:TrackPointExtension>
            <ns3:hr>151</ns3:hr>
            <ns3:cad>89</ns3:cad>
          </ns3:TrackPointExtension>
        </extensions>
      </trkpt>
      <trkpt lat="34.18059320189058780670166015625" lon="108.93315075896680355072021484375">
        <ele>438.20001220703125</ele>
        <time>2026-07-11T00:42:47.000Z</time>
        <extensions>
          <ns3:TrackPointExtension>
            <ns3:hr>150</ns3:hr>
            <ns3:cad>87</ns3:cad>
          </ns3:TrackPointExtension>
        </extensions>
      </trkpt>
      <trkpt lat="34.1805855743587017059326171875" lon="108.93317858688533306121826171875">
        <ele>438.20001220703125</ele>
        <time>2026-07-11T00:42:48.000Z</time>
        <extensions>
          <ns3:TrackPointExtension>
            <ns3:hr>151</ns3:hr>
            <ns3:cad>87</ns3:cad>
          </ns3:TrackPointExtension>
        </extensions>
      </trkpt>
      <trkpt lat="34.18058197014033794403076171875" lon="108.933193422853946685791015625">
        <ele>438.20001220703125</ele>
        <time>2026-07-11T00:42:49.000Z</time>
        <extensions>
          <ns3:TrackPointExtension>
            <ns3:hr>150</ns3:hr>
            <ns3:cad>87</ns3:cad>
          </ns3:TrackPointExtension>
        </extensions>
      </trkpt>
      <trkpt lat="34.18057627044618129730224609375" lon="108.933220915496349334716796875">
        <ele>438.20001220703125</ele>
        <time>2026-07-11T00:42:50.000Z</time>
        <extensions>
          <ns3:TrackPointExtension>
            <ns3:hr>150</ns3:hr>
            <ns3:cad>87</ns3:cad>
          </ns3:TrackPointExtension>
        </extensions>
      </trkpt>
      <trkpt lat="34.18057660572230815887451171875" lon="108.93324027769267559051513671875">
        <ele>438.399993896484375</ele>
        <time>2026-07-11T00:42:51.000Z</time>
        <extensions>
          <ns3:TrackPointExtension>
            <ns3:hr>150</ns3:hr>
            <ns3:cad>87</ns3:cad>
          </ns3:TrackPointExtension>
        </extensions>
      </trkpt>
      <trkpt lat="34.18057543225586414337158203125" lon="108.9332643337547779083251953125">
        <ele>438.399993896484375</ele>
        <time>2026-07-11T00:42:52.000Z</time>
        <extensions>
          <ns3:TrackPointExtension>
            <ns3:hr>150</ns3:hr>
            <ns3:cad>88</ns3:cad>
          </ns3:TrackPointExtension>
        </extensions>
      </trkpt>
      <trkpt lat="34.180571325123310089111328125" lon="108.9332829415798187255859375">
        <ele>438.399993896484375</ele>
        <time>2026-07-11T00:42:53.000Z</time>
        <extensions>
          <ns3:TrackPointExtension>
            <ns3:hr>150</ns3:hr>
            <ns3:cad>88</ns3:cad>
          </ns3:TrackPointExtension>
        </extensions>
      </trkpt>
      <trkpt lat="34.18056721799075603485107421875" lon="108.93331236205995082855224609375">
        <ele>438.399993896484375</ele>
        <time>2026-07-11T00:42:54.000Z</time>
        <extensions>
          <ns3:TrackPointExtension>
            <ns3:hr>150</ns3:hr>
            <ns3:cad>88</ns3:cad>
          </ns3:TrackPointExtension>
        </extensions>
      </trkpt>
      <trkpt lat="34.18056227266788482666015625" lon="108.933328203856945037841796875">
        <ele>438.399993896484375</ele>
        <time>2026-07-11T00:42:55.000Z</time>
        <extensions>
          <ns3:TrackPointExtension>
            <ns3:hr>150</ns3:hr>
            <ns3:cad>88</ns3:cad>
          </ns3:TrackPointExtension>
        </extensions>
      </trkpt>
      <trkpt lat="34.180554561316967010498046875" lon="108.9333602227270603179931640625">
        <ele>438.20001220703125</ele>
        <time>2026-07-11T00:42:56.000Z</time>
        <extensions>
          <ns3:TrackPointExtension>
            <ns3:hr>150</ns3:hr>
            <ns3:cad>89</ns3:cad>
          </ns3:TrackPointExtension>
        </extensions>
      </trkpt>
      <trkpt lat="34.1805564053356647491455078125" lon="108.93338478170335292816162109375">
        <ele>438.20001220703125</ele>
        <time>2026-07-11T00:42:57.000Z</time>
        <extensions>
          <ns3:TrackPointExtension>
            <ns3:hr>150</ns3:hr>
            <ns3:cad>89</ns3:cad>
          </ns3:TrackPointExtension>
        </extensions>
      </trkpt>
      <trkpt lat="34.180555231869220733642578125" lon="108.93341763876378536224365234375">
        <ele>438.20001220703125</ele>
        <time>2026-07-11T00:42:58.000Z</time>
        <extensions>
          <ns3:TrackPointExtension>
            <ns3:hr>150</ns3:hr>
            <ns3:cad>89</ns3:cad>
          </ns3:TrackPointExtension>
        </extensions>
      </trkpt>
      <trkpt lat="34.1805580817162990570068359375" lon="108.93344395793974399566650390625">
        <ele>438.399993896484375</ele>
        <time>2026-07-11T00:42:59.000Z</time>
        <extensions>
          <ns3:TrackPointExtension>
            <ns3:hr>150</ns3:hr>
            <ns3:cad>90</ns3:cad>
          </ns3:TrackPointExtension>
        </extensions>
      </trkpt>
      <trkpt lat="34.18055632151663303375244140625" lon="108.9334774017333984375">
        <ele>438.399993896484375</ele>
        <time>2026-07-11T00:43:00.000Z</time>
        <extensions>
          <ns3:TrackPointExtension>
            <ns3:hr>149</ns3:hr>
            <ns3:cad>90</ns3:cad>
          </ns3:TrackPointExtension>
        </extensions>
      </trkpt>
      <trkpt lat="34.1805537231266498565673828125" lon="108.93350548110902309417724609375">
        <ele>438.399993896484375</ele>
        <time>2026-07-11T00:43:01.000Z</time>
        <extensions>
          <ns3:TrackPointExtension>
            <ns3:hr>149</ns3:hr>
            <ns3:cad>90</ns3:cad>
          </ns3:TrackPointExtension>
        </extensions>
      </trkpt>
      <trkpt lat="34.1805584169924259185791015625" lon="108.93353708088397979736328125">
        <ele>438.600006103515625</ele>
        <time>2026-07-11T00:43:02.000Z</time>
        <extensions>
          <ns3:TrackPointExtension>
            <ns3:hr>148</ns3:hr>
            <ns3:cad>89</ns3:cad>
          </ns3:TrackPointExtension>
        </extensions>
      </trkpt>
      <trkpt lat="34.1805540584027767181396484375" lon="108.93356314860284328460693359375">
        <ele>438.600006103515625</ele>
        <time>2026-07-11T00:43:03.000Z</time>
        <extensions>
          <ns3:TrackPointExtension>
            <ns3:hr>149</ns3:hr>
            <ns3:cad>89</ns3:cad>
          </ns3:TrackPointExtension>
        </extensions>
      </trkpt>
      <trkpt lat="34.18054894544184207916259765625" lon="108.933593071997165679931640625">
        <ele>438.600006103515625</ele>
        <time>2026-07-11T00:43:04.000Z</time>
        <extensions>
          <ns3:TrackPointExtension>
            <ns3:hr>149</ns3:hr>
            <ns3:cad>89</ns3:cad>
          </ns3:TrackPointExtension>
        </extensions>
      </trkpt>
      <trkpt lat="34.18054483830928802490234375" lon="108.933620564639568328857421875">
        <ele>438.600006103515625</ele>
        <time>2026-07-11T00:43:05.000Z</time>
        <extensions>
          <ns3:TrackPointExtension>
            <ns3:hr>148</ns3:hr>
            <ns3:cad>89</ns3:cad>
          </ns3:TrackPointExtension>
        </extensions>
      </trkpt>
      <trkpt lat="34.18054291047155857086181640625" lon="108.93364948220551013946533203125">
        <ele>438.600006103515625</ele>
        <time>2026-07-11T00:43:06.000Z</time>
        <extensions>
          <ns3:TrackPointExtension>
            <ns3:hr>149</ns3:hr>
            <ns3:cad>88</ns3:cad>
          </ns3:TrackPointExtension>
        </extensions>
      </trkpt>
      <trkpt lat="34.18054291047155857086181640625" lon="108.9336737059056758880615234375">
        <ele>438.600006103515625</ele>
        <time>2026-07-11T00:43:07.000Z</time>
        <extensions>
          <ns3:TrackPointExtension>
            <ns3:hr>149</ns3:hr>
            <ns3:cad>88</ns3:cad>
          </ns3:TrackPointExtension>
        </extensions>
      </trkpt>
      <trkpt lat="34.180541820824146270751953125" lon="108.93369575031101703643798828125">
        <ele>438.600006103515625</ele>
        <time>2026-07-11T00:43:08.000Z</time>
        <extensions>
          <ns3:TrackPointExtension>
            <ns3:hr>149</ns3:hr>
            <ns3:cad>88</ns3:cad>
          </ns3:TrackPointExtension>
        </extensions>
      </trkpt>
      <trkpt lat="34.18053637258708477020263671875" lon="108.93371989019215106964111328125">
        <ele>438.600006103515625</ele>
        <time>2026-07-11T00:43:09.000Z</time>
        <extensions>
          <ns3:TrackPointExtension>
            <ns3:hr>149</ns3:hr>
            <ns3:cad>89</ns3:cad>
          </ns3:TrackPointExtension>
        </extensions>
      </trkpt>
      <trkpt lat="34.180536456406116485595703125" lon="108.9337415993213653564453125">
        <ele>438.600006103515625</ele>
        <time>2026-07-11T00:43:10.000Z</time>
        <extensions>
          <ns3:TrackPointExtension>
            <ns3:hr>149</ns3:hr>
            <ns3:cad>89</ns3:cad>
          </ns3:TrackPointExtension>
        </extensions>
      </trkpt>
      <trkpt lat="34.18053670786321163177490234375" lon="108.9337783120572566986083984375">
        <ele>438.79998779296875</ele>
        <time>2026-07-11T00:43:11.000Z</time>
        <extensions>
          <ns3:TrackPointExtension>
            <ns3:hr>149</ns3:hr>
            <ns3:cad>88</ns3:cad>
          </ns3:TrackPointExtension>
        </extensions>
      </trkpt>
      <trkpt lat="34.18054006062448024749755859375" lon="108.93380454741418361663818359375">
        <ele>438.79998779296875</ele>
        <time>2026-07-11T00:43:12.000Z</time>
        <extensions>
          <ns3:TrackPointExtension>
            <ns3:hr>149</ns3:hr>
            <ns3:cad>88</ns3:cad>
          </ns3:TrackPointExtension>
        </extensions>
      </trkpt>
      <trkpt lat="34.180540144443511962890625" lon="108.93383941613137722015380859375">
        <ele>438.79998779296875</ele>
        <time>2026-07-11T00:43:13.000Z</time>
        <extensions>
          <ns3:TrackPointExtension>
            <ns3:hr>149</ns3:hr>
            <ns3:cad>87</ns3:cad>
          </ns3:TrackPointExtension>
        </extensions>
      </trkpt>
      <trkpt lat="34.1805440001189708709716796875" lon="108.93385835923254489898681640625">
        <ele>438.79998779296875</ele>
        <time>2026-07-11T00:43:14.000Z</time>
        <extensions>
          <ns3:TrackPointExtension>
            <ns3:hr>150</ns3:hr>
            <ns3:cad>86</ns3:cad>
          </ns3:TrackPointExtension>
        </extensions>
      </trkpt>
      <trkpt lat="34.180537797510623931884765625" lon="108.93388836644589900970458984375">
        <ele>438.79998779296875</ele>
        <time>2026-07-11T00:43:15.000Z</time>
        <extensions>
          <ns3:TrackPointExtension>
            <ns3:hr>149</ns3:hr>
            <ns3:cad>87</ns3:cad>
          </ns3:TrackPointExtension>
        </extensions>
      </trkpt>
      <trkpt lat="34.1805312596261501312255859375" lon="108.93390948884189128875732421875">
        <ele>439</ele>
        <time>2026-07-11T00:43:16.000Z</time>
        <extensions>
          <ns3:TrackPointExtension>
            <ns3:hr>149</ns3:hr>
            <ns3:cad>87</ns3:cad>
          </ns3:TrackPointExtension>
        </extensions>
      </trkpt>
      <trkpt lat="34.18053117580711841583251953125" lon="108.9339392445981502532958984375">
        <ele>438.79998779296875</ele>
        <time>2026-07-11T00:43:17.000Z</time>
        <extensions>
          <ns3:TrackPointExtension>
            <ns3:hr>149</ns3:hr>
            <ns3:cad>87</ns3:cad>
          </ns3:TrackPointExtension>
        </extensions>
      </trkpt>
      <trkpt lat="34.18052983470261096954345703125" lon="108.933967910706996917724609375">
        <ele>438.79998779296875</ele>
        <time>2026-07-11T00:43:18.000Z</time>
        <extensions>
          <ns3:TrackPointExtension>
            <ns3:hr>149</ns3:hr>
            <ns3:cad>88</ns3:cad>
          </ns3:TrackPointExtension>
        </extensions>
      </trkpt>
      <trkpt lat="34.1805200278759002685546875" lon="108.933966569602489471435546875">
        <ele>438.79998779296875</ele>
        <time>2026-07-11T00:43:19.000Z</time>
        <extensions>
          <ns3:TrackPointExtension>
            <ns3:hr>149</ns3:hr>
            <ns3:cad>88</ns3:cad>
          </ns3:TrackPointExtension>
        </extensions>
      </trkpt>
      <trkpt lat="34.1805141605436801910400390625" lon="108.93395542167127132415771484375">
        <ele>438.79998779296875</ele>
        <time>2026-07-11T00:43:20.000Z</time>
        <extensions>
          <ns3:TrackPointExtension>
            <ns3:hr>149</ns3:hr>
            <ns3:cad>88</ns3:cad>
          </ns3:TrackPointExtension>
        </extensions>
      </trkpt>
      <trkpt lat="34.1805121488869190216064453125" lon="108.93394083715975284576416015625">
        <ele>438.79998779296875</ele>
        <time>2026-07-11T00:43:21.000Z</time>
        <extensions>
          <ns3:TrackPointExtension>
            <ns3:hr>148</ns3:hr>
            <ns3:cad>86</ns3:cad>
          </ns3:TrackPointExtension>
        </extensions>
      </trkpt>
      <trkpt lat="34.18051172979176044464111328125" lon="108.9339295215904712677001953125">
        <ele>439</ele>
        <time>2026-07-11T00:43:22.000Z</time>
        <extensions>
          <ns3:TrackPointExtension>
            <ns3:hr>149</ns3:hr>
            <ns3:cad>86</ns3:cad>
          </ns3:TrackPointExtension>
        </extensions>
      </trkpt>
      <trkpt lat="34.18051759712398052215576171875" lon="108.9339191280305385589599609375">
        <ele>439</ele>
        <time>2026-07-11T00:43:23.000Z</time>
        <extensions>
          <ns3:TrackPointExtension>
            <ns3:hr>148</ns3:hr>
            <ns3:cad>86</ns3:cad>
          </ns3:TrackPointExtension>
        </extensions>
      </trkpt>
      <trkpt lat="34.18052463792264461517333984375" lon="108.93389054574072360992431640625">
        <ele>439</ele>
        <time>2026-07-11T00:43:24.000Z</time>
        <extensions>
          <ns3:TrackPointExtension>
            <ns3:hr>148</ns3:hr>
            <ns3:cad>86</ns3:cad>
          </ns3:TrackPointExtension>
        </extensions>
      </trkpt>
      <trkpt lat="34.180521704256534576416015625" lon="108.93386405892670154571533203125">
        <ele>439</ele>
        <time>2026-07-11T00:43:25.000Z</time>
        <extensions>
          <ns3:TrackPointExtension>
            <ns3:hr>148</ns3:hr>
            <ns3:cad>80</ns3:cad>
          </ns3:TrackPointExtension>
        </extensions>
      </trkpt>
      <trkpt lat="34.1805248893797397613525390625" lon="108.93383078277111053466796875">
        <ele>439</ele>
        <time>2026-07-11T00:43:26.000Z</time>
        <extensions>
          <ns3:TrackPointExtension>
            <ns3:hr>148</ns3:hr>
            <ns3:cad>80</ns3:cad>
          </ns3:TrackPointExtension>
        </extensions>
      </trkpt>
      <trkpt lat="34.180524051189422607421875" lon="108.93379951827228069305419921875">
        <ele>439</ele>
        <time>2026-07-11T00:43:27.000Z</time>
        <extensions>
          <ns3:TrackPointExtension>
            <ns3:hr>148</ns3:hr>
            <ns3:cad>80</ns3:cad>
          </ns3:TrackPointExtension>
        </extensions>
      </trkpt>
      <trkpt lat="34.18052732013165950775146484375" lon="108.9337645657360553741455078125">
        <ele>439</ele>
        <time>2026-07-11T00:43:28.000Z</time>
        <extensions>
          <ns3:TrackPointExtension>
            <ns3:hr>148</ns3:hr>
            <ns3:cad>80</ns3:cad>
          </ns3:TrackPointExtension>
        </extensions>
      </trkpt>
      <trkpt lat="34.1805255599319934844970703125" lon="108.93373422324657440185546875">
        <ele>439</ele>
        <time>2026-07-11T00:43:29.000Z</time>
        <extensions>
          <ns3:TrackPointExtension>
            <ns3:hr>148</ns3:hr>
            <ns3:cad>90</ns3:cad>
          </ns3:TrackPointExtension>
        </extensions>
      </trkpt>
      <trkpt lat="34.1805248893797397613525390625" lon="108.93370471894741058349609375">
        <ele>439</ele>
        <time>2026-07-11T00:43:30.000Z</time>
        <extensions>
          <ns3:TrackPointExtension>
            <ns3:hr>147</ns3:hr>
            <ns3:cad>89</ns3:cad>
          </ns3:TrackPointExtension>
        </extensions>
      </trkpt>
      <trkpt lat="34.18052363209426403045654296875" lon="108.93367789685726165771484375">
        <ele>439</ele>
        <time>2026-07-11T00:43:31.000Z</time>
        <extensions>
          <ns3:TrackPointExtension>
            <ns3:hr>147</ns3:hr>
            <ns3:cad>89</ns3:cad>
          </ns3:TrackPointExtension>
        </extensions>
      </trkpt>
      <trkpt lat="34.18052782304584980010986328125" lon="108.93364378251135349273681640625">
        <ele>439</ele>
        <time>2026-07-11T00:43:32.000Z</time>
        <extensions>
          <ns3:TrackPointExtension>
            <ns3:hr>147</ns3:hr>
            <ns3:cad>89</ns3:cad>
          </ns3:TrackPointExtension>
        </extensions>
      </trkpt>
      <trkpt lat="34.180528409779071807861328125" lon="108.93361528404057025909423828125">
        <ele>439</ele>
        <time>2026-07-11T00:43:33.000Z</time>
        <extensions>
          <ns3:TrackPointExtension>
            <ns3:hr>147</ns3:hr>
            <ns3:cad>87</ns3:cad>
          </ns3:TrackPointExtension>
        </extensions>
      </trkpt>
      <trkpt lat="34.18052899651229381561279296875" lon="108.93357823602855205535888671875">
        <ele>439</ele>
        <time>2026-07-11T00:43:34.000Z</time>
        <extensions>
          <ns3:TrackPointExtension>
            <ns3:hr>146</ns3:hr>
            <ns3:cad>87</ns3:cad>
          </ns3:TrackPointExtension>
        </extensions>
      </trkpt>
      <trkpt lat="34.18052874505519866943359375" lon="108.9335520006716251373291015625">
        <ele>439</ele>
        <time>2026-07-11T00:43:35.000Z</time>
        <extensions>
          <ns3:TrackPointExtension>
            <ns3:hr>145</ns3:hr>
            <ns3:cad>87</ns3:cad>
          </ns3:TrackPointExtension>
        </extensions>
      </trkpt>
      <trkpt lat="34.18053008615970611572265625" lon="108.9335174672305583953857421875">
        <ele>439</ele>
        <time>2026-07-11T00:43:36.000Z</time>
        <extensions>
          <ns3:TrackPointExtension>
            <ns3:hr>145</ns3:hr>
            <ns3:cad>88</ns3:cad>
          </ns3:TrackPointExtension>
        </extensions>
      </trkpt>
      <trkpt lat="34.1805339418351650238037109375" lon="108.9334889687597751617431640625">
        <ele>439</ele>
        <time>2026-07-11T00:43:37.000Z</time>
        <extensions>
          <ns3:TrackPointExtension>
            <ns3:hr>145</ns3:hr>
            <ns3:cad>88</ns3:cad>
          </ns3:TrackPointExtension>
        </extensions>
      </trkpt>
      <trkpt lat="34.1805356182157993316650390625" lon="108.93345552496612071990966796875">
        <ele>439</ele>
        <time>2026-07-11T00:43:38.000Z</time>
        <extensions>
          <ns3:TrackPointExtension>
            <ns3:hr>145</ns3:hr>
            <ns3:cad>87</ns3:cad>
          </ns3:TrackPointExtension>
        </extensions>
      </trkpt>
      <trkpt lat="34.18053804896771907806396484375" lon="108.9334237575531005859375">
        <ele>439</ele>
        <time>2026-07-11T00:43:39.000Z</time>
        <extensions>
          <ns3:TrackPointExtension>
            <ns3:hr>144</ns3:hr>
            <ns3:cad>87</ns3:cad>
          </ns3:TrackPointExtension>
        </extensions>
      </trkpt>
      <trkpt lat="34.18054374866187572479248046875" lon="108.93339433707296848297119140625">
        <ele>439</ele>
        <time>2026-07-11T00:43:40.000Z</time>
        <extensions>
          <ns3:TrackPointExtension>
            <ns3:hr>144</ns3:hr>
            <ns3:cad>88</ns3:cad>
          </ns3:TrackPointExtension>
        </extensions>
      </trkpt>
      <trkpt lat="34.18054928071796894073486328125" lon="108.93336298875510692596435546875">
        <ele>438.79998779296875</ele>
        <time>2026-07-11T00:43:41.000Z</time>
        <extensions>
          <ns3:TrackPointExtension>
            <ns3:hr>143</ns3:hr>
            <ns3:cad>88</ns3:cad>
          </ns3:TrackPointExtension>
        </extensions>
      </trkpt>
      <trkpt lat="34.1805510409176349639892578125" lon="108.93333432264626026153564453125">
        <ele>438.79998779296875</ele>
        <time>2026-07-11T00:43:42.000Z</time>
        <extensions>
          <ns3:TrackPointExtension>
            <ns3:hr>142</ns3:hr>
            <ns3:cad>88</ns3:cad>
          </ns3:TrackPointExtension>
        </extensions>
      </trkpt>
      <trkpt lat="34.1805520467460155487060546875" lon="108.9333015494048595428466796875">
        <ele>438.79998779296875</ele>
        <time>2026-07-11T00:43:43.000Z</time>
        <extensions>
          <ns3:TrackPointExtension>
            <ns3:hr>142</ns3:hr>
            <ns3:cad>88</ns3:cad>
          </ns3:TrackPointExtension>
        </extensions>
      </trkpt>
      <trkpt lat="34.18054995127022266387939453125" lon="108.9332750625908374786376953125">
        <ele>438.79998779296875</ele>
        <time>2026-07-11T00:43:44.000Z</time>
        <extensions>
          <ns3:TrackPointExtension>
            <ns3:hr>141</ns3:hr>
            <ns3:cad>87</ns3:cad>
          </ns3:TrackPointExtension>
        </extensions>
      </trkpt>
      <trkpt lat="34.18055514805018901824951171875" lon="108.93324295990169048309326171875">
        <ele>438.79998779296875</ele>
        <time>2026-07-11T00:43:45.000Z</time>
        <extensions>
          <ns3:TrackPointExtension>
            <ns3:hr>141</ns3:hr>
            <ns3:cad>87</ns3:cad>
          </ns3:TrackPointExtension>
        </extensions>
      </trkpt>
      <trkpt lat="34.1805589199066162109375" lon="108.93321915529668331146240234375">
        <ele>438.79998779296875</ele>
        <time>2026-07-11T00:43:46.000Z</time>
        <extensions>
          <ns3:TrackPointExtension>
            <ns3:hr>141</ns3:hr>
            <ns3:cad>87</ns3:cad>
          </ns3:TrackPointExtension>
        </extensions>
      </trkpt>
      <trkpt lat="34.18055690824985504150390625" lon="108.93317858688533306121826171875">
        <ele>438.600006103515625</ele>
        <time>2026-07-11T00:43:47.000Z</time>
        <extensions>
          <ns3:TrackPointExtension>
            <ns3:hr>141</ns3:hr>
            <ns3:cad>87</ns3:cad>
          </ns3:TrackPointExtension>
        </extensions>
      </trkpt>
      <trkpt lat="34.18056051246821880340576171875" lon="108.93314857967197895050048828125">
        <ele>438.600006103515625</ele>
        <time>2026-07-11T00:43:48.000Z</time>
        <extensions>
          <ns3:TrackPointExtension>
            <ns3:hr>141</ns3:hr>
            <ns3:cad>87</ns3:cad>
          </ns3:TrackPointExtension>
        </extensions>
      </trkpt>
      <trkpt lat="34.18056621216237545013427734375" lon="108.93311220221221446990966796875">
        <ele>438.600006103515625</ele>
        <time>2026-07-11T00:43:49.000Z</time>
        <extensions>
          <ns3:TrackPointExtension>
            <ns3:hr>141</ns3:hr>
            <ns3:cad>87</ns3:cad>
          </ns3:TrackPointExtension>
        </extensions>
      </trkpt>
      <trkpt lat="34.18056872673332691192626953125" lon="108.9330866374075412750244140625">
        <ele>438.600006103515625</ele>
        <time>2026-07-11T00:43:50.000Z</time>
        <extensions>
          <ns3:TrackPointExtension>
            <ns3:hr>142</ns3:hr>
            <ns3:cad>87</ns3:cad>
          </ns3:TrackPointExtension>
        </extensions>
      </trkpt>
      <trkpt lat="34.18057291768491268157958984375" lon="108.93305503763258457183837890625">
        <ele>438.600006103515625</ele>
        <time>2026-07-11T00:43:51.000Z</time>
        <extensions>
          <ns3:TrackPointExtension>
            <ns3:hr>142</ns3:hr>
            <ns3:cad>87</ns3:cad>
          </ns3:TrackPointExtension>
        </extensions>
      </trkpt>
      <trkpt lat="34.18057392351329326629638671875" lon="108.9330249466001987457275390625">
        <ele>438.600006103515625</ele>
        <time>2026-07-11T00:43:52.000Z</time>
        <extensions>
          <ns3:TrackPointExtension>
            <ns3:hr>142</ns3:hr>
            <ns3:cad>87</ns3:cad>
          </ns3:TrackPointExtension>
        </extensions>
      </trkpt>
      <trkpt lat="34.18057375587522983551025390625" lon="108.9329894073307514190673828125">
        <ele>438.600006103515625</ele>
        <time>2026-07-11T00:43:53.000Z</time>
        <extensions>
          <ns3:TrackPointExtension>
            <ns3:hr>142</ns3:hr>
            <ns3:cad>87</ns3:cad>
          </ns3:TrackPointExtension>
        </extensions>
      </trkpt>
      <trkpt lat="34.18057610280811786651611328125" lon="108.9329582266509532928466796875">
        <ele>438.600006103515625</ele>
        <time>2026-07-11T00:43:54.000Z</time>
        <extensions>
          <ns3:TrackPointExtension>
            <ns3:hr>143</ns3:hr>
            <ns3:cad>87</ns3:cad>
          </ns3:TrackPointExtension>
        </extensions>
      </trkpt>
      <trkpt lat="34.18057761155068874359130859375" lon="108.9329314045608043670654296875">
        <ele>438.399993896484375</ele>
        <time>2026-07-11T00:43:55.000Z</time>
        <extensions>
          <ns3:TrackPointExtension>
            <ns3:hr>142</ns3:hr>
            <ns3:cad>89</ns3:cad>
          </ns3:TrackPointExtension>
        </extensions>
      </trkpt>
      <trkpt lat="34.18058574199676513671875" lon="108.9329129643738269805908203125">
        <ele>438.399993896484375</ele>
        <time>2026-07-11T00:43:56.000Z</time>
        <extensions>
          <ns3:TrackPointExtension>
            <ns3:hr>142</ns3:hr>
            <ns3:cad>90</ns3:cad>
          </ns3:TrackPointExtension>
        </extensions>
      </trkpt>
      <trkpt lat="34.18058909475803375244140625" lon="108.9328894950449466705322265625">
        <ele>438.399993896484375</ele>
        <time>2026-07-11T00:43:57.000Z</time>
        <extensions>
          <ns3:TrackPointExtension>
            <ns3:hr>143</ns3:hr>
            <ns3:cad>90</ns3:cad>
          </ns3:TrackPointExtension>
        </extensions>
      </trkpt>
      <trkpt lat="34.180593453347682952880859375" lon="108.9328640140593051910400390625">
        <ele>438.399993896484375</ele>
        <time>2026-07-11T00:43:58.000Z</time>
        <extensions>
          <ns3:TrackPointExtension>
            <ns3:hr>143</ns3:hr>
            <ns3:cad>90</ns3:cad>
          </ns3:TrackPointExtension>
        </extensions>
      </trkpt>
      <trkpt lat="34.18059823103249073028564453125" lon="108.93283702433109283447265625">
        <ele>438.399993896484375</ele>
        <time>2026-07-11T00:43:59.000Z</time>
        <extensions>
          <ns3:TrackPointExtension>
            <ns3:hr>143</ns3:hr>
            <ns3:cad>90</ns3:cad>
          </ns3:TrackPointExtension>
        </extensions>
      </trkpt>
      <trkpt lat="34.18060493655502796173095703125" lon="108.932804167270660400390625">
        <ele>438.399993896484375</ele>
        <time>2026-07-11T00:44:00.000Z</time>
        <extensions>
          <ns3:TrackPointExtension>
            <ns3:hr>143</ns3:hr>
            <ns3:cad>90</ns3:cad>
          </ns3:TrackPointExtension>
        </extensions>
      </trkpt>
      <trkpt lat="34.18061046861112117767333984375" lon="108.932769633829593658447265625">
        <ele>438.399993896484375</ele>
        <time>2026-07-11T00:44:01.000Z</time>
        <extensions>
          <ns3:TrackPointExtension>
            <ns3:hr>143</ns3:hr>
            <ns3:cad>90</ns3:cad>
          </ns3:TrackPointExtension>
        </extensions>
      </trkpt>
      <trkpt lat="34.18061465956270694732666015625" lon="108.932740129530429840087890625">
        <ele>438.399993896484375</ele>
        <time>2026-07-11T00:44:02.000Z</time>
        <extensions>
          <ns3:TrackPointExtension>
            <ns3:hr>144</ns3:hr>
            <ns3:cad>90</ns3:cad>
          </ns3:TrackPointExtension>
        </extensions>
      </trkpt>
      <trkpt lat="34.18061591684818267822265625" lon="108.932705260813236236572265625">
        <ele>438.20001220703125</ele>
        <time>2026-07-11T00:44:03.000Z</time>
        <extensions>
          <ns3:TrackPointExtension>
            <ns3:hr>144</ns3:hr>
            <ns3:cad>89</ns3:cad>
          </ns3:TrackPointExtension>
        </extensions>
      </trkpt>
      <trkpt lat="34.18061817996203899383544921875" lon="108.93267500214278697967529296875">
        <ele>438.20001220703125</ele>
        <time>2026-07-11T00:44:04.000Z</time>
        <extensions>
          <ns3:TrackPointExtension>
            <ns3:hr>144</ns3:hr>
            <ns3:cad>89</ns3:cad>
          </ns3:TrackPointExtension>
        </extensions>
      </trkpt>
      <trkpt lat="34.18061834760010242462158203125" lon="108.932649604976177215576171875">
        <ele>438</ele>
        <time>2026-07-11T00:44:05.000Z</time>
        <extensions>
          <ns3:TrackPointExtension>
            <ns3:hr>145</ns3:hr>
            <ns3:cad>89</ns3:cad>
          </ns3:TrackPointExtension>
        </extensions>
      </trkpt>
      <trkpt lat="34.18062354438006877899169921875" lon="108.93261884339153766632080078125">
        <ele>438</ele>
        <time>2026-07-11T00:44:06.000Z</time>
        <extensions>
          <ns3:TrackPointExtension>
            <ns3:hr>146</ns3:hr>
            <ns3:cad>89</ns3:cad>
          </ns3:TrackPointExtension>
        </extensions>
      </trkpt>
      <trkpt lat="34.1806268133223056793212890625" lon="108.93259470351040363311767578125">
        <ele>438</ele>
        <time>2026-07-11T00:44:07.000Z</time>
        <extensions>
          <ns3:TrackPointExtension>
            <ns3:hr>146</ns3:hr>
            <ns3:cad>89</ns3:cad>
          </ns3:TrackPointExtension>
        </extensions>
      </trkpt>
      <trkpt lat="34.18063259683549404144287109375" lon="108.9325654506683349609375">
        <ele>438</ele>
        <time>2026-07-11T00:44:08.000Z</time>
        <extensions>
          <ns3:TrackPointExtension>
            <ns3:hr>147</ns3:hr>
            <ns3:cad>89</ns3:cad>
          </ns3:TrackPointExtension>
        </extensions>
      </trkpt>
      <trkpt lat="34.18063737452030181884765625" lon="108.932531587779521942138671875">
        <ele>438</ele>
        <time>2026-07-11T00:44:09.000Z</time>
        <extensions>
          <ns3:TrackPointExtension>
            <ns3:hr>147</ns3:hr>
            <ns3:cad>89</ns3:cad>
          </ns3:TrackPointExtension>
        </extensions>
      </trkpt>
      <trkpt lat="34.1806447505950927734375" lon="108.9325035922229290008544921875">
        <ele>438</ele>
        <time>2026-07-11T00:44:10.000Z</time>
        <extensions>
          <ns3:TrackPointExtension>
            <ns3:hr>147</ns3:hr>
            <ns3:cad>88</ns3:cad>
          </ns3:TrackPointExtension>
        </extensions>
      </trkpt>
      <trkpt lat="34.180644415318965911865234375" lon="108.93248070962727069854736328125">
        <ele>438</ele>
        <time>2026-07-11T00:44:11.000Z</time>
        <extensions>
          <ns3:TrackPointExtension>
            <ns3:hr>148</ns3:hr>
            <ns3:cad>89</ns3:cad>
          </ns3:TrackPointExtension>
        </extensions>
      </trkpt>
      <trkpt lat="34.180648438632488250732421875" lon="108.93245506100356578826904296875">
        <ele>438</ele>
        <time>2026-07-11T00:44:12.000Z</time>
        <extensions>
          <ns3:TrackPointExtension>
            <ns3:hr>148</ns3:hr>
            <ns3:cad>89</ns3:cad>
          </ns3:TrackPointExtension>
        </extensions>
      </trkpt>
      <trkpt lat="34.18064952827990055084228515625" lon="108.9324305020272731781005859375">
        <ele>438</ele>
        <time>2026-07-11T00:44:13.000Z</time>
        <extensions>
          <ns3:TrackPointExtension>
            <ns3:hr>148</ns3:hr>
            <ns3:cad>89</ns3:cad>
          </ns3:TrackPointExtension>
        </extensions>
      </trkpt>
      <trkpt lat="34.18065355159342288970947265625" lon="108.93240250647068023681640625">
        <ele>438</ele>
        <time>2026-07-11T00:44:14.000Z</time>
        <extensions>
          <ns3:TrackPointExtension>
            <ns3:hr>149</ns3:hr>
            <ns3:cad>89</ns3:cad>
          </ns3:TrackPointExtension>
        </extensions>
      </trkpt>
      <trkpt lat="34.18065614998340606689453125" lon="108.93237845040857791900634765625">
        <ele>438</ele>
        <time>2026-07-11T00:44:15.000Z</time>
        <extensions>
          <ns3:TrackPointExtension>
            <ns3:hr>149</ns3:hr>
            <ns3:cad>89</ns3:cad>
          </ns3:TrackPointExtension>
        </extensions>
      </trkpt>
      <trkpt lat="34.1806623525917530059814453125" lon="108.93235079012811183929443359375">
        <ele>438</ele>
        <time>2026-07-11T00:44:16.000Z</time>
        <extensions>
          <ns3:TrackPointExtension>
            <ns3:hr>149</ns3:hr>
            <ns3:cad>89</ns3:cad>
          </ns3:TrackPointExtension>
        </extensions>
      </trkpt>
      <trkpt lat="34.1806670464575290679931640625" lon="108.93232128582894802093505859375">
        <ele>438</ele>
        <time>2026-07-11T00:44:17.000Z</time>
        <extensions>
          <ns3:TrackPointExtension>
            <ns3:hr>149</ns3:hr>
            <ns3:cad>89</ns3:cad>
          </ns3:TrackPointExtension>
        </extensions>
      </trkpt>
      <trkpt lat="34.180670566856861114501953125" lon="108.93228985369205474853515625">
        <ele>438</ele>
        <time>2026-07-11T00:44:18.000Z</time>
        <extensions>
          <ns3:TrackPointExtension>
            <ns3:hr>150</ns3:hr>
            <ns3:cad>89</ns3:cad>
          </ns3:TrackPointExtension>
        </extensions>
      </trkpt>
      <trkpt lat="34.1806714050471782684326171875" lon="108.93226437270641326904296875">
        <ele>438</ele>
        <time>2026-07-11T00:44:19.000Z</time>
        <extensions>
          <ns3:TrackPointExtension>
            <ns3:hr>149</ns3:hr>
            <ns3:cad>88</ns3:cad>
          </ns3:TrackPointExtension>
        </extensions>
      </trkpt>
      <trkpt lat="34.180673249065876007080078125" lon="108.93224165774881839752197265625">
        <ele>437.79998779296875</ele>
        <time>2026-07-11T00:44:20.000Z</time>
        <extensions>
          <ns3:TrackPointExtension>
            <ns3:hr>149</ns3:hr>
            <ns3:cad>88</ns3:cad>
          </ns3:TrackPointExtension>
        </extensions>
      </trkpt>
      <trkpt lat="34.18067869730293750762939453125" lon="108.9322149194777011871337890625">
        <ele>437.79998779296875</ele>
        <time>2026-07-11T00:44:21.000Z</time>
        <extensions>
          <ns3:TrackPointExtension>
            <ns3:hr>149</ns3:hr>
            <ns3:cad>88</ns3:cad>
          </ns3:TrackPointExtension>
        </extensions>
      </trkpt>
      <trkpt lat="34.18068422935903072357177734375" lon="108.932188935577869415283203125">
        <ele>437.79998779296875</ele>
        <time>2026-07-11T00:44:22.000Z</time>
        <extensions>
          <ns3:TrackPointExtension>
            <ns3:hr>150</ns3:hr>
            <ns3:cad>89</ns3:cad>
          </ns3:TrackPointExtension>
        </extensions>
      </trkpt>
      <trkpt lat="34.180688671767711639404296875" lon="108.932167477905750274658203125">
        <ele>437.600006103515625</ele>
        <time>2026-07-11T00:44:23.000Z</time>
        <extensions>
          <ns3:TrackPointExtension>
            <ns3:hr>150</ns3:hr>
            <ns3:cad>89</ns3:cad>
          </ns3:TrackPointExtension>
        </extensions>
      </trkpt>
      <trkpt lat="34.18068774975836277008056640625" lon="108.932139314711093902587890625">
        <ele>437.600006103515625</ele>
        <time>2026-07-11T00:44:24.000Z</time>
        <extensions>
          <ns3:TrackPointExtension>
            <ns3:hr>150</ns3:hr>
            <ns3:cad>89</ns3:cad>
          </ns3:TrackPointExtension>
        </extensions>
      </trkpt>
      <trkpt lat="34.18069261126220226287841796875" lon="108.9321143366396427154541015625">
        <ele>437.399993896484375</ele>
        <time>2026-07-11T00:44:25.000Z</time>
        <extensions>
          <ns3:TrackPointExtension>
            <ns3:hr>150</ns3:hr>
            <ns3:cad>88</ns3:cad>
          </ns3:TrackPointExtension>
        </extensions>
      </trkpt>
      <trkpt lat="34.18069495819509029388427734375" lon="108.93208391033113002777099609375">
        <ele>437.399993896484375</ele>
        <time>2026-07-11T00:44:26.000Z</time>
        <extensions>
          <ns3:TrackPointExtension>
            <ns3:hr>150</ns3:hr>
            <ns3:cad>88</ns3:cad>
          </ns3:TrackPointExtension>
        </extensions>
      </trkpt>
      <trkpt lat="34.180696718394756317138671875" lon="108.932054825127124786376953125">
        <ele>437.20001220703125</ele>
        <time>2026-07-11T00:44:27.000Z</time>
        <extensions>
          <ns3:TrackPointExtension>
            <ns3:hr>150</ns3:hr>
            <ns3:cad>88</ns3:cad>
          </ns3:TrackPointExtension>
        </extensions>
      </trkpt>
      <trkpt lat="34.1806999035179615020751953125" lon="108.9320214651525020599365234375">
        <ele>437.20001220703125</ele>
        <time>2026-07-11T00:44:28.000Z</time>
        <extensions>
          <ns3:TrackPointExtension>
            <ns3:hr>150</ns3:hr>
            <ns3:cad>88</ns3:cad>
          </ns3:TrackPointExtension>
        </extensions>
      </trkpt>
      <trkpt lat="34.1807056032121181488037109375" lon="108.931993134319782257080078125">
        <ele>437.20001220703125</ele>
        <time>2026-07-11T00:44:29.000Z</time>
        <extensions>
          <ns3:TrackPointExtension>
            <ns3:hr>150</ns3:hr>
            <ns3:cad>89</ns3:cad>
          </ns3:TrackPointExtension>
        </extensions>
      </trkpt>
      <trkpt lat="34.18070786632597446441650390625" lon="108.931962959468364715576171875">
        <ele>437</ele>
        <time>2026-07-11T00:44:30.000Z</time>
        <extensions>
          <ns3:TrackPointExtension>
            <ns3:hr>150</ns3:hr>
            <ns3:cad>88</ns3:cad>
          </ns3:TrackPointExtension>
        </extensions>
      </trkpt>
      <trkpt lat="34.18071247637271881103515625" lon="108.931935466825962066650390625">
        <ele>437</ele>
        <time>2026-07-11T00:44:31.000Z</time>
        <extensions>
          <ns3:TrackPointExtension>
            <ns3:hr>150</ns3:hr>
            <ns3:cad>88</ns3:cad>
          </ns3:TrackPointExtension>
        </extensions>
      </trkpt>
      <trkpt lat="34.18071356602013111114501953125" lon="108.9319123327732086181640625">
        <ele>436.79998779296875</ele>
        <time>2026-07-11T00:44:32.000Z</time>
        <extensions>
          <ns3:TrackPointExtension>
            <ns3:hr>150</ns3:hr>
            <ns3:cad>88</ns3:cad>
          </ns3:TrackPointExtension>
        </extensions>
      </trkpt>
      <trkpt lat="34.1807213611900806427001953125" lon="108.931881152093410491943359375">
        <ele>436.79998779296875</ele>
        <time>2026-07-11T00:44:33.000Z</time>
        <extensions>
          <ns3:TrackPointExtension>
            <ns3:hr>150</ns3:hr>
            <ns3:cad>89</ns3:cad>
          </ns3:TrackPointExtension>
        </extensions>
      </trkpt>
      <trkpt lat="34.18072680942714214324951171875" lon="108.93186044879257678985595703125">
        <ele>436.79998779296875</ele>
        <time>2026-07-11T00:44:34.000Z</time>
        <extensions>
          <ns3:TrackPointExtension>
            <ns3:hr>149</ns3:hr>
            <ns3:cad>89</ns3:cad>
          </ns3:TrackPointExtension>
        </extensions>
      </trkpt>
      <trkpt lat="34.1807330958545207977294921875" lon="108.9318259991705417633056640625">
        <ele>436.79998779296875</ele>
        <time>2026-07-11T00:44:35.000Z</time>
        <extensions>
          <ns3:TrackPointExtension>
            <ns3:hr>149</ns3:hr>
            <ns3:cad>89</ns3:cad>
          </ns3:TrackPointExtension>
        </extensions>
      </trkpt>
      <trkpt lat="34.18073452077805995941162109375" lon="108.93179875798523426055908203125">
        <ele>437</ele>
        <time>2026-07-11T00:44:36.000Z</time>
        <extensions>
          <ns3:TrackPointExtension>
            <ns3:hr>149</ns3:hr>
            <ns3:cad>89</ns3:cad>
          </ns3:TrackPointExtension>
        </extensions>
      </trkpt>
      <trkpt lat="34.18073837645351886749267578125" lon="108.9317649789154529571533203125">
        <ele>437</ele>
        <time>2026-07-11T00:44:37.000Z</time>
        <extensions>
          <ns3:TrackPointExtension>
            <ns3:hr>150</ns3:hr>
            <ns3:cad>88</ns3:cad>
          </ns3:TrackPointExtension>
        </extensions>
      </trkpt>
      <trkpt lat="34.180741645395755767822265625" lon="108.93173790536820888519287109375">
        <ele>437</ele>
        <time>2026-07-11T00:44:38.000Z</time>
        <extensions>
          <ns3:TrackPointExtension>
            <ns3:hr>150</ns3:hr>
            <ns3:cad>88</ns3:cad>
          </ns3:TrackPointExtension>
        </extensions>
      </trkpt>
      <trkpt lat="34.18074759654700756072998046875" lon="108.93170236609876155853271484375">
        <ele>436.79998779296875</ele>
        <time>2026-07-11T00:44:39.000Z</time>
        <extensions>
          <ns3:TrackPointExtension>
            <ns3:hr>150</ns3:hr>
            <ns3:cad>88</ns3:cad>
          </ns3:TrackPointExtension>
        </extensions>
      </trkpt>
      <trkpt lat="34.18074994347989559173583984375" lon="108.931675963103771209716796875">
        <ele>436.79998779296875</ele>
        <time>2026-07-11T00:44:40.000Z</time>
        <extensions>
          <ns3:TrackPointExtension>
            <ns3:hr>150</ns3:hr>
            <ns3:cad>88</ns3:cad>
          </ns3:TrackPointExtension>
        </extensions>
      </trkpt>
      <trkpt lat="34.18075882829725742340087890625" lon="108.93164956010878086090087890625">
        <ele>436.79998779296875</ele>
        <time>2026-07-11T00:44:41.000Z</time>
        <extensions>
          <ns3:TrackPointExtension>
            <ns3:hr>150</ns3:hr>
            <ns3:cad>88</ns3:cad>
          </ns3:TrackPointExtension>
        </extensions>
      </trkpt>
      <trkpt lat="34.1807615943253040313720703125" lon="108.93162726424634456634521484375">
        <ele>436.600006103515625</ele>
        <time>2026-07-11T00:44:42.000Z</time>
        <extensions>
          <ns3:TrackPointExtension>
            <ns3:hr>149</ns3:hr>
            <ns3:cad>88</ns3:cad>
          </ns3:TrackPointExtension>
        </extensions>
      </trkpt>
      <trkpt lat="34.1807656176388263702392578125" lon="108.93159524537622928619384765625">
        <ele>436.600006103515625</ele>
        <time>2026-07-11T00:44:43.000Z</time>
        <extensions>
          <ns3:TrackPointExtension>
            <ns3:hr>149</ns3:hr>
            <ns3:cad>89</ns3:cad>
          </ns3:TrackPointExtension>
        </extensions>
      </trkpt>
      <trkpt lat="34.180768467485904693603515625" lon="108.93157110549509525299072265625">
        <ele>436.600006103515625</ele>
        <time>2026-07-11T00:44:44.000Z</time>
        <extensions>
          <ns3:TrackPointExtension>
            <ns3:hr>149</ns3:hr>
            <ns3:cad>89</ns3:cad>
          </ns3:TrackPointExtension>
        </extensions>
      </trkpt>
      <trkpt lat="34.18077307753264904022216796875" lon="108.9315436966717243194580078125">
        <ele>436.600006103515625</ele>
        <time>2026-07-11T00:44:45.000Z</time>
        <extensions>
          <ns3:TrackPointExtension>
            <ns3:hr>149</ns3:hr>
            <ns3:cad>89</ns3:cad>
          </ns3:TrackPointExtension>
        </extensions>
      </trkpt>
      <trkpt lat="34.18077995069324970245361328125" lon="108.9315195567905902862548828125">
        <ele>436.600006103515625</ele>
        <time>2026-07-11T00:44:46.000Z</time>
        <extensions>
          <ns3:TrackPointExtension>
            <ns3:hr>149</ns3:hr>
            <ns3:cad>89</ns3:cad>
          </ns3:TrackPointExtension>
        </extensions>
      </trkpt>
      <trkpt lat="34.1807860694825649261474609375" lon="108.9314860291779041290283203125">
        <ele>436.600006103515625</ele>
        <time>2026-07-11T00:44:47.000Z</time>
        <extensions>
          <ns3:TrackPointExtension>
            <ns3:hr>149</ns3:hr>
            <ns3:cad>88</ns3:cad>
          </ns3:TrackPointExtension>
        </extensions>
      </trkpt>
      <trkpt lat="34.180790595710277557373046875" lon="108.93146465532481670379638671875">
        <ele>436.79998779296875</ele>
        <time>2026-07-11T00:44:48.000Z</time>
        <extensions>
          <ns3:TrackPointExtension>
            <ns3:hr>149</ns3:hr>
            <ns3:cad>88</ns3:cad>
          </ns3:TrackPointExtension>
        </extensions>
      </trkpt>
      <trkpt lat="34.18079470284283161163330078125" lon="108.93144202418625354766845703125">
        <ele>436.79998779296875</ele>
        <time>2026-07-11T00:44:49.000Z</time>
        <extensions>
          <ns3:TrackPointExtension>
            <ns3:hr>148</ns3:hr>
            <ns3:cad>88</ns3:cad>
          </ns3:TrackPointExtension>
        </extensions>
      </trkpt>
      <trkpt lat="34.18079822324216365814208984375" lon="108.931420147418975830078125">
        <ele>436.79998779296875</ele>
        <time>2026-07-11T00:44:50.000Z</time>
        <extensions>
          <ns3:TrackPointExtension>
            <ns3:hr>148</ns3:hr>
            <ns3:cad>88</ns3:cad>
          </ns3:TrackPointExtension>
        </extensions>
      </trkpt>
      <trkpt lat="34.18080342002213001251220703125" lon="108.93138955347239971160888671875">
        <ele>437</ele>
        <time>2026-07-11T00:44:51.000Z</time>
        <extensions>
          <ns3:TrackPointExtension>
            <ns3:hr>149</ns3:hr>
            <ns3:cad>89</ns3:cad>
          </ns3:TrackPointExtension>
        </extensions>
      </trkpt>
      <trkpt lat="34.180806688964366912841796875" lon="108.93136407248675823211669921875">
        <ele>437</ele>
        <time>2026-07-11T00:44:52.000Z</time>
        <extensions>
          <ns3:TrackPointExtension>
            <ns3:hr>149</ns3:hr>
            <ns3:cad>88</ns3:cad>
          </ns3:TrackPointExtension>
        </extensions>
      </trkpt>
      <trkpt lat="34.180808700621128082275390625" lon="108.93132769502699375152587890625">
        <ele>437</ele>
        <time>2026-07-11T00:44:53.000Z</time>
        <extensions>
          <ns3:TrackPointExtension>
            <ns3:hr>148</ns3:hr>
            <ns3:cad>88</ns3:cad>
          </ns3:TrackPointExtension>
        </extensions>
      </trkpt>
      <trkpt lat="34.180812053382396697998046875" lon="108.93130757845938205718994140625">
        <ele>437</ele>
        <time>2026-07-11T00:44:54.000Z</time>
        <extensions>
          <ns3:TrackPointExtension>
            <ns3:hr>148</ns3:hr>
            <ns3:cad>88</ns3:cad>
          </ns3:TrackPointExtension>
        </extensions>
      </trkpt>
      <trkpt lat="34.1808159090578556060791015625" lon="108.9312815107405185699462890625">
        <ele>437</ele>
        <time>2026-07-11T00:44:55.000Z</time>
        <extensions>
          <ns3:TrackPointExtension>
            <ns3:hr>148</ns3:hr>
            <ns3:cad>88</ns3:cad>
          </ns3:TrackPointExtension>
        </extensions>
      </trkpt>
      <trkpt lat="34.1808219440281391143798828125" lon="108.9312577061355113983154296875">
        <ele>437</ele>
        <time>2026-07-11T00:44:56.000Z</time>
        <extensions>
          <ns3:TrackPointExtension>
            <ns3:hr>148</ns3:hr>
            <ns3:cad>89</ns3:cad>
          </ns3:TrackPointExtension>
        </extensions>
      </trkpt>
      <trkpt lat="34.18082244694232940673828125" lon="108.93122945912182331085205078125">
        <ele>437</ele>
        <time>2026-07-11T00:44:57.000Z</time>
        <extensions>
          <ns3:TrackPointExtension>
            <ns3:hr>149</ns3:hr>
            <ns3:cad>89</ns3:cad>
          </ns3:TrackPointExtension>
        </extensions>
      </trkpt>
      <trkpt lat="34.180828817188739776611328125" lon="108.93119978718459606170654296875">
        <ele>437</ele>
        <time>2026-07-11T00:44:58.000Z</time>
        <extensions>
          <ns3:TrackPointExtension>
            <ns3:hr>148</ns3:hr>
            <ns3:cad>88</ns3:cad>
          </ns3:TrackPointExtension>
        </extensions>
      </trkpt>
      <trkpt lat="34.18082621879875659942626953125" lon="108.93117615021765232086181640625">
        <ele>437</ele>
        <time>2026-07-11T00:44:59.000Z</time>
        <extensions>
          <ns3:TrackPointExtension>
            <ns3:hr>148</ns3:hr>
            <ns3:cad>88</ns3:cad>
          </ns3:TrackPointExtension>
        </extensions>
      </trkpt>
      <trkpt lat="34.1808350197970867156982421875" lon="108.9311477355659008026123046875">
        <ele>437</ele>
        <time>2026-07-11T00:45:00.000Z</time>
        <extensions>
          <ns3:TrackPointExtension>
            <ns3:hr>148</ns3:hr>
            <ns3:cad>88</ns3:cad>
          </ns3:TrackPointExtension>
        </extensions>
      </trkpt>
      <trkpt lat="34.1808353550732135772705078125" lon="108.9311252720654010772705078125">
        <ele>436.79998779296875</ele>
        <time>2026-07-11T00:45:01.000Z</time>
        <extensions>
          <ns3:TrackPointExtension>
            <ns3:hr>149</ns3:hr>
            <ns3:cad>88</ns3:cad>
          </ns3:TrackPointExtension>
        </extensions>
      </trkpt>
      <trkpt lat="34.180844239890575408935546875" lon="108.931093253195285797119140625">
        <ele>436.79998779296875</ele>
        <time>2026-07-11T00:45:02.000Z</time>
        <extensions>
          <ns3:TrackPointExtension>
            <ns3:hr>148</ns3:hr>
            <ns3:cad>88</ns3:cad>
          </ns3:TrackPointExtension>
        </extensions>
      </trkpt>
      <trkpt lat="34.18084616772830486297607421875" lon="108.9310709573328495025634765625">
        <ele>436.79998779296875</ele>
        <time>2026-07-11T00:45:03.000Z</time>
        <extensions>
          <ns3:TrackPointExtension>
            <ns3:hr>148</ns3:hr>
            <ns3:cad>87</ns3:cad>
          </ns3:TrackPointExtension>
        </extensions>
      </trkpt>
      <trkpt lat="34.18085522018373012542724609375" lon="108.9310350827872753143310546875">
        <ele>436.600006103515625</ele>
        <time>2026-07-11T00:45:04.000Z</time>
        <extensions>
          <ns3:TrackPointExtension>
            <ns3:hr>148</ns3:hr>
            <ns3:cad>87</ns3:cad>
          </ns3:TrackPointExtension>
        </extensions>
      </trkpt>
      <trkpt lat="34.180856309831142425537109375" lon="108.9310099370777606964111328125">
        <ele>436.600006103515625</ele>
        <time>2026-07-11T00:45:05.000Z</time>
        <extensions>
          <ns3:TrackPointExtension>
            <ns3:hr>148</ns3:hr>
            <ns3:cad>87</ns3:cad>
          </ns3:TrackPointExtension>
        </extensions>
      </trkpt>
      <trkpt lat="34.18087114579975605010986328125" lon="108.9309784211218357086181640625">
        <ele>436.600006103515625</ele>
        <time>2026-07-11T00:45:06.000Z</time>
        <extensions>
          <ns3:TrackPointExtension>
            <ns3:hr>148</ns3:hr>
            <ns3:cad>88</ns3:cad>
          </ns3:TrackPointExtension>
        </extensions>
      </trkpt>
      <trkpt lat="34.18088455684483051300048828125" lon="108.930959813296794891357421875">
        <ele>436.600006103515625</ele>
        <time>2026-07-11T00:45:07.000Z</time>
        <extensions>
          <ns3:TrackPointExtension>
            <ns3:hr>148</ns3:hr>
            <ns3:cad>88</ns3:cad>
          </ns3:TrackPointExtension>
        </extensions>
      </trkpt>
      <trkpt lat="34.18090802617371082305908203125" lon="108.9309346675872802734375">
        <ele>436.600006103515625</ele>
        <time>2026-07-11T00:45:08.000Z</time>
        <extensions>
          <ns3:TrackPointExtension>
            <ns3:hr>148</ns3:hr>
            <ns3:cad>88</ns3:cad>
          </ns3:TrackPointExtension>
        </extensions>
      </trkpt>
      <trkpt lat="34.18092613108456134796142578125" lon="108.93091916106641292572021484375">
        <ele>436.600006103515625</ele>
        <time>2026-07-11T00:45:09.000Z</time>
        <extensions>
          <ns3:TrackPointExtension>
            <ns3:hr>149</ns3:hr>
            <ns3:cad>88</ns3:cad>
          </ns3:TrackPointExtension>
        </extensions>
      </trkpt>
      <trkpt lat="34.18095387518405914306640625" lon="108.93091061152517795562744140625">
        <ele>436.600006103515625</ele>
        <time>2026-07-11T00:45:10.000Z</time>
        <extensions>
          <ns3:TrackPointExtension>
            <ns3:hr>148</ns3:hr>
            <ns3:cad>88</ns3:cad>
          </ns3:TrackPointExtension>
        </extensions>
      </trkpt>
      <trkpt lat="34.1809761710464954376220703125" lon="108.93090315163135528564453125">
        <ele>436.399993896484375</ele>
        <time>2026-07-11T00:45:11.000Z</time>
        <extensions>
          <ns3:TrackPointExtension>
            <ns3:hr>149</ns3:hr>
            <ns3:cad>89</ns3:cad>
          </ns3:TrackPointExtension>
        </extensions>
      </trkpt>
      <trkpt lat="34.1810060106217861175537109375" lon="108.930899798870086669921875">
        <ele>436.20001220703125</ele>
        <time>2026-07-11T00:45:12.000Z</time>
        <extensions>
          <ns3:TrackPointExtension>
            <ns3:hr>148</ns3:hr>
            <ns3:cad>88</ns3:cad>
          </ns3:TrackPointExtension>
        </extensions>
      </trkpt>
      <trkpt lat="34.1810308210551738739013671875" lon="108.93090172670781612396240234375">
        <ele>436</ele>
        <time>2026-07-11T00:45:13.000Z</time>
        <extensions>
          <ns3:TrackPointExtension>
            <ns3:hr>148</ns3:hr>
            <ns3:cad>88</ns3:cad>
          </ns3:TrackPointExtension>
        </extensions>
      </trkpt>
      <trkpt lat="34.18105588294565677642822265625" lon="108.9309026487171649932861328125">
        <ele>435.79998779296875</ele>
        <time>2026-07-11T00:45:14.000Z</time>
        <extensions>
          <ns3:TrackPointExtension>
            <ns3:hr>148</ns3:hr>
            <ns3:cad>88</ns3:cad>
          </ns3:TrackPointExtension>
        </extensions>
      </trkpt>
      <trkpt lat="34.1810784302651882171630859375" lon="108.9309046603739261627197265625">
        <ele>435.79998779296875</ele>
        <time>2026-07-11T00:45:15.000Z</time>
        <extensions>
          <ns3:TrackPointExtension>
            <ns3:hr>148</ns3:hr>
            <ns3:cad>87</ns3:cad>
          </ns3:TrackPointExtension>
        </extensions>
      </trkpt>
      <trkpt lat="34.1810988821089267730712890625" lon="108.930902145802974700927734375">
        <ele>435.79998779296875</ele>
        <time>2026-07-11T00:45:16.000Z</time>
        <extensions>
          <ns3:TrackPointExtension>
            <ns3:hr>148</ns3:hr>
            <ns3:cad>87</ns3:cad>
          </ns3:TrackPointExtension>
        </extensions>
      </trkpt>
      <trkpt lat="34.1811226867139339447021484375" lon="108.9309093542397022247314453125">
        <ele>435.600006103515625</ele>
        <time>2026-07-11T00:45:17.000Z</time>
        <extensions>
          <ns3:TrackPointExtension>
            <ns3:hr>148</ns3:hr>
            <ns3:cad>87</ns3:cad>
          </ns3:TrackPointExtension>
        </extensions>
      </trkpt>
      <trkpt lat="34.18114322237670421600341796875" lon="108.9309065043926239013671875">
        <ele>435.600006103515625</ele>
        <time>2026-07-11T00:45:18.000Z</time>
        <extensions>
          <ns3:TrackPointExtension>
            <ns3:hr>149</ns3:hr>
            <ns3:cad>88</ns3:cad>
          </ns3:TrackPointExtension>
        </extensions>
      </trkpt>
      <trkpt lat="34.18116711080074310302734375" lon="108.93090893514454364776611328125">
        <ele>435.600006103515625</ele>
        <time>2026-07-11T00:45:19.000Z</time>
        <extensions>
          <ns3:TrackPointExtension>
            <ns3:hr>149</ns3:hr>
            <ns3:cad>88</ns3:cad>
          </ns3:TrackPointExtension>
        </extensions>
      </trkpt>
      <trkpt lat="34.18118881992995738983154296875" lon="108.93091128207743167877197265625">
        <ele>435.600006103515625</ele>
        <time>2026-07-11T00:45:20.000Z</time>
        <extensions>
          <ns3:TrackPointExtension>
            <ns3:hr>149</ns3:hr>
            <ns3:cad>88</ns3:cad>
          </ns3:TrackPointExtension>
        </extensions>
      </trkpt>
      <trkpt lat="34.18121312744915485382080078125" lon="108.93091857433319091796875">
        <ele>435.600006103515625</ele>
        <time>2026-07-11T00:45:21.000Z</time>
        <extensions>
          <ns3:TrackPointExtension>
            <ns3:hr>149</ns3:hr>
            <ns3:cad>88</ns3:cad>
          </ns3:TrackPointExtension>
        </extensions>
      </trkpt>
      <trkpt lat="34.1812360100448131561279296875" lon="108.93092536367475986480712890625">
        <ele>435.600006103515625</ele>
        <time>2026-07-11T00:45:22.000Z</time>
        <extensions>
          <ns3:TrackPointExtension>
            <ns3:hr>148</ns3:hr>
            <ns3:cad>89</ns3:cad>
          </ns3:TrackPointExtension>
        </extensions>
      </trkpt>
      <trkpt lat="34.1812591440975666046142578125" lon="108.9309306442737579345703125">
        <ele>435.79998779296875</ele>
        <time>2026-07-11T00:45:23.000Z</time>
        <extensions>
          <ns3:TrackPointExtension>
            <ns3:hr>148</ns3:hr>
            <ns3:cad>89</ns3:cad>
          </ns3:TrackPointExtension>
        </extensions>
      </trkpt>
      <trkpt lat="34.18127716518938541412353515625" lon="108.93092938698828220367431640625">
        <ele>435.600006103515625</ele>
        <time>2026-07-11T00:45:24.000Z</time>
        <extensions>
          <ns3:TrackPointExtension>
            <ns3:hr>148</ns3:hr>
            <ns3:cad>89</ns3:cad>
          </ns3:TrackPointExtension>
        </extensions>
      </trkpt>
      <trkpt lat="34.181300885975360870361328125" lon="108.93093223683536052703857421875">
        <ele>435.600006103515625</ele>
        <time>2026-07-11T00:45:25.000Z</time>
        <extensions>
          <ns3:TrackPointExtension>
            <ns3:hr>148</ns3:hr>
            <ns3:cad>88</ns3:cad>
          </ns3:TrackPointExtension>
        </extensions>
      </trkpt>
      <trkpt lat="34.18132209219038486480712890625" lon="108.9309333264827728271484375">
        <ele>435.600006103515625</ele>
        <time>2026-07-11T00:45:26.000Z</time>
        <extensions>
          <ns3:TrackPointExtension>
            <ns3:hr>148</ns3:hr>
            <ns3:cad>88</ns3:cad>
          </ns3:TrackPointExtension>
        </extensions>
      </trkpt>
      <trkpt lat="34.18134606443345546722412109375" lon="108.93093592487275600433349609375">
        <ele>435.600006103515625</ele>
        <time>2026-07-11T00:45:27.000Z</time>
        <extensions>
          <ns3:TrackPointExtension>
            <ns3:hr>148</ns3:hr>
            <ns3:cad>89</ns3:cad>
          </ns3:TrackPointExtension>
        </extensions>
      </trkpt>
      <trkpt lat="34.18136551044881343841552734375" lon="108.93093458376824855804443359375">
        <ele>435.600006103515625</ele>
        <time>2026-07-11T00:45:28.000Z</time>
        <extensions>
          <ns3:TrackPointExtension>
            <ns3:hr>148</ns3:hr>
            <ns3:cad>89</ns3:cad>
          </ns3:TrackPointExtension>
        </extensions>
      </trkpt>
      <trkpt lat="34.18139367364346981048583984375" lon="108.93093533813953399658203125">
        <ele>435.600006103515625</ele>
        <time>2026-07-11T00:45:29.000Z</time>
        <extensions>
          <ns3:TrackPointExtension>
            <ns3:hr>149</ns3:hr>
            <ns3:cad>89</ns3:cad>
          </ns3:TrackPointExtension>
        </extensions>
      </trkpt>
      <trkpt lat="34.181412197649478912353515625" lon="108.930937014520168304443359375">
        <ele>435.600006103515625</ele>
        <time>2026-07-11T00:45:30.000Z</time>
        <extensions>
          <ns3:TrackPointExtension>
            <ns3:hr>148</ns3:hr>
            <ns3:cad>89</ns3:cad>
          </ns3:TrackPointExtension>
        </extensions>
      </trkpt>
      <trkpt lat="34.18144044466316699981689453125" lon="108.93093533813953399658203125">
        <ele>435.399993896484375</ele>
        <time>2026-07-11T00:45:31.000Z</time>
        <extensions>
          <ns3:TrackPointExtension>
            <ns3:hr>148</ns3:hr>
            <ns3:cad>90</ns3:cad>
          </ns3:TrackPointExtension>
        </extensions>
      </trkpt>
      <trkpt lat="34.1814639978110790252685546875" lon="108.9309311471879482269287109375">
        <ele>435.399993896484375</ele>
        <time>2026-07-11T00:45:32.000Z</time>
        <extensions>
          <ns3:TrackPointExtension>
            <ns3:hr>148</ns3:hr>
            <ns3:cad>90</ns3:cad>
          </ns3:TrackPointExtension>
        </extensions>
      </trkpt>
      <trkpt lat="34.181494675576686859130859375" lon="108.93092787824571132659912109375">
        <ele>435.399993896484375</ele>
        <time>2026-07-11T00:45:33.000Z</time>
        <extensions>
          <ns3:TrackPointExtension>
            <ns3:hr>149</ns3:hr>
            <ns3:cad>90</ns3:cad>
          </ns3:TrackPointExtension>
        </extensions>
      </trkpt>
      <trkpt lat="34.1815151274204254150390625" lon="108.9309234358370304107666015625">
        <ele>435.399993896484375</ele>
        <time>2026-07-11T00:45:34.000Z</time>
        <extensions>
          <ns3:TrackPointExtension>
            <ns3:hr>149</ns3:hr>
            <ns3:cad>89</ns3:cad>
          </ns3:TrackPointExtension>
        </extensions>
      </trkpt>
      <trkpt lat="34.18154186569154262542724609375" lon="108.93091857433319091796875">
        <ele>435.20001220703125</ele>
        <time>2026-07-11T00:45:35.000Z</time>
        <extensions>
          <ns3:TrackPointExtension>
            <ns3:hr>149</ns3:hr>
            <ns3:cad>88</ns3:cad>
          </ns3:TrackPointExtension>
        </extensions>
      </trkpt>
      <trkpt lat="34.1815632395446300506591796875" lon="108.9309153892099857330322265625">
        <ele>435.20001220703125</ele>
        <time>2026-07-11T00:45:36.000Z</time>
        <extensions>
          <ns3:TrackPointExtension>
            <ns3:hr>148</ns3:hr>
            <ns3:cad>88</ns3:cad>
          </ns3:TrackPointExtension>
        </extensions>
      </trkpt>
      <trkpt lat="34.181585870683193206787109375" lon="108.930913545191287994384765625">
        <ele>435.20001220703125</ele>
        <time>2026-07-11T00:45:37.000Z</time>
        <extensions>
          <ns3:TrackPointExtension>
            <ns3:hr>148</ns3:hr>
            <ns3:cad>88</ns3:cad>
          </ns3:TrackPointExtension>
        </extensions>
      </trkpt>
      <trkpt lat="34.181606657803058624267578125" lon="108.93091522157192230224609375">
        <ele>435.20001220703125</ele>
        <time>2026-07-11T00:45:38.000Z</time>
        <extensions>
          <ns3:TrackPointExtension>
            <ns3:hr>148</ns3:hr>
            <ns3:cad>88</ns3:cad>
          </ns3:TrackPointExtension>
        </extensions>
      </trkpt>
      <trkpt lat="34.18163188733160495758056640625" lon="108.93092368729412555694580078125">
        <ele>435.20001220703125</ele>
        <time>2026-07-11T00:45:39.000Z</time>
        <extensions>
          <ns3:TrackPointExtension>
            <ns3:hr>148</ns3:hr>
            <ns3:cad>88</ns3:cad>
          </ns3:TrackPointExtension>
        </extensions>
      </trkpt>
      <trkpt lat="34.18165401555597782135009765625" lon="108.93092586658895015716552734375">
        <ele>435</ele>
        <time>2026-07-11T00:45:40.000Z</time>
        <extensions>
          <ns3:TrackPointExtension>
            <ns3:hr>148</ns3:hr>
            <ns3:cad>88</ns3:cad>
          </ns3:TrackPointExtension>
        </extensions>
      </trkpt>
      <trkpt lat="34.18168184347450733184814453125" lon="108.930927626788616180419921875">
        <ele>435</ele>
        <time>2026-07-11T00:45:41.000Z</time>
        <extensions>
          <ns3:TrackPointExtension>
            <ns3:hr>148</ns3:hr>
            <ns3:cad>88</ns3:cad>
          </ns3:TrackPointExtension>
        </extensions>
      </trkpt>
      <trkpt lat="34.18170221149921417236328125" lon="108.93093072809278964996337890625">
        <ele>435</ele>
        <time>2026-07-11T00:45:42.000Z</time>
        <extensions>
          <ns3:TrackPointExtension>
            <ns3:hr>148</ns3:hr>
            <ns3:cad>88</ns3:cad>
          </ns3:TrackPointExtension>
        </extensions>
      </trkpt>
      <trkpt lat="34.18172190897166728973388671875" lon="108.9309318177402019500732421875">
        <ele>434.79998779296875</ele>
        <time>2026-07-11T00:45:43.000Z</time>
        <extensions>
          <ns3:TrackPointExtension>
            <ns3:hr>149</ns3:hr>
            <ns3:cad>88</ns3:cad>
          </ns3:TrackPointExtension>
        </extensions>
      </trkpt>
      <trkpt lat="34.18174269609153270721435546875" lon="108.93092863261699676513671875">
        <ele>434.79998779296875</ele>
        <time>2026-07-11T00:45:44.000Z</time>
        <extensions>
          <ns3:TrackPointExtension>
            <ns3:hr>148</ns3:hr>
            <ns3:cad>90</ns3:cad>
          </ns3:TrackPointExtension>
        </extensions>
      </trkpt>
      <trkpt lat="34.1817672550678253173828125" lon="108.9309257827699184417724609375">
        <ele>434.79998779296875</ele>
        <time>2026-07-11T00:45:45.000Z</time>
        <extensions>
          <ns3:TrackPointExtension>
            <ns3:hr>148</ns3:hr>
            <ns3:cad>91</ns3:cad>
          </ns3:TrackPointExtension>
        </extensions>
      </trkpt>
      <trkpt lat="34.1817887127399444580078125" lon="108.93092754296958446502685546875">
        <ele>434.79998779296875</ele>
        <time>2026-07-11T00:45:46.000Z</time>
        <extensions>
          <ns3:TrackPointExtension>
            <ns3:hr>148</ns3:hr>
            <ns3:cad>90</ns3:cad>
          </ns3:TrackPointExtension>
        </extensions>
      </trkpt>
      <trkpt lat="34.18181218206882476806640625" lon="108.9309234358370304107666015625">
        <ele>434.79998779296875</ele>
        <time>2026-07-11T00:45:47.000Z</time>
        <extensions>
          <ns3:TrackPointExtension>
            <ns3:hr>148</ns3:hr>
            <ns3:cad>90</ns3:cad>
          </ns3:TrackPointExtension>
        </extensions>
      </trkpt>
      <trkpt lat="34.18183556757867336273193359375" lon="108.93092536367475986480712890625">
        <ele>434.79998779296875</ele>
        <time>2026-07-11T00:45:48.000Z</time>
        <extensions>
          <ns3:TrackPointExtension>
            <ns3:hr>148</ns3:hr>
            <ns3:cad>90</ns3:cad>
          </ns3:TrackPointExtension>
        </extensions>
      </trkpt>
      <trkpt lat="34.1818582825362682342529296875" lon="108.9309257827699184417724609375">
        <ele>434.79998779296875</ele>
        <time>2026-07-11T00:45:49.000Z</time>
        <extensions>
          <ns3:TrackPointExtension>
            <ns3:hr>147</ns3:hr>
            <ns3:cad>90</ns3:cad>
          </ns3:TrackPointExtension>
        </extensions>
      </trkpt>
      <trkpt lat="34.18188250623643398284912109375" lon="108.93092988990247249603271484375">
        <ele>434.600006103515625</ele>
        <time>2026-07-11T00:45:50.000Z</time>
        <extensions>
          <ns3:TrackPointExtension>
            <ns3:hr>147</ns3:hr>
            <ns3:cad>88</ns3:cad>
          </ns3:TrackPointExtension>
        </extensions>
      </trkpt>
      <trkpt lat="34.1819052211940288543701171875" lon="108.9309308119118213653564453125">
        <ele>434.600006103515625</ele>
        <time>2026-07-11T00:45:51.000Z</time>
        <extensions>
          <ns3:TrackPointExtension>
            <ns3:hr>147</ns3:hr>
            <ns3:cad>88</ns3:cad>
          </ns3:TrackPointExtension>
        </extensions>
      </trkpt>
      <trkpt lat="34.18192877434194087982177734375" lon="108.93092972226440906524658203125">
        <ele>434.600006103515625</ele>
        <time>2026-07-11T00:45:52.000Z</time>
        <extensions>
          <ns3:TrackPointExtension>
            <ns3:hr>147</ns3:hr>
            <ns3:cad>88</ns3:cad>
          </ns3:TrackPointExtension>
        </extensions>
      </trkpt>
      <trkpt lat="34.18195140548050403594970703125" lon="108.9309311471879482269287109375">
        <ele>434.399993896484375</ele>
        <time>2026-07-11T00:45:53.000Z</time>
        <extensions>
          <ns3:TrackPointExtension>
            <ns3:hr>147</ns3:hr>
            <ns3:cad>89</ns3:cad>
          </ns3:TrackPointExtension>
        </extensions>
      </trkpt>
      <trkpt lat="34.1819726116955280303955078125" lon="108.9309360086917877197265625">
        <ele>434.399993896484375</ele>
        <time>2026-07-11T00:45:54.000Z</time>
        <extensions>
          <ns3:TrackPointExtension>
            <ns3:hr>146</ns3:hr>
            <ns3:cad>89</ns3:cad>
          </ns3:TrackPointExtension>
        </extensions>
      </trkpt>
      <trkpt lat="34.18199465610086917877197265625" lon="108.9309333264827728271484375">
        <ele>434.399993896484375</ele>
        <time>2026-07-11T00:45:55.000Z</time>
        <extensions>
          <ns3:TrackPointExtension>
            <ns3:hr>146</ns3:hr>
            <ns3:cad>89</ns3:cad>
          </ns3:TrackPointExtension>
        </extensions>
      </trkpt>
      <trkpt lat="34.1820185445249080657958984375" lon="108.93093642778694629669189453125">
        <ele>434.20001220703125</ele>
        <time>2026-07-11T00:45:56.000Z</time>
        <extensions>
          <ns3:TrackPointExtension>
            <ns3:hr>146</ns3:hr>
            <ns3:cad>89</ns3:cad>
          </ns3:TrackPointExtension>
        </extensions>
      </trkpt>
      <trkpt lat="34.1820393316447734832763671875" lon="108.93093575723469257354736328125">
        <ele>434.20001220703125</ele>
        <time>2026-07-11T00:45:57.000Z</time>
        <extensions>
          <ns3:TrackPointExtension>
            <ns3:hr>146</ns3:hr>
            <ns3:cad>88</ns3:cad>
          </ns3:TrackPointExtension>
        </extensions>
      </trkpt>
      <trkpt lat="34.18206322006881237030029296875" lon="108.93094112165272235870361328125">
        <ele>434.20001220703125</ele>
        <time>2026-07-11T00:45:58.000Z</time>
        <extensions>
          <ns3:TrackPointExtension>
            <ns3:hr>146</ns3:hr>
            <ns3:cad>88</ns3:cad>
          </ns3:TrackPointExtension>
        </extensions>
      </trkpt>
      <trkpt lat="34.182086102664470672607421875" lon="108.9309462346136569976806640625">
        <ele>434.20001220703125</ele>
        <time>2026-07-11T00:45:59.000Z</time>
        <extensions>
          <ns3:TrackPointExtension>
            <ns3:hr>145</ns3:hr>
            <ns3:cad>88</ns3:cad>
          </ns3:TrackPointExtension>
        </extensions>
      </trkpt>
      <trkpt lat="34.1821144334971904754638671875" lon="108.93095620907843112945556640625">
        <ele>434</ele>
        <time>2026-07-11T00:46:00.000Z</time>
        <extensions>
          <ns3:TrackPointExtension>
            <ns3:hr>145</ns3:hr>
            <ns3:cad>89</ns3:cad>
          </ns3:TrackPointExtension>
        </extensions>
      </trkpt>
      <trkpt lat="34.1821298561990261077880859375" lon="108.9309708774089813232421875">
        <ele>434</ele>
        <time>2026-07-11T00:46:01.000Z</time>
        <extensions>
          <ns3:TrackPointExtension>
            <ns3:hr>145</ns3:hr>
            <ns3:cad>88</ns3:cad>
          </ns3:TrackPointExtension>
        </extensions>
      </trkpt>
      <trkpt lat="34.18214905075728893280029296875" lon="108.930994011461734771728515625">
        <ele>434</ele>
        <time>2026-07-11T00:46:02.000Z</time>
        <extensions>
          <ns3:TrackPointExtension>
            <ns3:hr>145</ns3:hr>
            <ns3:cad>88</ns3:cad>
          </ns3:TrackPointExtension>
        </extensions>
      </trkpt>
      <trkpt lat="34.1821669042110443115234375" lon="108.93101513385772705078125">
        <ele>434</ele>
        <time>2026-07-11T00:46:03.000Z</time>
        <extensions>
          <ns3:TrackPointExtension>
            <ns3:hr>144</ns3:hr>
            <ns3:cad>87</ns3:cad>
          </ns3:TrackPointExtension>
        </extensions>
      </trkpt>
      <trkpt lat="34.18218978680670261383056640625" lon="108.931022845208644866943359375">
        <ele>433.79998779296875</ele>
        <time>2026-07-11T00:46:04.000Z</time>
        <extensions>
          <ns3:TrackPointExtension>
            <ns3:hr>144</ns3:hr>
            <ns3:cad>87</ns3:cad>
          </ns3:TrackPointExtension>
        </extensions>
      </trkpt>
      <trkpt lat="34.18221359141170978546142578125" lon="108.9310313947498798370361328125">
        <ele>433.79998779296875</ele>
        <time>2026-07-11T00:46:05.000Z</time>
        <extensions>
          <ns3:TrackPointExtension>
            <ns3:hr>144</ns3:hr>
            <ns3:cad>87</ns3:cad>
          </ns3:TrackPointExtension>
        </extensions>
      </trkpt>
      <trkpt lat="34.18223555199801921844482421875" lon="108.93103055655956268310546875">
        <ele>433.79998779296875</ele>
        <time>2026-07-11T00:46:06.000Z</time>
        <extensions>
          <ns3:TrackPointExtension>
            <ns3:hr>144</ns3:hr>
            <ns3:cad>87</ns3:cad>
          </ns3:TrackPointExtension>
        </extensions>
      </trkpt>
      <trkpt lat="34.182261787354946136474609375" lon="108.9310230128467082977294921875">
        <ele>433.600006103515625</ele>
        <time>2026-07-11T00:46:07.000Z</time>
        <extensions>
          <ns3:TrackPointExtension>
            <ns3:hr>144</ns3:hr>
            <ns3:cad>86</ns3:cad>
          </ns3:TrackPointExtension>
        </extensions>
      </trkpt>
      <trkpt lat="34.18227796442806720733642578125" lon="108.9310116134583950042724609375">
        <ele>433.600006103515625</ele>
        <time>2026-07-11T00:46:08.000Z</time>
        <extensions>
          <ns3:TrackPointExtension>
            <ns3:hr>144</ns3:hr>
            <ns3:cad>87</ns3:cad>
          </ns3:TrackPointExtension>
        </extensions>
      </trkpt>
      <trkpt lat="34.1823036968708038330078125" lon="108.9309955202043056488037109375">
        <ele>433.399993896484375</ele>
        <time>2026-07-11T00:46:09.000Z</time>
        <extensions>
          <ns3:TrackPointExtension>
            <ns3:hr>144</ns3:hr>
            <ns3:cad>87</ns3:cad>
          </ns3:TrackPointExtension>
        </extensions>
      </trkpt>
      <trkpt lat="34.18232180178165435791015625" lon="108.93097816966474056243896484375">
        <ele>433.399993896484375</ele>
        <time>2026-07-11T00:46:10.000Z</time>
        <extensions>
          <ns3:TrackPointExtension>
            <ns3:hr>144</ns3:hr>
            <ns3:cad>87</ns3:cad>
          </ns3:TrackPointExtension>
        </extensions>
      </trkpt>
      <trkpt lat="34.18234569020569324493408203125" lon="108.930959813296794891357421875">
        <ele>433.20001220703125</ele>
        <time>2026-07-11T00:46:11.000Z</time>
        <extensions>
          <ns3:TrackPointExtension>
            <ns3:hr>144</ns3:hr>
            <ns3:cad>88</ns3:cad>
          </ns3:TrackPointExtension>
        </extensions>
      </trkpt>
      <trkpt lat="34.18236312456429004669189453125" lon="108.9309502579271793365478515625">
        <ele>433.20001220703125</ele>
        <time>2026-07-11T00:46:12.000Z</time>
        <extensions>
          <ns3:TrackPointExtension>
            <ns3:hr>144</ns3:hr>
            <ns3:cad>88</ns3:cad>
          </ns3:TrackPointExtension>
        </extensions>
      </trkpt>
      <trkpt lat="34.182388521730899810791015625" lon="108.93093659542500972747802734375">
        <ele>433.20001220703125</ele>
        <time>2026-07-11T00:46:13.000Z</time>
        <extensions>
          <ns3:TrackPointExtension>
            <ns3:hr>144</ns3:hr>
            <ns3:cad>87</ns3:cad>
          </ns3:TrackPointExtension>
        </extensions>
      </trkpt>
      <trkpt lat="34.18241140432655811309814453125" lon="108.9309267885982990264892578125">
        <ele>433.20001220703125</ele>
        <time>2026-07-11T00:46:14.000Z</time>
        <extensions>
          <ns3:TrackPointExtension>
            <ns3:hr>144</ns3:hr>
            <ns3:cad>87</ns3:cad>
          </ns3:TrackPointExtension>
        </extensions>
      </trkpt>
      <trkpt lat="34.18243554420769214630126953125" lon="108.93091614358127117156982421875">
        <ele>433.20001220703125</ele>
        <time>2026-07-11T00:46:15.000Z</time>
        <extensions>
          <ns3:TrackPointExtension>
            <ns3:hr>144</ns3:hr>
            <ns3:cad>86</ns3:cad>
          </ns3:TrackPointExtension>
        </extensions>
      </trkpt>
      <trkpt lat="34.18245851062238216400146484375" lon="108.93091245554387569427490234375">
        <ele>433.20001220703125</ele>
        <time>2026-07-11T00:46:16.000Z</time>
        <extensions>
          <ns3:TrackPointExtension>
            <ns3:hr>144</ns3:hr>
            <ns3:cad>88</ns3:cad>
          </ns3:TrackPointExtension>
        </extensions>
      </trkpt>
      <trkpt lat="34.1824845783412456512451171875" lon="108.930910862982273101806640625">
        <ele>433.20001220703125</ele>
        <time>2026-07-11T00:46:17.000Z</time>
        <extensions>
          <ns3:TrackPointExtension>
            <ns3:hr>145</ns3:hr>
            <ns3:cad>88</ns3:cad>
          </ns3:TrackPointExtension>
        </extensions>
      </trkpt>
      <trkpt lat="34.1825100593268871307373046875" lon="108.93091815523803234100341796875">
        <ele>433.20001220703125</ele>
        <time>2026-07-11T00:46:18.000Z</time>
        <extensions>
          <ns3:TrackPointExtension>
            <ns3:hr>145</ns3:hr>
            <ns3:cad>88</ns3:cad>
          </ns3:TrackPointExtension>
        </extensions>
      </trkpt>
      <trkpt lat="34.18252808041870594024658203125" lon="108.93091597594320774078369140625">
        <ele>433</ele>
        <time>2026-07-11T00:46:19.000Z</time>
        <extensions>
          <ns3:TrackPointExtension>
            <ns3:hr>145</ns3:hr>
            <ns3:cad>88</ns3:cad>
          </ns3:TrackPointExtension>
        </extensions>
      </trkpt>
      <trkpt lat="34.18255490250885486602783203125" lon="108.93091924488544464111328125">
        <ele>433</ele>
        <time>2026-07-11T00:46:20.000Z</time>
        <extensions>
          <ns3:TrackPointExtension>
            <ns3:hr>145</ns3:hr>
            <ns3:cad>88</ns3:cad>
          </ns3:TrackPointExtension>
        </extensions>
      </trkpt>
      <trkpt lat="34.18257233686745166778564453125" lon="108.93091781996190547943115234375">
        <ele>433</ele>
        <time>2026-07-11T00:46:21.000Z</time>
        <extensions>
          <ns3:TrackPointExtension>
            <ns3:hr>145</ns3:hr>
            <ns3:cad>88</ns3:cad>
          </ns3:TrackPointExtension>
        </extensions>
      </trkpt>
      <trkpt lat="34.1825989075005054473876953125" lon="108.9309200830757617950439453125">
        <ele>432.79998779296875</ele>
        <time>2026-07-11T00:46:22.000Z</time>
        <extensions>
          <ns3:TrackPointExtension>
            <ns3:hr>146</ns3:hr>
            <ns3:cad>88</ns3:cad>
          </ns3:TrackPointExtension>
        </extensions>
      </trkpt>
      <trkpt lat="34.182619191706180572509765625" lon="108.93091446720063686370849609375">
        <ele>432.79998779296875</ele>
        <time>2026-07-11T00:46:23.000Z</time>
        <extensions>
          <ns3:TrackPointExtension>
            <ns3:hr>146</ns3:hr>
            <ns3:cad>88</ns3:cad>
          </ns3:TrackPointExtension>
        </extensions>
      </trkpt>
      <trkpt lat="34.18264391832053661346435546875" lon="108.930918909609317779541015625">
        <ele>432.79998779296875</ele>
        <time>2026-07-11T00:46:24.000Z</time>
        <extensions>
          <ns3:TrackPointExtension>
            <ns3:hr>146</ns3:hr>
            <ns3:cad>88</ns3:cad>
          </ns3:TrackPointExtension>
        </extensions>
      </trkpt>
      <trkpt lat="34.182662107050418853759765625" lon="108.930921256542205810546875">
        <ele>432.79998779296875</ele>
        <time>2026-07-11T00:46:25.000Z</time>
        <extensions>
          <ns3:TrackPointExtension>
            <ns3:hr>146</ns3:hr>
            <ns3:cad>88</ns3:cad>
          </ns3:TrackPointExtension>
        </extensions>
      </trkpt>
      <trkpt lat="34.1826899349689483642578125" lon="108.9309214241802692413330078125">
        <ele>432.600006103515625</ele>
        <time>2026-07-11T00:46:26.000Z</time>
        <extensions>
          <ns3:TrackPointExtension>
            <ns3:hr>147</ns3:hr>
            <ns3:cad>88</ns3:cad>
          </ns3:TrackPointExtension>
        </extensions>
      </trkpt>
      <trkpt lat="34.18270912952721118927001953125" lon="108.93091832287609577178955078125">
        <ele>432.600006103515625</ele>
        <time>2026-07-11T00:46:27.000Z</time>
        <extensions>
          <ns3:TrackPointExtension>
            <ns3:hr>147</ns3:hr>
            <ns3:cad>89</ns3:cad>
          </ns3:TrackPointExtension>
        </extensions>
      </trkpt>
      <trkpt lat="34.1827355325222015380859375" lon="108.9309197477996349334716796875">
        <ele>432.399993896484375</ele>
        <time>2026-07-11T00:46:28.000Z</time>
        <extensions>
          <ns3:TrackPointExtension>
            <ns3:hr>147</ns3:hr>
            <ns3:cad>89</ns3:cad>
          </ns3:TrackPointExtension>
        </extensions>
      </trkpt>
      <trkpt lat="34.1827571578323841094970703125" lon="108.93092192709445953369140625">
        <ele>432.399993896484375</ele>
        <time>2026-07-11T00:46:29.000Z</time>
        <extensions>
          <ns3:TrackPointExtension>
            <ns3:hr>147</ns3:hr>
            <ns3:cad>89</ns3:cad>
          </ns3:TrackPointExtension>
        </extensions>
      </trkpt>
      <trkpt lat="34.1827812977135181427001953125" lon="108.93092066980898380279541015625">
        <ele>432.600006103515625</ele>
        <time>2026-07-11T00:46:30.000Z</time>
        <extensions>
          <ns3:TrackPointExtension>
            <ns3:hr>147</ns3:hr>
            <ns3:cad>88</ns3:cad>
          </ns3:TrackPointExtension>
        </extensions>
      </trkpt>
      <trkpt lat="34.18280267156660556793212890625" lon="108.9309254474937915802001953125">
        <ele>432.600006103515625</ele>
        <time>2026-07-11T00:46:31.000Z</time>
        <extensions>
          <ns3:TrackPointExtension>
            <ns3:hr>147</ns3:hr>
            <ns3:cad>89</ns3:cad>
          </ns3:TrackPointExtension>
        </extensions>
      </trkpt>
      <trkpt lat="34.1828279010951519012451171875" lon="108.93092653714120388031005859375">
        <ele>432.600006103515625</ele>
        <time>2026-07-11T00:46:32.000Z</time>
        <extensions>
          <ns3:TrackPointExtension>
            <ns3:hr>148</ns3:hr>
            <ns3:cad>89</ns3:cad>
          </ns3:TrackPointExtension>
        </extensions>
      </trkpt>
      <trkpt lat="34.1828506998717784881591796875" lon="108.93092771060764789581298828125">
        <ele>432.600006103515625</ele>
        <time>2026-07-11T00:46:33.000Z</time>
        <extensions>
          <ns3:TrackPointExtension>
            <ns3:hr>148</ns3:hr>
            <ns3:cad>89</ns3:cad>
          </ns3:TrackPointExtension>
        </extensions>
      </trkpt>
      <trkpt lat="34.18287123553454875946044921875" lon="108.93092687241733074188232421875">
        <ele>432.600006103515625</ele>
        <time>2026-07-11T00:46:34.000Z</time>
        <extensions>
          <ns3:TrackPointExtension>
            <ns3:hr>149</ns3:hr>
            <ns3:cad>89</ns3:cad>
          </ns3:TrackPointExtension>
        </extensions>
      </trkpt>
      <trkpt lat="34.18289688415825366973876953125" lon="108.9309291355311870574951171875">
        <ele>432.600006103515625</ele>
        <time>2026-07-11T00:46:35.000Z</time>
        <extensions>
          <ns3:TrackPointExtension>
            <ns3:hr>149</ns3:hr>
            <ns3:cad>87</ns3:cad>
          </ns3:TrackPointExtension>
        </extensions>
      </trkpt>
      <trkpt lat="34.182916581630706787109375" lon="108.93092553131282329559326171875">
        <ele>432.600006103515625</ele>
        <time>2026-07-11T00:46:36.000Z</time>
        <extensions>
          <ns3:TrackPointExtension>
            <ns3:hr>149</ns3:hr>
            <ns3:cad>87</ns3:cad>
          </ns3:TrackPointExtension>
        </extensions>
      </trkpt>
      <trkpt lat="34.1829429008066654205322265625" lon="108.93092729151248931884765625">
        <ele>432.600006103515625</ele>
        <time>2026-07-11T00:46:37.000Z</time>
        <extensions>
          <ns3:TrackPointExtension>
            <ns3:hr>150</ns3:hr>
            <ns3:cad>87</ns3:cad>
          </ns3:TrackPointExtension>
        </extensions>
      </trkpt>
      <trkpt lat="34.18296259827911853790283203125" lon="108.93092335201799869537353515625">
        <ele>432.600006103515625</ele>
        <time>2026-07-11T00:46:38.000Z</time>
        <extensions>
          <ns3:TrackPointExtension>
            <ns3:hr>150</ns3:hr>
            <ns3:cad>88</ns3:cad>
          </ns3:TrackPointExtension>
        </extensions>
      </trkpt>
      <trkpt lat="34.18298942036926746368408203125" lon="108.930926285684108734130859375">
        <ele>432.600006103515625</ele>
        <time>2026-07-11T00:46:39.000Z</time>
        <extensions>
          <ns3:TrackPointExtension>
            <ns3:hr>150</ns3:hr>
            <ns3:cad>88</ns3:cad>
          </ns3:TrackPointExtension>
        </extensions>
      </trkpt>
      <trkpt lat="34.18300719000399112701416015625" lon="108.9309247769415378570556640625">
        <ele>432.600006103515625</ele>
        <time>2026-07-11T00:46:40.000Z</time>
        <extensions>
          <ns3:TrackPointExtension>
            <ns3:hr>150</ns3:hr>
            <ns3:cad>88</ns3:cad>
          </ns3:TrackPointExtension>
        </extensions>
      </trkpt>
      <trkpt lat="34.18303485028445720672607421875" lon="108.93092435784637928009033203125">
        <ele>432.600006103515625</ele>
        <time>2026-07-11T00:46:41.000Z</time>
        <extensions>
          <ns3:TrackPointExtension>
            <ns3:hr>151</ns3:hr>
            <ns3:cad>88</ns3:cad>
          </ns3:TrackPointExtension>
        </extensions>
      </trkpt>
      <trkpt lat="34.18305496685206890106201171875" lon="108.93092134036123752593994140625">
        <ele>432.399993896484375</ele>
        <time>2026-07-11T00:46:42.000Z</time>
        <extensions>
          <ns3:TrackPointExtension>
            <ns3:hr>150</ns3:hr>
            <ns3:cad>89</ns3:cad>
          </ns3:TrackPointExtension>
        </extensions>
      </trkpt>
      <trkpt lat="34.18308547697961330413818359375" lon="108.93092117272317409515380859375">
        <ele>432.399993896484375</ele>
        <time>2026-07-11T00:46:43.000Z</time>
        <extensions>
          <ns3:TrackPointExtension>
            <ns3:hr>150</ns3:hr>
            <ns3:cad>89</ns3:cad>
          </ns3:TrackPointExtension>
        </extensions>
      </trkpt>
      <trkpt lat="34.18310701847076416015625" lon="108.93092251382768154144287109375">
        <ele>432.399993896484375</ele>
        <time>2026-07-11T00:46:44.000Z</time>
        <extensions>
          <ns3:TrackPointExtension>
            <ns3:hr>150</ns3:hr>
            <ns3:cad>89</ns3:cad>
          </ns3:TrackPointExtension>
        </extensions>
      </trkpt>
      <trkpt lat="34.1831303201615810394287109375" lon="108.9309251122176647186279296875">
        <ele>432.399993896484375</ele>
        <time>2026-07-11T00:46:45.000Z</time>
        <extensions>
          <ns3:TrackPointExtension>
            <ns3:hr>151</ns3:hr>
            <ns3:cad>88</ns3:cad>
          </ns3:TrackPointExtension>
        </extensions>
      </trkpt>
      <trkpt lat="34.18314867652952671051025390625" lon="108.9309257827699184417724609375">
        <ele>432.399993896484375</ele>
        <time>2026-07-11T00:46:46.000Z</time>
        <extensions>
          <ns3:TrackPointExtension>
            <ns3:hr>150</ns3:hr>
            <ns3:cad>88</ns3:cad>
          </ns3:TrackPointExtension>
        </extensions>
      </trkpt>
      <trkpt lat="34.18317633680999279022216796875" lon="108.93092460930347442626953125">
        <ele>432.20001220703125</ele>
        <time>2026-07-11T00:46:47.000Z</time>
        <extensions>
          <ns3:TrackPointExtension>
            <ns3:hr>150</ns3:hr>
            <ns3:cad>88</ns3:cad>
          </ns3:TrackPointExtension>
        </extensions>
      </trkpt>
      <trkpt lat="34.18319628573954105377197265625" lon="108.93092704005539417266845703125">
        <ele>432.20001220703125</ele>
        <time>2026-07-11T00:46:48.000Z</time>
        <extensions>
          <ns3:TrackPointExtension>
            <ns3:hr>151</ns3:hr>
            <ns3:cad>88</ns3:cad>
          </ns3:TrackPointExtension>
        </extensions>
      </trkpt>
      <trkpt lat="34.18322428129613399505615234375" lon="108.93093273974955081939697265625">
        <ele>432.20001220703125</ele>
        <time>2026-07-11T00:46:49.000Z</time>
        <extensions>
          <ns3:TrackPointExtension>
            <ns3:hr>151</ns3:hr>
            <ns3:cad>89</ns3:cad>
          </ns3:TrackPointExtension>
        </extensions>
      </trkpt>
      <trkpt lat="34.183246158063411712646484375" lon="108.93093525432050228118896484375">
        <ele>432.20001220703125</ele>
        <time>2026-07-11T00:46:50.000Z</time>
        <extensions>
          <ns3:TrackPointExtension>
            <ns3:hr>151</ns3:hr>
            <ns3:cad>89</ns3:cad>
          </ns3:TrackPointExtension>
        </extensions>
      </trkpt>
      <trkpt lat="34.18327666819095611572265625" lon="108.930933661758899688720703125">
        <ele>432.20001220703125</ele>
        <time>2026-07-11T00:46:51.000Z</time>
        <extensions>
          <ns3:TrackPointExtension>
            <ns3:hr>151</ns3:hr>
            <ns3:cad>89</ns3:cad>
          </ns3:TrackPointExtension>
        </extensions>
      </trkpt>
      <trkpt lat="34.18329544365406036376953125" lon="108.93093156628310680389404296875">
        <ele>432.20001220703125</ele>
        <time>2026-07-11T00:46:52.000Z</time>
        <extensions>
          <ns3:TrackPointExtension>
            <ns3:hr>151</ns3:hr>
            <ns3:cad>89</ns3:cad>
          </ns3:TrackPointExtension>
        </extensions>
      </trkpt>
      <trkpt lat="34.18332159519195556640625" lon="108.93093131482601165771484375">
        <ele>432.20001220703125</ele>
        <time>2026-07-11T00:46:53.000Z</time>
        <extensions>
          <ns3:TrackPointExtension>
            <ns3:hr>151</ns3:hr>
            <ns3:cad>89</ns3:cad>
          </ns3:TrackPointExtension>
        </extensions>
      </trkpt>
      <trkpt lat="34.183340705931186676025390625" lon="108.9309298060834407806396484375">
        <ele>432</ele>
        <time>2026-07-11T00:46:54.000Z</time>
        <extensions>
          <ns3:TrackPointExtension>
            <ns3:hr>150</ns3:hr>
            <ns3:cad>89</ns3:cad>
          </ns3:TrackPointExtension>
        </extensions>
      </trkpt>
      <trkpt lat="34.1833683662116527557373046875" lon="108.93092687241733074188232421875">
        <ele>432</ele>
        <time>2026-07-11T00:46:55.000Z</time>
        <extensions>
          <ns3:TrackPointExtension>
            <ns3:hr>151</ns3:hr>
            <ns3:cad>89</ns3:cad>
          </ns3:TrackPointExtension>
        </extensions>
      </trkpt>
      <trkpt lat="34.18339275754988193511962890625" lon="108.93092754296958446502685546875">
        <ele>432</ele>
        <time>2026-07-11T00:46:56.000Z</time>
        <extensions>
          <ns3:TrackPointExtension>
            <ns3:hr>151</ns3:hr>
            <ns3:cad>89</ns3:cad>
          </ns3:TrackPointExtension>
        </extensions>
      </trkpt>
      <trkpt lat="34.18341555632650852203369140625" lon="108.93092351965606212615966796875">
        <ele>432</ele>
        <time>2026-07-11T00:46:57.000Z</time>
        <extensions>
          <ns3:TrackPointExtension>
            <ns3:hr>150</ns3:hr>
            <ns3:cad>88</ns3:cad>
          </ns3:TrackPointExtension>
        </extensions>
      </trkpt>
      <trkpt lat="34.18344204314053058624267578125" lon="108.93091983161866664886474609375">
        <ele>432</ele>
        <time>2026-07-11T00:46:58.000Z</time>
        <extensions>
          <ns3:TrackPointExtension>
            <ns3:hr>150</ns3:hr>
            <ns3:cad>88</ns3:cad>
          </ns3:TrackPointExtension>
        </extensions>
      </trkpt>
      <trkpt lat="34.183462075889110565185546875" lon="108.9309153892099857330322265625">
        <ele>432</ele>
        <time>2026-07-11T00:46:59.000Z</time>
        <extensions>
          <ns3:TrackPointExtension>
            <ns3:hr>149</ns3:hr>
            <ns3:cad>88</ns3:cad>
          </ns3:TrackPointExtension>
        </extensions>
      </trkpt>
      <trkpt lat="34.18348864652216434478759765625" lon="108.9309130422770977020263671875">
        <ele>431.79998779296875</ele>
        <time>2026-07-11T00:47:00.000Z</time>
        <extensions>
          <ns3:TrackPointExtension>
            <ns3:hr>149</ns3:hr>
            <ns3:cad>89</ns3:cad>
          </ns3:TrackPointExtension>
        </extensions>
      </trkpt>
      <trkpt lat="34.1835088469088077545166015625" lon="108.930908180773258209228515625">
        <ele>431.79998779296875</ele>
        <time>2026-07-11T00:47:01.000Z</time>
        <extensions>
          <ns3:TrackPointExtension>
            <ns3:hr>148</ns3:hr>
            <ns3:cad>88</ns3:cad>
          </ns3:TrackPointExtension>
        </extensions>
      </trkpt>
      <trkpt lat="34.18353826738893985748291015625" lon="108.9309093542397022247314453125">
        <ele>431.79998779296875</ele>
        <time>2026-07-11T00:47:02.000Z</time>
        <extensions>
          <ns3:TrackPointExtension>
            <ns3:hr>148</ns3:hr>
            <ns3:cad>88</ns3:cad>
          </ns3:TrackPointExtension>
        </extensions>
      </trkpt>
      <trkpt lat="34.1835589706897735595703125" lon="108.93090709112584590911865234375">
        <ele>431.79998779296875</ele>
        <time>2026-07-11T00:47:03.000Z</time>
        <extensions>
          <ns3:TrackPointExtension>
            <ns3:hr>148</ns3:hr>
            <ns3:cad>88</ns3:cad>
          </ns3:TrackPointExtension>
        </extensions>
      </trkpt>
      <trkpt lat="34.18358646333217620849609375" lon="108.930910527706146240234375">
        <ele>431.79998779296875</ele>
        <time>2026-07-11T00:47:04.000Z</time>
        <extensions>
          <ns3:TrackPointExtension>
            <ns3:hr>147</ns3:hr>
            <ns3:cad>88</ns3:cad>
          </ns3:TrackPointExtension>
        </extensions>
      </trkpt>
      <trkpt lat="34.183605574071407318115234375" lon="108.93091144971549510955810546875">
        <ele>431.79998779296875</ele>
        <time>2026-07-11T00:47:05.000Z</time>
        <extensions>
          <ns3:TrackPointExtension>
            <ns3:hr>148</ns3:hr>
            <ns3:cad>89</ns3:cad>
          </ns3:TrackPointExtension>
        </extensions>
      </trkpt>
      <trkpt lat="34.18362929485738277435302734375" lon="108.93091119825839996337890625">
        <ele>431.600006103515625</ele>
        <time>2026-07-11T00:47:06.000Z</time>
        <extensions>
          <ns3:TrackPointExtension>
            <ns3:hr>148</ns3:hr>
            <ns3:cad>88</ns3:cad>
          </ns3:TrackPointExtension>
        </extensions>
      </trkpt>
      <trkpt lat="34.18364681303501129150390625" lon="108.9309130422770977020263671875">
        <ele>431.600006103515625</ele>
        <time>2026-07-11T00:47:07.000Z</time>
        <extensions>
          <ns3:TrackPointExtension>
            <ns3:hr>148</ns3:hr>
            <ns3:cad>88</ns3:cad>
          </ns3:TrackPointExtension>
        </extensions>
      </trkpt>
      <trkpt lat="34.18367120437324047088623046875" lon="108.93091631121933460235595703125">
        <ele>431.600006103515625</ele>
        <time>2026-07-11T00:47:08.000Z</time>
        <extensions>
          <ns3:TrackPointExtension>
            <ns3:hr>147</ns3:hr>
            <ns3:cad>88</ns3:cad>
          </ns3:TrackPointExtension>
        </extensions>
      </trkpt>
      <trkpt lat="34.18369467370212078094482421875" lon="108.93091580830514430999755859375">
        <ele>431.600006103515625</ele>
        <time>2026-07-11T00:47:09.000Z</time>
        <extensions>
          <ns3:TrackPointExtension>
            <ns3:hr>148</ns3:hr>
            <ns3:cad>89</ns3:cad>
          </ns3:TrackPointExtension>
        </extensions>
      </trkpt>
      <trkpt lat="34.183725602924823760986328125" lon="108.93091262318193912506103515625">
        <ele>431.600006103515625</ele>
        <time>2026-07-11T00:47:10.000Z</time>
        <extensions>
          <ns3:TrackPointExtension>
            <ns3:hr>147</ns3:hr>
            <ns3:cad>89</ns3:cad>
          </ns3:TrackPointExtension>
        </extensions>
      </trkpt>
      <trkpt lat="34.183746390044689178466796875" lon="108.9309130422770977020263671875">
        <ele>431.600006103515625</ele>
        <time>2026-07-11T00:47:11.000Z</time>
        <extensions>
          <ns3:TrackPointExtension>
            <ns3:hr>147</ns3:hr>
            <ns3:cad>89</ns3:cad>
          </ns3:TrackPointExtension>
        </extensions>
      </trkpt>
      <trkpt lat="34.18377555906772613525390625" lon="108.93091253936290740966796875">
        <ele>431.600006103515625</ele>
        <time>2026-07-11T00:47:12.000Z</time>
        <extensions>
          <ns3:TrackPointExtension>
            <ns3:hr>147</ns3:hr>
            <ns3:cad>89</ns3:cad>
          </ns3:TrackPointExtension>
        </extensions>
      </trkpt>
      <trkpt lat="34.1837934963405132293701171875" lon="108.930910192430019378662109375">
        <ele>431.600006103515625</ele>
        <time>2026-07-11T00:47:13.000Z</time>
        <extensions>
          <ns3:TrackPointExtension>
            <ns3:hr>147</ns3:hr>
            <ns3:cad>89</ns3:cad>
          </ns3:TrackPointExtension>
        </extensions>
      </trkpt>
      <trkpt lat="34.18382090516388416290283203125" lon="108.93090457655489444732666015625">
        <ele>431.600006103515625</ele>
        <time>2026-07-11T00:47:14.000Z</time>
        <extensions>
          <ns3:TrackPointExtension>
            <ns3:hr>147</ns3:hr>
            <ns3:cad>89</ns3:cad>
          </ns3:TrackPointExtension>
        </extensions>
      </trkpt>
      <trkpt lat="34.18384169228374958038330078125" lon="108.93090046942234039306640625">
        <ele>431.600006103515625</ele>
        <time>2026-07-11T00:47:15.000Z</time>
        <extensions>
          <ns3:TrackPointExtension>
            <ns3:hr>147</ns3:hr>
            <ns3:cad>90</ns3:cad>
          </ns3:TrackPointExtension>
        </extensions>
      </trkpt>
      <trkpt lat="34.18386884965002536773681640625" lon="108.93089451827108860015869140625">
        <ele>431.600006103515625</ele>
        <time>2026-07-11T00:47:16.000Z</time>
        <extensions>
          <ns3:TrackPointExtension>
            <ns3:hr>147</ns3:hr>
            <ns3:cad>89</ns3:cad>
          </ns3:TrackPointExtension>
        </extensions>
      </trkpt>
      <trkpt lat="34.183890558779239654541015625" lon="108.93090172670781612396240234375">
        <ele>431.600006103515625</ele>
        <time>2026-07-11T00:47:17.000Z</time>
        <extensions>
          <ns3:TrackPointExtension>
            <ns3:hr>147</ns3:hr>
            <ns3:cad>88</ns3:cad>
          </ns3:TrackPointExtension>
        </extensions>
      </trkpt>
      <trkpt lat="34.18391310609877109527587890625" lon="108.93091547302901744842529296875">
        <ele>431.399993896484375</ele>
        <time>2026-07-11T00:47:18.000Z</time>
        <extensions>
          <ns3:TrackPointExtension>
            <ns3:hr>147</ns3:hr>
            <ns3:cad>88</ns3:cad>
          </ns3:TrackPointExtension>
        </extensions>
      </trkpt>
      <trkpt lat="34.1839383356273174285888671875" lon="108.930928967893123626708984375">
        <ele>431.399993896484375</ele>
        <time>2026-07-11T00:47:19.000Z</time>
        <extensions>
          <ns3:TrackPointExtension>
            <ns3:hr>148</ns3:hr>
            <ns3:cad>88</ns3:cad>
          </ns3:TrackPointExtension>
        </extensions>
      </trkpt>
      <trkpt lat="34.18396306224167346954345703125" lon="108.9309395290911197662353515625">
        <ele>431.399993896484375</ele>
        <time>2026-07-11T00:47:20.000Z</time>
        <extensions>
          <ns3:TrackPointExtension>
            <ns3:hr>147</ns3:hr>
            <ns3:cad>88</ns3:cad>
          </ns3:TrackPointExtension>
        </extensions>
      </trkpt>
      <trkpt lat="34.18398368172347545623779296875" lon="108.9309601485729217529296875">
        <ele>431.399993896484375</ele>
        <time>2026-07-11T00:47:21.000Z</time>
        <extensions>
          <ns3:TrackPointExtension>
            <ns3:hr>147</ns3:hr>
            <ns3:cad>88</ns3:cad>
          </ns3:TrackPointExtension>
        </extensions>
      </trkpt>
      <trkpt lat="34.18400446884334087371826171875" lon="108.93097699619829654693603515625">
        <ele>431.399993896484375</ele>
        <time>2026-07-11T00:47:22.000Z</time>
        <extensions>
          <ns3:TrackPointExtension>
            <ns3:hr>148</ns3:hr>
            <ns3:cad>88</ns3:cad>
          </ns3:TrackPointExtension>
        </extensions>
      </trkpt>
      <trkpt lat="34.18402072973549365997314453125" lon="108.9310018904507160186767578125">
        <ele>431.399993896484375</ele>
        <time>2026-07-11T00:47:23.000Z</time>
        <extensions>
          <ns3:TrackPointExtension>
            <ns3:hr>148</ns3:hr>
            <ns3:cad>87</ns3:cad>
          </ns3:TrackPointExtension>
        </extensions>
      </trkpt>
      <trkpt lat="34.18403129093348979949951171875" lon="108.93102259375154972076416015625">
        <ele>431.399993896484375</ele>
        <time>2026-07-11T00:47:24.000Z</time>
        <extensions>
          <ns3:TrackPointExtension>
            <ns3:hr>148</ns3:hr>
            <ns3:cad>87</ns3:cad>
          </ns3:TrackPointExtension>
        </extensions>
      </trkpt>
      <trkpt lat="34.18404017575085163116455078125" lon="108.9310513436794281005859375">
        <ele>431.399993896484375</ele>
        <time>2026-07-11T00:47:25.000Z</time>
        <extensions>
          <ns3:TrackPointExtension>
            <ns3:hr>147</ns3:hr>
            <ns3:cad>87</ns3:cad>
          </ns3:TrackPointExtension>
        </extensions>
      </trkpt>
      <trkpt lat="34.18404788710176944732666015625" lon="108.9310736395418643951416015625">
        <ele>431.399993896484375</ele>
        <time>2026-07-11T00:47:26.000Z</time>
        <extensions>
          <ns3:TrackPointExtension>
            <ns3:hr>147</ns3:hr>
            <ns3:cad>87</ns3:cad>
          </ns3:TrackPointExtension>
        </extensions>
      </trkpt>
      <trkpt lat="34.18405576609075069427490234375" lon="108.9311049878597259521484375">
        <ele>431.399993896484375</ele>
        <time>2026-07-11T00:47:27.000Z</time>
        <extensions>
          <ns3:TrackPointExtension>
            <ns3:hr>147</ns3:hr>
            <ns3:cad>89</ns3:cad>
          </ns3:TrackPointExtension>
        </extensions>
      </trkpt>
      <trkpt lat="34.184061549603939056396484375" lon="108.93113113939762115478515625">
        <ele>431.399993896484375</ele>
        <time>2026-07-11T00:47:28.000Z</time>
        <extensions>
          <ns3:TrackPointExtension>
            <ns3:hr>147</ns3:hr>
            <ns3:cad>87</ns3:cad>
          </ns3:TrackPointExtension>
        </extensions>
      </trkpt>
      <trkpt lat="34.18405241332948207855224609375" lon="108.931166343390941619873046875">
        <ele>431.399993896484375</ele>
        <time>2026-07-11T00:47:29.000Z</time>
        <extensions>
          <ns3:TrackPointExtension>
            <ns3:hr>147</ns3:hr>
            <ns3:cad>87</ns3:cad>
          </ns3:TrackPointExtension>
        </extensions>
      </trkpt>
      <trkpt lat="34.18404604308307170867919921875" lon="108.9311919920146465301513671875">
        <ele>431.20001220703125</ele>
        <time>2026-07-11T00:47:30.000Z</time>
        <extensions>
          <ns3:TrackPointExtension>
            <ns3:hr>147</ns3:hr>
            <ns3:cad>87</ns3:cad>
          </ns3:TrackPointExtension>
        </extensions>
      </trkpt>
      <trkpt lat="34.1840375773608684539794921875" lon="108.9312255196273326873779296875">
        <ele>431.20001220703125</ele>
        <time>2026-07-11T00:47:31.000Z</time>
        <extensions>
          <ns3:TrackPointExtension>
            <ns3:hr>147</ns3:hr>
            <ns3:cad>88</ns3:cad>
          </ns3:TrackPointExtension>
        </extensions>
      </trkpt>
      <trkpt lat="34.1840352304279804229736328125" lon="108.9312449656426906585693359375">
        <ele>431.399993896484375</ele>
        <time>2026-07-11T00:47:32.000Z</time>
        <extensions>
          <ns3:TrackPointExtension>
            <ns3:hr>147</ns3:hr>
            <ns3:cad>88</ns3:cad>
          </ns3:TrackPointExtension>
        </extensions>
      </trkpt>
      <trkpt lat="34.18402877636253833770751953125" lon="108.9312748052179813385009765625">
        <ele>431.399993896484375</ele>
        <time>2026-07-11T00:47:33.000Z</time>
        <extensions>
          <ns3:TrackPointExtension>
            <ns3:hr>147</ns3:hr>
            <ns3:cad>88</ns3:cad>
          </ns3:TrackPointExtension>
        </extensions>
      </trkpt>
      <trkpt lat="34.18402827344834804534912109375" lon="108.9312976039946079254150390625">
        <ele>431.399993896484375</ele>
        <time>2026-07-11T00:47:34.000Z</time>
        <extensions>
          <ns3:TrackPointExtension>
            <ns3:hr>147</ns3:hr>
            <ns3:cad>88</ns3:cad>
          </ns3:TrackPointExtension>
        </extensions>
      </trkpt>
      <trkpt lat="34.18402777053415775299072265625" lon="108.93132719211280345916748046875">
        <ele>431.399993896484375</ele>
        <time>2026-07-11T00:47:35.000Z</time>
        <extensions>
          <ns3:TrackPointExtension>
            <ns3:hr>147</ns3:hr>
            <ns3:cad>87</ns3:cad>
          </ns3:TrackPointExtension>
        </extensions>
      </trkpt>
      <trkpt lat="34.1840255074203014373779296875" lon="108.9313519187271595001220703125">
        <ele>431.399993896484375</ele>
        <time>2026-07-11T00:47:36.000Z</time>
        <extensions>
          <ns3:TrackPointExtension>
            <ns3:hr>147</ns3:hr>
            <ns3:cad>88</ns3:cad>
          </ns3:TrackPointExtension>
        </extensions>
      </trkpt>
      <trkpt lat="34.18402634561061859130859375" lon="108.93138167448341846466064453125">
        <ele>431.399993896484375</ele>
        <time>2026-07-11T00:47:37.000Z</time>
        <extensions>
          <ns3:TrackPointExtension>
            <ns3:hr>147</ns3:hr>
            <ns3:cad>88</ns3:cad>
          </ns3:TrackPointExtension>
        </extensions>
      </trkpt>
      <trkpt lat="34.18403095565736293792724609375" lon="108.93140782602131366729736328125">
        <ele>431.399993896484375</ele>
        <time>2026-07-11T00:47:38.000Z</time>
        <extensions>
          <ns3:TrackPointExtension>
            <ns3:hr>147</ns3:hr>
            <ns3:cad>88</ns3:cad>
          </ns3:TrackPointExtension>
        </extensions>
      </trkpt>
      <trkpt lat="34.18403380550444126129150390625" lon="108.93143833614885807037353515625">
        <ele>431.399993896484375</ele>
        <time>2026-07-11T00:47:39.000Z</time>
        <extensions>
          <ns3:TrackPointExtension>
            <ns3:hr>147</ns3:hr>
            <ns3:cad>89</ns3:cad>
          </ns3:TrackPointExtension>
        </extensions>
      </trkpt>
      <trkpt lat="34.18403263203799724578857421875" lon="108.93146239221096038818359375">
        <ele>431.399993896484375</ele>
        <time>2026-07-11T00:47:40.000Z</time>
        <extensions>
          <ns3:TrackPointExtension>
            <ns3:hr>148</ns3:hr>
            <ns3:cad>89</ns3:cad>
          </ns3:TrackPointExtension>
        </extensions>
      </trkpt>
      <trkpt lat="34.18403330259025096893310546875" lon="108.931489549577236175537109375">
        <ele>431.399993896484375</ele>
        <time>2026-07-11T00:47:41.000Z</time>
        <extensions>
          <ns3:TrackPointExtension>
            <ns3:hr>148</ns3:hr>
            <ns3:cad>89</ns3:cad>
          </ns3:TrackPointExtension>
        </extensions>
      </trkpt>
      <trkpt lat="34.1840310394763946533203125" lon="108.93151578493416309356689453125">
        <ele>431.399993896484375</ele>
        <time>2026-07-11T00:47:42.000Z</time>
        <extensions>
          <ns3:TrackPointExtension>
            <ns3:hr>149</ns3:hr>
            <ns3:cad>90</ns3:cad>
          </ns3:TrackPointExtension>
        </extensions>
      </trkpt>
      <trkpt lat="34.184032715857028961181640625" lon="108.93154763616621494293212890625">
        <ele>431.399993896484375</ele>
        <time>2026-07-11T00:47:43.000Z</time>
        <extensions>
          <ns3:TrackPointExtension>
            <ns3:hr>149</ns3:hr>
            <ns3:cad>88</ns3:cad>
          </ns3:TrackPointExtension>
        </extensions>
      </trkpt>
      <trkpt lat="34.18403229676187038421630859375" lon="108.9315770566463470458984375">
        <ele>431.399993896484375</ele>
        <time>2026-07-11T00:47:44.000Z</time>
        <extensions>
          <ns3:TrackPointExtension>
            <ns3:hr>149</ns3:hr>
            <ns3:cad>88</ns3:cad>
          </ns3:TrackPointExtension>
        </extensions>
      </trkpt>
      <trkpt lat="34.18403816409409046173095703125" lon="108.9316040463745594024658203125">
        <ele>431.399993896484375</ele>
        <time>2026-07-11T00:47:45.000Z</time>
        <extensions>
          <ns3:TrackPointExtension>
            <ns3:hr>149</ns3:hr>
            <ns3:cad>88</ns3:cad>
          </ns3:TrackPointExtension>
        </extensions>
      </trkpt>
      <trkpt lat="34.18403916992247104644775390625" lon="108.9316355623304843902587890625">
        <ele>431.399993896484375</ele>
        <time>2026-07-11T00:47:46.000Z</time>
        <extensions>
          <ns3:TrackPointExtension>
            <ns3:hr>148</ns3:hr>
            <ns3:cad>88</ns3:cad>
          </ns3:TrackPointExtension>
        </extensions>
      </trkpt>
      <trkpt lat="34.184038750827312469482421875" lon="108.9316670782864093780517578125">
        <ele>431.399993896484375</ele>
        <time>2026-07-11T00:47:47.000Z</time>
        <extensions>
          <ns3:TrackPointExtension>
            <ns3:hr>149</ns3:hr>
            <ns3:cad>88</ns3:cad>
          </ns3:TrackPointExtension>
        </extensions>
      </trkpt>
      <trkpt lat="34.18404218740761280059814453125" lon="108.93169415183365345001220703125">
        <ele>431.399993896484375</ele>
        <time>2026-07-11T00:47:48.000Z</time>
        <extensions>
          <ns3:TrackPointExtension>
            <ns3:hr>149</ns3:hr>
            <ns3:cad>88</ns3:cad>
          </ns3:TrackPointExtension>
        </extensions>
      </trkpt>
      <trkpt lat="34.18405040167272090911865234375" lon="108.93172164447605609893798828125">
        <ele>431.399993896484375</ele>
        <time>2026-07-11T00:47:49.000Z</time>
        <extensions>
          <ns3:TrackPointExtension>
            <ns3:hr>149</ns3:hr>
            <ns3:cad>88</ns3:cad>
          </ns3:TrackPointExtension>
        </extensions>
      </trkpt>
      <trkpt lat="34.1840479709208011627197265625" lon="108.9317522384226322174072265625">
        <ele>431.399993896484375</ele>
        <time>2026-07-11T00:47:50.000Z</time>
        <extensions>
          <ns3:TrackPointExtension>
            <ns3:hr>149</ns3:hr>
            <ns3:cad>88</ns3:cad>
          </ns3:TrackPointExtension>
        </extensions>
      </trkpt>
      <trkpt lat="34.1840479709208011627197265625" lon="108.931779228150844573974609375">
        <ele>431.399993896484375</ele>
        <time>2026-07-11T00:47:51.000Z</time>
        <extensions>
          <ns3:TrackPointExtension>
            <ns3:hr>149</ns3:hr>
            <ns3:cad>89</ns3:cad>
          </ns3:TrackPointExtension>
        </extensions>
      </trkpt>
      <trkpt lat="34.184048809111118316650390625" lon="108.93181107938289642333984375">
        <ele>431.399993896484375</ele>
        <time>2026-07-11T00:47:52.000Z</time>
        <extensions>
          <ns3:TrackPointExtension>
            <ns3:hr>149</ns3:hr>
            <ns3:cad>89</ns3:cad>
          </ns3:TrackPointExtension>
        </extensions>
      </trkpt>
      <trkpt lat="34.1840560175478458404541015625" lon="108.93183463253080844879150390625">
        <ele>431.399993896484375</ele>
        <time>2026-07-11T00:47:53.000Z</time>
        <extensions>
          <ns3:TrackPointExtension>
            <ns3:hr>149</ns3:hr>
            <ns3:cad>89</ns3:cad>
          </ns3:TrackPointExtension>
        </extensions>
      </trkpt>
      <trkpt lat="34.1840560175478458404541015625" lon="108.93186463974416255950927734375">
        <ele>431.600006103515625</ele>
        <time>2026-07-11T00:47:54.000Z</time>
        <extensions>
          <ns3:TrackPointExtension>
            <ns3:hr>149</ns3:hr>
            <ns3:cad>89</ns3:cad>
          </ns3:TrackPointExtension>
        </extensions>
      </trkpt>
      <trkpt lat="34.1840607114136219024658203125" lon="108.93188777379691600799560546875">
        <ele>431.600006103515625</ele>
        <time>2026-07-11T00:47:55.000Z</time>
        <extensions>
          <ns3:TrackPointExtension>
            <ns3:hr>149</ns3:hr>
            <ns3:cad>88</ns3:cad>
          </ns3:TrackPointExtension>
        </extensions>
      </trkpt>
      <trkpt lat="34.18406062759459018707275390625" lon="108.9319195412099361419677734375">
        <ele>431.600006103515625</ele>
        <time>2026-07-11T00:47:56.000Z</time>
        <extensions>
          <ns3:TrackPointExtension>
            <ns3:hr>149</ns3:hr>
            <ns3:cad>88</ns3:cad>
          </ns3:TrackPointExtension>
        </extensions>
      </trkpt>
      <trkpt lat="34.18406297452747821807861328125" lon="108.9319430105388164520263671875">
        <ele>431.600006103515625</ele>
        <time>2026-07-11T00:47:57.000Z</time>
        <extensions>
          <ns3:TrackPointExtension>
            <ns3:hr>149</ns3:hr>
            <ns3:cad>88</ns3:cad>
          </ns3:TrackPointExtension>
        </extensions>
      </trkpt>
      <trkpt lat="34.18406448327004909515380859375" lon="108.93197829835116863250732421875">
        <ele>431.399993896484375</ele>
        <time>2026-07-11T00:47:58.000Z</time>
        <extensions>
          <ns3:TrackPointExtension>
            <ns3:hr>149</ns3:hr>
            <ns3:cad>89</ns3:cad>
          </ns3:TrackPointExtension>
        </extensions>
      </trkpt>
      <trkpt lat="34.18406800366938114166259765625" lon="108.932003192603588104248046875">
        <ele>431.399993896484375</ele>
        <time>2026-07-11T00:47:59.000Z</time>
        <extensions>
          <ns3:TrackPointExtension>
            <ns3:hr>149</ns3:hr>
            <ns3:cad>89</ns3:cad>
          </ns3:TrackPointExtension>
        </extensions>
      </trkpt>
      <trkpt lat="34.18407051824033260345458984375" lon="108.93202976323664188385009765625">
        <ele>431.399993896484375</ele>
        <time>2026-07-11T00:48:00.000Z</time>
        <extensions>
          <ns3:TrackPointExtension>
            <ns3:hr>149</ns3:hr>
            <ns3:cad>89</ns3:cad>
          </ns3:TrackPointExtension>
        </extensions>
      </trkpt>
      <trkpt lat="34.1840724460780620574951171875" lon="108.93205222673714160919189453125">
        <ele>431.399993896484375</ele>
        <time>2026-07-11T00:48:01.000Z</time>
        <extensions>
          <ns3:TrackPointExtension>
            <ns3:hr>149</ns3:hr>
            <ns3:cad>88</ns3:cad>
          </ns3:TrackPointExtension>
        </extensions>
      </trkpt>
      <trkpt lat="34.18407303281128406524658203125" lon="108.93208625726401805877685546875">
        <ele>431.399993896484375</ele>
        <time>2026-07-11T00:48:02.000Z</time>
        <extensions>
          <ns3:TrackPointExtension>
            <ns3:hr>150</ns3:hr>
            <ns3:cad>88</ns3:cad>
          </ns3:TrackPointExtension>
        </extensions>
      </trkpt>
      <trkpt lat="34.184075631201267242431640625" lon="108.93210771493613719940185546875">
        <ele>431.399993896484375</ele>
        <time>2026-07-11T00:48:03.000Z</time>
        <extensions>
          <ns3:TrackPointExtension>
            <ns3:hr>150</ns3:hr>
            <ns3:cad>89</ns3:cad>
          </ns3:TrackPointExtension>
        </extensions>
      </trkpt>
      <trkpt lat="34.18407571502029895782470703125" lon="108.93214040435850620269775390625">
        <ele>431.600006103515625</ele>
        <time>2026-07-11T00:48:04.000Z</time>
        <extensions>
          <ns3:TrackPointExtension>
            <ns3:hr>150</ns3:hr>
            <ns3:cad>89</ns3:cad>
          </ns3:TrackPointExtension>
        </extensions>
      </trkpt>
      <trkpt lat="34.184075631201267242431640625" lon="108.93216303549706935882568359375">
        <ele>431.600006103515625</ele>
        <time>2026-07-11T00:48:05.000Z</time>
        <extensions>
          <ns3:TrackPointExtension>
            <ns3:hr>150</ns3:hr>
            <ns3:cad>90</ns3:cad>
          </ns3:TrackPointExtension>
        </extensions>
      </trkpt>
      <trkpt lat="34.18407873250544071197509765625" lon="108.9321966469287872314453125">
        <ele>431.600006103515625</ele>
        <time>2026-07-11T00:48:06.000Z</time>
        <extensions>
          <ns3:TrackPointExtension>
            <ns3:hr>149</ns3:hr>
            <ns3:cad>90</ns3:cad>
          </ns3:TrackPointExtension>
        </extensions>
      </trkpt>
      <trkpt lat="34.18408267199993133544921875" lon="108.93221885897219181060791015625">
        <ele>431.600006103515625</ele>
        <time>2026-07-11T00:48:07.000Z</time>
        <extensions>
          <ns3:TrackPointExtension>
            <ns3:hr>149</ns3:hr>
            <ns3:cad>90</ns3:cad>
          </ns3:TrackPointExtension>
        </extensions>
      </trkpt>
      <trkpt lat="34.1840835101902484893798828125" lon="108.9322484470903873443603515625">
        <ele>431.600006103515625</ele>
        <time>2026-07-11T00:48:08.000Z</time>
        <extensions>
          <ns3:TrackPointExtension>
            <ns3:hr>149</ns3:hr>
            <ns3:cad>90</ns3:cad>
          </ns3:TrackPointExtension>
        </extensions>
      </trkpt>
      <trkpt lat="34.1840821690857410430908203125" lon="108.93227283842861652374267578125">
        <ele>431.600006103515625</ele>
        <time>2026-07-11T00:48:09.000Z</time>
        <extensions>
          <ns3:TrackPointExtension>
            <ns3:hr>150</ns3:hr>
            <ns3:cad>90</ns3:cad>
          </ns3:TrackPointExtension>
        </extensions>
      </trkpt>
      <trkpt lat="34.1840820014476776123046875" lon="108.93230753950774669647216796875">
        <ele>431.600006103515625</ele>
        <time>2026-07-11T00:48:10.000Z</time>
        <extensions>
          <ns3:TrackPointExtension>
            <ns3:hr>149</ns3:hr>
            <ns3:cad>88</ns3:cad>
          </ns3:TrackPointExtension>
        </extensions>
      </trkpt>
      <trkpt lat="34.18408275581896305084228515625" lon="108.932330422103404998779296875">
        <ele>431.600006103515625</ele>
        <time>2026-07-11T00:48:11.000Z</time>
        <extensions>
          <ns3:TrackPointExtension>
            <ns3:hr>150</ns3:hr>
            <ns3:cad>88</ns3:cad>
          </ns3:TrackPointExtension>
        </extensions>
      </trkpt>
      <trkpt lat="34.18408392928540706634521484375" lon="108.932359926402568817138671875">
        <ele>431.600006103515625</ele>
        <time>2026-07-11T00:48:12.000Z</time>
        <extensions>
          <ns3:TrackPointExtension>
            <ns3:hr>150</ns3:hr>
            <ns3:cad>88</ns3:cad>
          </ns3:TrackPointExtension>
        </extensions>
      </trkpt>
      <trkpt lat="34.1840858571231365203857421875" lon="108.932385407388210296630859375">
        <ele>431.600006103515625</ele>
        <time>2026-07-11T00:48:13.000Z</time>
        <extensions>
          <ns3:TrackPointExtension>
            <ns3:hr>150</ns3:hr>
            <ns3:cad>89</ns3:cad>
          </ns3:TrackPointExtension>
        </extensions>
      </trkpt>
      <trkpt lat="34.18409046716988086700439453125" lon="108.93241331912577152252197265625">
        <ele>431.600006103515625</ele>
        <time>2026-07-11T00:48:14.000Z</time>
        <extensions>
          <ns3:TrackPointExtension>
            <ns3:hr>149</ns3:hr>
            <ns3:cad>89</ns3:cad>
          </ns3:TrackPointExtension>
        </extensions>
      </trkpt>
      <trkpt lat="34.1840918920934200286865234375" lon="108.93244047649204730987548828125">
        <ele>431.600006103515625</ele>
        <time>2026-07-11T00:48:15.000Z</time>
        <extensions>
          <ns3:TrackPointExtension>
            <ns3:hr>150</ns3:hr>
            <ns3:cad>89</ns3:cad>
          </ns3:TrackPointExtension>
        </extensions>
      </trkpt>
      <trkpt lat="34.18409465812146663665771484375" lon="108.9324677176773548126220703125">
        <ele>431.600006103515625</ele>
        <time>2026-07-11T00:48:16.000Z</time>
        <extensions>
          <ns3:TrackPointExtension>
            <ns3:hr>150</ns3:hr>
            <ns3:cad>88</ns3:cad>
          </ns3:TrackPointExtension>
        </extensions>
      </trkpt>
      <trkpt lat="34.18409348465502262115478515625" lon="108.93249479122459888458251953125">
        <ele>431.79998779296875</ele>
        <time>2026-07-11T00:48:17.000Z</time>
        <extensions>
          <ns3:TrackPointExtension>
            <ns3:hr>150</ns3:hr>
            <ns3:cad>88</ns3:cad>
          </ns3:TrackPointExtension>
        </extensions>
      </trkpt>
      <trkpt lat="34.1840962506830692291259765625" lon="108.932519853115081787109375">
        <ele>431.79998779296875</ele>
        <time>2026-07-11T00:48:18.000Z</time>
        <extensions>
          <ns3:TrackPointExtension>
            <ns3:hr>151</ns3:hr>
            <ns3:cad>88</ns3:cad>
          </ns3:TrackPointExtension>
        </extensions>
      </trkpt>
      <trkpt lat="34.18409784324467182159423828125" lon="108.9325512014329433441162109375">
        <ele>431.79998779296875</ele>
        <time>2026-07-11T00:48:19.000Z</time>
        <extensions>
          <ns3:TrackPointExtension>
            <ns3:hr>151</ns3:hr>
            <ns3:cad>88</ns3:cad>
          </ns3:TrackPointExtension>
        </extensions>
      </trkpt>
      <trkpt lat="34.18410454876720905303955078125" lon="108.93257190473377704620361328125">
        <ele>431.79998779296875</ele>
        <time>2026-07-11T00:48:20.000Z</time>
        <extensions>
          <ns3:TrackPointExtension>
            <ns3:hr>151</ns3:hr>
            <ns3:cad>88</ns3:cad>
          </ns3:TrackPointExtension>
        </extensions>
      </trkpt>
      <trkpt lat="34.18410287238657474517822265625" lon="108.9325991459190845489501953125">
        <ele>431.600006103515625</ele>
        <time>2026-07-11T00:48:21.000Z</time>
        <extensions>
          <ns3:TrackPointExtension>
            <ns3:hr>151</ns3:hr>
            <ns3:cad>88</ns3:cad>
          </ns3:TrackPointExtension>
        </extensions>
      </trkpt>
      <trkpt lat="34.18410186655819416046142578125" lon="108.93262253142893314361572265625">
        <ele>431.600006103515625</ele>
        <time>2026-07-11T00:48:22.000Z</time>
        <extensions>
          <ns3:TrackPointExtension>
            <ns3:hr>151</ns3:hr>
            <ns3:cad>88</ns3:cad>
          </ns3:TrackPointExtension>
        </extensions>
      </trkpt>
      <trkpt lat="34.1841073147952556610107421875" lon="108.9326514489948749542236328125">
        <ele>431.600006103515625</ele>
        <time>2026-07-11T00:48:23.000Z</time>
        <extensions>
          <ns3:TrackPointExtension>
            <ns3:hr>151</ns3:hr>
            <ns3:cad>88</ns3:cad>
          </ns3:TrackPointExtension>
        </extensions>
      </trkpt>
      <trkpt lat="34.1841086558997631072998046875" lon="108.9326740801334381103515625">
        <ele>431.79998779296875</ele>
        <time>2026-07-11T00:48:24.000Z</time>
        <extensions>
          <ns3:TrackPointExtension>
            <ns3:hr>151</ns3:hr>
            <ns3:cad>88</ns3:cad>
          </ns3:TrackPointExtension>
        </extensions>
      </trkpt>
      <trkpt lat="34.18410438112914562225341796875" lon="108.932705260813236236572265625">
        <ele>431.79998779296875</ele>
        <time>2026-07-11T00:48:25.000Z</time>
        <extensions>
          <ns3:TrackPointExtension>
            <ns3:hr>152</ns3:hr>
            <ns3:cad>89</ns3:cad>
          </ns3:TrackPointExtension>
        </extensions>
      </trkpt>
      <trkpt lat="34.18410304002463817596435546875" lon="108.93272864632308483123779296875">
        <ele>431.79998779296875</ele>
        <time>2026-07-11T00:48:26.000Z</time>
        <extensions>
          <ns3:TrackPointExtension>
            <ns3:hr>151</ns3:hr>
            <ns3:cad>89</ns3:cad>
          </ns3:TrackPointExtension>
        </extensions>
      </trkpt>
      <trkpt lat="34.1840979270637035369873046875" lon="108.9327580668032169342041015625">
        <ele>432</ele>
        <time>2026-07-11T00:48:27.000Z</time>
        <extensions>
          <ns3:TrackPointExtension>
            <ns3:hr>151</ns3:hr>
            <ns3:cad>89</ns3:cad>
          </ns3:TrackPointExtension>
        </extensions>
      </trkpt>
      <trkpt lat="34.18409683741629123687744140625" lon="108.932783044874668121337890625">
        <ele>432</ele>
        <time>2026-07-11T00:48:28.000Z</time>
        <extensions>
          <ns3:TrackPointExtension>
            <ns3:hr>151</ns3:hr>
            <ns3:cad>89</ns3:cad>
          </ns3:TrackPointExtension>
        </extensions>
      </trkpt>
      <trkpt lat="34.1840996034443378448486328125" lon="108.93281380645930767059326171875">
        <ele>432</ele>
        <time>2026-07-11T00:48:29.000Z</time>
        <extensions>
          <ns3:TrackPointExtension>
            <ns3:hr>151</ns3:hr>
            <ns3:cad>88</ns3:cad>
          </ns3:TrackPointExtension>
        </extensions>
      </trkpt>
      <trkpt lat="34.18409876525402069091796875" lon="108.93284364603459835052490234375">
        <ele>432.20001220703125</ele>
        <time>2026-07-11T00:48:30.000Z</time>
        <extensions>
          <ns3:TrackPointExtension>
            <ns3:hr>152</ns3:hr>
            <ns3:cad>88</ns3:cad>
          </ns3:TrackPointExtension>
        </extensions>
      </trkpt>
      <trkpt lat="34.1841056384146213531494140625" lon="108.9328693784773349761962890625">
        <ele>432.20001220703125</ele>
        <time>2026-07-11T00:48:31.000Z</time>
        <extensions>
          <ns3:TrackPointExtension>
            <ns3:hr>151</ns3:hr>
            <ns3:cad>88</ns3:cad>
          </ns3:TrackPointExtension>
        </extensions>
      </trkpt>
      <trkpt lat="34.18411024846136569976806640625" lon="108.9328958652913570404052734375">
        <ele>432.20001220703125</ele>
        <time>2026-07-11T00:48:32.000Z</time>
        <extensions>
          <ns3:TrackPointExtension>
            <ns3:hr>151</ns3:hr>
            <ns3:cad>87</ns3:cad>
          </ns3:TrackPointExtension>
        </extensions>
      </trkpt>
      <trkpt lat="34.18411393649876117706298828125" lon="108.9329223521053791046142578125">
        <ele>432.20001220703125</ele>
        <time>2026-07-11T00:48:33.000Z</time>
        <extensions>
          <ns3:TrackPointExtension>
            <ns3:hr>152</ns3:hr>
            <ns3:cad>87</ns3:cad>
          </ns3:TrackPointExtension>
        </extensions>
      </trkpt>
      <trkpt lat="34.18411125428974628448486328125" lon="108.93295344896614551544189453125">
        <ele>432.20001220703125</ele>
        <time>2026-07-11T00:48:34.000Z</time>
        <extensions>
          <ns3:TrackPointExtension>
            <ns3:hr>151</ns3:hr>
            <ns3:cad>87</ns3:cad>
          </ns3:TrackPointExtension>
        </extensions>
      </trkpt>
      <trkpt lat="34.18410941027104854583740234375" lon="108.932976834475994110107421875">
        <ele>432.20001220703125</ele>
        <time>2026-07-11T00:48:35.000Z</time>
        <extensions>
          <ns3:TrackPointExtension>
            <ns3:hr>151</ns3:hr>
            <ns3:cad>87</ns3:cad>
          </ns3:TrackPointExtension>
        </extensions>
      </trkpt>
      <trkpt lat="34.184107147157192230224609375" lon="108.932995609939098358154296875">
        <ele>432.20001220703125</ele>
        <time>2026-07-11T00:48:36.000Z</time>
        <extensions>
          <ns3:TrackPointExtension>
            <ns3:hr>151</ns3:hr>
            <ns3:cad>87</ns3:cad>
          </ns3:TrackPointExtension>
        </extensions>
      </trkpt>
      <trkpt lat="34.184101782739162445068359375" lon="108.93298731185495853424072265625">
        <ele>432.20001220703125</ele>
        <time>2026-07-11T00:48:37.000Z</time>
        <extensions>
          <ns3:TrackPointExtension>
            <ns3:hr>151</ns3:hr>
            <ns3:cad>87</ns3:cad>
          </ns3:TrackPointExtension>
        </extensions>
      </trkpt>
      <trkpt lat="34.1841069795191287994384765625" lon="108.93296300433576107025146484375">
        <ele>432.20001220703125</ele>
        <time>2026-07-11T00:48:38.000Z</time>
        <extensions>
          <ns3:TrackPointExtension>
            <ns3:hr>151</ns3:hr>
            <ns3:cad>87</ns3:cad>
          </ns3:TrackPointExtension>
        </extensions>
      </trkpt>
      <trkpt lat="34.1841056384146213531494140625" lon="108.93294221721589565277099609375">
        <ele>432.399993896484375</ele>
        <time>2026-07-11T00:48:39.000Z</time>
        <extensions>
          <ns3:TrackPointExtension>
            <ns3:hr>150</ns3:hr>
            <ns3:cad>87</ns3:cad>
          </ns3:TrackPointExtension>
        </extensions>
      </trkpt>
      <trkpt lat="34.184103794395923614501953125" lon="108.93291438929736614227294921875">
        <ele>432.399993896484375</ele>
        <time>2026-07-11T00:48:40.000Z</time>
        <extensions>
          <ns3:TrackPointExtension>
            <ns3:hr>150</ns3:hr>
            <ns3:cad>85</ns3:cad>
          </ns3:TrackPointExtension>
        </extensions>
      </trkpt>
      <trkpt lat="34.18410320766270160675048828125" lon="108.9328871481120586395263671875">
        <ele>432.399993896484375</ele>
        <time>2026-07-11T00:48:41.000Z</time>
        <extensions>
          <ns3:TrackPointExtension>
            <ns3:hr>150</ns3:hr>
            <ns3:cad>85</ns3:cad>
          </ns3:TrackPointExtension>
        </extensions>
      </trkpt>
      <trkpt lat="34.1840992681682109832763671875" lon="108.93285621888935565948486328125">
        <ele>432.399993896484375</ele>
        <time>2026-07-11T00:48:42.000Z</time>
        <extensions>
          <ns3:TrackPointExtension>
            <ns3:hr>150</ns3:hr>
            <ns3:cad>85</ns3:cad>
          </ns3:TrackPointExtension>
        </extensions>
      </trkpt>
      <trkpt lat="34.184098429977893829345703125" lon="108.93282772041857242584228515625">
        <ele>432.399993896484375</ele>
        <time>2026-07-11T00:48:43.000Z</time>
        <extensions>
          <ns3:TrackPointExtension>
            <ns3:hr>150</ns3:hr>
            <ns3:cad>86</ns3:cad>
          </ns3:TrackPointExtension>
        </extensions>
      </trkpt>
      <trkpt lat="34.18409407138824462890625" lon="108.932800479233264923095703125">
        <ele>432.399993896484375</ele>
        <time>2026-07-11T00:48:44.000Z</time>
        <extensions>
          <ns3:TrackPointExtension>
            <ns3:hr>149</ns3:hr>
            <ns3:cad>87</ns3:cad>
          </ns3:TrackPointExtension>
        </extensions>
      </trkpt>
      <trkpt lat="34.18409348465502262115478515625" lon="108.93277038820087909698486328125">
        <ele>432.399993896484375</ele>
        <time>2026-07-11T00:48:45.000Z</time>
        <extensions>
          <ns3:TrackPointExtension>
            <ns3:hr>149</ns3:hr>
            <ns3:cad>87</ns3:cad>
          </ns3:TrackPointExtension>
        </extensions>
      </trkpt>
      <trkpt lat="34.18409205973148345947265625" lon="108.9327406324446201324462890625">
        <ele>432.399993896484375</ele>
        <time>2026-07-11T00:48:46.000Z</time>
        <extensions>
          <ns3:TrackPointExtension>
            <ns3:hr>149</ns3:hr>
            <ns3:cad>87</ns3:cad>
          </ns3:TrackPointExtension>
        </extensions>
      </trkpt>
      <trkpt lat="34.1840868629515171051025390625" lon="108.9327089488506317138671875">
        <ele>432.399993896484375</ele>
        <time>2026-07-11T00:48:47.000Z</time>
        <extensions>
          <ns3:TrackPointExtension>
            <ns3:hr>149</ns3:hr>
            <ns3:cad>87</ns3:cad>
          </ns3:TrackPointExtension>
        </extensions>
      </trkpt>
      <trkpt lat="34.18408392928540706634521484375" lon="108.9326826296746730804443359375">
        <ele>432.399993896484375</ele>
        <time>2026-07-11T00:48:48.000Z</time>
        <extensions>
          <ns3:TrackPointExtension>
            <ns3:hr>149</ns3:hr>
            <ns3:cad>88</ns3:cad>
          </ns3:TrackPointExtension>
        </extensions>
      </trkpt>
      <trkpt lat="34.18408342637121677398681640625" lon="108.9326491020619869232177734375">
        <ele>432.20001220703125</ele>
        <time>2026-07-11T00:48:49.000Z</time>
        <extensions>
          <ns3:TrackPointExtension>
            <ns3:hr>149</ns3:hr>
            <ns3:cad>87</ns3:cad>
          </ns3:TrackPointExtension>
        </extensions>
      </trkpt>
      <trkpt lat="34.18408124707639217376708984375" lon="108.93262521363794803619384765625">
        <ele>432.20001220703125</ele>
        <time>2026-07-11T00:48:50.000Z</time>
        <extensions>
          <ns3:TrackPointExtension>
            <ns3:hr>149</ns3:hr>
            <ns3:cad>87</ns3:cad>
          </ns3:TrackPointExtension>
        </extensions>
      </trkpt>
      <trkpt lat="34.1840779781341552734375" lon="108.93259721808135509490966796875">
        <ele>432.20001220703125</ele>
        <time>2026-07-11T00:48:51.000Z</time>
        <extensions>
          <ns3:TrackPointExtension>
            <ns3:hr>149</ns3:hr>
            <ns3:cad>88</ns3:cad>
          </ns3:TrackPointExtension>
        </extensions>
      </trkpt>
      <trkpt lat="34.18408057652413845062255859375" lon="108.93257416784763336181640625">
        <ele>432</ele>
        <time>2026-07-11T00:48:52.000Z</time>
        <extensions>
          <ns3:TrackPointExtension>
            <ns3:hr>149</ns3:hr>
            <ns3:cad>88</ns3:cad>
          </ns3:TrackPointExtension>
        </extensions>
      </trkpt>
      <trkpt lat="34.1840784810483455657958984375" lon="108.93255396746098995208740234375">
        <ele>432</ele>
        <time>2026-07-11T00:48:53.000Z</time>
        <extensions>
          <ns3:TrackPointExtension>
            <ns3:hr>149</ns3:hr>
            <ns3:cad>88</ns3:cad>
          </ns3:TrackPointExtension>
        </extensions>
      </trkpt>
      <trkpt lat="34.184075631201267242431640625" lon="108.93253234215080738067626953125">
        <ele>432</ele>
        <time>2026-07-11T00:48:54.000Z</time>
        <extensions>
          <ns3:TrackPointExtension>
            <ns3:hr>149</ns3:hr>
            <ns3:cad>88</ns3:cad>
          </ns3:TrackPointExtension>
        </extensions>
      </trkpt>
      <trkpt lat="34.18407370336353778839111328125" lon="108.93251004628837108612060546875">
        <ele>432</ele>
        <time>2026-07-11T00:48:55.000Z</time>
        <extensions>
          <ns3:TrackPointExtension>
            <ns3:hr>149</ns3:hr>
            <ns3:cad>88</ns3:cad>
          </ns3:TrackPointExtension>
        </extensions>
      </trkpt>
      <trkpt lat="34.18407001532614231109619140625" lon="108.93248221836984157562255859375">
        <ele>432</ele>
        <time>2026-07-11T00:48:56.000Z</time>
        <extensions>
          <ns3:TrackPointExtension>
            <ns3:hr>149</ns3:hr>
            <ns3:cad>88</ns3:cad>
          </ns3:TrackPointExtension>
        </extensions>
      </trkpt>
      <trkpt lat="34.18406683020293712615966796875" lon="108.93245623447000980377197265625">
        <ele>432</ele>
        <time>2026-07-11T00:48:57.000Z</time>
        <extensions>
          <ns3:TrackPointExtension>
            <ns3:hr>148</ns3:hr>
            <ns3:cad>88</ns3:cad>
          </ns3:TrackPointExtension>
        </extensions>
      </trkpt>
      <trkpt lat="34.18406431563198566436767578125" lon="108.93242572434246540069580078125">
        <ele>432</ele>
        <time>2026-07-11T00:48:58.000Z</time>
        <extensions>
          <ns3:TrackPointExtension>
            <ns3:hr>149</ns3:hr>
            <ns3:cad>88</ns3:cad>
          </ns3:TrackPointExtension>
        </extensions>
      </trkpt>
      <trkpt lat="34.1840613819658756256103515625" lon="108.93240041099488735198974609375">
        <ele>432</ele>
        <time>2026-07-11T00:48:59.000Z</time>
        <extensions>
          <ns3:TrackPointExtension>
            <ns3:hr>149</ns3:hr>
            <ns3:cad>88</ns3:cad>
          </ns3:TrackPointExtension>
        </extensions>
      </trkpt>
      <trkpt lat="34.1840590350329875946044921875" lon="108.932368643581867218017578125">
        <ele>432</ele>
        <time>2026-07-11T00:49:00.000Z</time>
        <extensions>
          <ns3:TrackPointExtension>
            <ns3:hr>149</ns3:hr>
            <ns3:cad>88</ns3:cad>
          </ns3:TrackPointExtension>
        </extensions>
      </trkpt>
      <trkpt lat="34.18405626900494098663330078125" lon="108.9323388040065765380859375">
        <ele>432</ele>
        <time>2026-07-11T00:49:01.000Z</time>
        <extensions>
          <ns3:TrackPointExtension>
            <ns3:hr>149</ns3:hr>
            <ns3:cad>88</ns3:cad>
          </ns3:TrackPointExtension>
        </extensions>
      </trkpt>
      <trkpt lat="34.18405425734817981719970703125" lon="108.9323047734797000885009765625">
        <ele>432</ele>
        <time>2026-07-11T00:49:02.000Z</time>
        <extensions>
          <ns3:TrackPointExtension>
            <ns3:hr>149</ns3:hr>
            <ns3:cad>88</ns3:cad>
          </ns3:TrackPointExtension>
        </extensions>
      </trkpt>
      <trkpt lat="34.18405115604400634765625" lon="108.932279460132122039794921875">
        <ele>432</ele>
        <time>2026-07-11T00:49:03.000Z</time>
        <extensions>
          <ns3:TrackPointExtension>
            <ns3:hr>150</ns3:hr>
            <ns3:cad>88</ns3:cad>
          </ns3:TrackPointExtension>
        </extensions>
      </trkpt>
      <trkpt lat="34.1840506531298160552978515625" lon="108.9322454296052455902099609375">
        <ele>432</ele>
        <time>2026-07-11T00:49:04.000Z</time>
        <extensions>
          <ns3:TrackPointExtension>
            <ns3:hr>149</ns3:hr>
            <ns3:cad>88</ns3:cad>
          </ns3:TrackPointExtension>
        </extensions>
      </trkpt>
      <trkpt lat="34.18405048549175262451171875" lon="108.93221835605800151824951171875">
        <ele>432.20001220703125</ele>
        <time>2026-07-11T00:49:05.000Z</time>
        <extensions>
          <ns3:TrackPointExtension>
            <ns3:hr>150</ns3:hr>
            <ns3:cad>88</ns3:cad>
          </ns3:TrackPointExtension>
        </extensions>
      </trkpt>
      <trkpt lat="34.184052161872386932373046875" lon="108.9321880973875522613525390625">
        <ele>432</ele>
        <time>2026-07-11T00:49:06.000Z</time>
        <extensions>
          <ns3:TrackPointExtension>
            <ns3:hr>150</ns3:hr>
            <ns3:cad>87</ns3:cad>
          </ns3:TrackPointExtension>
        </extensions>
      </trkpt>
      <trkpt lat="34.184048809111118316650390625" lon="108.932164125144481658935546875">
        <ele>432</ele>
        <time>2026-07-11T00:49:07.000Z</time>
        <extensions>
          <ns3:TrackPointExtension>
            <ns3:hr>150</ns3:hr>
            <ns3:cad>88</ns3:cad>
          </ns3:TrackPointExtension>
        </extensions>
      </trkpt>
      <trkpt lat="34.18404780328273773193359375" lon="108.93213319592177867889404296875">
        <ele>432</ele>
        <time>2026-07-11T00:49:08.000Z</time>
        <extensions>
          <ns3:TrackPointExtension>
            <ns3:hr>150</ns3:hr>
            <ns3:cad>89</ns3:cad>
          </ns3:TrackPointExtension>
        </extensions>
      </trkpt>
      <trkpt lat="34.18404486961662769317626953125" lon="108.9321046136319637298583984375">
        <ele>432</ele>
        <time>2026-07-11T00:49:09.000Z</time>
        <extensions>
          <ns3:TrackPointExtension>
            <ns3:hr>150</ns3:hr>
            <ns3:cad>89</ns3:cad>
          </ns3:TrackPointExtension>
        </extensions>
      </trkpt>
      <trkpt lat="34.184044785797595977783203125" lon="108.93207133747637271881103515625">
        <ele>432</ele>
        <time>2026-07-11T00:49:10.000Z</time>
        <extensions>
          <ns3:TrackPointExtension>
            <ns3:hr>150</ns3:hr>
            <ns3:cad>88</ns3:cad>
          </ns3:TrackPointExtension>
        </extensions>
      </trkpt>
      <trkpt lat="34.18404269032180309295654296875" lon="108.93204585649073123931884765625">
        <ele>432</ele>
        <time>2026-07-11T00:49:11.000Z</time>
        <extensions>
          <ns3:TrackPointExtension>
            <ns3:hr>150</ns3:hr>
            <ns3:cad>88</ns3:cad>
          </ns3:TrackPointExtension>
        </extensions>
      </trkpt>
      <trkpt lat="34.18404201976954936981201171875" lon="108.93201685510575771331787109375">
        <ele>432</ele>
        <time>2026-07-11T00:49:12.000Z</time>
        <extensions>
          <ns3:TrackPointExtension>
            <ns3:hr>150</ns3:hr>
            <ns3:cad>88</ns3:cad>
          </ns3:TrackPointExtension>
        </extensions>
      </trkpt>
      <trkpt lat="34.18404252268373966217041015625" lon="108.931987769901752471923828125">
        <ele>432</ele>
        <time>2026-07-11T00:49:13.000Z</time>
        <extensions>
          <ns3:TrackPointExtension>
            <ns3:hr>150</ns3:hr>
            <ns3:cad>89</ns3:cad>
          </ns3:TrackPointExtension>
        </extensions>
      </trkpt>
      <trkpt lat="34.18404386378824710845947265625" lon="108.93196002580225467681884765625">
        <ele>432</ele>
        <time>2026-07-11T00:49:14.000Z</time>
        <extensions>
          <ns3:TrackPointExtension>
            <ns3:hr>150</ns3:hr>
            <ns3:cad>89</ns3:cad>
          </ns3:TrackPointExtension>
        </extensions>
      </trkpt>
      <trkpt lat="34.18404151685535907745361328125" lon="108.9319359697401523590087890625">
        <ele>432</ele>
        <time>2026-07-11T00:49:15.000Z</time>
        <extensions>
          <ns3:TrackPointExtension>
            <ns3:hr>150</ns3:hr>
            <ns3:cad>89</ns3:cad>
          </ns3:TrackPointExtension>
        </extensions>
      </trkpt>
      <trkpt lat="34.18404302559792995452880859375" lon="108.93190898001194000244140625">
        <ele>432</ele>
        <time>2026-07-11T00:49:16.000Z</time>
        <extensions>
          <ns3:TrackPointExtension>
            <ns3:hr>151</ns3:hr>
            <ns3:cad>89</ns3:cad>
          </ns3:TrackPointExtension>
        </extensions>
      </trkpt>
      <trkpt lat="34.18404369615018367767333984375" lon="108.9318806491792201995849609375">
        <ele>432</ele>
        <time>2026-07-11T00:49:17.000Z</time>
        <extensions>
          <ns3:TrackPointExtension>
            <ns3:hr>150</ns3:hr>
            <ns3:cad>89</ns3:cad>
          </ns3:TrackPointExtension>
        </extensions>
      </trkpt>
      <trkpt lat="34.18404134921729564666748046875" lon="108.93185424618422985076904296875">
        <ele>432</ele>
        <time>2026-07-11T00:49:18.000Z</time>
        <extensions>
          <ns3:TrackPointExtension>
            <ns3:hr>150</ns3:hr>
            <ns3:cad>89</ns3:cad>
          </ns3:TrackPointExtension>
        </extensions>
      </trkpt>
      <trkpt lat="34.184040762484073638916015625" lon="108.9318229816854000091552734375">
        <ele>432</ele>
        <time>2026-07-11T00:49:19.000Z</time>
        <extensions>
          <ns3:TrackPointExtension>
            <ns3:hr>151</ns3:hr>
            <ns3:cad>89</ns3:cad>
          </ns3:TrackPointExtension>
        </extensions>
      </trkpt>
      <trkpt lat="34.18404034338891506195068359375" lon="108.931798674166202545166015625">
        <ele>432</ele>
        <time>2026-07-11T00:49:20.000Z</time>
        <extensions>
          <ns3:TrackPointExtension>
            <ns3:hr>150</ns3:hr>
            <ns3:cad>89</ns3:cad>
          </ns3:TrackPointExtension>
        </extensions>
      </trkpt>
      <trkpt lat="34.18404051102697849273681640625" lon="108.9317757077515125274658203125">
        <ele>431.79998779296875</ele>
        <time>2026-07-11T00:49:21.000Z</time>
        <extensions>
          <ns3:TrackPointExtension>
            <ns3:hr>150</ns3:hr>
            <ns3:cad>88</ns3:cad>
          </ns3:TrackPointExtension>
        </extensions>
      </trkpt>
      <trkpt lat="34.18403900228440761566162109375" lon="108.93175542354583740234375">
        <ele>431.79998779296875</ele>
        <time>2026-07-11T00:49:22.000Z</time>
        <extensions>
          <ns3:TrackPointExtension>
            <ns3:hr>150</ns3:hr>
            <ns3:cad>88</ns3:cad>
          </ns3:TrackPointExtension>
        </extensions>
      </trkpt>
      <trkpt lat="34.18403849937021732330322265625" lon="108.93173036165535449981689453125">
        <ele>431.600006103515625</ele>
        <time>2026-07-11T00:49:23.000Z</time>
        <extensions>
          <ns3:TrackPointExtension>
            <ns3:hr>150</ns3:hr>
            <ns3:cad>89</ns3:cad>
          </ns3:TrackPointExtension>
        </extensions>
      </trkpt>
      <trkpt lat="34.18403430841863155364990234375" lon="108.931709825992584228515625">
        <ele>431.600006103515625</ele>
        <time>2026-07-11T00:49:24.000Z</time>
        <extensions>
          <ns3:TrackPointExtension>
            <ns3:hr>151</ns3:hr>
            <ns3:cad>89</ns3:cad>
          </ns3:TrackPointExtension>
        </extensions>
      </trkpt>
      <trkpt lat="34.184035398066043853759765625" lon="108.93168023787438869476318359375">
        <ele>431.600006103515625</ele>
        <time>2026-07-11T00:49:25.000Z</time>
        <extensions>
          <ns3:TrackPointExtension>
            <ns3:hr>150</ns3:hr>
            <ns3:cad>89</ns3:cad>
          </ns3:TrackPointExtension>
        </extensions>
      </trkpt>
      <trkpt lat="34.18403145857155323028564453125" lon="108.9316593669354915618896484375">
        <ele>431.600006103515625</ele>
        <time>2026-07-11T00:49:26.000Z</time>
        <extensions>
          <ns3:TrackPointExtension>
            <ns3:hr>150</ns3:hr>
            <ns3:cad>88</ns3:cad>
          </ns3:TrackPointExtension>
        </extensions>
      </trkpt>
      <trkpt lat="34.1840332187712192535400390625" lon="108.93163204193115234375">
        <ele>431.79998779296875</ele>
        <time>2026-07-11T00:49:27.000Z</time>
        <extensions>
          <ns3:TrackPointExtension>
            <ns3:hr>150</ns3:hr>
            <ns3:cad>88</ns3:cad>
          </ns3:TrackPointExtension>
        </extensions>
      </trkpt>
      <trkpt lat="34.1840298660099506378173828125" lon="108.93160714767873287200927734375">
        <ele>431.600006103515625</ele>
        <time>2026-07-11T00:49:28.000Z</time>
        <extensions>
          <ns3:TrackPointExtension>
            <ns3:hr>150</ns3:hr>
            <ns3:cad>88</ns3:cad>
          </ns3:TrackPointExtension>
        </extensions>
      </trkpt>
      <trkpt lat="34.18403229676187038421630859375" lon="108.9315789006650447845458984375">
        <ele>431.600006103515625</ele>
        <time>2026-07-11T00:49:29.000Z</time>
        <extensions>
          <ns3:TrackPointExtension>
            <ns3:hr>150</ns3:hr>
            <ns3:cad>89</ns3:cad>
          </ns3:TrackPointExtension>
        </extensions>
      </trkpt>
      <trkpt lat="34.184030704200267791748046875" lon="108.93155333586037158966064453125">
        <ele>431.79998779296875</ele>
        <time>2026-07-11T00:49:30.000Z</time>
        <extensions>
          <ns3:TrackPointExtension>
            <ns3:hr>149</ns3:hr>
            <ns3:cad>89</ns3:cad>
          </ns3:TrackPointExtension>
        </extensions>
      </trkpt>
      <trkpt lat="34.18403481133282184600830078125" lon="108.931529112160205841064453125">
        <ele>431.79998779296875</ele>
        <time>2026-07-11T00:49:31.000Z</time>
        <extensions>
          <ns3:TrackPointExtension>
            <ns3:hr>149</ns3:hr>
            <ns3:cad>89</ns3:cad>
          </ns3:TrackPointExtension>
        </extensions>
      </trkpt>
      <trkpt lat="34.1840365715324878692626953125" lon="108.93150539137423038482666015625">
        <ele>431.79998779296875</ele>
        <time>2026-07-11T00:49:32.000Z</time>
        <extensions>
          <ns3:TrackPointExtension>
            <ns3:hr>150</ns3:hr>
            <ns3:cad>89</ns3:cad>
          </ns3:TrackPointExtension>
        </extensions>
      </trkpt>
      <trkpt lat="34.18403632007539272308349609375" lon="108.93147488124668598175048828125">
        <ele>431.79998779296875</ele>
        <time>2026-07-11T00:49:33.000Z</time>
        <extensions>
          <ns3:TrackPointExtension>
            <ns3:hr>150</ns3:hr>
            <ns3:cad>90</ns3:cad>
          </ns3:TrackPointExtension>
        </extensions>
      </trkpt>
      <trkpt lat="34.1840348951518535614013671875" lon="108.931451998651027679443359375">
        <ele>431.600006103515625</ele>
        <time>2026-07-11T00:49:34.000Z</time>
        <extensions>
          <ns3:TrackPointExtension>
            <ns3:hr>152</ns3:hr>
            <ns3:cad>92</ns3:cad>
          </ns3:TrackPointExtension>
        </extensions>
      </trkpt>
      <trkpt lat="34.1840372420847415924072265625" lon="108.93142509274184703826904296875">
        <ele>431.600006103515625</ele>
        <time>2026-07-11T00:49:35.000Z</time>
        <extensions>
          <ns3:TrackPointExtension>
            <ns3:hr>152</ns3:hr>
            <ns3:cad>92</ns3:cad>
          </ns3:TrackPointExtension>
        </extensions>
      </trkpt>
      <trkpt lat="34.18403531424701213836669921875" lon="108.931402377784252166748046875">
        <ele>431.600006103515625</ele>
        <time>2026-07-11T00:49:36.000Z</time>
        <extensions>
          <ns3:TrackPointExtension>
            <ns3:hr>153</ns3:hr>
            <ns3:cad>92</ns3:cad>
          </ns3:TrackPointExtension>
        </extensions>
      </trkpt>
      <trkpt lat="34.18403380550444126129150390625" lon="108.93137262202799320220947265625">
        <ele>431.600006103515625</ele>
        <time>2026-07-11T00:49:37.000Z</time>
        <extensions>
          <ns3:TrackPointExtension>
            <ns3:hr>152</ns3:hr>
            <ns3:cad>89</ns3:cad>
          </ns3:TrackPointExtension>
        </extensions>
      </trkpt>
      <trkpt lat="34.18403464369475841522216796875" lon="108.93135284073650836944580078125">
        <ele>431.600006103515625</ele>
        <time>2026-07-11T00:49:38.000Z</time>
        <extensions>
          <ns3:TrackPointExtension>
            <ns3:hr>152</ns3:hr>
            <ns3:cad>89</ns3:cad>
          </ns3:TrackPointExtension>
        </extensions>
      </trkpt>
      <trkpt lat="34.184039421379566192626953125" lon="108.931325264275074005126953125">
        <ele>431.600006103515625</ele>
        <time>2026-07-11T00:49:39.000Z</time>
        <extensions>
          <ns3:TrackPointExtension>
            <ns3:hr>153</ns3:hr>
            <ns3:cad>89</ns3:cad>
          </ns3:TrackPointExtension>
        </extensions>
      </trkpt>
      <trkpt lat="34.18404168449342250823974609375" lon="108.93130858428776264190673828125">
        <ele>431.79998779296875</ele>
        <time>2026-07-11T00:49:40.000Z</time>
        <extensions>
          <ns3:TrackPointExtension>
            <ns3:hr>153</ns3:hr>
            <ns3:cad>89</ns3:cad>
          </ns3:TrackPointExtension>
        </extensions>
      </trkpt>
      <trkpt lat="34.18404084630310535430908203125" lon="108.9312766492366790771484375">
        <ele>431.79998779296875</ele>
        <time>2026-07-11T00:49:41.000Z</time>
        <extensions>
          <ns3:TrackPointExtension>
            <ns3:hr>153</ns3:hr>
            <ns3:cad>89</ns3:cad>
          </ns3:TrackPointExtension>
        </extensions>
      </trkpt>
      <trkpt lat="34.18403984047472476959228515625" lon="108.931250162422657012939453125">
        <ele>431.79998779296875</ele>
        <time>2026-07-11T00:49:42.000Z</time>
        <extensions>
          <ns3:TrackPointExtension>
            <ns3:hr>152</ns3:hr>
            <ns3:cad>88</ns3:cad>
          </ns3:TrackPointExtension>
        </extensions>
      </trkpt>
      <trkpt lat="34.18403883464634418487548828125" lon="108.931219317018985748291015625">
        <ele>431.79998779296875</ele>
        <time>2026-07-11T00:49:43.000Z</time>
        <extensions>
          <ns3:TrackPointExtension>
            <ns3:hr>152</ns3:hr>
            <ns3:cad>88</ns3:cad>
          </ns3:TrackPointExtension>
        </extensions>
      </trkpt>
      <trkpt lat="34.18403665535151958465576171875" lon="108.93119014799594879150390625">
        <ele>431.79998779296875</ele>
        <time>2026-07-11T00:49:44.000Z</time>
        <extensions>
          <ns3:TrackPointExtension>
            <ns3:hr>152</ns3:hr>
            <ns3:cad>87</ns3:cad>
          </ns3:TrackPointExtension>
        </extensions>
      </trkpt>
      <trkpt lat="34.1840392537415027618408203125" lon="108.93115854822099208831787109375">
        <ele>431.600006103515625</ele>
        <time>2026-07-11T00:49:45.000Z</time>
        <extensions>
          <ns3:TrackPointExtension>
            <ns3:hr>152</ns3:hr>
            <ns3:cad>87</ns3:cad>
          </ns3:TrackPointExtension>
        </extensions>
      </trkpt>
      <trkpt lat="34.18403866700828075408935546875" lon="108.9311276189982891082763671875">
        <ele>431.79998779296875</ele>
        <time>2026-07-11T00:49:46.000Z</time>
        <extensions>
          <ns3:TrackPointExtension>
            <ns3:hr>152</ns3:hr>
            <ns3:cad>88</ns3:cad>
          </ns3:TrackPointExtension>
        </extensions>
      </trkpt>
      <trkpt lat="34.1840312071144580841064453125" lon="108.9310957677662372589111328125">
        <ele>431.79998779296875</ele>
        <time>2026-07-11T00:49:47.000Z</time>
        <extensions>
          <ns3:TrackPointExtension>
            <ns3:hr>152</ns3:hr>
            <ns3:cad>88</ns3:cad>
          </ns3:TrackPointExtension>
        </extensions>
      </trkpt>
      <trkpt lat="34.1840268485248088836669921875" lon="108.93106349743902683258056640625">
        <ele>432</ele>
        <time>2026-07-11T00:49:48.000Z</time>
        <extensions>
          <ns3:TrackPointExtension>
            <ns3:hr>152</ns3:hr>
            <ns3:cad>88</ns3:cad>
          </ns3:TrackPointExtension>
        </extensions>
      </trkpt>
      <trkpt lat="34.1840157844126224517822265625" lon="108.9310340769588947296142578125">
        <ele>432</ele>
        <time>2026-07-11T00:49:49.000Z</time>
        <extensions>
          <ns3:TrackPointExtension>
            <ns3:hr>152</ns3:hr>
            <ns3:cad>88</ns3:cad>
          </ns3:TrackPointExtension>
        </extensions>
      </trkpt>
      <trkpt lat="34.18400312773883342742919921875" lon="108.9310065843164920806884765625">
        <ele>432.20001220703125</ele>
        <time>2026-07-11T00:49:50.000Z</time>
        <extensions>
          <ns3:TrackPointExtension>
            <ns3:hr>151</ns3:hr>
            <ns3:cad>88</ns3:cad>
          </ns3:TrackPointExtension>
        </extensions>
      </trkpt>
      <trkpt lat="34.18398871086537837982177734375" lon="108.9309868030250072479248046875">
        <ele>432.20001220703125</ele>
        <time>2026-07-11T00:49:51.000Z</time>
        <extensions>
          <ns3:TrackPointExtension>
            <ns3:hr>151</ns3:hr>
            <ns3:cad>88</ns3:cad>
          </ns3:TrackPointExtension>
        </extensions>
      </trkpt>
      <trkpt lat="34.1839698515832424163818359375" lon="108.93096811138093471527099609375">
        <ele>432.20001220703125</ele>
        <time>2026-07-11T00:49:52.000Z</time>
        <extensions>
          <ns3:TrackPointExtension>
            <ns3:hr>151</ns3:hr>
            <ns3:cad>89</ns3:cad>
          </ns3:TrackPointExtension>
        </extensions>
      </trkpt>
      <trkpt lat="34.18394864536821842193603515625" lon="108.9309552870690822601318359375">
        <ele>432</ele>
        <time>2026-07-11T00:49:53.000Z</time>
        <extensions>
          <ns3:TrackPointExtension>
            <ns3:hr>150</ns3:hr>
            <ns3:cad>88</ns3:cad>
          </ns3:TrackPointExtension>
        </extensions>
      </trkpt>
      <trkpt lat="34.18392534367740154266357421875" lon="108.9309395290911197662353515625">
        <ele>431.79998779296875</ele>
        <time>2026-07-11T00:49:54.000Z</time>
        <extensions>
          <ns3:TrackPointExtension>
            <ns3:hr>150</ns3:hr>
            <ns3:cad>88</ns3:cad>
          </ns3:TrackPointExtension>
        </extensions>
      </trkpt>
      <trkpt lat="34.18390422128140926361083984375" lon="108.93092687241733074188232421875">
        <ele>431.79998779296875</ele>
        <time>2026-07-11T00:49:55.000Z</time>
        <extensions>
          <ns3:TrackPointExtension>
            <ns3:hr>150</ns3:hr>
            <ns3:cad>88</ns3:cad>
          </ns3:TrackPointExtension>
        </extensions>
      </trkpt>
      <trkpt lat="34.18387991376221179962158203125" lon="108.93091714940965175628662109375">
        <ele>431.79998779296875</ele>
        <time>2026-07-11T00:49:56.000Z</time>
        <extensions>
          <ns3:TrackPointExtension>
            <ns3:hr>150</ns3:hr>
            <ns3:cad>89</ns3:cad>
          </ns3:TrackPointExtension>
        </extensions>
      </trkpt>
      <trkpt lat="34.1838608868420124053955078125" lon="108.93092217855155467987060546875">
        <ele>431.79998779296875</ele>
        <time>2026-07-11T00:49:57.000Z</time>
        <extensions>
          <ns3:TrackPointExtension>
            <ns3:hr>150</ns3:hr>
            <ns3:cad>89</ns3:cad>
          </ns3:TrackPointExtension>
        </extensions>
      </trkpt>
      <trkpt lat="34.1838367469608783721923828125" lon="108.93092192709445953369140625">
        <ele>431.79998779296875</ele>
        <time>2026-07-11T00:49:58.000Z</time>
        <extensions>
          <ns3:TrackPointExtension>
            <ns3:hr>150</ns3:hr>
            <ns3:cad>89</ns3:cad>
          </ns3:TrackPointExtension>
        </extensions>
      </trkpt>
      <trkpt lat="34.18381981551647186279296875" lon="108.9309217594563961029052734375">
        <ele>431.79998779296875</ele>
        <time>2026-07-11T00:49:59.000Z</time>
        <extensions>
          <ns3:TrackPointExtension>
            <ns3:hr>150</ns3:hr>
            <ns3:cad>88</ns3:cad>
          </ns3:TrackPointExtension>
        </extensions>
      </trkpt>
      <trkpt lat="34.18379609473049640655517578125" lon="108.930921256542205810546875">
        <ele>431.79998779296875</ele>
        <time>2026-07-11T00:50:00.000Z</time>
        <extensions>
          <ns3:TrackPointExtension>
            <ns3:hr>150</ns3:hr>
            <ns3:cad>87</ns3:cad>
          </ns3:TrackPointExtension>
        </extensions>
      </trkpt>
      <trkpt lat="34.18377463705837726593017578125" lon="108.93091857433319091796875">
        <ele>431.79998779296875</ele>
        <time>2026-07-11T00:50:01.000Z</time>
        <extensions>
          <ns3:TrackPointExtension>
            <ns3:hr>150</ns3:hr>
            <ns3:cad>87</ns3:cad>
          </ns3:TrackPointExtension>
        </extensions>
      </trkpt>
      <trkpt lat="34.18375485576689243316650390625" lon="108.93092050217092037200927734375">
        <ele>431.79998779296875</ele>
        <time>2026-07-11T00:50:02.000Z</time>
        <extensions>
          <ns3:TrackPointExtension>
            <ns3:hr>149</ns3:hr>
            <ns3:cad>87</ns3:cad>
          </ns3:TrackPointExtension>
        </extensions>
      </trkpt>
      <trkpt lat="34.1837314702570438385009765625" lon="108.93092066980898380279541015625">
        <ele>431.79998779296875</ele>
        <time>2026-07-11T00:50:03.000Z</time>
        <extensions>
          <ns3:TrackPointExtension>
            <ns3:hr>149</ns3:hr>
            <ns3:cad>87</ns3:cad>
          </ns3:TrackPointExtension>
        </extensions>
      </trkpt>
      <trkpt lat="34.18371093459427356719970703125" lon="108.93092318437993526458740234375">
        <ele>431.79998779296875</ele>
        <time>2026-07-11T00:50:04.000Z</time>
        <extensions>
          <ns3:TrackPointExtension>
            <ns3:hr>149</ns3:hr>
            <ns3:cad>87</ns3:cad>
          </ns3:TrackPointExtension>
        </extensions>
      </trkpt>
      <trkpt lat="34.18368997983634471893310546875" lon="108.930924274027347564697265625">
        <ele>431.79998779296875</ele>
        <time>2026-07-11T00:50:05.000Z</time>
        <extensions>
          <ns3:TrackPointExtension>
            <ns3:hr>149</ns3:hr>
            <ns3:cad>87</ns3:cad>
          </ns3:TrackPointExtension>
        </extensions>
      </trkpt>
      <trkpt lat="34.18366852216422557830810546875" lon="108.93092930316925048828125">
        <ele>431.79998779296875</ele>
        <time>2026-07-11T00:50:06.000Z</time>
        <extensions>
          <ns3:TrackPointExtension>
            <ns3:hr>149</ns3:hr>
            <ns3:cad>87</ns3:cad>
          </ns3:TrackPointExtension>
        </extensions>
      </trkpt>
      <trkpt lat="34.18364773504436016082763671875" lon="108.93093424849212169647216796875">
        <ele>431.79998779296875</ele>
        <time>2026-07-11T00:50:07.000Z</time>
        <extensions>
          <ns3:TrackPointExtension>
            <ns3:hr>149</ns3:hr>
            <ns3:cad>86</ns3:cad>
          </ns3:TrackPointExtension>
        </extensions>
      </trkpt>
      <trkpt lat="34.18362745083868503570556640625" lon="108.93093257211148738861083984375">
        <ele>431.79998779296875</ele>
        <time>2026-07-11T00:50:08.000Z</time>
        <extensions>
          <ns3:TrackPointExtension>
            <ns3:hr>148</ns3:hr>
            <ns3:cad>88</ns3:cad>
          </ns3:TrackPointExtension>
        </extensions>
      </trkpt>
      <trkpt lat="34.1836050711572170257568359375" lon="108.9309291355311870574951171875">
        <ele>431.79998779296875</ele>
        <time>2026-07-11T00:50:09.000Z</time>
        <extensions>
          <ns3:TrackPointExtension>
            <ns3:hr>147</ns3:hr>
            <ns3:cad>88</ns3:cad>
          </ns3:TrackPointExtension>
        </extensions>
      </trkpt>
      <trkpt lat="34.1835829429328441619873046875" lon="108.93093240447342395782470703125">
        <ele>431.79998779296875</ele>
        <time>2026-07-11T00:50:10.000Z</time>
        <extensions>
          <ns3:TrackPointExtension>
            <ns3:hr>147</ns3:hr>
            <ns3:cad>88</ns3:cad>
          </ns3:TrackPointExtension>
        </extensions>
      </trkpt>
      <trkpt lat="34.18355762958526611328125" lon="108.93093357793986797332763671875">
        <ele>431.79998779296875</ele>
        <time>2026-07-11T00:50:11.000Z</time>
        <extensions>
          <ns3:TrackPointExtension>
            <ns3:hr>147</ns3:hr>
            <ns3:cad>88</ns3:cad>
          </ns3:TrackPointExtension>
        </extensions>
      </trkpt>
      <trkpt lat="34.183539189398288726806640625" lon="108.930932991206645965576171875">
        <ele>431.600006103515625</ele>
        <time>2026-07-11T00:50:12.000Z</time>
        <extensions>
          <ns3:TrackPointExtension>
            <ns3:hr>146</ns3:hr>
            <ns3:cad>89</ns3:cad>
          </ns3:TrackPointExtension>
        </extensions>
      </trkpt>
      <trkpt lat="34.18351563625037670135498046875" lon="108.93093273974955081939697265625">
        <ele>431.600006103515625</ele>
        <time>2026-07-11T00:50:13.000Z</time>
        <extensions>
          <ns3:TrackPointExtension>
            <ns3:hr>146</ns3:hr>
            <ns3:cad>89</ns3:cad>
          </ns3:TrackPointExtension>
        </extensions>
      </trkpt>
      <trkpt lat="34.18349451385438442230224609375" lon="108.93093223683536052703857421875">
        <ele>431.79998779296875</ele>
        <time>2026-07-11T00:50:14.000Z</time>
        <extensions>
          <ns3:TrackPointExtension>
            <ns3:hr>146</ns3:hr>
            <ns3:cad>89</ns3:cad>
          </ns3:TrackPointExtension>
        </extensions>
      </trkpt>
      <trkpt lat="34.18347246944904327392578125" lon="108.93092821352183818817138671875">
        <ele>431.79998779296875</ele>
        <time>2026-07-11T00:50:15.000Z</time>
        <extensions>
          <ns3:TrackPointExtension>
            <ns3:hr>146</ns3:hr>
            <ns3:cad>89</ns3:cad>
          </ns3:TrackPointExtension>
        </extensions>
      </trkpt>
      <trkpt lat="34.1834521852433681488037109375" lon="108.930926956236362457275390625">
        <ele>431.79998779296875</ele>
        <time>2026-07-11T00:50:16.000Z</time>
        <extensions>
          <ns3:TrackPointExtension>
            <ns3:hr>147</ns3:hr>
            <ns3:cad>89</ns3:cad>
          </ns3:TrackPointExtension>
        </extensions>
      </trkpt>
      <trkpt lat="34.18343081139028072357177734375" lon="108.93092100508511066436767578125">
        <ele>431.79998779296875</ele>
        <time>2026-07-11T00:50:17.000Z</time>
        <extensions>
          <ns3:TrackPointExtension>
            <ns3:hr>148</ns3:hr>
            <ns3:cad>89</ns3:cad>
          </ns3:TrackPointExtension>
        </extensions>
      </trkpt>
      <trkpt lat="34.18341052718460559844970703125" lon="108.93091631121933460235595703125">
        <ele>431.79998779296875</ele>
        <time>2026-07-11T00:50:18.000Z</time>
        <extensions>
          <ns3:TrackPointExtension>
            <ns3:hr>149</ns3:hr>
            <ns3:cad>89</ns3:cad>
          </ns3:TrackPointExtension>
        </extensions>
      </trkpt>
      <trkpt lat="34.1833861358463764190673828125" lon="108.93091798759996891021728515625">
        <ele>431.79998779296875</ele>
        <time>2026-07-11T00:50:19.000Z</time>
        <extensions>
          <ns3:TrackPointExtension>
            <ns3:hr>150</ns3:hr>
            <ns3:cad>89</ns3:cad>
          </ns3:TrackPointExtension>
        </extensions>
      </trkpt>
      <trkpt lat="34.1833666898310184478759765625" lon="108.930918909609317779541015625">
        <ele>431.79998779296875</ele>
        <time>2026-07-11T00:50:20.000Z</time>
        <extensions>
          <ns3:TrackPointExtension>
            <ns3:hr>150</ns3:hr>
            <ns3:cad>89</ns3:cad>
          </ns3:TrackPointExtension>
        </extensions>
      </trkpt>
      <trkpt lat="34.183342717587947845458984375" lon="108.9309167303144931793212890625">
        <ele>431.79998779296875</ele>
        <time>2026-07-11T00:50:21.000Z</time>
        <extensions>
          <ns3:TrackPointExtension>
            <ns3:hr>151</ns3:hr>
            <ns3:cad>89</ns3:cad>
          </ns3:TrackPointExtension>
        </extensions>
      </trkpt>
      <trkpt lat="34.18332335539162158966064453125" lon="108.93091765232384204864501953125">
        <ele>432</ele>
        <time>2026-07-11T00:50:22.000Z</time>
        <extensions>
          <ns3:TrackPointExtension>
            <ns3:hr>151</ns3:hr>
            <ns3:cad>89</ns3:cad>
          </ns3:TrackPointExtension>
        </extensions>
      </trkpt>
      <trkpt lat="34.18329770676791667938232421875" lon="108.9309140481054782867431640625">
        <ele>432</ele>
        <time>2026-07-11T00:50:23.000Z</time>
        <extensions>
          <ns3:TrackPointExtension>
            <ns3:hr>150</ns3:hr>
            <ns3:cad>89</ns3:cad>
          </ns3:TrackPointExtension>
        </extensions>
      </trkpt>
      <trkpt lat="34.18328261934220790863037109375" lon="108.93091279082000255584716796875">
        <ele>432.20001220703125</ele>
        <time>2026-07-11T00:50:24.000Z</time>
        <extensions>
          <ns3:TrackPointExtension>
            <ns3:hr>150</ns3:hr>
            <ns3:cad>89</ns3:cad>
          </ns3:TrackPointExtension>
        </extensions>
      </trkpt>
      <trkpt lat="34.18325646780431270599365234375" lon="108.930913545191287994384765625">
        <ele>432.20001220703125</ele>
        <time>2026-07-11T00:50:25.000Z</time>
        <extensions>
          <ns3:TrackPointExtension>
            <ns3:hr>150</ns3:hr>
            <ns3:cad>89</ns3:cad>
          </ns3:TrackPointExtension>
        </extensions>
      </trkpt>
      <trkpt lat="34.183234758675098419189453125" lon="108.93091681413352489471435546875">
        <ele>432</ele>
        <time>2026-07-11T00:50:26.000Z</time>
        <extensions>
          <ns3:TrackPointExtension>
            <ns3:hr>150</ns3:hr>
            <ns3:cad>89</ns3:cad>
          </ns3:TrackPointExtension>
        </extensions>
      </trkpt>
      <trkpt lat="34.18320852331817150115966796875" lon="108.9309127070009708404541015625">
        <ele>432</ele>
        <time>2026-07-11T00:50:27.000Z</time>
        <extensions>
          <ns3:TrackPointExtension>
            <ns3:hr>150</ns3:hr>
            <ns3:cad>88</ns3:cad>
          </ns3:TrackPointExtension>
        </extensions>
      </trkpt>
      <trkpt lat="34.18318681418895721435546875" lon="108.9309127070009708404541015625">
        <ele>432</ele>
        <time>2026-07-11T00:50:28.000Z</time>
        <extensions>
          <ns3:TrackPointExtension>
            <ns3:hr>150</ns3:hr>
            <ns3:cad>89</ns3:cad>
          </ns3:TrackPointExtension>
        </extensions>
      </trkpt>
      <trkpt lat="34.18315990827977657318115234375" lon="108.93091262318193912506103515625">
        <ele>432</ele>
        <time>2026-07-11T00:50:29.000Z</time>
        <extensions>
          <ns3:TrackPointExtension>
            <ns3:hr>150</ns3:hr>
            <ns3:cad>89</ns3:cad>
          </ns3:TrackPointExtension>
        </extensions>
      </trkpt>
      <trkpt lat="34.183136187493801116943359375" lon="108.930911533534526824951171875">
        <ele>432</ele>
        <time>2026-07-11T00:50:30.000Z</time>
        <extensions>
          <ns3:TrackPointExtension>
            <ns3:hr>150</ns3:hr>
            <ns3:cad>89</ns3:cad>
          </ns3:TrackPointExtension>
        </extensions>
      </trkpt>
      <trkpt lat="34.18311213143169879913330078125" lon="108.93091480247676372528076171875">
        <ele>432.20001220703125</ele>
        <time>2026-07-11T00:50:31.000Z</time>
        <extensions>
          <ns3:TrackPointExtension>
            <ns3:hr>150</ns3:hr>
            <ns3:cad>89</ns3:cad>
          </ns3:TrackPointExtension>
        </extensions>
      </trkpt>
      <trkpt lat="34.18309201486408710479736328125" lon="108.93091513775289058685302734375">
        <ele>432.20001220703125</ele>
        <time>2026-07-11T00:50:32.000Z</time>
        <extensions>
          <ns3:TrackPointExtension>
            <ns3:hr>150</ns3:hr>
            <ns3:cad>90</ns3:cad>
          </ns3:TrackPointExtension>
        </extensions>
      </trkpt>
      <trkpt lat="34.18306536041200160980224609375" lon="108.93091656267642974853515625">
        <ele>432.20001220703125</ele>
        <time>2026-07-11T00:50:33.000Z</time>
        <extensions>
          <ns3:TrackPointExtension>
            <ns3:hr>151</ns3:hr>
            <ns3:cad>90</ns3:cad>
          </ns3:TrackPointExtension>
        </extensions>
      </trkpt>
      <trkpt lat="34.1830413043498992919921875" lon="108.9309180714190006256103515625">
        <ele>432.399993896484375</ele>
        <time>2026-07-11T00:50:34.000Z</time>
        <extensions>
          <ns3:TrackPointExtension>
            <ns3:hr>150</ns3:hr>
            <ns3:cad>90</ns3:cad>
          </ns3:TrackPointExtension>
        </extensions>
      </trkpt>
      <trkpt lat="34.18302185833454132080078125" lon="108.93091429956257343292236328125">
        <ele>432.399993896484375</ele>
        <time>2026-07-11T00:50:35.000Z</time>
        <extensions>
          <ns3:TrackPointExtension>
            <ns3:hr>150</ns3:hr>
            <ns3:cad>90</ns3:cad>
          </ns3:TrackPointExtension>
        </extensions>
      </trkpt>
      <trkpt lat="34.18300383724272251129150390625" lon="108.9309187419712543487548828125">
        <ele>432.399993896484375</ele>
        <time>2026-07-11T00:50:36.000Z</time>
        <extensions>
          <ns3:TrackPointExtension>
            <ns3:hr>151</ns3:hr>
            <ns3:cad>89</ns3:cad>
          </ns3:TrackPointExtension>
        </extensions>
      </trkpt>
      <trkpt lat="34.18297952972352504730224609375" lon="108.9309220947325229644775390625">
        <ele>432.399993896484375</ele>
        <time>2026-07-11T00:50:37.000Z</time>
        <extensions>
          <ns3:TrackPointExtension>
            <ns3:hr>150</ns3:hr>
            <ns3:cad>89</ns3:cad>
          </ns3:TrackPointExtension>
        </extensions>
      </trkpt>
      <trkpt lat="34.182959496974945068359375" lon="108.9309224300086498260498046875">
        <ele>432.399993896484375</ele>
        <time>2026-07-11T00:50:38.000Z</time>
        <extensions>
          <ns3:TrackPointExtension>
            <ns3:hr>151</ns3:hr>
            <ns3:cad>89</ns3:cad>
          </ns3:TrackPointExtension>
        </extensions>
      </trkpt>
      <trkpt lat="34.182939715683460235595703125" lon="108.930915892124176025390625">
        <ele>432.399993896484375</ele>
        <time>2026-07-11T00:50:39.000Z</time>
        <extensions>
          <ns3:TrackPointExtension>
            <ns3:hr>151</ns3:hr>
            <ns3:cad>89</ns3:cad>
          </ns3:TrackPointExtension>
        </extensions>
      </trkpt>
      <trkpt lat="34.1829192638397216796875" lon="108.93091463483870029449462890625">
        <ele>432.399993896484375</ele>
        <time>2026-07-11T00:50:40.000Z</time>
        <extensions>
          <ns3:TrackPointExtension>
            <ns3:hr>151</ns3:hr>
            <ns3:cad>89</ns3:cad>
          </ns3:TrackPointExtension>
        </extensions>
      </trkpt>
      <trkpt lat="34.18290090747177600860595703125" lon="108.9309160597622394561767578125">
        <ele>432.399993896484375</ele>
        <time>2026-07-11T00:50:41.000Z</time>
        <extensions>
          <ns3:TrackPointExtension>
            <ns3:hr>151</ns3:hr>
            <ns3:cad>89</ns3:cad>
          </ns3:TrackPointExtension>
        </extensions>
      </trkpt>
      <trkpt lat="34.18288179673254489898681640625" lon="108.9309167303144931793212890625">
        <ele>432.600006103515625</ele>
        <time>2026-07-11T00:50:42.000Z</time>
        <extensions>
          <ns3:TrackPointExtension>
            <ns3:hr>152</ns3:hr>
            <ns3:cad>89</ns3:cad>
          </ns3:TrackPointExtension>
        </extensions>
      </trkpt>
      <trkpt lat="34.1828607581555843353271484375" lon="108.93091714940965175628662109375">
        <ele>432.600006103515625</ele>
        <time>2026-07-11T00:50:43.000Z</time>
        <extensions>
          <ns3:TrackPointExtension>
            <ns3:hr>152</ns3:hr>
            <ns3:cad>89</ns3:cad>
          </ns3:TrackPointExtension>
        </extensions>
      </trkpt>
      <trkpt lat="34.18284022249281406402587890625" lon="108.9309174008667469024658203125">
        <ele>432.600006103515625</ele>
        <time>2026-07-11T00:50:44.000Z</time>
        <extensions>
          <ns3:TrackPointExtension>
            <ns3:hr>153</ns3:hr>
            <ns3:cad>89</ns3:cad>
          </ns3:TrackPointExtension>
        </extensions>
      </trkpt>
      <trkpt lat="34.18281038291752338409423828125" lon="108.93091580830514430999755859375">
        <ele>432.600006103515625</ele>
        <time>2026-07-11T00:50:45.000Z</time>
        <extensions>
          <ns3:TrackPointExtension>
            <ns3:hr>153</ns3:hr>
            <ns3:cad>90</ns3:cad>
          </ns3:TrackPointExtension>
        </extensions>
      </trkpt>
      <trkpt lat="34.1827864944934844970703125" lon="108.93091798759996891021728515625">
        <ele>432.79998779296875</ele>
        <time>2026-07-11T00:50:46.000Z</time>
        <extensions>
          <ns3:TrackPointExtension>
            <ns3:hr>153</ns3:hr>
            <ns3:cad>90</ns3:cad>
          </ns3:TrackPointExtension>
        </extensions>
      </trkpt>
      <trkpt lat="34.1827608458697795867919921875" lon="108.9309194125235080718994140625">
        <ele>432.79998779296875</ele>
        <time>2026-07-11T00:50:47.000Z</time>
        <extensions>
          <ns3:TrackPointExtension>
            <ns3:hr>153</ns3:hr>
            <ns3:cad>90</ns3:cad>
          </ns3:TrackPointExtension>
        </extensions>
      </trkpt>
      <trkpt lat="34.18273662216961383819580078125" lon="108.9309200830757617950439453125">
        <ele>432.79998779296875</ele>
        <time>2026-07-11T00:50:48.000Z</time>
        <extensions>
          <ns3:TrackPointExtension>
            <ns3:hr>153</ns3:hr>
            <ns3:cad>90</ns3:cad>
          </ns3:TrackPointExtension>
        </extensions>
      </trkpt>
      <trkpt lat="34.1827118955552577972412109375" lon="108.9309217594563961029052734375">
        <ele>433</ele>
        <time>2026-07-11T00:50:49.000Z</time>
        <extensions>
          <ns3:TrackPointExtension>
            <ns3:hr>153</ns3:hr>
            <ns3:cad>89</ns3:cad>
          </ns3:TrackPointExtension>
        </extensions>
      </trkpt>
      <trkpt lat="34.182686917483806610107421875" lon="108.9309224300086498260498046875">
        <ele>433</ele>
        <time>2026-07-11T00:50:50.000Z</time>
        <extensions>
          <ns3:TrackPointExtension>
            <ns3:hr>153</ns3:hr>
            <ns3:cad>89</ns3:cad>
          </ns3:TrackPointExtension>
        </extensions>
      </trkpt>
      <trkpt lat="34.182664453983306884765625" lon="108.93092368729412555694580078125">
        <ele>433</ele>
        <time>2026-07-11T00:50:51.000Z</time>
        <extensions>
          <ns3:TrackPointExtension>
            <ns3:hr>153</ns3:hr>
            <ns3:cad>89</ns3:cad>
          </ns3:TrackPointExtension>
        </extensions>
      </trkpt>
      <trkpt lat="34.18264358304440975189208984375" lon="108.93091983161866664886474609375">
        <ele>433</ele>
        <time>2026-07-11T00:50:52.000Z</time>
        <extensions>
          <ns3:TrackPointExtension>
            <ns3:hr>154</ns3:hr>
            <ns3:cad>89</ns3:cad>
          </ns3:TrackPointExtension>
        </extensions>
      </trkpt>
      <trkpt lat="34.182621203362941741943359375" lon="108.9309157244861125946044921875">
        <ele>433</ele>
        <time>2026-07-11T00:50:53.000Z</time>
        <extensions>
          <ns3:TrackPointExtension>
            <ns3:hr>154</ns3:hr>
            <ns3:cad>88</ns3:cad>
          </ns3:TrackPointExtension>
        </extensions>
      </trkpt>
      <trkpt lat="34.18260066770017147064208984375" lon="108.93091564066708087921142578125">
        <ele>433</ele>
        <time>2026-07-11T00:50:54.000Z</time>
        <extensions>
          <ns3:TrackPointExtension>
            <ns3:hr>154</ns3:hr>
            <ns3:cad>88</ns3:cad>
          </ns3:TrackPointExtension>
        </extensions>
      </trkpt>
      <trkpt lat="34.18257988058030605316162109375" lon="108.93091564066708087921142578125">
        <ele>433</ele>
        <time>2026-07-11T00:50:55.000Z</time>
        <extensions>
          <ns3:TrackPointExtension>
            <ns3:hr>154</ns3:hr>
            <ns3:cad>89</ns3:cad>
          </ns3:TrackPointExtension>
        </extensions>
      </trkpt>
      <trkpt lat="34.18255859054625034332275390625" lon="108.93091631121933460235595703125">
        <ele>433</ele>
        <time>2026-07-11T00:50:56.000Z</time>
        <extensions>
          <ns3:TrackPointExtension>
            <ns3:hr>154</ns3:hr>
            <ns3:cad>89</ns3:cad>
          </ns3:TrackPointExtension>
        </extensions>
      </trkpt>
      <trkpt lat="34.18253830634057521820068359375" lon="108.9309199154376983642578125">
        <ele>433.20001220703125</ele>
        <time>2026-07-11T00:50:57.000Z</time>
        <extensions>
          <ns3:TrackPointExtension>
            <ns3:hr>154</ns3:hr>
            <ns3:cad>90</ns3:cad>
          </ns3:TrackPointExtension>
        </extensions>
      </trkpt>
      <trkpt lat="34.18251492083072662353515625" lon="108.930916897952556610107421875">
        <ele>433.20001220703125</ele>
        <time>2026-07-11T00:50:58.000Z</time>
        <extensions>
          <ns3:TrackPointExtension>
            <ns3:hr>154</ns3:hr>
            <ns3:cad>89</ns3:cad>
          </ns3:TrackPointExtension>
        </extensions>
      </trkpt>
      <trkpt lat="34.1824941337108612060546875" lon="108.93092050217092037200927734375">
        <ele>433.20001220703125</ele>
        <time>2026-07-11T00:50:59.000Z</time>
        <extensions>
          <ns3:TrackPointExtension>
            <ns3:hr>154</ns3:hr>
            <ns3:cad>88</ns3:cad>
          </ns3:TrackPointExtension>
        </extensions>
      </trkpt>
      <trkpt lat="34.18246991001069545745849609375" lon="108.93091916106641292572021484375">
        <ele>433.20001220703125</ele>
        <time>2026-07-11T00:51:00.000Z</time>
        <extensions>
          <ns3:TrackPointExtension>
            <ns3:hr>155</ns3:hr>
            <ns3:cad>88</ns3:cad>
          </ns3:TrackPointExtension>
        </extensions>
      </trkpt>
      <trkpt lat="34.18244979344308376312255859375" lon="108.93091781996190547943115234375">
        <ele>433.20001220703125</ele>
        <time>2026-07-11T00:51:01.000Z</time>
        <extensions>
          <ns3:TrackPointExtension>
            <ns3:hr>155</ns3:hr>
            <ns3:cad>88</ns3:cad>
          </ns3:TrackPointExtension>
        </extensions>
      </trkpt>
      <trkpt lat="34.182422719895839691162109375" lon="108.930911533534526824951171875">
        <ele>433.399993896484375</ele>
        <time>2026-07-11T00:51:02.000Z</time>
        <extensions>
          <ns3:TrackPointExtension>
            <ns3:hr>155</ns3:hr>
            <ns3:cad>89</ns3:cad>
          </ns3:TrackPointExtension>
        </extensions>
      </trkpt>
      <trkpt lat="34.182407297194004058837890625" lon="108.93091731704771518707275390625">
        <ele>433.399993896484375</ele>
        <time>2026-07-11T00:51:03.000Z</time>
        <extensions>
          <ns3:TrackPointExtension>
            <ns3:hr>155</ns3:hr>
            <ns3:cad>89</ns3:cad>
          </ns3:TrackPointExtension>
        </extensions>
      </trkpt>
      <trkpt lat="34.18238575570285320281982421875" lon="108.93092804588377475738525390625">
        <ele>433.399993896484375</ele>
        <time>2026-07-11T00:51:04.000Z</time>
        <extensions>
          <ns3:TrackPointExtension>
            <ns3:hr>155</ns3:hr>
            <ns3:cad>89</ns3:cad>
          </ns3:TrackPointExtension>
        </extensions>
      </trkpt>
      <trkpt lat="34.1823675669729709625244140625" lon="108.930941037833690643310546875">
        <ele>433.600006103515625</ele>
        <time>2026-07-11T00:51:05.000Z</time>
        <extensions>
          <ns3:TrackPointExtension>
            <ns3:hr>155</ns3:hr>
            <ns3:cad>88</ns3:cad>
          </ns3:TrackPointExtension>
        </extensions>
      </trkpt>
      <trkpt lat="34.18235088698565959930419921875" lon="108.93096392042934894561767578125">
        <ele>433.600006103515625</ele>
        <time>2026-07-11T00:51:06.000Z</time>
        <extensions>
          <ns3:TrackPointExtension>
            <ns3:hr>155</ns3:hr>
            <ns3:cad>88</ns3:cad>
          </ns3:TrackPointExtension>
        </extensions>
      </trkpt>
      <trkpt lat="34.18233714066445827484130859375" lon="108.93098437227308750152587890625">
        <ele>433.600006103515625</ele>
        <time>2026-07-11T00:51:07.000Z</time>
        <extensions>
          <ns3:TrackPointExtension>
            <ns3:hr>156</ns3:hr>
            <ns3:cad>88</ns3:cad>
          </ns3:TrackPointExtension>
        </extensions>
      </trkpt>
      <trkpt lat="34.182322137057781219482421875" lon="108.93101538531482219696044921875">
        <ele>433.79998779296875</ele>
        <time>2026-07-11T00:51:08.000Z</time>
        <extensions>
          <ns3:TrackPointExtension>
            <ns3:hr>155</ns3:hr>
            <ns3:cad>88</ns3:cad>
          </ns3:TrackPointExtension>
        </extensions>
      </trkpt>
      <trkpt lat="34.18230931274592876434326171875" lon="108.93103583715856075286865234375">
        <ele>433.600006103515625</ele>
        <time>2026-07-11T00:51:09.000Z</time>
        <extensions>
          <ns3:TrackPointExtension>
            <ns3:hr>155</ns3:hr>
            <ns3:cad>88</ns3:cad>
          </ns3:TrackPointExtension>
        </extensions>
      </trkpt>
      <trkpt lat="34.182297997176647186279296875" lon="108.93104421906173229217529296875">
        <ele>433.600006103515625</ele>
        <time>2026-07-11T00:51:10.000Z</time>
        <extensions>
          <ns3:TrackPointExtension>
            <ns3:hr>156</ns3:hr>
            <ns3:cad>87</ns3:cad>
          </ns3:TrackPointExtension>
        </extensions>
      </trkpt>
      <trkpt lat="34.1822857595980167388916015625" lon="108.9310488291084766387939453125">
        <ele>433.600006103515625</ele>
        <time>2026-07-11T00:51:11.000Z</time>
        <extensions>
          <ns3:TrackPointExtension>
            <ns3:hr>155</ns3:hr>
            <ns3:cad>87</ns3:cad>
          </ns3:TrackPointExtension>
        </extensions>
      </trkpt>
      <trkpt lat="34.18226681649684906005859375" lon="108.93104539252817630767822265625">
        <ele>433.600006103515625</ele>
        <time>2026-07-11T00:51:12.000Z</time>
        <extensions>
          <ns3:TrackPointExtension>
            <ns3:hr>155</ns3:hr>
            <ns3:cad>86</ns3:cad>
          </ns3:TrackPointExtension>
        </extensions>
      </trkpt>
      <trkpt lat="34.1822535730898380279541015625" lon="108.9310424588620662689208984375">
        <ele>433.600006103515625</ele>
        <time>2026-07-11T00:51:13.000Z</time>
        <extensions>
          <ns3:TrackPointExtension>
            <ns3:hr>156</ns3:hr>
            <ns3:cad>85</ns3:cad>
          </ns3:TrackPointExtension>
        </extensions>
      </trkpt>
      <trkpt lat="34.18222482316195964813232421875" lon="108.931036926805973052978515625">
        <ele>433.79998779296875</ele>
        <time>2026-07-11T00:51:14.000Z</time>
        <extensions>
          <ns3:TrackPointExtension>
            <ns3:hr>155</ns3:hr>
            <ns3:cad>85</ns3:cad>
          </ns3:TrackPointExtension>
        </extensions>
      </trkpt>
      <trkpt lat="34.1822042874991893768310546875" lon="108.931033574044704437255859375">
        <ele>433.79998779296875</ele>
        <time>2026-07-11T00:51:15.000Z</time>
        <extensions>
          <ns3:TrackPointExtension>
            <ns3:hr>155</ns3:hr>
            <ns3:cad>85</ns3:cad>
          </ns3:TrackPointExtension>
        </extensions>
      </trkpt>
      <trkpt lat="34.1821776330471038818359375" lon="108.93102209083735942840576171875">
        <ele>433.79998779296875</ele>
        <time>2026-07-11T00:51:16.000Z</time>
        <extensions>
          <ns3:TrackPointExtension>
            <ns3:hr>154</ns3:hr>
            <ns3:cad>83</ns3:cad>
          </ns3:TrackPointExtension>
        </extensions>
      </trkpt>
      <trkpt lat="34.182158522307872772216796875" lon="108.93100901506841182708740234375">
        <ele>433.79998779296875</ele>
        <time>2026-07-11T00:51:17.000Z</time>
        <extensions>
          <ns3:TrackPointExtension>
            <ns3:hr>153</ns3:hr>
            <ns3:cad>85</ns3:cad>
          </ns3:TrackPointExtension>
        </extensions>
      </trkpt>
      <trkpt lat="34.18213698081672191619873046875" lon="108.9309904910624027252197265625">
        <ele>434</ele>
        <time>2026-07-11T00:51:18.000Z</time>
        <extensions>
          <ns3:TrackPointExtension>
            <ns3:hr>153</ns3:hr>
            <ns3:cad>87</ns3:cad>
          </ns3:TrackPointExtension>
        </extensions>
      </trkpt>
      <trkpt lat="34.18211535550653934478759765625" lon="108.93097196705639362335205078125">
        <ele>434</ele>
        <time>2026-07-11T00:51:19.000Z</time>
        <extensions>
          <ns3:TrackPointExtension>
            <ns3:hr>153</ns3:hr>
            <ns3:cad>87</ns3:cad>
          </ns3:TrackPointExtension>
        </extensions>
      </trkpt>
      <trkpt lat="34.1821020282804965972900390625" lon="108.9309633336961269378662109375">
        <ele>434</ele>
        <time>2026-07-11T00:51:20.000Z</time>
        <extensions>
          <ns3:TrackPointExtension>
            <ns3:hr>153</ns3:hr>
            <ns3:cad>87</ns3:cad>
          </ns3:TrackPointExtension>
        </extensions>
      </trkpt>
      <trkpt lat="34.182080738246440887451171875" lon="108.93094548024237155914306640625">
        <ele>434.20001220703125</ele>
        <time>2026-07-11T00:51:21.000Z</time>
        <extensions>
          <ns3:TrackPointExtension>
            <ns3:hr>153</ns3:hr>
            <ns3:cad>87</ns3:cad>
          </ns3:TrackPointExtension>
        </extensions>
      </trkpt>
      <trkpt lat="34.18206137605011463165283203125" lon="108.930939696729183197021484375">
        <ele>434.600006103515625</ele>
        <time>2026-07-11T00:51:22.000Z</time>
        <extensions>
          <ns3:TrackPointExtension>
            <ns3:hr>152</ns3:hr>
            <ns3:cad>87</ns3:cad>
          </ns3:TrackPointExtension>
        </extensions>
      </trkpt>
      <trkpt lat="34.18203455395996570587158203125" lon="108.93093475140631198883056640625">
        <ele>434.600006103515625</ele>
        <time>2026-07-11T00:51:23.000Z</time>
        <extensions>
          <ns3:TrackPointExtension>
            <ns3:hr>153</ns3:hr>
            <ns3:cad>87</ns3:cad>
          </ns3:TrackPointExtension>
        </extensions>
      </trkpt>
      <trkpt lat="34.18201494030654430389404296875" lon="108.9309361763298511505126953125">
        <ele>434.600006103515625</ele>
        <time>2026-07-11T00:51:24.000Z</time>
        <extensions>
          <ns3:TrackPointExtension>
            <ns3:hr>153</ns3:hr>
            <ns3:cad>87</ns3:cad>
          </ns3:TrackPointExtension>
        </extensions>
      </trkpt>
      <trkpt lat="34.18198929168283939361572265625" lon="108.93093089573085308074951171875">
        <ele>434.600006103515625</ele>
        <time>2026-07-11T00:51:25.000Z</time>
        <extensions>
          <ns3:TrackPointExtension>
            <ns3:hr>153</ns3:hr>
            <ns3:cad>88</ns3:cad>
          </ns3:TrackPointExtension>
        </extensions>
      </trkpt>
      <trkpt lat="34.18197001330554485321044921875" lon="108.93093072809278964996337890625">
        <ele>434.600006103515625</ele>
        <time>2026-07-11T00:51:26.000Z</time>
        <extensions>
          <ns3:TrackPointExtension>
            <ns3:hr>153</ns3:hr>
            <ns3:cad>88</ns3:cad>
          </ns3:TrackPointExtension>
        </extensions>
      </trkpt>
      <trkpt lat="34.181947968900203704833984375" lon="108.93093022517859935760498046875">
        <ele>434.399993896484375</ele>
        <time>2026-07-11T00:51:27.000Z</time>
        <extensions>
          <ns3:TrackPointExtension>
            <ns3:hr>152</ns3:hr>
            <ns3:cad>88</ns3:cad>
          </ns3:TrackPointExtension>
        </extensions>
      </trkpt>
      <trkpt lat="34.18192709796130657196044921875" lon="108.93092821352183818817138671875">
        <ele>434.20001220703125</ele>
        <time>2026-07-11T00:51:28.000Z</time>
        <extensions>
          <ns3:TrackPointExtension>
            <ns3:hr>152</ns3:hr>
            <ns3:cad>87</ns3:cad>
          </ns3:TrackPointExtension>
        </extensions>
      </trkpt>
      <trkpt lat="34.18190547265112400054931640625" lon="108.9309244416654109954833984375">
        <ele>434</ele>
        <time>2026-07-11T00:51:29.000Z</time>
        <extensions>
          <ns3:TrackPointExtension>
            <ns3:hr>152</ns3:hr>
            <ns3:cad>87</ns3:cad>
          </ns3:TrackPointExtension>
        </extensions>
      </trkpt>
      <trkpt lat="34.18188954703509807586669921875" lon="108.93092251382768154144287109375">
        <ele>434</ele>
        <time>2026-07-11T00:51:30.000Z</time>
        <extensions>
          <ns3:TrackPointExtension>
            <ns3:hr>153</ns3:hr>
            <ns3:cad>88</ns3:cad>
          </ns3:TrackPointExtension>
        </extensions>
      </trkpt>
      <trkpt lat="34.18187043629586696624755859375" lon="108.93092326819896697998046875">
        <ele>434</ele>
        <time>2026-07-11T00:51:31.000Z</time>
        <extensions>
          <ns3:TrackPointExtension>
            <ns3:hr>153</ns3:hr>
            <ns3:cad>88</ns3:cad>
          </ns3:TrackPointExtension>
        </extensions>
      </trkpt>
      <trkpt lat="34.18185132555663585662841796875" lon="108.93091849051415920257568359375">
        <ele>434</ele>
        <time>2026-07-11T00:51:32.000Z</time>
        <extensions>
          <ns3:TrackPointExtension>
            <ns3:hr>153</ns3:hr>
            <ns3:cad>88</ns3:cad>
          </ns3:TrackPointExtension>
        </extensions>
      </trkpt>
      <trkpt lat="34.18183137662708759307861328125" lon="108.93091714940965175628662109375">
        <ele>434.20001220703125</ele>
        <time>2026-07-11T00:51:33.000Z</time>
        <extensions>
          <ns3:TrackPointExtension>
            <ns3:hr>153</ns3:hr>
            <ns3:cad>88</ns3:cad>
          </ns3:TrackPointExtension>
        </extensions>
      </trkpt>
      <trkpt lat="34.18180438689887523651123046875" lon="108.9309130422770977020263671875">
        <ele>434.20001220703125</ele>
        <time>2026-07-11T00:51:34.000Z</time>
        <extensions>
          <ns3:TrackPointExtension>
            <ns3:hr>153</ns3:hr>
            <ns3:cad>88</ns3:cad>
          </ns3:TrackPointExtension>
        </extensions>
      </trkpt>
      <trkpt lat="34.1817841865122318267822265625" lon="108.9309106953442096710205078125">
        <ele>434.399993896484375</ele>
        <time>2026-07-11T00:51:35.000Z</time>
        <extensions>
          <ns3:TrackPointExtension>
            <ns3:hr>152</ns3:hr>
            <ns3:cad>89</ns3:cad>
          </ns3:TrackPointExtension>
        </extensions>
      </trkpt>
      <trkpt lat="34.18176013045012950897216796875" lon="108.930904828011989593505859375">
        <ele>434.399993896484375</ele>
        <time>2026-07-11T00:51:36.000Z</time>
        <extensions>
          <ns3:TrackPointExtension>
            <ns3:hr>152</ns3:hr>
            <ns3:cad>88</ns3:cad>
          </ns3:TrackPointExtension>
        </extensions>
      </trkpt>
      <trkpt lat="34.181738086044788360595703125" lon="108.93090709112584590911865234375">
        <ele>434.600006103515625</ele>
        <time>2026-07-11T00:51:37.000Z</time>
        <extensions>
          <ns3:TrackPointExtension>
            <ns3:hr>152</ns3:hr>
            <ns3:cad>88</ns3:cad>
          </ns3:TrackPointExtension>
        </extensions>
      </trkpt>
      <trkpt lat="34.18171226978302001953125" lon="108.93090390600264072418212890625">
        <ele>434.600006103515625</ele>
        <time>2026-07-11T00:51:38.000Z</time>
        <extensions>
          <ns3:TrackPointExtension>
            <ns3:hr>152</ns3:hr>
            <ns3:cad>88</ns3:cad>
          </ns3:TrackPointExtension>
        </extensions>
      </trkpt>
      <trkpt lat="34.18169307522475719451904296875" lon="108.93090943805873394012451171875">
        <ele>434.600006103515625</ele>
        <time>2026-07-11T00:51:39.000Z</time>
        <extensions>
          <ns3:TrackPointExtension>
            <ns3:hr>152</ns3:hr>
            <ns3:cad>88</ns3:cad>
          </ns3:TrackPointExtension>
        </extensions>
      </trkpt>
      <trkpt lat="34.1816668398678302764892578125" lon="108.93090642057359218597412109375">
        <ele>434.79998779296875</ele>
        <time>2026-07-11T00:51:40.000Z</time>
        <extensions>
          <ns3:TrackPointExtension>
            <ns3:hr>152</ns3:hr>
            <ns3:cad>91</ns3:cad>
          </ns3:TrackPointExtension>
        </extensions>
      </trkpt>
      <trkpt lat="34.1816453821957111358642578125" lon="108.93090290017426013946533203125">
        <ele>434.79998779296875</ele>
        <time>2026-07-11T00:51:41.000Z</time>
        <extensions>
          <ns3:TrackPointExtension>
            <ns3:hr>152</ns3:hr>
            <ns3:cad>91</ns3:cad>
          </ns3:TrackPointExtension>
        </extensions>
      </trkpt>
      <trkpt lat="34.1816148720681667327880859375" lon="108.9308999665081501007080078125">
        <ele>434.79998779296875</ele>
        <time>2026-07-11T00:51:42.000Z</time>
        <extensions>
          <ns3:TrackPointExtension>
            <ns3:hr>152</ns3:hr>
            <ns3:cad>91</ns3:cad>
          </ns3:TrackPointExtension>
        </extensions>
      </trkpt>
      <trkpt lat="34.1815927438437938690185546875" lon="108.93089711666107177734375">
        <ele>434.79998779296875</ele>
        <time>2026-07-11T00:51:43.000Z</time>
        <extensions>
          <ns3:TrackPointExtension>
            <ns3:hr>152</ns3:hr>
            <ns3:cad>90</ns3:cad>
          </ns3:TrackPointExtension>
        </extensions>
      </trkpt>
      <trkpt lat="34.18156533502042293548583984375" lon="108.9308904111385345458984375">
        <ele>434.79998779296875</ele>
        <time>2026-07-11T00:51:44.000Z</time>
        <extensions>
          <ns3:TrackPointExtension>
            <ns3:hr>152</ns3:hr>
            <ns3:cad>89</ns3:cad>
          </ns3:TrackPointExtension>
        </extensions>
      </trkpt>
      <trkpt lat="34.18154438026249408721923828125" lon="108.9308957755565643310546875">
        <ele>434.79998779296875</ele>
        <time>2026-07-11T00:51:45.000Z</time>
        <extensions>
          <ns3:TrackPointExtension>
            <ns3:hr>151</ns3:hr>
            <ns3:cad>89</ns3:cad>
          </ns3:TrackPointExtension>
        </extensions>
      </trkpt>
      <trkpt lat="34.1815220005810260772705078125" lon="108.93089954741299152374267578125">
        <ele>434.79998779296875</ele>
        <time>2026-07-11T00:51:46.000Z</time>
        <extensions>
          <ns3:TrackPointExtension>
            <ns3:hr>152</ns3:hr>
            <ns3:cad>89</ns3:cad>
          </ns3:TrackPointExtension>
        </extensions>
      </trkpt>
      <trkpt lat="34.18150506913661956787109375" lon="108.9309011399745941162109375">
        <ele>434.79998779296875</ele>
        <time>2026-07-11T00:51:47.000Z</time>
        <extensions>
          <ns3:TrackPointExtension>
            <ns3:hr>152</ns3:hr>
            <ns3:cad>89</ns3:cad>
          </ns3:TrackPointExtension>
        </extensions>
      </trkpt>
      <trkpt lat="34.1814847849309444427490234375" lon="108.93089870922267436981201171875">
        <ele>435</ele>
        <time>2026-07-11T00:51:48.000Z</time>
        <extensions>
          <ns3:TrackPointExtension>
            <ns3:hr>152</ns3:hr>
            <ns3:cad>89</ns3:cad>
          </ns3:TrackPointExtension>
        </extensions>
      </trkpt>
      <trkpt lat="34.181469194591045379638671875" lon="108.93090088851749897003173828125">
        <ele>435</ele>
        <time>2026-07-11T00:51:49.000Z</time>
        <extensions>
          <ns3:TrackPointExtension>
            <ns3:hr>152</ns3:hr>
            <ns3:cad>89</ns3:cad>
          </ns3:TrackPointExtension>
        </extensions>
      </trkpt>
      <trkpt lat="34.1814480721950531005859375" lon="108.9308982901275157928466796875">
        <ele>435</ele>
        <time>2026-07-11T00:51:50.000Z</time>
        <extensions>
          <ns3:TrackPointExtension>
            <ns3:hr>152</ns3:hr>
            <ns3:cad>89</ns3:cad>
          </ns3:TrackPointExtension>
        </extensions>
      </trkpt>
      <trkpt lat="34.1814331524074077606201171875" lon="108.9308966137468814849853515625">
        <ele>435</ele>
        <time>2026-07-11T00:51:51.000Z</time>
        <extensions>
          <ns3:TrackPointExtension>
            <ns3:hr>152</ns3:hr>
            <ns3:cad>90</ns3:cad>
          </ns3:TrackPointExtension>
        </extensions>
      </trkpt>
      <trkpt lat="34.181416220963001251220703125" lon="108.93088898621499538421630859375">
        <ele>435</ele>
        <time>2026-07-11T00:51:52.000Z</time>
        <extensions>
          <ns3:TrackPointExtension>
            <ns3:hr>153</ns3:hr>
            <ns3:cad>90</ns3:cad>
          </ns3:TrackPointExtension>
        </extensions>
      </trkpt>
      <trkpt lat="34.1814009658992290496826171875" lon="108.93089032731950283050537109375">
        <ele>435.20001220703125</ele>
        <time>2026-07-11T00:51:53.000Z</time>
        <extensions>
          <ns3:TrackPointExtension>
            <ns3:hr>153</ns3:hr>
            <ns3:cad>90</ns3:cad>
          </ns3:TrackPointExtension>
        </extensions>
      </trkpt>
      <trkpt lat="34.18137540109455585479736328125" lon="108.9308855496346950531005859375">
        <ele>435.20001220703125</ele>
        <time>2026-07-11T00:51:54.000Z</time>
        <extensions>
          <ns3:TrackPointExtension>
            <ns3:hr>153</ns3:hr>
            <ns3:cad>90</ns3:cad>
          </ns3:TrackPointExtension>
        </extensions>
      </trkpt>
      <trkpt lat="34.1813553683459758758544921875" lon="108.93088437616825103759765625">
        <ele>435.20001220703125</ele>
        <time>2026-07-11T00:51:55.000Z</time>
        <extensions>
          <ns3:TrackPointExtension>
            <ns3:hr>154</ns3:hr>
            <ns3:cad>89</ns3:cad>
          </ns3:TrackPointExtension>
        </extensions>
      </trkpt>
      <trkpt lat="34.18133131228387355804443359375" lon="108.93088730983436107635498046875">
        <ele>435.20001220703125</ele>
        <time>2026-07-11T00:51:56.000Z</time>
        <extensions>
          <ns3:TrackPointExtension>
            <ns3:hr>154</ns3:hr>
            <ns3:cad>89</ns3:cad>
          </ns3:TrackPointExtension>
        </extensions>
      </trkpt>
      <trkpt lat="34.18131471611559391021728515625" lon="108.93089032731950283050537109375">
        <ele>435</ele>
        <time>2026-07-11T00:51:57.000Z</time>
        <extensions>
          <ns3:TrackPointExtension>
            <ns3:hr>155</ns3:hr>
            <ns3:cad>89</ns3:cad>
          </ns3:TrackPointExtension>
        </extensions>
      </trkpt>
      <trkpt lat="34.18128906749188899993896484375" lon="108.9308899082243442535400390625">
        <ele>435</ele>
        <time>2026-07-11T00:51:58.000Z</time>
        <extensions>
          <ns3:TrackPointExtension>
            <ns3:hr>155</ns3:hr>
            <ns3:cad>89</ns3:cad>
          </ns3:TrackPointExtension>
        </extensions>
      </trkpt>
      <trkpt lat="34.1812685318291187286376953125" lon="108.93088974058628082275390625">
        <ele>435</ele>
        <time>2026-07-11T00:51:59.000Z</time>
        <extensions>
          <ns3:TrackPointExtension>
            <ns3:hr>155</ns3:hr>
            <ns3:cad>89</ns3:cad>
          </ns3:TrackPointExtension>
        </extensions>
      </trkpt>
      <trkpt lat="34.18124087154865264892578125" lon="108.93088982440531253814697265625">
        <ele>435</ele>
        <time>2026-07-11T00:52:00.000Z</time>
        <extensions>
          <ns3:TrackPointExtension>
            <ns3:hr>155</ns3:hr>
            <ns3:cad>89</ns3:cad>
          </ns3:TrackPointExtension>
        </extensions>
      </trkpt>
      <trkpt lat="34.181219078600406646728515625" lon="108.9308917522430419921875">
        <ele>435.20001220703125</ele>
        <time>2026-07-11T00:52:01.000Z</time>
        <extensions>
          <ns3:TrackPointExtension>
            <ns3:hr>155</ns3:hr>
            <ns3:cad>89</ns3:cad>
          </ns3:TrackPointExtension>
        </extensions>
      </trkpt>
      <trkpt lat="34.1811904124915599822998046875" lon="108.9308976195752620697021484375">
        <ele>435.20001220703125</ele>
        <time>2026-07-11T00:52:02.000Z</time>
        <extensions>
          <ns3:TrackPointExtension>
            <ns3:hr>155</ns3:hr>
            <ns3:cad>89</ns3:cad>
          </ns3:TrackPointExtension>
        </extensions>
      </trkpt>
      <trkpt lat="34.18117121793329715728759765625" lon="108.9308999665081501007080078125">
        <ele>435.20001220703125</ele>
        <time>2026-07-11T00:52:03.000Z</time>
        <extensions>
          <ns3:TrackPointExtension>
            <ns3:hr>155</ns3:hr>
            <ns3:cad>89</ns3:cad>
          </ns3:TrackPointExtension>
        </extensions>
      </trkpt>
      <trkpt lat="34.181144647300243377685546875" lon="108.93090910278260707855224609375">
        <ele>435.20001220703125</ele>
        <time>2026-07-11T00:52:04.000Z</time>
        <extensions>
          <ns3:TrackPointExtension>
            <ns3:hr>155</ns3:hr>
            <ns3:cad>88</ns3:cad>
          </ns3:TrackPointExtension>
        </extensions>
      </trkpt>
      <trkpt lat="34.18112327344715595245361328125" lon="108.93091983161866664886474609375">
        <ele>435.20001220703125</ele>
        <time>2026-07-11T00:52:05.000Z</time>
        <extensions>
          <ns3:TrackPointExtension>
            <ns3:hr>154</ns3:hr>
            <ns3:cad>88</ns3:cad>
          </ns3:TrackPointExtension>
        </extensions>
      </trkpt>
      <trkpt lat="34.18110005557537078857421875" lon="108.9309197477996349334716796875">
        <ele>435.20001220703125</ele>
        <time>2026-07-11T00:52:06.000Z</time>
        <extensions>
          <ns3:TrackPointExtension>
            <ns3:hr>155</ns3:hr>
            <ns3:cad>87</ns3:cad>
          </ns3:TrackPointExtension>
        </extensions>
      </trkpt>
      <trkpt lat="34.18107247911393642425537109375" lon="108.93091865815222263336181640625">
        <ele>435.20001220703125</ele>
        <time>2026-07-11T00:52:07.000Z</time>
        <extensions>
          <ns3:TrackPointExtension>
            <ns3:hr>155</ns3:hr>
            <ns3:cad>88</ns3:cad>
          </ns3:TrackPointExtension>
        </extensions>
      </trkpt>
      <trkpt lat="34.18104775249958038330078125" lon="108.93092251382768154144287109375">
        <ele>435.399993896484375</ele>
        <time>2026-07-11T00:52:08.000Z</time>
        <extensions>
          <ns3:TrackPointExtension>
            <ns3:hr>155</ns3:hr>
            <ns3:cad>88</ns3:cad>
          </ns3:TrackPointExtension>
        </extensions>
      </trkpt>
      <trkpt lat="34.1810210980474948883056640625" lon="108.93092368729412555694580078125">
        <ele>435.399993896484375</ele>
        <time>2026-07-11T00:52:09.000Z</time>
        <extensions>
          <ns3:TrackPointExtension>
            <ns3:hr>155</ns3:hr>
            <ns3:cad>88</ns3:cad>
          </ns3:TrackPointExtension>
        </extensions>
      </trkpt>
      <trkpt lat="34.180999137461185455322265625" lon="108.930925615131855010986328125">
        <ele>435.399993896484375</ele>
        <time>2026-07-11T00:52:10.000Z</time>
        <extensions>
          <ns3:TrackPointExtension>
            <ns3:hr>155</ns3:hr>
            <ns3:cad>88</ns3:cad>
          </ns3:TrackPointExtension>
        </extensions>
      </trkpt>
      <trkpt lat="34.18097457848489284515380859375" lon="108.93093341030180454254150390625">
        <ele>435.600006103515625</ele>
        <time>2026-07-11T00:52:11.000Z</time>
        <extensions>
          <ns3:TrackPointExtension>
            <ns3:hr>154</ns3:hr>
            <ns3:cad>87</ns3:cad>
          </ns3:TrackPointExtension>
        </extensions>
      </trkpt>
      <trkpt lat="34.180958233773708343505859375" lon="108.930944390594959259033203125">
        <ele>435.600006103515625</ele>
        <time>2026-07-11T00:52:12.000Z</time>
        <extensions>
          <ns3:TrackPointExtension>
            <ns3:hr>155</ns3:hr>
            <ns3:cad>87</ns3:cad>
          </ns3:TrackPointExtension>
        </extensions>
      </trkpt>
      <trkpt lat="34.18093803338706493377685546875" lon="108.930956460535526275634765625">
        <ele>435.600006103515625</ele>
        <time>2026-07-11T00:52:13.000Z</time>
        <extensions>
          <ns3:TrackPointExtension>
            <ns3:hr>155</ns3:hr>
            <ns3:cad>87</ns3:cad>
          </ns3:TrackPointExtension>
        </extensions>
      </trkpt>
      <trkpt lat="34.180926717817783355712890625" lon="108.9309713803231716156005859375">
        <ele>435.600006103515625</ele>
        <time>2026-07-11T00:52:14.000Z</time>
        <extensions>
          <ns3:TrackPointExtension>
            <ns3:hr>154</ns3:hr>
            <ns3:cad>88</ns3:cad>
          </ns3:TrackPointExtension>
        </extensions>
      </trkpt>
      <trkpt lat="34.18091188184916973114013671875" lon="108.9309982024133205413818359375">
        <ele>435.79998779296875</ele>
        <time>2026-07-11T00:52:15.000Z</time>
        <extensions>
          <ns3:TrackPointExtension>
            <ns3:hr>155</ns3:hr>
            <ns3:cad>88</ns3:cad>
          </ns3:TrackPointExtension>
        </extensions>
      </trkpt>
      <trkpt lat="34.18090282939374446868896484375" lon="108.9310142956674098968505859375">
        <ele>435.79998779296875</ele>
        <time>2026-07-11T00:52:16.000Z</time>
        <extensions>
          <ns3:TrackPointExtension>
            <ns3:hr>155</ns3:hr>
            <ns3:cad>87</ns3:cad>
          </ns3:TrackPointExtension>
        </extensions>
      </trkpt>
      <trkpt lat="34.18089025653898715972900390625" lon="108.93103717826306819915771484375">
        <ele>435.79998779296875</ele>
        <time>2026-07-11T00:52:17.000Z</time>
        <extensions>
          <ns3:TrackPointExtension>
            <ns3:hr>154</ns3:hr>
            <ns3:cad>87</ns3:cad>
          </ns3:TrackPointExtension>
        </extensions>
      </trkpt>
      <trkpt lat="34.18088279664516448974609375" lon="108.93105913884937763214111328125">
        <ele>435.79998779296875</ele>
        <time>2026-07-11T00:52:18.000Z</time>
        <extensions>
          <ns3:TrackPointExtension>
            <ns3:hr>154</ns3:hr>
            <ns3:cad>87</ns3:cad>
          </ns3:TrackPointExtension>
        </extensions>
      </trkpt>
      <trkpt lat="34.18087533675134181976318359375" lon="108.93108562566339969635009765625">
        <ele>435.79998779296875</ele>
        <time>2026-07-11T00:52:19.000Z</time>
        <extensions>
          <ns3:TrackPointExtension>
            <ns3:hr>154</ns3:hr>
            <ns3:cad>87</ns3:cad>
          </ns3:TrackPointExtension>
        </extensions>
      </trkpt>
      <trkpt lat="34.18086879886686801910400390625" lon="108.9311091788113117218017578125">
        <ele>435.79998779296875</ele>
        <time>2026-07-11T00:52:20.000Z</time>
        <extensions>
          <ns3:TrackPointExtension>
            <ns3:hr>154</ns3:hr>
            <ns3:cad>87</ns3:cad>
          </ns3:TrackPointExtension>
        </extensions>
      </trkpt>
      <trkpt lat="34.18086578138172626495361328125" lon="108.93113407306373119354248046875">
        <ele>435.79998779296875</ele>
        <time>2026-07-11T00:52:21.000Z</time>
        <extensions>
          <ns3:TrackPointExtension>
            <ns3:hr>155</ns3:hr>
            <ns3:cad>87</ns3:cad>
          </ns3:TrackPointExtension>
        </extensions>
      </trkpt>
      <trkpt lat="34.1808588244020938873291015625" lon="108.93115854822099208831787109375">
        <ele>435.79998779296875</ele>
        <time>2026-07-11T00:52:22.000Z</time>
        <extensions>
          <ns3:TrackPointExtension>
            <ns3:hr>154</ns3:hr>
            <ns3:cad>87</ns3:cad>
          </ns3:TrackPointExtension>
        </extensions>
      </trkpt>
      <trkpt lat="34.1808593273162841796875" lon="108.931185789406299591064453125">
        <ele>436</ele>
        <time>2026-07-11T00:52:23.000Z</time>
        <extensions>
          <ns3:TrackPointExtension>
            <ns3:hr>154</ns3:hr>
            <ns3:cad>87</ns3:cad>
          </ns3:TrackPointExtension>
        </extensions>
      </trkpt>
      <trkpt lat="34.1808578185737133026123046875" lon="108.93121286295354366302490234375">
        <ele>436</ele>
        <time>2026-07-11T00:52:24.000Z</time>
        <extensions>
          <ns3:TrackPointExtension>
            <ns3:hr>154</ns3:hr>
            <ns3:cad>89</ns3:cad>
          </ns3:TrackPointExtension>
        </extensions>
      </trkpt>
      <trkpt lat="34.180856980383396148681640625" lon="108.931239433586597442626953125">
        <ele>436</ele>
        <time>2026-07-11T00:52:25.000Z</time>
        <extensions>
          <ns3:TrackPointExtension>
            <ns3:hr>155</ns3:hr>
            <ns3:cad>89</ns3:cad>
          </ns3:TrackPointExtension>
        </extensions>
      </trkpt>
      <trkpt lat="34.18085086159408092498779296875" lon="108.93127170391380786895751953125">
        <ele>436</ele>
        <time>2026-07-11T00:52:26.000Z</time>
        <extensions>
          <ns3:TrackPointExtension>
            <ns3:hr>154</ns3:hr>
            <ns3:cad>89</ns3:cad>
          </ns3:TrackPointExtension>
        </extensions>
      </trkpt>
      <trkpt lat="34.180852957069873809814453125" lon="108.93130372278392314910888671875">
        <ele>436.20001220703125</ele>
        <time>2026-07-11T00:52:27.000Z</time>
        <extensions>
          <ns3:TrackPointExtension>
            <ns3:hr>155</ns3:hr>
            <ns3:cad>89</ns3:cad>
          </ns3:TrackPointExtension>
        </extensions>
      </trkpt>
      <trkpt lat="34.18084901757538318634033203125" lon="108.9313334785401821136474609375">
        <ele>436.20001220703125</ele>
        <time>2026-07-11T00:52:28.000Z</time>
        <extensions>
          <ns3:TrackPointExtension>
            <ns3:hr>155</ns3:hr>
            <ns3:cad>89</ns3:cad>
          </ns3:TrackPointExtension>
        </extensions>
      </trkpt>
      <trkpt lat="34.180845580995082855224609375" lon="108.93135912716388702392578125">
        <ele>436.20001220703125</ele>
        <time>2026-07-11T00:52:29.000Z</time>
        <extensions>
          <ns3:TrackPointExtension>
            <ns3:hr>155</ns3:hr>
            <ns3:cad>89</ns3:cad>
          </ns3:TrackPointExtension>
        </extensions>
      </trkpt>
      <trkpt lat="34.18083988130092620849609375" lon="108.93138569779694080352783203125">
        <ele>436.20001220703125</ele>
        <time>2026-07-11T00:52:30.000Z</time>
        <extensions>
          <ns3:TrackPointExtension>
            <ns3:hr>154</ns3:hr>
            <ns3:cad>89</ns3:cad>
          </ns3:TrackPointExtension>
        </extensions>
      </trkpt>
      <trkpt lat="34.180833511054515838623046875" lon="108.93140950240194797515869140625">
        <ele>436.399993896484375</ele>
        <time>2026-07-11T00:52:31.000Z</time>
        <extensions>
          <ns3:TrackPointExtension>
            <ns3:hr>155</ns3:hr>
            <ns3:cad>90</ns3:cad>
          </ns3:TrackPointExtension>
        </extensions>
      </trkpt>
      <trkpt lat="34.18082823045551776885986328125" lon="108.9314377494156360626220703125">
        <ele>436.399993896484375</ele>
        <time>2026-07-11T00:52:32.000Z</time>
        <extensions>
          <ns3:TrackPointExtension>
            <ns3:hr>155</ns3:hr>
            <ns3:cad>90</ns3:cad>
          </ns3:TrackPointExtension>
        </extensions>
      </trkpt>
      <trkpt lat="34.1808256320655345916748046875" lon="108.93146331422030925750732421875">
        <ele>436.399993896484375</ele>
        <time>2026-07-11T00:52:33.000Z</time>
        <extensions>
          <ns3:TrackPointExtension>
            <ns3:hr>155</ns3:hr>
            <ns3:cad>90</ns3:cad>
          </ns3:TrackPointExtension>
        </extensions>
      </trkpt>
      <trkpt lat="34.18082403950393199920654296875" lon="108.9314893819391727447509765625">
        <ele>436.399993896484375</ele>
        <time>2026-07-11T00:52:34.000Z</time>
        <extensions>
          <ns3:TrackPointExtension>
            <ns3:hr>156</ns3:hr>
            <ns3:cad>91</ns3:cad>
          </ns3:TrackPointExtension>
        </extensions>
      </trkpt>
      <trkpt lat="34.18082068674266338348388671875" lon="108.93151578493416309356689453125">
        <ele>436.600006103515625</ele>
        <time>2026-07-11T00:52:35.000Z</time>
        <extensions>
          <ns3:TrackPointExtension>
            <ns3:hr>156</ns3:hr>
            <ns3:cad>91</ns3:cad>
          </ns3:TrackPointExtension>
        </extensions>
      </trkpt>
      <trkpt lat="34.18081448413431644439697265625" lon="108.93154512159526348114013671875">
        <ele>436.600006103515625</ele>
        <time>2026-07-11T00:52:36.000Z</time>
        <extensions>
          <ns3:TrackPointExtension>
            <ns3:hr>156</ns3:hr>
            <ns3:cad>91</ns3:cad>
          </ns3:TrackPointExtension>
        </extensions>
      </trkpt>
      <trkpt lat="34.18081171810626983642578125" lon="108.931572698056697845458984375">
        <ele>436.600006103515625</ele>
        <time>2026-07-11T00:52:37.000Z</time>
        <extensions>
          <ns3:TrackPointExtension>
            <ns3:hr>156</ns3:hr>
            <ns3:cad>90</ns3:cad>
          </ns3:TrackPointExtension>
        </extensions>
      </trkpt>
      <trkpt lat="34.18080442585051059722900390625" lon="108.93160513602197170257568359375">
        <ele>436.600006103515625</ele>
        <time>2026-07-11T00:52:38.000Z</time>
        <extensions>
          <ns3:TrackPointExtension>
            <ns3:hr>156</ns3:hr>
            <ns3:cad>89</ns3:cad>
          </ns3:TrackPointExtension>
        </extensions>
      </trkpt>
      <trkpt lat="34.18080543167889118194580078125" lon="108.93162793479859828948974609375">
        <ele>436.600006103515625</ele>
        <time>2026-07-11T00:52:39.000Z</time>
        <extensions>
          <ns3:TrackPointExtension>
            <ns3:hr>157</ns3:hr>
            <ns3:cad>88</ns3:cad>
          </ns3:TrackPointExtension>
        </extensions>
      </trkpt>
      <trkpt lat="34.1807978041470050811767578125" lon="108.931664563715457916259765625">
        <ele>436.600006103515625</ele>
        <time>2026-07-11T00:52:40.000Z</time>
        <extensions>
          <ns3:TrackPointExtension>
            <ns3:hr>157</ns3:hr>
            <ns3:cad>88</ns3:cad>
          </ns3:TrackPointExtension>
        </extensions>
      </trkpt>
      <trkpt lat="34.18079403229057788848876953125" lon="108.93169079907238483428955078125">
        <ele>436.600006103515625</ele>
        <time>2026-07-11T00:52:41.000Z</time>
        <extensions>
          <ns3:TrackPointExtension>
            <ns3:hr>156</ns3:hr>
            <ns3:cad>88</ns3:cad>
          </ns3:TrackPointExtension>
        </extensions>
      </trkpt>
      <trkpt lat="34.18078598566353321075439453125" lon="108.93172248266637325286865234375">
        <ele>436.600006103515625</ele>
        <time>2026-07-11T00:52:42.000Z</time>
        <extensions>
          <ns3:TrackPointExtension>
            <ns3:hr>156</ns3:hr>
            <ns3:cad>89</ns3:cad>
          </ns3:TrackPointExtension>
        </extensions>
      </trkpt>
      <trkpt lat="34.18078062124550342559814453125" lon="108.931744359433650970458984375">
        <ele>436.600006103515625</ele>
        <time>2026-07-11T00:52:43.000Z</time>
        <extensions>
          <ns3:TrackPointExtension>
            <ns3:hr>156</ns3:hr>
            <ns3:cad>89</ns3:cad>
          </ns3:TrackPointExtension>
        </extensions>
      </trkpt>
      <trkpt lat="34.18077089823782444000244140625" lon="108.93177243880927562713623046875">
        <ele>436.600006103515625</ele>
        <time>2026-07-11T00:52:44.000Z</time>
        <extensions>
          <ns3:TrackPointExtension>
            <ns3:hr>156</ns3:hr>
            <ns3:cad>89</ns3:cad>
          </ns3:TrackPointExtension>
        </extensions>
      </trkpt>
      <trkpt lat="34.18076972477138042449951171875" lon="108.93179289065301418304443359375">
        <ele>436.600006103515625</ele>
        <time>2026-07-11T00:52:45.000Z</time>
        <extensions>
          <ns3:TrackPointExtension>
            <ns3:hr>156</ns3:hr>
            <ns3:cad>89</ns3:cad>
          </ns3:TrackPointExtension>
        </extensions>
      </trkpt>
      <trkpt lat="34.1807642765343189239501953125" lon="108.93182524479925632476806640625">
        <ele>436.600006103515625</ele>
        <time>2026-07-11T00:52:46.000Z</time>
        <extensions>
          <ns3:TrackPointExtension>
            <ns3:hr>156</ns3:hr>
            <ns3:cad>90</ns3:cad>
          </ns3:TrackPointExtension>
        </extensions>
      </trkpt>
      <trkpt lat="34.18076151050627231597900390625" lon="108.93185131251811981201171875">
        <ele>436.600006103515625</ele>
        <time>2026-07-11T00:52:47.000Z</time>
        <extensions>
          <ns3:TrackPointExtension>
            <ns3:hr>156</ns3:hr>
            <ns3:cad>90</ns3:cad>
          </ns3:TrackPointExtension>
        </extensions>
      </trkpt>
      <trkpt lat="34.18075849302113056182861328125" lon="108.9318855106830596923828125">
        <ele>436.600006103515625</ele>
        <time>2026-07-11T00:52:48.000Z</time>
        <extensions>
          <ns3:TrackPointExtension>
            <ns3:hr>156</ns3:hr>
            <ns3:cad>90</ns3:cad>
          </ns3:TrackPointExtension>
        </extensions>
      </trkpt>
      <trkpt lat="34.1807569004595279693603515625" lon="108.93191006965935230255126953125">
        <ele>436.600006103515625</ele>
        <time>2026-07-11T00:52:49.000Z</time>
        <extensions>
          <ns3:TrackPointExtension>
            <ns3:hr>156</ns3:hr>
            <ns3:cad>89</ns3:cad>
          </ns3:TrackPointExtension>
        </extensions>
      </trkpt>
      <trkpt lat="34.18075312860310077667236328125" lon="108.93193772993981838226318359375">
        <ele>436.600006103515625</ele>
        <time>2026-07-11T00:52:50.000Z</time>
        <extensions>
          <ns3:TrackPointExtension>
            <ns3:hr>156</ns3:hr>
            <ns3:cad>89</ns3:cad>
          </ns3:TrackPointExtension>
        </extensions>
      </trkpt>
      <trkpt lat="34.1807532124221324920654296875" lon="108.93196254037320613861083984375">
        <ele>436.600006103515625</ele>
        <time>2026-07-11T00:52:51.000Z</time>
        <extensions>
          <ns3:TrackPointExtension>
            <ns3:hr>156</ns3:hr>
            <ns3:cad>89</ns3:cad>
          </ns3:TrackPointExtension>
        </extensions>
      </trkpt>
      <trkpt lat="34.18074407614767551422119140625" lon="108.93199204467236995697021484375">
        <ele>436.79998779296875</ele>
        <time>2026-07-11T00:52:52.000Z</time>
        <extensions>
          <ns3:TrackPointExtension>
            <ns3:hr>155</ns3:hr>
            <ns3:cad>89</ns3:cad>
          </ns3:TrackPointExtension>
        </extensions>
      </trkpt>
      <trkpt lat="34.18074139393866062164306640625" lon="108.93202154897153377532958984375">
        <ele>436.79998779296875</ele>
        <time>2026-07-11T00:52:53.000Z</time>
        <extensions>
          <ns3:TrackPointExtension>
            <ns3:hr>156</ns3:hr>
            <ns3:cad>89</ns3:cad>
          </ns3:TrackPointExtension>
        </extensions>
      </trkpt>
      <trkpt lat="34.1807374544441699981689453125" lon="108.93205038271844387054443359375">
        <ele>436.79998779296875</ele>
        <time>2026-07-11T00:52:54.000Z</time>
        <extensions>
          <ns3:TrackPointExtension>
            <ns3:hr>156</ns3:hr>
            <ns3:cad>89</ns3:cad>
          </ns3:TrackPointExtension>
        </extensions>
      </trkpt>
      <trkpt lat="34.18073234148323535919189453125" lon="108.93207385204732418060302734375">
        <ele>436.79998779296875</ele>
        <time>2026-07-11T00:52:55.000Z</time>
        <extensions>
          <ns3:TrackPointExtension>
            <ns3:hr>155</ns3:hr>
            <ns3:cad>88</ns3:cad>
          </ns3:TrackPointExtension>
        </extensions>
      </trkpt>
      <trkpt lat="34.1807280667126178741455078125" lon="108.93210620619356632232666015625">
        <ele>436.79998779296875</ele>
        <time>2026-07-11T00:52:56.000Z</time>
        <extensions>
          <ns3:TrackPointExtension>
            <ns3:hr>155</ns3:hr>
            <ns3:cad>88</ns3:cad>
          </ns3:TrackPointExtension>
        </extensions>
      </trkpt>
      <trkpt lat="34.1807260550558567047119140625" lon="108.932121880352497100830078125">
        <ele>436.79998779296875</ele>
        <time>2026-07-11T00:52:57.000Z</time>
        <extensions>
          <ns3:TrackPointExtension>
            <ns3:hr>155</ns3:hr>
            <ns3:cad>89</ns3:cad>
          </ns3:TrackPointExtension>
        </extensions>
      </trkpt>
      <trkpt lat="34.18072043918073177337646484375" lon="108.932132609188556671142578125">
        <ele>436.79998779296875</ele>
        <time>2026-07-11T00:52:58.000Z</time>
        <extensions>
          <ns3:TrackPointExtension>
            <ns3:hr>155</ns3:hr>
            <ns3:cad>89</ns3:cad>
          </ns3:TrackPointExtension>
        </extensions>
      </trkpt>
      <trkpt lat="34.1807223670184612274169921875" lon="108.93214694224298000335693359375">
        <ele>436.79998779296875</ele>
        <time>2026-07-11T00:52:59.000Z</time>
        <extensions>
          <ns3:TrackPointExtension>
            <ns3:hr>155</ns3:hr>
            <ns3:cad>89</ns3:cad>
          </ns3:TrackPointExtension>
        </extensions>
      </trkpt>
      <trkpt lat="34.180722199380397796630859375" lon="108.93216990865767002105712890625">
        <ele>437</ele>
        <time>2026-07-11T00:53:00.000Z</time>
        <extensions>
          <ns3:TrackPointExtension>
            <ns3:hr>155</ns3:hr>
            <ns3:cad>89</ns3:cad>
          </ns3:TrackPointExtension>
        </extensions>
      </trkpt>
      <trkpt lat="34.1807163320481777191162109375" lon="108.93218834884464740753173828125">
        <ele>437</ele>
        <time>2026-07-11T00:53:01.000Z</time>
        <extensions>
          <ns3:TrackPointExtension>
            <ns3:hr>155</ns3:hr>
            <ns3:cad>90</ns3:cad>
          </ns3:TrackPointExtension>
        </extensions>
      </trkpt>
      <trkpt lat="34.1807116381824016571044921875" lon="108.9322152547538280487060546875">
        <ele>437</ele>
        <time>2026-07-11T00:53:02.000Z</time>
        <extensions>
          <ns3:TrackPointExtension>
            <ns3:hr>154</ns3:hr>
            <ns3:cad>90</ns3:cad>
          </ns3:TrackPointExtension>
        </extensions>
      </trkpt>
      <trkpt lat="34.1807072795927524566650390625" lon="108.9322377182543277740478515625">
        <ele>437</ele>
        <time>2026-07-11T00:53:03.000Z</time>
        <extensions>
          <ns3:TrackPointExtension>
            <ns3:hr>154</ns3:hr>
            <ns3:cad>90</ns3:cad>
          </ns3:TrackPointExtension>
        </extensions>
      </trkpt>
      <trkpt lat="34.1807092912495136260986328125" lon="108.93227451480925083160400390625">
        <ele>437</ele>
        <time>2026-07-11T00:53:04.000Z</time>
        <extensions>
          <ns3:TrackPointExtension>
            <ns3:hr>153</ns3:hr>
            <ns3:cad>90</ns3:cad>
          </ns3:TrackPointExtension>
        </extensions>
      </trkpt>
      <trkpt lat="34.18070199899375438690185546875" lon="108.932310305535793304443359375">
        <ele>437</ele>
        <time>2026-07-11T00:53:05.000Z</time>
        <extensions>
          <ns3:TrackPointExtension>
            <ns3:hr>153</ns3:hr>
            <ns3:cad>89</ns3:cad>
          </ns3:TrackPointExtension>
        </extensions>
      </trkpt>
      <trkpt lat="34.1807042621076107025146484375" lon="108.932348527014255523681640625">
        <ele>437.20001220703125</ele>
        <time>2026-07-11T00:53:06.000Z</time>
        <extensions>
          <ns3:TrackPointExtension>
            <ns3:hr>153</ns3:hr>
            <ns3:cad>89</ns3:cad>
          </ns3:TrackPointExtension>
        </extensions>
      </trkpt>
      <trkpt lat="34.18070116080343723297119140625" lon="108.93237442709505558013916015625">
        <ele>437.20001220703125</ele>
        <time>2026-07-11T00:53:07.000Z</time>
        <extensions>
          <ns3:TrackPointExtension>
            <ns3:hr>153</ns3:hr>
            <ns3:cad>89</ns3:cad>
          </ns3:TrackPointExtension>
        </extensions>
      </trkpt>
      <trkpt lat="34.18069638311862945556640625" lon="108.93240787088871002197265625">
        <ele>437.399993896484375</ele>
        <time>2026-07-11T00:53:08.000Z</time>
        <extensions>
          <ns3:TrackPointExtension>
            <ns3:hr>153</ns3:hr>
            <ns3:cad>89</ns3:cad>
          </ns3:TrackPointExtension>
        </extensions>
      </trkpt>
      <trkpt lat="34.1806925274431705474853515625" lon="108.93244273960590362548828125">
        <ele>437.399993896484375</ele>
        <time>2026-07-11T00:53:09.000Z</time>
        <extensions>
          <ns3:TrackPointExtension>
            <ns3:hr>154</ns3:hr>
            <ns3:cad>89</ns3:cad>
          </ns3:TrackPointExtension>
        </extensions>
      </trkpt>
      <trkpt lat="34.1806925274431705474853515625" lon="108.9324764348566532135009765625">
        <ele>437.600006103515625</ele>
        <time>2026-07-11T00:53:10.000Z</time>
        <extensions>
          <ns3:TrackPointExtension>
            <ns3:hr>154</ns3:hr>
            <ns3:cad>89</ns3:cad>
          </ns3:TrackPointExtension>
        </extensions>
      </trkpt>
      <trkpt lat="34.1806885041296482086181640625" lon="108.93250853754580020904541015625">
        <ele>437.600006103515625</ele>
        <time>2026-07-11T00:53:11.000Z</time>
        <extensions>
          <ns3:TrackPointExtension>
            <ns3:hr>154</ns3:hr>
            <ns3:cad>89</ns3:cad>
          </ns3:TrackPointExtension>
        </extensions>
      </trkpt>
      <trkpt lat="34.180690012872219085693359375" lon="108.932536952197551727294921875">
        <ele>437.600006103515625</ele>
        <time>2026-07-11T00:53:12.000Z</time>
        <extensions>
          <ns3:TrackPointExtension>
            <ns3:hr>154</ns3:hr>
            <ns3:cad>88</ns3:cad>
          </ns3:TrackPointExtension>
        </extensions>
      </trkpt>
      <trkpt lat="34.1806848160922527313232421875" lon="108.93257148563861846923828125">
        <ele>437.600006103515625</ele>
        <time>2026-07-11T00:53:13.000Z</time>
        <extensions>
          <ns3:TrackPointExtension>
            <ns3:hr>153</ns3:hr>
            <ns3:cad>88</ns3:cad>
          </ns3:TrackPointExtension>
        </extensions>
      </trkpt>
      <trkpt lat="34.18067987076938152313232421875" lon="108.93260224722325801849365234375">
        <ele>437.600006103515625</ele>
        <time>2026-07-11T00:53:14.000Z</time>
        <extensions>
          <ns3:TrackPointExtension>
            <ns3:hr>154</ns3:hr>
            <ns3:cad>89</ns3:cad>
          </ns3:TrackPointExtension>
        </extensions>
      </trkpt>
      <trkpt lat="34.18067350052297115325927734375" lon="108.9326289854943752288818359375">
        <ele>437.600006103515625</ele>
        <time>2026-07-11T00:53:15.000Z</time>
        <extensions>
          <ns3:TrackPointExtension>
            <ns3:hr>154</ns3:hr>
            <ns3:cad>89</ns3:cad>
          </ns3:TrackPointExtension>
        </extensions>
      </trkpt>
      <trkpt lat="34.18067249469459056854248046875" lon="108.9326537959277629852294921875">
        <ele>437.600006103515625</ele>
        <time>2026-07-11T00:53:16.000Z</time>
        <extensions>
          <ns3:TrackPointExtension>
            <ns3:hr>153</ns3:hr>
            <ns3:cad>89</ns3:cad>
          </ns3:TrackPointExtension>
        </extensions>
      </trkpt>
      <trkpt lat="34.18067081831395626068115234375" lon="108.93267718143761157989501953125">
        <ele>437.600006103515625</ele>
        <time>2026-07-11T00:53:17.000Z</time>
        <extensions>
          <ns3:TrackPointExtension>
            <ns3:hr>154</ns3:hr>
            <ns3:cad>89</ns3:cad>
          </ns3:TrackPointExtension>
        </extensions>
      </trkpt>
      <trkpt lat="34.18066998012363910675048828125" lon="108.93270718865096569061279296875">
        <ele>437.600006103515625</ele>
        <time>2026-07-11T00:53:18.000Z</time>
        <extensions>
          <ns3:TrackPointExtension>
            <ns3:hr>154</ns3:hr>
            <ns3:cad>90</ns3:cad>
          </ns3:TrackPointExtension>
        </extensions>
      </trkpt>
      <trkpt lat="34.18066293932497501373291015625" lon="108.932734094560146331787109375">
        <ele>437.600006103515625</ele>
        <time>2026-07-11T00:53:19.000Z</time>
        <extensions>
          <ns3:TrackPointExtension>
            <ns3:hr>155</ns3:hr>
            <ns3:cad>90</ns3:cad>
          </ns3:TrackPointExtension>
        </extensions>
      </trkpt>
      <trkpt lat="34.180659838020801544189453125" lon="108.9327599108219146728515625">
        <ele>437.600006103515625</ele>
        <time>2026-07-11T00:53:20.000Z</time>
        <extensions>
          <ns3:TrackPointExtension>
            <ns3:hr>156</ns3:hr>
            <ns3:cad>90</ns3:cad>
          </ns3:TrackPointExtension>
        </extensions>
      </trkpt>
      <trkpt lat="34.1806556470692157745361328125" lon="108.93278815783560276031494140625">
        <ele>437.79998779296875</ele>
        <time>2026-07-11T00:53:21.000Z</time>
        <extensions>
          <ns3:TrackPointExtension>
            <ns3:hr>156</ns3:hr>
            <ns3:cad>88</ns3:cad>
          </ns3:TrackPointExtension>
        </extensions>
      </trkpt>
      <trkpt lat="34.18065355159342288970947265625" lon="108.93281422555446624755859375">
        <ele>437.79998779296875</ele>
        <time>2026-07-11T00:53:22.000Z</time>
        <extensions>
          <ns3:TrackPointExtension>
            <ns3:hr>156</ns3:hr>
            <ns3:cad>88</ns3:cad>
          </ns3:TrackPointExtension>
        </extensions>
      </trkpt>
      <trkpt lat="34.1806447505950927734375" lon="108.93284414894878864288330078125">
        <ele>437.79998779296875</ele>
        <time>2026-07-11T00:53:23.000Z</time>
        <extensions>
          <ns3:TrackPointExtension>
            <ns3:hr>155</ns3:hr>
            <ns3:cad>88</ns3:cad>
          </ns3:TrackPointExtension>
        </extensions>
      </trkpt>
      <trkpt lat="34.18064215220510959625244140625" lon="108.93286946229636669158935546875">
        <ele>437.79998779296875</ele>
        <time>2026-07-11T00:53:24.000Z</time>
        <extensions>
          <ns3:TrackPointExtension>
            <ns3:hr>155</ns3:hr>
            <ns3:cad>88</ns3:cad>
          </ns3:TrackPointExtension>
        </extensions>
      </trkpt>
      <trkpt lat="34.18063796125352382659912109375" lon="108.932903744280338287353515625">
        <ele>437.79998779296875</ele>
        <time>2026-07-11T00:53:25.000Z</time>
        <extensions>
          <ns3:TrackPointExtension>
            <ns3:hr>155</ns3:hr>
            <ns3:cad>88</ns3:cad>
          </ns3:TrackPointExtension>
        </extensions>
      </trkpt>
      <trkpt lat="34.18063477613031864166259765625" lon="108.9329260401427745819091796875">
        <ele>437.79998779296875</ele>
        <time>2026-07-11T00:53:26.000Z</time>
        <extensions>
          <ns3:TrackPointExtension>
            <ns3:hr>155</ns3:hr>
            <ns3:cad>88</ns3:cad>
          </ns3:TrackPointExtension>
        </extensions>
      </trkpt>
      <trkpt lat="34.18063142336905002593994140625" lon="108.93295411951839923858642578125">
        <ele>437.79998779296875</ele>
        <time>2026-07-11T00:53:27.000Z</time>
        <extensions>
          <ns3:TrackPointExtension>
            <ns3:hr>155</ns3:hr>
            <ns3:cad>88</ns3:cad>
          </ns3:TrackPointExtension>
        </extensions>
      </trkpt>
      <trkpt lat="34.180631004273891448974609375" lon="108.932978846132755279541015625">
        <ele>437.79998779296875</ele>
        <time>2026-07-11T00:53:28.000Z</time>
        <extensions>
          <ns3:TrackPointExtension>
            <ns3:hr>155</ns3:hr>
            <ns3:cad>89</ns3:cad>
          </ns3:TrackPointExtension>
        </extensions>
      </trkpt>
      <trkpt lat="34.18061885051429271697998046875" lon="108.93301061354577541351318359375">
        <ele>438</ele>
        <time>2026-07-11T00:53:29.000Z</time>
        <extensions>
          <ns3:TrackPointExtension>
            <ns3:hr>156</ns3:hr>
            <ns3:cad>89</ns3:cad>
          </ns3:TrackPointExtension>
        </extensions>
      </trkpt>
      <trkpt lat="34.1806123964488506317138671875" lon="108.933030478656291961669921875">
        <ele>438</ele>
        <time>2026-07-11T00:53:30.000Z</time>
        <extensions>
          <ns3:TrackPointExtension>
            <ns3:hr>156</ns3:hr>
            <ns3:cad>89</ns3:cad>
          </ns3:TrackPointExtension>
        </extensions>
      </trkpt>
      <trkpt lat="34.18060326017439365386962890625" lon="108.93305855803191661834716796875">
        <ele>438</ele>
        <time>2026-07-11T00:53:31.000Z</time>
        <extensions>
          <ns3:TrackPointExtension>
            <ns3:hr>156</ns3:hr>
            <ns3:cad>89</ns3:cad>
          </ns3:TrackPointExtension>
        </extensions>
      </trkpt>
      <trkpt lat="34.1805978119373321533203125" lon="108.9330819435417652130126953125">
        <ele>438</ele>
        <time>2026-07-11T00:53:32.000Z</time>
        <extensions>
          <ns3:TrackPointExtension>
            <ns3:hr>156</ns3:hr>
            <ns3:cad>88</ns3:cad>
          </ns3:TrackPointExtension>
        </extensions>
      </trkpt>
      <trkpt lat="34.18059437535703182220458984375" lon="108.9331085979938507080078125">
        <ele>438</ele>
        <time>2026-07-11T00:53:33.000Z</time>
        <extensions>
          <ns3:TrackPointExtension>
            <ns3:hr>156</ns3:hr>
            <ns3:cad>87</ns3:cad>
          </ns3:TrackPointExtension>
        </extensions>
      </trkpt>
      <trkpt lat="34.1805899329483509063720703125" lon="108.933129720389842987060546875">
        <ele>438</ele>
        <time>2026-07-11T00:53:34.000Z</time>
        <extensions>
          <ns3:TrackPointExtension>
            <ns3:hr>157</ns3:hr>
            <ns3:cad>87</ns3:cad>
          </ns3:TrackPointExtension>
        </extensions>
      </trkpt>
      <trkpt lat="34.18058775365352630615234375" lon="108.93315277062356472015380859375">
        <ele>438.20001220703125</ele>
        <time>2026-07-11T00:53:35.000Z</time>
        <extensions>
          <ns3:TrackPointExtension>
            <ns3:hr>157</ns3:hr>
            <ns3:cad>87</ns3:cad>
          </ns3:TrackPointExtension>
        </extensions>
      </trkpt>
      <trkpt lat="34.18058498762547969818115234375" lon="108.933174312114715576171875">
        <ele>438.20001220703125</ele>
        <time>2026-07-11T00:53:36.000Z</time>
        <extensions>
          <ns3:TrackPointExtension>
            <ns3:hr>157</ns3:hr>
            <ns3:cad>88</ns3:cad>
          </ns3:TrackPointExtension>
        </extensions>
      </trkpt>
      <trkpt lat="34.180581383407115936279296875" lon="108.9331986196339130401611328125">
        <ele>438.20001220703125</ele>
        <time>2026-07-11T00:53:37.000Z</time>
        <extensions>
          <ns3:TrackPointExtension>
            <ns3:hr>157</ns3:hr>
            <ns3:cad>88</ns3:cad>
          </ns3:TrackPointExtension>
        </extensions>
      </trkpt>
      <trkpt lat="34.18058062903583049774169921875" lon="108.93322686664760112762451171875">
        <ele>438.20001220703125</ele>
        <time>2026-07-11T00:53:38.000Z</time>
        <extensions>
          <ns3:TrackPointExtension>
            <ns3:hr>158</ns3:hr>
            <ns3:cad>88</ns3:cad>
          </ns3:TrackPointExtension>
        </extensions>
      </trkpt>
      <trkpt lat="34.18058104813098907470703125" lon="108.93325268290936946868896484375">
        <ele>438.20001220703125</ele>
        <time>2026-07-11T00:53:39.000Z</time>
        <extensions>
          <ns3:TrackPointExtension>
            <ns3:hr>158</ns3:hr>
            <ns3:cad>88</ns3:cad>
          </ns3:TrackPointExtension>
        </extensions>
      </trkpt>
      <trkpt lat="34.18058197014033794403076171875" lon="108.93328336067497730255126953125">
        <ele>438.399993896484375</ele>
        <time>2026-07-11T00:53:40.000Z</time>
        <extensions>
          <ns3:TrackPointExtension>
            <ns3:hr>158</ns3:hr>
            <ns3:cad>88</ns3:cad>
          </ns3:TrackPointExtension>
        </extensions>
      </trkpt>
      <trkpt lat="34.18058314360678195953369140625" lon="108.93330783583223819732666015625">
        <ele>438.399993896484375</ele>
        <time>2026-07-11T00:53:41.000Z</time>
        <extensions>
          <ns3:TrackPointExtension>
            <ns3:hr>159</ns3:hr>
            <ns3:cad>89</ns3:cad>
          </ns3:TrackPointExtension>
        </extensions>
      </trkpt>
      <trkpt lat="34.18058012612164020538330078125" lon="108.9333392679691314697265625">
        <ele>438.399993896484375</ele>
        <time>2026-07-11T00:53:42.000Z</time>
        <extensions>
          <ns3:TrackPointExtension>
            <ns3:hr>159</ns3:hr>
            <ns3:cad>89</ns3:cad>
          </ns3:TrackPointExtension>
        </extensions>
      </trkpt>
      <trkpt lat="34.1805778630077838897705078125" lon="108.93336148001253604888916015625">
        <ele>438.399993896484375</ele>
        <time>2026-07-11T00:53:43.000Z</time>
        <extensions>
          <ns3:TrackPointExtension>
            <ns3:hr>159</ns3:hr>
            <ns3:cad>89</ns3:cad>
          </ns3:TrackPointExtension>
        </extensions>
      </trkpt>
      <trkpt lat="34.180582053959369659423828125" lon="108.93339199014008045196533203125">
        <ele>438.399993896484375</ele>
        <time>2026-07-11T00:53:44.000Z</time>
        <extensions>
          <ns3:TrackPointExtension>
            <ns3:hr>159</ns3:hr>
            <ns3:cad>88</ns3:cad>
          </ns3:TrackPointExtension>
        </extensions>
      </trkpt>
      <trkpt lat="34.18058264069259166717529296875" lon="108.93341378308832645416259765625">
        <ele>438.399993896484375</ele>
        <time>2026-07-11T00:53:45.000Z</time>
        <extensions>
          <ns3:TrackPointExtension>
            <ns3:hr>159</ns3:hr>
            <ns3:cad>88</ns3:cad>
          </ns3:TrackPointExtension>
        </extensions>
      </trkpt>
      <trkpt lat="34.18058146722614765167236328125" lon="108.9334463886916637420654296875">
        <ele>438.399993896484375</ele>
        <time>2026-07-11T00:53:46.000Z</time>
        <extensions>
          <ns3:TrackPointExtension>
            <ns3:hr>159</ns3:hr>
            <ns3:cad>88</ns3:cad>
          </ns3:TrackPointExtension>
        </extensions>
      </trkpt>
      <trkpt lat="34.18057828210294246673583984375" lon="108.93346776254475116729736328125">
        <ele>438.399993896484375</ele>
        <time>2026-07-11T00:53:47.000Z</time>
        <extensions>
          <ns3:TrackPointExtension>
            <ns3:hr>159</ns3:hr>
            <ns3:cad>88</ns3:cad>
          </ns3:TrackPointExtension>
        </extensions>
      </trkpt>
      <trkpt lat="34.18057308532297611236572265625" lon="108.9334980212152004241943359375">
        <ele>438.399993896484375</ele>
        <time>2026-07-11T00:53:48.000Z</time>
        <extensions>
          <ns3:TrackPointExtension>
            <ns3:hr>159</ns3:hr>
            <ns3:cad>88</ns3:cad>
          </ns3:TrackPointExtension>
        </extensions>
      </trkpt>
      <trkpt lat="34.1805763542652130126953125" lon="108.9335208199918270111083984375">
        <ele>438.600006103515625</ele>
        <time>2026-07-11T00:53:49.000Z</time>
        <extensions>
          <ns3:TrackPointExtension>
            <ns3:hr>159</ns3:hr>
            <ns3:cad>88</ns3:cad>
          </ns3:TrackPointExtension>
        </extensions>
      </trkpt>
      <trkpt lat="34.18057442642748355865478515625" lon="108.93355074338614940643310546875">
        <ele>438.600006103515625</ele>
        <time>2026-07-11T00:53:50.000Z</time>
        <extensions>
          <ns3:TrackPointExtension>
            <ns3:hr>159</ns3:hr>
            <ns3:cad>88</ns3:cad>
          </ns3:TrackPointExtension>
        </extensions>
      </trkpt>
      <trkpt lat="34.1805736720561981201171875" lon="108.93357236869633197784423828125">
        <ele>438.600006103515625</ele>
        <time>2026-07-11T00:53:51.000Z</time>
        <extensions>
          <ns3:TrackPointExtension>
            <ns3:hr>159</ns3:hr>
            <ns3:cad>90</ns3:cad>
          </ns3:TrackPointExtension>
        </extensions>
      </trkpt>
      <trkpt lat="34.18057300150394439697265625" lon="108.933601789176464080810546875">
        <ele>438.79998779296875</ele>
        <time>2026-07-11T00:53:52.000Z</time>
        <extensions>
          <ns3:TrackPointExtension>
            <ns3:hr>159</ns3:hr>
            <ns3:cad>90</ns3:cad>
          </ns3:TrackPointExtension>
        </extensions>
      </trkpt>
      <trkpt lat="34.18057241477072238922119140625" lon="108.93362869508564472198486328125">
        <ele>438.79998779296875</ele>
        <time>2026-07-11T00:53:53.000Z</time>
        <extensions>
          <ns3:TrackPointExtension>
            <ns3:hr>159</ns3:hr>
            <ns3:cad>88</ns3:cad>
          </ns3:TrackPointExtension>
        </extensions>
      </trkpt>
      <trkpt lat="34.18056604452431201934814453125" lon="108.93365970812737941741943359375">
        <ele>438.79998779296875</ele>
        <time>2026-07-11T00:53:54.000Z</time>
        <extensions>
          <ns3:TrackPointExtension>
            <ns3:hr>159</ns3:hr>
            <ns3:cad>88</ns3:cad>
          </ns3:TrackPointExtension>
        </extensions>
      </trkpt>
      <trkpt lat="34.18056470341980457305908203125" lon="108.93369130790233612060546875">
        <ele>438.79998779296875</ele>
        <time>2026-07-11T00:53:55.000Z</time>
        <extensions>
          <ns3:TrackPointExtension>
            <ns3:hr>159</ns3:hr>
            <ns3:cad>88</ns3:cad>
          </ns3:TrackPointExtension>
        </extensions>
      </trkpt>
      <trkpt lat="34.18055833317339420318603515625" lon="108.9337270148098468780517578125">
        <ele>438.79998779296875</ele>
        <time>2026-07-11T00:53:56.000Z</time>
        <extensions>
          <ns3:TrackPointExtension>
            <ns3:hr>158</ns3:hr>
            <ns3:cad>88</ns3:cad>
          </ns3:TrackPointExtension>
        </extensions>
      </trkpt>
      <trkpt lat="34.18055565096437931060791015625" lon="108.933753333985805511474609375">
        <ele>438.79998779296875</ele>
        <time>2026-07-11T00:53:57.000Z</time>
        <extensions>
          <ns3:TrackPointExtension>
            <ns3:hr>158</ns3:hr>
            <ns3:cad>88</ns3:cad>
          </ns3:TrackPointExtension>
        </extensions>
      </trkpt>
      <trkpt lat="34.180554561316967010498046875" lon="108.93378392793238162994384765625">
        <ele>438.79998779296875</ele>
        <time>2026-07-11T00:53:58.000Z</time>
        <extensions>
          <ns3:TrackPointExtension>
            <ns3:hr>158</ns3:hr>
            <ns3:cad>88</ns3:cad>
          </ns3:TrackPointExtension>
        </extensions>
      </trkpt>
      <trkpt lat="34.180550538003444671630859375" lon="108.93381460569798946380615234375">
        <ele>438.79998779296875</ele>
        <time>2026-07-11T00:53:59.000Z</time>
        <extensions>
          <ns3:TrackPointExtension>
            <ns3:hr>158</ns3:hr>
            <ns3:cad>88</ns3:cad>
          </ns3:TrackPointExtension>
        </extensions>
      </trkpt>
      <trkpt lat="34.180545173585414886474609375" lon="108.933845870196819305419921875">
        <ele>438.79998779296875</ele>
        <time>2026-07-11T00:54:00.000Z</time>
        <extensions>
          <ns3:TrackPointExtension>
            <ns3:hr>159</ns3:hr>
            <ns3:cad>88</ns3:cad>
          </ns3:TrackPointExtension>
        </extensions>
      </trkpt>
      <trkpt lat="34.1805416531860828399658203125" lon="108.933875374495983123779296875">
        <ele>438.79998779296875</ele>
        <time>2026-07-11T00:54:01.000Z</time>
        <extensions>
          <ns3:TrackPointExtension>
            <ns3:hr>159</ns3:hr>
            <ns3:cad>88</ns3:cad>
          </ns3:TrackPointExtension>
        </extensions>
      </trkpt>
      <trkpt lat="34.18054081499576568603515625" lon="108.93390345387160778045654296875">
        <ele>438.79998779296875</ele>
        <time>2026-07-11T00:54:02.000Z</time>
        <extensions>
          <ns3:TrackPointExtension>
            <ns3:hr>159</ns3:hr>
            <ns3:cad>88</ns3:cad>
          </ns3:TrackPointExtension>
        </extensions>
      </trkpt>
      <trkpt lat="34.1805446706712245941162109375" lon="108.93393413163721561431884765625">
        <ele>438.79998779296875</ele>
        <time>2026-07-11T00:54:03.000Z</time>
        <extensions>
          <ns3:TrackPointExtension>
            <ns3:hr>158</ns3:hr>
            <ns3:cad>88</ns3:cad>
          </ns3:TrackPointExtension>
        </extensions>
      </trkpt>
      <trkpt lat="34.1805460117757320404052734375" lon="108.93395818769931793212890625">
        <ele>438.79998779296875</ele>
        <time>2026-07-11T00:54:04.000Z</time>
        <extensions>
          <ns3:TrackPointExtension>
            <ns3:hr>159</ns3:hr>
            <ns3:cad>88</ns3:cad>
          </ns3:TrackPointExtension>
        </extensions>
      </trkpt>
      <trkpt lat="34.1805198602378368377685546875" lon="108.9339781366288661956787109375">
        <ele>438.79998779296875</ele>
        <time>2026-07-11T00:54:05.000Z</time>
        <extensions>
          <ns3:TrackPointExtension>
            <ns3:hr>159</ns3:hr>
            <ns3:cad>88</ns3:cad>
          </ns3:TrackPointExtension>
        </extensions>
      </trkpt>
      <trkpt lat="34.180497564375400543212890625" lon="108.9339923858642578125">
        <ele>439</ele>
        <time>2026-07-11T00:54:06.000Z</time>
        <extensions>
          <ns3:TrackPointExtension>
            <ns3:hr>159</ns3:hr>
            <ns3:cad>88</ns3:cad>
          </ns3:TrackPointExtension>
        </extensions>
      </trkpt>
      <trkpt lat="34.18045892380177974700927734375" lon="108.93399833701550960540771484375">
        <ele>439.20001220703125</ele>
        <time>2026-07-11T00:54:07.000Z</time>
        <extensions>
          <ns3:TrackPointExtension>
            <ns3:hr>158</ns3:hr>
            <ns3:cad>87</ns3:cad>
          </ns3:TrackPointExtension>
        </extensions>
      </trkpt>
      <trkpt lat="34.18043109588325023651123046875" lon="108.934005461633205413818359375">
        <ele>439.20001220703125</ele>
        <time>2026-07-11T00:54:08.000Z</time>
        <extensions>
          <ns3:TrackPointExtension>
            <ns3:hr>158</ns3:hr>
            <ns3:cad>87</ns3:cad>
          </ns3:TrackPointExtension>
        </extensions>
      </trkpt>
      <trkpt lat="34.18039119802415370941162109375" lon="108.9340019412338733673095703125">
        <ele>439.399993896484375</ele>
        <time>2026-07-11T00:54:09.000Z</time>
        <extensions>
          <ns3:TrackPointExtension>
            <ns3:hr>158</ns3:hr>
            <ns3:cad>87</ns3:cad>
          </ns3:TrackPointExtension>
        </extensions>
      </trkpt>
      <trkpt lat="34.18036337010562419891357421875" lon="108.93400269560515880584716796875">
        <ele>439.399993896484375</ele>
        <time>2026-07-11T00:54:10.000Z</time>
        <extensions>
          <ns3:TrackPointExtension>
            <ns3:hr>158</ns3:hr>
            <ns3:cad>87</ns3:cad>
          </ns3:TrackPointExtension>
        </extensions>
      </trkpt>
      <trkpt lat="34.18032598681747913360595703125" lon="108.9340002648532390594482421875">
        <ele>439.399993896484375</ele>
        <time>2026-07-11T00:54:11.000Z</time>
        <extensions>
          <ns3:TrackPointExtension>
            <ns3:hr>159</ns3:hr>
            <ns3:cad>89</ns3:cad>
          </ns3:TrackPointExtension>
        </extensions>
      </trkpt>
      <trkpt lat="34.18030201457440853118896484375" lon="108.9340012706816196441650390625">
        <ele>439.399993896484375</ele>
        <time>2026-07-11T00:54:12.000Z</time>
        <extensions>
          <ns3:TrackPointExtension>
            <ns3:hr>159</ns3:hr>
            <ns3:cad>90</ns3:cad>
          </ns3:TrackPointExtension>
        </extensions>
      </trkpt>
      <trkpt lat="34.1802657209336757659912109375" lon="108.93399448134005069732666015625">
        <ele>439.399993896484375</ele>
        <time>2026-07-11T00:54:13.000Z</time>
        <extensions>
          <ns3:TrackPointExtension>
            <ns3:hr>159</ns3:hr>
            <ns3:cad>90</ns3:cad>
          </ns3:TrackPointExtension>
        </extensions>
      </trkpt>
      <trkpt lat="34.18024015612900257110595703125" lon="108.93399649299681186676025390625">
        <ele>439.20001220703125</ele>
        <time>2026-07-11T00:54:14.000Z</time>
        <extensions>
          <ns3:TrackPointExtension>
            <ns3:hr>159</ns3:hr>
            <ns3:cad>90</ns3:cad>
          </ns3:TrackPointExtension>
        </extensions>
      </trkpt>
      <trkpt lat="34.1802060417830944061279296875" lon="108.93400336615741252899169921875">
        <ele>439.20001220703125</ele>
        <time>2026-07-11T00:54:15.000Z</time>
        <extensions>
          <ns3:TrackPointExtension>
            <ns3:hr>159</ns3:hr>
            <ns3:cad>90</ns3:cad>
          </ns3:TrackPointExtension>
        </extensions>
      </trkpt>
      <trkpt lat="34.1801859252154827117919921875" lon="108.9340183697640895843505859375">
        <ele>439</ele>
        <time>2026-07-11T00:54:16.000Z</time>
        <extensions>
          <ns3:TrackPointExtension>
            <ns3:hr>160</ns3:hr>
            <ns3:cad>90</ns3:cad>
          </ns3:TrackPointExtension>
        </extensions>
      </trkpt>
      <trkpt lat="34.18016170151531696319580078125" lon="108.9340425096452236175537109375">
        <ele>439</ele>
        <time>2026-07-11T00:54:17.000Z</time>
        <extensions>
          <ns3:TrackPointExtension>
            <ns3:hr>160</ns3:hr>
            <ns3:cad>90</ns3:cad>
          </ns3:TrackPointExtension>
        </extensions>
      </trkpt>
      <trkpt lat="34.18014477007091045379638671875" lon="108.9340606145560741424560546875">
        <ele>439</ele>
        <time>2026-07-11T00:54:18.000Z</time>
        <extensions>
          <ns3:TrackPointExtension>
            <ns3:hr>161</ns3:hr>
            <ns3:cad>88</ns3:cad>
          </ns3:TrackPointExtension>
        </extensions>
      </trkpt>
      <trkpt lat="34.180122055113315582275390625" lon="108.93408617936074733734130859375">
        <ele>439</ele>
        <time>2026-07-11T00:54:19.000Z</time>
        <extensions>
          <ns3:TrackPointExtension>
            <ns3:hr>161</ns3:hr>
            <ns3:cad>88</ns3:cad>
          </ns3:TrackPointExtension>
        </extensions>
      </trkpt>
      <trkpt lat="34.18010554276406764984130859375" lon="108.9341078884899616241455078125">
        <ele>439</ele>
        <time>2026-07-11T00:54:20.000Z</time>
        <extensions>
          <ns3:TrackPointExtension>
            <ns3:hr>161</ns3:hr>
            <ns3:cad>88</ns3:cad>
          </ns3:TrackPointExtension>
        </extensions>
      </trkpt>
      <trkpt lat="34.1800910420715808868408203125" lon="108.93413010053336620330810546875">
        <ele>439.20001220703125</ele>
        <time>2026-07-11T00:54:21.000Z</time>
        <extensions>
          <ns3:TrackPointExtension>
            <ns3:hr>162</ns3:hr>
            <ns3:cad>88</ns3:cad>
          </ns3:TrackPointExtension>
        </extensions>
      </trkpt>
      <trkpt lat="34.1800682432949542999267578125" lon="108.9341487921774387359619140625">
        <ele>439.20001220703125</ele>
        <time>2026-07-11T00:54:22.000Z</time>
        <extensions>
          <ns3:TrackPointExtension>
            <ns3:hr>162</ns3:hr>
            <ns3:cad>87</ns3:cad>
          </ns3:TrackPointExtension>
        </extensions>
      </trkpt>
      <trkpt lat="34.18005357496440410614013671875" lon="108.93416144885122776031494140625">
        <ele>439.399993896484375</ele>
        <time>2026-07-11T00:54:23.000Z</time>
        <extensions>
          <ns3:TrackPointExtension>
            <ns3:hr>162</ns3:hr>
            <ns3:cad>87</ns3:cad>
          </ns3:TrackPointExtension>
        </extensions>
      </trkpt>
      <trkpt lat="34.18003647588193416595458984375" lon="108.93418340943753719329833984375">
        <ele>439.399993896484375</ele>
        <time>2026-07-11T00:54:24.000Z</time>
        <extensions>
          <ns3:TrackPointExtension>
            <ns3:hr>162</ns3:hr>
            <ns3:cad>87</ns3:cad>
          </ns3:TrackPointExtension>
        </extensions>
      </trkpt>
      <trkpt lat="34.1800273396074771881103515625" lon="108.9342078007757663726806640625">
        <ele>439.399993896484375</ele>
        <time>2026-07-11T00:54:25.000Z</time>
        <extensions>
          <ns3:TrackPointExtension>
            <ns3:hr>163</ns3:hr>
            <ns3:cad>87</ns3:cad>
          </ns3:TrackPointExtension>
        </extensions>
      </trkpt>
      <trkpt lat="34.1800224781036376953125" lon="108.9342460222542285919189453125">
        <ele>439.399993896484375</ele>
        <time>2026-07-11T00:54:26.000Z</time>
        <extensions>
          <ns3:TrackPointExtension>
            <ns3:hr>163</ns3:hr>
            <ns3:cad>85</ns3:cad>
          </ns3:TrackPointExtension>
        </extensions>
      </trkpt>
      <trkpt lat="34.18001753278076648712158203125" lon="108.93427762202918529510498046875">
        <ele>439.399993896484375</ele>
        <time>2026-07-11T00:54:27.000Z</time>
        <extensions>
          <ns3:TrackPointExtension>
            <ns3:hr>163</ns3:hr>
            <ns3:cad>85</ns3:cad>
          </ns3:TrackPointExtension>
        </extensions>
      </trkpt>
      <trkpt lat="34.1800152696669101715087890625" lon="108.9343157596886157989501953125">
        <ele>439.600006103515625</ele>
        <time>2026-07-11T00:54:28.000Z</time>
        <extensions>
          <ns3:TrackPointExtension>
            <ns3:hr>164</ns3:hr>
            <ns3:cad>85</ns3:cad>
          </ns3:TrackPointExtension>
        </extensions>
      </trkpt>
      <trkpt lat="34.1800129227340221405029296875" lon="108.934348113834857940673828125">
        <ele>439.600006103515625</ele>
        <time>2026-07-11T00:54:29.000Z</time>
        <extensions>
          <ns3:TrackPointExtension>
            <ns3:hr>164</ns3:hr>
            <ns3:cad>85</ns3:cad>
          </ns3:TrackPointExtension>
        </extensions>
      </trkpt>
      <trkpt lat="34.18001837097108364105224609375" lon="108.93438172526657581329345703125">
        <ele>439.600006103515625</ele>
        <time>2026-07-11T00:54:30.000Z</time>
        <extensions>
          <ns3:TrackPointExtension>
            <ns3:hr>164</ns3:hr>
            <ns3:cad>86</ns3:cad>
          </ns3:TrackPointExtension>
        </extensions>
      </trkpt>
      <trkpt lat="34.1800196282565593719482421875" lon="108.93441441468894481658935546875">
        <ele>439.600006103515625</ele>
        <time>2026-07-11T00:54:31.000Z</time>
        <extensions>
          <ns3:TrackPointExtension>
            <ns3:hr>164</ns3:hr>
            <ns3:cad>88</ns3:cad>
          </ns3:TrackPointExtension>
        </extensions>
      </trkpt>
      <trkpt lat="34.1800239868462085723876953125" lon="108.934443332254886627197265625">
        <ele>439.79998779296875</ele>
        <time>2026-07-11T00:54:32.000Z</time>
        <extensions>
          <ns3:TrackPointExtension>
            <ns3:hr>164</ns3:hr>
            <ns3:cad>88</ns3:cad>
          </ns3:TrackPointExtension>
        </extensions>
      </trkpt>
      <trkpt lat="34.1800243221223354339599609375" lon="108.9344770275056362152099609375">
        <ele>439.79998779296875</ele>
        <time>2026-07-11T00:54:33.000Z</time>
        <extensions>
          <ns3:TrackPointExtension>
            <ns3:hr>165</ns3:hr>
            <ns3:cad>88</ns3:cad>
          </ns3:TrackPointExtension>
        </extensions>
      </trkpt>
      <trkpt lat="34.18003194965422153472900390625" lon="108.93450200557708740234375">
        <ele>439.79998779296875</ele>
        <time>2026-07-11T00:54:34.000Z</time>
        <extensions>
          <ns3:TrackPointExtension>
            <ns3:hr>165</ns3:hr>
            <ns3:cad>88</ns3:cad>
          </ns3:TrackPointExtension>
        </extensions>
      </trkpt>
      <trkpt lat="34.18003379367291927337646484375" lon="108.93454098142683506011962890625">
        <ele>440</ele>
        <time>2026-07-11T00:54:35.000Z</time>
        <extensions>
          <ns3:TrackPointExtension>
            <ns3:hr>165</ns3:hr>
            <ns3:cad>88</ns3:cad>
          </ns3:TrackPointExtension>
        </extensions>
      </trkpt>
      <trkpt lat="34.1800337098538875579833984375" lon="108.93456730060279369354248046875">
        <ele>440</ele>
        <time>2026-07-11T00:54:36.000Z</time>
        <extensions>
          <ns3:TrackPointExtension>
            <ns3:hr>165</ns3:hr>
            <ns3:cad>88</ns3:cad>
          </ns3:TrackPointExtension>
        </extensions>
      </trkpt>
      <trkpt lat="34.18002985417842864990234375" lon="108.9346061088144779205322265625">
        <ele>440</ele>
        <time>2026-07-11T00:54:37.000Z</time>
        <extensions>
          <ns3:TrackPointExtension>
            <ns3:hr>165</ns3:hr>
            <ns3:cad>88</ns3:cad>
          </ns3:TrackPointExtension>
        </extensions>
      </trkpt>
      <trkpt lat="34.18002692051231861114501953125" lon="108.93463117070496082305908203125">
        <ele>440</ele>
        <time>2026-07-11T00:54:38.000Z</time>
        <extensions>
          <ns3:TrackPointExtension>
            <ns3:hr>166</ns3:hr>
            <ns3:cad>87</ns3:cad>
          </ns3:TrackPointExtension>
        </extensions>
      </trkpt>
      <trkpt lat="34.180014431476593017578125" lon="108.93466436304152011871337890625">
        <ele>440</ele>
        <time>2026-07-11T00:54:39.000Z</time>
        <extensions>
          <ns3:TrackPointExtension>
            <ns3:hr>166</ns3:hr>
            <ns3:cad>87</ns3:cad>
          </ns3:TrackPointExtension>
        </extensions>
      </trkpt>
      <trkpt lat="34.1799975000321865081787109375" lon="108.934686742722988128662109375">
        <ele>440</ele>
        <time>2026-07-11T00:54:40.000Z</time>
        <extensions>
          <ns3:TrackPointExtension>
            <ns3:hr>166</ns3:hr>
            <ns3:cad>87</ns3:cad>
          </ns3:TrackPointExtension>
        </extensions>
      </trkpt>
      <trkpt lat="34.17997428216040134429931640625" lon="108.9347016625106334686279296875">
        <ele>440</ele>
        <time>2026-07-11T00:54:41.000Z</time>
        <extensions>
          <ns3:TrackPointExtension>
            <ns3:hr>166</ns3:hr>
            <ns3:cad>88</ns3:cad>
          </ns3:TrackPointExtension>
        </extensions>
      </trkpt>
      <trkpt lat="34.17995081283152103424072265625" lon="108.93470627255737781524658203125">
        <ele>439.79998779296875</ele>
        <time>2026-07-11T00:54:42.000Z</time>
        <extensions>
          <ns3:TrackPointExtension>
            <ns3:hr>166</ns3:hr>
            <ns3:cad>88</ns3:cad>
          </ns3:TrackPointExtension>
        </extensions>
      </trkpt>
      <trkpt lat="34.17993069626390933990478515625" lon="108.934710212051868438720703125">
        <ele>439.79998779296875</ele>
        <time>2026-07-11T00:54:43.000Z</time>
        <extensions>
          <ns3:TrackPointExtension>
            <ns3:hr>166</ns3:hr>
            <ns3:cad>88</ns3:cad>
          </ns3:TrackPointExtension>
        </extensions>
      </trkpt>
      <trkpt lat="34.179904460906982421875" lon="108.9347140677273273468017578125">
        <ele>439.600006103515625</ele>
        <time>2026-07-11T00:54:44.000Z</time>
        <extensions>
          <ns3:TrackPointExtension>
            <ns3:hr>166</ns3:hr>
            <ns3:cad>88</ns3:cad>
          </ns3:TrackPointExtension>
        </extensions>
      </trkpt>
      <trkpt lat="34.1798818297684192657470703125" lon="108.9347137324512004852294921875">
        <ele>439.600006103515625</ele>
        <time>2026-07-11T00:54:45.000Z</time>
        <extensions>
          <ns3:TrackPointExtension>
            <ns3:hr>166</ns3:hr>
            <ns3:cad>88</ns3:cad>
          </ns3:TrackPointExtension>
        </extensions>
      </trkpt>
      <trkpt lat="34.1798543371260166168212890625" lon="108.9347123913466930389404296875">
        <ele>439.600006103515625</ele>
        <time>2026-07-11T00:54:46.000Z</time>
        <extensions>
          <ns3:TrackPointExtension>
            <ns3:hr>166</ns3:hr>
            <ns3:cad>88</ns3:cad>
          </ns3:TrackPointExtension>
        </extensions>
      </trkpt>
      <trkpt lat="34.17983472347259521484375" lon="108.93471549265086650848388671875">
        <ele>439.600006103515625</ele>
        <time>2026-07-11T00:54:47.000Z</time>
        <extensions>
          <ns3:TrackPointExtension>
            <ns3:hr>166</ns3:hr>
            <ns3:cad>88</ns3:cad>
          </ns3:TrackPointExtension>
        </extensions>
      </trkpt>
      <trkpt lat="34.17980580590665340423583984375" lon="108.93471415154635906219482421875">
        <ele>439.600006103515625</ele>
        <time>2026-07-11T00:54:48.000Z</time>
        <extensions>
          <ns3:TrackPointExtension>
            <ns3:hr>166</ns3:hr>
            <ns3:cad>88</ns3:cad>
          </ns3:TrackPointExtension>
        </extensions>
      </trkpt>
      <trkpt lat="34.17978099547326564788818359375" lon="108.93471457064151763916015625">
        <ele>439.600006103515625</ele>
        <time>2026-07-11T00:54:49.000Z</time>
        <extensions>
          <ns3:TrackPointExtension>
            <ns3:hr>166</ns3:hr>
            <ns3:cad>88</ns3:cad>
          </ns3:TrackPointExtension>
        </extensions>
      </trkpt>
      <trkpt lat="34.179752580821514129638671875" lon="108.9347130618989467620849609375">
        <ele>439.600006103515625</ele>
        <time>2026-07-11T00:54:50.000Z</time>
        <extensions>
          <ns3:TrackPointExtension>
            <ns3:hr>166</ns3:hr>
            <ns3:cad>88</ns3:cad>
          </ns3:TrackPointExtension>
        </extensions>
      </trkpt>
      <trkpt lat="34.1797287762165069580078125" lon="108.93471582792699337005615234375">
        <ele>439.600006103515625</ele>
        <time>2026-07-11T00:54:51.000Z</time>
        <extensions>
          <ns3:TrackPointExtension>
            <ns3:hr>165</ns3:hr>
            <ns3:cad>88</ns3:cad>
          </ns3:TrackPointExtension>
        </extensions>
      </trkpt>
      <trkpt lat="34.1797006130218505859375" lon="108.9347204379737377166748046875">
        <ele>439.79998779296875</ele>
        <time>2026-07-11T00:54:52.000Z</time>
        <extensions>
          <ns3:TrackPointExtension>
            <ns3:hr>166</ns3:hr>
            <ns3:cad>88</ns3:cad>
          </ns3:TrackPointExtension>
        </extensions>
      </trkpt>
      <trkpt lat="34.17967856861650943756103515625" lon="108.9347177557647228240966796875">
        <ele>439.79998779296875</ele>
        <time>2026-07-11T00:54:53.000Z</time>
        <extensions>
          <ns3:TrackPointExtension>
            <ns3:hr>165</ns3:hr>
            <ns3:cad>89</ns3:cad>
          </ns3:TrackPointExtension>
        </extensions>
      </trkpt>
      <trkpt lat="34.17965023778378963470458984375" lon="108.93471566028892993927001953125">
        <ele>439.79998779296875</ele>
        <time>2026-07-11T00:54:54.000Z</time>
        <extensions>
          <ns3:TrackPointExtension>
            <ns3:hr>165</ns3:hr>
            <ns3:cad>88</ns3:cad>
          </ns3:TrackPointExtension>
        </extensions>
      </trkpt>
      <trkpt lat="34.17962760664522647857666015625" lon="108.93470996059477329254150390625">
        <ele>439.79998779296875</ele>
        <time>2026-07-11T00:54:55.000Z</time>
        <extensions>
          <ns3:TrackPointExtension>
            <ns3:hr>165</ns3:hr>
            <ns3:cad>88</ns3:cad>
          </ns3:TrackPointExtension>
        </extensions>
      </trkpt>
      <trkpt lat="34.17959910817444324493408203125" lon="108.93470677547156810760498046875">
        <ele>440</ele>
        <time>2026-07-11T00:54:56.000Z</time>
        <extensions>
          <ns3:TrackPointExtension>
            <ns3:hr>166</ns3:hr>
            <ns3:cad>88</ns3:cad>
          </ns3:TrackPointExtension>
        </extensions>
      </trkpt>
      <trkpt lat="34.1795758903026580810546875" lon="108.93470384180545806884765625">
        <ele>440</ele>
        <time>2026-07-11T00:54:57.000Z</time>
        <extensions>
          <ns3:TrackPointExtension>
            <ns3:hr>165</ns3:hr>
            <ns3:cad>89</ns3:cad>
          </ns3:TrackPointExtension>
        </extensions>
      </trkpt>
      <trkpt lat="34.17954429052770137786865234375" lon="108.934701494872570037841796875">
        <ele>440.20001220703125</ele>
        <time>2026-07-11T00:54:58.000Z</time>
        <extensions>
          <ns3:TrackPointExtension>
            <ns3:hr>165</ns3:hr>
            <ns3:cad>89</ns3:cad>
          </ns3:TrackPointExtension>
        </extensions>
      </trkpt>
      <trkpt lat="34.1795207373797893524169921875" lon="108.93469990231096744537353515625">
        <ele>440.20001220703125</ele>
        <time>2026-07-11T00:54:59.000Z</time>
        <extensions>
          <ns3:TrackPointExtension>
            <ns3:hr>165</ns3:hr>
            <ns3:cad>89</ns3:cad>
          </ns3:TrackPointExtension>
        </extensions>
      </trkpt>
      <trkpt lat="34.17950020171701908111572265625" lon="108.9347206056118011474609375">
        <ele>440.20001220703125</ele>
        <time>2026-07-11T00:55:00.000Z</time>
        <extensions>
          <ns3:TrackPointExtension>
            <ns3:hr>165</ns3:hr>
            <ns3:cad>89</ns3:cad>
          </ns3:TrackPointExtension>
        </extensions>
      </trkpt>
      <trkpt lat="34.1794820129871368408203125" lon="108.9347392134368419647216796875">
        <ele>440.399993896484375</ele>
        <time>2026-07-11T00:55:01.000Z</time>
        <extensions>
          <ns3:TrackPointExtension>
            <ns3:hr>165</ns3:hr>
            <ns3:cad>89</ns3:cad>
          </ns3:TrackPointExtension>
        </extensions>
      </trkpt>
      <trkpt lat="34.1794781573116779327392578125" lon="108.93476561643183231353759765625">
        <ele>440.399993896484375</ele>
        <time>2026-07-11T00:55:02.000Z</time>
        <extensions>
          <ns3:TrackPointExtension>
            <ns3:hr>165</ns3:hr>
            <ns3:cad>89</ns3:cad>
          </ns3:TrackPointExtension>
        </extensions>
      </trkpt>
      <trkpt lat="34.17948276735842227935791015625" lon="108.93479478545486927032470703125">
        <ele>440.399993896484375</ele>
        <time>2026-07-11T00:55:03.000Z</time>
        <extensions>
          <ns3:TrackPointExtension>
            <ns3:hr>165</ns3:hr>
            <ns3:cad>89</ns3:cad>
          </ns3:TrackPointExtension>
        </extensions>
      </trkpt>
      <trkpt lat="34.1794927418231964111328125" lon="108.93481205217540264129638671875">
        <ele>440.399993896484375</ele>
        <time>2026-07-11T00:55:04.000Z</time>
        <extensions>
          <ns3:TrackPointExtension>
            <ns3:hr>165</ns3:hr>
            <ns3:cad>88</ns3:cad>
          </ns3:TrackPointExtension>
        </extensions>
      </trkpt>
      <trkpt lat="34.1794979386031627655029296875" lon="108.93483870662748813629150390625">
        <ele>440.600006103515625</ele>
        <time>2026-07-11T00:55:05.000Z</time>
        <extensions>
          <ns3:TrackPointExtension>
            <ns3:hr>165</ns3:hr>
            <ns3:cad>88</ns3:cad>
          </ns3:TrackPointExtension>
        </extensions>
      </trkpt>
      <trkpt lat="34.17949953116476535797119140625" lon="108.9348582364618778228759765625">
        <ele>440.79998779296875</ele>
        <time>2026-07-11T00:55:06.000Z</time>
        <extensions>
          <ns3:TrackPointExtension>
            <ns3:hr>165</ns3:hr>
            <ns3:cad>88</ns3:cad>
          </ns3:TrackPointExtension>
        </extensions>
      </trkpt>
      <trkpt lat="34.17950405739247798919677734375" lon="108.934879191219806671142578125">
        <ele>441</ele>
        <time>2026-07-11T00:55:07.000Z</time>
        <extensions>
          <ns3:TrackPointExtension>
            <ns3:hr>165</ns3:hr>
            <ns3:cad>87</ns3:cad>
          </ns3:TrackPointExtension>
        </extensions>
      </trkpt>
      <trkpt lat="34.17950145900249481201171875" lon="108.9349058456718921661376953125">
        <ele>441</ele>
        <time>2026-07-11T00:55:08.000Z</time>
        <extensions>
          <ns3:TrackPointExtension>
            <ns3:hr>166</ns3:hr>
            <ns3:cad>86</ns3:cad>
          </ns3:TrackPointExtension>
        </extensions>
      </trkpt>
      <trkpt lat="34.1794939152896404266357421875" lon="108.93493476323783397674560546875">
        <ele>441.20001220703125</ele>
        <time>2026-07-11T00:55:09.000Z</time>
        <extensions>
          <ns3:TrackPointExtension>
            <ns3:hr>165</ns3:hr>
            <ns3:cad>86</ns3:cad>
          </ns3:TrackPointExtension>
        </extensions>
      </trkpt>
      <trkpt lat="34.17948997579514980316162109375" lon="108.934962339699268341064453125">
        <ele>441.20001220703125</ele>
        <time>2026-07-11T00:55:10.000Z</time>
        <extensions>
          <ns3:TrackPointExtension>
            <ns3:hr>166</ns3:hr>
            <ns3:cad>86</ns3:cad>
          </ns3:TrackPointExtension>
        </extensions>
      </trkpt>
      <trkpt lat="34.17949073016643524169921875" lon="108.93498974852263927459716796875">
        <ele>441.20001220703125</ele>
        <time>2026-07-11T00:55:11.000Z</time>
        <extensions>
          <ns3:TrackPointExtension>
            <ns3:hr>166</ns3:hr>
            <ns3:cad>86</ns3:cad>
          </ns3:TrackPointExtension>
        </extensions>
      </trkpt>
      <trkpt lat="34.17949064634740352630615234375" lon="108.93502126447856426239013671875">
        <ele>441</ele>
        <time>2026-07-11T00:55:12.000Z</time>
        <extensions>
          <ns3:TrackPointExtension>
            <ns3:hr>166</ns3:hr>
            <ns3:cad>86</ns3:cad>
          </ns3:TrackPointExtension>
        </extensions>
      </trkpt>
      <trkpt lat="34.1794942505657672882080078125" lon="108.93505093641579151153564453125">
        <ele>441</ele>
        <time>2026-07-11T00:55:13.000Z</time>
        <extensions>
          <ns3:TrackPointExtension>
            <ns3:hr>166</ns3:hr>
            <ns3:cad>86</ns3:cad>
          </ns3:TrackPointExtension>
        </extensions>
      </trkpt>
      <trkpt lat="34.1794922389090061187744140625" lon="108.93507935106754302978515625">
        <ele>441</ele>
        <time>2026-07-11T00:55:14.000Z</time>
        <extensions>
          <ns3:TrackPointExtension>
            <ns3:hr>166</ns3:hr>
            <ns3:cad>86</ns3:cad>
          </ns3:TrackPointExtension>
        </extensions>
      </trkpt>
      <trkpt lat="34.17949114926159381866455078125" lon="108.935096450150012969970703125">
        <ele>441</ele>
        <time>2026-07-11T00:55:15.000Z</time>
        <extensions>
          <ns3:TrackPointExtension>
            <ns3:hr>166</ns3:hr>
            <ns3:cad>87</ns3:cad>
          </ns3:TrackPointExtension>
        </extensions>
      </trkpt>
      <trkpt lat="34.17948662303388118743896484375" lon="108.93512469716370105743408203125">
        <ele>441</ele>
        <time>2026-07-11T00:55:16.000Z</time>
        <extensions>
          <ns3:TrackPointExtension>
            <ns3:hr>166</ns3:hr>
            <ns3:cad>88</ns3:cad>
          </ns3:TrackPointExtension>
        </extensions>
      </trkpt>
      <trkpt lat="34.1794882155954837799072265625" lon="108.93514716066420078277587890625">
        <ele>441</ele>
        <time>2026-07-11T00:55:17.000Z</time>
        <extensions>
          <ns3:TrackPointExtension>
            <ns3:hr>166</ns3:hr>
            <ns3:cad>88</ns3:cad>
          </ns3:TrackPointExtension>
        </extensions>
      </trkpt>
      <trkpt lat="34.179485030472278594970703125" lon="108.93517599441111087799072265625">
        <ele>441</ele>
        <time>2026-07-11T00:55:18.000Z</time>
        <extensions>
          <ns3:TrackPointExtension>
            <ns3:hr>166</ns3:hr>
            <ns3:cad>88</ns3:cad>
          </ns3:TrackPointExtension>
        </extensions>
      </trkpt>
      <trkpt lat="34.17948142625391483306884765625" lon="108.935203738510608673095703125">
        <ele>441</ele>
        <time>2026-07-11T00:55:19.000Z</time>
        <extensions>
          <ns3:TrackPointExtension>
            <ns3:hr>166</ns3:hr>
            <ns3:cad>89</ns3:cad>
          </ns3:TrackPointExtension>
        </extensions>
      </trkpt>
      <trkpt lat="34.17948109097778797149658203125" lon="108.9352370984852313995361328125">
        <ele>441</ele>
        <time>2026-07-11T00:55:20.000Z</time>
        <extensions>
          <ns3:TrackPointExtension>
            <ns3:hr>166</ns3:hr>
            <ns3:cad>88</ns3:cad>
          </ns3:TrackPointExtension>
        </extensions>
      </trkpt>
      <trkpt lat="34.1794801689684391021728515625" lon="108.93526433967053890228271484375">
        <ele>441.20001220703125</ele>
        <time>2026-07-11T00:55:21.000Z</time>
        <extensions>
          <ns3:TrackPointExtension>
            <ns3:hr>166</ns3:hr>
            <ns3:cad>88</ns3:cad>
          </ns3:TrackPointExtension>
        </extensions>
      </trkpt>
      <trkpt lat="34.17947740294039249420166015625" lon="108.93529183231294155120849609375">
        <ele>441.20001220703125</ele>
        <time>2026-07-11T00:55:22.000Z</time>
        <extensions>
          <ns3:TrackPointExtension>
            <ns3:hr>166</ns3:hr>
            <ns3:cad>88</ns3:cad>
          </ns3:TrackPointExtension>
        </extensions>
      </trkpt>
      <trkpt lat="34.17948226444423198699951171875" lon="108.93532209098339080810546875">
        <ele>441.20001220703125</ele>
        <time>2026-07-11T00:55:23.000Z</time>
        <extensions>
          <ns3:TrackPointExtension>
            <ns3:hr>166</ns3:hr>
            <ns3:cad>87</ns3:cad>
          </ns3:TrackPointExtension>
        </extensions>
      </trkpt>
      <trkpt lat="34.17948762886226177215576171875" lon="108.93535469658672809600830078125">
        <ele>441.20001220703125</ele>
        <time>2026-07-11T00:55:24.000Z</time>
        <extensions>
          <ns3:TrackPointExtension>
            <ns3:hr>166</ns3:hr>
            <ns3:cad>87</ns3:cad>
          </ns3:TrackPointExtension>
        </extensions>
      </trkpt>
      <trkpt lat="34.17949140071868896484375" lon="108.93538738600909709930419921875">
        <ele>441.20001220703125</ele>
        <time>2026-07-11T00:55:25.000Z</time>
        <extensions>
          <ns3:TrackPointExtension>
            <ns3:hr>166</ns3:hr>
            <ns3:cad>87</ns3:cad>
          </ns3:TrackPointExtension>
        </extensions>
      </trkpt>
      <trkpt lat="34.1794979386031627655029296875" lon="108.93541538156569004058837890625">
        <ele>441.20001220703125</ele>
        <time>2026-07-11T00:55:26.000Z</time>
        <extensions>
          <ns3:TrackPointExtension>
            <ns3:hr>166</ns3:hr>
            <ns3:cad>87</ns3:cad>
          </ns3:TrackPointExtension>
        </extensions>
      </trkpt>
      <trkpt lat="34.17949835769832134246826171875" lon="108.93544689752161502838134765625">
        <ele>441.20001220703125</ele>
        <time>2026-07-11T00:55:27.000Z</time>
        <extensions>
          <ns3:TrackPointExtension>
            <ns3:hr>166</ns3:hr>
            <ns3:cad>87</ns3:cad>
          </ns3:TrackPointExtension>
        </extensions>
      </trkpt>
    </trkseg>
  </trk>
</gpx>
