<gpx xmlns:ns3="http://www.garmin.com/xmlschemas/TrackPointExtension/v1" xmlns="http://www.topografix.com/GPX/1/1" xmlns:xsi="http://www.w3.org/2001/XMLSchema-instance" xmlns:ns2="http://www.garmin.com/xmlschemas/GpxExtensions/v3" creator="Garmin Connect" version="1.1" xsi:schemaLocation="http://www.topografix.com/GPX/1/1 http://www.topografix.com/GPX/11.xsd">
  <extensions>
<distance>5935.74</distance>
<average_hr>140.0</average_hr>
<average_speed>2.2190001010894775</average_speed>
<start_time>2026-08-19T22:55:18+00:00</start_time>
<end_time>2026-08-19T23:39:52.432000+00:00</end_time>
<moving_time>2448.465</moving_time>
<elapsed_time>2674.432</elapsed_time>
</extensions>
<metadata>
    <link href="connect.garmin.com">
      <text>Garmin Connect</text>
    </link>
    <time>2026-08-19T22:55:18.000Z</time>
  </metadata>
  <trk>
    <name>西安市 跑步</name>
    <type>running</type>
    <trkseg>
      <trkpt lat="34.1781516373157501220703125" lon="108.93473410047590732574462890625">
        <ele>449.79998779296875</ele>
        <time>2026-08-19T22:55:18.000Z</time>
        <extensions>
          <ns3:TrackPointExtension>
            <ns3:hr>94</ns3:hr>
            <ns3:cad>0</ns3:cad>
          </ns3:TrackPointExtension>
        </extensions>
      </trkpt>
      <trkpt lat="34.17815892957150936126708984375" lon="108.934724628925323486328125">
        <ele>449.79998779296875</ele>
        <time>2026-08-19T22:55:19.000Z</time>
        <extensions>
          <ns3:TrackPointExtension>
            <ns3:hr>94</ns3:hr>
            <ns3:cad>0</ns3:cad>
          </ns3:TrackPointExtension>
        </extensions>
      </trkpt>
      <trkpt lat="34.17817736975848674774169921875" lon="108.9347271434962749481201171875">
        <ele>449.79998779296875</ele>
        <time>2026-08-19T22:55:20.000Z</time>
        <extensions>
          <ns3:TrackPointExtension>
            <ns3:hr>94</ns3:hr>
            <ns3:cad>0</ns3:cad>
          </ns3:TrackPointExtension>
        </extensions>
      </trkpt>
      <trkpt lat="34.17819681577384471893310546875" lon="108.9347268082201480865478515625">
        <ele>449.600006103515625</ele>
        <time>2026-08-19T22:55:21.000Z</time>
        <extensions>
          <ns3:TrackPointExtension>
            <ns3:hr>94</ns3:hr>
            <ns3:cad>0</ns3:cad>
          </ns3:TrackPointExtension>
        </extensions>
      </trkpt>
      <trkpt lat="34.178223721683025360107421875" lon="108.93472806550562381744384765625">
        <ele>449.600006103515625</ele>
        <time>2026-08-19T22:55:22.000Z</time>
        <extensions>
          <ns3:TrackPointExtension>
            <ns3:hr>95</ns3:hr>
            <ns3:cad>0</ns3:cad>
          </ns3:TrackPointExtension>
        </extensions>
      </trkpt>
      <trkpt lat="34.178245179355144500732421875" lon="108.9347251318395137786865234375">
        <ele>449.399993896484375</ele>
        <time>2026-08-19T22:55:23.000Z</time>
        <extensions>
          <ns3:TrackPointExtension>
            <ns3:hr>95</ns3:hr>
            <ns3:cad>0</ns3:cad>
          </ns3:TrackPointExtension>
        </extensions>
      </trkpt>
      <trkpt lat="34.1782745160162448883056640625" lon="108.93472219817340373992919921875">
        <ele>449.20001220703125</ele>
        <time>2026-08-19T22:55:24.000Z</time>
        <extensions>
          <ns3:TrackPointExtension>
            <ns3:hr>96</ns3:hr>
            <ns3:cad>83</ns3:cad>
          </ns3:TrackPointExtension>
        </extensions>
      </trkpt>
      <trkpt lat="34.1783013381063938140869140625" lon="108.93472119234502315521240234375">
        <ele>449</ele>
        <time>2026-08-19T22:55:25.000Z</time>
        <extensions>
          <ns3:TrackPointExtension>
            <ns3:hr>97</ns3:hr>
            <ns3:cad>84</ns3:cad>
          </ns3:TrackPointExtension>
        </extensions>
      </trkpt>
      <trkpt lat="34.1783288307487964630126953125" lon="108.93471951596438884735107421875">
        <ele>448.79998779296875</ele>
        <time>2026-08-19T22:55:26.000Z</time>
        <extensions>
          <ns3:TrackPointExtension>
            <ns3:hr>98</ns3:hr>
            <ns3:cad>84</ns3:cad>
          </ns3:TrackPointExtension>
        </extensions>
      </trkpt>
      <trkpt lat="34.17835791595280170440673828125" lon="108.934718929231166839599609375">
        <ele>448.79998779296875</ele>
        <time>2026-08-19T22:55:27.000Z</time>
        <extensions>
          <ns3:TrackPointExtension>
            <ns3:hr>100</ns3:hr>
            <ns3:cad>84</ns3:cad>
          </ns3:TrackPointExtension>
        </extensions>
      </trkpt>
      <trkpt lat="34.1783851571381092071533203125" lon="108.93471465446054935455322265625">
        <ele>448.600006103515625</ele>
        <time>2026-08-19T22:55:28.000Z</time>
        <extensions>
          <ns3:TrackPointExtension>
            <ns3:hr>101</ns3:hr>
            <ns3:cad>85</ns3:cad>
          </ns3:TrackPointExtension>
        </extensions>
      </trkpt>
      <trkpt lat="34.17841457761824131011962890625" lon="108.934719599783420562744140625">
        <ele>448.399993896484375</ele>
        <time>2026-08-19T22:55:29.000Z</time>
        <extensions>
          <ns3:TrackPointExtension>
            <ns3:hr>101</ns3:hr>
            <ns3:cad>85</ns3:cad>
          </ns3:TrackPointExtension>
        </extensions>
      </trkpt>
      <trkpt lat="34.17843662202358245849609375" lon="108.9347197674214839935302734375">
        <ele>448.20001220703125</ele>
        <time>2026-08-19T22:55:30.000Z</time>
        <extensions>
          <ns3:TrackPointExtension>
            <ns3:hr>102</ns3:hr>
            <ns3:cad>86</ns3:cad>
          </ns3:TrackPointExtension>
        </extensions>
      </trkpt>
      <trkpt lat="34.17846352793276309967041015625" lon="108.9347164146602153778076171875">
        <ele>448</ele>
        <time>2026-08-19T22:55:31.000Z</time>
        <extensions>
          <ns3:TrackPointExtension>
            <ns3:hr>102</ns3:hr>
            <ns3:cad>86</ns3:cad>
          </ns3:TrackPointExtension>
        </extensions>
      </trkpt>
      <trkpt lat="34.17848532088100910186767578125" lon="108.93471130169928073883056640625">
        <ele>447.79998779296875</ele>
        <time>2026-08-19T22:55:32.000Z</time>
        <extensions>
          <ns3:TrackPointExtension>
            <ns3:hr>103</ns3:hr>
            <ns3:cad>86</ns3:cad>
          </ns3:TrackPointExtension>
        </extensions>
      </trkpt>
      <trkpt lat="34.17851482518017292022705078125" lon="108.93471079878509044647216796875">
        <ele>447.79998779296875</ele>
        <time>2026-08-19T22:55:33.000Z</time>
        <extensions>
          <ns3:TrackPointExtension>
            <ns3:hr>104</ns3:hr>
            <ns3:cad>86</ns3:cad>
          </ns3:TrackPointExtension>
        </extensions>
      </trkpt>
      <trkpt lat="34.1785397194325923919677734375" lon="108.93471096642315387725830078125">
        <ele>447.600006103515625</ele>
        <time>2026-08-19T22:55:34.000Z</time>
        <extensions>
          <ns3:TrackPointExtension>
            <ns3:hr>105</ns3:hr>
            <ns3:cad>87</ns3:cad>
          </ns3:TrackPointExtension>
        </extensions>
      </trkpt>
      <trkpt lat="34.1785625182092189788818359375" lon="108.9347060211002826690673828125">
        <ele>447.399993896484375</ele>
        <time>2026-08-19T22:55:35.000Z</time>
        <extensions>
          <ns3:TrackPointExtension>
            <ns3:hr>106</ns3:hr>
            <ns3:cad>87</ns3:cad>
          </ns3:TrackPointExtension>
        </extensions>
      </trkpt>
      <trkpt lat="34.17858858592808246612548828125" lon="108.93470627255737781524658203125">
        <ele>447.20001220703125</ele>
        <time>2026-08-19T22:55:36.000Z</time>
        <extensions>
          <ns3:TrackPointExtension>
            <ns3:hr>107</ns3:hr>
            <ns3:cad>87</ns3:cad>
          </ns3:TrackPointExtension>
        </extensions>
      </trkpt>
      <trkpt lat="34.17860652320086956024169921875" lon="108.9347030036151409149169921875">
        <ele>447.20001220703125</ele>
        <time>2026-08-19T22:55:37.000Z</time>
        <extensions>
          <ns3:TrackPointExtension>
            <ns3:hr>108</ns3:hr>
            <ns3:cad>86</ns3:cad>
          </ns3:TrackPointExtension>
        </extensions>
      </trkpt>
      <trkpt lat="34.1786342673003673553466796875" lon="108.93470560200512409210205078125">
        <ele>447</ele>
        <time>2026-08-19T22:55:38.000Z</time>
        <extensions>
          <ns3:TrackPointExtension>
            <ns3:hr>109</ns3:hr>
            <ns3:cad>86</ns3:cad>
          </ns3:TrackPointExtension>
        </extensions>
      </trkpt>
      <trkpt lat="34.17865430004894733428955078125" lon="108.9347036741673946380615234375">
        <ele>447</ele>
        <time>2026-08-19T22:55:39.000Z</time>
        <extensions>
          <ns3:TrackPointExtension>
            <ns3:hr>109</ns3:hr>
            <ns3:cad>86</ns3:cad>
          </ns3:TrackPointExtension>
        </extensions>
      </trkpt>
      <trkpt lat="34.178679697215557098388671875" lon="108.93470442853868007659912109375">
        <ele>446.79998779296875</ele>
        <time>2026-08-19T22:55:40.000Z</time>
        <extensions>
          <ns3:TrackPointExtension>
            <ns3:hr>110</ns3:hr>
            <ns3:cad>86</ns3:cad>
          </ns3:TrackPointExtension>
        </extensions>
      </trkpt>
      <trkpt lat="34.17870090343058109283447265625" lon="108.93470141105353832244873046875">
        <ele>446.600006103515625</ele>
        <time>2026-08-19T22:55:41.000Z</time>
        <extensions>
          <ns3:TrackPointExtension>
            <ns3:hr>111</ns3:hr>
            <ns3:cad>85</ns3:cad>
          </ns3:TrackPointExtension>
        </extensions>
      </trkpt>
      <trkpt lat="34.1787242889404296875" lon="108.93469789065420627593994140625">
        <ele>446.600006103515625</ele>
        <time>2026-08-19T22:55:42.000Z</time>
        <extensions>
          <ns3:TrackPointExtension>
            <ns3:hr>111</ns3:hr>
            <ns3:cad>85</ns3:cad>
          </ns3:TrackPointExtension>
        </extensions>
      </trkpt>
      <trkpt lat="34.17874784208834171295166015625" lon="108.9347023330628871917724609375">
        <ele>446.399993896484375</ele>
        <time>2026-08-19T22:55:43.000Z</time>
        <extensions>
          <ns3:TrackPointExtension>
            <ns3:hr>112</ns3:hr>
            <ns3:cad>85</ns3:cad>
          </ns3:TrackPointExtension>
        </extensions>
      </trkpt>
      <trkpt lat="34.1787636838853359222412109375" lon="108.93469604663550853729248046875">
        <ele>446.20001220703125</ele>
        <time>2026-08-19T22:55:44.000Z</time>
        <extensions>
          <ns3:TrackPointExtension>
            <ns3:hr>113</ns3:hr>
            <ns3:cad>86</ns3:cad>
          </ns3:TrackPointExtension>
        </extensions>
      </trkpt>
      <trkpt lat="34.17878799140453338623046875" lon="108.93469822593033313751220703125">
        <ele>446.20001220703125</ele>
        <time>2026-08-19T22:55:45.000Z</time>
        <extensions>
          <ns3:TrackPointExtension>
            <ns3:hr>113</ns3:hr>
            <ns3:cad>86</ns3:cad>
          </ns3:TrackPointExtension>
        </extensions>
      </trkpt>
      <trkpt lat="34.1788069345057010650634765625" lon="108.93469722010195255279541015625">
        <ele>446</ele>
        <time>2026-08-19T22:55:46.000Z</time>
        <extensions>
          <ns3:TrackPointExtension>
            <ns3:hr>114</ns3:hr>
            <ns3:cad>86</ns3:cad>
          </ns3:TrackPointExtension>
        </extensions>
      </trkpt>
      <trkpt lat="34.17883467860519886016845703125" lon="108.93469520844519138336181640625">
        <ele>445.79998779296875</ele>
        <time>2026-08-19T22:55:47.000Z</time>
        <extensions>
          <ns3:TrackPointExtension>
            <ns3:hr>114</ns3:hr>
            <ns3:cad>86</ns3:cad>
          </ns3:TrackPointExtension>
        </extensions>
      </trkpt>
      <trkpt lat="34.1788575612008571624755859375" lon="108.9346964657306671142578125">
        <ele>445.79998779296875</ele>
        <time>2026-08-19T22:55:48.000Z</time>
        <extensions>
          <ns3:TrackPointExtension>
            <ns3:hr>115</ns3:hr>
            <ns3:cad>85</ns3:cad>
          </ns3:TrackPointExtension>
        </extensions>
      </trkpt>
      <trkpt lat="34.17888128198683261871337890625" lon="108.93469738774001598358154296875">
        <ele>445.600006103515625</ele>
        <time>2026-08-19T22:55:49.000Z</time>
        <extensions>
          <ns3:TrackPointExtension>
            <ns3:hr>115</ns3:hr>
            <ns3:cad>85</ns3:cad>
          </ns3:TrackPointExtension>
        </extensions>
      </trkpt>
      <trkpt lat="34.1789066791534423828125" lon="108.93469755537807941436767578125">
        <ele>445.399993896484375</ele>
        <time>2026-08-19T22:55:50.000Z</time>
        <extensions>
          <ns3:TrackPointExtension>
            <ns3:hr>116</ns3:hr>
            <ns3:cad>85</ns3:cad>
          </ns3:TrackPointExtension>
        </extensions>
      </trkpt>
      <trkpt lat="34.1789299808442592620849609375" lon="108.9346946217119693756103515625">
        <ele>445.20001220703125</ele>
        <time>2026-08-19T22:55:51.000Z</time>
        <extensions>
          <ns3:TrackPointExtension>
            <ns3:hr>116</ns3:hr>
            <ns3:cad>85</ns3:cad>
          </ns3:TrackPointExtension>
        </extensions>
      </trkpt>
      <trkpt lat="34.17895722202956676483154296875" lon="108.93469403497874736785888671875">
        <ele>445.20001220703125</ele>
        <time>2026-08-19T22:55:52.000Z</time>
        <extensions>
          <ns3:TrackPointExtension>
            <ns3:hr>116</ns3:hr>
            <ns3:cad>86</ns3:cad>
          </ns3:TrackPointExtension>
        </extensions>
      </trkpt>
      <trkpt lat="34.17897448875010013580322265625" lon="108.93469302915036678314208984375">
        <ele>444.79998779296875</ele>
        <time>2026-08-19T22:55:53.000Z</time>
        <extensions>
          <ns3:TrackPointExtension>
            <ns3:hr>116</ns3:hr>
            <ns3:cad>86</ns3:cad>
          </ns3:TrackPointExtension>
        </extensions>
      </trkpt>
      <trkpt lat="34.179000556468963623046875" lon="108.93469856120645999908447265625">
        <ele>444.79998779296875</ele>
        <time>2026-08-19T22:55:54.000Z</time>
        <extensions>
          <ns3:TrackPointExtension>
            <ns3:hr>116</ns3:hr>
            <ns3:cad>86</ns3:cad>
          </ns3:TrackPointExtension>
        </extensions>
      </trkpt>
      <trkpt lat="34.17902310378849506378173828125" lon="108.93470224924385547637939453125">
        <ele>444.600006103515625</ele>
        <time>2026-08-19T22:55:55.000Z</time>
        <extensions>
          <ns3:TrackPointExtension>
            <ns3:hr>116</ns3:hr>
            <ns3:cad>86</ns3:cad>
          </ns3:TrackPointExtension>
        </extensions>
      </trkpt>
      <trkpt lat="34.1790474951267242431640625" lon="108.93470409326255321502685546875">
        <ele>444.399993896484375</ele>
        <time>2026-08-19T22:55:56.000Z</time>
        <extensions>
          <ns3:TrackPointExtension>
            <ns3:hr>116</ns3:hr>
            <ns3:cad>86</ns3:cad>
          </ns3:TrackPointExtension>
        </extensions>
      </trkpt>
      <trkpt lat="34.1790734790265560150146484375" lon="108.9347050152719020843505859375">
        <ele>444.399993896484375</ele>
        <time>2026-08-19T22:55:57.000Z</time>
        <extensions>
          <ns3:TrackPointExtension>
            <ns3:hr>117</ns3:hr>
            <ns3:cad>86</ns3:cad>
          </ns3:TrackPointExtension>
        </extensions>
      </trkpt>
      <trkpt lat="34.17909937910735607147216796875" lon="108.93470694310963153839111328125">
        <ele>444.20001220703125</ele>
        <time>2026-08-19T22:55:58.000Z</time>
        <extensions>
          <ns3:TrackPointExtension>
            <ns3:hr>117</ns3:hr>
            <ns3:cad>86</ns3:cad>
          </ns3:TrackPointExtension>
        </extensions>
      </trkpt>
      <trkpt lat="34.17913022451102733612060546875" lon="108.93470929004251956939697265625">
        <ele>444</ele>
        <time>2026-08-19T22:55:59.000Z</time>
        <extensions>
          <ns3:TrackPointExtension>
            <ns3:hr>117</ns3:hr>
            <ns3:cad>86</ns3:cad>
          </ns3:TrackPointExtension>
        </extensions>
      </trkpt>
      <trkpt lat="34.179151766002178192138671875" lon="108.93470476381480693817138671875">
        <ele>443.79998779296875</ele>
        <time>2026-08-19T22:56:00.000Z</time>
        <extensions>
          <ns3:TrackPointExtension>
            <ns3:hr>118</ns3:hr>
            <ns3:cad>86</ns3:cad>
          </ns3:TrackPointExtension>
        </extensions>
      </trkpt>
      <trkpt lat="34.17918764054775238037109375" lon="108.93470778129994869232177734375">
        <ele>443.79998779296875</ele>
        <time>2026-08-19T22:56:01.000Z</time>
        <extensions>
          <ns3:TrackPointExtension>
            <ns3:hr>118</ns3:hr>
            <ns3:cad>86</ns3:cad>
          </ns3:TrackPointExtension>
        </extensions>
      </trkpt>
      <trkpt lat="34.179209768772125244140625" lon="108.93470518290996551513671875">
        <ele>443.600006103515625</ele>
        <time>2026-08-19T22:56:02.000Z</time>
        <extensions>
          <ns3:TrackPointExtension>
            <ns3:hr>118</ns3:hr>
            <ns3:cad>86</ns3:cad>
          </ns3:TrackPointExtension>
        </extensions>
      </trkpt>
      <trkpt lat="34.17923868633806705474853515625" lon="108.93470593728125095367431640625">
        <ele>443.399993896484375</ele>
        <time>2026-08-19T22:56:03.000Z</time>
        <extensions>
          <ns3:TrackPointExtension>
            <ns3:hr>118</ns3:hr>
            <ns3:cad>86</ns3:cad>
          </ns3:TrackPointExtension>
        </extensions>
      </trkpt>
      <trkpt lat="34.1792649216949939727783203125" lon="108.93470677547156810760498046875">
        <ele>443.399993896484375</ele>
        <time>2026-08-19T22:56:04.000Z</time>
        <extensions>
          <ns3:TrackPointExtension>
            <ns3:hr>117</ns3:hr>
            <ns3:cad>86</ns3:cad>
          </ns3:TrackPointExtension>
        </extensions>
      </trkpt>
      <trkpt lat="34.179289229214191436767578125" lon="108.9347050152719020843505859375">
        <ele>443.20001220703125</ele>
        <time>2026-08-19T22:56:05.000Z</time>
        <extensions>
          <ns3:TrackPointExtension>
            <ns3:hr>118</ns3:hr>
            <ns3:cad>86</ns3:cad>
          </ns3:TrackPointExtension>
        </extensions>
      </trkpt>
      <trkpt lat="34.1793172247707843780517578125" lon="108.93470861949026584625244140625">
        <ele>443.20001220703125</ele>
        <time>2026-08-19T22:56:06.000Z</time>
        <extensions>
          <ns3:TrackPointExtension>
            <ns3:hr>118</ns3:hr>
            <ns3:cad>86</ns3:cad>
          </ns3:TrackPointExtension>
        </extensions>
      </trkpt>
      <trkpt lat="34.17934144847095012664794921875" lon="108.934706188738346099853515625">
        <ele>443</ele>
        <time>2026-08-19T22:56:07.000Z</time>
        <extensions>
          <ns3:TrackPointExtension>
            <ns3:hr>118</ns3:hr>
            <ns3:cad>86</ns3:cad>
          </ns3:TrackPointExtension>
        </extensions>
      </trkpt>
      <trkpt lat="34.1793742217123508453369140625" lon="108.9347137324512004852294921875">
        <ele>443</ele>
        <time>2026-08-19T22:56:08.000Z</time>
        <extensions>
          <ns3:TrackPointExtension>
            <ns3:hr>119</ns3:hr>
            <ns3:cad>86</ns3:cad>
          </ns3:TrackPointExtension>
        </extensions>
      </trkpt>
      <trkpt lat="34.179395176470279693603515625" lon="108.9347190968692302703857421875">
        <ele>442.79998779296875</ele>
        <time>2026-08-19T22:56:09.000Z</time>
        <extensions>
          <ns3:TrackPointExtension>
            <ns3:hr>119</ns3:hr>
            <ns3:cad>86</ns3:cad>
          </ns3:TrackPointExtension>
        </extensions>
      </trkpt>
      <trkpt lat="34.179419316351413726806640625" lon="108.93471834249794483184814453125">
        <ele>442.79998779296875</ele>
        <time>2026-08-19T22:56:10.000Z</time>
        <extensions>
          <ns3:TrackPointExtension>
            <ns3:hr>119</ns3:hr>
            <ns3:cad>87</ns3:cad>
          </ns3:TrackPointExtension>
        </extensions>
      </trkpt>
      <trkpt lat="34.17943951673805713653564453125" lon="108.93471348099410533905029296875">
        <ele>442.600006103515625</ele>
        <time>2026-08-19T22:56:11.000Z</time>
        <extensions>
          <ns3:TrackPointExtension>
            <ns3:hr>119</ns3:hr>
            <ns3:cad>87</ns3:cad>
          </ns3:TrackPointExtension>
        </extensions>
      </trkpt>
      <trkpt lat="34.17946700938045978546142578125" lon="108.93471213988959789276123046875">
        <ele>442.600006103515625</ele>
        <time>2026-08-19T22:56:12.000Z</time>
        <extensions>
          <ns3:TrackPointExtension>
            <ns3:hr>120</ns3:hr>
            <ns3:cad>87</ns3:cad>
          </ns3:TrackPointExtension>
        </extensions>
      </trkpt>
      <trkpt lat="34.1794875450432300567626953125" lon="108.93470711074769496917724609375">
        <ele>442.399993896484375</ele>
        <time>2026-08-19T22:56:13.000Z</time>
        <extensions>
          <ns3:TrackPointExtension>
            <ns3:hr>120</ns3:hr>
            <ns3:cad>87</ns3:cad>
          </ns3:TrackPointExtension>
        </extensions>
      </trkpt>
      <trkpt lat="34.179519228637218475341796875" lon="108.93469956703484058380126953125">
        <ele>442.399993896484375</ele>
        <time>2026-08-19T22:56:14.000Z</time>
        <extensions>
          <ns3:TrackPointExtension>
            <ns3:hr>120</ns3:hr>
            <ns3:cad>87</ns3:cad>
          </ns3:TrackPointExtension>
        </extensions>
      </trkpt>
      <trkpt lat="34.17954194359481334686279296875" lon="108.9346937835216522216796875">
        <ele>442.20001220703125</ele>
        <time>2026-08-19T22:56:15.000Z</time>
        <extensions>
          <ns3:TrackPointExtension>
            <ns3:hr>121</ns3:hr>
            <ns3:cad>87</ns3:cad>
          </ns3:TrackPointExtension>
        </extensions>
      </trkpt>
      <trkpt lat="34.17957111261785030364990234375" lon="108.93468900583684444427490234375">
        <ele>442.20001220703125</ele>
        <time>2026-08-19T22:56:16.000Z</time>
        <extensions>
          <ns3:TrackPointExtension>
            <ns3:hr>121</ns3:hr>
            <ns3:cad>88</ns3:cad>
          </ns3:TrackPointExtension>
        </extensions>
      </trkpt>
      <trkpt lat="34.17959399521350860595703125" lon="108.93468506634235382080078125">
        <ele>442</ele>
        <time>2026-08-19T22:56:17.000Z</time>
        <extensions>
          <ns3:TrackPointExtension>
            <ns3:hr>121</ns3:hr>
            <ns3:cad>89</ns3:cad>
          </ns3:TrackPointExtension>
        </extensions>
      </trkpt>
      <trkpt lat="34.1796199791133403778076171875" lon="108.93468196503818035125732421875">
        <ele>442</ele>
        <time>2026-08-19T22:56:18.000Z</time>
        <extensions>
          <ns3:TrackPointExtension>
            <ns3:hr>122</ns3:hr>
            <ns3:cad>88</ns3:cad>
          </ns3:TrackPointExtension>
        </extensions>
      </trkpt>
      <trkpt lat="34.17964671738445758819580078125" lon="108.934682719409465789794921875">
        <ele>442</ele>
        <time>2026-08-19T22:56:19.000Z</time>
        <extensions>
          <ns3:TrackPointExtension>
            <ns3:hr>122</ns3:hr>
            <ns3:cad>88</ns3:cad>
          </ns3:TrackPointExtension>
        </extensions>
      </trkpt>
      <trkpt lat="34.179670773446559906005859375" lon="108.93467911519110202789306640625">
        <ele>441.79998779296875</ele>
        <time>2026-08-19T22:56:20.000Z</time>
        <extensions>
          <ns3:TrackPointExtension>
            <ns3:hr>123</ns3:hr>
            <ns3:cad>88</ns3:cad>
          </ns3:TrackPointExtension>
        </extensions>
      </trkpt>
      <trkpt lat="34.17969633825123310089111328125" lon="108.93468640744686126708984375">
        <ele>441.79998779296875</ele>
        <time>2026-08-19T22:56:21.000Z</time>
        <extensions>
          <ns3:TrackPointExtension>
            <ns3:hr>123</ns3:hr>
            <ns3:cad>88</ns3:cad>
          </ns3:TrackPointExtension>
        </extensions>
      </trkpt>
      <trkpt lat="34.17971511371433734893798828125" lon="108.93468615598976612091064453125">
        <ele>441.79998779296875</ele>
        <time>2026-08-19T22:56:22.000Z</time>
        <extensions>
          <ns3:TrackPointExtension>
            <ns3:hr>123</ns3:hr>
            <ns3:cad>88</ns3:cad>
          </ns3:TrackPointExtension>
        </extensions>
      </trkpt>
      <trkpt lat="34.17974327690899372100830078125" lon="108.93469168804585933685302734375">
        <ele>441.600006103515625</ele>
        <time>2026-08-19T22:56:23.000Z</time>
        <extensions>
          <ns3:TrackPointExtension>
            <ns3:hr>123</ns3:hr>
            <ns3:cad>88</ns3:cad>
          </ns3:TrackPointExtension>
        </extensions>
      </trkpt>
      <trkpt lat="34.17976188473403453826904296875" lon="108.9346902631223201751708984375">
        <ele>441.600006103515625</ele>
        <time>2026-08-19T22:56:24.000Z</time>
        <extensions>
          <ns3:TrackPointExtension>
            <ns3:hr>124</ns3:hr>
            <ns3:cad>88</ns3:cad>
          </ns3:TrackPointExtension>
        </extensions>
      </trkpt>
      <trkpt lat="34.1797892935574054718017578125" lon="108.9346916042268276214599609375">
        <ele>441.600006103515625</ele>
        <time>2026-08-19T22:56:25.000Z</time>
        <extensions>
          <ns3:TrackPointExtension>
            <ns3:hr>124</ns3:hr>
            <ns3:cad>87</ns3:cad>
          </ns3:TrackPointExtension>
        </extensions>
      </trkpt>
      <trkpt lat="34.17980664409697055816650390625" lon="108.934684060513973236083984375">
        <ele>441.600006103515625</ele>
        <time>2026-08-19T22:56:26.000Z</time>
        <extensions>
          <ns3:TrackPointExtension>
            <ns3:hr>124</ns3:hr>
            <ns3:cad>87</ns3:cad>
          </ns3:TrackPointExtension>
        </extensions>
      </trkpt>
      <trkpt lat="34.17983346618711948394775390625" lon="108.93467358313500881195068359375">
        <ele>441.600006103515625</ele>
        <time>2026-08-19T22:56:27.000Z</time>
        <extensions>
          <ns3:TrackPointExtension>
            <ns3:hr>125</ns3:hr>
            <ns3:cad>87</ns3:cad>
          </ns3:TrackPointExtension>
        </extensions>
      </trkpt>
      <trkpt lat="34.17985551059246063232421875" lon="108.9346696436405181884765625">
        <ele>441.600006103515625</ele>
        <time>2026-08-19T22:56:28.000Z</time>
        <extensions>
          <ns3:TrackPointExtension>
            <ns3:hr>125</ns3:hr>
            <ns3:cad>87</ns3:cad>
          </ns3:TrackPointExtension>
        </extensions>
      </trkpt>
      <trkpt lat="34.17987872846424579620361328125" lon="108.93466629087924957275390625">
        <ele>441.600006103515625</ele>
        <time>2026-08-19T22:56:29.000Z</time>
        <extensions>
          <ns3:TrackPointExtension>
            <ns3:hr>125</ns3:hr>
            <ns3:cad>87</ns3:cad>
          </ns3:TrackPointExtension>
        </extensions>
      </trkpt>
      <trkpt lat="34.17990253306925296783447265625" lon="108.93467031419277191162109375">
        <ele>441.399993896484375</ele>
        <time>2026-08-19T22:56:30.000Z</time>
        <extensions>
          <ns3:TrackPointExtension>
            <ns3:hr>126</ns3:hr>
            <ns3:cad>87</ns3:cad>
          </ns3:TrackPointExtension>
        </extensions>
      </trkpt>
      <trkpt lat="34.1799247451126575469970703125" lon="108.93467567861080169677734375">
        <ele>441.399993896484375</ele>
        <time>2026-08-19T22:56:31.000Z</time>
        <extensions>
          <ns3:TrackPointExtension>
            <ns3:hr>126</ns3:hr>
            <ns3:cad>87</ns3:cad>
          </ns3:TrackPointExtension>
        </extensions>
      </trkpt>
      <trkpt lat="34.1799502260982990264892578125" lon="108.934682719409465789794921875">
        <ele>441.399993896484375</ele>
        <time>2026-08-19T22:56:32.000Z</time>
        <extensions>
          <ns3:TrackPointExtension>
            <ns3:hr>127</ns3:hr>
            <ns3:cad>86</ns3:cad>
          </ns3:TrackPointExtension>
        </extensions>
      </trkpt>
      <trkpt lat="34.17996958829462528228759765625" lon="108.93468598835170269012451171875">
        <ele>441.399993896484375</ele>
        <time>2026-08-19T22:56:33.000Z</time>
        <extensions>
          <ns3:TrackPointExtension>
            <ns3:hr>128</ns3:hr>
            <ns3:cad>86</ns3:cad>
          </ns3:TrackPointExtension>
        </extensions>
      </trkpt>
      <trkpt lat="34.18000143952667713165283203125" lon="108.9346875809133052825927734375">
        <ele>441.399993896484375</ele>
        <time>2026-08-19T22:56:34.000Z</time>
        <extensions>
          <ns3:TrackPointExtension>
            <ns3:hr>128</ns3:hr>
            <ns3:cad>86</ns3:cad>
          </ns3:TrackPointExtension>
        </extensions>
      </trkpt>
      <trkpt lat="34.18002046644687652587890625" lon="108.93469202332198619842529296875">
        <ele>441.399993896484375</ele>
        <time>2026-08-19T22:56:35.000Z</time>
        <extensions>
          <ns3:TrackPointExtension>
            <ns3:hr>128</ns3:hr>
            <ns3:cad>86</ns3:cad>
          </ns3:TrackPointExtension>
        </extensions>
      </trkpt>
      <trkpt lat="34.1800447739660739898681640625" lon="108.9347018301486968994140625">
        <ele>441.20001220703125</ele>
        <time>2026-08-19T22:56:36.000Z</time>
        <extensions>
          <ns3:TrackPointExtension>
            <ns3:hr>128</ns3:hr>
            <ns3:cad>86</ns3:cad>
          </ns3:TrackPointExtension>
        </extensions>
      </trkpt>
      <trkpt lat="34.18006078340113162994384765625" lon="108.9347201026976108551025390625">
        <ele>441.20001220703125</ele>
        <time>2026-08-19T22:56:37.000Z</time>
        <extensions>
          <ns3:TrackPointExtension>
            <ns3:hr>129</ns3:hr>
            <ns3:cad>86</ns3:cad>
          </ns3:TrackPointExtension>
        </extensions>
      </trkpt>
      <trkpt lat="34.18007369153201580047607421875" lon="108.93473812378942966461181640625">
        <ele>441.20001220703125</ele>
        <time>2026-08-19T22:56:38.000Z</time>
        <extensions>
          <ns3:TrackPointExtension>
            <ns3:hr>129</ns3:hr>
            <ns3:cad>86</ns3:cad>
          </ns3:TrackPointExtension>
        </extensions>
      </trkpt>
      <trkpt lat="34.18008307926356792449951171875" lon="108.93477047793567180633544921875">
        <ele>441.20001220703125</ele>
        <time>2026-08-19T22:56:39.000Z</time>
        <extensions>
          <ns3:TrackPointExtension>
            <ns3:hr>129</ns3:hr>
            <ns3:cad>86</ns3:cad>
          </ns3:TrackPointExtension>
        </extensions>
      </trkpt>
      <trkpt lat="34.1800908744335174560546875" lon="108.9347941987216472625732421875">
        <ele>441</ele>
        <time>2026-08-19T22:56:40.000Z</time>
        <extensions>
          <ns3:TrackPointExtension>
            <ns3:hr>129</ns3:hr>
            <ns3:cad>86</ns3:cad>
          </ns3:TrackPointExtension>
        </extensions>
      </trkpt>
      <trkpt lat="34.18009833432734012603759765625" lon="108.93480333499610424041748046875">
        <ele>440.79998779296875</ele>
        <time>2026-08-19T22:56:41.000Z</time>
        <extensions>
          <ns3:TrackPointExtension>
            <ns3:hr>129</ns3:hr>
            <ns3:cad>85</ns3:cad>
          </ns3:TrackPointExtension>
        </extensions>
      </trkpt>
      <trkpt lat="34.18011006899178028106689453125" lon="108.9347985573112964630126953125">
        <ele>440.79998779296875</ele>
        <time>2026-08-19T22:56:42.000Z</time>
        <extensions>
          <ns3:TrackPointExtension>
            <ns3:hr>130</ns3:hr>
            <ns3:cad>85</ns3:cad>
          </ns3:TrackPointExtension>
        </extensions>
      </trkpt>
      <trkpt lat="34.18013672344386577606201171875" lon="108.93479545600712299346923828125">
        <ele>440.79998779296875</ele>
        <time>2026-08-19T22:56:43.000Z</time>
        <extensions>
          <ns3:TrackPointExtension>
            <ns3:hr>130</ns3:hr>
            <ns3:cad>85</ns3:cad>
          </ns3:TrackPointExtension>
        </extensions>
      </trkpt>
      <trkpt lat="34.18015952222049236297607421875" lon="108.93479813821613788604736328125">
        <ele>440.79998779296875</ele>
        <time>2026-08-19T22:56:44.000Z</time>
        <extensions>
          <ns3:TrackPointExtension>
            <ns3:hr>130</ns3:hr>
            <ns3:cad>85</ns3:cad>
          </ns3:TrackPointExtension>
        </extensions>
      </trkpt>
      <trkpt lat="34.1801896132528781890869140625" lon="108.9348009042441844940185546875">
        <ele>440.79998779296875</ele>
        <time>2026-08-19T22:56:45.000Z</time>
        <extensions>
          <ns3:TrackPointExtension>
            <ns3:hr>130</ns3:hr>
            <ns3:cad>83</ns3:cad>
          </ns3:TrackPointExtension>
        </extensions>
      </trkpt>
      <trkpt lat="34.1802110709249973297119140625" lon="108.93480350263416767120361328125">
        <ele>441</ele>
        <time>2026-08-19T22:56:46.000Z</time>
        <extensions>
          <ns3:TrackPointExtension>
            <ns3:hr>130</ns3:hr>
            <ns3:cad>82</ns3:cad>
          </ns3:TrackPointExtension>
        </extensions>
      </trkpt>
      <trkpt lat="34.1802382282912731170654296875" lon="108.93480333499610424041748046875">
        <ele>441</ele>
        <time>2026-08-19T22:56:47.000Z</time>
        <extensions>
          <ns3:TrackPointExtension>
            <ns3:hr>131</ns3:hr>
            <ns3:cad>82</ns3:cad>
          </ns3:TrackPointExtension>
        </extensions>
      </trkpt>
      <trkpt lat="34.18025943450629711151123046875" lon="108.934799395501613616943359375">
        <ele>441</ele>
        <time>2026-08-19T22:56:48.000Z</time>
        <extensions>
          <ns3:TrackPointExtension>
            <ns3:hr>131</ns3:hr>
            <ns3:cad>82</ns3:cad>
          </ns3:TrackPointExtension>
        </extensions>
      </trkpt>
      <trkpt lat="34.1802799701690673828125" lon="108.93479629419744014739990234375">
        <ele>441</ele>
        <time>2026-08-19T22:56:49.000Z</time>
        <extensions>
          <ns3:TrackPointExtension>
            <ns3:hr>131</ns3:hr>
            <ns3:cad>85</ns3:cad>
          </ns3:TrackPointExtension>
        </extensions>
      </trkpt>
      <trkpt lat="34.18030151166021823883056640625" lon="108.93480182625353336334228515625">
        <ele>441</ele>
        <time>2026-08-19T22:56:50.000Z</time>
        <extensions>
          <ns3:TrackPointExtension>
            <ns3:hr>131</ns3:hr>
            <ns3:cad>86</ns3:cad>
          </ns3:TrackPointExtension>
        </extensions>
      </trkpt>
      <trkpt lat="34.18031760491430759429931640625" lon="108.9348019100725650787353515625">
        <ele>441</ele>
        <time>2026-08-19T22:56:51.000Z</time>
        <extensions>
          <ns3:TrackPointExtension>
            <ns3:hr>131</ns3:hr>
            <ns3:cad>86</ns3:cad>
          </ns3:TrackPointExtension>
        </extensions>
      </trkpt>
      <trkpt lat="34.1803465224802494049072265625" lon="108.9347982220351696014404296875">
        <ele>441</ele>
        <time>2026-08-19T22:56:52.000Z</time>
        <extensions>
          <ns3:TrackPointExtension>
            <ns3:hr>132</ns3:hr>
            <ns3:cad>86</ns3:cad>
          </ns3:TrackPointExtension>
        </extensions>
      </trkpt>
      <trkpt lat="34.18036638759076595306396484375" lon="108.93478925339877605438232421875">
        <ele>441</ele>
        <time>2026-08-19T22:56:53.000Z</time>
        <extensions>
          <ns3:TrackPointExtension>
            <ns3:hr>132</ns3:hr>
            <ns3:cad>86</ns3:cad>
          </ns3:TrackPointExtension>
        </extensions>
      </trkpt>
      <trkpt lat="34.1804005019366741180419921875" lon="108.93478523008525371551513671875">
        <ele>441</ele>
        <time>2026-08-19T22:56:54.000Z</time>
        <extensions>
          <ns3:TrackPointExtension>
            <ns3:hr>132</ns3:hr>
            <ns3:cad>86</ns3:cad>
          </ns3:TrackPointExtension>
        </extensions>
      </trkpt>
      <trkpt lat="34.1804226301610469818115234375" lon="108.93479964695870876312255859375">
        <ele>441</ele>
        <time>2026-08-19T22:56:55.000Z</time>
        <extensions>
          <ns3:TrackPointExtension>
            <ns3:hr>132</ns3:hr>
            <ns3:cad>86</ns3:cad>
          </ns3:TrackPointExtension>
        </extensions>
      </trkpt>
      <trkpt lat="34.1804424114525318145751953125" lon="108.93482328392565250396728515625">
        <ele>441</ele>
        <time>2026-08-19T22:56:56.000Z</time>
        <extensions>
          <ns3:TrackPointExtension>
            <ns3:hr>133</ns3:hr>
            <ns3:cad>86</ns3:cad>
          </ns3:TrackPointExtension>
        </extensions>
      </trkpt>
      <trkpt lat="34.18044534511864185333251953125" lon="108.9348545484244823455810546875">
        <ele>441</ele>
        <time>2026-08-19T22:56:57.000Z</time>
        <extensions>
          <ns3:TrackPointExtension>
            <ns3:hr>133</ns3:hr>
            <ns3:cad>86</ns3:cad>
          </ns3:TrackPointExtension>
        </extensions>
      </trkpt>
      <trkpt lat="34.18044635094702243804931640625" lon="108.93487961031496524810791015625">
        <ele>441</ele>
        <time>2026-08-19T22:56:58.000Z</time>
        <extensions>
          <ns3:TrackPointExtension>
            <ns3:hr>133</ns3:hr>
            <ns3:cad>85</ns3:cad>
          </ns3:TrackPointExtension>
        </extensions>
      </trkpt>
      <trkpt lat="34.18044618330895900726318359375" lon="108.9349165745079517364501953125">
        <ele>441</ele>
        <time>2026-08-19T22:56:59.000Z</time>
        <extensions>
          <ns3:TrackPointExtension>
            <ns3:hr>133</ns3:hr>
            <ns3:cad>85</ns3:cad>
          </ns3:TrackPointExtension>
        </extensions>
      </trkpt>
      <trkpt lat="34.18044836260378360748291015625" lon="108.93494012765586376190185546875">
        <ele>441</ele>
        <time>2026-08-19T22:57:00.000Z</time>
        <extensions>
          <ns3:TrackPointExtension>
            <ns3:hr>133</ns3:hr>
            <ns3:cad>85</ns3:cad>
          </ns3:TrackPointExtension>
        </extensions>
      </trkpt>
      <trkpt lat="34.18044827878475189208984375" lon="108.93497331999242305755615234375">
        <ele>441</ele>
        <time>2026-08-19T22:57:01.000Z</time>
        <extensions>
          <ns3:TrackPointExtension>
            <ns3:hr>133</ns3:hr>
            <ns3:cad>86</ns3:cad>
          </ns3:TrackPointExtension>
        </extensions>
      </trkpt>
      <trkpt lat="34.18044836260378360748291015625" lon="108.93499762751162052154541015625">
        <ele>441</ele>
        <time>2026-08-19T22:57:02.000Z</time>
        <extensions>
          <ns3:TrackPointExtension>
            <ns3:hr>133</ns3:hr>
            <ns3:cad>87</ns3:cad>
          </ns3:TrackPointExtension>
        </extensions>
      </trkpt>
      <trkpt lat="34.1804501228034496307373046875" lon="108.9350236952304840087890625">
        <ele>441</ele>
        <time>2026-08-19T22:57:03.000Z</time>
        <extensions>
          <ns3:TrackPointExtension>
            <ns3:hr>133</ns3:hr>
            <ns3:cad>87</ns3:cad>
          </ns3:TrackPointExtension>
        </extensions>
      </trkpt>
      <trkpt lat="34.1804511286318302154541015625" lon="108.93505076877772808074951171875">
        <ele>441</ele>
        <time>2026-08-19T22:57:04.000Z</time>
        <extensions>
          <ns3:TrackPointExtension>
            <ns3:hr>133</ns3:hr>
            <ns3:cad>87</ns3:cad>
          </ns3:TrackPointExtension>
        </extensions>
      </trkpt>
      <trkpt lat="34.1804558224976062774658203125" lon="108.935081698000431060791015625">
        <ele>441</ele>
        <time>2026-08-19T22:57:05.000Z</time>
        <extensions>
          <ns3:TrackPointExtension>
            <ns3:hr>134</ns3:hr>
            <ns3:cad>87</ns3:cad>
          </ns3:TrackPointExtension>
        </extensions>
      </trkpt>
      <trkpt lat="34.1804541461169719696044921875" lon="108.93511287868022918701171875">
        <ele>441</ele>
        <time>2026-08-19T22:57:06.000Z</time>
        <extensions>
          <ns3:TrackPointExtension>
            <ns3:hr>134</ns3:hr>
            <ns3:cad>87</ns3:cad>
          </ns3:TrackPointExtension>
        </extensions>
      </trkpt>
      <trkpt lat="34.18045523576438426971435546875" lon="108.93513760529458522796630859375">
        <ele>441</ele>
        <time>2026-08-19T22:57:07.000Z</time>
        <extensions>
          <ns3:TrackPointExtension>
            <ns3:hr>134</ns3:hr>
            <ns3:cad>86</ns3:cad>
          </ns3:TrackPointExtension>
        </extensions>
      </trkpt>
      <trkpt lat="34.180451966822147369384765625" lon="108.9351700432598590850830078125">
        <ele>441</ele>
        <time>2026-08-19T22:57:08.000Z</time>
        <extensions>
          <ns3:TrackPointExtension>
            <ns3:hr>134</ns3:hr>
            <ns3:cad>86</ns3:cad>
          </ns3:TrackPointExtension>
        </extensions>
      </trkpt>
      <trkpt lat="34.18045272119343280792236328125" lon="108.93518865108489990234375">
        <ele>441</ele>
        <time>2026-08-19T22:57:09.000Z</time>
        <extensions>
          <ns3:TrackPointExtension>
            <ns3:hr>134</ns3:hr>
            <ns3:cad>86</ns3:cad>
          </ns3:TrackPointExtension>
        </extensions>
      </trkpt>
      <trkpt lat="34.18045607395470142364501953125" lon="108.93518001772463321685791015625">
        <ele>441</ele>
        <time>2026-08-19T22:57:10.000Z</time>
        <extensions>
          <ns3:TrackPointExtension>
            <ns3:hr>134</ns3:hr>
            <ns3:cad>86</ns3:cad>
          </ns3:TrackPointExtension>
        </extensions>
      </trkpt>
      <trkpt lat="34.18046127073466777801513671875" lon="108.93515445291996002197265625">
        <ele>441</ele>
        <time>2026-08-19T22:57:11.000Z</time>
        <extensions>
          <ns3:TrackPointExtension>
            <ns3:hr>134</ns3:hr>
            <ns3:cad>86</ns3:cad>
          </ns3:TrackPointExtension>
        </extensions>
      </trkpt>
      <trkpt lat="34.1804610192775726318359375" lon="108.935128636658191680908203125">
        <ele>441</ele>
        <time>2026-08-19T22:57:12.000Z</time>
        <extensions>
          <ns3:TrackPointExtension>
            <ns3:hr>135</ns3:hr>
            <ns3:cad>86</ns3:cad>
          </ns3:TrackPointExtension>
        </extensions>
      </trkpt>
      <trkpt lat="34.18045590631663799285888671875" lon="108.9350907504558563232421875">
        <ele>441</ele>
        <time>2026-08-19T22:57:13.000Z</time>
        <extensions>
          <ns3:TrackPointExtension>
            <ns3:hr>135</ns3:hr>
            <ns3:cad>85</ns3:cad>
          </ns3:TrackPointExtension>
        </extensions>
      </trkpt>
      <trkpt lat="34.18045473285019397735595703125" lon="108.93505965359508991241455078125">
        <ele>441</ele>
        <time>2026-08-19T22:57:14.000Z</time>
        <extensions>
          <ns3:TrackPointExtension>
            <ns3:hr>135</ns3:hr>
            <ns3:cad>82</ns3:cad>
          </ns3:TrackPointExtension>
        </extensions>
      </trkpt>
      <trkpt lat="34.180443920195102691650390625" lon="108.93502512015402317047119140625">
        <ele>441</ele>
        <time>2026-08-19T22:57:15.000Z</time>
        <extensions>
          <ns3:TrackPointExtension>
            <ns3:hr>135</ns3:hr>
            <ns3:cad>82</ns3:cad>
          </ns3:TrackPointExtension>
        </extensions>
      </trkpt>
      <trkpt lat="34.18044065125286579132080078125" lon="108.9349990524351596832275390625">
        <ele>441</ele>
        <time>2026-08-19T22:57:16.000Z</time>
        <extensions>
          <ns3:TrackPointExtension>
            <ns3:hr>134</ns3:hr>
            <ns3:cad>82</ns3:cad>
          </ns3:TrackPointExtension>
        </extensions>
      </trkpt>
      <trkpt lat="34.18043620884418487548828125" lon="108.93496879376471042633056640625">
        <ele>441</ele>
        <time>2026-08-19T22:57:17.000Z</time>
        <extensions>
          <ns3:TrackPointExtension>
            <ns3:hr>135</ns3:hr>
            <ns3:cad>82</ns3:cad>
          </ns3:TrackPointExtension>
        </extensions>
      </trkpt>
      <trkpt lat="34.1804363764822483062744140625" lon="108.934939205646514892578125">
        <ele>441</ele>
        <time>2026-08-19T22:57:18.000Z</time>
        <extensions>
          <ns3:TrackPointExtension>
            <ns3:hr>135</ns3:hr>
            <ns3:cad>86</ns3:cad>
          </ns3:TrackPointExtension>
        </extensions>
      </trkpt>
      <trkpt lat="34.1804353706538677215576171875" lon="108.93490961752831935882568359375">
        <ele>440.79998779296875</ele>
        <time>2026-08-19T22:57:19.000Z</time>
        <extensions>
          <ns3:TrackPointExtension>
            <ns3:hr>135</ns3:hr>
            <ns3:cad>86</ns3:cad>
          </ns3:TrackPointExtension>
        </extensions>
      </trkpt>
      <trkpt lat="34.1804380528628826141357421875" lon="108.9348788559436798095703125">
        <ele>440.79998779296875</ele>
        <time>2026-08-19T22:57:20.000Z</time>
        <extensions>
          <ns3:TrackPointExtension>
            <ns3:hr>135</ns3:hr>
            <ns3:cad>86</ns3:cad>
          </ns3:TrackPointExtension>
        </extensions>
      </trkpt>
      <trkpt lat="34.18043713085353374481201171875" lon="108.9348542131483554840087890625">
        <ele>440.79998779296875</ele>
        <time>2026-08-19T22:57:21.000Z</time>
        <extensions>
          <ns3:TrackPointExtension>
            <ns3:hr>135</ns3:hr>
            <ns3:cad>87</ns3:cad>
          </ns3:TrackPointExtension>
        </extensions>
      </trkpt>
      <trkpt lat="34.180439896881580352783203125" lon="108.9348203502595424652099609375">
        <ele>440.79998779296875</ele>
        <time>2026-08-19T22:57:22.000Z</time>
        <extensions>
          <ns3:TrackPointExtension>
            <ns3:hr>136</ns3:hr>
            <ns3:cad>88</ns3:cad>
          </ns3:TrackPointExtension>
        </extensions>
      </trkpt>
      <trkpt lat="34.18043889105319976806640625" lon="108.93479637801647186279296875">
        <ele>440.79998779296875</ele>
        <time>2026-08-19T22:57:23.000Z</time>
        <extensions>
          <ns3:TrackPointExtension>
            <ns3:hr>136</ns3:hr>
            <ns3:cad>87</ns3:cad>
          </ns3:TrackPointExtension>
        </extensions>
      </trkpt>
      <trkpt lat="34.18044559657573699951171875" lon="108.93476662226021289825439453125">
        <ele>440.79998779296875</ele>
        <time>2026-08-19T22:57:24.000Z</time>
        <extensions>
          <ns3:TrackPointExtension>
            <ns3:hr>136</ns3:hr>
            <ns3:cad>87</ns3:cad>
          </ns3:TrackPointExtension>
        </extensions>
      </trkpt>
      <trkpt lat="34.1804591752588748931884765625" lon="108.93474432639777660369873046875">
        <ele>440.79998779296875</ele>
        <time>2026-08-19T22:57:25.000Z</time>
        <extensions>
          <ns3:TrackPointExtension>
            <ns3:hr>136</ns3:hr>
            <ns3:cad>87</ns3:cad>
          </ns3:TrackPointExtension>
        </extensions>
      </trkpt>
      <trkpt lat="34.180472753942012786865234375" lon="108.9347244612872600555419921875">
        <ele>440.79998779296875</ele>
        <time>2026-08-19T22:57:26.000Z</time>
        <extensions>
          <ns3:TrackPointExtension>
            <ns3:hr>136</ns3:hr>
            <ns3:cad>86</ns3:cad>
          </ns3:TrackPointExtension>
        </extensions>
      </trkpt>
      <trkpt lat="34.18049764819443225860595703125" lon="108.9347152411937713623046875">
        <ele>440.79998779296875</ele>
        <time>2026-08-19T22:57:27.000Z</time>
        <extensions>
          <ns3:TrackPointExtension>
            <ns3:hr>137</ns3:hr>
            <ns3:cad>86</ns3:cad>
          </ns3:TrackPointExtension>
        </extensions>
      </trkpt>
      <trkpt lat="34.18051625601947307586669921875" lon="108.93470744602382183074951171875">
        <ele>440.600006103515625</ele>
        <time>2026-08-19T22:57:28.000Z</time>
        <extensions>
          <ns3:TrackPointExtension>
            <ns3:hr>137</ns3:hr>
            <ns3:cad>86</ns3:cad>
          </ns3:TrackPointExtension>
        </extensions>
      </trkpt>
      <trkpt lat="34.18054475449025630950927734375" lon="108.9346996508538722991943359375">
        <ele>440.600006103515625</ele>
        <time>2026-08-19T22:57:29.000Z</time>
        <extensions>
          <ns3:TrackPointExtension>
            <ns3:hr>137</ns3:hr>
            <ns3:cad>86</ns3:cad>
          </ns3:TrackPointExtension>
        </extensions>
      </trkpt>
      <trkpt lat="34.18056621216237545013427734375" lon="108.9346922747790813446044921875">
        <ele>440.600006103515625</ele>
        <time>2026-08-19T22:57:30.000Z</time>
        <extensions>
          <ns3:TrackPointExtension>
            <ns3:hr>137</ns3:hr>
            <ns3:cad>85</ns3:cad>
          </ns3:TrackPointExtension>
        </extensions>
      </trkpt>
      <trkpt lat="34.18058867566287517547607421875" lon="108.9346884191036224365234375">
        <ele>440.600006103515625</ele>
        <time>2026-08-19T22:57:31.000Z</time>
        <extensions>
          <ns3:TrackPointExtension>
            <ns3:hr>136</ns3:hr>
            <ns3:cad>85</ns3:cad>
          </ns3:TrackPointExtension>
        </extensions>
      </trkpt>
      <trkpt lat="34.1806154139339923858642578125" lon="108.93469017930328845977783203125">
        <ele>440.600006103515625</ele>
        <time>2026-08-19T22:57:32.000Z</time>
        <extensions>
          <ns3:TrackPointExtension>
            <ns3:hr>137</ns3:hr>
            <ns3:cad>85</ns3:cad>
          </ns3:TrackPointExtension>
        </extensions>
      </trkpt>
      <trkpt lat="34.180631004273891448974609375" lon="108.93468431197106838226318359375">
        <ele>440.399993896484375</ele>
        <time>2026-08-19T22:57:33.000Z</time>
        <extensions>
          <ns3:TrackPointExtension>
            <ns3:hr>137</ns3:hr>
            <ns3:cad>85</ns3:cad>
          </ns3:TrackPointExtension>
        </extensions>
      </trkpt>
      <trkpt lat="34.18063745833933353424072265625" lon="108.9346671290695667266845703125">
        <ele>440.399993896484375</ele>
        <time>2026-08-19T22:57:34.000Z</time>
        <extensions>
          <ns3:TrackPointExtension>
            <ns3:hr>137</ns3:hr>
            <ns3:cad>85</ns3:cad>
          </ns3:TrackPointExtension>
        </extensions>
      </trkpt>
      <trkpt lat="34.18063603341579437255859375" lon="108.93464726395905017852783203125">
        <ele>440.20001220703125</ele>
        <time>2026-08-19T22:57:35.000Z</time>
        <extensions>
          <ns3:TrackPointExtension>
            <ns3:hr>136</ns3:hr>
            <ns3:cad>83</ns3:cad>
          </ns3:TrackPointExtension>
        </extensions>
      </trkpt>
      <trkpt lat="34.18063066899776458740234375" lon="108.9346305839717388153076171875">
        <ele>440.20001220703125</ele>
        <time>2026-08-19T22:57:36.000Z</time>
        <extensions>
          <ns3:TrackPointExtension>
            <ns3:hr>137</ns3:hr>
            <ns3:cad>83</ns3:cad>
          </ns3:TrackPointExtension>
        </extensions>
      </trkpt>
      <trkpt lat="34.18062153272330760955810546875" lon="108.934614323079586029052734375">
        <ele>440.20001220703125</ele>
        <time>2026-08-19T22:57:37.000Z</time>
        <extensions>
          <ns3:TrackPointExtension>
            <ns3:hr>137</ns3:hr>
            <ns3:cad>83</ns3:cad>
          </ns3:TrackPointExtension>
        </extensions>
      </trkpt>
      <trkpt lat="34.18061985634267330169677734375" lon="108.934607617557048797607421875">
        <ele>440.20001220703125</ele>
        <time>2026-08-19T22:57:38.000Z</time>
        <extensions>
          <ns3:TrackPointExtension>
            <ns3:hr>137</ns3:hr>
            <ns3:cad>82</ns3:cad>
          </ns3:TrackPointExtension>
        </extensions>
      </trkpt>
      <trkpt lat="34.180620275437831878662109375" lon="108.93461130559444427490234375">
        <ele>440.20001220703125</ele>
        <time>2026-08-19T22:57:39.000Z</time>
        <extensions>
          <ns3:TrackPointExtension>
            <ns3:hr>137</ns3:hr>
            <ns3:cad>82</ns3:cad>
          </ns3:TrackPointExtension>
        </extensions>
      </trkpt>
      <trkpt lat="34.180616252124309539794921875" lon="108.9346087910234928131103515625">
        <ele>440.20001220703125</ele>
        <time>2026-08-19T22:57:40.000Z</time>
        <extensions>
          <ns3:TrackPointExtension>
            <ns3:hr>137</ns3:hr>
            <ns3:cad>82</ns3:cad>
          </ns3:TrackPointExtension>
        </extensions>
      </trkpt>
      <trkpt lat="34.1806164197623729705810546875" lon="108.93459999002516269683837890625">
        <ele>440.20001220703125</ele>
        <time>2026-08-19T22:57:41.000Z</time>
        <extensions>
          <ns3:TrackPointExtension>
            <ns3:hr>137</ns3:hr>
            <ns3:cad>82</ns3:cad>
          </ns3:TrackPointExtension>
        </extensions>
      </trkpt>
      <trkpt lat="34.180619604885578155517578125" lon="108.9345826394855976104736328125">
        <ele>440.20001220703125</ele>
        <time>2026-08-19T22:57:42.000Z</time>
        <extensions>
          <ns3:TrackPointExtension>
            <ns3:hr>137</ns3:hr>
            <ns3:cad>82</ns3:cad>
          </ns3:TrackPointExtension>
        </extensions>
      </trkpt>
      <trkpt lat="34.18062237091362476348876953125" lon="108.934549950063228607177734375">
        <ele>440.20001220703125</ele>
        <time>2026-08-19T22:57:43.000Z</time>
        <extensions>
          <ns3:TrackPointExtension>
            <ns3:hr>136</ns3:hr>
            <ns3:cad>0</ns3:cad>
          </ns3:TrackPointExtension>
        </extensions>
      </trkpt>
      <trkpt lat="34.18061968870460987091064453125" lon="108.93452455289661884307861328125">
        <ele>440.20001220703125</ele>
        <time>2026-08-19T22:57:44.000Z</time>
        <extensions>
          <ns3:TrackPointExtension>
            <ns3:hr>135</ns3:hr>
            <ns3:cad>0</ns3:cad>
          </ns3:TrackPointExtension>
        </extensions>
      </trkpt>
      <trkpt lat="34.1806204430758953094482421875" lon="108.9344860799610614776611328125">
        <ele>440.399993896484375</ele>
        <time>2026-08-19T22:57:45.000Z</time>
        <extensions>
          <ns3:TrackPointExtension>
            <ns3:hr>135</ns3:hr>
            <ns3:cad>0</ns3:cad>
          </ns3:TrackPointExtension>
        </extensions>
      </trkpt>
      <trkpt lat="34.18061851523816585540771484375" lon="108.93446068279445171356201171875">
        <ele>440.399993896484375</ele>
        <time>2026-08-19T22:57:46.000Z</time>
        <extensions>
          <ns3:TrackPointExtension>
            <ns3:hr>135</ns3:hr>
            <ns3:cad>85</ns3:cad>
          </ns3:TrackPointExtension>
        </extensions>
      </trkpt>
      <trkpt lat="34.1806140728294849395751953125" lon="108.93442816101014614105224609375">
        <ele>440.600006103515625</ele>
        <time>2026-08-19T22:57:47.000Z</time>
        <extensions>
          <ns3:TrackPointExtension>
            <ns3:hr>134</ns3:hr>
            <ns3:cad>87</ns3:cad>
          </ns3:TrackPointExtension>
        </extensions>
      </trkpt>
      <trkpt lat="34.18061382137238979339599609375" lon="108.934403099119663238525390625">
        <ele>440.600006103515625</ele>
        <time>2026-08-19T22:57:48.000Z</time>
        <extensions>
          <ns3:TrackPointExtension>
            <ns3:hr>134</ns3:hr>
            <ns3:cad>87</ns3:cad>
          </ns3:TrackPointExtension>
        </extensions>
      </trkpt>
      <trkpt lat="34.18060795404016971588134765625" lon="108.93437284044921398162841796875">
        <ele>440.600006103515625</ele>
        <time>2026-08-19T22:57:49.000Z</time>
        <extensions>
          <ns3:TrackPointExtension>
            <ns3:hr>133</ns3:hr>
            <ns3:cad>86</ns3:cad>
          </ns3:TrackPointExtension>
        </extensions>
      </trkpt>
      <trkpt lat="34.1806060262024402618408203125" lon="108.93434300087392330169677734375">
        <ele>440.600006103515625</ele>
        <time>2026-08-19T22:57:50.000Z</time>
        <extensions>
          <ns3:TrackPointExtension>
            <ns3:hr>134</ns3:hr>
            <ns3:cad>87</ns3:cad>
          </ns3:TrackPointExtension>
        </extensions>
      </trkpt>
      <trkpt lat="34.18060007505118846893310546875" lon="108.9343164302408695220947265625">
        <ele>440.600006103515625</ele>
        <time>2026-08-19T22:57:51.000Z</time>
        <extensions>
          <ns3:TrackPointExtension>
            <ns3:hr>134</ns3:hr>
            <ns3:cad>87</ns3:cad>
          </ns3:TrackPointExtension>
        </extensions>
      </trkpt>
      <trkpt lat="34.18059688992798328399658203125" lon="108.934284411370754241943359375">
        <ele>440.600006103515625</ele>
        <time>2026-08-19T22:57:52.000Z</time>
        <extensions>
          <ns3:TrackPointExtension>
            <ns3:hr>134</ns3:hr>
            <ns3:cad>87</ns3:cad>
          </ns3:TrackPointExtension>
        </extensions>
      </trkpt>
      <trkpt lat="34.180590100586414337158203125" lon="108.93426119349896907806396484375">
        <ele>440.600006103515625</ele>
        <time>2026-08-19T22:57:53.000Z</time>
        <extensions>
          <ns3:TrackPointExtension>
            <ns3:hr>135</ns3:hr>
            <ns3:cad>87</ns3:cad>
          </ns3:TrackPointExtension>
        </extensions>
      </trkpt>
      <trkpt lat="34.1805771924555301666259765625" lon="108.934230096638202667236328125">
        <ele>440.600006103515625</ele>
        <time>2026-08-19T22:57:54.000Z</time>
        <extensions>
          <ns3:TrackPointExtension>
            <ns3:hr>135</ns3:hr>
            <ns3:cad>87</ns3:cad>
          </ns3:TrackPointExtension>
        </extensions>
      </trkpt>
      <trkpt lat="34.18056202121078968048095703125" lon="108.93421157263219356536865234375">
        <ele>440.399993896484375</ele>
        <time>2026-08-19T22:57:55.000Z</time>
        <extensions>
          <ns3:TrackPointExtension>
            <ns3:hr>135</ns3:hr>
            <ns3:cad>87</ns3:cad>
          </ns3:TrackPointExtension>
        </extensions>
      </trkpt>
      <trkpt lat="34.1805426590144634246826171875" lon="108.9341833256185054779052734375">
        <ele>440.399993896484375</ele>
        <time>2026-08-19T22:57:56.000Z</time>
        <extensions>
          <ns3:TrackPointExtension>
            <ns3:hr>135</ns3:hr>
            <ns3:cad>87</ns3:cad>
          </ns3:TrackPointExtension>
        </extensions>
      </trkpt>
      <trkpt lat="34.18052530847489833831787109375" lon="108.934163711965084075927734375">
        <ele>440.399993896484375</ele>
        <time>2026-08-19T22:57:57.000Z</time>
        <extensions>
          <ns3:TrackPointExtension>
            <ns3:hr>135</ns3:hr>
            <ns3:cad>87</ns3:cad>
          </ns3:TrackPointExtension>
        </extensions>
      </trkpt>
      <trkpt lat="34.18050435371696949005126953125" lon="108.93413697369396686553955078125">
        <ele>440.399993896484375</ele>
        <time>2026-08-19T22:57:58.000Z</time>
        <extensions>
          <ns3:TrackPointExtension>
            <ns3:hr>135</ns3:hr>
            <ns3:cad>87</ns3:cad>
          </ns3:TrackPointExtension>
        </extensions>
      </trkpt>
      <trkpt lat="34.1804873384535312652587890625" lon="108.934117443859577178955078125">
        <ele>440.399993896484375</ele>
        <time>2026-08-19T22:57:59.000Z</time>
        <extensions>
          <ns3:TrackPointExtension>
            <ns3:hr>135</ns3:hr>
            <ns3:cad>87</ns3:cad>
          </ns3:TrackPointExtension>
        </extensions>
      </trkpt>
      <trkpt lat="34.1804739274084568023681640625" lon="108.93409271724522113800048828125">
        <ele>440.399993896484375</ele>
        <time>2026-08-19T22:58:00.000Z</time>
        <extensions>
          <ns3:TrackPointExtension>
            <ns3:hr>135</ns3:hr>
            <ns3:cad>87</ns3:cad>
          </ns3:TrackPointExtension>
        </extensions>
      </trkpt>
      <trkpt lat="34.1804712451994419097900390625" lon="108.934062458574771881103515625">
        <ele>440.399993896484375</ele>
        <time>2026-08-19T22:58:01.000Z</time>
        <extensions>
          <ns3:TrackPointExtension>
            <ns3:hr>136</ns3:hr>
            <ns3:cad>87</ns3:cad>
          </ns3:TrackPointExtension>
        </extensions>
      </trkpt>
      <trkpt lat="34.18046730570495128631591796875" lon="108.9340334571897983551025390625">
        <ele>440.399993896484375</ele>
        <time>2026-08-19T22:58:02.000Z</time>
        <extensions>
          <ns3:TrackPointExtension>
            <ns3:hr>136</ns3:hr>
            <ns3:cad>87</ns3:cad>
          </ns3:TrackPointExtension>
        </extensions>
      </trkpt>
      <trkpt lat="34.1804772801697254180908203125" lon="108.93399766646325588226318359375">
        <ele>440.600006103515625</ele>
        <time>2026-08-19T22:58:03.000Z</time>
        <extensions>
          <ns3:TrackPointExtension>
            <ns3:hr>136</ns3:hr>
            <ns3:cad>87</ns3:cad>
          </ns3:TrackPointExtension>
        </extensions>
      </trkpt>
      <trkpt lat="34.18047954328358173370361328125" lon="108.93397017382085323333740234375">
        <ele>440.600006103515625</ele>
        <time>2026-08-19T22:58:04.000Z</time>
        <extensions>
          <ns3:TrackPointExtension>
            <ns3:hr>136</ns3:hr>
            <ns3:cad>87</ns3:cad>
          </ns3:TrackPointExtension>
        </extensions>
      </trkpt>
      <trkpt lat="34.1804782859981060028076171875" lon="108.93393404781818389892578125">
        <ele>440.399993896484375</ele>
        <time>2026-08-19T22:58:05.000Z</time>
        <extensions>
          <ns3:TrackPointExtension>
            <ns3:hr>137</ns3:hr>
            <ns3:cad>87</ns3:cad>
          </ns3:TrackPointExtension>
        </extensions>
      </trkpt>
      <trkpt lat="34.18048742227256298065185546875" lon="108.93391317687928676605224609375">
        <ele>440.399993896484375</ele>
        <time>2026-08-19T22:58:06.000Z</time>
        <extensions>
          <ns3:TrackPointExtension>
            <ns3:hr>137</ns3:hr>
            <ns3:cad>87</ns3:cad>
          </ns3:TrackPointExtension>
        </extensions>
      </trkpt>
      <trkpt lat="34.1804905235767364501953125" lon="108.93387730233371257781982421875">
        <ele>440.399993896484375</ele>
        <time>2026-08-19T22:58:07.000Z</time>
        <extensions>
          <ns3:TrackPointExtension>
            <ns3:hr>137</ns3:hr>
            <ns3:cad>86</ns3:cad>
          </ns3:TrackPointExtension>
        </extensions>
      </trkpt>
      <trkpt lat="34.1805017553269863128662109375" lon="108.93385224044322967529296875">
        <ele>440.399993896484375</ele>
        <time>2026-08-19T22:58:08.000Z</time>
        <extensions>
          <ns3:TrackPointExtension>
            <ns3:hr>137</ns3:hr>
            <ns3:cad>86</ns3:cad>
          </ns3:TrackPointExtension>
        </extensions>
      </trkpt>
      <trkpt lat="34.1805071197450160980224609375" lon="108.93382315523922443389892578125">
        <ele>440.399993896484375</ele>
        <time>2026-08-19T22:58:09.000Z</time>
        <extensions>
          <ns3:TrackPointExtension>
            <ns3:hr>137</ns3:hr>
            <ns3:cad>86</ns3:cad>
          </ns3:TrackPointExtension>
        </extensions>
      </trkpt>
      <trkpt lat="34.18051399290561676025390625" lon="108.93379993736743927001953125">
        <ele>440.399993896484375</ele>
        <time>2026-08-19T22:58:10.000Z</time>
        <extensions>
          <ns3:TrackPointExtension>
            <ns3:hr>137</ns3:hr>
            <ns3:cad>87</ns3:cad>
          </ns3:TrackPointExtension>
        </extensions>
      </trkpt>
      <trkpt lat="34.18051290325820446014404296875" lon="108.9337746240198612213134765625">
        <ele>440.399993896484375</ele>
        <time>2026-08-19T22:58:11.000Z</time>
        <extensions>
          <ns3:TrackPointExtension>
            <ns3:hr>137</ns3:hr>
            <ns3:cad>87</ns3:cad>
          </ns3:TrackPointExtension>
        </extensions>
      </trkpt>
      <trkpt lat="34.1805146634578704833984375" lon="108.93375140614807605743408203125">
        <ele>440.399993896484375</ele>
        <time>2026-08-19T22:58:12.000Z</time>
        <extensions>
          <ns3:TrackPointExtension>
            <ns3:hr>138</ns3:hr>
            <ns3:cad>86</ns3:cad>
          </ns3:TrackPointExtension>
        </extensions>
      </trkpt>
      <trkpt lat="34.180518351495265960693359375" lon="108.933729194104671478271484375">
        <ele>440.399993896484375</ele>
        <time>2026-08-19T22:58:13.000Z</time>
        <extensions>
          <ns3:TrackPointExtension>
            <ns3:hr>138</ns3:hr>
            <ns3:cad>86</ns3:cad>
          </ns3:TrackPointExtension>
        </extensions>
      </trkpt>
      <trkpt lat="34.18052203953266143798828125" lon="108.93369935452938079833984375">
        <ele>440.20001220703125</ele>
        <time>2026-08-19T22:58:14.000Z</time>
        <extensions>
          <ns3:TrackPointExtension>
            <ns3:hr>138</ns3:hr>
            <ns3:cad>86</ns3:cad>
          </ns3:TrackPointExtension>
        </extensions>
      </trkpt>
      <trkpt lat="34.180523045361042022705078125" lon="108.93367513082921504974365234375">
        <ele>440.20001220703125</ele>
        <time>2026-08-19T22:58:15.000Z</time>
        <extensions>
          <ns3:TrackPointExtension>
            <ns3:hr>138</ns3:hr>
            <ns3:cad>88</ns3:cad>
          </ns3:TrackPointExtension>
        </extensions>
      </trkpt>
      <trkpt lat="34.18052799068391323089599609375" lon="108.9336431957781314849853515625">
        <ele>440.20001220703125</ele>
        <time>2026-08-19T22:58:16.000Z</time>
        <extensions>
          <ns3:TrackPointExtension>
            <ns3:hr>138</ns3:hr>
            <ns3:cad>88</ns3:cad>
          </ns3:TrackPointExtension>
        </extensions>
      </trkpt>
      <trkpt lat="34.18052832596004009246826171875" lon="108.933621905744075775146484375">
        <ele>440.20001220703125</ele>
        <time>2026-08-19T22:58:17.000Z</time>
        <extensions>
          <ns3:TrackPointExtension>
            <ns3:hr>138</ns3:hr>
            <ns3:cad>88</ns3:cad>
          </ns3:TrackPointExtension>
        </extensions>
      </trkpt>
      <trkpt lat="34.18053142726421356201171875" lon="108.93358938395977020263671875">
        <ele>440.20001220703125</ele>
        <time>2026-08-19T22:58:18.000Z</time>
        <extensions>
          <ns3:TrackPointExtension>
            <ns3:hr>138</ns3:hr>
            <ns3:cad>87</ns3:cad>
          </ns3:TrackPointExtension>
        </extensions>
      </trkpt>
      <trkpt lat="34.18053419329226016998291015625" lon="108.933568261563777923583984375">
        <ele>440.20001220703125</ele>
        <time>2026-08-19T22:58:19.000Z</time>
        <extensions>
          <ns3:TrackPointExtension>
            <ns3:hr>139</ns3:hr>
            <ns3:cad>88</ns3:cad>
          </ns3:TrackPointExtension>
        </extensions>
      </trkpt>
      <trkpt lat="34.18053184635937213897705078125" lon="108.93354169093072414398193359375">
        <ele>440.20001220703125</ele>
        <time>2026-08-19T22:58:20.000Z</time>
        <extensions>
          <ns3:TrackPointExtension>
            <ns3:hr>139</ns3:hr>
            <ns3:cad>88</ns3:cad>
          </ns3:TrackPointExtension>
        </extensions>
      </trkpt>
      <trkpt lat="34.1805361211299896240234375" lon="108.9335131086409091949462890625">
        <ele>440.20001220703125</ele>
        <time>2026-08-19T22:58:21.000Z</time>
        <extensions>
          <ns3:TrackPointExtension>
            <ns3:hr>139</ns3:hr>
            <ns3:cad>88</ns3:cad>
          </ns3:TrackPointExtension>
        </extensions>
      </trkpt>
      <trkpt lat="34.18053905479609966278076171875" lon="108.93348335288465023040771484375">
        <ele>440.20001220703125</ele>
        <time>2026-08-19T22:58:22.000Z</time>
        <extensions>
          <ns3:TrackPointExtension>
            <ns3:hr>138</ns3:hr>
            <ns3:cad>87</ns3:cad>
          </ns3:TrackPointExtension>
        </extensions>
      </trkpt>
      <trkpt lat="34.18054274283349514007568359375" lon="108.93345166929066181182861328125">
        <ele>440</ele>
        <time>2026-08-19T22:58:23.000Z</time>
        <extensions>
          <ns3:TrackPointExtension>
            <ns3:hr>138</ns3:hr>
            <ns3:cad>87</ns3:cad>
          </ns3:TrackPointExtension>
        </extensions>
      </trkpt>
      <trkpt lat="34.18054425157606601715087890625" lon="108.93342501483857631683349609375">
        <ele>440</ele>
        <time>2026-08-19T22:58:24.000Z</time>
        <extensions>
          <ns3:TrackPointExtension>
            <ns3:hr>138</ns3:hr>
            <ns3:cad>87</ns3:cad>
          </ns3:TrackPointExtension>
        </extensions>
      </trkpt>
      <trkpt lat="34.18055045418441295623779296875" lon="108.93339492380619049072265625">
        <ele>440</ele>
        <time>2026-08-19T22:58:25.000Z</time>
        <extensions>
          <ns3:TrackPointExtension>
            <ns3:hr>138</ns3:hr>
            <ns3:cad>87</ns3:cad>
          </ns3:TrackPointExtension>
        </extensions>
      </trkpt>
      <trkpt lat="34.18055213056504726409912109375" lon="108.93336885608732700347900390625">
        <ele>440</ele>
        <time>2026-08-19T22:58:26.000Z</time>
        <extensions>
          <ns3:TrackPointExtension>
            <ns3:hr>138</ns3:hr>
            <ns3:cad>87</ns3:cad>
          </ns3:TrackPointExtension>
        </extensions>
      </trkpt>
      <trkpt lat="34.18055028654634952545166015625" lon="108.93333750776946544647216796875">
        <ele>440</ele>
        <time>2026-08-19T22:58:27.000Z</time>
        <extensions>
          <ns3:TrackPointExtension>
            <ns3:hr>138</ns3:hr>
            <ns3:cad>88</ns3:cad>
          </ns3:TrackPointExtension>
        </extensions>
      </trkpt>
      <trkpt lat="34.18055246584117412567138671875" lon="108.93331445753574371337890625">
        <ele>440</ele>
        <time>2026-08-19T22:58:28.000Z</time>
        <extensions>
          <ns3:TrackPointExtension>
            <ns3:hr>138</ns3:hr>
            <ns3:cad>87</ns3:cad>
          </ns3:TrackPointExtension>
        </extensions>
      </trkpt>
      <trkpt lat="34.1805600933730602264404296875" lon="108.933281265199184417724609375">
        <ele>440</ele>
        <time>2026-08-19T22:58:29.000Z</time>
        <extensions>
          <ns3:TrackPointExtension>
            <ns3:hr>138</ns3:hr>
            <ns3:cad>87</ns3:cad>
          </ns3:TrackPointExtension>
        </extensions>
      </trkpt>
      <trkpt lat="34.1805637814104557037353515625" lon="108.933255784213542938232421875">
        <ele>440</ele>
        <time>2026-08-19T22:58:30.000Z</time>
        <extensions>
          <ns3:TrackPointExtension>
            <ns3:hr>138</ns3:hr>
            <ns3:cad>87</ns3:cad>
          </ns3:TrackPointExtension>
        </extensions>
      </trkpt>
      <trkpt lat="34.18057107366621494293212890625" lon="108.93322150222957134246826171875">
        <ele>440</ele>
        <time>2026-08-19T22:58:31.000Z</time>
        <extensions>
          <ns3:TrackPointExtension>
            <ns3:hr>138</ns3:hr>
            <ns3:cad>87</ns3:cad>
          </ns3:TrackPointExtension>
        </extensions>
      </trkpt>
      <trkpt lat="34.1805728338658809661865234375" lon="108.933197446167469024658203125">
        <ele>439.79998779296875</ele>
        <time>2026-08-19T22:58:32.000Z</time>
        <extensions>
          <ns3:TrackPointExtension>
            <ns3:hr>138</ns3:hr>
            <ns3:cad>88</ns3:cad>
          </ns3:TrackPointExtension>
        </extensions>
      </trkpt>
      <trkpt lat="34.18057702481746673583984375" lon="108.93316785804927349090576171875">
        <ele>439.79998779296875</ele>
        <time>2026-08-19T22:58:33.000Z</time>
        <extensions>
          <ns3:TrackPointExtension>
            <ns3:hr>138</ns3:hr>
            <ns3:cad>88</ns3:cad>
          </ns3:TrackPointExtension>
        </extensions>
      </trkpt>
      <trkpt lat="34.1805761866271495819091796875" lon="108.933145143091678619384765625">
        <ele>439.79998779296875</ele>
        <time>2026-08-19T22:58:34.000Z</time>
        <extensions>
          <ns3:TrackPointExtension>
            <ns3:hr>138</ns3:hr>
            <ns3:cad>88</ns3:cad>
          </ns3:TrackPointExtension>
        </extensions>
      </trkpt>
      <trkpt lat="34.1805808804929256439208984375" lon="108.9331191591918468475341796875">
        <ele>439.79998779296875</ele>
        <time>2026-08-19T22:58:35.000Z</time>
        <extensions>
          <ns3:TrackPointExtension>
            <ns3:hr>138</ns3:hr>
            <ns3:cad>88</ns3:cad>
          </ns3:TrackPointExtension>
        </extensions>
      </trkpt>
      <trkpt lat="34.1805852390825748443603515625" lon="108.9330963604152202606201171875">
        <ele>439.79998779296875</ele>
        <time>2026-08-19T22:58:36.000Z</time>
        <extensions>
          <ns3:TrackPointExtension>
            <ns3:hr>139</ns3:hr>
            <ns3:cad>89</ns3:cad>
          </ns3:TrackPointExtension>
        </extensions>
      </trkpt>
      <trkpt lat="34.1805885918438434600830078125" lon="108.93307079561054706573486328125">
        <ele>439.79998779296875</ele>
        <time>2026-08-19T22:58:37.000Z</time>
        <extensions>
          <ns3:TrackPointExtension>
            <ns3:hr>138</ns3:hr>
            <ns3:cad>89</ns3:cad>
          </ns3:TrackPointExtension>
        </extensions>
      </trkpt>
      <trkpt lat="34.18059504590928554534912109375" lon="108.93304648809134960174560546875">
        <ele>439.79998779296875</ele>
        <time>2026-08-19T22:58:38.000Z</time>
        <extensions>
          <ns3:TrackPointExtension>
            <ns3:hr>138</ns3:hr>
            <ns3:cad>89</ns3:cad>
          </ns3:TrackPointExtension>
        </extensions>
      </trkpt>
      <trkpt lat="34.18059638701379299163818359375" lon="108.93302075564861297607421875">
        <ele>439.79998779296875</ele>
        <time>2026-08-19T22:58:39.000Z</time>
        <extensions>
          <ns3:TrackPointExtension>
            <ns3:hr>139</ns3:hr>
            <ns3:cad>89</ns3:cad>
          </ns3:TrackPointExtension>
        </extensions>
      </trkpt>
      <trkpt lat="34.18060342781245708465576171875" lon="108.93299569375813007354736328125">
        <ele>439.79998779296875</ele>
        <time>2026-08-19T22:58:40.000Z</time>
        <extensions>
          <ns3:TrackPointExtension>
            <ns3:hr>138</ns3:hr>
            <ns3:cad>88</ns3:cad>
          </ns3:TrackPointExtension>
        </extensions>
      </trkpt>
      <trkpt lat="34.180606193840503692626953125" lon="108.93296602182090282440185546875">
        <ele>439.79998779296875</ele>
        <time>2026-08-19T22:58:41.000Z</time>
        <extensions>
          <ns3:TrackPointExtension>
            <ns3:hr>138</ns3:hr>
            <ns3:cad>88</ns3:cad>
          </ns3:TrackPointExtension>
        </extensions>
      </trkpt>
      <trkpt lat="34.18060879223048686981201171875" lon="108.932935930788516998291015625">
        <ele>439.79998779296875</ele>
        <time>2026-08-19T22:58:42.000Z</time>
        <extensions>
          <ns3:TrackPointExtension>
            <ns3:hr>139</ns3:hr>
            <ns3:cad>88</ns3:cad>
          </ns3:TrackPointExtension>
        </extensions>
      </trkpt>
      <trkpt lat="34.18060795404016971588134765625" lon="108.93290667794644832611083984375">
        <ele>439.600006103515625</ele>
        <time>2026-08-19T22:58:43.000Z</time>
        <extensions>
          <ns3:TrackPointExtension>
            <ns3:hr>138</ns3:hr>
            <ns3:cad>88</ns3:cad>
          </ns3:TrackPointExtension>
        </extensions>
      </trkpt>
      <trkpt lat="34.18061180971562862396240234375" lon="108.93287767656147480010986328125">
        <ele>439.600006103515625</ele>
        <time>2026-08-19T22:58:44.000Z</time>
        <extensions>
          <ns3:TrackPointExtension>
            <ns3:hr>138</ns3:hr>
            <ns3:cad>89</ns3:cad>
          </ns3:TrackPointExtension>
        </extensions>
      </trkpt>
      <trkpt lat="34.1806134022772312164306640625" lon="108.9328532852232456207275390625">
        <ele>439.600006103515625</ele>
        <time>2026-08-19T22:58:45.000Z</time>
        <extensions>
          <ns3:TrackPointExtension>
            <ns3:hr>139</ns3:hr>
            <ns3:cad>89</ns3:cad>
          </ns3:TrackPointExtension>
        </extensions>
      </trkpt>
      <trkpt lat="34.18061365373432636260986328125" lon="108.932829312980175018310546875">
        <ele>439.600006103515625</ele>
        <time>2026-08-19T22:58:46.000Z</time>
        <extensions>
          <ns3:TrackPointExtension>
            <ns3:hr>138</ns3:hr>
            <ns3:cad>89</ns3:cad>
          </ns3:TrackPointExtension>
        </extensions>
      </trkpt>
      <trkpt lat="34.1806174255907535552978515625" lon="108.9328006468713283538818359375">
        <ele>439.399993896484375</ele>
        <time>2026-08-19T22:58:47.000Z</time>
        <extensions>
          <ns3:TrackPointExtension>
            <ns3:hr>138</ns3:hr>
            <ns3:cad>88</ns3:cad>
          </ns3:TrackPointExtension>
        </extensions>
      </trkpt>
      <trkpt lat="34.1806174255907535552978515625" lon="108.93277910538017749786376953125">
        <ele>439.399993896484375</ele>
        <time>2026-08-19T22:58:48.000Z</time>
        <extensions>
          <ns3:TrackPointExtension>
            <ns3:hr>139</ns3:hr>
            <ns3:cad>87</ns3:cad>
          </ns3:TrackPointExtension>
        </extensions>
      </trkpt>
      <trkpt lat="34.18061717413365840911865234375" lon="108.93275127746164798736572265625">
        <ele>439.399993896484375</ele>
        <time>2026-08-19T22:58:49.000Z</time>
        <extensions>
          <ns3:TrackPointExtension>
            <ns3:hr>139</ns3:hr>
            <ns3:cad>86</ns3:cad>
          </ns3:TrackPointExtension>
        </extensions>
      </trkpt>
      <trkpt lat="34.18061868287622928619384765625" lon="108.93272881396114826202392578125">
        <ele>439.399993896484375</ele>
        <time>2026-08-19T22:58:50.000Z</time>
        <extensions>
          <ns3:TrackPointExtension>
            <ns3:hr>139</ns3:hr>
            <ns3:cad>86</ns3:cad>
          </ns3:TrackPointExtension>
        </extensions>
      </trkpt>
      <trkpt lat="34.1806231252849102020263671875" lon="108.932702243328094482421875">
        <ele>439.399993896484375</ele>
        <time>2026-08-19T22:58:51.000Z</time>
        <extensions>
          <ns3:TrackPointExtension>
            <ns3:hr>138</ns3:hr>
            <ns3:cad>86</ns3:cad>
          </ns3:TrackPointExtension>
        </extensions>
      </trkpt>
      <trkpt lat="34.18062102980911731719970703125" lon="108.9326816238462924957275390625">
        <ele>439.399993896484375</ele>
        <time>2026-08-19T22:58:52.000Z</time>
        <extensions>
          <ns3:TrackPointExtension>
            <ns3:hr>139</ns3:hr>
            <ns3:cad>86</ns3:cad>
          </ns3:TrackPointExtension>
        </extensions>
      </trkpt>
      <trkpt lat="34.18062605895102024078369140625" lon="108.93264818005263805389404296875">
        <ele>439.399993896484375</ele>
        <time>2026-08-19T22:58:53.000Z</time>
        <extensions>
          <ns3:TrackPointExtension>
            <ns3:hr>139</ns3:hr>
            <ns3:cad>87</ns3:cad>
          </ns3:TrackPointExtension>
        </extensions>
      </trkpt>
      <trkpt lat="34.180628322064876556396484375" lon="108.9326222799718379974365234375">
        <ele>439.399993896484375</ele>
        <time>2026-08-19T22:58:54.000Z</time>
        <extensions>
          <ns3:TrackPointExtension>
            <ns3:hr>139</ns3:hr>
            <ns3:cad>87</ns3:cad>
          </ns3:TrackPointExtension>
        </extensions>
      </trkpt>
      <trkpt lat="34.1806299984455108642578125" lon="108.93259252421557903289794921875">
        <ele>439.20001220703125</ele>
        <time>2026-08-19T22:58:55.000Z</time>
        <extensions>
          <ns3:TrackPointExtension>
            <ns3:hr>138</ns3:hr>
            <ns3:cad>87</ns3:cad>
          </ns3:TrackPointExtension>
        </extensions>
      </trkpt>
      <trkpt lat="34.18063175864517688751220703125" lon="108.93256746232509613037109375">
        <ele>439.20001220703125</ele>
        <time>2026-08-19T22:58:56.000Z</time>
        <extensions>
          <ns3:TrackPointExtension>
            <ns3:hr>139</ns3:hr>
            <ns3:cad>87</ns3:cad>
          </ns3:TrackPointExtension>
        </extensions>
      </trkpt>
      <trkpt lat="34.18063242919743061065673828125" lon="108.93253904767334461212158203125">
        <ele>439.20001220703125</ele>
        <time>2026-08-19T22:58:57.000Z</time>
        <extensions>
          <ns3:TrackPointExtension>
            <ns3:hr>139</ns3:hr>
            <ns3:cad>87</ns3:cad>
          </ns3:TrackPointExtension>
        </extensions>
      </trkpt>
      <trkpt lat="34.1806355305016040802001953125" lon="108.9325173385441303253173828125">
        <ele>439.20001220703125</ele>
        <time>2026-08-19T22:58:58.000Z</time>
        <extensions>
          <ns3:TrackPointExtension>
            <ns3:hr>139</ns3:hr>
            <ns3:cad>87</ns3:cad>
          </ns3:TrackPointExtension>
        </extensions>
      </trkpt>
      <trkpt lat="34.18064014054834842681884765625" lon="108.93248607404530048370361328125">
        <ele>439.20001220703125</ele>
        <time>2026-08-19T22:58:59.000Z</time>
        <extensions>
          <ns3:TrackPointExtension>
            <ns3:hr>139</ns3:hr>
            <ns3:cad>87</ns3:cad>
          </ns3:TrackPointExtension>
        </extensions>
      </trkpt>
      <trkpt lat="34.1806447505950927734375" lon="108.93246352672576904296875">
        <ele>439.20001220703125</ele>
        <time>2026-08-19T22:59:00.000Z</time>
        <extensions>
          <ns3:TrackPointExtension>
            <ns3:hr>139</ns3:hr>
            <ns3:cad>88</ns3:cad>
          </ns3:TrackPointExtension>
        </extensions>
      </trkpt>
      <trkpt lat="34.18065288104116916656494140625" lon="108.93243209458887577056884765625">
        <ele>439.20001220703125</ele>
        <time>2026-08-19T22:59:01.000Z</time>
        <extensions>
          <ns3:TrackPointExtension>
            <ns3:hr>139</ns3:hr>
            <ns3:cad>88</ns3:cad>
          </ns3:TrackPointExtension>
        </extensions>
      </trkpt>
      <trkpt lat="34.180659838020801544189453125" lon="108.93241097219288349151611328125">
        <ele>439</ele>
        <time>2026-08-19T22:59:02.000Z</time>
        <extensions>
          <ns3:TrackPointExtension>
            <ns3:hr>139</ns3:hr>
            <ns3:cad>88</ns3:cad>
          </ns3:TrackPointExtension>
        </extensions>
      </trkpt>
      <trkpt lat="34.18066528625786304473876953125" lon="108.932383395731449127197265625">
        <ele>439</ele>
        <time>2026-08-19T22:59:03.000Z</time>
        <extensions>
          <ns3:TrackPointExtension>
            <ns3:hr>138</ns3:hr>
            <ns3:cad>89</ns3:cad>
          </ns3:TrackPointExtension>
        </extensions>
      </trkpt>
      <trkpt lat="34.1806657053530216217041015625" lon="108.9323590882122516632080078125">
        <ele>439</ele>
        <time>2026-08-19T22:59:04.000Z</time>
        <extensions>
          <ns3:TrackPointExtension>
            <ns3:hr>139</ns3:hr>
            <ns3:cad>89</ns3:cad>
          </ns3:TrackPointExtension>
        </extensions>
      </trkpt>
      <trkpt lat="34.18066998012363910675048828125" lon="108.93233017064630985260009765625">
        <ele>439</ele>
        <time>2026-08-19T22:59:05.000Z</time>
        <extensions>
          <ns3:TrackPointExtension>
            <ns3:hr>139</ns3:hr>
            <ns3:cad>89</ns3:cad>
          </ns3:TrackPointExtension>
        </extensions>
      </trkpt>
      <trkpt lat="34.18067601509392261505126953125" lon="108.932307623326778411865234375">
        <ele>439</ele>
        <time>2026-08-19T22:59:06.000Z</time>
        <extensions>
          <ns3:TrackPointExtension>
            <ns3:hr>139</ns3:hr>
            <ns3:cad>89</ns3:cad>
          </ns3:TrackPointExtension>
        </extensions>
      </trkpt>
      <trkpt lat="34.18067936785519123077392578125" lon="108.93228071741759777069091796875">
        <ele>439</ele>
        <time>2026-08-19T22:59:07.000Z</time>
        <extensions>
          <ns3:TrackPointExtension>
            <ns3:hr>139</ns3:hr>
            <ns3:cad>89</ns3:cad>
          </ns3:TrackPointExtension>
        </extensions>
      </trkpt>
      <trkpt lat="34.18068104423582553863525390625" lon="108.93225674517452716827392578125">
        <ele>439</ele>
        <time>2026-08-19T22:59:08.000Z</time>
        <extensions>
          <ns3:TrackPointExtension>
            <ns3:hr>139</ns3:hr>
            <ns3:cad>89</ns3:cad>
          </ns3:TrackPointExtension>
        </extensions>
      </trkpt>
      <trkpt lat="34.18068322353065013885498046875" lon="108.932230174541473388671875">
        <ele>439</ele>
        <time>2026-08-19T22:59:09.000Z</time>
        <extensions>
          <ns3:TrackPointExtension>
            <ns3:hr>138</ns3:hr>
            <ns3:cad>89</ns3:cad>
          </ns3:TrackPointExtension>
        </extensions>
      </trkpt>
      <trkpt lat="34.1806868277490139007568359375" lon="108.93220494501292705535888671875">
        <ele>438.79998779296875</ele>
        <time>2026-08-19T22:59:10.000Z</time>
        <extensions>
          <ns3:TrackPointExtension>
            <ns3:hr>139</ns3:hr>
            <ns3:cad>89</ns3:cad>
          </ns3:TrackPointExtension>
        </extensions>
      </trkpt>
      <trkpt lat="34.18069160543382167816162109375" lon="108.93218130804598331451416015625">
        <ele>438.79998779296875</ele>
        <time>2026-08-19T22:59:11.000Z</time>
        <extensions>
          <ns3:TrackPointExtension>
            <ns3:hr>139</ns3:hr>
            <ns3:cad>89</ns3:cad>
          </ns3:TrackPointExtension>
        </extensions>
      </trkpt>
      <trkpt lat="34.18069629929959774017333984375" lon="108.93215197138488292694091796875">
        <ele>438.79998779296875</ele>
        <time>2026-08-19T22:59:12.000Z</time>
        <extensions>
          <ns3:TrackPointExtension>
            <ns3:hr>138</ns3:hr>
            <ns3:cad>89</ns3:cad>
          </ns3:TrackPointExtension>
        </extensions>
      </trkpt>
      <trkpt lat="34.18069747276604175567626953125" lon="108.93212883733212947845458984375">
        <ele>438.79998779296875</ele>
        <time>2026-08-19T22:59:13.000Z</time>
        <extensions>
          <ns3:TrackPointExtension>
            <ns3:hr>138</ns3:hr>
            <ns3:cad>89</ns3:cad>
          </ns3:TrackPointExtension>
        </extensions>
      </trkpt>
      <trkpt lat="34.18070216663181781768798828125" lon="108.93210033886134624481201171875">
        <ele>438.79998779296875</ele>
        <time>2026-08-19T22:59:14.000Z</time>
        <extensions>
          <ns3:TrackPointExtension>
            <ns3:hr>138</ns3:hr>
            <ns3:cad>88</ns3:cad>
          </ns3:TrackPointExtension>
        </extensions>
      </trkpt>
      <trkpt lat="34.18070535175502300262451171875" lon="108.93207670189440250396728515625">
        <ele>438.79998779296875</ele>
        <time>2026-08-19T22:59:15.000Z</time>
        <extensions>
          <ns3:TrackPointExtension>
            <ns3:hr>139</ns3:hr>
            <ns3:cad>88</ns3:cad>
          </ns3:TrackPointExtension>
        </extensions>
      </trkpt>
      <trkpt lat="34.18071004562079906463623046875" lon="108.93204870633780956268310546875">
        <ele>438.79998779296875</ele>
        <time>2026-08-19T22:59:16.000Z</time>
        <extensions>
          <ns3:TrackPointExtension>
            <ns3:hr>138</ns3:hr>
            <ns3:cad>88</ns3:cad>
          </ns3:TrackPointExtension>
        </extensions>
      </trkpt>
      <trkpt lat="34.18071071617305278778076171875" lon="108.93202523700892925262451171875">
        <ele>438.79998779296875</ele>
        <time>2026-08-19T22:59:17.000Z</time>
        <extensions>
          <ns3:TrackPointExtension>
            <ns3:hr>138</ns3:hr>
            <ns3:cad>88</ns3:cad>
          </ns3:TrackPointExtension>
        </extensions>
      </trkpt>
      <trkpt lat="34.18071373365819454193115234375" lon="108.93199740909039974212646484375">
        <ele>438.79998779296875</ele>
        <time>2026-08-19T22:59:18.000Z</time>
        <extensions>
          <ns3:TrackPointExtension>
            <ns3:hr>139</ns3:hr>
            <ns3:cad>87</ns3:cad>
          </ns3:TrackPointExtension>
        </extensions>
      </trkpt>
      <trkpt lat="34.18071691878139972686767578125" lon="108.9319748617708683013916015625">
        <ele>438.600006103515625</ele>
        <time>2026-08-19T22:59:19.000Z</time>
        <extensions>
          <ns3:TrackPointExtension>
            <ns3:hr>138</ns3:hr>
            <ns3:cad>87</ns3:cad>
          </ns3:TrackPointExtension>
        </extensions>
      </trkpt>
      <trkpt lat="34.180724211037158966064453125" lon="108.93194410018622875213623046875">
        <ele>438.600006103515625</ele>
        <time>2026-08-19T22:59:20.000Z</time>
        <extensions>
          <ns3:TrackPointExtension>
            <ns3:hr>138</ns3:hr>
            <ns3:cad>87</ns3:cad>
          </ns3:TrackPointExtension>
        </extensions>
      </trkpt>
      <trkpt lat="34.1807250492274761199951171875" lon="108.93191778101027011871337890625">
        <ele>438.600006103515625</ele>
        <time>2026-08-19T22:59:21.000Z</time>
        <extensions>
          <ns3:TrackPointExtension>
            <ns3:hr>139</ns3:hr>
            <ns3:cad>88</ns3:cad>
          </ns3:TrackPointExtension>
        </extensions>
      </trkpt>
      <trkpt lat="34.1807292401790618896484375" lon="108.93188844434916973114013671875">
        <ele>438.600006103515625</ele>
        <time>2026-08-19T22:59:22.000Z</time>
        <extensions>
          <ns3:TrackPointExtension>
            <ns3:hr>138</ns3:hr>
            <ns3:cad>88</ns3:cad>
          </ns3:TrackPointExtension>
        </extensions>
      </trkpt>
      <trkpt lat="34.180733598768711090087890625" lon="108.93186313100159168243408203125">
        <ele>438.600006103515625</ele>
        <time>2026-08-19T22:59:23.000Z</time>
        <extensions>
          <ns3:TrackPointExtension>
            <ns3:hr>138</ns3:hr>
            <ns3:cad>88</ns3:cad>
          </ns3:TrackPointExtension>
        </extensions>
      </trkpt>
      <trkpt lat="34.18073686771094799041748046875" lon="108.9318360574543476104736328125">
        <ele>438.600006103515625</ele>
        <time>2026-08-19T22:59:24.000Z</time>
        <extensions>
          <ns3:TrackPointExtension>
            <ns3:hr>138</ns3:hr>
            <ns3:cad>88</ns3:cad>
          </ns3:TrackPointExtension>
        </extensions>
      </trkpt>
      <trkpt lat="34.18074340559542179107666015625" lon="108.9318115822970867156982421875">
        <ele>438.600006103515625</ele>
        <time>2026-08-19T22:59:25.000Z</time>
        <extensions>
          <ns3:TrackPointExtension>
            <ns3:hr>138</ns3:hr>
            <ns3:cad>88</ns3:cad>
          </ns3:TrackPointExtension>
        </extensions>
      </trkpt>
      <trkpt lat="34.1807451657950878143310546875" lon="108.93178635276854038238525390625">
        <ele>438.399993896484375</ele>
        <time>2026-08-19T22:59:26.000Z</time>
        <extensions>
          <ns3:TrackPointExtension>
            <ns3:hr>138</ns3:hr>
            <ns3:cad>89</ns3:cad>
          </ns3:TrackPointExtension>
        </extensions>
      </trkpt>
      <trkpt lat="34.18075044639408588409423828125" lon="108.93176036886870861053466796875">
        <ele>438.399993896484375</ele>
        <time>2026-08-19T22:59:27.000Z</time>
        <extensions>
          <ns3:TrackPointExtension>
            <ns3:hr>137</ns3:hr>
            <ns3:cad>89</ns3:cad>
          </ns3:TrackPointExtension>
        </extensions>
      </trkpt>
      <trkpt lat="34.1807528771460056304931640625" lon="108.93173673190176486968994140625">
        <ele>438.399993896484375</ele>
        <time>2026-08-19T22:59:28.000Z</time>
        <extensions>
          <ns3:TrackPointExtension>
            <ns3:hr>137</ns3:hr>
            <ns3:cad>89</ns3:cad>
          </ns3:TrackPointExtension>
        </extensions>
      </trkpt>
      <trkpt lat="34.1807599179446697235107421875" lon="108.9317083172500133514404296875">
        <ele>438.399993896484375</ele>
        <time>2026-08-19T22:59:29.000Z</time>
        <extensions>
          <ns3:TrackPointExtension>
            <ns3:hr>137</ns3:hr>
            <ns3:cad>88</ns3:cad>
          </ns3:TrackPointExtension>
        </extensions>
      </trkpt>
      <trkpt lat="34.1807632707059383392333984375" lon="108.93168543465435504913330078125">
        <ele>438.399993896484375</ele>
        <time>2026-08-19T22:59:30.000Z</time>
        <extensions>
          <ns3:TrackPointExtension>
            <ns3:hr>137</ns3:hr>
            <ns3:cad>87</ns3:cad>
          </ns3:TrackPointExtension>
        </extensions>
      </trkpt>
      <trkpt lat="34.18077089823782444000244140625" lon="108.93165626563131809234619140625">
        <ele>438.20001220703125</ele>
        <time>2026-08-19T22:59:31.000Z</time>
        <extensions>
          <ns3:TrackPointExtension>
            <ns3:hr>137</ns3:hr>
            <ns3:cad>87</ns3:cad>
          </ns3:TrackPointExtension>
        </extensions>
      </trkpt>
      <trkpt lat="34.18077223934233188629150390625" lon="108.93163179047405719757080078125">
        <ele>438.20001220703125</ele>
        <time>2026-08-19T22:59:32.000Z</time>
        <extensions>
          <ns3:TrackPointExtension>
            <ns3:hr>137</ns3:hr>
            <ns3:cad>87</ns3:cad>
          </ns3:TrackPointExtension>
        </extensions>
      </trkpt>
      <trkpt lat="34.1807770170271396636962890625" lon="108.9315980114042758941650390625">
        <ele>438.20001220703125</ele>
        <time>2026-08-19T22:59:33.000Z</time>
        <extensions>
          <ns3:TrackPointExtension>
            <ns3:hr>137</ns3:hr>
            <ns3:cad>88</ns3:cad>
          </ns3:TrackPointExtension>
        </extensions>
      </trkpt>
      <trkpt lat="34.1807783581316471099853515625" lon="108.9315735362470149993896484375">
        <ele>438.20001220703125</ele>
        <time>2026-08-19T22:59:34.000Z</time>
        <extensions>
          <ns3:TrackPointExtension>
            <ns3:hr>137</ns3:hr>
            <ns3:cad>88</ns3:cad>
          </ns3:TrackPointExtension>
        </extensions>
      </trkpt>
      <trkpt lat="34.18078497983515262603759765625" lon="108.93154109828174114227294921875">
        <ele>438.20001220703125</ele>
        <time>2026-08-19T22:59:35.000Z</time>
        <extensions>
          <ns3:TrackPointExtension>
            <ns3:hr>137</ns3:hr>
            <ns3:cad>88</ns3:cad>
          </ns3:TrackPointExtension>
        </extensions>
      </trkpt>
      <trkpt lat="34.18078632093966007232666015625" lon="108.9315180480480194091796875">
        <ele>438.20001220703125</ele>
        <time>2026-08-19T22:59:36.000Z</time>
        <extensions>
          <ns3:TrackPointExtension>
            <ns3:hr>136</ns3:hr>
            <ns3:cad>87</ns3:cad>
          </ns3:TrackPointExtension>
        </extensions>
      </trkpt>
      <trkpt lat="34.18078967370092868804931640625" lon="108.93148745410144329071044921875">
        <ele>438.20001220703125</ele>
        <time>2026-08-19T22:59:37.000Z</time>
        <extensions>
          <ns3:TrackPointExtension>
            <ns3:hr>136</ns3:hr>
            <ns3:cad>87</ns3:cad>
          </ns3:TrackPointExtension>
        </extensions>
      </trkpt>
      <trkpt lat="34.18079403229057788848876953125" lon="108.9314645715057849884033203125">
        <ele>438.20001220703125</ele>
        <time>2026-08-19T22:59:38.000Z</time>
        <extensions>
          <ns3:TrackPointExtension>
            <ns3:hr>136</ns3:hr>
            <ns3:cad>88</ns3:cad>
          </ns3:TrackPointExtension>
        </extensions>
      </trkpt>
      <trkpt lat="34.180799983441829681396484375" lon="108.9314354024827480316162109375">
        <ele>438.20001220703125</ele>
        <time>2026-08-19T22:59:39.000Z</time>
        <extensions>
          <ns3:TrackPointExtension>
            <ns3:hr>136</ns3:hr>
            <ns3:cad>88</ns3:cad>
          </ns3:TrackPointExtension>
        </extensions>
      </trkpt>
      <trkpt lat="34.1808035038411617279052734375" lon="108.9314159564673900604248046875">
        <ele>438.20001220703125</ele>
        <time>2026-08-19T22:59:40.000Z</time>
        <extensions>
          <ns3:TrackPointExtension>
            <ns3:hr>136</ns3:hr>
            <ns3:cad>89</ns3:cad>
          </ns3:TrackPointExtension>
        </extensions>
      </trkpt>
      <trkpt lat="34.180808365345001220703125" lon="108.93138921819627285003662109375">
        <ele>438.20001220703125</ele>
        <time>2026-08-19T22:59:41.000Z</time>
        <extensions>
          <ns3:TrackPointExtension>
            <ns3:hr>136</ns3:hr>
            <ns3:cad>89</ns3:cad>
          </ns3:TrackPointExtension>
        </extensions>
      </trkpt>
      <trkpt lat="34.180810041725635528564453125" lon="108.931364156305789947509765625">
        <ele>438.20001220703125</ele>
        <time>2026-08-19T22:59:42.000Z</time>
        <extensions>
          <ns3:TrackPointExtension>
            <ns3:hr>135</ns3:hr>
            <ns3:cad>88</ns3:cad>
          </ns3:TrackPointExtension>
        </extensions>
      </trkpt>
      <trkpt lat="34.18081264011561870574951171875" lon="108.931333310902118682861328125">
        <ele>438</ele>
        <time>2026-08-19T22:59:43.000Z</time>
        <extensions>
          <ns3:TrackPointExtension>
            <ns3:hr>135</ns3:hr>
            <ns3:cad>88</ns3:cad>
          </ns3:TrackPointExtension>
        </extensions>
      </trkpt>
      <trkpt lat="34.18081532232463359832763671875" lon="108.9313083328306674957275390625">
        <ele>438</ele>
        <time>2026-08-19T22:59:44.000Z</time>
        <extensions>
          <ns3:TrackPointExtension>
            <ns3:hr>136</ns3:hr>
            <ns3:cad>88</ns3:cad>
          </ns3:TrackPointExtension>
        </extensions>
      </trkpt>
      <trkpt lat="34.1808172501623630523681640625" lon="108.931274302303791046142578125">
        <ele>438</ele>
        <time>2026-08-19T22:59:45.000Z</time>
        <extensions>
          <ns3:TrackPointExtension>
            <ns3:hr>136</ns3:hr>
            <ns3:cad>89</ns3:cad>
          </ns3:TrackPointExtension>
        </extensions>
      </trkpt>
      <trkpt lat="34.18082001619040966033935546875" lon="108.93124689348042011260986328125">
        <ele>438</ele>
        <time>2026-08-19T22:59:46.000Z</time>
        <extensions>
          <ns3:TrackPointExtension>
            <ns3:hr>137</ns3:hr>
            <ns3:cad>89</ns3:cad>
          </ns3:TrackPointExtension>
        </extensions>
      </trkpt>
      <trkpt lat="34.18082420714199542999267578125" lon="108.9312161318957805633544921875">
        <ele>438</ele>
        <time>2026-08-19T22:59:47.000Z</time>
        <extensions>
          <ns3:TrackPointExtension>
            <ns3:hr>137</ns3:hr>
            <ns3:cad>89</ns3:cad>
          </ns3:TrackPointExtension>
        </extensions>
      </trkpt>
      <trkpt lat="34.180826805531978607177734375" lon="108.93119039945304393768310546875">
        <ele>438</ele>
        <time>2026-08-19T22:59:48.000Z</time>
        <extensions>
          <ns3:TrackPointExtension>
            <ns3:hr>137</ns3:hr>
            <ns3:cad>89</ns3:cad>
          </ns3:TrackPointExtension>
        </extensions>
      </trkpt>
      <trkpt lat="34.180827476084232330322265625" lon="108.9311608113348484039306640625">
        <ele>438</ele>
        <time>2026-08-19T22:59:49.000Z</time>
        <extensions>
          <ns3:TrackPointExtension>
            <ns3:hr>137</ns3:hr>
            <ns3:cad>89</ns3:cad>
          </ns3:TrackPointExtension>
        </extensions>
      </trkpt>
      <trkpt lat="34.18083124794065952301025390625" lon="108.93113524653017520904541015625">
        <ele>437.79998779296875</ele>
        <time>2026-08-19T22:59:50.000Z</time>
        <extensions>
          <ns3:TrackPointExtension>
            <ns3:hr>136</ns3:hr>
            <ns3:cad>89</ns3:cad>
          </ns3:TrackPointExtension>
        </extensions>
      </trkpt>
      <trkpt lat="34.1808323375880718231201171875" lon="108.93110834062099456787109375">
        <ele>437.79998779296875</ele>
        <time>2026-08-19T22:59:51.000Z</time>
        <extensions>
          <ns3:TrackPointExtension>
            <ns3:hr>136</ns3:hr>
            <ns3:cad>89</ns3:cad>
          </ns3:TrackPointExtension>
        </extensions>
      </trkpt>
      <trkpt lat="34.18084030039608478546142578125" lon="108.9310823567211627960205078125">
        <ele>437.79998779296875</ele>
        <time>2026-08-19T22:59:52.000Z</time>
        <extensions>
          <ns3:TrackPointExtension>
            <ns3:hr>136</ns3:hr>
            <ns3:cad>89</ns3:cad>
          </ns3:TrackPointExtension>
        </extensions>
      </trkpt>
      <trkpt lat="34.18084566481411457061767578125" lon="108.9310605637729167938232421875">
        <ele>437.79998779296875</ele>
        <time>2026-08-19T22:59:53.000Z</time>
        <extensions>
          <ns3:TrackPointExtension>
            <ns3:hr>136</ns3:hr>
            <ns3:cad>88</ns3:cad>
          </ns3:TrackPointExtension>
        </extensions>
      </trkpt>
      <trkpt lat="34.18086276389658451080322265625" lon="108.93103566952049732208251953125">
        <ele>437.600006103515625</ele>
        <time>2026-08-19T22:59:54.000Z</time>
        <extensions>
          <ns3:TrackPointExtension>
            <ns3:hr>137</ns3:hr>
            <ns3:cad>87</ns3:cad>
          </ns3:TrackPointExtension>
        </extensions>
      </trkpt>
      <trkpt lat="34.18087131343781948089599609375" lon="108.9310169778764247894287109375">
        <ele>437.600006103515625</ele>
        <time>2026-08-19T22:59:55.000Z</time>
        <extensions>
          <ns3:TrackPointExtension>
            <ns3:hr>136</ns3:hr>
            <ns3:cad>87</ns3:cad>
          </ns3:TrackPointExtension>
        </extensions>
      </trkpt>
      <trkpt lat="34.18089159764349460601806640625" lon="108.93099258653819561004638671875">
        <ele>437.600006103515625</ele>
        <time>2026-08-19T22:59:56.000Z</time>
        <extensions>
          <ns3:TrackPointExtension>
            <ns3:hr>136</ns3:hr>
            <ns3:cad>87</ns3:cad>
          </ns3:TrackPointExtension>
        </extensions>
      </trkpt>
      <trkpt lat="34.180904589593410491943359375" lon="108.93097531981766223907470703125">
        <ele>437.600006103515625</ele>
        <time>2026-08-19T22:59:57.000Z</time>
        <extensions>
          <ns3:TrackPointExtension>
            <ns3:hr>136</ns3:hr>
            <ns3:cad>88</ns3:cad>
          </ns3:TrackPointExtension>
        </extensions>
      </trkpt>
      <trkpt lat="34.1809245385229587554931640625" lon="108.93095117993652820587158203125">
        <ele>437.600006103515625</ele>
        <time>2026-08-19T22:59:58.000Z</time>
        <extensions>
          <ns3:TrackPointExtension>
            <ns3:hr>136</ns3:hr>
            <ns3:cad>88</ns3:cad>
          </ns3:TrackPointExtension>
        </extensions>
      </trkpt>
      <trkpt lat="34.1809342615306377410888671875" lon="108.9309338293969631195068359375">
        <ele>437.600006103515625</ele>
        <time>2026-08-19T22:59:59.000Z</time>
        <extensions>
          <ns3:TrackPointExtension>
            <ns3:hr>136</ns3:hr>
            <ns3:cad>88</ns3:cad>
          </ns3:TrackPointExtension>
        </extensions>
      </trkpt>
      <trkpt lat="34.18095077387988567352294921875" lon="108.93090851604938507080078125">
        <ele>437.600006103515625</ele>
        <time>2026-08-19T23:00:00.000Z</time>
        <extensions>
          <ns3:TrackPointExtension>
            <ns3:hr>136</ns3:hr>
            <ns3:cad>88</ns3:cad>
          </ns3:TrackPointExtension>
        </extensions>
      </trkpt>
      <trkpt lat="34.1809590719640254974365234375" lon="108.930885381996631622314453125">
        <ele>437.399993896484375</ele>
        <time>2026-08-19T23:00:01.000Z</time>
        <extensions>
          <ns3:TrackPointExtension>
            <ns3:hr>136</ns3:hr>
            <ns3:cad>88</ns3:cad>
          </ns3:TrackPointExtension>
        </extensions>
      </trkpt>
      <trkpt lat="34.18096669949591159820556640625" lon="108.9308553747832775115966796875">
        <ele>437.399993896484375</ele>
        <time>2026-08-19T23:00:02.000Z</time>
        <extensions>
          <ns3:TrackPointExtension>
            <ns3:hr>136</ns3:hr>
            <ns3:cad>87</ns3:cad>
          </ns3:TrackPointExtension>
        </extensions>
      </trkpt>
      <trkpt lat="34.18097340501844882965087890625" lon="108.9308305643498897552490234375">
        <ele>437.399993896484375</ele>
        <time>2026-08-19T23:00:03.000Z</time>
        <extensions>
          <ns3:TrackPointExtension>
            <ns3:hr>136</ns3:hr>
            <ns3:cad>88</ns3:cad>
          </ns3:TrackPointExtension>
        </extensions>
      </trkpt>
      <trkpt lat="34.18097591958940029144287109375" lon="108.93079946748912334442138671875">
        <ele>437.399993896484375</ele>
        <time>2026-08-19T23:00:04.000Z</time>
        <extensions>
          <ns3:TrackPointExtension>
            <ns3:hr>136</ns3:hr>
            <ns3:cad>88</ns3:cad>
          </ns3:TrackPointExtension>
        </extensions>
      </trkpt>
      <trkpt lat="34.18098279275000095367431640625" lon="108.93076979555189609527587890625">
        <ele>437.399993896484375</ele>
        <time>2026-08-19T23:00:05.000Z</time>
        <extensions>
          <ns3:TrackPointExtension>
            <ns3:hr>135</ns3:hr>
            <ns3:cad>88</ns3:cad>
          </ns3:TrackPointExtension>
        </extensions>
      </trkpt>
      <trkpt lat="34.18098396621644496917724609375" lon="108.93074079416692256927490234375">
        <ele>437.399993896484375</ele>
        <time>2026-08-19T23:00:06.000Z</time>
        <extensions>
          <ns3:TrackPointExtension>
            <ns3:hr>136</ns3:hr>
            <ns3:cad>88</ns3:cad>
          </ns3:TrackPointExtension>
        </extensions>
      </trkpt>
      <trkpt lat="34.1809885762631893157958984375" lon="108.9307102002203464508056640625">
        <ele>437.399993896484375</ele>
        <time>2026-08-19T23:00:07.000Z</time>
        <extensions>
          <ns3:TrackPointExtension>
            <ns3:hr>136</ns3:hr>
            <ns3:cad>88</ns3:cad>
          </ns3:TrackPointExtension>
        </extensions>
      </trkpt>
      <trkpt lat="34.1809855587780475616455078125" lon="108.930684886872768402099609375">
        <ele>437.399993896484375</ele>
        <time>2026-08-19T23:00:08.000Z</time>
        <extensions>
          <ns3:TrackPointExtension>
            <ns3:hr>136</ns3:hr>
            <ns3:cad>88</ns3:cad>
          </ns3:TrackPointExtension>
        </extensions>
      </trkpt>
      <trkpt lat="34.18098748661577701568603515625" lon="108.93065697513520717620849609375">
        <ele>437.399993896484375</ele>
        <time>2026-08-19T23:00:09.000Z</time>
        <extensions>
          <ns3:TrackPointExtension>
            <ns3:hr>135</ns3:hr>
            <ns3:cad>88</ns3:cad>
          </ns3:TrackPointExtension>
        </extensions>
      </trkpt>
      <trkpt lat="34.18098245747387409210205078125" lon="108.93063551746308803558349609375">
        <ele>437.399993896484375</ele>
        <time>2026-08-19T23:00:10.000Z</time>
        <extensions>
          <ns3:TrackPointExtension>
            <ns3:hr>136</ns3:hr>
            <ns3:cad>88</ns3:cad>
          </ns3:TrackPointExtension>
        </extensions>
      </trkpt>
      <trkpt lat="34.18097935616970062255859375" lon="108.93060450442135334014892578125">
        <ele>437.399993896484375</ele>
        <time>2026-08-19T23:00:11.000Z</time>
        <extensions>
          <ns3:TrackPointExtension>
            <ns3:hr>136</ns3:hr>
            <ns3:cad>88</ns3:cad>
          </ns3:TrackPointExtension>
        </extensions>
      </trkpt>
      <trkpt lat="34.1809734888374805450439453125" lon="108.93058187328279018402099609375">
        <ele>437.399993896484375</ele>
        <time>2026-08-19T23:00:12.000Z</time>
        <extensions>
          <ns3:TrackPointExtension>
            <ns3:hr>136</ns3:hr>
            <ns3:cad>88</ns3:cad>
          </ns3:TrackPointExtension>
        </extensions>
      </trkpt>
      <trkpt lat="34.18096804060041904449462890625" lon="108.930550105869770050048828125">
        <ele>437.20001220703125</ele>
        <time>2026-08-19T23:00:13.000Z</time>
        <extensions>
          <ns3:TrackPointExtension>
            <ns3:hr>136</ns3:hr>
            <ns3:cad>87</ns3:cad>
          </ns3:TrackPointExtension>
        </extensions>
      </trkpt>
      <trkpt lat="34.1809600777924060821533203125" lon="108.9305274747312068939208984375">
        <ele>437.20001220703125</ele>
        <time>2026-08-19T23:00:14.000Z</time>
        <extensions>
          <ns3:TrackPointExtension>
            <ns3:hr>136</ns3:hr>
            <ns3:cad>89</ns3:cad>
          </ns3:TrackPointExtension>
        </extensions>
      </trkpt>
      <trkpt lat="34.180948175489902496337890625" lon="108.930494450032711029052734375">
        <ele>437.399993896484375</ele>
        <time>2026-08-19T23:00:15.000Z</time>
        <extensions>
          <ns3:TrackPointExtension>
            <ns3:hr>137</ns3:hr>
            <ns3:cad>89</ns3:cad>
          </ns3:TrackPointExtension>
        </extensions>
      </trkpt>
      <trkpt lat="34.18093652464449405670166015625" lon="108.93047139979898929595947265625">
        <ele>437.399993896484375</ele>
        <time>2026-08-19T23:00:16.000Z</time>
        <extensions>
          <ns3:TrackPointExtension>
            <ns3:hr>137</ns3:hr>
            <ns3:cad>89</ns3:cad>
          </ns3:TrackPointExtension>
        </extensions>
      </trkpt>
      <trkpt lat="34.180926047265529632568359375" lon="108.9304424822330474853515625">
        <ele>437.399993896484375</ele>
        <time>2026-08-19T23:00:17.000Z</time>
        <extensions>
          <ns3:TrackPointExtension>
            <ns3:hr>137</ns3:hr>
            <ns3:cad>88</ns3:cad>
          </ns3:TrackPointExtension>
        </extensions>
      </trkpt>
      <trkpt lat="34.180919341742992401123046875" lon="108.930416665971279144287109375">
        <ele>437.399993896484375</ele>
        <time>2026-08-19T23:00:18.000Z</time>
        <extensions>
          <ns3:TrackPointExtension>
            <ns3:hr>137</ns3:hr>
            <ns3:cad>87</ns3:cad>
          </ns3:TrackPointExtension>
        </extensions>
      </trkpt>
      <trkpt lat="34.18091422878205776214599609375" lon="108.93038389272987842559814453125">
        <ele>437.399993896484375</ele>
        <time>2026-08-19T23:00:19.000Z</time>
        <extensions>
          <ns3:TrackPointExtension>
            <ns3:hr>137</ns3:hr>
            <ns3:cad>87</ns3:cad>
          </ns3:TrackPointExtension>
        </extensions>
      </trkpt>
      <trkpt lat="34.180915653705596923828125" lon="108.93036025576293468475341796875">
        <ele>437.399993896484375</ele>
        <time>2026-08-19T23:00:20.000Z</time>
        <extensions>
          <ns3:TrackPointExtension>
            <ns3:hr>137</ns3:hr>
            <ns3:cad>89</ns3:cad>
          </ns3:TrackPointExtension>
        </extensions>
      </trkpt>
      <trkpt lat="34.1809164918959140777587890625" lon="108.93033360131084918975830078125">
        <ele>437.399993896484375</ele>
        <time>2026-08-19T23:00:21.000Z</time>
        <extensions>
          <ns3:TrackPointExtension>
            <ns3:hr>137</ns3:hr>
            <ns3:cad>89</ns3:cad>
          </ns3:TrackPointExtension>
        </extensions>
      </trkpt>
      <trkpt lat="34.18092311359941959381103515625" lon="108.93030661158263683319091796875">
        <ele>437.399993896484375</ele>
        <time>2026-08-19T23:00:22.000Z</time>
        <extensions>
          <ns3:TrackPointExtension>
            <ns3:hr>137</ns3:hr>
            <ns3:cad>89</ns3:cad>
          </ns3:TrackPointExtension>
        </extensions>
      </trkpt>
      <trkpt lat="34.18092747218906879425048828125" lon="108.93027710728347301483154296875">
        <ele>437.399993896484375</ele>
        <time>2026-08-19T23:00:23.000Z</time>
        <extensions>
          <ns3:TrackPointExtension>
            <ns3:hr>138</ns3:hr>
            <ns3:cad>88</ns3:cad>
          </ns3:TrackPointExtension>
        </extensions>
      </trkpt>
      <trkpt lat="34.18093283660709857940673828125" lon="108.9302545599639415740966796875">
        <ele>437.600006103515625</ele>
        <time>2026-08-19T23:00:24.000Z</time>
        <extensions>
          <ns3:TrackPointExtension>
            <ns3:hr>138</ns3:hr>
            <ns3:cad>88</ns3:cad>
          </ns3:TrackPointExtension>
        </extensions>
      </trkpt>
      <trkpt lat="34.18093367479741573333740234375" lon="108.93022723495960235595703125">
        <ele>437.600006103515625</ele>
        <time>2026-08-19T23:00:25.000Z</time>
        <extensions>
          <ns3:TrackPointExtension>
            <ns3:hr>138</ns3:hr>
            <ns3:cad>88</ns3:cad>
          </ns3:TrackPointExtension>
        </extensions>
      </trkpt>
      <trkpt lat="34.180937111377716064453125" lon="108.93020175397396087646484375">
        <ele>437.600006103515625</ele>
        <time>2026-08-19T23:00:26.000Z</time>
        <extensions>
          <ns3:TrackPointExtension>
            <ns3:hr>138</ns3:hr>
            <ns3:cad>88</ns3:cad>
          </ns3:TrackPointExtension>
        </extensions>
      </trkpt>
      <trkpt lat="34.18093987740576267242431640625" lon="108.9301742613315582275390625">
        <ele>437.600006103515625</ele>
        <time>2026-08-19T23:00:27.000Z</time>
        <extensions>
          <ns3:TrackPointExtension>
            <ns3:hr>138</ns3:hr>
            <ns3:cad>89</ns3:cad>
          </ns3:TrackPointExtension>
        </extensions>
      </trkpt>
      <trkpt lat="34.1809436492621898651123046875" lon="108.93014919944107532501220703125">
        <ele>437.600006103515625</ele>
        <time>2026-08-19T23:00:28.000Z</time>
        <extensions>
          <ns3:TrackPointExtension>
            <ns3:hr>138</ns3:hr>
            <ns3:cad>88</ns3:cad>
          </ns3:TrackPointExtension>
        </extensions>
      </trkpt>
      <trkpt lat="34.1809449903666973114013671875" lon="108.93012405373156070709228515625">
        <ele>437.600006103515625</ele>
        <time>2026-08-19T23:00:29.000Z</time>
        <extensions>
          <ns3:TrackPointExtension>
            <ns3:hr>138</ns3:hr>
            <ns3:cad>88</ns3:cad>
          </ns3:TrackPointExtension>
        </extensions>
      </trkpt>
      <trkpt lat="34.18095060624182224273681640625" lon="108.9300959743559360504150390625">
        <ele>437.600006103515625</ele>
        <time>2026-08-19T23:00:30.000Z</time>
        <extensions>
          <ns3:TrackPointExtension>
            <ns3:hr>138</ns3:hr>
            <ns3:cad>88</ns3:cad>
          </ns3:TrackPointExtension>
        </extensions>
      </trkpt>
      <trkpt lat="34.180954881012439727783203125" lon="108.930072672665119171142578125">
        <ele>437.600006103515625</ele>
        <time>2026-08-19T23:00:31.000Z</time>
        <extensions>
          <ns3:TrackPointExtension>
            <ns3:hr>138</ns3:hr>
            <ns3:cad>88</ns3:cad>
          </ns3:TrackPointExtension>
        </extensions>
      </trkpt>
      <trkpt lat="34.18096217326819896697998046875" lon="108.93004425801336765289306640625">
        <ele>437.600006103515625</ele>
        <time>2026-08-19T23:00:32.000Z</time>
        <extensions>
          <ns3:TrackPointExtension>
            <ns3:hr>138</ns3:hr>
            <ns3:cad>88</ns3:cad>
          </ns3:TrackPointExtension>
        </extensions>
      </trkpt>
      <trkpt lat="34.18096083216369152069091796875" lon="108.93002229742705821990966796875">
        <ele>437.600006103515625</ele>
        <time>2026-08-19T23:00:33.000Z</time>
        <extensions>
          <ns3:TrackPointExtension>
            <ns3:hr>138</ns3:hr>
            <ns3:cad>88</ns3:cad>
          </ns3:TrackPointExtension>
        </extensions>
      </trkpt>
      <trkpt lat="34.18096728622913360595703125" lon="108.9299937151372432708740234375">
        <ele>437.600006103515625</ele>
        <time>2026-08-19T23:00:34.000Z</time>
        <extensions>
          <ns3:TrackPointExtension>
            <ns3:hr>138</ns3:hr>
            <ns3:cad>89</ns3:cad>
          </ns3:TrackPointExtension>
        </extensions>
      </trkpt>
      <trkpt lat="34.1809691302478313446044921875" lon="108.92997116781771183013916015625">
        <ele>437.600006103515625</ele>
        <time>2026-08-19T23:00:35.000Z</time>
        <extensions>
          <ns3:TrackPointExtension>
            <ns3:hr>138</ns3:hr>
            <ns3:cad>88</ns3:cad>
          </ns3:TrackPointExtension>
        </extensions>
      </trkpt>
      <trkpt lat="34.18097524903714656829833984375" lon="108.92993864603340625762939453125">
        <ele>437.600006103515625</ele>
        <time>2026-08-19T23:00:36.000Z</time>
        <extensions>
          <ns3:TrackPointExtension>
            <ns3:hr>138</ns3:hr>
            <ns3:cad>88</ns3:cad>
          </ns3:TrackPointExtension>
        </extensions>
      </trkpt>
      <trkpt lat="34.1809760034084320068359375" lon="108.92991484142839908599853515625">
        <ele>437.600006103515625</ele>
        <time>2026-08-19T23:00:37.000Z</time>
        <extensions>
          <ns3:TrackPointExtension>
            <ns3:hr>139</ns3:hr>
            <ns3:cad>88</ns3:cad>
          </ns3:TrackPointExtension>
        </extensions>
      </trkpt>
      <trkpt lat="34.18098329566419124603271484375" lon="108.92988198436796665191650390625">
        <ele>437.600006103515625</ele>
        <time>2026-08-19T23:00:38.000Z</time>
        <extensions>
          <ns3:TrackPointExtension>
            <ns3:hr>138</ns3:hr>
            <ns3:cad>88</ns3:cad>
          </ns3:TrackPointExtension>
        </extensions>
      </trkpt>
      <trkpt lat="34.18098715133965015411376953125" lon="108.92985532991588115692138671875">
        <ele>437.600006103515625</ele>
        <time>2026-08-19T23:00:39.000Z</time>
        <extensions>
          <ns3:TrackPointExtension>
            <ns3:hr>138</ns3:hr>
            <ns3:cad>88</ns3:cad>
          </ns3:TrackPointExtension>
        </extensions>
      </trkpt>
      <trkpt lat="34.1809899173676967620849609375" lon="108.92981945537030696868896484375">
        <ele>437.600006103515625</ele>
        <time>2026-08-19T23:00:40.000Z</time>
        <extensions>
          <ns3:TrackPointExtension>
            <ns3:hr>138</ns3:hr>
            <ns3:cad>88</ns3:cad>
          </ns3:TrackPointExtension>
        </extensions>
      </trkpt>
      <trkpt lat="34.18099117465317249298095703125" lon="108.92979430966079235076904296875">
        <ele>437.600006103515625</ele>
        <time>2026-08-19T23:00:41.000Z</time>
        <extensions>
          <ns3:TrackPointExtension>
            <ns3:hr>139</ns3:hr>
            <ns3:cad>88</ns3:cad>
          </ns3:TrackPointExtension>
        </extensions>
      </trkpt>
      <trkpt lat="34.18099486269056797027587890625" lon="108.9297613687813282012939453125">
        <ele>437.600006103515625</ele>
        <time>2026-08-19T23:00:42.000Z</time>
        <extensions>
          <ns3:TrackPointExtension>
            <ns3:hr>139</ns3:hr>
            <ns3:cad>88</ns3:cad>
          </ns3:TrackPointExtension>
        </extensions>
      </trkpt>
      <trkpt lat="34.18099880218505859375" lon="108.9297402463853359222412109375">
        <ele>437.600006103515625</ele>
        <time>2026-08-19T23:00:43.000Z</time>
        <extensions>
          <ns3:TrackPointExtension>
            <ns3:hr>140</ns3:hr>
            <ns3:cad>88</ns3:cad>
          </ns3:TrackPointExtension>
        </extensions>
      </trkpt>
      <trkpt lat="34.18100508861243724822998046875" lon="108.92970621585845947265625">
        <ele>437.600006103515625</ele>
        <time>2026-08-19T23:00:44.000Z</time>
        <extensions>
          <ns3:TrackPointExtension>
            <ns3:hr>140</ns3:hr>
            <ns3:cad>88</ns3:cad>
          </ns3:TrackPointExtension>
        </extensions>
      </trkpt>
      <trkpt lat="34.1810123808681964874267578125" lon="108.9296805672347545623779296875">
        <ele>437.600006103515625</ele>
        <time>2026-08-19T23:00:45.000Z</time>
        <extensions>
          <ns3:TrackPointExtension>
            <ns3:hr>140</ns3:hr>
            <ns3:cad>89</ns3:cad>
          </ns3:TrackPointExtension>
        </extensions>
      </trkpt>
      <trkpt lat="34.18101598508656024932861328125" lon="108.9296527393162250518798828125">
        <ele>437.600006103515625</ele>
        <time>2026-08-19T23:00:46.000Z</time>
        <extensions>
          <ns3:TrackPointExtension>
            <ns3:hr>141</ns3:hr>
            <ns3:cad>89</ns3:cad>
          </ns3:TrackPointExtension>
        </extensions>
      </trkpt>
      <trkpt lat="34.1810216009616851806640625" lon="108.92962650395929813385009765625">
        <ele>437.600006103515625</ele>
        <time>2026-08-19T23:00:47.000Z</time>
        <extensions>
          <ns3:TrackPointExtension>
            <ns3:hr>141</ns3:hr>
            <ns3:cad>88</ns3:cad>
          </ns3:TrackPointExtension>
        </extensions>
      </trkpt>
      <trkpt lat="34.18102419935166835784912109375" lon="108.9296002686023712158203125">
        <ele>437.600006103515625</ele>
        <time>2026-08-19T23:00:48.000Z</time>
        <extensions>
          <ns3:TrackPointExtension>
            <ns3:hr>141</ns3:hr>
            <ns3:cad>88</ns3:cad>
          </ns3:TrackPointExtension>
        </extensions>
      </trkpt>
      <trkpt lat="34.18102822266519069671630859375" lon="108.9295779727399349212646484375">
        <ele>437.600006103515625</ele>
        <time>2026-08-19T23:00:49.000Z</time>
        <extensions>
          <ns3:TrackPointExtension>
            <ns3:hr>140</ns3:hr>
            <ns3:cad>88</ns3:cad>
          </ns3:TrackPointExtension>
        </extensions>
      </trkpt>
      <trkpt lat="34.181031323969364166259765625" lon="108.92955358140170574188232421875">
        <ele>437.600006103515625</ele>
        <time>2026-08-19T23:00:50.000Z</time>
        <extensions>
          <ns3:TrackPointExtension>
            <ns3:hr>141</ns3:hr>
            <ns3:cad>88</ns3:cad>
          </ns3:TrackPointExtension>
        </extensions>
      </trkpt>
      <trkpt lat="34.1810311563313007354736328125" lon="108.929530866444110870361328125">
        <ele>437.600006103515625</ele>
        <time>2026-08-19T23:00:51.000Z</time>
        <extensions>
          <ns3:TrackPointExtension>
            <ns3:hr>142</ns3:hr>
            <ns3:cad>88</ns3:cad>
          </ns3:TrackPointExtension>
        </extensions>
      </trkpt>
      <trkpt lat="34.1810335032641887664794921875" lon="108.92950479872524738311767578125">
        <ele>437.600006103515625</ele>
        <time>2026-08-19T23:00:52.000Z</time>
        <extensions>
          <ns3:TrackPointExtension>
            <ns3:hr>142</ns3:hr>
            <ns3:cad>88</ns3:cad>
          </ns3:TrackPointExtension>
        </extensions>
      </trkpt>
      <trkpt lat="34.1810301505029201507568359375" lon="108.92947479151189327239990234375">
        <ele>437.600006103515625</ele>
        <time>2026-08-19T23:00:53.000Z</time>
        <extensions>
          <ns3:TrackPointExtension>
            <ns3:hr>142</ns3:hr>
            <ns3:cad>88</ns3:cad>
          </ns3:TrackPointExtension>
        </extensions>
      </trkpt>
      <trkpt lat="34.181028306484222412109375" lon="108.9294495619833469390869140625">
        <ele>437.79998779296875</ele>
        <time>2026-08-19T23:00:54.000Z</time>
        <extensions>
          <ns3:TrackPointExtension>
            <ns3:hr>142</ns3:hr>
            <ns3:cad>88</ns3:cad>
          </ns3:TrackPointExtension>
        </extensions>
      </trkpt>
      <trkpt lat="34.18103258125483989715576171875" lon="108.929423578083515167236328125">
        <ele>437.79998779296875</ele>
        <time>2026-08-19T23:00:55.000Z</time>
        <extensions>
          <ns3:TrackPointExtension>
            <ns3:hr>142</ns3:hr>
            <ns3:cad>88</ns3:cad>
          </ns3:TrackPointExtension>
        </extensions>
      </trkpt>
      <trkpt lat="34.181029312312602996826171875" lon="108.92940119840204715728759765625">
        <ele>437.600006103515625</ele>
        <time>2026-08-19T23:00:56.000Z</time>
        <extensions>
          <ns3:TrackPointExtension>
            <ns3:hr>143</ns3:hr>
            <ns3:cad>90</ns3:cad>
          </ns3:TrackPointExtension>
        </extensions>
      </trkpt>
      <trkpt lat="34.181032665073871612548828125" lon="108.92936716787517070770263671875">
        <ele>437.79998779296875</ele>
        <time>2026-08-19T23:00:57.000Z</time>
        <extensions>
          <ns3:TrackPointExtension>
            <ns3:hr>142</ns3:hr>
            <ns3:cad>90</ns3:cad>
          </ns3:TrackPointExtension>
        </extensions>
      </trkpt>
      <trkpt lat="34.181035347282886505126953125" lon="108.92934470437467098236083984375">
        <ele>437.79998779296875</ele>
        <time>2026-08-19T23:00:58.000Z</time>
        <extensions>
          <ns3:TrackPointExtension>
            <ns3:hr>142</ns3:hr>
            <ns3:cad>90</ns3:cad>
          </ns3:TrackPointExtension>
        </extensions>
      </trkpt>
      <trkpt lat="34.18103761039674282073974609375" lon="108.9293137751519680023193359375">
        <ele>437.79998779296875</ele>
        <time>2026-08-19T23:00:59.000Z</time>
        <extensions>
          <ns3:TrackPointExtension>
            <ns3:hr>142</ns3:hr>
            <ns3:cad>90</ns3:cad>
          </ns3:TrackPointExtension>
        </extensions>
      </trkpt>
      <trkpt lat="34.18103794567286968231201171875" lon="108.9292889647185802459716796875">
        <ele>437.79998779296875</ele>
        <time>2026-08-19T23:01:00.000Z</time>
        <extensions>
          <ns3:TrackPointExtension>
            <ns3:hr>142</ns3:hr>
            <ns3:cad>89</ns3:cad>
          </ns3:TrackPointExtension>
        </extensions>
      </trkpt>
      <trkpt lat="34.18103777803480625152587890625" lon="108.9292551018297672271728515625">
        <ele>437.79998779296875</ele>
        <time>2026-08-19T23:01:01.000Z</time>
        <extensions>
          <ns3:TrackPointExtension>
            <ns3:hr>142</ns3:hr>
            <ns3:cad>89</ns3:cad>
          </ns3:TrackPointExtension>
        </extensions>
      </trkpt>
      <trkpt lat="34.18103895150125026702880859375" lon="108.92923288978636264801025390625">
        <ele>437.79998779296875</ele>
        <time>2026-08-19T23:01:02.000Z</time>
        <extensions>
          <ns3:TrackPointExtension>
            <ns3:hr>141</ns3:hr>
            <ns3:cad>89</ns3:cad>
          </ns3:TrackPointExtension>
        </extensions>
      </trkpt>
      <trkpt lat="34.1810368560254573822021484375" lon="108.92920129001140594482421875">
        <ele>437.600006103515625</ele>
        <time>2026-08-19T23:01:03.000Z</time>
        <extensions>
          <ns3:TrackPointExtension>
            <ns3:hr>141</ns3:hr>
            <ns3:cad>89</ns3:cad>
          </ns3:TrackPointExtension>
        </extensions>
      </trkpt>
      <trkpt lat="34.181036017835140228271484375" lon="108.9291783235967159271240234375">
        <ele>437.79998779296875</ele>
        <time>2026-08-19T23:01:04.000Z</time>
        <extensions>
          <ns3:TrackPointExtension>
            <ns3:hr>141</ns3:hr>
            <ns3:cad>88</ns3:cad>
          </ns3:TrackPointExtension>
        </extensions>
      </trkpt>
      <trkpt lat="34.181032665073871612548828125" lon="108.92915057949721813201904296875">
        <ele>437.79998779296875</ele>
        <time>2026-08-19T23:01:05.000Z</time>
        <extensions>
          <ns3:TrackPointExtension>
            <ns3:hr>141</ns3:hr>
            <ns3:cad>88</ns3:cad>
          </ns3:TrackPointExtension>
        </extensions>
      </trkpt>
      <trkpt lat="34.181034006178379058837890625" lon="108.92912342213094234466552734375">
        <ele>437.79998779296875</ele>
        <time>2026-08-19T23:01:06.000Z</time>
        <extensions>
          <ns3:TrackPointExtension>
            <ns3:hr>141</ns3:hr>
            <ns3:cad>88</ns3:cad>
          </ns3:TrackPointExtension>
        </extensions>
      </trkpt>
      <trkpt lat="34.18103341944515705108642578125" lon="108.92909710295498371124267578125">
        <ele>437.79998779296875</ele>
        <time>2026-08-19T23:01:07.000Z</time>
        <extensions>
          <ns3:TrackPointExtension>
            <ns3:hr>140</ns3:hr>
            <ns3:cad>88</ns3:cad>
          </ns3:TrackPointExtension>
        </extensions>
      </trkpt>
      <trkpt lat="34.18103677220642566680908203125" lon="108.92907514236867427825927734375">
        <ele>437.79998779296875</ele>
        <time>2026-08-19T23:01:08.000Z</time>
        <extensions>
          <ns3:TrackPointExtension>
            <ns3:hr>140</ns3:hr>
            <ns3:cad>89</ns3:cad>
          </ns3:TrackPointExtension>
        </extensions>
      </trkpt>
      <trkpt lat="34.1810412146151065826416015625" lon="108.92904463224112987518310546875">
        <ele>437.79998779296875</ele>
        <time>2026-08-19T23:01:09.000Z</time>
        <extensions>
          <ns3:TrackPointExtension>
            <ns3:hr>140</ns3:hr>
            <ns3:cad>89</ns3:cad>
          </ns3:TrackPointExtension>
        </extensions>
      </trkpt>
      <trkpt lat="34.18104599229991436004638671875" lon="108.9290209114551544189453125">
        <ele>437.79998779296875</ele>
        <time>2026-08-19T23:01:10.000Z</time>
        <extensions>
          <ns3:TrackPointExtension>
            <ns3:hr>140</ns3:hr>
            <ns3:cad>89</ns3:cad>
          </ns3:TrackPointExtension>
        </extensions>
      </trkpt>
      <trkpt lat="34.18104817159473896026611328125" lon="108.9289922453463077545166015625">
        <ele>437.79998779296875</ele>
        <time>2026-08-19T23:01:11.000Z</time>
        <extensions>
          <ns3:TrackPointExtension>
            <ns3:hr>140</ns3:hr>
            <ns3:cad>89</ns3:cad>
          </ns3:TrackPointExtension>
        </extensions>
      </trkpt>
      <trkpt lat="34.18105303309857845306396484375" lon="108.92896483652293682098388671875">
        <ele>437.79998779296875</ele>
        <time>2026-08-19T23:01:12.000Z</time>
        <extensions>
          <ns3:TrackPointExtension>
            <ns3:hr>140</ns3:hr>
            <ns3:cad>88</ns3:cad>
          </ns3:TrackPointExtension>
        </extensions>
      </trkpt>
      <trkpt lat="34.18105286546051502227783203125" lon="108.9289399422705173492431640625">
        <ele>437.79998779296875</ele>
        <time>2026-08-19T23:01:13.000Z</time>
        <extensions>
          <ns3:TrackPointExtension>
            <ns3:hr>139</ns3:hr>
            <ns3:cad>88</ns3:cad>
          </ns3:TrackPointExtension>
        </extensions>
      </trkpt>
      <trkpt lat="34.18106040917336940765380859375" lon="108.9289084263145923614501953125">
        <ele>437.79998779296875</ele>
        <time>2026-08-19T23:01:14.000Z</time>
        <extensions>
          <ns3:TrackPointExtension>
            <ns3:hr>139</ns3:hr>
            <ns3:cad>88</ns3:cad>
          </ns3:TrackPointExtension>
        </extensions>
      </trkpt>
      <trkpt lat="34.181066192686557769775390625" lon="108.9288859628140926361083984375">
        <ele>437.79998779296875</ele>
        <time>2026-08-19T23:01:15.000Z</time>
        <extensions>
          <ns3:TrackPointExtension>
            <ns3:hr>139</ns3:hr>
            <ns3:cad>88</ns3:cad>
          </ns3:TrackPointExtension>
        </extensions>
      </trkpt>
      <trkpt lat="34.18107314966619014739990234375" lon="108.92885553650557994842529296875">
        <ele>437.79998779296875</ele>
        <time>2026-08-19T23:01:16.000Z</time>
        <extensions>
          <ns3:TrackPointExtension>
            <ns3:hr>139</ns3:hr>
            <ns3:cad>88</ns3:cad>
          </ns3:TrackPointExtension>
        </extensions>
      </trkpt>
      <trkpt lat="34.18107918463647365570068359375" lon="108.9288304746150970458984375">
        <ele>437.79998779296875</ele>
        <time>2026-08-19T23:01:17.000Z</time>
        <extensions>
          <ns3:TrackPointExtension>
            <ns3:hr>139</ns3:hr>
            <ns3:cad>88</ns3:cad>
          </ns3:TrackPointExtension>
        </extensions>
      </trkpt>
      <trkpt lat="34.18108463287353515625" lon="108.9287961088120937347412109375">
        <ele>437.79998779296875</ele>
        <time>2026-08-19T23:01:18.000Z</time>
        <extensions>
          <ns3:TrackPointExtension>
            <ns3:hr>139</ns3:hr>
            <ns3:cad>87</ns3:cad>
          </ns3:TrackPointExtension>
        </extensions>
      </trkpt>
      <trkpt lat="34.181091003119945526123046875" lon="108.92877607606351375579833984375">
        <ele>437.79998779296875</ele>
        <time>2026-08-19T23:01:19.000Z</time>
        <extensions>
          <ns3:TrackPointExtension>
            <ns3:hr>139</ns3:hr>
            <ns3:cad>87</ns3:cad>
          </ns3:TrackPointExtension>
        </extensions>
      </trkpt>
      <trkpt lat="34.1810948587954044342041015625" lon="108.92874573357403278350830078125">
        <ele>437.79998779296875</ele>
        <time>2026-08-19T23:01:20.000Z</time>
        <extensions>
          <ns3:TrackPointExtension>
            <ns3:hr>139</ns3:hr>
            <ns3:cad>87</ns3:cad>
          </ns3:TrackPointExtension>
        </extensions>
      </trkpt>
      <trkpt lat="34.18109980411827564239501953125" lon="108.92872117459774017333984375">
        <ele>438</ele>
        <time>2026-08-19T23:01:21.000Z</time>
        <extensions>
          <ns3:TrackPointExtension>
            <ns3:hr>139</ns3:hr>
            <ns3:cad>87</ns3:cad>
          </ns3:TrackPointExtension>
        </extensions>
      </trkpt>
      <trkpt lat="34.181105755269527435302734375" lon="108.92869460396468639373779296875">
        <ele>437.79998779296875</ele>
        <time>2026-08-19T23:01:22.000Z</time>
        <extensions>
          <ns3:TrackPointExtension>
            <ns3:hr>139</ns3:hr>
            <ns3:cad>87</ns3:cad>
          </ns3:TrackPointExtension>
        </extensions>
      </trkpt>
      <trkpt lat="34.18111070059239864349365234375" lon="108.9286703802645206451416015625">
        <ele>437.79998779296875</ele>
        <time>2026-08-19T23:01:23.000Z</time>
        <extensions>
          <ns3:TrackPointExtension>
            <ns3:hr>139</ns3:hr>
            <ns3:cad>87</ns3:cad>
          </ns3:TrackPointExtension>
        </extensions>
      </trkpt>
      <trkpt lat="34.18111204169690608978271484375" lon="108.928641378879547119140625">
        <ele>438</ele>
        <time>2026-08-19T23:01:24.000Z</time>
        <extensions>
          <ns3:TrackPointExtension>
            <ns3:hr>138</ns3:hr>
            <ns3:cad>86</ns3:cad>
          </ns3:TrackPointExtension>
        </extensions>
      </trkpt>
      <trkpt lat="34.18111774139106273651123046875" lon="108.92861363478004932403564453125">
        <ele>437.79998779296875</ele>
        <time>2026-08-19T23:01:25.000Z</time>
        <extensions>
          <ns3:TrackPointExtension>
            <ns3:hr>139</ns3:hr>
            <ns3:cad>87</ns3:cad>
          </ns3:TrackPointExtension>
        </extensions>
      </trkpt>
      <trkpt lat="34.18111774139106273651123046875" lon="108.92859234474599361419677734375">
        <ele>437.79998779296875</ele>
        <time>2026-08-19T23:01:26.000Z</time>
        <extensions>
          <ns3:TrackPointExtension>
            <ns3:hr>138</ns3:hr>
            <ns3:cad>87</ns3:cad>
          </ns3:TrackPointExtension>
        </extensions>
      </trkpt>
      <trkpt lat="34.18111757375299930572509765625" lon="108.9285676181316375732421875">
        <ele>437.79998779296875</ele>
        <time>2026-08-19T23:01:27.000Z</time>
        <extensions>
          <ns3:TrackPointExtension>
            <ns3:hr>138</ns3:hr>
            <ns3:cad>87</ns3:cad>
          </ns3:TrackPointExtension>
        </extensions>
      </trkpt>
      <trkpt lat="34.1811181604862213134765625" lon="108.928545825183391571044921875">
        <ele>437.79998779296875</ele>
        <time>2026-08-19T23:01:28.000Z</time>
        <extensions>
          <ns3:TrackPointExtension>
            <ns3:hr>139</ns3:hr>
            <ns3:cad>87</ns3:cad>
          </ns3:TrackPointExtension>
        </extensions>
      </trkpt>
      <trkpt lat="34.18112293817102909088134765625" lon="108.92851875163614749908447265625">
        <ele>437.79998779296875</ele>
        <time>2026-08-19T23:01:29.000Z</time>
        <extensions>
          <ns3:TrackPointExtension>
            <ns3:hr>139</ns3:hr>
            <ns3:cad>89</ns3:cad>
          </ns3:TrackPointExtension>
        </extensions>
      </trkpt>
      <trkpt lat="34.18112260289490222930908203125" lon="108.92849410884082317352294921875">
        <ele>437.79998779296875</ele>
        <time>2026-08-19T23:01:30.000Z</time>
        <extensions>
          <ns3:TrackPointExtension>
            <ns3:hr>139</ns3:hr>
            <ns3:cad>88</ns3:cad>
          </ns3:TrackPointExtension>
        </extensions>
      </trkpt>
      <trkpt lat="34.18112712912261486053466796875" lon="108.92846561037003993988037109375">
        <ele>437.79998779296875</ele>
        <time>2026-08-19T23:01:31.000Z</time>
        <extensions>
          <ns3:TrackPointExtension>
            <ns3:hr>138</ns3:hr>
            <ns3:cad>88</ns3:cad>
          </ns3:TrackPointExtension>
        </extensions>
      </trkpt>
      <trkpt lat="34.1811287216842174530029296875" lon="108.9284457452595233917236328125">
        <ele>437.79998779296875</ele>
        <time>2026-08-19T23:01:32.000Z</time>
        <extensions>
          <ns3:TrackPointExtension>
            <ns3:hr>138</ns3:hr>
            <ns3:cad>88</ns3:cad>
          </ns3:TrackPointExtension>
        </extensions>
      </trkpt>
      <trkpt lat="34.1811344213783740997314453125" lon="108.92842118628323078155517578125">
        <ele>437.79998779296875</ele>
        <time>2026-08-19T23:01:33.000Z</time>
        <extensions>
          <ns3:TrackPointExtension>
            <ns3:hr>138</ns3:hr>
            <ns3:cad>89</ns3:cad>
          </ns3:TrackPointExtension>
        </extensions>
      </trkpt>
      <trkpt lat="34.1811382770538330078125" lon="108.9284008182585239410400390625">
        <ele>438</ele>
        <time>2026-08-19T23:01:34.000Z</time>
        <extensions>
          <ns3:TrackPointExtension>
            <ns3:hr>139</ns3:hr>
            <ns3:cad>89</ns3:cad>
          </ns3:TrackPointExtension>
        </extensions>
      </trkpt>
      <trkpt lat="34.1811448149383068084716796875" lon="108.9283718168735504150390625">
        <ele>438</ele>
        <time>2026-08-19T23:01:35.000Z</time>
        <extensions>
          <ns3:TrackPointExtension>
            <ns3:hr>138</ns3:hr>
            <ns3:cad>89</ns3:cad>
          </ns3:TrackPointExtension>
        </extensions>
      </trkpt>
      <trkpt lat="34.18114573694765567779541015625" lon="108.92835027538239955902099609375">
        <ele>438</ele>
        <time>2026-08-19T23:01:36.000Z</time>
        <extensions>
          <ns3:TrackPointExtension>
            <ns3:hr>139</ns3:hr>
            <ns3:cad>89</ns3:cad>
          </ns3:TrackPointExtension>
        </extensions>
      </trkpt>
      <trkpt lat="34.18115076608955860137939453125" lon="108.9283169992268085479736328125">
        <ele>437.79998779296875</ele>
        <time>2026-08-19T23:01:37.000Z</time>
        <extensions>
          <ns3:TrackPointExtension>
            <ns3:hr>139</ns3:hr>
            <ns3:cad>88</ns3:cad>
          </ns3:TrackPointExtension>
        </extensions>
      </trkpt>
      <trkpt lat="34.18114908970892429351806640625" lon="108.92829059623181819915771484375">
        <ele>437.79998779296875</ele>
        <time>2026-08-19T23:01:38.000Z</time>
        <extensions>
          <ns3:TrackPointExtension>
            <ns3:hr>139</ns3:hr>
            <ns3:cad>88</ns3:cad>
          </ns3:TrackPointExtension>
        </extensions>
      </trkpt>
      <trkpt lat="34.18115160427987575531005859375" lon="108.9282532967627048492431640625">
        <ele>438</ele>
        <time>2026-08-19T23:01:39.000Z</time>
        <extensions>
          <ns3:TrackPointExtension>
            <ns3:hr>139</ns3:hr>
            <ns3:cad>88</ns3:cad>
          </ns3:TrackPointExtension>
        </extensions>
      </trkpt>
      <trkpt lat="34.1811511851847171783447265625" lon="108.92822840251028537750244140625">
        <ele>438</ele>
        <time>2026-08-19T23:01:40.000Z</time>
        <extensions>
          <ns3:TrackPointExtension>
            <ns3:hr>138</ns3:hr>
            <ns3:cad>88</ns3:cad>
          </ns3:TrackPointExtension>
        </extensions>
      </trkpt>
      <trkpt lat="34.1811531968414783477783203125" lon="108.928197808563709259033203125">
        <ele>437.79998779296875</ele>
        <time>2026-08-19T23:01:41.000Z</time>
        <extensions>
          <ns3:TrackPointExtension>
            <ns3:hr>139</ns3:hr>
            <ns3:cad>89</ns3:cad>
          </ns3:TrackPointExtension>
        </extensions>
      </trkpt>
      <trkpt lat="34.1811555437743663787841796875" lon="108.92817123793065547943115234375">
        <ele>438</ele>
        <time>2026-08-19T23:01:42.000Z</time>
        <extensions>
          <ns3:TrackPointExtension>
            <ns3:hr>139</ns3:hr>
            <ns3:cad>89</ns3:cad>
          </ns3:TrackPointExtension>
        </extensions>
      </trkpt>
      <trkpt lat="34.18115747161209583282470703125" lon="108.92813980579376220703125">
        <ele>438</ele>
        <time>2026-08-19T23:01:43.000Z</time>
        <extensions>
          <ns3:TrackPointExtension>
            <ns3:hr>138</ns3:hr>
            <ns3:cad>89</ns3:cad>
          </ns3:TrackPointExtension>
        </extensions>
      </trkpt>
      <trkpt lat="34.18115847744047641754150390625" lon="108.92811424098908901214599609375">
        <ele>437.79998779296875</ele>
        <time>2026-08-19T23:01:44.000Z</time>
        <extensions>
          <ns3:TrackPointExtension>
            <ns3:hr>139</ns3:hr>
            <ns3:cad>89</ns3:cad>
          </ns3:TrackPointExtension>
        </extensions>
      </trkpt>
      <trkpt lat="34.181160070002079010009765625" lon="108.92808775417506694793701171875">
        <ele>437.79998779296875</ele>
        <time>2026-08-19T23:01:45.000Z</time>
        <extensions>
          <ns3:TrackPointExtension>
            <ns3:hr>139</ns3:hr>
            <ns3:cad>89</ns3:cad>
          </ns3:TrackPointExtension>
        </extensions>
      </trkpt>
      <trkpt lat="34.18116501532495021820068359375" lon="108.92806109972298145294189453125">
        <ele>438</ele>
        <time>2026-08-19T23:01:46.000Z</time>
        <extensions>
          <ns3:TrackPointExtension>
            <ns3:hr>139</ns3:hr>
            <ns3:cad>88</ns3:cad>
          </ns3:TrackPointExtension>
        </extensions>
      </trkpt>
      <trkpt lat="34.18117037974298000335693359375" lon="108.92803595401346683502197265625">
        <ele>438</ele>
        <time>2026-08-19T23:01:47.000Z</time>
        <extensions>
          <ns3:TrackPointExtension>
            <ns3:hr>139</ns3:hr>
            <ns3:cad>88</ns3:cad>
          </ns3:TrackPointExtension>
        </extensions>
      </trkpt>
      <trkpt lat="34.18117783963680267333984375" lon="108.92801315523684024810791015625">
        <ele>438</ele>
        <time>2026-08-19T23:01:48.000Z</time>
        <extensions>
          <ns3:TrackPointExtension>
            <ns3:hr>138</ns3:hr>
            <ns3:cad>88</ns3:cad>
          </ns3:TrackPointExtension>
        </extensions>
      </trkpt>
      <trkpt lat="34.18118513189256191253662109375" lon="108.92798901535570621490478515625">
        <ele>438</ele>
        <time>2026-08-19T23:01:49.000Z</time>
        <extensions>
          <ns3:TrackPointExtension>
            <ns3:hr>138</ns3:hr>
            <ns3:cad>88</ns3:cad>
          </ns3:TrackPointExtension>
        </extensions>
      </trkpt>
      <trkpt lat="34.18119435198605060577392578125" lon="108.927961103618144989013671875">
        <ele>438</ele>
        <time>2026-08-19T23:01:50.000Z</time>
        <extensions>
          <ns3:TrackPointExtension>
            <ns3:hr>138</ns3:hr>
            <ns3:cad>88</ns3:cad>
          </ns3:TrackPointExtension>
        </extensions>
      </trkpt>
      <trkpt lat="34.1811971180140972137451171875" lon="108.9279401488602161407470703125">
        <ele>438</ele>
        <time>2026-08-19T23:01:51.000Z</time>
        <extensions>
          <ns3:TrackPointExtension>
            <ns3:hr>138</ns3:hr>
            <ns3:cad>88</ns3:cad>
          </ns3:TrackPointExtension>
        </extensions>
      </trkpt>
      <trkpt lat="34.1812008060514926910400390625" lon="108.9279104769229888916015625">
        <ele>438</ele>
        <time>2026-08-19T23:01:52.000Z</time>
        <extensions>
          <ns3:TrackPointExtension>
            <ns3:hr>138</ns3:hr>
            <ns3:cad>88</ns3:cad>
          </ns3:TrackPointExtension>
        </extensions>
      </trkpt>
      <trkpt lat="34.181204997003078460693359375" lon="108.92789128236472606658935546875">
        <ele>438</ele>
        <time>2026-08-19T23:01:53.000Z</time>
        <extensions>
          <ns3:TrackPointExtension>
            <ns3:hr>138</ns3:hr>
            <ns3:cad>88</ns3:cad>
          </ns3:TrackPointExtension>
        </extensions>
      </trkpt>
      <trkpt lat="34.1812118701636791229248046875" lon="108.92786412499845027923583984375">
        <ele>438</ele>
        <time>2026-08-19T23:01:54.000Z</time>
        <extensions>
          <ns3:TrackPointExtension>
            <ns3:hr>139</ns3:hr>
            <ns3:cad>88</ns3:cad>
          </ns3:TrackPointExtension>
        </extensions>
      </trkpt>
      <trkpt lat="34.1812175698578357696533203125" lon="108.92784467898309230804443359375">
        <ele>438</ele>
        <time>2026-08-19T23:01:55.000Z</time>
        <extensions>
          <ns3:TrackPointExtension>
            <ns3:hr>138</ns3:hr>
            <ns3:cad>88</ns3:cad>
          </ns3:TrackPointExtension>
        </extensions>
      </trkpt>
      <trkpt lat="34.18121966533362865447998046875" lon="108.92781081609427928924560546875">
        <ele>438</ele>
        <time>2026-08-19T23:01:56.000Z</time>
        <extensions>
          <ns3:TrackPointExtension>
            <ns3:hr>139</ns3:hr>
            <ns3:cad>88</ns3:cad>
          </ns3:TrackPointExtension>
        </extensions>
      </trkpt>
      <trkpt lat="34.181221760809421539306640625" lon="108.92779170535504817962646484375">
        <ele>438</ele>
        <time>2026-08-19T23:01:57.000Z</time>
        <extensions>
          <ns3:TrackPointExtension>
            <ns3:hr>139</ns3:hr>
            <ns3:cad>87</ns3:cad>
          </ns3:TrackPointExtension>
        </extensions>
      </trkpt>
      <trkpt lat="34.1812262870371341705322265625" lon="108.92776429653167724609375">
        <ele>438</ele>
        <time>2026-08-19T23:01:58.000Z</time>
        <extensions>
          <ns3:TrackPointExtension>
            <ns3:hr>140</ns3:hr>
            <ns3:cad>87</ns3:cad>
          </ns3:TrackPointExtension>
        </extensions>
      </trkpt>
      <trkpt lat="34.18123207055032253265380859375" lon="108.92773546278476715087890625">
        <ele>438</ele>
        <time>2026-08-19T23:01:59.000Z</time>
        <extensions>
          <ns3:TrackPointExtension>
            <ns3:hr>140</ns3:hr>
            <ns3:cad>87</ns3:cad>
          </ns3:TrackPointExtension>
        </extensions>
      </trkpt>
      <trkpt lat="34.18123207055032253265380859375" lon="108.92771040089428424835205078125">
        <ele>438</ele>
        <time>2026-08-19T23:02:00.000Z</time>
        <extensions>
          <ns3:TrackPointExtension>
            <ns3:hr>140</ns3:hr>
            <ns3:cad>87</ns3:cad>
          </ns3:TrackPointExtension>
        </extensions>
      </trkpt>
      <trkpt lat="34.18123642913997173309326171875" lon="108.9276813156902790069580078125">
        <ele>438</ele>
        <time>2026-08-19T23:02:01.000Z</time>
        <extensions>
          <ns3:TrackPointExtension>
            <ns3:hr>140</ns3:hr>
            <ns3:cad>87</ns3:cad>
          </ns3:TrackPointExtension>
        </extensions>
      </trkpt>
      <trkpt lat="34.181234836578369140625" lon="108.927654325962066650390625">
        <ele>437.79998779296875</ele>
        <time>2026-08-19T23:02:02.000Z</time>
        <extensions>
          <ns3:TrackPointExtension>
            <ns3:hr>140</ns3:hr>
            <ns3:cad>87</ns3:cad>
          </ns3:TrackPointExtension>
        </extensions>
      </trkpt>
      <trkpt lat="34.1812400333583354949951171875" lon="108.92762691713869571685791015625">
        <ele>437.79998779296875</ele>
        <time>2026-08-19T23:02:03.000Z</time>
        <extensions>
          <ns3:TrackPointExtension>
            <ns3:hr>140</ns3:hr>
            <ns3:cad>87</ns3:cad>
          </ns3:TrackPointExtension>
        </extensions>
      </trkpt>
      <trkpt lat="34.18124263174831867218017578125" lon="108.92760336399078369140625">
        <ele>437.79998779296875</ele>
        <time>2026-08-19T23:02:04.000Z</time>
        <extensions>
          <ns3:TrackPointExtension>
            <ns3:hr>140</ns3:hr>
            <ns3:cad>87</ns3:cad>
          </ns3:TrackPointExtension>
        </extensions>
      </trkpt>
      <trkpt lat="34.18124757707118988037109375" lon="108.92757587134838104248046875">
        <ele>437.79998779296875</ele>
        <time>2026-08-19T23:02:05.000Z</time>
        <extensions>
          <ns3:TrackPointExtension>
            <ns3:hr>140</ns3:hr>
            <ns3:cad>87</ns3:cad>
          </ns3:TrackPointExtension>
        </extensions>
      </trkpt>
      <trkpt lat="34.18124866671860218048095703125" lon="108.92755231820046901702880859375">
        <ele>437.79998779296875</ele>
        <time>2026-08-19T23:02:06.000Z</time>
        <extensions>
          <ns3:TrackPointExtension>
            <ns3:hr>140</ns3:hr>
            <ns3:cad>88</ns3:cad>
          </ns3:TrackPointExtension>
        </extensions>
      </trkpt>
      <trkpt lat="34.18125168420374393463134765625" lon="108.92751979641616344451904296875">
        <ele>437.600006103515625</ele>
        <time>2026-08-19T23:02:07.000Z</time>
        <extensions>
          <ns3:TrackPointExtension>
            <ns3:hr>140</ns3:hr>
            <ns3:cad>88</ns3:cad>
          </ns3:TrackPointExtension>
        </extensions>
      </trkpt>
      <trkpt lat="34.18125285767018795013427734375" lon="108.92749347724020481109619140625">
        <ele>437.600006103515625</ele>
        <time>2026-08-19T23:02:08.000Z</time>
        <extensions>
          <ns3:TrackPointExtension>
            <ns3:hr>140</ns3:hr>
            <ns3:cad>88</ns3:cad>
          </ns3:TrackPointExtension>
        </extensions>
      </trkpt>
      <trkpt lat="34.181257970631122589111328125" lon="108.927458189427852630615234375">
        <ele>437.600006103515625</ele>
        <time>2026-08-19T23:02:09.000Z</time>
        <extensions>
          <ns3:TrackPointExtension>
            <ns3:hr>141</ns3:hr>
            <ns3:cad>88</ns3:cad>
          </ns3:TrackPointExtension>
        </extensions>
      </trkpt>
      <trkpt lat="34.181257300078868865966796875" lon="108.9274352230131626129150390625">
        <ele>437.600006103515625</ele>
        <time>2026-08-19T23:02:10.000Z</time>
        <extensions>
          <ns3:TrackPointExtension>
            <ns3:hr>141</ns3:hr>
            <ns3:cad>88</ns3:cad>
          </ns3:TrackPointExtension>
        </extensions>
      </trkpt>
      <trkpt lat="34.18126056902110576629638671875" lon="108.92740597017109394073486328125">
        <ele>437.600006103515625</ele>
        <time>2026-08-19T23:02:11.000Z</time>
        <extensions>
          <ns3:TrackPointExtension>
            <ns3:hr>141</ns3:hr>
            <ns3:cad>89</ns3:cad>
          </ns3:TrackPointExtension>
        </extensions>
      </trkpt>
      <trkpt lat="34.18126367032527923583984375" lon="108.92738451249897480010986328125">
        <ele>437.600006103515625</ele>
        <time>2026-08-19T23:02:12.000Z</time>
        <extensions>
          <ns3:TrackPointExtension>
            <ns3:hr>140</ns3:hr>
            <ns3:cad>89</ns3:cad>
          </ns3:TrackPointExtension>
        </extensions>
      </trkpt>
      <trkpt lat="34.181268028914928436279296875" lon="108.9273567683994770050048828125">
        <ele>437.600006103515625</ele>
        <time>2026-08-19T23:02:13.000Z</time>
        <extensions>
          <ns3:TrackPointExtension>
            <ns3:hr>140</ns3:hr>
            <ns3:cad>89</ns3:cad>
          </ns3:TrackPointExtension>
        </extensions>
      </trkpt>
      <trkpt lat="34.18127163313329219818115234375" lon="108.92733338288962841033935546875">
        <ele>437.600006103515625</ele>
        <time>2026-08-19T23:02:14.000Z</time>
        <extensions>
          <ns3:TrackPointExtension>
            <ns3:hr>141</ns3:hr>
            <ns3:cad>88</ns3:cad>
          </ns3:TrackPointExtension>
        </extensions>
      </trkpt>
      <trkpt lat="34.1812705434858798980712890625" lon="108.92730874009430408477783203125">
        <ele>437.399993896484375</ele>
        <time>2026-08-19T23:02:15.000Z</time>
        <extensions>
          <ns3:TrackPointExtension>
            <ns3:hr>141</ns3:hr>
            <ns3:cad>87</ns3:cad>
          </ns3:TrackPointExtension>
        </extensions>
      </trkpt>
      <trkpt lat="34.181275069713592529296875" lon="108.92728460021317005157470703125">
        <ele>437.399993896484375</ele>
        <time>2026-08-19T23:02:16.000Z</time>
        <extensions>
          <ns3:TrackPointExtension>
            <ns3:hr>141</ns3:hr>
            <ns3:cad>87</ns3:cad>
          </ns3:TrackPointExtension>
        </extensions>
      </trkpt>
      <trkpt lat="34.18127615936100482940673828125" lon="108.92726280726492404937744140625">
        <ele>437.399993896484375</ele>
        <time>2026-08-19T23:02:17.000Z</time>
        <extensions>
          <ns3:TrackPointExtension>
            <ns3:hr>141</ns3:hr>
            <ns3:cad>87</ns3:cad>
          </ns3:TrackPointExtension>
        </extensions>
      </trkpt>
      <trkpt lat="34.18128118850290775299072265625" lon="108.9272330515086650848388671875">
        <ele>437.20001220703125</ele>
        <time>2026-08-19T23:02:18.000Z</time>
        <extensions>
          <ns3:TrackPointExtension>
            <ns3:hr>141</ns3:hr>
            <ns3:cad>87</ns3:cad>
          </ns3:TrackPointExtension>
        </extensions>
      </trkpt>
      <trkpt lat="34.18128269724547863006591796875" lon="108.92720899544656276702880859375">
        <ele>437.20001220703125</ele>
        <time>2026-08-19T23:02:19.000Z</time>
        <extensions>
          <ns3:TrackPointExtension>
            <ns3:hr>141</ns3:hr>
            <ns3:cad>87</ns3:cad>
          </ns3:TrackPointExtension>
        </extensions>
      </trkpt>
      <trkpt lat="34.18129024095833301544189453125" lon="108.92717898823320865631103515625">
        <ele>437.20001220703125</ele>
        <time>2026-08-19T23:02:20.000Z</time>
        <extensions>
          <ns3:TrackPointExtension>
            <ns3:hr>141</ns3:hr>
            <ns3:cad>87</ns3:cad>
          </ns3:TrackPointExtension>
        </extensions>
      </trkpt>
      <trkpt lat="34.18129359371960163116455078125" lon="108.9271569438278675079345703125">
        <ele>437.20001220703125</ele>
        <time>2026-08-19T23:02:21.000Z</time>
        <extensions>
          <ns3:TrackPointExtension>
            <ns3:hr>140</ns3:hr>
            <ns3:cad>87</ns3:cad>
          </ns3:TrackPointExtension>
        </extensions>
      </trkpt>
      <trkpt lat="34.18129996396601200103759765625" lon="108.9271341450512409210205078125">
        <ele>437.20001220703125</ele>
        <time>2026-08-19T23:02:22.000Z</time>
        <extensions>
          <ns3:TrackPointExtension>
            <ns3:hr>139</ns3:hr>
            <ns3:cad>87</ns3:cad>
          </ns3:TrackPointExtension>
        </extensions>
      </trkpt>
      <trkpt lat="34.18130516074597835540771484375" lon="108.92711075954139232635498046875">
        <ele>437.20001220703125</ele>
        <time>2026-08-19T23:02:23.000Z</time>
        <extensions>
          <ns3:TrackPointExtension>
            <ns3:hr>138</ns3:hr>
            <ns3:cad>87</ns3:cad>
          </ns3:TrackPointExtension>
        </extensions>
      </trkpt>
      <trkpt lat="34.1813059151172637939453125" lon="108.92708678729832172393798828125">
        <ele>437.20001220703125</ele>
        <time>2026-08-19T23:02:24.000Z</time>
        <extensions>
          <ns3:TrackPointExtension>
            <ns3:hr>138</ns3:hr>
            <ns3:cad>86</ns3:cad>
          </ns3:TrackPointExtension>
        </extensions>
      </trkpt>
      <trkpt lat="34.1813127882778644561767578125" lon="108.92705962993204593658447265625">
        <ele>437</ele>
        <time>2026-08-19T23:02:25.000Z</time>
        <extensions>
          <ns3:TrackPointExtension>
            <ns3:hr>138</ns3:hr>
            <ns3:cad>86</ns3:cad>
          </ns3:TrackPointExtension>
        </extensions>
      </trkpt>
      <trkpt lat="34.18131329119205474853515625" lon="108.92703800462186336517333984375">
        <ele>437</ele>
        <time>2026-08-19T23:02:26.000Z</time>
        <extensions>
          <ns3:TrackPointExtension>
            <ns3:hr>137</ns3:hr>
            <ns3:cad>86</ns3:cad>
          </ns3:TrackPointExtension>
        </extensions>
      </trkpt>
      <trkpt lat="34.1813245229423046112060546875" lon="108.92700967378914356231689453125">
        <ele>436.79998779296875</ele>
        <time>2026-08-19T23:02:27.000Z</time>
        <extensions>
          <ns3:TrackPointExtension>
            <ns3:hr>137</ns3:hr>
            <ns3:cad>86</ns3:cad>
          </ns3:TrackPointExtension>
        </extensions>
      </trkpt>
      <trkpt lat="34.1813381016254425048828125" lon="108.92701126635074615478515625">
        <ele>436.79998779296875</ele>
        <time>2026-08-19T23:02:28.000Z</time>
        <extensions>
          <ns3:TrackPointExtension>
            <ns3:hr>136</ns3:hr>
            <ns3:cad>86</ns3:cad>
          </ns3:TrackPointExtension>
        </extensions>
      </trkpt>
      <trkpt lat="34.181339107453823089599609375" lon="108.9270352385938167572021484375">
        <ele>436.79998779296875</ele>
        <time>2026-08-19T23:02:29.000Z</time>
        <extensions>
          <ns3:TrackPointExtension>
            <ns3:hr>136</ns3:hr>
            <ns3:cad>86</ns3:cad>
          </ns3:TrackPointExtension>
        </extensions>
      </trkpt>
      <trkpt lat="34.1813305579125881195068359375" lon="108.9270533435046672821044921875">
        <ele>436.79998779296875</ele>
        <time>2026-08-19T23:02:30.000Z</time>
        <extensions>
          <ns3:TrackPointExtension>
            <ns3:hr>136</ns3:hr>
            <ns3:cad>86</ns3:cad>
          </ns3:TrackPointExtension>
        </extensions>
      </trkpt>
      <trkpt lat="34.18132963590323925018310546875" lon="108.92708276398479938507080078125">
        <ele>436.79998779296875</ele>
        <time>2026-08-19T23:02:31.000Z</time>
        <extensions>
          <ns3:TrackPointExtension>
            <ns3:hr>137</ns3:hr>
            <ns3:cad>86</ns3:cad>
          </ns3:TrackPointExtension>
        </extensions>
      </trkpt>
      <trkpt lat="34.18132670223712921142578125" lon="108.9271143637597560882568359375">
        <ele>437</ele>
        <time>2026-08-19T23:02:32.000Z</time>
        <extensions>
          <ns3:TrackPointExtension>
            <ns3:hr>137</ns3:hr>
            <ns3:cad>85</ns3:cad>
          </ns3:TrackPointExtension>
        </extensions>
      </trkpt>
      <trkpt lat="34.18132510967552661895751953125" lon="108.92714411951601505279541015625">
        <ele>437</ele>
        <time>2026-08-19T23:02:33.000Z</time>
        <extensions>
          <ns3:TrackPointExtension>
            <ns3:hr>137</ns3:hr>
            <ns3:cad>85</ns3:cad>
          </ns3:TrackPointExtension>
        </extensions>
      </trkpt>
      <trkpt lat="34.18132058344781398773193359375" lon="108.92717546783387660980224609375">
        <ele>437</ele>
        <time>2026-08-19T23:02:34.000Z</time>
        <extensions>
          <ns3:TrackPointExtension>
            <ns3:hr>136</ns3:hr>
            <ns3:cad>85</ns3:cad>
          </ns3:TrackPointExtension>
        </extensions>
      </trkpt>
      <trkpt lat="34.18131756596267223358154296875" lon="108.92719675786793231964111328125">
        <ele>437</ele>
        <time>2026-08-19T23:02:35.000Z</time>
        <extensions>
          <ns3:TrackPointExtension>
            <ns3:hr>136</ns3:hr>
            <ns3:cad>85</ns3:cad>
          </ns3:TrackPointExtension>
        </extensions>
      </trkpt>
      <trkpt lat="34.18130524456501007080078125" lon="108.92722710035741329193115234375">
        <ele>437.20001220703125</ele>
        <time>2026-08-19T23:02:36.000Z</time>
        <extensions>
          <ns3:TrackPointExtension>
            <ns3:hr>136</ns3:hr>
            <ns3:cad>87</ns3:cad>
          </ns3:TrackPointExtension>
        </extensions>
      </trkpt>
      <trkpt lat="34.181304909288883209228515625" lon="108.9272410981357097625732421875">
        <ele>437.20001220703125</ele>
        <time>2026-08-19T23:02:37.000Z</time>
        <extensions>
          <ns3:TrackPointExtension>
            <ns3:hr>136</ns3:hr>
            <ns3:cad>88</ns3:cad>
          </ns3:TrackPointExtension>
        </extensions>
      </trkpt>
      <trkpt lat="34.181300215423107147216796875" lon="108.9272699318826198577880859375">
        <ele>437.20001220703125</ele>
        <time>2026-08-19T23:02:38.000Z</time>
        <extensions>
          <ns3:TrackPointExtension>
            <ns3:hr>136</ns3:hr>
            <ns3:cad>88</ns3:cad>
          </ns3:TrackPointExtension>
        </extensions>
      </trkpt>
      <trkpt lat="34.18129527010023593902587890625" lon="108.927293904125690460205078125">
        <ele>437.20001220703125</ele>
        <time>2026-08-19T23:02:39.000Z</time>
        <extensions>
          <ns3:TrackPointExtension>
            <ns3:hr>137</ns3:hr>
            <ns3:cad>88</ns3:cad>
          </ns3:TrackPointExtension>
        </extensions>
      </trkpt>
      <trkpt lat="34.181296527385711669921875" lon="108.92731829546391963958740234375">
        <ele>437.399993896484375</ele>
        <time>2026-08-19T23:02:40.000Z</time>
        <extensions>
          <ns3:TrackPointExtension>
            <ns3:hr>136</ns3:hr>
            <ns3:cad>87</ns3:cad>
          </ns3:TrackPointExtension>
        </extensions>
      </trkpt>
      <trkpt lat="34.1812963597476482391357421875" lon="108.9273460395634174346923828125">
        <ele>437.399993896484375</ele>
        <time>2026-08-19T23:02:41.000Z</time>
        <extensions>
          <ns3:TrackPointExtension>
            <ns3:hr>136</ns3:hr>
            <ns3:cad>86</ns3:cad>
          </ns3:TrackPointExtension>
        </extensions>
      </trkpt>
      <trkpt lat="34.18129376135766506195068359375" lon="108.92736607231199741363525390625">
        <ele>437.399993896484375</ele>
        <time>2026-08-19T23:02:42.000Z</time>
        <extensions>
          <ns3:TrackPointExtension>
            <ns3:hr>137</ns3:hr>
            <ns3:cad>86</ns3:cad>
          </ns3:TrackPointExtension>
        </extensions>
      </trkpt>
      <trkpt lat="34.18129074387252330780029296875" lon="108.92739675007760524749755859375">
        <ele>437.399993896484375</ele>
        <time>2026-08-19T23:02:43.000Z</time>
        <extensions>
          <ns3:TrackPointExtension>
            <ns3:hr>136</ns3:hr>
            <ns3:cad>86</ns3:cad>
          </ns3:TrackPointExtension>
        </extensions>
      </trkpt>
      <trkpt lat="34.18128605000674724578857421875" lon="108.9274157769978046417236328125">
        <ele>437.399993896484375</ele>
        <time>2026-08-19T23:02:44.000Z</time>
        <extensions>
          <ns3:TrackPointExtension>
            <ns3:hr>136</ns3:hr>
            <ns3:cad>88</ns3:cad>
          </ns3:TrackPointExtension>
        </extensions>
      </trkpt>
      <trkpt lat="34.18127682991325855255126953125" lon="108.9274151064455509185791015625">
        <ele>437.399993896484375</ele>
        <time>2026-08-19T23:02:45.000Z</time>
        <extensions>
          <ns3:TrackPointExtension>
            <ns3:hr>137</ns3:hr>
            <ns3:cad>88</ns3:cad>
          </ns3:TrackPointExtension>
        </extensions>
      </trkpt>
      <trkpt lat="34.18128152377903461456298828125" lon="108.9274030365049839019775390625">
        <ele>437.399993896484375</ele>
        <time>2026-08-19T23:02:46.000Z</time>
        <extensions>
          <ns3:TrackPointExtension>
            <ns3:hr>136</ns3:hr>
            <ns3:cad>87</ns3:cad>
          </ns3:TrackPointExtension>
        </extensions>
      </trkpt>
      <trkpt lat="34.181280098855495452880859375" lon="108.9273899607360363006591796875">
        <ele>437.399993896484375</ele>
        <time>2026-08-19T23:02:47.000Z</time>
        <extensions>
          <ns3:TrackPointExtension>
            <ns3:hr>136</ns3:hr>
            <ns3:cad>87</ns3:cad>
          </ns3:TrackPointExtension>
        </extensions>
      </trkpt>
      <trkpt lat="34.18128512799739837646484375" lon="108.92736640758812427520751953125">
        <ele>437.399993896484375</ele>
        <time>2026-08-19T23:02:48.000Z</time>
        <extensions>
          <ns3:TrackPointExtension>
            <ns3:hr>137</ns3:hr>
            <ns3:cad>86</ns3:cad>
          </ns3:TrackPointExtension>
        </extensions>
      </trkpt>
      <trkpt lat="34.1812886483967304229736328125" lon="108.9273514039814472198486328125">
        <ele>437.399993896484375</ele>
        <time>2026-08-19T23:02:49.000Z</time>
        <extensions>
          <ns3:TrackPointExtension>
            <ns3:hr>136</ns3:hr>
            <ns3:cad>86</ns3:cad>
          </ns3:TrackPointExtension>
        </extensions>
      </trkpt>
      <trkpt lat="34.1812898218631744384765625" lon="108.92732935957610607147216796875">
        <ele>437.399993896484375</ele>
        <time>2026-08-19T23:02:50.000Z</time>
        <extensions>
          <ns3:TrackPointExtension>
            <ns3:hr>136</ns3:hr>
            <ns3:cad>86</ns3:cad>
          </ns3:TrackPointExtension>
        </extensions>
      </trkpt>
      <trkpt lat="34.1812943480908870697021484375" lon="108.92730186693370342254638671875">
        <ele>437.399993896484375</ele>
        <time>2026-08-19T23:02:51.000Z</time>
        <extensions>
          <ns3:TrackPointExtension>
            <ns3:hr>136</ns3:hr>
            <ns3:cad>86</ns3:cad>
          </ns3:TrackPointExtension>
        </extensions>
      </trkpt>
      <trkpt lat="34.1812978684902191162109375" lon="108.9272806607186794281005859375">
        <ele>437.20001220703125</ele>
        <time>2026-08-19T23:02:52.000Z</time>
        <extensions>
          <ns3:TrackPointExtension>
            <ns3:hr>136</ns3:hr>
            <ns3:cad>86</ns3:cad>
          </ns3:TrackPointExtension>
        </extensions>
      </trkpt>
      <trkpt lat="34.18130164034664630889892578125" lon="108.92724864184856414794921875">
        <ele>437.20001220703125</ele>
        <time>2026-08-19T23:02:53.000Z</time>
        <extensions>
          <ns3:TrackPointExtension>
            <ns3:hr>136</ns3:hr>
            <ns3:cad>84</ns3:cad>
          </ns3:TrackPointExtension>
        </extensions>
      </trkpt>
      <trkpt lat="34.18130926787853240966796875" lon="108.92722626216709613800048828125">
        <ele>437.20001220703125</ele>
        <time>2026-08-19T23:02:54.000Z</time>
        <extensions>
          <ns3:TrackPointExtension>
            <ns3:hr>136</ns3:hr>
            <ns3:cad>85</ns3:cad>
          </ns3:TrackPointExtension>
        </extensions>
      </trkpt>
      <trkpt lat="34.1813040710985660552978515625" lon="108.92720111645758152008056640625">
        <ele>437.20001220703125</ele>
        <time>2026-08-19T23:02:55.000Z</time>
        <extensions>
          <ns3:TrackPointExtension>
            <ns3:hr>136</ns3:hr>
            <ns3:cad>85</ns3:cad>
          </ns3:TrackPointExtension>
        </extensions>
      </trkpt>
      <trkpt lat="34.18128889985382556915283203125" lon="108.92718066461384296417236328125">
        <ele>437</ele>
        <time>2026-08-19T23:02:56.000Z</time>
        <extensions>
          <ns3:TrackPointExtension>
            <ns3:hr>136</ns3:hr>
            <ns3:cad>85</ns3:cad>
          </ns3:TrackPointExtension>
        </extensions>
      </trkpt>
      <trkpt lat="34.18126610107719898223876953125" lon="108.92717379145324230194091796875">
        <ele>437</ele>
        <time>2026-08-19T23:02:57.000Z</time>
        <extensions>
          <ns3:TrackPointExtension>
            <ns3:hr>137</ns3:hr>
            <ns3:cad>85</ns3:cad>
          </ns3:TrackPointExtension>
        </extensions>
      </trkpt>
      <trkpt lat="34.1812361776828765869140625" lon="108.92716239206492900848388671875">
        <ele>437</ele>
        <time>2026-08-19T23:02:58.000Z</time>
        <extensions>
          <ns3:TrackPointExtension>
            <ns3:hr>136</ns3:hr>
            <ns3:cad>85</ns3:cad>
          </ns3:TrackPointExtension>
        </extensions>
      </trkpt>
      <trkpt lat="34.1812152229249477386474609375" lon="108.927156440913677215576171875">
        <ele>437</ele>
        <time>2026-08-19T23:02:59.000Z</time>
        <extensions>
          <ns3:TrackPointExtension>
            <ns3:hr>136</ns3:hr>
            <ns3:cad>85</ns3:cad>
          </ns3:TrackPointExtension>
        </extensions>
      </trkpt>
      <trkpt lat="34.1811877302825450897216796875" lon="108.92714847810566425323486328125">
        <ele>437</ele>
        <time>2026-08-19T23:03:00.000Z</time>
        <extensions>
          <ns3:TrackPointExtension>
            <ns3:hr>136</ns3:hr>
            <ns3:cad>85</ns3:cad>
          </ns3:TrackPointExtension>
        </extensions>
      </trkpt>
      <trkpt lat="34.1811706312000751495361328125" lon="108.92714344896376132965087890625">
        <ele>437</ele>
        <time>2026-08-19T23:03:01.000Z</time>
        <extensions>
          <ns3:TrackPointExtension>
            <ns3:hr>136</ns3:hr>
            <ns3:cad>85</ns3:cad>
          </ns3:TrackPointExtension>
        </extensions>
      </trkpt>
      <trkpt lat="34.18114154599606990814208984375" lon="108.9271348156034946441650390625">
        <ele>437</ele>
        <time>2026-08-19T23:03:02.000Z</time>
        <extensions>
          <ns3:TrackPointExtension>
            <ns3:hr>136</ns3:hr>
            <ns3:cad>86</ns3:cad>
          </ns3:TrackPointExtension>
        </extensions>
      </trkpt>
      <trkpt lat="34.181121848523616790771484375" lon="108.92713137902319431304931640625">
        <ele>437</ele>
        <time>2026-08-19T23:03:03.000Z</time>
        <extensions>
          <ns3:TrackPointExtension>
            <ns3:hr>137</ns3:hr>
            <ns3:cad>88</ns3:cad>
          </ns3:TrackPointExtension>
        </extensions>
      </trkpt>
      <trkpt lat="34.1810908354818820953369140625" lon="108.92712249420583248138427734375">
        <ele>437.20001220703125</ele>
        <time>2026-08-19T23:03:04.000Z</time>
        <extensions>
          <ns3:TrackPointExtension>
            <ns3:hr>137</ns3:hr>
            <ns3:cad>88</ns3:cad>
          </ns3:TrackPointExtension>
        </extensions>
      </trkpt>
      <trkpt lat="34.18106912635266780853271484375" lon="108.927117884159088134765625">
        <ele>437.20001220703125</ele>
        <time>2026-08-19T23:03:05.000Z</time>
        <extensions>
          <ns3:TrackPointExtension>
            <ns3:hr>137</ns3:hr>
            <ns3:cad>88</ns3:cad>
          </ns3:TrackPointExtension>
        </extensions>
      </trkpt>
      <trkpt lat="34.181039370596408843994140625" lon="108.92710891552269458770751953125">
        <ele>437.20001220703125</ele>
        <time>2026-08-19T23:03:06.000Z</time>
        <extensions>
          <ns3:TrackPointExtension>
            <ns3:hr>137</ns3:hr>
            <ns3:cad>88</ns3:cad>
          </ns3:TrackPointExtension>
        </extensions>
      </trkpt>
      <trkpt lat="34.181019924581050872802734375" lon="108.9271009527146816253662109375">
        <ele>437.20001220703125</ele>
        <time>2026-08-19T23:03:07.000Z</time>
        <extensions>
          <ns3:TrackPointExtension>
            <ns3:hr>137</ns3:hr>
            <ns3:cad>88</ns3:cad>
          </ns3:TrackPointExtension>
        </extensions>
      </trkpt>
      <trkpt lat="34.1809939406812191009521484375" lon="108.92710153944790363311767578125">
        <ele>437.20001220703125</ele>
        <time>2026-08-19T23:03:08.000Z</time>
        <extensions>
          <ns3:TrackPointExtension>
            <ns3:hr>137</ns3:hr>
            <ns3:cad>88</ns3:cad>
          </ns3:TrackPointExtension>
        </extensions>
      </trkpt>
      <trkpt lat="34.180975668132305145263671875" lon="108.927103467285633087158203125">
        <ele>437</ele>
        <time>2026-08-19T23:03:09.000Z</time>
        <extensions>
          <ns3:TrackPointExtension>
            <ns3:hr>138</ns3:hr>
            <ns3:cad>88</ns3:cad>
          </ns3:TrackPointExtension>
        </extensions>
      </trkpt>
      <trkpt lat="34.1809510253369808197021484375" lon="108.92709952779114246368408203125">
        <ele>437</ele>
        <time>2026-08-19T23:03:10.000Z</time>
        <extensions>
          <ns3:TrackPointExtension>
            <ns3:hr>138</ns3:hr>
            <ns3:cad>88</ns3:cad>
          </ns3:TrackPointExtension>
        </extensions>
      </trkpt>
      <trkpt lat="34.18093266896903514862060546875" lon="108.9270870387554168701171875">
        <ele>437</ele>
        <time>2026-08-19T23:03:11.000Z</time>
        <extensions>
          <ns3:TrackPointExtension>
            <ns3:hr>138</ns3:hr>
            <ns3:cad>88</ns3:cad>
          </ns3:TrackPointExtension>
        </extensions>
      </trkpt>
      <trkpt lat="34.1809134744107723236083984375" lon="108.92707924358546733856201171875">
        <ele>437</ele>
        <time>2026-08-19T23:03:12.000Z</time>
        <extensions>
          <ns3:TrackPointExtension>
            <ns3:hr>140</ns3:hr>
            <ns3:cad>88</ns3:cad>
          </ns3:TrackPointExtension>
        </extensions>
      </trkpt>
      <trkpt lat="34.18089075945317745208740234375" lon="108.92705912701785564422607421875">
        <ele>437</ele>
        <time>2026-08-19T23:03:13.000Z</time>
        <extensions>
          <ns3:TrackPointExtension>
            <ns3:hr>141</ns3:hr>
            <ns3:cad>88</ns3:cad>
          </ns3:TrackPointExtension>
        </extensions>
      </trkpt>
      <trkpt lat="34.180879108607769012451171875" lon="108.92704269848763942718505859375">
        <ele>437</ele>
        <time>2026-08-19T23:03:14.000Z</time>
        <extensions>
          <ns3:TrackPointExtension>
            <ns3:hr>141</ns3:hr>
            <ns3:cad>88</ns3:cad>
          </ns3:TrackPointExtension>
        </extensions>
      </trkpt>
      <trkpt lat="34.180859662592411041259765625" lon="108.9270137809216976165771484375">
        <ele>437</ele>
        <time>2026-08-19T23:03:15.000Z</time>
        <extensions>
          <ns3:TrackPointExtension>
            <ns3:hr>140</ns3:hr>
            <ns3:cad>88</ns3:cad>
          </ns3:TrackPointExtension>
        </extensions>
      </trkpt>
      <trkpt lat="34.1808474250137805938720703125" lon="108.92700196243822574615478515625">
        <ele>437</ele>
        <time>2026-08-19T23:03:16.000Z</time>
        <extensions>
          <ns3:TrackPointExtension>
            <ns3:hr>140</ns3:hr>
            <ns3:cad>88</ns3:cad>
          </ns3:TrackPointExtension>
        </extensions>
      </trkpt>
      <trkpt lat="34.18082538060843944549560546875" lon="108.92698938958346843719482421875">
        <ele>437</ele>
        <time>2026-08-19T23:03:17.000Z</time>
        <extensions>
          <ns3:TrackPointExtension>
            <ns3:hr>139</ns3:hr>
            <ns3:cad>87</ns3:cad>
          </ns3:TrackPointExtension>
        </extensions>
      </trkpt>
      <trkpt lat="34.1808108799159526824951171875" lon="108.92698134295642375946044921875">
        <ele>437</ele>
        <time>2026-08-19T23:03:18.000Z</time>
        <extensions>
          <ns3:TrackPointExtension>
            <ns3:hr>138</ns3:hr>
            <ns3:cad>87</ns3:cad>
          </ns3:TrackPointExtension>
        </extensions>
      </trkpt>
      <trkpt lat="34.1807894222438335418701171875" lon="108.926980756223201751708984375">
        <ele>437</ele>
        <time>2026-08-19T23:03:19.000Z</time>
        <extensions>
          <ns3:TrackPointExtension>
            <ns3:hr>138</ns3:hr>
            <ns3:cad>87</ns3:cad>
          </ns3:TrackPointExtension>
        </extensions>
      </trkpt>
      <trkpt lat="34.18076972477138042449951171875" lon="108.92697882838547229766845703125">
        <ele>437</ele>
        <time>2026-08-19T23:03:20.000Z</time>
        <extensions>
          <ns3:TrackPointExtension>
            <ns3:hr>139</ns3:hr>
            <ns3:cad>87</ns3:cad>
          </ns3:TrackPointExtension>
        </extensions>
      </trkpt>
      <trkpt lat="34.18074709363281726837158203125" lon="108.926982767879962921142578125">
        <ele>437</ele>
        <time>2026-08-19T23:03:21.000Z</time>
        <extensions>
          <ns3:TrackPointExtension>
            <ns3:hr>139</ns3:hr>
            <ns3:cad>87</ns3:cad>
          </ns3:TrackPointExtension>
        </extensions>
      </trkpt>
      <trkpt lat="34.1807273961603641510009765625" lon="108.92698117531836032867431640625">
        <ele>437.20001220703125</ele>
        <time>2026-08-19T23:03:22.000Z</time>
        <extensions>
          <ns3:TrackPointExtension>
            <ns3:hr>139</ns3:hr>
            <ns3:cad>87</ns3:cad>
          </ns3:TrackPointExtension>
        </extensions>
      </trkpt>
      <trkpt lat="34.1807076148688793182373046875" lon="108.9269856177270412445068359375">
        <ele>437.20001220703125</ele>
        <time>2026-08-19T23:03:23.000Z</time>
        <extensions>
          <ns3:TrackPointExtension>
            <ns3:hr>139</ns3:hr>
            <ns3:cad>87</ns3:cad>
          </ns3:TrackPointExtension>
        </extensions>
      </trkpt>
      <trkpt lat="34.1806885041296482086181640625" lon="108.92698452807962894439697265625">
        <ele>437.20001220703125</ele>
        <time>2026-08-19T23:03:24.000Z</time>
        <extensions>
          <ns3:TrackPointExtension>
            <ns3:hr>139</ns3:hr>
            <ns3:cad>87</ns3:cad>
          </ns3:TrackPointExtension>
        </extensions>
      </trkpt>
      <trkpt lat="34.18067215941846370697021484375" lon="108.9269879646599292755126953125">
        <ele>437.20001220703125</ele>
        <time>2026-08-19T23:03:25.000Z</time>
        <extensions>
          <ns3:TrackPointExtension>
            <ns3:hr>139</ns3:hr>
            <ns3:cad>87</ns3:cad>
          </ns3:TrackPointExtension>
        </extensions>
      </trkpt>
      <trkpt lat="34.1806489415466785430908203125" lon="108.926988802850246429443359375">
        <ele>437.399993896484375</ele>
        <time>2026-08-19T23:03:26.000Z</time>
        <extensions>
          <ns3:TrackPointExtension>
            <ns3:hr>138</ns3:hr>
            <ns3:cad>88</ns3:cad>
          </ns3:TrackPointExtension>
        </extensions>
      </trkpt>
      <trkpt lat="34.1806311719119548797607421875" lon="108.92699207179248332977294921875">
        <ele>437.399993896484375</ele>
        <time>2026-08-19T23:03:27.000Z</time>
        <extensions>
          <ns3:TrackPointExtension>
            <ns3:hr>139</ns3:hr>
            <ns3:cad>88</ns3:cad>
          </ns3:TrackPointExtension>
        </extensions>
      </trkpt>
      <trkpt lat="34.18060778640210628509521484375" lon="108.92699223943054676055908203125">
        <ele>437.600006103515625</ele>
        <time>2026-08-19T23:03:28.000Z</time>
        <extensions>
          <ns3:TrackPointExtension>
            <ns3:hr>139</ns3:hr>
            <ns3:cad>88</ns3:cad>
          </ns3:TrackPointExtension>
        </extensions>
      </trkpt>
      <trkpt lat="34.1805889271199703216552734375" lon="108.92699458636343479156494140625">
        <ele>437.600006103515625</ele>
        <time>2026-08-19T23:03:29.000Z</time>
        <extensions>
          <ns3:TrackPointExtension>
            <ns3:hr>140</ns3:hr>
            <ns3:cad>88</ns3:cad>
          </ns3:TrackPointExtension>
        </extensions>
      </trkpt>
      <trkpt lat="34.18056369759142398834228515625" lon="108.92699718475341796875">
        <ele>437.600006103515625</ele>
        <time>2026-08-19T23:03:30.000Z</time>
        <extensions>
          <ns3:TrackPointExtension>
            <ns3:hr>140</ns3:hr>
            <ns3:cad>88</ns3:cad>
          </ns3:TrackPointExtension>
        </extensions>
      </trkpt>
      <trkpt lat="34.1805433295667171478271484375" lon="108.92699928022921085357666015625">
        <ele>437.79998779296875</ele>
        <time>2026-08-19T23:03:31.000Z</time>
        <extensions>
          <ns3:TrackPointExtension>
            <ns3:hr>140</ns3:hr>
            <ns3:cad>89</ns3:cad>
          </ns3:TrackPointExtension>
        </extensions>
      </trkpt>
      <trkpt lat="34.1805218718945980072021484375" lon="108.9269953407347202301025390625">
        <ele>437.79998779296875</ele>
        <time>2026-08-19T23:03:32.000Z</time>
        <extensions>
          <ns3:TrackPointExtension>
            <ns3:hr>141</ns3:hr>
            <ns3:cad>89</ns3:cad>
          </ns3:TrackPointExtension>
        </extensions>
      </trkpt>
      <trkpt lat="34.180502593517303466796875" lon="108.92699441872537136077880859375">
        <ele>438</ele>
        <time>2026-08-19T23:03:33.000Z</time>
        <extensions>
          <ns3:TrackPointExtension>
            <ns3:hr>141</ns3:hr>
            <ns3:cad>89</ns3:cad>
          </ns3:TrackPointExtension>
        </extensions>
      </trkpt>
      <trkpt lat="34.18048021383583545684814453125" lon="108.92699508927762508392333984375">
        <ele>438</ele>
        <time>2026-08-19T23:03:34.000Z</time>
        <extensions>
          <ns3:TrackPointExtension>
            <ns3:hr>141</ns3:hr>
            <ns3:cad>88</ns3:cad>
          </ns3:TrackPointExtension>
        </extensions>
      </trkpt>
      <trkpt lat="34.18045791797339916229248046875" lon="108.92699659802019596099853515625">
        <ele>438.20001220703125</ele>
        <time>2026-08-19T23:03:35.000Z</time>
        <extensions>
          <ns3:TrackPointExtension>
            <ns3:hr>141</ns3:hr>
            <ns3:cad>87</ns3:cad>
          </ns3:TrackPointExtension>
        </extensions>
      </trkpt>
      <trkpt lat="34.18044115416705608367919921875" lon="108.92699441872537136077880859375">
        <ele>438.20001220703125</ele>
        <time>2026-08-19T23:03:36.000Z</time>
        <extensions>
          <ns3:TrackPointExtension>
            <ns3:hr>141</ns3:hr>
            <ns3:cad>86</ns3:cad>
          </ns3:TrackPointExtension>
        </extensions>
      </trkpt>
      <trkpt lat="34.1804209537804126739501953125" lon="108.92699089832603931427001953125">
        <ele>438.399993896484375</ele>
        <time>2026-08-19T23:03:37.000Z</time>
        <extensions>
          <ns3:TrackPointExtension>
            <ns3:hr>141</ns3:hr>
            <ns3:cad>86</ns3:cad>
          </ns3:TrackPointExtension>
        </extensions>
      </trkpt>
      <trkpt lat="34.180401004850864410400390625" lon="108.92700095660984516143798828125">
        <ele>438.399993896484375</ele>
        <time>2026-08-19T23:03:38.000Z</time>
        <extensions>
          <ns3:TrackPointExtension>
            <ns3:hr>141</ns3:hr>
            <ns3:cad>86</ns3:cad>
          </ns3:TrackPointExtension>
        </extensions>
      </trkpt>
      <trkpt lat="34.180379547178745269775390625" lon="108.92700062133371829986572265625">
        <ele>438.600006103515625</ele>
        <time>2026-08-19T23:03:39.000Z</time>
        <extensions>
          <ns3:TrackPointExtension>
            <ns3:hr>142</ns3:hr>
            <ns3:cad>87</ns3:cad>
          </ns3:TrackPointExtension>
        </extensions>
      </trkpt>
      <trkpt lat="34.1803612746298313140869140625" lon="108.9270040579140186309814453125">
        <ele>438.600006103515625</ele>
        <time>2026-08-19T23:03:40.000Z</time>
        <extensions>
          <ns3:TrackPointExtension>
            <ns3:hr>142</ns3:hr>
            <ns3:cad>87</ns3:cad>
          </ns3:TrackPointExtension>
        </extensions>
      </trkpt>
      <trkpt lat="34.1803361289203166961669921875" lon="108.92700615338981151580810546875">
        <ele>438.79998779296875</ele>
        <time>2026-08-19T23:03:41.000Z</time>
        <extensions>
          <ns3:TrackPointExtension>
            <ns3:hr>143</ns3:hr>
            <ns3:cad>87</ns3:cad>
          </ns3:TrackPointExtension>
        </extensions>
      </trkpt>
      <trkpt lat="34.18032062239944934844970703125" lon="108.9270090870559215545654296875">
        <ele>439</ele>
        <time>2026-08-19T23:03:42.000Z</time>
        <extensions>
          <ns3:TrackPointExtension>
            <ns3:hr>143</ns3:hr>
            <ns3:cad>87</ns3:cad>
          </ns3:TrackPointExtension>
        </extensions>
      </trkpt>
      <trkpt lat="34.18029849417507648468017578125" lon="108.9270146191120147705078125">
        <ele>439</ele>
        <time>2026-08-19T23:03:43.000Z</time>
        <extensions>
          <ns3:TrackPointExtension>
            <ns3:hr>143</ns3:hr>
            <ns3:cad>87</ns3:cad>
          </ns3:TrackPointExtension>
        </extensions>
      </trkpt>
      <trkpt lat="34.1802811436355113983154296875" lon="108.92702006734907627105712890625">
        <ele>439.20001220703125</ele>
        <time>2026-08-19T23:03:44.000Z</time>
        <extensions>
          <ns3:TrackPointExtension>
            <ns3:hr>143</ns3:hr>
            <ns3:cad>88</ns3:cad>
          </ns3:TrackPointExtension>
        </extensions>
      </trkpt>
      <trkpt lat="34.18025507591664791107177734375" lon="108.92702107317745685577392578125">
        <ele>439.399993896484375</ele>
        <time>2026-08-19T23:03:45.000Z</time>
        <extensions>
          <ns3:TrackPointExtension>
            <ns3:hr>143</ns3:hr>
            <ns3:cad>88</ns3:cad>
          </ns3:TrackPointExtension>
        </extensions>
      </trkpt>
      <trkpt lat="34.18023529462516307830810546875" lon="108.92702073790132999420166015625">
        <ele>439.600006103515625</ele>
        <time>2026-08-19T23:03:46.000Z</time>
        <extensions>
          <ns3:TrackPointExtension>
            <ns3:hr>143</ns3:hr>
            <ns3:cad>88</ns3:cad>
          </ns3:TrackPointExtension>
        </extensions>
      </trkpt>
      <trkpt lat="34.18020763434469699859619140625" lon="108.9270211569964885711669921875">
        <ele>439.600006103515625</ele>
        <time>2026-08-19T23:03:47.000Z</time>
        <extensions>
          <ns3:TrackPointExtension>
            <ns3:hr>143</ns3:hr>
            <ns3:cad>88</ns3:cad>
          </ns3:TrackPointExtension>
        </extensions>
      </trkpt>
      <trkpt lat="34.18018600903451442718505859375" lon="108.92702157609164714813232421875">
        <ele>439.79998779296875</ele>
        <time>2026-08-19T23:03:48.000Z</time>
        <extensions>
          <ns3:TrackPointExtension>
            <ns3:hr>143</ns3:hr>
            <ns3:cad>87</ns3:cad>
          </ns3:TrackPointExtension>
        </extensions>
      </trkpt>
      <trkpt lat="34.18016203679144382476806640625" lon="108.927021324634552001953125">
        <ele>440</ele>
        <time>2026-08-19T23:03:49.000Z</time>
        <extensions>
          <ns3:TrackPointExtension>
            <ns3:hr>143</ns3:hr>
            <ns3:cad>87</ns3:cad>
          </ns3:TrackPointExtension>
        </extensions>
      </trkpt>
      <trkpt lat="34.1801399923861026763916015625" lon="108.92702140845358371734619140625">
        <ele>440.20001220703125</ele>
        <time>2026-08-19T23:03:50.000Z</time>
        <extensions>
          <ns3:TrackPointExtension>
            <ns3:hr>143</ns3:hr>
            <ns3:cad>87</ns3:cad>
          </ns3:TrackPointExtension>
        </extensions>
      </trkpt>
      <trkpt lat="34.18011761270463466644287109375" lon="108.9270228333771228790283203125">
        <ele>440.20001220703125</ele>
        <time>2026-08-19T23:03:51.000Z</time>
        <extensions>
          <ns3:TrackPointExtension>
            <ns3:hr>143</ns3:hr>
            <ns3:cad>89</ns3:cad>
          </ns3:TrackPointExtension>
        </extensions>
      </trkpt>
      <trkpt lat="34.1800984181463718414306640625" lon="108.92701906152069568634033203125">
        <ele>440.399993896484375</ele>
        <time>2026-08-19T23:03:52.000Z</time>
        <extensions>
          <ns3:TrackPointExtension>
            <ns3:hr>144</ns3:hr>
            <ns3:cad>88</ns3:cad>
          </ns3:TrackPointExtension>
        </extensions>
      </trkpt>
      <trkpt lat="34.18008341453969478607177734375" lon="108.92701772041618824005126953125">
        <ele>440.600006103515625</ele>
        <time>2026-08-19T23:03:53.000Z</time>
        <extensions>
          <ns3:TrackPointExtension>
            <ns3:hr>144</ns3:hr>
            <ns3:cad>88</ns3:cad>
          </ns3:TrackPointExtension>
        </extensions>
      </trkpt>
      <trkpt lat="34.1800608672201633453369140625" lon="108.927014954388141632080078125">
        <ele>440.79998779296875</ele>
        <time>2026-08-19T23:03:54.000Z</time>
        <extensions>
          <ns3:TrackPointExtension>
            <ns3:hr>144</ns3:hr>
            <ns3:cad>88</ns3:cad>
          </ns3:TrackPointExtension>
        </extensions>
      </trkpt>
      <trkpt lat="34.1800452768802642822265625" lon="108.92701663076877593994140625">
        <ele>441</ele>
        <time>2026-08-19T23:03:55.000Z</time>
        <extensions>
          <ns3:TrackPointExtension>
            <ns3:hr>144</ns3:hr>
            <ns3:cad>88</ns3:cad>
          </ns3:TrackPointExtension>
        </extensions>
      </trkpt>
      <trkpt lat="34.18001719750463962554931640625" lon="108.92702241428196430206298828125">
        <ele>441</ele>
        <time>2026-08-19T23:03:56.000Z</time>
        <extensions>
          <ns3:TrackPointExtension>
            <ns3:hr>144</ns3:hr>
            <ns3:cad>88</ns3:cad>
          </ns3:TrackPointExtension>
        </extensions>
      </trkpt>
      <trkpt lat="34.1800042055547237396240234375" lon="108.92702777869999408721923828125">
        <ele>441.20001220703125</ele>
        <time>2026-08-19T23:03:57.000Z</time>
        <extensions>
          <ns3:TrackPointExtension>
            <ns3:hr>144</ns3:hr>
            <ns3:cad>88</ns3:cad>
          </ns3:TrackPointExtension>
        </extensions>
      </trkpt>
      <trkpt lat="34.17998425662517547607421875" lon="108.92702409066259860992431640625">
        <ele>441.399993896484375</ele>
        <time>2026-08-19T23:03:58.000Z</time>
        <extensions>
          <ns3:TrackPointExtension>
            <ns3:hr>144</ns3:hr>
            <ns3:cad>88</ns3:cad>
          </ns3:TrackPointExtension>
        </extensions>
      </trkpt>
      <trkpt lat="34.1799683310091495513916015625" lon="108.92702199518680572509765625">
        <ele>441.399993896484375</ele>
        <time>2026-08-19T23:03:59.000Z</time>
        <extensions>
          <ns3:TrackPointExtension>
            <ns3:hr>144</ns3:hr>
            <ns3:cad>88</ns3:cad>
          </ns3:TrackPointExtension>
        </extensions>
      </trkpt>
      <trkpt lat="34.17994611896574497222900390625" lon="108.9270194806158542633056640625">
        <ele>441.600006103515625</ele>
        <time>2026-08-19T23:04:00.000Z</time>
        <extensions>
          <ns3:TrackPointExtension>
            <ns3:hr>144</ns3:hr>
            <ns3:cad>87</ns3:cad>
          </ns3:TrackPointExtension>
        </extensions>
      </trkpt>
      <trkpt lat="34.17992734350264072418212890625" lon="108.92701654694974422454833984375">
        <ele>441.79998779296875</ele>
        <time>2026-08-19T23:04:01.000Z</time>
        <extensions>
          <ns3:TrackPointExtension>
            <ns3:hr>144</ns3:hr>
            <ns3:cad>87</ns3:cad>
          </ns3:TrackPointExtension>
        </extensions>
      </trkpt>
      <trkpt lat="34.17990756221115589141845703125" lon="108.92701805569231510162353515625">
        <ele>441.79998779296875</ele>
        <time>2026-08-19T23:04:02.000Z</time>
        <extensions>
          <ns3:TrackPointExtension>
            <ns3:hr>145</ns3:hr>
            <ns3:cad>87</ns3:cad>
          </ns3:TrackPointExtension>
        </extensions>
      </trkpt>
      <trkpt lat="34.17988308705389499664306640625" lon="108.92701621167361736297607421875">
        <ele>442</ele>
        <time>2026-08-19T23:04:03.000Z</time>
        <extensions>
          <ns3:TrackPointExtension>
            <ns3:hr>145</ns3:hr>
            <ns3:cad>87</ns3:cad>
          </ns3:TrackPointExtension>
        </extensions>
      </trkpt>
      <trkpt lat="34.1798660717904567718505859375" lon="108.927015624940395355224609375">
        <ele>442.20001220703125</ele>
        <time>2026-08-19T23:04:04.000Z</time>
        <extensions>
          <ns3:TrackPointExtension>
            <ns3:hr>145</ns3:hr>
            <ns3:cad>87</ns3:cad>
          </ns3:TrackPointExtension>
        </extensions>
      </trkpt>
      <trkpt lat="34.1798415966331958770751953125" lon="108.92701034434139728546142578125">
        <ele>442.399993896484375</ele>
        <time>2026-08-19T23:04:05.000Z</time>
        <extensions>
          <ns3:TrackPointExtension>
            <ns3:hr>146</ns3:hr>
            <ns3:cad>87</ns3:cad>
          </ns3:TrackPointExtension>
        </extensions>
      </trkpt>
      <trkpt lat="34.17982525192201137542724609375" lon="108.9270080812275409698486328125">
        <ele>442.399993896484375</ele>
        <time>2026-08-19T23:04:06.000Z</time>
        <extensions>
          <ns3:TrackPointExtension>
            <ns3:hr>146</ns3:hr>
            <ns3:cad>87</ns3:cad>
          </ns3:TrackPointExtension>
        </extensions>
      </trkpt>
      <trkpt lat="34.17980714701116085052490234375" lon="108.9270027168095111846923828125">
        <ele>442.600006103515625</ele>
        <time>2026-08-19T23:04:07.000Z</time>
        <extensions>
          <ns3:TrackPointExtension>
            <ns3:hr>146</ns3:hr>
            <ns3:cad>87</ns3:cad>
          </ns3:TrackPointExtension>
        </extensions>
      </trkpt>
      <trkpt lat="34.17979172430932521820068359375" lon="108.92700430937111377716064453125">
        <ele>442.79998779296875</ele>
        <time>2026-08-19T23:04:08.000Z</time>
        <extensions>
          <ns3:TrackPointExtension>
            <ns3:hr>147</ns3:hr>
            <ns3:cad>86</ns3:cad>
          </ns3:TrackPointExtension>
        </extensions>
      </trkpt>
      <trkpt lat="34.17977227829396724700927734375" lon="108.9270080812275409698486328125">
        <ele>443</ele>
        <time>2026-08-19T23:04:09.000Z</time>
        <extensions>
          <ns3:TrackPointExtension>
            <ns3:hr>147</ns3:hr>
            <ns3:cad>86</ns3:cad>
          </ns3:TrackPointExtension>
        </extensions>
      </trkpt>
      <trkpt lat="34.17975090444087982177734375" lon="108.9270070753991603851318359375">
        <ele>443.20001220703125</ele>
        <time>2026-08-19T23:04:10.000Z</time>
        <extensions>
          <ns3:TrackPointExtension>
            <ns3:hr>148</ns3:hr>
            <ns3:cad>86</ns3:cad>
          </ns3:TrackPointExtension>
        </extensions>
      </trkpt>
      <trkpt lat="34.179731123149394989013671875" lon="108.92701000906527042388916015625">
        <ele>443.399993896484375</ele>
        <time>2026-08-19T23:04:11.000Z</time>
        <extensions>
          <ns3:TrackPointExtension>
            <ns3:hr>148</ns3:hr>
            <ns3:cad>86</ns3:cad>
          </ns3:TrackPointExtension>
        </extensions>
      </trkpt>
      <trkpt lat="34.17970991693437099456787109375" lon="108.9270097576081752777099609375">
        <ele>443.600006103515625</ele>
        <time>2026-08-19T23:04:12.000Z</time>
        <extensions>
          <ns3:TrackPointExtension>
            <ns3:hr>148</ns3:hr>
            <ns3:cad>87</ns3:cad>
          </ns3:TrackPointExtension>
        </extensions>
      </trkpt>
      <trkpt lat="34.1796964220702648162841796875" lon="108.9270121045410633087158203125">
        <ele>443.600006103515625</ele>
        <time>2026-08-19T23:04:13.000Z</time>
        <extensions>
          <ns3:TrackPointExtension>
            <ns3:hr>148</ns3:hr>
            <ns3:cad>87</ns3:cad>
          </ns3:TrackPointExtension>
        </extensions>
      </trkpt>
      <trkpt lat="34.1796706058084964752197265625" lon="108.927015960216522216796875">
        <ele>443.79998779296875</ele>
        <time>2026-08-19T23:04:14.000Z</time>
        <extensions>
          <ns3:TrackPointExtension>
            <ns3:hr>147</ns3:hr>
            <ns3:cad>87</ns3:cad>
          </ns3:TrackPointExtension>
        </extensions>
      </trkpt>
      <trkpt lat="34.17965677566826343536376953125" lon="108.927023001015186309814453125">
        <ele>444</ele>
        <time>2026-08-19T23:04:15.000Z</time>
        <extensions>
          <ns3:TrackPointExtension>
            <ns3:hr>147</ns3:hr>
            <ns3:cad>87</ns3:cad>
          </ns3:TrackPointExtension>
        </extensions>
      </trkpt>
      <trkpt lat="34.17962911538779735565185546875" lon="108.92702979035675525665283203125">
        <ele>444.20001220703125</ele>
        <time>2026-08-19T23:04:16.000Z</time>
        <extensions>
          <ns3:TrackPointExtension>
            <ns3:hr>147</ns3:hr>
            <ns3:cad>87</ns3:cad>
          </ns3:TrackPointExtension>
        </extensions>
      </trkpt>
      <trkpt lat="34.17961352504789829254150390625" lon="108.927037753164768218994140625">
        <ele>444.20001220703125</ele>
        <time>2026-08-19T23:04:17.000Z</time>
        <extensions>
          <ns3:TrackPointExtension>
            <ns3:hr>147</ns3:hr>
            <ns3:cad>87</ns3:cad>
          </ns3:TrackPointExtension>
        </extensions>
      </trkpt>
      <trkpt lat="34.1795908100903034210205078125" lon="108.92704823054373264312744140625">
        <ele>444.399993896484375</ele>
        <time>2026-08-19T23:04:18.000Z</time>
        <extensions>
          <ns3:TrackPointExtension>
            <ns3:hr>146</ns3:hr>
            <ns3:cad>87</ns3:cad>
          </ns3:TrackPointExtension>
        </extensions>
      </trkpt>
      <trkpt lat="34.17957614175975322723388671875" lon="108.92705560661852359771728515625">
        <ele>444.600006103515625</ele>
        <time>2026-08-19T23:04:19.000Z</time>
        <extensions>
          <ns3:TrackPointExtension>
            <ns3:hr>147</ns3:hr>
            <ns3:cad>87</ns3:cad>
          </ns3:TrackPointExtension>
        </extensions>
      </trkpt>
      <trkpt lat="34.17956021614372730255126953125" lon="108.92706834711134433746337890625">
        <ele>444.79998779296875</ele>
        <time>2026-08-19T23:04:20.000Z</time>
        <extensions>
          <ns3:TrackPointExtension>
            <ns3:hr>147</ns3:hr>
            <ns3:cad>87</ns3:cad>
          </ns3:TrackPointExtension>
        </extensions>
      </trkpt>
      <trkpt lat="34.1795421950519084930419921875" lon="108.9270744659006595611572265625">
        <ele>444.79998779296875</ele>
        <time>2026-08-19T23:04:21.000Z</time>
        <extensions>
          <ns3:TrackPointExtension>
            <ns3:hr>147</ns3:hr>
            <ns3:cad>87</ns3:cad>
          </ns3:TrackPointExtension>
        </extensions>
      </trkpt>
      <trkpt lat="34.17952962219715118408203125" lon="108.927085362374782562255859375">
        <ele>444.79998779296875</ele>
        <time>2026-08-19T23:04:22.000Z</time>
        <extensions>
          <ns3:TrackPointExtension>
            <ns3:hr>148</ns3:hr>
            <ns3:cad>87</ns3:cad>
          </ns3:TrackPointExtension>
        </extensions>
      </trkpt>
      <trkpt lat="34.17950908653438091278076171875" lon="108.9270972646772861480712890625">
        <ele>445</ele>
        <time>2026-08-19T23:04:23.000Z</time>
        <extensions>
          <ns3:TrackPointExtension>
            <ns3:hr>149</ns3:hr>
            <ns3:cad>87</ns3:cad>
          </ns3:TrackPointExtension>
        </extensions>
      </trkpt>
      <trkpt lat="34.17949819006025791168212890625" lon="108.92711059190332889556884765625">
        <ele>445.20001220703125</ele>
        <time>2026-08-19T23:04:24.000Z</time>
        <extensions>
          <ns3:TrackPointExtension>
            <ns3:hr>149</ns3:hr>
            <ns3:cad>87</ns3:cad>
          </ns3:TrackPointExtension>
        </extensions>
      </trkpt>
      <trkpt lat="34.17948142625391483306884765625" lon="108.92713129520416259765625">
        <ele>445.20001220703125</ele>
        <time>2026-08-19T23:04:25.000Z</time>
        <extensions>
          <ns3:TrackPointExtension>
            <ns3:hr>150</ns3:hr>
            <ns3:cad>87</ns3:cad>
          </ns3:TrackPointExtension>
        </extensions>
      </trkpt>
      <trkpt lat="34.17946935631334781646728515625" lon="108.92714671790599822998046875">
        <ele>445.399993896484375</ele>
        <time>2026-08-19T23:04:26.000Z</time>
        <extensions>
          <ns3:TrackPointExtension>
            <ns3:hr>150</ns3:hr>
            <ns3:cad>87</ns3:cad>
          </ns3:TrackPointExtension>
        </extensions>
      </trkpt>
      <trkpt lat="34.17945477180182933807373046875" lon="108.92716951668262481689453125">
        <ele>445.600006103515625</ele>
        <time>2026-08-19T23:04:27.000Z</time>
        <extensions>
          <ns3:TrackPointExtension>
            <ns3:hr>150</ns3:hr>
            <ns3:cad>87</ns3:cad>
          </ns3:TrackPointExtension>
        </extensions>
      </trkpt>
      <trkpt lat="34.1794436238706111907958984375" lon="108.92718753777444362640380859375">
        <ele>445.600006103515625</ele>
        <time>2026-08-19T23:04:28.000Z</time>
        <extensions>
          <ns3:TrackPointExtension>
            <ns3:hr>151</ns3:hr>
            <ns3:cad>87</ns3:cad>
          </ns3:TrackPointExtension>
        </extensions>
      </trkpt>
      <trkpt lat="34.17943566106259822845458984375" lon="108.92720597796142101287841796875">
        <ele>445.600006103515625</ele>
        <time>2026-08-19T23:04:29.000Z</time>
        <extensions>
          <ns3:TrackPointExtension>
            <ns3:hr>152</ns3:hr>
            <ns3:cad>87</ns3:cad>
          </ns3:TrackPointExtension>
        </extensions>
      </trkpt>
      <trkpt lat="34.1794201545417308807373046875" lon="108.92722391523420810699462890625">
        <ele>445.79998779296875</ele>
        <time>2026-08-19T23:04:30.000Z</time>
        <extensions>
          <ns3:TrackPointExtension>
            <ns3:hr>152</ns3:hr>
            <ns3:cad>87</ns3:cad>
          </ns3:TrackPointExtension>
        </extensions>
      </trkpt>
      <trkpt lat="34.17941202409565448760986328125" lon="108.92724084667861461639404296875">
        <ele>445.79998779296875</ele>
        <time>2026-08-19T23:04:31.000Z</time>
        <extensions>
          <ns3:TrackPointExtension>
            <ns3:hr>152</ns3:hr>
            <ns3:cad>87</ns3:cad>
          </ns3:TrackPointExtension>
        </extensions>
      </trkpt>
      <trkpt lat="34.17939894832670688629150390625" lon="108.92726046033203601837158203125">
        <ele>446</ele>
        <time>2026-08-19T23:04:32.000Z</time>
        <extensions>
          <ns3:TrackPointExtension>
            <ns3:hr>152</ns3:hr>
            <ns3:cad>87</ns3:cad>
          </ns3:TrackPointExtension>
        </extensions>
      </trkpt>
      <trkpt lat="34.17939391918480396270751953125" lon="108.927279151976108551025390625">
        <ele>446.20001220703125</ele>
        <time>2026-08-19T23:04:33.000Z</time>
        <extensions>
          <ns3:TrackPointExtension>
            <ns3:hr>152</ns3:hr>
            <ns3:cad>87</ns3:cad>
          </ns3:TrackPointExtension>
        </extensions>
      </trkpt>
      <trkpt lat="34.179381430149078369140625" lon="108.92730555497109889984130859375">
        <ele>446.20001220703125</ele>
        <time>2026-08-19T23:04:34.000Z</time>
        <extensions>
          <ns3:TrackPointExtension>
            <ns3:hr>151</ns3:hr>
            <ns3:cad>87</ns3:cad>
          </ns3:TrackPointExtension>
        </extensions>
      </trkpt>
      <trkpt lat="34.1793725453317165374755859375" lon="108.927325420081615447998046875">
        <ele>446.399993896484375</ele>
        <time>2026-08-19T23:04:35.000Z</time>
        <extensions>
          <ns3:TrackPointExtension>
            <ns3:hr>152</ns3:hr>
            <ns3:cad>87</ns3:cad>
          </ns3:TrackPointExtension>
        </extensions>
      </trkpt>
      <trkpt lat="34.17935854755342006683349609375" lon="108.92735349945724010467529296875">
        <ele>446.600006103515625</ele>
        <time>2026-08-19T23:04:36.000Z</time>
        <extensions>
          <ns3:TrackPointExtension>
            <ns3:hr>152</ns3:hr>
            <ns3:cad>87</ns3:cad>
          </ns3:TrackPointExtension>
        </extensions>
      </trkpt>
      <trkpt lat="34.17934681288897991180419921875" lon="108.92737512476742267608642578125">
        <ele>446.600006103515625</ele>
        <time>2026-08-19T23:04:37.000Z</time>
        <extensions>
          <ns3:TrackPointExtension>
            <ns3:hr>152</ns3:hr>
            <ns3:cad>87</ns3:cad>
          </ns3:TrackPointExtension>
        </extensions>
      </trkpt>
      <trkpt lat="34.17933558113873004913330078125" lon="108.92739909701049327850341796875">
        <ele>446.79998779296875</ele>
        <time>2026-08-19T23:04:38.000Z</time>
        <extensions>
          <ns3:TrackPointExtension>
            <ns3:hr>152</ns3:hr>
            <ns3:cad>87</ns3:cad>
          </ns3:TrackPointExtension>
        </extensions>
      </trkpt>
      <trkpt lat="34.179322421550750732421875" lon="108.927420638501644134521484375">
        <ele>446.79998779296875</ele>
        <time>2026-08-19T23:04:39.000Z</time>
        <extensions>
          <ns3:TrackPointExtension>
            <ns3:hr>152</ns3:hr>
            <ns3:cad>87</ns3:cad>
          </ns3:TrackPointExtension>
        </extensions>
      </trkpt>
      <trkpt lat="34.17931278236210346221923828125" lon="108.9274405874311923980712890625">
        <ele>447</ele>
        <time>2026-08-19T23:04:40.000Z</time>
        <extensions>
          <ns3:TrackPointExtension>
            <ns3:hr>152</ns3:hr>
            <ns3:cad>87</ns3:cad>
          </ns3:TrackPointExtension>
        </extensions>
      </trkpt>
      <trkpt lat="34.17930372990667819976806640625" lon="108.92745860852301120758056640625">
        <ele>447</ele>
        <time>2026-08-19T23:04:41.000Z</time>
        <extensions>
          <ns3:TrackPointExtension>
            <ns3:hr>151</ns3:hr>
            <ns3:cad>87</ns3:cad>
          </ns3:TrackPointExtension>
        </extensions>
      </trkpt>
      <trkpt lat="34.17929618619382381439208984375" lon="108.9274798147380352020263671875">
        <ele>447.20001220703125</ele>
        <time>2026-08-19T23:04:42.000Z</time>
        <extensions>
          <ns3:TrackPointExtension>
            <ns3:hr>151</ns3:hr>
            <ns3:cad>87</ns3:cad>
          </ns3:TrackPointExtension>
        </extensions>
      </trkpt>
      <trkpt lat="34.1792836971580982208251953125" lon="108.92750303260982036590576171875">
        <ele>447.20001220703125</ele>
        <time>2026-08-19T23:04:43.000Z</time>
        <extensions>
          <ns3:TrackPointExtension>
            <ns3:hr>152</ns3:hr>
            <ns3:cad>87</ns3:cad>
          </ns3:TrackPointExtension>
        </extensions>
      </trkpt>
      <trkpt lat="34.17927891947329044342041015625" lon="108.9275210537016391754150390625">
        <ele>447.399993896484375</ele>
        <time>2026-08-19T23:04:44.000Z</time>
        <extensions>
          <ns3:TrackPointExtension>
            <ns3:hr>152</ns3:hr>
            <ns3:cad>87</ns3:cad>
          </ns3:TrackPointExtension>
        </extensions>
      </trkpt>
      <trkpt lat="34.17926450259983539581298828125" lon="108.9275472052395343780517578125">
        <ele>447.399993896484375</ele>
        <time>2026-08-19T23:04:45.000Z</time>
        <extensions>
          <ns3:TrackPointExtension>
            <ns3:hr>152</ns3:hr>
            <ns3:cad>87</ns3:cad>
          </ns3:TrackPointExtension>
        </extensions>
      </trkpt>
      <trkpt lat="34.17925511486828327178955078125" lon="108.92756782472133636474609375">
        <ele>447.600006103515625</ele>
        <time>2026-08-19T23:04:46.000Z</time>
        <extensions>
          <ns3:TrackPointExtension>
            <ns3:hr>152</ns3:hr>
            <ns3:cad>87</ns3:cad>
          </ns3:TrackPointExtension>
        </extensions>
      </trkpt>
      <trkpt lat="34.17924287728965282440185546875" lon="108.92759456299245357513427734375">
        <ele>447.79998779296875</ele>
        <time>2026-08-19T23:04:47.000Z</time>
        <extensions>
          <ns3:TrackPointExtension>
            <ns3:hr>152</ns3:hr>
            <ns3:cad>88</ns3:cad>
          </ns3:TrackPointExtension>
        </extensions>
      </trkpt>
      <trkpt lat="34.1792360879480838775634765625" lon="108.9276127517223358154296875">
        <ele>448</ele>
        <time>2026-08-19T23:04:48.000Z</time>
        <extensions>
          <ns3:TrackPointExtension>
            <ns3:hr>152</ns3:hr>
            <ns3:cad>88</ns3:cad>
          </ns3:TrackPointExtension>
        </extensions>
      </trkpt>
      <trkpt lat="34.17922158725559711456298828125" lon="108.927634544670581817626953125">
        <ele>448</ele>
        <time>2026-08-19T23:04:49.000Z</time>
        <extensions>
          <ns3:TrackPointExtension>
            <ns3:hr>152</ns3:hr>
            <ns3:cad>88</ns3:cad>
          </ns3:TrackPointExtension>
        </extensions>
      </trkpt>
      <trkpt lat="34.17921178042888641357421875" lon="108.92765474505722522735595703125">
        <ele>448.20001220703125</ele>
        <time>2026-08-19T23:04:50.000Z</time>
        <extensions>
          <ns3:TrackPointExtension>
            <ns3:hr>153</ns3:hr>
            <ns3:cad>88</ns3:cad>
          </ns3:TrackPointExtension>
        </extensions>
      </trkpt>
      <trkpt lat="34.1792039014399051666259765625" lon="108.92767821438610553741455078125">
        <ele>448.399993896484375</ele>
        <time>2026-08-19T23:04:51.000Z</time>
        <extensions>
          <ns3:TrackPointExtension>
            <ns3:hr>153</ns3:hr>
            <ns3:cad>87</ns3:cad>
          </ns3:TrackPointExtension>
        </extensions>
      </trkpt>
      <trkpt lat="34.17919191531836986541748046875" lon="108.92770000733435153961181640625">
        <ele>448.399993896484375</ele>
        <time>2026-08-19T23:04:52.000Z</time>
        <extensions>
          <ns3:TrackPointExtension>
            <ns3:hr>153</ns3:hr>
            <ns3:cad>87</ns3:cad>
          </ns3:TrackPointExtension>
        </extensions>
      </trkpt>
      <trkpt lat="34.17918227612972259521484375" lon="108.92772247083485126495361328125">
        <ele>448.600006103515625</ele>
        <time>2026-08-19T23:04:53.000Z</time>
        <extensions>
          <ns3:TrackPointExtension>
            <ns3:hr>153</ns3:hr>
            <ns3:cad>88</ns3:cad>
          </ns3:TrackPointExtension>
        </extensions>
      </trkpt>
      <trkpt lat="34.17917112819850444793701171875" lon="108.92774485051631927490234375">
        <ele>448.600006103515625</ele>
        <time>2026-08-19T23:04:54.000Z</time>
        <extensions>
          <ns3:TrackPointExtension>
            <ns3:hr>153</ns3:hr>
            <ns3:cad>88</ns3:cad>
          </ns3:TrackPointExtension>
        </extensions>
      </trkpt>
      <trkpt lat="34.1791626624763011932373046875" lon="108.92776362597942352294921875">
        <ele>448.79998779296875</ele>
        <time>2026-08-19T23:04:55.000Z</time>
        <extensions>
          <ns3:TrackPointExtension>
            <ns3:hr>153</ns3:hr>
            <ns3:cad>88</ns3:cad>
          </ns3:TrackPointExtension>
        </extensions>
      </trkpt>
      <trkpt lat="34.17915000580251216888427734375" lon="108.92778634093701839447021484375">
        <ele>448.79998779296875</ele>
        <time>2026-08-19T23:04:56.000Z</time>
        <extensions>
          <ns3:TrackPointExtension>
            <ns3:hr>153</ns3:hr>
            <ns3:cad>88</ns3:cad>
          </ns3:TrackPointExtension>
        </extensions>
      </trkpt>
      <trkpt lat="34.1791388578712940216064453125" lon="108.92780628986656665802001953125">
        <ele>449</ele>
        <time>2026-08-19T23:04:57.000Z</time>
        <extensions>
          <ns3:TrackPointExtension>
            <ns3:hr>154</ns3:hr>
            <ns3:cad>88</ns3:cad>
          </ns3:TrackPointExtension>
        </extensions>
      </trkpt>
      <trkpt lat="34.1791257821023464202880859375" lon="108.92782841809093952178955078125">
        <ele>449</ele>
        <time>2026-08-19T23:04:58.000Z</time>
        <extensions>
          <ns3:TrackPointExtension>
            <ns3:hr>154</ns3:hr>
            <ns3:cad>88</ns3:cad>
          </ns3:TrackPointExtension>
        </extensions>
      </trkpt>
      <trkpt lat="34.17911848984658718109130859375" lon="108.9278487861156463623046875">
        <ele>449.20001220703125</ele>
        <time>2026-08-19T23:04:59.000Z</time>
        <extensions>
          <ns3:TrackPointExtension>
            <ns3:hr>155</ns3:hr>
            <ns3:cad>88</ns3:cad>
          </ns3:TrackPointExtension>
        </extensions>
      </trkpt>
      <trkpt lat="34.17910843156278133392333984375" lon="108.9278737641870975494384765625">
        <ele>449.20001220703125</ele>
        <time>2026-08-19T23:05:00.000Z</time>
        <extensions>
          <ns3:TrackPointExtension>
            <ns3:hr>155</ns3:hr>
            <ns3:cad>89</ns3:cad>
          </ns3:TrackPointExtension>
        </extensions>
      </trkpt>
      <trkpt lat="34.179100133478641510009765625" lon="108.9278948865830898284912109375">
        <ele>449.399993896484375</ele>
        <time>2026-08-19T23:05:01.000Z</time>
        <extensions>
          <ns3:TrackPointExtension>
            <ns3:hr>155</ns3:hr>
            <ns3:cad>89</ns3:cad>
          </ns3:TrackPointExtension>
        </extensions>
      </trkpt>
      <trkpt lat="34.17908571660518646240234375" lon="108.9279213733971118927001953125">
        <ele>449.399993896484375</ele>
        <time>2026-08-19T23:05:02.000Z</time>
        <extensions>
          <ns3:TrackPointExtension>
            <ns3:hr>156</ns3:hr>
            <ns3:cad>89</ns3:cad>
          </ns3:TrackPointExtension>
        </extensions>
      </trkpt>
      <trkpt lat="34.17907423339784145355224609375" lon="108.92794224433600902557373046875">
        <ele>449.600006103515625</ele>
        <time>2026-08-19T23:05:03.000Z</time>
        <extensions>
          <ns3:TrackPointExtension>
            <ns3:hr>156</ns3:hr>
            <ns3:cad>88</ns3:cad>
          </ns3:TrackPointExtension>
        </extensions>
      </trkpt>
      <trkpt lat="34.1790607385337352752685546875" lon="108.9279656298458576202392578125">
        <ele>449.600006103515625</ele>
        <time>2026-08-19T23:05:04.000Z</time>
        <extensions>
          <ns3:TrackPointExtension>
            <ns3:hr>156</ns3:hr>
            <ns3:cad>87</ns3:cad>
          </ns3:TrackPointExtension>
        </extensions>
      </trkpt>
      <trkpt lat="34.17905244044959545135498046875" lon="108.92798490822315216064453125">
        <ele>449.79998779296875</ele>
        <time>2026-08-19T23:05:05.000Z</time>
        <extensions>
          <ns3:TrackPointExtension>
            <ns3:hr>156</ns3:hr>
            <ns3:cad>87</ns3:cad>
          </ns3:TrackPointExtension>
        </extensions>
      </trkpt>
      <trkpt lat="34.17904137633740901947021484375" lon="108.92800929956138134002685546875">
        <ele>449.79998779296875</ele>
        <time>2026-08-19T23:05:06.000Z</time>
        <extensions>
          <ns3:TrackPointExtension>
            <ns3:hr>156</ns3:hr>
            <ns3:cad>87</ns3:cad>
          </ns3:TrackPointExtension>
        </extensions>
      </trkpt>
      <trkpt lat="34.179029054939746856689453125" lon="108.92802757211029529571533203125">
        <ele>450</ele>
        <time>2026-08-19T23:05:07.000Z</time>
        <extensions>
          <ns3:TrackPointExtension>
            <ns3:hr>157</ns3:hr>
            <ns3:cad>87</ns3:cad>
          </ns3:TrackPointExtension>
        </extensions>
      </trkpt>
      <trkpt lat="34.17901824228465557098388671875" lon="108.928049616515636444091796875">
        <ele>450.20001220703125</ele>
        <time>2026-08-19T23:05:08.000Z</time>
        <extensions>
          <ns3:TrackPointExtension>
            <ns3:hr>157</ns3:hr>
            <ns3:cad>87</ns3:cad>
          </ns3:TrackPointExtension>
        </extensions>
      </trkpt>
      <trkpt lat="34.17900659143924713134765625" lon="108.92807015217840671539306640625">
        <ele>450.20001220703125</ele>
        <time>2026-08-19T23:05:09.000Z</time>
        <extensions>
          <ns3:TrackPointExtension>
            <ns3:hr>157</ns3:hr>
            <ns3:cad>87</ns3:cad>
          </ns3:TrackPointExtension>
        </extensions>
      </trkpt>
      <trkpt lat="34.1790020652115345001220703125" lon="108.92808926291763782501220703125">
        <ele>450.20001220703125</ele>
        <time>2026-08-19T23:05:10.000Z</time>
        <extensions>
          <ns3:TrackPointExtension>
            <ns3:hr>158</ns3:hr>
            <ns3:cad>87</ns3:cad>
          </ns3:TrackPointExtension>
        </extensions>
      </trkpt>
      <trkpt lat="34.1789925098419189453125" lon="108.9281148277223110198974609375">
        <ele>450.399993896484375</ele>
        <time>2026-08-19T23:05:11.000Z</time>
        <extensions>
          <ns3:TrackPointExtension>
            <ns3:hr>158</ns3:hr>
            <ns3:cad>87</ns3:cad>
          </ns3:TrackPointExtension>
        </extensions>
      </trkpt>
      <trkpt lat="34.1789853014051914215087890625" lon="108.92813452519476413726806640625">
        <ele>450.600006103515625</ele>
        <time>2026-08-19T23:05:12.000Z</time>
        <extensions>
          <ns3:TrackPointExtension>
            <ns3:hr>158</ns3:hr>
            <ns3:cad>87</ns3:cad>
          </ns3:TrackPointExtension>
        </extensions>
      </trkpt>
      <trkpt lat="34.17897298000752925872802734375" lon="108.92815791070461273193359375">
        <ele>450.600006103515625</ele>
        <time>2026-08-19T23:05:13.000Z</time>
        <extensions>
          <ns3:TrackPointExtension>
            <ns3:hr>157</ns3:hr>
            <ns3:cad>88</ns3:cad>
          </ns3:TrackPointExtension>
        </extensions>
      </trkpt>
      <trkpt lat="34.17896744795143604278564453125" lon="108.9281815476715564727783203125">
        <ele>450.79998779296875</ele>
        <time>2026-08-19T23:05:14.000Z</time>
        <extensions>
          <ns3:TrackPointExtension>
            <ns3:hr>157</ns3:hr>
            <ns3:cad>87</ns3:cad>
          </ns3:TrackPointExtension>
        </extensions>
      </trkpt>
      <trkpt lat="34.17895403690636157989501953125" lon="108.92820325680077075958251953125">
        <ele>450.79998779296875</ele>
        <time>2026-08-19T23:05:15.000Z</time>
        <extensions>
          <ns3:TrackPointExtension>
            <ns3:hr>158</ns3:hr>
            <ns3:cad>87</ns3:cad>
          </ns3:TrackPointExtension>
        </extensions>
      </trkpt>
      <trkpt lat="34.17894498445093631744384765625" lon="108.92822270281612873077392578125">
        <ele>451</ele>
        <time>2026-08-19T23:05:16.000Z</time>
        <extensions>
          <ns3:TrackPointExtension>
            <ns3:hr>157</ns3:hr>
            <ns3:cad>87</ns3:cad>
          </ns3:TrackPointExtension>
        </extensions>
      </trkpt>
      <trkpt lat="34.17892872355878353118896484375" lon="108.928250782191753387451171875">
        <ele>451.20001220703125</ele>
        <time>2026-08-19T23:05:17.000Z</time>
        <extensions>
          <ns3:TrackPointExtension>
            <ns3:hr>157</ns3:hr>
            <ns3:cad>88</ns3:cad>
          </ns3:TrackPointExtension>
        </extensions>
      </trkpt>
      <trkpt lat="34.17891941964626312255859375" lon="108.92827064730226993560791015625">
        <ele>451.20001220703125</ele>
        <time>2026-08-19T23:05:18.000Z</time>
        <extensions>
          <ns3:TrackPointExtension>
            <ns3:hr>157</ns3:hr>
            <ns3:cad>88</ns3:cad>
          </ns3:TrackPointExtension>
        </extensions>
      </trkpt>
      <trkpt lat="34.17890642769634723663330078125" lon="108.92829738557338714599609375">
        <ele>451.399993896484375</ele>
        <time>2026-08-19T23:05:19.000Z</time>
        <extensions>
          <ns3:TrackPointExtension>
            <ns3:hr>158</ns3:hr>
            <ns3:cad>88</ns3:cad>
          </ns3:TrackPointExtension>
        </extensions>
      </trkpt>
      <trkpt lat="34.1788991354405879974365234375" lon="108.92831574194133281707763671875">
        <ele>451.399993896484375</ele>
        <time>2026-08-19T23:05:20.000Z</time>
        <extensions>
          <ns3:TrackPointExtension>
            <ns3:hr>157</ns3:hr>
            <ns3:cad>89</ns3:cad>
          </ns3:TrackPointExtension>
        </extensions>
      </trkpt>
      <trkpt lat="34.1788860596716403961181640625" lon="108.92834189347922801971435546875">
        <ele>451.600006103515625</ele>
        <time>2026-08-19T23:05:21.000Z</time>
        <extensions>
          <ns3:TrackPointExtension>
            <ns3:hr>157</ns3:hr>
            <ns3:cad>89</ns3:cad>
          </ns3:TrackPointExtension>
        </extensions>
      </trkpt>
      <trkpt lat="34.178878851234912872314453125" lon="108.92836050130426883697509765625">
        <ele>451.600006103515625</ele>
        <time>2026-08-19T23:05:22.000Z</time>
        <extensions>
          <ns3:TrackPointExtension>
            <ns3:hr>158</ns3:hr>
            <ns3:cad>88</ns3:cad>
          </ns3:TrackPointExtension>
        </extensions>
      </trkpt>
      <trkpt lat="34.17886753566563129425048828125" lon="108.9283807016909122467041015625">
        <ele>451.79998779296875</ele>
        <time>2026-08-19T23:05:23.000Z</time>
        <extensions>
          <ns3:TrackPointExtension>
            <ns3:hr>157</ns3:hr>
            <ns3:cad>88</ns3:cad>
          </ns3:TrackPointExtension>
        </extensions>
      </trkpt>
      <trkpt lat="34.178860746324062347412109375" lon="108.9283986389636993408203125">
        <ele>451.79998779296875</ele>
        <time>2026-08-19T23:05:24.000Z</time>
        <extensions>
          <ns3:TrackPointExtension>
            <ns3:hr>157</ns3:hr>
            <ns3:cad>88</ns3:cad>
          </ns3:TrackPointExtension>
        </extensions>
      </trkpt>
      <trkpt lat="34.178843982517719268798828125" lon="108.92841934226453304290771484375">
        <ele>452</ele>
        <time>2026-08-19T23:05:25.000Z</time>
        <extensions>
          <ns3:TrackPointExtension>
            <ns3:hr>158</ns3:hr>
            <ns3:cad>88</ns3:cad>
          </ns3:TrackPointExtension>
        </extensions>
      </trkpt>
      <trkpt lat="34.17883316986262798309326171875" lon="108.92843610607087612152099609375">
        <ele>452</ele>
        <time>2026-08-19T23:05:26.000Z</time>
        <extensions>
          <ns3:TrackPointExtension>
            <ns3:hr>157</ns3:hr>
            <ns3:cad>89</ns3:cad>
          </ns3:TrackPointExtension>
        </extensions>
      </trkpt>
      <trkpt lat="34.1788190044462680816650390625" lon="108.92846024595201015472412109375">
        <ele>452.20001220703125</ele>
        <time>2026-08-19T23:05:27.000Z</time>
        <extensions>
          <ns3:TrackPointExtension>
            <ns3:hr>157</ns3:hr>
            <ns3:cad>89</ns3:cad>
          </ns3:TrackPointExtension>
        </extensions>
      </trkpt>
      <trkpt lat="34.1788149811327457427978515625" lon="108.92847935669124126434326171875">
        <ele>452.399993896484375</ele>
        <time>2026-08-19T23:05:28.000Z</time>
        <extensions>
          <ns3:TrackPointExtension>
            <ns3:hr>158</ns3:hr>
            <ns3:cad>89</ns3:cad>
          </ns3:TrackPointExtension>
        </extensions>
      </trkpt>
      <trkpt lat="34.1788015700876712799072265625" lon="108.9285040833055973052978515625">
        <ele>452.399993896484375</ele>
        <time>2026-08-19T23:05:29.000Z</time>
        <extensions>
          <ns3:TrackPointExtension>
            <ns3:hr>157</ns3:hr>
            <ns3:cad>89</ns3:cad>
          </ns3:TrackPointExtension>
        </extensions>
      </trkpt>
      <trkpt lat="34.17878874577581882476806640625" lon="108.9285241998732089996337890625">
        <ele>452.600006103515625</ele>
        <time>2026-08-19T23:05:30.000Z</time>
        <extensions>
          <ns3:TrackPointExtension>
            <ns3:hr>158</ns3:hr>
            <ns3:cad>89</ns3:cad>
          </ns3:TrackPointExtension>
        </extensions>
      </trkpt>
      <trkpt lat="34.17877734638750553131103515625" lon="108.9285463280975818634033203125">
        <ele>452.600006103515625</ele>
        <time>2026-08-19T23:05:31.000Z</time>
        <extensions>
          <ns3:TrackPointExtension>
            <ns3:hr>158</ns3:hr>
            <ns3:cad>89</ns3:cad>
          </ns3:TrackPointExtension>
        </extensions>
      </trkpt>
      <trkpt lat="34.17876921594142913818359375" lon="108.9285667799413204193115234375">
        <ele>452.79998779296875</ele>
        <time>2026-08-19T23:05:32.000Z</time>
        <extensions>
          <ns3:TrackPointExtension>
            <ns3:hr>158</ns3:hr>
            <ns3:cad>89</ns3:cad>
          </ns3:TrackPointExtension>
        </extensions>
      </trkpt>
      <trkpt lat="34.17876142077147960662841796875" lon="108.9285899139940738677978515625">
        <ele>452.79998779296875</ele>
        <time>2026-08-19T23:05:33.000Z</time>
        <extensions>
          <ns3:TrackPointExtension>
            <ns3:hr>157</ns3:hr>
            <ns3:cad>89</ns3:cad>
          </ns3:TrackPointExtension>
        </extensions>
      </trkpt>
      <trkpt lat="34.17875052429735660552978515625" lon="108.92861329950392246246337890625">
        <ele>453</ele>
        <time>2026-08-19T23:05:34.000Z</time>
        <extensions>
          <ns3:TrackPointExtension>
            <ns3:hr>158</ns3:hr>
            <ns3:cad>88</ns3:cad>
          </ns3:TrackPointExtension>
        </extensions>
      </trkpt>
      <trkpt lat="34.1787402145564556121826171875" lon="108.9286338351666927337646484375">
        <ele>453</ele>
        <time>2026-08-19T23:05:35.000Z</time>
        <extensions>
          <ns3:TrackPointExtension>
            <ns3:hr>158</ns3:hr>
            <ns3:cad>87</ns3:cad>
          </ns3:TrackPointExtension>
        </extensions>
      </trkpt>
      <trkpt lat="34.17872898280620574951171875" lon="108.92865680158138275146484375">
        <ele>453</ele>
        <time>2026-08-19T23:05:36.000Z</time>
        <extensions>
          <ns3:TrackPointExtension>
            <ns3:hr>158</ns3:hr>
            <ns3:cad>87</ns3:cad>
          </ns3:TrackPointExtension>
        </extensions>
      </trkpt>
      <trkpt lat="34.17872085236012935638427734375" lon="108.928678929805755615234375">
        <ele>453</ele>
        <time>2026-08-19T23:05:37.000Z</time>
        <extensions>
          <ns3:TrackPointExtension>
            <ns3:hr>158</ns3:hr>
            <ns3:cad>87</ns3:cad>
          </ns3:TrackPointExtension>
        </extensions>
      </trkpt>
      <trkpt lat="34.17870777659118175506591796875" lon="108.92870164476335048675537109375">
        <ele>453.20001220703125</ele>
        <time>2026-08-19T23:05:38.000Z</time>
        <extensions>
          <ns3:TrackPointExtension>
            <ns3:hr>158</ns3:hr>
            <ns3:cad>88</ns3:cad>
          </ns3:TrackPointExtension>
        </extensions>
      </trkpt>
      <trkpt lat="34.178699813783168792724609375" lon="108.92872360534965991973876953125">
        <ele>453.20001220703125</ele>
        <time>2026-08-19T23:05:39.000Z</time>
        <extensions>
          <ns3:TrackPointExtension>
            <ns3:hr>158</ns3:hr>
            <ns3:cad>88</ns3:cad>
          </ns3:TrackPointExtension>
        </extensions>
      </trkpt>
      <trkpt lat="34.1786885820329189300537109375" lon="108.9287505112588405609130859375">
        <ele>453.399993896484375</ele>
        <time>2026-08-19T23:05:40.000Z</time>
        <extensions>
          <ns3:TrackPointExtension>
            <ns3:hr>158</ns3:hr>
            <ns3:cad>88</ns3:cad>
          </ns3:TrackPointExtension>
        </extensions>
      </trkpt>
      <trkpt lat="34.1786845587193965911865234375" lon="108.9287702925503253936767578125">
        <ele>453.399993896484375</ele>
        <time>2026-08-19T23:05:41.000Z</time>
        <extensions>
          <ns3:TrackPointExtension>
            <ns3:hr>158</ns3:hr>
            <ns3:cad>88</ns3:cad>
          </ns3:TrackPointExtension>
        </extensions>
      </trkpt>
      <trkpt lat="34.17867139913141727447509765625" lon="108.92879669554531574249267578125">
        <ele>453.399993896484375</ele>
        <time>2026-08-19T23:05:42.000Z</time>
        <extensions>
          <ns3:TrackPointExtension>
            <ns3:hr>157</ns3:hr>
            <ns3:cad>88</ns3:cad>
          </ns3:TrackPointExtension>
        </extensions>
      </trkpt>
      <trkpt lat="34.1786637715995311737060546875" lon="108.92881597392261028289794921875">
        <ele>453.600006103515625</ele>
        <time>2026-08-19T23:05:43.000Z</time>
        <extensions>
          <ns3:TrackPointExtension>
            <ns3:hr>157</ns3:hr>
            <ns3:cad>88</ns3:cad>
          </ns3:TrackPointExtension>
        </extensions>
      </trkpt>
      <trkpt lat="34.17864960618317127227783203125" lon="108.9288443885743618011474609375">
        <ele>453.600006103515625</ele>
        <time>2026-08-19T23:05:44.000Z</time>
        <extensions>
          <ns3:TrackPointExtension>
            <ns3:hr>156</ns3:hr>
            <ns3:cad>88</ns3:cad>
          </ns3:TrackPointExtension>
        </extensions>
      </trkpt>
      <trkpt lat="34.1786426492035388946533203125" lon="108.928864337503910064697265625">
        <ele>453.79998779296875</ele>
        <time>2026-08-19T23:05:45.000Z</time>
        <extensions>
          <ns3:TrackPointExtension>
            <ns3:hr>156</ns3:hr>
            <ns3:cad>88</ns3:cad>
          </ns3:TrackPointExtension>
        </extensions>
      </trkpt>
      <trkpt lat="34.17862781323492527008056640625" lon="108.928891159594058990478515625">
        <ele>453.79998779296875</ele>
        <time>2026-08-19T23:05:46.000Z</time>
        <extensions>
          <ns3:TrackPointExtension>
            <ns3:hr>156</ns3:hr>
            <ns3:cad>89</ns3:cad>
          </ns3:TrackPointExtension>
        </extensions>
      </trkpt>
      <trkpt lat="34.17862303555011749267578125" lon="108.9289109408855438232421875">
        <ele>453.79998779296875</ele>
        <time>2026-08-19T23:05:47.000Z</time>
        <extensions>
          <ns3:TrackPointExtension>
            <ns3:hr>156</ns3:hr>
            <ns3:cad>88</ns3:cad>
          </ns3:TrackPointExtension>
        </extensions>
      </trkpt>
      <trkpt lat="34.1786154918372631072998046875" lon="108.9289362542331218719482421875">
        <ele>453.79998779296875</ele>
        <time>2026-08-19T23:05:48.000Z</time>
        <extensions>
          <ns3:TrackPointExtension>
            <ns3:hr>156</ns3:hr>
            <ns3:cad>88</ns3:cad>
          </ns3:TrackPointExtension>
        </extensions>
      </trkpt>
      <trkpt lat="34.17860702611505985260009765625" lon="108.92895913682878017425537109375">
        <ele>454</ele>
        <time>2026-08-19T23:05:49.000Z</time>
        <extensions>
          <ns3:TrackPointExtension>
            <ns3:hr>156</ns3:hr>
            <ns3:cad>88</ns3:cad>
          </ns3:TrackPointExtension>
        </extensions>
      </trkpt>
      <trkpt lat="34.17860300280153751373291015625" lon="108.92898595891892910003662109375">
        <ele>454</ele>
        <time>2026-08-19T23:05:50.000Z</time>
        <extensions>
          <ns3:TrackPointExtension>
            <ns3:hr>156</ns3:hr>
            <ns3:cad>88</ns3:cad>
          </ns3:TrackPointExtension>
        </extensions>
      </trkpt>
      <trkpt lat="34.17859487235546112060546875" lon="108.92900892533361911773681640625">
        <ele>454</ele>
        <time>2026-08-19T23:05:51.000Z</time>
        <extensions>
          <ns3:TrackPointExtension>
            <ns3:hr>156</ns3:hr>
            <ns3:cad>88</ns3:cad>
          </ns3:TrackPointExtension>
        </extensions>
      </trkpt>
      <trkpt lat="34.17858171276748180389404296875" lon="108.9290294609963893890380859375">
        <ele>454</ele>
        <time>2026-08-19T23:05:52.000Z</time>
        <extensions>
          <ns3:TrackPointExtension>
            <ns3:hr>156</ns3:hr>
            <ns3:cad>88</ns3:cad>
          </ns3:TrackPointExtension>
        </extensions>
      </trkpt>
      <trkpt lat="34.1785608418285846710205078125" lon="108.92902853898704051971435546875">
        <ele>454.20001220703125</ele>
        <time>2026-08-19T23:05:53.000Z</time>
        <extensions>
          <ns3:TrackPointExtension>
            <ns3:hr>156</ns3:hr>
            <ns3:cad>88</ns3:cad>
          </ns3:TrackPointExtension>
        </extensions>
      </trkpt>
      <trkpt lat="34.17854432947933673858642578125" lon="108.92902853898704051971435546875">
        <ele>454.20001220703125</ele>
        <time>2026-08-19T23:05:54.000Z</time>
        <extensions>
          <ns3:TrackPointExtension>
            <ns3:hr>156</ns3:hr>
            <ns3:cad>88</ns3:cad>
          </ns3:TrackPointExtension>
        </extensions>
      </trkpt>
      <trkpt lat="34.17851977050304412841796875" lon="108.92902619205415248870849609375">
        <ele>454.20001220703125</ele>
        <time>2026-08-19T23:05:55.000Z</time>
        <extensions>
          <ns3:TrackPointExtension>
            <ns3:hr>156</ns3:hr>
            <ns3:cad>87</ns3:cad>
          </ns3:TrackPointExtension>
        </extensions>
      </trkpt>
      <trkpt lat="34.17849655263125896453857421875" lon="108.929023258388042449951171875">
        <ele>454.399993896484375</ele>
        <time>2026-08-19T23:05:56.000Z</time>
        <extensions>
          <ns3:TrackPointExtension>
            <ns3:hr>156</ns3:hr>
            <ns3:cad>87</ns3:cad>
          </ns3:TrackPointExtension>
        </extensions>
      </trkpt>
      <trkpt lat="34.17847593314945697784423828125" lon="108.9290210790932178497314453125">
        <ele>454.399993896484375</ele>
        <time>2026-08-19T23:05:57.000Z</time>
        <extensions>
          <ns3:TrackPointExtension>
            <ns3:hr>156</ns3:hr>
            <ns3:cad>87</ns3:cad>
          </ns3:TrackPointExtension>
        </extensions>
      </trkpt>
      <trkpt lat="34.17844693176448345184326171875" lon="108.92903105355799198150634765625">
        <ele>454.600006103515625</ele>
        <time>2026-08-19T23:05:58.000Z</time>
        <extensions>
          <ns3:TrackPointExtension>
            <ns3:hr>156</ns3:hr>
            <ns3:cad>87</ns3:cad>
          </ns3:TrackPointExtension>
        </extensions>
      </trkpt>
      <trkpt lat="34.1784337721765041351318359375" lon="108.9290468953549861907958984375">
        <ele>454.399993896484375</ele>
        <time>2026-08-19T23:05:59.000Z</time>
        <extensions>
          <ns3:TrackPointExtension>
            <ns3:hr>156</ns3:hr>
            <ns3:cad>87</ns3:cad>
          </ns3:TrackPointExtension>
        </extensions>
      </trkpt>
      <trkpt lat="34.1784160025417804718017578125" lon="108.9290770702064037322998046875">
        <ele>454.399993896484375</ele>
        <time>2026-08-19T23:06:00.000Z</time>
        <extensions>
          <ns3:TrackPointExtension>
            <ns3:hr>156</ns3:hr>
            <ns3:cad>86</ns3:cad>
          </ns3:TrackPointExtension>
        </extensions>
      </trkpt>
      <trkpt lat="34.17840451933443546295166015625" lon="108.92909911461174488067626953125">
        <ele>454.399993896484375</ele>
        <time>2026-08-19T23:06:01.000Z</time>
        <extensions>
          <ns3:TrackPointExtension>
            <ns3:hr>156</ns3:hr>
            <ns3:cad>86</ns3:cad>
          </ns3:TrackPointExtension>
        </extensions>
      </trkpt>
      <trkpt lat="34.17839295230805873870849609375" lon="108.92912593670189380645751953125">
        <ele>454.20001220703125</ele>
        <time>2026-08-19T23:06:02.000Z</time>
        <extensions>
          <ns3:TrackPointExtension>
            <ns3:hr>156</ns3:hr>
            <ns3:cad>86</ns3:cad>
          </ns3:TrackPointExtension>
        </extensions>
      </trkpt>
      <trkpt lat="34.17838700115680694580078125" lon="108.9291451312601566314697265625">
        <ele>454.20001220703125</ele>
        <time>2026-08-19T23:06:03.000Z</time>
        <extensions>
          <ns3:TrackPointExtension>
            <ns3:hr>156</ns3:hr>
            <ns3:cad>86</ns3:cad>
          </ns3:TrackPointExtension>
        </extensions>
      </trkpt>
      <trkpt lat="34.17837015353143215179443359375" lon="108.9291751384735107421875">
        <ele>454.20001220703125</ele>
        <time>2026-08-19T23:06:04.000Z</time>
        <extensions>
          <ns3:TrackPointExtension>
            <ns3:hr>155</ns3:hr>
            <ns3:cad>87</ns3:cad>
          </ns3:TrackPointExtension>
        </extensions>
      </trkpt>
      <trkpt lat="34.178359173238277435302734375" lon="108.92919383011758327484130859375">
        <ele>454.399993896484375</ele>
        <time>2026-08-19T23:06:05.000Z</time>
        <extensions>
          <ns3:TrackPointExtension>
            <ns3:hr>155</ns3:hr>
            <ns3:cad>87</ns3:cad>
          </ns3:TrackPointExtension>
        </extensions>
      </trkpt>
      <trkpt lat="34.17834316380321979522705078125" lon="108.92921813763678073883056640625">
        <ele>454.399993896484375</ele>
        <time>2026-08-19T23:06:06.000Z</time>
        <extensions>
          <ns3:TrackPointExtension>
            <ns3:hr>155</ns3:hr>
            <ns3:cad>87</ns3:cad>
          </ns3:TrackPointExtension>
        </extensions>
      </trkpt>
      <trkpt lat="34.1783284954726696014404296875" lon="108.92923724837601184844970703125">
        <ele>454.399993896484375</ele>
        <time>2026-08-19T23:06:07.000Z</time>
        <extensions>
          <ns3:TrackPointExtension>
            <ns3:hr>155</ns3:hr>
            <ns3:cad>88</ns3:cad>
          </ns3:TrackPointExtension>
        </extensions>
      </trkpt>
      <trkpt lat="34.17831365950405597686767578125" lon="108.9292574487626552581787109375">
        <ele>454.600006103515625</ele>
        <time>2026-08-19T23:06:08.000Z</time>
        <extensions>
          <ns3:TrackPointExtension>
            <ns3:hr>155</ns3:hr>
            <ns3:cad>87</ns3:cad>
          </ns3:TrackPointExtension>
        </extensions>
      </trkpt>
      <trkpt lat="34.17829488404095172882080078125" lon="108.9292730391025543212890625">
        <ele>454.600006103515625</ele>
        <time>2026-08-19T23:06:09.000Z</time>
        <extensions>
          <ns3:TrackPointExtension>
            <ns3:hr>156</ns3:hr>
            <ns3:cad>87</ns3:cad>
          </ns3:TrackPointExtension>
        </extensions>
      </trkpt>
      <trkpt lat="34.17828365229070186614990234375" lon="108.9292872883379459381103515625">
        <ele>454.79998779296875</ele>
        <time>2026-08-19T23:06:10.000Z</time>
        <extensions>
          <ns3:TrackPointExtension>
            <ns3:hr>155</ns3:hr>
            <ns3:cad>87</ns3:cad>
          </ns3:TrackPointExtension>
        </extensions>
      </trkpt>
      <trkpt lat="34.178263954818248748779296875" lon="108.92930430360138416290283203125">
        <ele>454.79998779296875</ele>
        <time>2026-08-19T23:06:11.000Z</time>
        <extensions>
          <ns3:TrackPointExtension>
            <ns3:hr>155</ns3:hr>
            <ns3:cad>87</ns3:cad>
          </ns3:TrackPointExtension>
        </extensions>
      </trkpt>
      <trkpt lat="34.17825012467801570892333984375" lon="108.9293198101222515106201171875">
        <ele>455</ele>
        <time>2026-08-19T23:06:12.000Z</time>
        <extensions>
          <ns3:TrackPointExtension>
            <ns3:hr>155</ns3:hr>
            <ns3:cad>89</ns3:cad>
          </ns3:TrackPointExtension>
        </extensions>
      </trkpt>
      <trkpt lat="34.178226403892040252685546875" lon="108.92934068106114864349365234375">
        <ele>455.20001220703125</ele>
        <time>2026-08-19T23:06:13.000Z</time>
        <extensions>
          <ns3:TrackPointExtension>
            <ns3:hr>155</ns3:hr>
            <ns3:cad>88</ns3:cad>
          </ns3:TrackPointExtension>
        </extensions>
      </trkpt>
      <trkpt lat="34.17821533977985382080078125" lon="108.92935660667717456817626953125">
        <ele>455.20001220703125</ele>
        <time>2026-08-19T23:06:14.000Z</time>
        <extensions>
          <ns3:TrackPointExtension>
            <ns3:hr>155</ns3:hr>
            <ns3:cad>87</ns3:cad>
          </ns3:TrackPointExtension>
        </extensions>
      </trkpt>
      <trkpt lat="34.17819262482225894927978515625" lon="108.92937504686415195465087890625">
        <ele>455.399993896484375</ele>
        <time>2026-08-19T23:06:15.000Z</time>
        <extensions>
          <ns3:TrackPointExtension>
            <ns3:hr>154</ns3:hr>
            <ns3:cad>87</ns3:cad>
          </ns3:TrackPointExtension>
        </extensions>
      </trkpt>
      <trkpt lat="34.1781779564917087554931640625" lon="108.9293882064521312713623046875">
        <ele>455.399993896484375</ele>
        <time>2026-08-19T23:06:16.000Z</time>
        <extensions>
          <ns3:TrackPointExtension>
            <ns3:hr>154</ns3:hr>
            <ns3:cad>87</ns3:cad>
          </ns3:TrackPointExtension>
        </extensions>
      </trkpt>
      <trkpt lat="34.1781531460583209991455078125" lon="108.9294009469449520111083984375">
        <ele>455.399993896484375</ele>
        <time>2026-08-19T23:06:17.000Z</time>
        <extensions>
          <ns3:TrackPointExtension>
            <ns3:hr>153</ns3:hr>
            <ns3:cad>89</ns3:cad>
          </ns3:TrackPointExtension>
        </extensions>
      </trkpt>
      <trkpt lat="34.17814099229872226715087890625" lon="108.9294130168855190277099609375">
        <ele>455.600006103515625</ele>
        <time>2026-08-19T23:06:18.000Z</time>
        <extensions>
          <ns3:TrackPointExtension>
            <ns3:hr>153</ns3:hr>
            <ns3:cad>89</ns3:cad>
          </ns3:TrackPointExtension>
        </extensions>
      </trkpt>
      <trkpt lat="34.17811919935047626495361328125" lon="108.9294317923486232757568359375">
        <ele>455.600006103515625</ele>
        <time>2026-08-19T23:06:19.000Z</time>
        <extensions>
          <ns3:TrackPointExtension>
            <ns3:hr>152</ns3:hr>
            <ns3:cad>89</ns3:cad>
          </ns3:TrackPointExtension>
        </extensions>
      </trkpt>
      <trkpt lat="34.1780978254973888397216796875" lon="108.9294455386698246002197265625">
        <ele>455.79998779296875</ele>
        <time>2026-08-19T23:06:20.000Z</time>
        <extensions>
          <ns3:TrackPointExtension>
            <ns3:hr>152</ns3:hr>
            <ns3:cad>88</ns3:cad>
          </ns3:TrackPointExtension>
        </extensions>
      </trkpt>
      <trkpt lat="34.1780736856162548065185546875" lon="108.9294607937335968017578125">
        <ele>455.79998779296875</ele>
        <time>2026-08-19T23:06:21.000Z</time>
        <extensions>
          <ns3:TrackPointExtension>
            <ns3:hr>152</ns3:hr>
            <ns3:cad>88</ns3:cad>
          </ns3:TrackPointExtension>
        </extensions>
      </trkpt>
      <trkpt lat="34.1780508868396282196044921875" lon="108.9294723607599735260009765625">
        <ele>455.79998779296875</ele>
        <time>2026-08-19T23:06:22.000Z</time>
        <extensions>
          <ns3:TrackPointExtension>
            <ns3:hr>153</ns3:hr>
            <ns3:cad>87</ns3:cad>
          </ns3:TrackPointExtension>
        </extensions>
      </trkpt>
      <trkpt lat="34.17802984826266765594482421875" lon="108.92948317341506481170654296875">
        <ele>456</ele>
        <time>2026-08-19T23:06:23.000Z</time>
        <extensions>
          <ns3:TrackPointExtension>
            <ns3:hr>153</ns3:hr>
            <ns3:cad>87</ns3:cad>
          </ns3:TrackPointExtension>
        </extensions>
      </trkpt>
      <trkpt lat="34.1780076362192630767822265625" lon="108.9294958300888538360595703125">
        <ele>456.20001220703125</ele>
        <time>2026-08-19T23:06:24.000Z</time>
        <extensions>
          <ns3:TrackPointExtension>
            <ns3:hr>153</ns3:hr>
            <ns3:cad>87</ns3:cad>
          </ns3:TrackPointExtension>
        </extensions>
      </trkpt>
      <trkpt lat="34.177989028394222259521484375" lon="108.9295115880668163299560546875">
        <ele>456.20001220703125</ele>
        <time>2026-08-19T23:06:25.000Z</time>
        <extensions>
          <ns3:TrackPointExtension>
            <ns3:hr>153</ns3:hr>
            <ns3:cad>87</ns3:cad>
          </ns3:TrackPointExtension>
        </extensions>
      </trkpt>
      <trkpt lat="34.177959524095058441162109375" lon="108.9295223169028759002685546875">
        <ele>456.20001220703125</ele>
        <time>2026-08-19T23:06:26.000Z</time>
        <extensions>
          <ns3:TrackPointExtension>
            <ns3:hr>153</ns3:hr>
            <ns3:cad>87</ns3:cad>
          </ns3:TrackPointExtension>
        </extensions>
      </trkpt>
      <trkpt lat="34.17793965898454189300537109375" lon="108.9295305311679840087890625">
        <ele>456.399993896484375</ele>
        <time>2026-08-19T23:06:27.000Z</time>
        <extensions>
          <ns3:TrackPointExtension>
            <ns3:hr>153</ns3:hr>
            <ns3:cad>87</ns3:cad>
          </ns3:TrackPointExtension>
        </extensions>
      </trkpt>
      <trkpt lat="34.1779161058366298675537109375" lon="108.92954000271856784820556640625">
        <ele>456.399993896484375</ele>
        <time>2026-08-19T23:06:28.000Z</time>
        <extensions>
          <ns3:TrackPointExtension>
            <ns3:hr>153</ns3:hr>
            <ns3:cad>87</ns3:cad>
          </ns3:TrackPointExtension>
        </extensions>
      </trkpt>
      <trkpt lat="34.17789992876350879669189453125" lon="108.9295491389930248260498046875">
        <ele>456.399993896484375</ele>
        <time>2026-08-19T23:06:29.000Z</time>
        <extensions>
          <ns3:TrackPointExtension>
            <ns3:hr>153</ns3:hr>
            <ns3:cad>87</ns3:cad>
          </ns3:TrackPointExtension>
        </extensions>
      </trkpt>
      <trkpt lat="34.17787981219589710235595703125" lon="108.9295680820941925048828125">
        <ele>456.399993896484375</ele>
        <time>2026-08-19T23:06:30.000Z</time>
        <extensions>
          <ns3:TrackPointExtension>
            <ns3:hr>154</ns3:hr>
            <ns3:cad>88</ns3:cad>
          </ns3:TrackPointExtension>
        </extensions>
      </trkpt>
      <trkpt lat="34.17787025682628154754638671875" lon="108.9295876957476139068603515625">
        <ele>456.399993896484375</ele>
        <time>2026-08-19T23:06:31.000Z</time>
        <extensions>
          <ns3:TrackPointExtension>
            <ns3:hr>154</ns3:hr>
            <ns3:cad>88</ns3:cad>
          </ns3:TrackPointExtension>
        </extensions>
      </trkpt>
      <trkpt lat="34.177857600152492523193359375" lon="108.92960621975362300872802734375">
        <ele>456.399993896484375</ele>
        <time>2026-08-19T23:06:32.000Z</time>
        <extensions>
          <ns3:TrackPointExtension>
            <ns3:hr>154</ns3:hr>
            <ns3:cad>88</ns3:cad>
          </ns3:TrackPointExtension>
        </extensions>
      </trkpt>
      <trkpt lat="34.17785265482962131500244140625" lon="108.92962248064577579498291015625">
        <ele>456.600006103515625</ele>
        <time>2026-08-19T23:06:33.000Z</time>
        <extensions>
          <ns3:TrackPointExtension>
            <ns3:hr>154</ns3:hr>
            <ns3:cad>88</ns3:cad>
          </ns3:TrackPointExtension>
        </extensions>
      </trkpt>
      <trkpt lat="34.17783991433680057525634765625" lon="108.9296456985175609588623046875">
        <ele>456.600006103515625</ele>
        <time>2026-08-19T23:06:34.000Z</time>
        <extensions>
          <ns3:TrackPointExtension>
            <ns3:hr>154</ns3:hr>
            <ns3:cad>89</ns3:cad>
          </ns3:TrackPointExtension>
        </extensions>
      </trkpt>
      <trkpt lat="34.17783387936651706695556640625" lon="108.92966589890420436859130859375">
        <ele>456.600006103515625</ele>
        <time>2026-08-19T23:06:35.000Z</time>
        <extensions>
          <ns3:TrackPointExtension>
            <ns3:hr>155</ns3:hr>
            <ns3:cad>89</ns3:cad>
          </ns3:TrackPointExtension>
        </extensions>
      </trkpt>
      <trkpt lat="34.17781929485499858856201171875" lon="108.92968970350921154022216796875">
        <ele>456.600006103515625</ele>
        <time>2026-08-19T23:06:36.000Z</time>
        <extensions>
          <ns3:TrackPointExtension>
            <ns3:hr>154</ns3:hr>
            <ns3:cad>89</ns3:cad>
          </ns3:TrackPointExtension>
        </extensions>
      </trkpt>
      <trkpt lat="34.1778041236102581024169921875" lon="108.92970797605812549591064453125">
        <ele>456.600006103515625</ele>
        <time>2026-08-19T23:06:37.000Z</time>
        <extensions>
          <ns3:TrackPointExtension>
            <ns3:hr>154</ns3:hr>
            <ns3:cad>90</ns3:cad>
          </ns3:TrackPointExtension>
        </extensions>
      </trkpt>
      <trkpt lat="34.17778928764164447784423828125" lon="108.9297281764447689056396484375">
        <ele>456.600006103515625</ele>
        <time>2026-08-19T23:06:38.000Z</time>
        <extensions>
          <ns3:TrackPointExtension>
            <ns3:hr>155</ns3:hr>
            <ns3:cad>88</ns3:cad>
          </ns3:TrackPointExtension>
        </extensions>
      </trkpt>
      <trkpt lat="34.1777749545872211456298828125" lon="108.92974318005144596099853515625">
        <ele>456.600006103515625</ele>
        <time>2026-08-19T23:06:39.000Z</time>
        <extensions>
          <ns3:TrackPointExtension>
            <ns3:hr>154</ns3:hr>
            <ns3:cad>88</ns3:cad>
          </ns3:TrackPointExtension>
        </extensions>
      </trkpt>
      <trkpt lat="34.177758358418941497802734375" lon="108.92976178787648677825927734375">
        <ele>456.79998779296875</ele>
        <time>2026-08-19T23:06:40.000Z</time>
        <extensions>
          <ns3:TrackPointExtension>
            <ns3:hr>154</ns3:hr>
            <ns3:cad>88</ns3:cad>
          </ns3:TrackPointExtension>
        </extensions>
      </trkpt>
      <trkpt lat="34.17774100787937641143798828125" lon="108.92977268435060977935791015625">
        <ele>456.79998779296875</ele>
        <time>2026-08-19T23:06:41.000Z</time>
        <extensions>
          <ns3:TrackPointExtension>
            <ns3:hr>155</ns3:hr>
            <ns3:cad>88</ns3:cad>
          </ns3:TrackPointExtension>
        </extensions>
      </trkpt>
      <trkpt lat="34.1777199693024158477783203125" lon="108.929782994091510772705078125">
        <ele>456.79998779296875</ele>
        <time>2026-08-19T23:06:42.000Z</time>
        <extensions>
          <ns3:TrackPointExtension>
            <ns3:hr>154</ns3:hr>
            <ns3:cad>88</ns3:cad>
          </ns3:TrackPointExtension>
        </extensions>
      </trkpt>
      <trkpt lat="34.1777001880109310150146484375" lon="108.9297855086624622344970703125">
        <ele>457</ele>
        <time>2026-08-19T23:06:43.000Z</time>
        <extensions>
          <ns3:TrackPointExtension>
            <ns3:hr>154</ns3:hr>
            <ns3:cad>88</ns3:cad>
          </ns3:TrackPointExtension>
        </extensions>
      </trkpt>
      <trkpt lat="34.17768451385200023651123046875" lon="108.929789364337921142578125">
        <ele>457</ele>
        <time>2026-08-19T23:06:44.000Z</time>
        <extensions>
          <ns3:TrackPointExtension>
            <ns3:hr>154</ns3:hr>
            <ns3:cad>88</ns3:cad>
          </ns3:TrackPointExtension>
        </extensions>
      </trkpt>
      <trkpt lat="34.177669174969196319580078125" lon="108.92979313619434833526611328125">
        <ele>457.20001220703125</ele>
        <time>2026-08-19T23:06:45.000Z</time>
        <extensions>
          <ns3:TrackPointExtension>
            <ns3:hr>154</ns3:hr>
            <ns3:cad>88</ns3:cad>
          </ns3:TrackPointExtension>
        </extensions>
      </trkpt>
      <trkpt lat="34.17765065096318721771240234375" lon="108.9297985844314098358154296875">
        <ele>457.399993896484375</ele>
        <time>2026-08-19T23:06:46.000Z</time>
        <extensions>
          <ns3:TrackPointExtension>
            <ns3:hr>154</ns3:hr>
            <ns3:cad>87</ns3:cad>
          </ns3:TrackPointExtension>
        </extensions>
      </trkpt>
      <trkpt lat="34.17762986384332180023193359375" lon="108.92980101518332958221435546875">
        <ele>457.79998779296875</ele>
        <time>2026-08-19T23:06:47.000Z</time>
        <extensions>
          <ns3:TrackPointExtension>
            <ns3:hr>154</ns3:hr>
            <ns3:cad>87</ns3:cad>
          </ns3:TrackPointExtension>
        </extensions>
      </trkpt>
      <trkpt lat="34.17761578224599361419677734375" lon="108.929803110659122467041015625">
        <ele>458.20001220703125</ele>
        <time>2026-08-19T23:06:48.000Z</time>
        <extensions>
          <ns3:TrackPointExtension>
            <ns3:hr>154</ns3:hr>
            <ns3:cad>89</ns3:cad>
          </ns3:TrackPointExtension>
        </extensions>
      </trkpt>
      <trkpt lat="34.17759935371577739715576171875" lon="108.9297975786030292510986328125">
        <ele>458.600006103515625</ele>
        <time>2026-08-19T23:06:49.000Z</time>
        <extensions>
          <ns3:TrackPointExtension>
            <ns3:hr>154</ns3:hr>
            <ns3:cad>89</ns3:cad>
          </ns3:TrackPointExtension>
        </extensions>
      </trkpt>
      <trkpt lat="34.1775848530232906341552734375" lon="108.9297952316701412200927734375">
        <ele>459</ele>
        <time>2026-08-19T23:06:50.000Z</time>
        <extensions>
          <ns3:TrackPointExtension>
            <ns3:hr>155</ns3:hr>
            <ns3:cad>89</ns3:cad>
          </ns3:TrackPointExtension>
        </extensions>
      </trkpt>
      <trkpt lat="34.17757697403430938720703125" lon="108.92977301962673664093017578125">
        <ele>459.399993896484375</ele>
        <time>2026-08-19T23:06:51.000Z</time>
        <extensions>
          <ns3:TrackPointExtension>
            <ns3:hr>155</ns3:hr>
            <ns3:cad>88</ns3:cad>
          </ns3:TrackPointExtension>
        </extensions>
      </trkpt>
      <trkpt lat="34.1775744594633579254150390625" lon="108.929750807583332061767578125">
        <ele>459.600006103515625</ele>
        <time>2026-08-19T23:06:52.000Z</time>
        <extensions>
          <ns3:TrackPointExtension>
            <ns3:hr>155</ns3:hr>
            <ns3:cad>88</ns3:cad>
          </ns3:TrackPointExtension>
        </extensions>
      </trkpt>
      <trkpt lat="34.177572615444660186767578125" lon="108.9297290146350860595703125">
        <ele>459.79998779296875</ele>
        <time>2026-08-19T23:06:53.000Z</time>
        <extensions>
          <ns3:TrackPointExtension>
            <ns3:hr>156</ns3:hr>
            <ns3:cad>88</ns3:cad>
          </ns3:TrackPointExtension>
        </extensions>
      </trkpt>
      <trkpt lat="34.17757160961627960205078125" lon="108.9297016896307468414306640625">
        <ele>460</ele>
        <time>2026-08-19T23:06:54.000Z</time>
        <extensions>
          <ns3:TrackPointExtension>
            <ns3:hr>156</ns3:hr>
            <ns3:cad>88</ns3:cad>
          </ns3:TrackPointExtension>
        </extensions>
      </trkpt>
      <trkpt lat="34.17756599374115467071533203125" lon="108.9296812377870082855224609375">
        <ele>460.20001220703125</ele>
        <time>2026-08-19T23:06:55.000Z</time>
        <extensions>
          <ns3:TrackPointExtension>
            <ns3:hr>156</ns3:hr>
            <ns3:cad>87</ns3:cad>
          </ns3:TrackPointExtension>
        </extensions>
      </trkpt>
      <trkpt lat="34.1775506548583507537841796875" lon="108.92966036684811115264892578125">
        <ele>460.20001220703125</ele>
        <time>2026-08-19T23:06:56.000Z</time>
        <extensions>
          <ns3:TrackPointExtension>
            <ns3:hr>157</ns3:hr>
            <ns3:cad>86</ns3:cad>
          </ns3:TrackPointExtension>
        </extensions>
      </trkpt>
      <trkpt lat="34.1775345616042613983154296875" lon="108.92964008264243602752685546875">
        <ele>460.399993896484375</ele>
        <time>2026-08-19T23:06:57.000Z</time>
        <extensions>
          <ns3:TrackPointExtension>
            <ns3:hr>157</ns3:hr>
            <ns3:cad>86</ns3:cad>
          </ns3:TrackPointExtension>
        </extensions>
      </trkpt>
      <trkpt lat="34.17751436121761798858642578125" lon="108.92963622696697711944580078125">
        <ele>460.600006103515625</ele>
        <time>2026-08-19T23:06:58.000Z</time>
        <extensions>
          <ns3:TrackPointExtension>
            <ns3:hr>158</ns3:hr>
            <ns3:cad>86</ns3:cad>
          </ns3:TrackPointExtension>
        </extensions>
      </trkpt>
      <trkpt lat="34.17749256826937198638916015625" lon="108.92962650395929813385009765625">
        <ele>460.600006103515625</ele>
        <time>2026-08-19T23:06:59.000Z</time>
        <extensions>
          <ns3:TrackPointExtension>
            <ns3:hr>158</ns3:hr>
            <ns3:cad>85</ns3:cad>
          </ns3:TrackPointExtension>
        </extensions>
      </trkpt>
      <trkpt lat="34.17747505009174346923828125" lon="108.92962382175028324127197265625">
        <ele>460.600006103515625</ele>
        <time>2026-08-19T23:07:00.000Z</time>
        <extensions>
          <ns3:TrackPointExtension>
            <ns3:hr>159</ns3:hr>
            <ns3:cad>84</ns3:cad>
          </ns3:TrackPointExtension>
        </extensions>
      </trkpt>
      <trkpt lat="34.17745032347738742828369140625" lon="108.92961979843676090240478515625">
        <ele>460.79998779296875</ele>
        <time>2026-08-19T23:07:01.000Z</time>
        <extensions>
          <ns3:TrackPointExtension>
            <ns3:hr>159</ns3:hr>
            <ns3:cad>84</ns3:cad>
          </ns3:TrackPointExtension>
        </extensions>
      </trkpt>
      <trkpt lat="34.1774309612810611724853515625" lon="108.9296188764274120330810546875">
        <ele>460.600006103515625</ele>
        <time>2026-08-19T23:07:02.000Z</time>
        <extensions>
          <ns3:TrackPointExtension>
            <ns3:hr>159</ns3:hr>
            <ns3:cad>84</ns3:cad>
          </ns3:TrackPointExtension>
        </extensions>
      </trkpt>
      <trkpt lat="34.17740472592413425445556640625" lon="108.92961694858968257904052734375">
        <ele>460.600006103515625</ele>
        <time>2026-08-19T23:07:03.000Z</time>
        <extensions>
          <ns3:TrackPointExtension>
            <ns3:hr>160</ns3:hr>
            <ns3:cad>85</ns3:cad>
          </ns3:TrackPointExtension>
        </extensions>
      </trkpt>
      <trkpt lat="34.17738293297588825225830078125" lon="108.929618038237094879150390625">
        <ele>460.600006103515625</ele>
        <time>2026-08-19T23:07:04.000Z</time>
        <extensions>
          <ns3:TrackPointExtension>
            <ns3:hr>160</ns3:hr>
            <ns3:cad>87</ns3:cad>
          </ns3:TrackPointExtension>
        </extensions>
      </trkpt>
      <trkpt lat="34.177359379827976226806640625" lon="108.929621390998363494873046875">
        <ele>460.600006103515625</ele>
        <time>2026-08-19T23:07:05.000Z</time>
        <extensions>
          <ns3:TrackPointExtension>
            <ns3:hr>160</ns3:hr>
            <ns3:cad>86</ns3:cad>
          </ns3:TrackPointExtension>
        </extensions>
      </trkpt>
      <trkpt lat="34.1773401014506816864013671875" lon="108.92962231300771236419677734375">
        <ele>460.600006103515625</ele>
        <time>2026-08-19T23:07:06.000Z</time>
        <extensions>
          <ns3:TrackPointExtension>
            <ns3:hr>160</ns3:hr>
            <ns3:cad>86</ns3:cad>
          </ns3:TrackPointExtension>
        </extensions>
      </trkpt>
      <trkpt lat="34.17731654830276966094970703125" lon="108.9296202175319194793701171875">
        <ele>460.600006103515625</ele>
        <time>2026-08-19T23:07:07.000Z</time>
        <extensions>
          <ns3:TrackPointExtension>
            <ns3:hr>160</ns3:hr>
            <ns3:cad>87</ns3:cad>
          </ns3:TrackPointExtension>
        </extensions>
      </trkpt>
      <trkpt lat="34.17729978449642658233642578125" lon="108.92962038516998291015625">
        <ele>460.600006103515625</ele>
        <time>2026-08-19T23:07:08.000Z</time>
        <extensions>
          <ns3:TrackPointExtension>
            <ns3:hr>161</ns3:hr>
            <ns3:cad>88</ns3:cad>
          </ns3:TrackPointExtension>
        </extensions>
      </trkpt>
      <trkpt lat="34.17727447114884853363037109375" lon="108.9296182058751583099365234375">
        <ele>460.600006103515625</ele>
        <time>2026-08-19T23:07:09.000Z</time>
        <extensions>
          <ns3:TrackPointExtension>
            <ns3:hr>161</ns3:hr>
            <ns3:cad>88</ns3:cad>
          </ns3:TrackPointExtension>
        </extensions>
      </trkpt>
      <trkpt lat="34.1772582940757274627685546875" lon="108.92961761914193630218505859375">
        <ele>460.79998779296875</ele>
        <time>2026-08-19T23:07:10.000Z</time>
        <extensions>
          <ns3:TrackPointExtension>
            <ns3:hr>161</ns3:hr>
            <ns3:cad>88</ns3:cad>
          </ns3:TrackPointExtension>
        </extensions>
      </trkpt>
      <trkpt lat="34.17723373509943485260009765625" lon="108.9296158589422702789306640625">
        <ele>460.79998779296875</ele>
        <time>2026-08-19T23:07:11.000Z</time>
        <extensions>
          <ns3:TrackPointExtension>
            <ns3:hr>161</ns3:hr>
            <ns3:cad>88</ns3:cad>
          </ns3:TrackPointExtension>
        </extensions>
      </trkpt>
      <trkpt lat="34.1772183962166309356689453125" lon="108.929623402655124664306640625">
        <ele>460.600006103515625</ele>
        <time>2026-08-19T23:07:12.000Z</time>
        <extensions>
          <ns3:TrackPointExtension>
            <ns3:hr>161</ns3:hr>
            <ns3:cad>88</ns3:cad>
          </ns3:TrackPointExtension>
        </extensions>
      </trkpt>
      <trkpt lat="34.1771939210593700408935546875" lon="108.92963253892958164215087890625">
        <ele>460.600006103515625</ele>
        <time>2026-08-19T23:07:13.000Z</time>
        <extensions>
          <ns3:TrackPointExtension>
            <ns3:hr>162</ns3:hr>
            <ns3:cad>89</ns3:cad>
          </ns3:TrackPointExtension>
        </extensions>
      </trkpt>
      <trkpt lat="34.1771726310253143310546875" lon="108.9296376518905162811279296875">
        <ele>460.600006103515625</ele>
        <time>2026-08-19T23:07:14.000Z</time>
        <extensions>
          <ns3:TrackPointExtension>
            <ns3:hr>162</ns3:hr>
            <ns3:cad>89</ns3:cad>
          </ns3:TrackPointExtension>
        </extensions>
      </trkpt>
      <trkpt lat="34.1771476529538631439208984375" lon="108.92964712344110012054443359375">
        <ele>460.600006103515625</ele>
        <time>2026-08-19T23:07:15.000Z</time>
        <extensions>
          <ns3:TrackPointExtension>
            <ns3:hr>163</ns3:hr>
            <ns3:cad>89</ns3:cad>
          </ns3:TrackPointExtension>
        </extensions>
      </trkpt>
      <trkpt lat="34.17712611146271228790283203125" lon="108.92965483479201793670654296875">
        <ele>460.600006103515625</ele>
        <time>2026-08-19T23:07:16.000Z</time>
        <extensions>
          <ns3:TrackPointExtension>
            <ns3:hr>163</ns3:hr>
            <ns3:cad>89</ns3:cad>
          </ns3:TrackPointExtension>
        </extensions>
      </trkpt>
      <trkpt lat="34.1771074198186397552490234375" lon="108.92966807819902896881103515625">
        <ele>460.600006103515625</ele>
        <time>2026-08-19T23:07:17.000Z</time>
        <extensions>
          <ns3:TrackPointExtension>
            <ns3:hr>162</ns3:hr>
            <ns3:cad>88</ns3:cad>
          </ns3:TrackPointExtension>
        </extensions>
      </trkpt>
      <trkpt lat="34.17708403430879116058349609375" lon="108.92968517728149890899658203125">
        <ele>460.600006103515625</ele>
        <time>2026-08-19T23:07:18.000Z</time>
        <extensions>
          <ns3:TrackPointExtension>
            <ns3:hr>161</ns3:hr>
            <ns3:cad>87</ns3:cad>
          </ns3:TrackPointExtension>
        </extensions>
      </trkpt>
      <trkpt lat="34.17706869542598724365234375" lon="108.9297008514404296875">
        <ele>460.600006103515625</ele>
        <time>2026-08-19T23:07:19.000Z</time>
        <extensions>
          <ns3:TrackPointExtension>
            <ns3:hr>161</ns3:hr>
            <ns3:cad>87</ns3:cad>
          </ns3:TrackPointExtension>
        </extensions>
      </trkpt>
      <trkpt lat="34.177046231925487518310546875" lon="108.92971736378967761993408203125">
        <ele>460.600006103515625</ele>
        <time>2026-08-19T23:07:20.000Z</time>
        <extensions>
          <ns3:TrackPointExtension>
            <ns3:hr>160</ns3:hr>
            <ns3:cad>87</ns3:cad>
          </ns3:TrackPointExtension>
        </extensions>
      </trkpt>
      <trkpt lat="34.17703206650912761688232421875" lon="108.92972767353057861328125">
        <ele>460.600006103515625</ele>
        <time>2026-08-19T23:07:21.000Z</time>
        <extensions>
          <ns3:TrackPointExtension>
            <ns3:hr>160</ns3:hr>
            <ns3:cad>88</ns3:cad>
          </ns3:TrackPointExtension>
        </extensions>
      </trkpt>
      <trkpt lat="34.17700993828475475311279296875" lon="108.92973907291889190673828125">
        <ele>460.600006103515625</ele>
        <time>2026-08-19T23:07:22.000Z</time>
        <extensions>
          <ns3:TrackPointExtension>
            <ns3:hr>160</ns3:hr>
            <ns3:cad>88</ns3:cad>
          </ns3:TrackPointExtension>
        </extensions>
      </trkpt>
      <trkpt lat="34.176992587745189666748046875" lon="108.92975005321204662322998046875">
        <ele>460.600006103515625</ele>
        <time>2026-08-19T23:07:23.000Z</time>
        <extensions>
          <ns3:TrackPointExtension>
            <ns3:hr>160</ns3:hr>
            <ns3:cad>88</ns3:cad>
          </ns3:TrackPointExtension>
        </extensions>
      </trkpt>
      <trkpt lat="34.17697481811046600341796875" lon="108.92976882867515087127685546875">
        <ele>460.600006103515625</ele>
        <time>2026-08-19T23:07:24.000Z</time>
        <extensions>
          <ns3:TrackPointExtension>
            <ns3:hr>160</ns3:hr>
            <ns3:cad>87</ns3:cad>
          </ns3:TrackPointExtension>
        </extensions>
      </trkpt>
      <trkpt lat="34.1769635863602161407470703125" lon="108.92978291027247905731201171875">
        <ele>460.600006103515625</ele>
        <time>2026-08-19T23:07:25.000Z</time>
        <extensions>
          <ns3:TrackPointExtension>
            <ns3:hr>160</ns3:hr>
            <ns3:cad>88</ns3:cad>
          </ns3:TrackPointExtension>
        </extensions>
      </trkpt>
      <trkpt lat="34.17694187723100185394287109375" lon="108.92980151809751987457275390625">
        <ele>460.600006103515625</ele>
        <time>2026-08-19T23:07:26.000Z</time>
        <extensions>
          <ns3:TrackPointExtension>
            <ns3:hr>160</ns3:hr>
            <ns3:cad>90</ns3:cad>
          </ns3:TrackPointExtension>
        </extensions>
      </trkpt>
      <trkpt lat="34.1769324056804180145263671875" lon="108.929817192256450653076171875">
        <ele>460.600006103515625</ele>
        <time>2026-08-19T23:07:27.000Z</time>
        <extensions>
          <ns3:TrackPointExtension>
            <ns3:hr>159</ns3:hr>
            <ns3:cad>90</ns3:cad>
          </ns3:TrackPointExtension>
        </extensions>
      </trkpt>
      <trkpt lat="34.17690650559961795806884765625" lon="108.92983387224376201629638671875">
        <ele>460.600006103515625</ele>
        <time>2026-08-19T23:07:28.000Z</time>
        <extensions>
          <ns3:TrackPointExtension>
            <ns3:hr>159</ns3:hr>
            <ns3:cad>90</ns3:cad>
          </ns3:TrackPointExtension>
        </extensions>
      </trkpt>
      <trkpt lat="34.17689141817390918731689453125" lon="108.92983772791922092437744140625">
        <ele>460.600006103515625</ele>
        <time>2026-08-19T23:07:29.000Z</time>
        <extensions>
          <ns3:TrackPointExtension>
            <ns3:hr>159</ns3:hr>
            <ns3:cad>90</ns3:cad>
          </ns3:TrackPointExtension>
        </extensions>
      </trkpt>
      <trkpt lat="34.17685906402766704559326171875" lon="108.92984225414693355560302734375">
        <ele>460.600006103515625</ele>
        <time>2026-08-19T23:07:30.000Z</time>
        <extensions>
          <ns3:TrackPointExtension>
            <ns3:hr>158</ns3:hr>
            <ns3:cad>88</ns3:cad>
          </ns3:TrackPointExtension>
        </extensions>
      </trkpt>
      <trkpt lat="34.17683861218392848968505859375" lon="108.92984309233725070953369140625">
        <ele>460.600006103515625</ele>
        <time>2026-08-19T23:07:31.000Z</time>
        <extensions>
          <ns3:TrackPointExtension>
            <ns3:hr>158</ns3:hr>
            <ns3:cad>87</ns3:cad>
          </ns3:TrackPointExtension>
        </extensions>
      </trkpt>
      <trkpt lat="34.17681111954152584075927734375" lon="108.9298478700220584869384765625">
        <ele>460.600006103515625</ele>
        <time>2026-08-19T23:07:32.000Z</time>
        <extensions>
          <ns3:TrackPointExtension>
            <ns3:hr>158</ns3:hr>
            <ns3:cad>87</ns3:cad>
          </ns3:TrackPointExtension>
        </extensions>
      </trkpt>
      <trkpt lat="34.17678773403167724609375" lon="108.92984929494559764862060546875">
        <ele>460.399993896484375</ele>
        <time>2026-08-19T23:07:33.000Z</time>
        <extensions>
          <ns3:TrackPointExtension>
            <ns3:hr>158</ns3:hr>
            <ns3:cad>87</ns3:cad>
          </ns3:TrackPointExtension>
        </extensions>
      </trkpt>
      <trkpt lat="34.17676133103668689727783203125" lon="108.92985180951654911041259765625">
        <ele>460.600006103515625</ele>
        <time>2026-08-19T23:07:34.000Z</time>
        <extensions>
          <ns3:TrackPointExtension>
            <ns3:hr>158</ns3:hr>
            <ns3:cad>88</ns3:cad>
          </ns3:TrackPointExtension>
        </extensions>
      </trkpt>
      <trkpt lat="34.17673601768910884857177734375" lon="108.92984996549785137176513671875">
        <ele>460.399993896484375</ele>
        <time>2026-08-19T23:07:35.000Z</time>
        <extensions>
          <ns3:TrackPointExtension>
            <ns3:hr>157</ns3:hr>
            <ns3:cad>87</ns3:cad>
          </ns3:TrackPointExtension>
        </extensions>
      </trkpt>
      <trkpt lat="34.1767131350934505462646484375" lon="108.929842673242092132568359375">
        <ele>460.399993896484375</ele>
        <time>2026-08-19T23:07:36.000Z</time>
        <extensions>
          <ns3:TrackPointExtension>
            <ns3:hr>157</ns3:hr>
            <ns3:cad>87</ns3:cad>
          </ns3:TrackPointExtension>
        </extensions>
      </trkpt>
      <trkpt lat="34.17668958194553852081298828125" lon="108.92982012592256069183349609375">
        <ele>460.399993896484375</ele>
        <time>2026-08-19T23:07:37.000Z</time>
        <extensions>
          <ns3:TrackPointExtension>
            <ns3:hr>157</ns3:hr>
            <ns3:cad>87</ns3:cad>
          </ns3:TrackPointExtension>
        </extensions>
      </trkpt>
      <trkpt lat="34.1766765899956226348876953125" lon="108.92980135045945644378662109375">
        <ele>460.399993896484375</ele>
        <time>2026-08-19T23:07:38.000Z</time>
        <extensions>
          <ns3:TrackPointExtension>
            <ns3:hr>157</ns3:hr>
            <ns3:cad>87</ns3:cad>
          </ns3:TrackPointExtension>
        </extensions>
      </trkpt>
      <trkpt lat="34.1766564734280109405517578125" lon="108.9297697506844997406005859375">
        <ele>460.20001220703125</ele>
        <time>2026-08-19T23:07:39.000Z</time>
        <extensions>
          <ns3:TrackPointExtension>
            <ns3:hr>158</ns3:hr>
            <ns3:cad>88</ns3:cad>
          </ns3:TrackPointExtension>
        </extensions>
      </trkpt>
      <trkpt lat="34.1766415536403656005859375" lon="108.92974468879401683807373046875">
        <ele>460.20001220703125</ele>
        <time>2026-08-19T23:07:40.000Z</time>
        <extensions>
          <ns3:TrackPointExtension>
            <ns3:hr>157</ns3:hr>
            <ns3:cad>88</ns3:cad>
          </ns3:TrackPointExtension>
        </extensions>
      </trkpt>
      <trkpt lat="34.1766308248043060302734375" lon="108.92971166409552097320556640625">
        <ele>460.20001220703125</ele>
        <time>2026-08-19T23:07:41.000Z</time>
        <extensions>
          <ns3:TrackPointExtension>
            <ns3:hr>158</ns3:hr>
            <ns3:cad>88</ns3:cad>
          </ns3:TrackPointExtension>
        </extensions>
      </trkpt>
      <trkpt lat="34.1766179166734218597412109375" lon="108.929689116775989532470703125">
        <ele>460.399993896484375</ele>
        <time>2026-08-19T23:07:42.000Z</time>
        <extensions>
          <ns3:TrackPointExtension>
            <ns3:hr>159</ns3:hr>
            <ns3:cad>87</ns3:cad>
          </ns3:TrackPointExtension>
        </extensions>
      </trkpt>
      <trkpt lat="34.17660593055188655853271484375" lon="108.92966439016163349151611328125">
        <ele>460.399993896484375</ele>
        <time>2026-08-19T23:07:43.000Z</time>
        <extensions>
          <ns3:TrackPointExtension>
            <ns3:hr>159</ns3:hr>
            <ns3:cad>87</ns3:cad>
          </ns3:TrackPointExtension>
        </extensions>
      </trkpt>
      <trkpt lat="34.1765894182026386260986328125" lon="108.9296324551105499267578125">
        <ele>460.399993896484375</ele>
        <time>2026-08-19T23:07:44.000Z</time>
        <extensions>
          <ns3:TrackPointExtension>
            <ns3:hr>159</ns3:hr>
            <ns3:cad>87</ns3:cad>
          </ns3:TrackPointExtension>
        </extensions>
      </trkpt>
      <trkpt lat="34.176572151482105255126953125" lon="108.92961359582841396331787109375">
        <ele>460.399993896484375</ele>
        <time>2026-08-19T23:07:45.000Z</time>
        <extensions>
          <ns3:TrackPointExtension>
            <ns3:hr>159</ns3:hr>
            <ns3:cad>88</ns3:cad>
          </ns3:TrackPointExtension>
        </extensions>
      </trkpt>
      <trkpt lat="34.17654977180063724517822265625" lon="108.92959850840270519256591796875">
        <ele>460.399993896484375</ele>
        <time>2026-08-19T23:07:46.000Z</time>
        <extensions>
          <ns3:TrackPointExtension>
            <ns3:hr>159</ns3:hr>
            <ns3:cad>88</ns3:cad>
          </ns3:TrackPointExtension>
        </extensions>
      </trkpt>
      <trkpt lat="34.1765342652797698974609375" lon="108.92959364689886569976806640625">
        <ele>460.399993896484375</ele>
        <time>2026-08-19T23:07:47.000Z</time>
        <extensions>
          <ns3:TrackPointExtension>
            <ns3:hr>158</ns3:hr>
            <ns3:cad>87</ns3:cad>
          </ns3:TrackPointExtension>
        </extensions>
      </trkpt>
      <trkpt lat="34.17650752700865268707275390625" lon="108.92959213815629482269287109375">
        <ele>460.399993896484375</ele>
        <time>2026-08-19T23:07:48.000Z</time>
        <extensions>
          <ns3:TrackPointExtension>
            <ns3:hr>157</ns3:hr>
            <ns3:cad>87</ns3:cad>
          </ns3:TrackPointExtension>
        </extensions>
      </trkpt>
      <trkpt lat="34.1764898411929607391357421875" lon="108.92959364689886569976806640625">
        <ele>460.399993896484375</ele>
        <time>2026-08-19T23:07:49.000Z</time>
        <extensions>
          <ns3:TrackPointExtension>
            <ns3:hr>157</ns3:hr>
            <ns3:cad>87</ns3:cad>
          </ns3:TrackPointExtension>
        </extensions>
      </trkpt>
      <trkpt lat="34.1764697246253490447998046875" lon="108.9295967482030391693115234375">
        <ele>460.399993896484375</ele>
        <time>2026-08-19T23:07:50.000Z</time>
        <extensions>
          <ns3:TrackPointExtension>
            <ns3:hr>156</ns3:hr>
            <ns3:cad>87</ns3:cad>
          </ns3:TrackPointExtension>
        </extensions>
      </trkpt>
      <trkpt lat="34.17645178735256195068359375" lon="108.9296031184494495391845703125">
        <ele>460.399993896484375</ele>
        <time>2026-08-19T23:07:51.000Z</time>
        <extensions>
          <ns3:TrackPointExtension>
            <ns3:hr>155</ns3:hr>
            <ns3:cad>88</ns3:cad>
          </ns3:TrackPointExtension>
        </extensions>
      </trkpt>
      <trkpt lat="34.176426641643047332763671875" lon="108.92960538156330585479736328125">
        <ele>460.399993896484375</ele>
        <time>2026-08-19T23:07:52.000Z</time>
        <extensions>
          <ns3:TrackPointExtension>
            <ns3:hr>155</ns3:hr>
            <ns3:cad>88</ns3:cad>
          </ns3:TrackPointExtension>
        </extensions>
      </trkpt>
      <trkpt lat="34.17640761472284793853759765625" lon="108.92961166799068450927734375">
        <ele>460.399993896484375</ele>
        <time>2026-08-19T23:07:53.000Z</time>
        <extensions>
          <ns3:TrackPointExtension>
            <ns3:hr>155</ns3:hr>
            <ns3:cad>88</ns3:cad>
          </ns3:TrackPointExtension>
        </extensions>
      </trkpt>
      <trkpt lat="34.1763835586607456207275390625" lon="108.9296158589422702789306640625">
        <ele>460.399993896484375</ele>
        <time>2026-08-19T23:07:54.000Z</time>
        <extensions>
          <ns3:TrackPointExtension>
            <ns3:hr>154</ns3:hr>
            <ns3:cad>89</ns3:cad>
          </ns3:TrackPointExtension>
        </extensions>
      </trkpt>
      <trkpt lat="34.17635925114154815673828125" lon="108.92961795441806316375732421875">
        <ele>460.399993896484375</ele>
        <time>2026-08-19T23:07:55.000Z</time>
        <extensions>
          <ns3:TrackPointExtension>
            <ns3:hr>154</ns3:hr>
            <ns3:cad>90</ns3:cad>
          </ns3:TrackPointExtension>
        </extensions>
      </trkpt>
      <trkpt lat="34.1763329319655895233154296875" lon="108.9296188764274120330810546875">
        <ele>460.20001220703125</ele>
        <time>2026-08-19T23:07:56.000Z</time>
        <extensions>
          <ns3:TrackPointExtension>
            <ns3:hr>154</ns3:hr>
            <ns3:cad>90</ns3:cad>
          </ns3:TrackPointExtension>
        </extensions>
      </trkpt>
      <trkpt lat="34.1763103008270263671875" lon="108.9296190440654754638671875">
        <ele>460.20001220703125</ele>
        <time>2026-08-19T23:07:57.000Z</time>
        <extensions>
          <ns3:TrackPointExtension>
            <ns3:hr>154</ns3:hr>
            <ns3:cad>90</ns3:cad>
          </ns3:TrackPointExtension>
        </extensions>
      </trkpt>
      <trkpt lat="34.17628347873687744140625" lon="108.929617702960968017578125">
        <ele>460.20001220703125</ele>
        <time>2026-08-19T23:07:58.000Z</time>
        <extensions>
          <ns3:TrackPointExtension>
            <ns3:hr>155</ns3:hr>
            <ns3:cad>90</ns3:cad>
          </ns3:TrackPointExtension>
        </extensions>
      </trkpt>
      <trkpt lat="34.17626596055924892425537109375" lon="108.9296208880841732025146484375">
        <ele>460.20001220703125</ele>
        <time>2026-08-19T23:07:59.000Z</time>
        <extensions>
          <ns3:TrackPointExtension>
            <ns3:hr>154</ns3:hr>
            <ns3:cad>90</ns3:cad>
          </ns3:TrackPointExtension>
        </extensions>
      </trkpt>
      <trkpt lat="34.17623947374522686004638671875" lon="108.9296190440654754638671875">
        <ele>460.20001220703125</ele>
        <time>2026-08-19T23:08:00.000Z</time>
        <extensions>
          <ns3:TrackPointExtension>
            <ns3:hr>154</ns3:hr>
            <ns3:cad>90</ns3:cad>
          </ns3:TrackPointExtension>
        </extensions>
      </trkpt>
      <trkpt lat="34.1762199439108371734619140625" lon="108.92961946316063404083251953125">
        <ele>460</ele>
        <time>2026-08-19T23:08:01.000Z</time>
        <extensions>
          <ns3:TrackPointExtension>
            <ns3:hr>154</ns3:hr>
            <ns3:cad>89</ns3:cad>
          </ns3:TrackPointExtension>
        </extensions>
      </trkpt>
      <trkpt lat="34.17619722895324230194091796875" lon="108.9296217262744903564453125">
        <ele>460</ele>
        <time>2026-08-19T23:08:02.000Z</time>
        <extensions>
          <ns3:TrackPointExtension>
            <ns3:hr>154</ns3:hr>
            <ns3:cad>89</ns3:cad>
          </ns3:TrackPointExtension>
        </extensions>
      </trkpt>
      <trkpt lat="34.17617275379598140716552734375" lon="108.92962465994060039520263671875">
        <ele>460</ele>
        <time>2026-08-19T23:08:03.000Z</time>
        <extensions>
          <ns3:TrackPointExtension>
            <ns3:hr>154</ns3:hr>
            <ns3:cad>89</ns3:cad>
          </ns3:TrackPointExtension>
        </extensions>
      </trkpt>
      <trkpt lat="34.17615003883838653564453125" lon="108.929623067378997802734375">
        <ele>460</ele>
        <time>2026-08-19T23:08:04.000Z</time>
        <extensions>
          <ns3:TrackPointExtension>
            <ns3:hr>154</ns3:hr>
            <ns3:cad>90</ns3:cad>
          </ns3:TrackPointExtension>
        </extensions>
      </trkpt>
      <trkpt lat="34.1761267371475696563720703125" lon="108.929618038237094879150390625">
        <ele>460</ele>
        <time>2026-08-19T23:08:05.000Z</time>
        <extensions>
          <ns3:TrackPointExtension>
            <ns3:hr>154</ns3:hr>
            <ns3:cad>90</ns3:cad>
          </ns3:TrackPointExtension>
        </extensions>
      </trkpt>
      <trkpt lat="34.17610175907611846923828125" lon="108.9296118356287479400634765625">
        <ele>460</ele>
        <time>2026-08-19T23:08:06.000Z</time>
        <extensions>
          <ns3:TrackPointExtension>
            <ns3:hr>154</ns3:hr>
            <ns3:cad>90</ns3:cad>
          </ns3:TrackPointExtension>
        </extensions>
      </trkpt>
      <trkpt lat="34.1760809719562530517578125" lon="108.929612338542938232421875">
        <ele>460</ele>
        <time>2026-08-19T23:08:07.000Z</time>
        <extensions>
          <ns3:TrackPointExtension>
            <ns3:hr>154</ns3:hr>
            <ns3:cad>90</ns3:cad>
          </ns3:TrackPointExtension>
        </extensions>
      </trkpt>
      <trkpt lat="34.176054485142230987548828125" lon="108.92960705794394016265869140625">
        <ele>460</ele>
        <time>2026-08-19T23:08:08.000Z</time>
        <extensions>
          <ns3:TrackPointExtension>
            <ns3:hr>154</ns3:hr>
            <ns3:cad>89</ns3:cad>
          </ns3:TrackPointExtension>
        </extensions>
      </trkpt>
      <trkpt lat="34.17603411711752414703369140625" lon="108.929603286087512969970703125">
        <ele>460</ele>
        <time>2026-08-19T23:08:09.000Z</time>
        <extensions>
          <ns3:TrackPointExtension>
            <ns3:hr>154</ns3:hr>
            <ns3:cad>89</ns3:cad>
          </ns3:TrackPointExtension>
        </extensions>
      </trkpt>
      <trkpt lat="34.17600654065608978271484375" lon="108.92959264107048511505126953125">
        <ele>459.79998779296875</ele>
        <time>2026-08-19T23:08:10.000Z</time>
        <extensions>
          <ns3:TrackPointExtension>
            <ns3:hr>154</ns3:hr>
            <ns3:cad>89</ns3:cad>
          </ns3:TrackPointExtension>
        </extensions>
      </trkpt>
      <trkpt lat="34.1759855858981609344482421875" lon="108.92958618700504302978515625">
        <ele>459.79998779296875</ele>
        <time>2026-08-19T23:08:11.000Z</time>
        <extensions>
          <ns3:TrackPointExtension>
            <ns3:hr>154</ns3:hr>
            <ns3:cad>89</ns3:cad>
          </ns3:TrackPointExtension>
        </extensions>
      </trkpt>
      <trkpt lat="34.17596454732120037078857421875" lon="108.9295806549489498138427734375">
        <ele>459.79998779296875</ele>
        <time>2026-08-19T23:08:12.000Z</time>
        <extensions>
          <ns3:TrackPointExtension>
            <ns3:hr>153</ns3:hr>
            <ns3:cad>89</ns3:cad>
          </ns3:TrackPointExtension>
        </extensions>
      </trkpt>
      <trkpt lat="34.17594426311552524566650390625" lon="108.929578475654125213623046875">
        <ele>459.79998779296875</ele>
        <time>2026-08-19T23:08:13.000Z</time>
        <extensions>
          <ns3:TrackPointExtension>
            <ns3:hr>153</ns3:hr>
            <ns3:cad>89</ns3:cad>
          </ns3:TrackPointExtension>
        </extensions>
      </trkpt>
      <trkpt lat="34.17592179961502552032470703125" lon="108.92956481315195560455322265625">
        <ele>459.79998779296875</ele>
        <time>2026-08-19T23:08:14.000Z</time>
        <extensions>
          <ns3:TrackPointExtension>
            <ns3:hr>153</ns3:hr>
            <ns3:cad>89</ns3:cad>
          </ns3:TrackPointExtension>
        </extensions>
      </trkpt>
      <trkpt lat="34.17589833028614521026611328125" lon="108.9295581914484500885009765625">
        <ele>459.79998779296875</ele>
        <time>2026-08-19T23:08:15.000Z</time>
        <extensions>
          <ns3:TrackPointExtension>
            <ns3:hr>153</ns3:hr>
            <ns3:cad>89</ns3:cad>
          </ns3:TrackPointExtension>
        </extensions>
      </trkpt>
      <trkpt lat="34.17587402276694774627685546875" lon="108.9295444451272487640380859375">
        <ele>459.79998779296875</ele>
        <time>2026-08-19T23:08:16.000Z</time>
        <extensions>
          <ns3:TrackPointExtension>
            <ns3:hr>152</ns3:hr>
            <ns3:cad>89</ns3:cad>
          </ns3:TrackPointExtension>
        </extensions>
      </trkpt>
      <trkpt lat="34.17585759423673152923583984375" lon="108.9295303635299205780029296875">
        <ele>459.600006103515625</ele>
        <time>2026-08-19T23:08:17.000Z</time>
        <extensions>
          <ns3:TrackPointExtension>
            <ns3:hr>152</ns3:hr>
            <ns3:cad>89</ns3:cad>
          </ns3:TrackPointExtension>
        </extensions>
      </trkpt>
      <trkpt lat="34.17583731003105640411376953125" lon="108.92951586283743381500244140625">
        <ele>459.79998779296875</ele>
        <time>2026-08-19T23:08:18.000Z</time>
        <extensions>
          <ns3:TrackPointExtension>
            <ns3:hr>152</ns3:hr>
            <ns3:cad>89</ns3:cad>
          </ns3:TrackPointExtension>
        </extensions>
      </trkpt>
      <trkpt lat="34.175817109644412994384765625" lon="108.9295045472681522369384765625">
        <ele>459.79998779296875</ele>
        <time>2026-08-19T23:08:19.000Z</time>
        <extensions>
          <ns3:TrackPointExtension>
            <ns3:hr>152</ns3:hr>
            <ns3:cad>89</ns3:cad>
          </ns3:TrackPointExtension>
        </extensions>
      </trkpt>
      <trkpt lat="34.175790958106517791748046875" lon="108.92948971129953861236572265625">
        <ele>459.600006103515625</ele>
        <time>2026-08-19T23:08:20.000Z</time>
        <extensions>
          <ns3:TrackPointExtension>
            <ns3:hr>152</ns3:hr>
            <ns3:cad>89</ns3:cad>
          </ns3:TrackPointExtension>
        </extensions>
      </trkpt>
      <trkpt lat="34.17577042244374752044677734375" lon="108.92948367632925510406494140625">
        <ele>459.600006103515625</ele>
        <time>2026-08-19T23:08:21.000Z</time>
        <extensions>
          <ns3:TrackPointExtension>
            <ns3:hr>152</ns3:hr>
            <ns3:cad>89</ns3:cad>
          </ns3:TrackPointExtension>
        </extensions>
      </trkpt>
      <trkpt lat="34.17574561201035976409912109375" lon="108.92947261221706867218017578125">
        <ele>459.600006103515625</ele>
        <time>2026-08-19T23:08:22.000Z</time>
        <extensions>
          <ns3:TrackPointExtension>
            <ns3:hr>152</ns3:hr>
            <ns3:cad>89</ns3:cad>
          </ns3:TrackPointExtension>
        </extensions>
      </trkpt>
      <trkpt lat="34.17572331614792346954345703125" lon="108.9294653199613094329833984375">
        <ele>459.600006103515625</ele>
        <time>2026-08-19T23:08:23.000Z</time>
        <extensions>
          <ns3:TrackPointExtension>
            <ns3:hr>151</ns3:hr>
            <ns3:cad>89</ns3:cad>
          </ns3:TrackPointExtension>
        </extensions>
      </trkpt>
      <trkpt lat="34.1756938956677913665771484375" lon="108.92945366911590099334716796875">
        <ele>459.600006103515625</ele>
        <time>2026-08-19T23:08:24.000Z</time>
        <extensions>
          <ns3:TrackPointExtension>
            <ns3:hr>151</ns3:hr>
            <ns3:cad>90</ns3:cad>
          </ns3:TrackPointExtension>
        </extensions>
      </trkpt>
      <trkpt lat="34.1756690852344036102294921875" lon="108.92944964580237865447998046875">
        <ele>459.600006103515625</ele>
        <time>2026-08-19T23:08:25.000Z</time>
        <extensions>
          <ns3:TrackPointExtension>
            <ns3:hr>149</ns3:hr>
            <ns3:cad>89</ns3:cad>
          </ns3:TrackPointExtension>
        </extensions>
      </trkpt>
      <trkpt lat="34.17563773691654205322265625" lon="108.92943137325346469879150390625">
        <ele>459.600006103515625</ele>
        <time>2026-08-19T23:08:26.000Z</time>
        <extensions>
          <ns3:TrackPointExtension>
            <ns3:hr>149</ns3:hr>
            <ns3:cad>88</ns3:cad>
          </ns3:TrackPointExtension>
        </extensions>
      </trkpt>
      <trkpt lat="34.1756167821586132049560546875" lon="108.92942014150321483612060546875">
        <ele>459.600006103515625</ele>
        <time>2026-08-19T23:08:27.000Z</time>
        <extensions>
          <ns3:TrackPointExtension>
            <ns3:hr>148</ns3:hr>
            <ns3:cad>88</ns3:cad>
          </ns3:TrackPointExtension>
        </extensions>
      </trkpt>
      <trkpt lat="34.175595156848430633544921875" lon="108.92940605990588665008544921875">
        <ele>459.600006103515625</ele>
        <time>2026-08-19T23:08:28.000Z</time>
        <extensions>
          <ns3:TrackPointExtension>
            <ns3:hr>148</ns3:hr>
            <ns3:cad>88</ns3:cad>
          </ns3:TrackPointExtension>
        </extensions>
      </trkpt>
      <trkpt lat="34.17557730339467525482177734375" lon="108.9293929003179073333740234375">
        <ele>459.600006103515625</ele>
        <time>2026-08-19T23:08:29.000Z</time>
        <extensions>
          <ns3:TrackPointExtension>
            <ns3:hr>148</ns3:hr>
            <ns3:cad>88</ns3:cad>
          </ns3:TrackPointExtension>
        </extensions>
      </trkpt>
      <trkpt lat="34.17556070722639560699462890625" lon="108.929368592798709869384765625">
        <ele>459.600006103515625</ele>
        <time>2026-08-19T23:08:30.000Z</time>
        <extensions>
          <ns3:TrackPointExtension>
            <ns3:hr>149</ns3:hr>
            <ns3:cad>88</ns3:cad>
          </ns3:TrackPointExtension>
        </extensions>
      </trkpt>
      <trkpt lat="34.17555266059935092926025390625" lon="108.92934403382241725921630859375">
        <ele>459.600006103515625</ele>
        <time>2026-08-19T23:08:31.000Z</time>
        <extensions>
          <ns3:TrackPointExtension>
            <ns3:hr>148</ns3:hr>
            <ns3:cad>88</ns3:cad>
          </ns3:TrackPointExtension>
        </extensions>
      </trkpt>
      <trkpt lat="34.1755445301532745361328125" lon="108.9293177984654903411865234375">
        <ele>459.600006103515625</ele>
        <time>2026-08-19T23:08:32.000Z</time>
        <extensions>
          <ns3:TrackPointExtension>
            <ns3:hr>148</ns3:hr>
            <ns3:cad>88</ns3:cad>
          </ns3:TrackPointExtension>
        </extensions>
      </trkpt>
      <trkpt lat="34.175541512668132781982421875" lon="108.92928921617567539215087890625">
        <ele>459.600006103515625</ele>
        <time>2026-08-19T23:08:33.000Z</time>
        <extensions>
          <ns3:TrackPointExtension>
            <ns3:hr>148</ns3:hr>
            <ns3:cad>88</ns3:cad>
          </ns3:TrackPointExtension>
        </extensions>
      </trkpt>
      <trkpt lat="34.1755416803061962127685546875" lon="108.92926239408552646636962890625">
        <ele>459.600006103515625</ele>
        <time>2026-08-19T23:08:34.000Z</time>
        <extensions>
          <ns3:TrackPointExtension>
            <ns3:hr>147</ns3:hr>
            <ns3:cad>87</ns3:cad>
          </ns3:TrackPointExtension>
        </extensions>
      </trkpt>
      <trkpt lat="34.175542853772640228271484375" lon="108.92923423089087009429931640625">
        <ele>459.399993896484375</ele>
        <time>2026-08-19T23:08:35.000Z</time>
        <extensions>
          <ns3:TrackPointExtension>
            <ns3:hr>146</ns3:hr>
            <ns3:cad>87</ns3:cad>
          </ns3:TrackPointExtension>
        </extensions>
      </trkpt>
      <trkpt lat="34.175542853772640228271484375" lon="108.92920958809554576873779296875">
        <ele>459.399993896484375</ele>
        <time>2026-08-19T23:08:36.000Z</time>
        <extensions>
          <ns3:TrackPointExtension>
            <ns3:hr>146</ns3:hr>
            <ns3:cad>87</ns3:cad>
          </ns3:TrackPointExtension>
        </extensions>
      </trkpt>
      <trkpt lat="34.175546206533908843994140625" lon="108.929204307496547698974609375">
        <ele>459.399993896484375</ele>
        <time>2026-08-19T23:08:37.000Z</time>
        <extensions>
          <ns3:TrackPointExtension>
            <ns3:hr>146</ns3:hr>
            <ns3:cad>88</ns3:cad>
          </ns3:TrackPointExtension>
        </extensions>
      </trkpt>
      <trkpt lat="34.17554930783808231353759765625" lon="108.9291753061115741729736328125">
        <ele>459.399993896484375</ele>
        <time>2026-08-19T23:08:38.000Z</time>
        <extensions>
          <ns3:TrackPointExtension>
            <ns3:hr>146</ns3:hr>
            <ns3:cad>89</ns3:cad>
          </ns3:TrackPointExtension>
        </extensions>
      </trkpt>
      <trkpt lat="34.175556600093841552734375" lon="108.92913716845214366912841796875">
        <ele>459.600006103515625</ele>
        <time>2026-08-19T23:08:39.000Z</time>
        <extensions>
          <ns3:TrackPointExtension>
            <ns3:hr>146</ns3:hr>
            <ns3:cad>88</ns3:cad>
          </ns3:TrackPointExtension>
        </extensions>
      </trkpt>
      <trkpt lat="34.17556531727313995361328125" lon="108.92911168746650218963623046875">
        <ele>459.600006103515625</ele>
        <time>2026-08-19T23:08:40.000Z</time>
        <extensions>
          <ns3:TrackPointExtension>
            <ns3:hr>146</ns3:hr>
            <ns3:cad>88</ns3:cad>
          </ns3:TrackPointExtension>
        </extensions>
      </trkpt>
      <trkpt lat="34.1755832545459270477294921875" lon="108.92907732166349887847900390625">
        <ele>459.600006103515625</ele>
        <time>2026-08-19T23:08:41.000Z</time>
        <extensions>
          <ns3:TrackPointExtension>
            <ns3:hr>146</ns3:hr>
            <ns3:cad>88</ns3:cad>
          </ns3:TrackPointExtension>
        </extensions>
      </trkpt>
      <trkpt lat="34.17559683322906494140625" lon="108.92904999665915966033935546875">
        <ele>459.79998779296875</ele>
        <time>2026-08-19T23:08:42.000Z</time>
        <extensions>
          <ns3:TrackPointExtension>
            <ns3:hr>146</ns3:hr>
            <ns3:cad>89</ns3:cad>
          </ns3:TrackPointExtension>
        </extensions>
      </trkpt>
      <trkpt lat="34.17561116628348827362060546875" lon="108.92901730723679065704345703125">
        <ele>459.79998779296875</ele>
        <time>2026-08-19T23:08:43.000Z</time>
        <extensions>
          <ns3:TrackPointExtension>
            <ns3:hr>146</ns3:hr>
            <ns3:cad>89</ns3:cad>
          </ns3:TrackPointExtension>
        </extensions>
      </trkpt>
      <trkpt lat="34.17562172748148441314697265625" lon="108.9289932511746883392333984375">
        <ele>460</ele>
        <time>2026-08-19T23:08:44.000Z</time>
        <extensions>
          <ns3:TrackPointExtension>
            <ns3:hr>145</ns3:hr>
            <ns3:cad>89</ns3:cad>
          </ns3:TrackPointExtension>
        </extensions>
      </trkpt>
      <trkpt lat="34.17563245631754398345947265625" lon="108.928964920341968536376953125">
        <ele>460.20001220703125</ele>
        <time>2026-08-19T23:08:45.000Z</time>
        <extensions>
          <ns3:TrackPointExtension>
            <ns3:hr>146</ns3:hr>
            <ns3:cad>89</ns3:cad>
          </ns3:TrackPointExtension>
        </extensions>
      </trkpt>
      <trkpt lat="34.17564452625811100006103515625" lon="108.928941786289215087890625">
        <ele>460.20001220703125</ele>
        <time>2026-08-19T23:08:46.000Z</time>
        <extensions>
          <ns3:TrackPointExtension>
            <ns3:hr>146</ns3:hr>
            <ns3:cad>88</ns3:cad>
          </ns3:TrackPointExtension>
        </extensions>
      </trkpt>
      <trkpt lat="34.1756546683609485626220703125" lon="108.9289161376655101776123046875">
        <ele>460.399993896484375</ele>
        <time>2026-08-19T23:08:47.000Z</time>
        <extensions>
          <ns3:TrackPointExtension>
            <ns3:hr>146</ns3:hr>
            <ns3:cad>87</ns3:cad>
          </ns3:TrackPointExtension>
        </extensions>
      </trkpt>
      <trkpt lat="34.17566464282572269439697265625" lon="108.92889392562210559844970703125">
        <ele>460.399993896484375</ele>
        <time>2026-08-19T23:08:48.000Z</time>
        <extensions>
          <ns3:TrackPointExtension>
            <ns3:hr>145</ns3:hr>
            <ns3:cad>87</ns3:cad>
          </ns3:TrackPointExtension>
        </extensions>
      </trkpt>
      <trkpt lat="34.17567436583340167999267578125" lon="108.928865678608417510986328125">
        <ele>460.399993896484375</ele>
        <time>2026-08-19T23:08:49.000Z</time>
        <extensions>
          <ns3:TrackPointExtension>
            <ns3:hr>146</ns3:hr>
            <ns3:cad>87</ns3:cad>
          </ns3:TrackPointExtension>
        </extensions>
      </trkpt>
      <trkpt lat="34.17568643577396869659423828125" lon="108.9288413710892200469970703125">
        <ele>460.600006103515625</ele>
        <time>2026-08-19T23:08:50.000Z</time>
        <extensions>
          <ns3:TrackPointExtension>
            <ns3:hr>147</ns3:hr>
            <ns3:cad>88</ns3:cad>
          </ns3:TrackPointExtension>
        </extensions>
      </trkpt>
      <trkpt lat="34.17569406330585479736328125" lon="108.928816057741641998291015625">
        <ele>460.600006103515625</ele>
        <time>2026-08-19T23:08:51.000Z</time>
        <extensions>
          <ns3:TrackPointExtension>
            <ns3:hr>148</ns3:hr>
            <ns3:cad>88</ns3:cad>
          </ns3:TrackPointExtension>
        </extensions>
      </trkpt>
      <trkpt lat="34.1756995953619480133056640625" lon="108.92878965474665164947509765625">
        <ele>460.600006103515625</ele>
        <time>2026-08-19T23:08:52.000Z</time>
        <extensions>
          <ns3:TrackPointExtension>
            <ns3:hr>148</ns3:hr>
            <ns3:cad>88</ns3:cad>
          </ns3:TrackPointExtension>
        </extensions>
      </trkpt>
      <trkpt lat="34.1757059656083583831787109375" lon="108.92875864170491695404052734375">
        <ele>460.600006103515625</ele>
        <time>2026-08-19T23:08:53.000Z</time>
        <extensions>
          <ns3:TrackPointExtension>
            <ns3:hr>148</ns3:hr>
            <ns3:cad>88</ns3:cad>
          </ns3:TrackPointExtension>
        </extensions>
      </trkpt>
      <trkpt lat="34.1757135093212127685546875" lon="108.9287330769002437591552734375">
        <ele>460.600006103515625</ele>
        <time>2026-08-19T23:08:54.000Z</time>
        <extensions>
          <ns3:TrackPointExtension>
            <ns3:hr>148</ns3:hr>
            <ns3:cad>87</ns3:cad>
          </ns3:TrackPointExtension>
        </extensions>
      </trkpt>
      <trkpt lat="34.1757215559482574462890625" lon="108.9287079311907291412353515625">
        <ele>460.600006103515625</ele>
        <time>2026-08-19T23:08:55.000Z</time>
        <extensions>
          <ns3:TrackPointExtension>
            <ns3:hr>148</ns3:hr>
            <ns3:cad>89</ns3:cad>
          </ns3:TrackPointExtension>
        </extensions>
      </trkpt>
      <trkpt lat="34.17572834528982639312744140625" lon="108.92868035472929477691650390625">
        <ele>460.79998779296875</ele>
        <time>2026-08-19T23:08:56.000Z</time>
        <extensions>
          <ns3:TrackPointExtension>
            <ns3:hr>148</ns3:hr>
            <ns3:cad>89</ns3:cad>
          </ns3:TrackPointExtension>
        </extensions>
      </trkpt>
      <trkpt lat="34.17573119513690471649169921875" lon="108.92865453846752643585205078125">
        <ele>460.79998779296875</ele>
        <time>2026-08-19T23:08:57.000Z</time>
        <extensions>
          <ns3:TrackPointExtension>
            <ns3:hr>148</ns3:hr>
            <ns3:cad>89</ns3:cad>
          </ns3:TrackPointExtension>
        </extensions>
      </trkpt>
      <trkpt lat="34.17573790065944194793701171875" lon="108.928625285625457763671875">
        <ele>460.79998779296875</ele>
        <time>2026-08-19T23:08:58.000Z</time>
        <extensions>
          <ns3:TrackPointExtension>
            <ns3:hr>148</ns3:hr>
            <ns3:cad>89</ns3:cad>
          </ns3:TrackPointExtension>
        </extensions>
      </trkpt>
      <trkpt lat="34.17574007995426654815673828125" lon="108.9285993017256259918212890625">
        <ele>460.79998779296875</ele>
        <time>2026-08-19T23:08:59.000Z</time>
        <extensions>
          <ns3:TrackPointExtension>
            <ns3:hr>148</ns3:hr>
            <ns3:cad>88</ns3:cad>
          </ns3:TrackPointExtension>
        </extensions>
      </trkpt>
      <trkpt lat="34.1757438518106937408447265625" lon="108.92856954596936702728271484375">
        <ele>461</ele>
        <time>2026-08-19T23:09:00.000Z</time>
        <extensions>
          <ns3:TrackPointExtension>
            <ns3:hr>149</ns3:hr>
            <ns3:cad>88</ns3:cad>
          </ns3:TrackPointExtension>
        </extensions>
      </trkpt>
      <trkpt lat="34.175750724971294403076171875" lon="108.9285396225750446319580078125">
        <ele>461</ele>
        <time>2026-08-19T23:09:01.000Z</time>
        <extensions>
          <ns3:TrackPointExtension>
            <ns3:hr>149</ns3:hr>
            <ns3:cad>89</ns3:cad>
          </ns3:TrackPointExtension>
        </extensions>
      </trkpt>
      <trkpt lat="34.17575349099934101104736328125" lon="108.928513638675212860107421875">
        <ele>461</ele>
        <time>2026-08-19T23:09:02.000Z</time>
        <extensions>
          <ns3:TrackPointExtension>
            <ns3:hr>149</ns3:hr>
            <ns3:cad>89</ns3:cad>
          </ns3:TrackPointExtension>
        </extensions>
      </trkpt>
      <trkpt lat="34.17576120235025882720947265625" lon="108.92848622985184192657470703125">
        <ele>461.20001220703125</ele>
        <time>2026-08-19T23:09:03.000Z</time>
        <extensions>
          <ns3:TrackPointExtension>
            <ns3:hr>150</ns3:hr>
            <ns3:cad>89</ns3:cad>
          </ns3:TrackPointExtension>
        </extensions>
      </trkpt>
      <trkpt lat="34.1757725179195404052734375" lon="108.92846234142780303955078125">
        <ele>461.20001220703125</ele>
        <time>2026-08-19T23:09:04.000Z</time>
        <extensions>
          <ns3:TrackPointExtension>
            <ns3:hr>151</ns3:hr>
            <ns3:cad>89</ns3:cad>
          </ns3:TrackPointExtension>
        </extensions>
      </trkpt>
      <trkpt lat="34.1757817380130290985107421875" lon="108.928437195718288421630859375">
        <ele>461.399993896484375</ele>
        <time>2026-08-19T23:09:05.000Z</time>
        <extensions>
          <ns3:TrackPointExtension>
            <ns3:hr>151</ns3:hr>
            <ns3:cad>89</ns3:cad>
          </ns3:TrackPointExtension>
        </extensions>
      </trkpt>
      <trkpt lat="34.1757877729833126068115234375" lon="108.92840693704783916473388671875">
        <ele>461.399993896484375</ele>
        <time>2026-08-19T23:09:06.000Z</time>
        <extensions>
          <ns3:TrackPointExtension>
            <ns3:hr>151</ns3:hr>
            <ns3:cad>89</ns3:cad>
          </ns3:TrackPointExtension>
        </extensions>
      </trkpt>
      <trkpt lat="34.17579489760100841522216796875" lon="108.928376846015453338623046875">
        <ele>461.399993896484375</ele>
        <time>2026-08-19T23:09:07.000Z</time>
        <extensions>
          <ns3:TrackPointExtension>
            <ns3:hr>151</ns3:hr>
            <ns3:cad>89</ns3:cad>
          </ns3:TrackPointExtension>
        </extensions>
      </trkpt>
      <trkpt lat="34.17579573579132556915283203125" lon="108.92834356985986232757568359375">
        <ele>461.399993896484375</ele>
        <time>2026-08-19T23:09:08.000Z</time>
        <extensions>
          <ns3:TrackPointExtension>
            <ns3:hr>151</ns3:hr>
            <ns3:cad>89</ns3:cad>
          </ns3:TrackPointExtension>
        </extensions>
      </trkpt>
      <trkpt lat="34.1757974959909915924072265625" lon="108.92831909470260143280029296875">
        <ele>461.399993896484375</ele>
        <time>2026-08-19T23:09:09.000Z</time>
        <extensions>
          <ns3:TrackPointExtension>
            <ns3:hr>151</ns3:hr>
            <ns3:cad>89</ns3:cad>
          </ns3:TrackPointExtension>
        </extensions>
      </trkpt>
      <trkpt lat="34.17578986845910549163818359375" lon="108.92828774638473987579345703125">
        <ele>461.399993896484375</ele>
        <time>2026-08-19T23:09:10.000Z</time>
        <extensions>
          <ns3:TrackPointExtension>
            <ns3:hr>151</ns3:hr>
            <ns3:cad>89</ns3:cad>
          </ns3:TrackPointExtension>
        </extensions>
      </trkpt>
      <trkpt lat="34.1757805645465850830078125" lon="108.928267545998096466064453125">
        <ele>461.20001220703125</ele>
        <time>2026-08-19T23:09:11.000Z</time>
        <extensions>
          <ns3:TrackPointExtension>
            <ns3:hr>152</ns3:hr>
            <ns3:cad>88</ns3:cad>
          </ns3:TrackPointExtension>
        </extensions>
      </trkpt>
      <trkpt lat="34.1757643036544322967529296875" lon="108.92823577858507633209228515625">
        <ele>461.20001220703125</ele>
        <time>2026-08-19T23:09:12.000Z</time>
        <extensions>
          <ns3:TrackPointExtension>
            <ns3:hr>152</ns3:hr>
            <ns3:cad>87</ns3:cad>
          </ns3:TrackPointExtension>
        </extensions>
      </trkpt>
      <trkpt lat="34.17575147934257984161376953125" lon="108.92820895649492740631103515625">
        <ele>461</ele>
        <time>2026-08-19T23:09:13.000Z</time>
        <extensions>
          <ns3:TrackPointExtension>
            <ns3:hr>152</ns3:hr>
            <ns3:cad>86</ns3:cad>
          </ns3:TrackPointExtension>
        </extensions>
      </trkpt>
      <trkpt lat="34.17574058286845684051513671875" lon="108.9281805418431758880615234375">
        <ele>461</ele>
        <time>2026-08-19T23:09:14.000Z</time>
        <extensions>
          <ns3:TrackPointExtension>
            <ns3:hr>152</ns3:hr>
            <ns3:cad>86</ns3:cad>
          </ns3:TrackPointExtension>
        </extensions>
      </trkpt>
      <trkpt lat="34.17573320679366588592529296875" lon="108.928148858249187469482421875">
        <ele>461</ele>
        <time>2026-08-19T23:09:15.000Z</time>
        <extensions>
          <ns3:TrackPointExtension>
            <ns3:hr>152</ns3:hr>
            <ns3:cad>86</ns3:cad>
          </ns3:TrackPointExtension>
        </extensions>
      </trkpt>
      <trkpt lat="34.1757237352430820465087890625" lon="108.9281242154538631439208984375">
        <ele>461</ele>
        <time>2026-08-19T23:09:16.000Z</time>
        <extensions>
          <ns3:TrackPointExtension>
            <ns3:hr>152</ns3:hr>
            <ns3:cad>88</ns3:cad>
          </ns3:TrackPointExtension>
        </extensions>
      </trkpt>
      <trkpt lat="34.1757173649966716766357421875" lon="108.9280950464308261871337890625">
        <ele>460.79998779296875</ele>
        <time>2026-08-19T23:09:17.000Z</time>
        <extensions>
          <ns3:TrackPointExtension>
            <ns3:hr>152</ns3:hr>
            <ns3:cad>87</ns3:cad>
          </ns3:TrackPointExtension>
        </extensions>
      </trkpt>
      <trkpt lat="34.17570772580802440643310546875" lon="108.928073756396770477294921875">
        <ele>460.79998779296875</ele>
        <time>2026-08-19T23:09:18.000Z</time>
        <extensions>
          <ns3:TrackPointExtension>
            <ns3:hr>152</ns3:hr>
            <ns3:cad>87</ns3:cad>
          </ns3:TrackPointExtension>
        </extensions>
      </trkpt>
      <trkpt lat="34.17569808661937713623046875" lon="108.92804123461246490478515625">
        <ele>460.79998779296875</ele>
        <time>2026-08-19T23:09:19.000Z</time>
        <extensions>
          <ns3:TrackPointExtension>
            <ns3:hr>152</ns3:hr>
            <ns3:cad>87</ns3:cad>
          </ns3:TrackPointExtension>
        </extensions>
      </trkpt>
      <trkpt lat="34.17568744160234928131103515625" lon="108.92801919020712375640869140625">
        <ele>460.79998779296875</ele>
        <time>2026-08-19T23:09:20.000Z</time>
        <extensions>
          <ns3:TrackPointExtension>
            <ns3:hr>152</ns3:hr>
            <ns3:cad>87</ns3:cad>
          </ns3:TrackPointExtension>
        </extensions>
      </trkpt>
      <trkpt lat="34.1756710968911647796630859375" lon="108.92798960208892822265625">
        <ele>460.600006103515625</ele>
        <time>2026-08-19T23:09:21.000Z</time>
        <extensions>
          <ns3:TrackPointExtension>
            <ns3:hr>151</ns3:hr>
            <ns3:cad>88</ns3:cad>
          </ns3:TrackPointExtension>
        </extensions>
      </trkpt>
      <trkpt lat="34.17565626092255115509033203125" lon="108.9279746823012828826904296875">
        <ele>460.600006103515625</ele>
        <time>2026-08-19T23:09:22.000Z</time>
        <extensions>
          <ns3:TrackPointExtension>
            <ns3:hr>151</ns3:hr>
            <ns3:cad>88</ns3:cad>
          </ns3:TrackPointExtension>
        </extensions>
      </trkpt>
      <trkpt lat="34.1756365634500980377197265625" lon="108.9279512129724025726318359375">
        <ele>460.600006103515625</ele>
        <time>2026-08-19T23:09:23.000Z</time>
        <extensions>
          <ns3:TrackPointExtension>
            <ns3:hr>151</ns3:hr>
            <ns3:cad>88</ns3:cad>
          </ns3:TrackPointExtension>
        </extensions>
      </trkpt>
      <trkpt lat="34.17562055401504039764404296875" lon="108.92793872393667697906494140625">
        <ele>460.399993896484375</ele>
        <time>2026-08-19T23:09:24.000Z</time>
        <extensions>
          <ns3:TrackPointExtension>
            <ns3:hr>152</ns3:hr>
            <ns3:cad>88</ns3:cad>
          </ns3:TrackPointExtension>
        </extensions>
      </trkpt>
      <trkpt lat="34.17559524066746234893798828125" lon="108.9279212057590484619140625">
        <ele>460.399993896484375</ele>
        <time>2026-08-19T23:09:25.000Z</time>
        <extensions>
          <ns3:TrackPointExtension>
            <ns3:hr>151</ns3:hr>
            <ns3:cad>87</ns3:cad>
          </ns3:TrackPointExtension>
        </extensions>
      </trkpt>
      <trkpt lat="34.17557864449918270111083984375" lon="108.92790838144719600677490234375">
        <ele>460.20001220703125</ele>
        <time>2026-08-19T23:09:26.000Z</time>
        <extensions>
          <ns3:TrackPointExtension>
            <ns3:hr>151</ns3:hr>
            <ns3:cad>88</ns3:cad>
          </ns3:TrackPointExtension>
        </extensions>
      </trkpt>
      <trkpt lat="34.17554997839033603668212890625" lon="108.92789513804018497467041015625">
        <ele>460.20001220703125</ele>
        <time>2026-08-19T23:09:27.000Z</time>
        <extensions>
          <ns3:TrackPointExtension>
            <ns3:hr>151</ns3:hr>
            <ns3:cad>88</ns3:cad>
          </ns3:TrackPointExtension>
        </extensions>
      </trkpt>
      <trkpt lat="34.17553070001304149627685546875" lon="108.927884660661220550537109375">
        <ele>460</ele>
        <time>2026-08-19T23:09:28.000Z</time>
        <extensions>
          <ns3:TrackPointExtension>
            <ns3:hr>151</ns3:hr>
            <ns3:cad>89</ns3:cad>
          </ns3:TrackPointExtension>
        </extensions>
      </trkpt>
      <trkpt lat="34.17550639249384403228759765625" lon="108.92787954770028591156005859375">
        <ele>460</ele>
        <time>2026-08-19T23:09:29.000Z</time>
        <extensions>
          <ns3:TrackPointExtension>
            <ns3:hr>151</ns3:hr>
            <ns3:cad>88</ns3:cad>
          </ns3:TrackPointExtension>
        </extensions>
      </trkpt>
      <trkpt lat="34.17548711411654949188232421875" lon="108.9278727583587169647216796875">
        <ele>460</ele>
        <time>2026-08-19T23:09:30.000Z</time>
        <extensions>
          <ns3:TrackPointExtension>
            <ns3:hr>151</ns3:hr>
            <ns3:cad>88</ns3:cad>
          </ns3:TrackPointExtension>
        </extensions>
      </trkpt>
      <trkpt lat="34.1754627227783203125" lon="108.92787015996873378753662109375">
        <ele>459.79998779296875</ele>
        <time>2026-08-19T23:09:31.000Z</time>
        <extensions>
          <ns3:TrackPointExtension>
            <ns3:hr>151</ns3:hr>
            <ns3:cad>88</ns3:cad>
          </ns3:TrackPointExtension>
        </extensions>
      </trkpt>
      <trkpt lat="34.1754407621920108795166015625" lon="108.92786378972232341766357421875">
        <ele>459.79998779296875</ele>
        <time>2026-08-19T23:09:32.000Z</time>
        <extensions>
          <ns3:TrackPointExtension>
            <ns3:hr>151</ns3:hr>
            <ns3:cad>88</ns3:cad>
          </ns3:TrackPointExtension>
        </extensions>
      </trkpt>
      <trkpt lat="34.1754159517586231231689453125" lon="108.9278600178658962249755859375">
        <ele>459.79998779296875</ele>
        <time>2026-08-19T23:09:33.000Z</time>
        <extensions>
          <ns3:TrackPointExtension>
            <ns3:hr>150</ns3:hr>
            <ns3:cad>87</ns3:cad>
          </ns3:TrackPointExtension>
        </extensions>
      </trkpt>
      <trkpt lat="34.175391979515552520751953125" lon="108.92785825766623020172119140625">
        <ele>459.600006103515625</ele>
        <time>2026-08-19T23:09:34.000Z</time>
        <extensions>
          <ns3:TrackPointExtension>
            <ns3:hr>150</ns3:hr>
            <ns3:cad>89</ns3:cad>
          </ns3:TrackPointExtension>
        </extensions>
      </trkpt>
      <trkpt lat="34.17536976747214794158935546875" lon="108.92786177806556224822998046875">
        <ele>459.600006103515625</ele>
        <time>2026-08-19T23:09:35.000Z</time>
        <extensions>
          <ns3:TrackPointExtension>
            <ns3:hr>150</ns3:hr>
            <ns3:cad>89</ns3:cad>
          </ns3:TrackPointExtension>
        </extensions>
      </trkpt>
      <trkpt lat="34.17534830980002880096435546875" lon="108.9278660528361797332763671875">
        <ele>459.600006103515625</ele>
        <time>2026-08-19T23:09:36.000Z</time>
        <extensions>
          <ns3:TrackPointExtension>
            <ns3:hr>149</ns3:hr>
            <ns3:cad>89</ns3:cad>
          </ns3:TrackPointExtension>
        </extensions>
      </trkpt>
      <trkpt lat="34.17532534338533878326416015625" lon="108.9278747700154781341552734375">
        <ele>459.600006103515625</ele>
        <time>2026-08-19T23:09:37.000Z</time>
        <extensions>
          <ns3:TrackPointExtension>
            <ns3:hr>148</ns3:hr>
            <ns3:cad>90</ns3:cad>
          </ns3:TrackPointExtension>
        </extensions>
      </trkpt>
      <trkpt lat="34.17530271224677562713623046875" lon="108.927877955138683319091796875">
        <ele>459.600006103515625</ele>
        <time>2026-08-19T23:09:38.000Z</time>
        <extensions>
          <ns3:TrackPointExtension>
            <ns3:hr>148</ns3:hr>
            <ns3:cad>90</ns3:cad>
          </ns3:TrackPointExtension>
        </extensions>
      </trkpt>
      <trkpt lat="34.175279326736927032470703125" lon="108.92788792960345745086669921875">
        <ele>459.600006103515625</ele>
        <time>2026-08-19T23:09:39.000Z</time>
        <extensions>
          <ns3:TrackPointExtension>
            <ns3:hr>148</ns3:hr>
            <ns3:cad>91</ns3:cad>
          </ns3:TrackPointExtension>
        </extensions>
      </trkpt>
      <trkpt lat="34.17525862343609333038330078125" lon="108.92789396457374095916748046875">
        <ele>459.79998779296875</ele>
        <time>2026-08-19T23:09:40.000Z</time>
        <extensions>
          <ns3:TrackPointExtension>
            <ns3:hr>147</ns3:hr>
            <ns3:cad>91</ns3:cad>
          </ns3:TrackPointExtension>
        </extensions>
      </trkpt>
      <trkpt lat="34.175233729183673858642578125" lon="108.92790636979043483734130859375">
        <ele>459.79998779296875</ele>
        <time>2026-08-19T23:09:41.000Z</time>
        <extensions>
          <ns3:TrackPointExtension>
            <ns3:hr>148</ns3:hr>
            <ns3:cad>91</ns3:cad>
          </ns3:TrackPointExtension>
        </extensions>
      </trkpt>
      <trkpt lat="34.1752178035676479339599609375" lon="108.92791424877941608428955078125">
        <ele>459.79998779296875</ele>
        <time>2026-08-19T23:09:42.000Z</time>
        <extensions>
          <ns3:TrackPointExtension>
            <ns3:hr>148</ns3:hr>
            <ns3:cad>90</ns3:cad>
          </ns3:TrackPointExtension>
        </extensions>
      </trkpt>
      <trkpt lat="34.17519458569586277008056640625" lon="108.927920199930667877197265625">
        <ele>459.79998779296875</ele>
        <time>2026-08-19T23:09:43.000Z</time>
        <extensions>
          <ns3:TrackPointExtension>
            <ns3:hr>147</ns3:hr>
            <ns3:cad>89</ns3:cad>
          </ns3:TrackPointExtension>
        </extensions>
      </trkpt>
      <trkpt lat="34.1751738823950290679931640625" lon="108.9279287494719028472900390625">
        <ele>460</ele>
        <time>2026-08-19T23:09:44.000Z</time>
        <extensions>
          <ns3:TrackPointExtension>
            <ns3:hr>147</ns3:hr>
            <ns3:cad>89</ns3:cad>
          </ns3:TrackPointExtension>
        </extensions>
      </trkpt>
      <trkpt lat="34.175148904323577880859375" lon="108.9279391430318355560302734375">
        <ele>460</ele>
        <time>2026-08-19T23:09:45.000Z</time>
        <extensions>
          <ns3:TrackPointExtension>
            <ns3:hr>148</ns3:hr>
            <ns3:cad>89</ns3:cad>
          </ns3:TrackPointExtension>
        </extensions>
      </trkpt>
      <trkpt lat="34.17512836866080760955810546875" lon="108.9279478602111339569091796875">
        <ele>460</ele>
        <time>2026-08-19T23:09:46.000Z</time>
        <extensions>
          <ns3:TrackPointExtension>
            <ns3:hr>148</ns3:hr>
            <ns3:cad>89</ns3:cad>
          </ns3:TrackPointExtension>
        </extensions>
      </trkpt>
      <trkpt lat="34.17510272003710269927978515625" lon="108.92795062623918056488037109375">
        <ele>460</ele>
        <time>2026-08-19T23:09:47.000Z</time>
        <extensions>
          <ns3:TrackPointExtension>
            <ns3:hr>148</ns3:hr>
            <ns3:cad>90</ns3:cad>
          </ns3:TrackPointExtension>
        </extensions>
      </trkpt>
      <trkpt lat="34.17508193291723728179931640625" lon="108.92795364372432231903076171875">
        <ele>460.20001220703125</ele>
        <time>2026-08-19T23:09:48.000Z</time>
        <extensions>
          <ns3:TrackPointExtension>
            <ns3:hr>148</ns3:hr>
            <ns3:cad>90</ns3:cad>
          </ns3:TrackPointExtension>
        </extensions>
      </trkpt>
      <trkpt lat="34.17506148107349872589111328125" lon="108.92796185798943042755126953125">
        <ele>460.20001220703125</ele>
        <time>2026-08-19T23:09:49.000Z</time>
        <extensions>
          <ns3:TrackPointExtension>
            <ns3:hr>148</ns3:hr>
            <ns3:cad>90</ns3:cad>
          </ns3:TrackPointExtension>
        </extensions>
      </trkpt>
      <trkpt lat="34.17503801174461841583251953125" lon="108.9279683120548725128173828125">
        <ele>460.20001220703125</ele>
        <time>2026-08-19T23:09:50.000Z</time>
        <extensions>
          <ns3:TrackPointExtension>
            <ns3:hr>149</ns3:hr>
            <ns3:cad>90</ns3:cad>
          </ns3:TrackPointExtension>
        </extensions>
      </trkpt>
      <trkpt lat="34.17501772753894329071044921875" lon="108.92797811888158321380615234375">
        <ele>460.20001220703125</ele>
        <time>2026-08-19T23:09:51.000Z</time>
        <extensions>
          <ns3:TrackPointExtension>
            <ns3:hr>149</ns3:hr>
            <ns3:cad>89</ns3:cad>
          </ns3:TrackPointExtension>
        </extensions>
      </trkpt>
      <trkpt lat="34.17499794624745845794677734375" lon="108.92798624932765960693359375">
        <ele>460.20001220703125</ele>
        <time>2026-08-19T23:09:52.000Z</time>
        <extensions>
          <ns3:TrackPointExtension>
            <ns3:hr>149</ns3:hr>
            <ns3:cad>89</ns3:cad>
          </ns3:TrackPointExtension>
        </extensions>
      </trkpt>
      <trkpt lat="34.174983613193035125732421875" lon="108.92800033092498779296875">
        <ele>460.20001220703125</ele>
        <time>2026-08-19T23:09:53.000Z</time>
        <extensions>
          <ns3:TrackPointExtension>
            <ns3:hr>148</ns3:hr>
            <ns3:cad>89</ns3:cad>
          </ns3:TrackPointExtension>
        </extensions>
      </trkpt>
      <trkpt lat="34.1749690286815166473388671875" lon="108.92801684327423572540283203125">
        <ele>460.20001220703125</ele>
        <time>2026-08-19T23:09:54.000Z</time>
        <extensions>
          <ns3:TrackPointExtension>
            <ns3:hr>148</ns3:hr>
            <ns3:cad>90</ns3:cad>
          </ns3:TrackPointExtension>
        </extensions>
      </trkpt>
      <trkpt lat="34.17495838366448879241943359375" lon="108.92803310416638851165771484375">
        <ele>460.399993896484375</ele>
        <time>2026-08-19T23:09:55.000Z</time>
        <extensions>
          <ns3:TrackPointExtension>
            <ns3:hr>148</ns3:hr>
            <ns3:cad>88</ns3:cad>
          </ns3:TrackPointExtension>
        </extensions>
      </trkpt>
      <trkpt lat="34.174942038953304290771484375" lon="108.9280467666685581207275390625">
        <ele>460.20001220703125</ele>
        <time>2026-08-19T23:09:56.000Z</time>
        <extensions>
          <ns3:TrackPointExtension>
            <ns3:hr>148</ns3:hr>
            <ns3:cad>87</ns3:cad>
          </ns3:TrackPointExtension>
        </extensions>
      </trkpt>
      <trkpt lat="34.17493139393627643585205078125" lon="108.92805791459977626800537109375">
        <ele>460.20001220703125</ele>
        <time>2026-08-19T23:09:57.000Z</time>
        <extensions>
          <ns3:TrackPointExtension>
            <ns3:hr>149</ns3:hr>
            <ns3:cad>87</ns3:cad>
          </ns3:TrackPointExtension>
        </extensions>
      </trkpt>
      <trkpt lat="34.1749096848070621490478515625" lon="108.92807568423449993133544921875">
        <ele>460.20001220703125</ele>
        <time>2026-08-19T23:09:58.000Z</time>
        <extensions>
          <ns3:TrackPointExtension>
            <ns3:hr>148</ns3:hr>
            <ns3:cad>87</ns3:cad>
          </ns3:TrackPointExtension>
        </extensions>
      </trkpt>
      <trkpt lat="34.174896441400051116943359375" lon="108.9280890114605426788330078125">
        <ele>460.399993896484375</ele>
        <time>2026-08-19T23:09:59.000Z</time>
        <extensions>
          <ns3:TrackPointExtension>
            <ns3:hr>148</ns3:hr>
            <ns3:cad>86</ns3:cad>
          </ns3:TrackPointExtension>
        </extensions>
      </trkpt>
      <trkpt lat="34.17487942613661289215087890625" lon="108.9281114749610424041748046875">
        <ele>460.399993896484375</ele>
        <time>2026-08-19T23:10:00.000Z</time>
        <extensions>
          <ns3:TrackPointExtension>
            <ns3:hr>149</ns3:hr>
            <ns3:cad>87</ns3:cad>
          </ns3:TrackPointExtension>
        </extensions>
      </trkpt>
      <trkpt lat="34.17486635036766529083251953125" lon="108.9281329326331615447998046875">
        <ele>460.399993896484375</ele>
        <time>2026-08-19T23:10:01.000Z</time>
        <extensions>
          <ns3:TrackPointExtension>
            <ns3:hr>148</ns3:hr>
            <ns3:cad>87</ns3:cad>
          </ns3:TrackPointExtension>
        </extensions>
      </trkpt>
      <trkpt lat="34.1748536936938762664794921875" lon="108.92815665341913700103759765625">
        <ele>460.399993896484375</ele>
        <time>2026-08-19T23:10:02.000Z</time>
        <extensions>
          <ns3:TrackPointExtension>
            <ns3:hr>148</ns3:hr>
            <ns3:cad>87</ns3:cad>
          </ns3:TrackPointExtension>
        </extensions>
      </trkpt>
      <trkpt lat="34.17484170757234096527099609375" lon="108.9281798712909221649169921875">
        <ele>460.399993896484375</ele>
        <time>2026-08-19T23:10:03.000Z</time>
        <extensions>
          <ns3:TrackPointExtension>
            <ns3:hr>149</ns3:hr>
            <ns3:cad>87</ns3:cad>
          </ns3:TrackPointExtension>
        </extensions>
      </trkpt>
      <trkpt lat="34.1748310625553131103515625" lon="108.92820325680077075958251953125">
        <ele>460.399993896484375</ele>
        <time>2026-08-19T23:10:04.000Z</time>
        <extensions>
          <ns3:TrackPointExtension>
            <ns3:hr>148</ns3:hr>
            <ns3:cad>87</ns3:cad>
          </ns3:TrackPointExtension>
        </extensions>
      </trkpt>
      <trkpt lat="34.1748191602528095245361328125" lon="108.92822857014834880828857421875">
        <ele>460.399993896484375</ele>
        <time>2026-08-19T23:10:05.000Z</time>
        <extensions>
          <ns3:TrackPointExtension>
            <ns3:hr>148</ns3:hr>
            <ns3:cad>87</ns3:cad>
          </ns3:TrackPointExtension>
        </extensions>
      </trkpt>
      <trkpt lat="34.1748101077973842620849609375" lon="108.92824902199208736419677734375">
        <ele>460.399993896484375</ele>
        <time>2026-08-19T23:10:06.000Z</time>
        <extensions>
          <ns3:TrackPointExtension>
            <ns3:hr>148</ns3:hr>
            <ns3:cad>87</ns3:cad>
          </ns3:TrackPointExtension>
        </extensions>
      </trkpt>
      <trkpt lat="34.174796529114246368408203125" lon="108.928276598453521728515625">
        <ele>460.399993896484375</ele>
        <time>2026-08-19T23:10:07.000Z</time>
        <extensions>
          <ns3:TrackPointExtension>
            <ns3:hr>147</ns3:hr>
            <ns3:cad>87</ns3:cad>
          </ns3:TrackPointExtension>
        </extensions>
      </trkpt>
      <trkpt lat="34.1747868061065673828125" lon="108.92829746939241886138916015625">
        <ele>460.600006103515625</ele>
        <time>2026-08-19T23:10:08.000Z</time>
        <extensions>
          <ns3:TrackPointExtension>
            <ns3:hr>147</ns3:hr>
            <ns3:cad>87</ns3:cad>
          </ns3:TrackPointExtension>
        </extensions>
      </trkpt>
      <trkpt lat="34.17477129958570003509521484375" lon="108.9283287338912487030029296875">
        <ele>460.600006103515625</ele>
        <time>2026-08-19T23:10:09.000Z</time>
        <extensions>
          <ns3:TrackPointExtension>
            <ns3:hr>147</ns3:hr>
            <ns3:cad>87</ns3:cad>
          </ns3:TrackPointExtension>
        </extensions>
      </trkpt>
      <trkpt lat="34.174763001501560211181640625" lon="108.92835237085819244384765625">
        <ele>460.600006103515625</ele>
        <time>2026-08-19T23:10:10.000Z</time>
        <extensions>
          <ns3:TrackPointExtension>
            <ns3:hr>147</ns3:hr>
            <ns3:cad>87</ns3:cad>
          </ns3:TrackPointExtension>
        </extensions>
      </trkpt>
      <trkpt lat="34.17475352995097637176513671875" lon="108.92838430590927600860595703125">
        <ele>460.600006103515625</ele>
        <time>2026-08-19T23:10:11.000Z</time>
        <extensions>
          <ns3:TrackPointExtension>
            <ns3:hr>147</ns3:hr>
            <ns3:cad>87</ns3:cad>
          </ns3:TrackPointExtension>
        </extensions>
      </trkpt>
      <trkpt lat="34.174746572971343994140625" lon="108.92840995453298091888427734375">
        <ele>460.600006103515625</ele>
        <time>2026-08-19T23:10:12.000Z</time>
        <extensions>
          <ns3:TrackPointExtension>
            <ns3:hr>147</ns3:hr>
            <ns3:cad>88</ns3:cad>
          </ns3:TrackPointExtension>
        </extensions>
      </trkpt>
      <trkpt lat="34.174737520515918731689453125" lon="108.9284413866698741912841796875">
        <ele>460.600006103515625</ele>
        <time>2026-08-19T23:10:13.000Z</time>
        <extensions>
          <ns3:TrackPointExtension>
            <ns3:hr>146</ns3:hr>
            <ns3:cad>88</ns3:cad>
          </ns3:TrackPointExtension>
        </extensions>
      </trkpt>
      <trkpt lat="34.174735508859157562255859375" lon="108.92846426926553249359130859375">
        <ele>460.79998779296875</ele>
        <time>2026-08-19T23:10:14.000Z</time>
        <extensions>
          <ns3:TrackPointExtension>
            <ns3:hr>147</ns3:hr>
            <ns3:cad>88</ns3:cad>
          </ns3:TrackPointExtension>
        </extensions>
      </trkpt>
      <trkpt lat="34.17472980916500091552734375" lon="108.92849427647888660430908203125">
        <ele>460.79998779296875</ele>
        <time>2026-08-19T23:10:15.000Z</time>
        <extensions>
          <ns3:TrackPointExtension>
            <ns3:hr>147</ns3:hr>
            <ns3:cad>88</ns3:cad>
          </ns3:TrackPointExtension>
        </extensions>
      </trkpt>
      <trkpt lat="34.17473039589822292327880859375" lon="108.92851238138973712921142578125">
        <ele>460.79998779296875</ele>
        <time>2026-08-19T23:10:16.000Z</time>
        <extensions>
          <ns3:TrackPointExtension>
            <ns3:hr>147</ns3:hr>
            <ns3:cad>87</ns3:cad>
          </ns3:TrackPointExtension>
        </extensions>
      </trkpt>
      <trkpt lat="34.1747283004224300384521484375" lon="108.92854213714599609375">
        <ele>460.79998779296875</ele>
        <time>2026-08-19T23:10:17.000Z</time>
        <extensions>
          <ns3:TrackPointExtension>
            <ns3:hr>147</ns3:hr>
            <ns3:cad>88</ns3:cad>
          </ns3:TrackPointExtension>
        </extensions>
      </trkpt>
      <trkpt lat="34.17472687549889087677001953125" lon="108.92856284044682979583740234375">
        <ele>460.79998779296875</ele>
        <time>2026-08-19T23:10:18.000Z</time>
        <extensions>
          <ns3:TrackPointExtension>
            <ns3:hr>147</ns3:hr>
            <ns3:cad>89</ns3:cad>
          </ns3:TrackPointExtension>
        </extensions>
      </trkpt>
      <trkpt lat="34.17472578585147857666015625" lon="108.92859100364148616790771484375">
        <ele>460.79998779296875</ele>
        <time>2026-08-19T23:10:19.000Z</time>
        <extensions>
          <ns3:TrackPointExtension>
            <ns3:hr>147</ns3:hr>
            <ns3:cad>89</ns3:cad>
          </ns3:TrackPointExtension>
        </extensions>
      </trkpt>
      <trkpt lat="34.1747262887656688690185546875" lon="108.92861883156001567840576171875">
        <ele>460.79998779296875</ele>
        <time>2026-08-19T23:10:20.000Z</time>
        <extensions>
          <ns3:TrackPointExtension>
            <ns3:hr>147</ns3:hr>
            <ns3:cad>89</ns3:cad>
          </ns3:TrackPointExtension>
        </extensions>
      </trkpt>
      <trkpt lat="34.17472436092793941497802734375" lon="108.92865034751594066619873046875">
        <ele>461</ele>
        <time>2026-08-19T23:10:21.000Z</time>
        <extensions>
          <ns3:TrackPointExtension>
            <ns3:hr>147</ns3:hr>
            <ns3:cad>89</ns3:cad>
          </ns3:TrackPointExtension>
        </extensions>
      </trkpt>
      <trkpt lat="34.1747130453586578369140625" lon="108.92867834307253360748291015625">
        <ele>460.79998779296875</ele>
        <time>2026-08-19T23:10:22.000Z</time>
        <extensions>
          <ns3:TrackPointExtension>
            <ns3:hr>147</ns3:hr>
            <ns3:cad>89</ns3:cad>
          </ns3:TrackPointExtension>
        </extensions>
      </trkpt>
      <trkpt lat="34.1746964491903781890869140625" lon="108.9287008903920650482177734375">
        <ele>461</ele>
        <time>2026-08-19T23:10:23.000Z</time>
        <extensions>
          <ns3:TrackPointExtension>
            <ns3:hr>148</ns3:hr>
            <ns3:cad>89</ns3:cad>
          </ns3:TrackPointExtension>
        </extensions>
      </trkpt>
      <trkpt lat="34.17467339895665645599365234375" lon="108.92871421761810779571533203125">
        <ele>461</ele>
        <time>2026-08-19T23:10:24.000Z</time>
        <extensions>
          <ns3:TrackPointExtension>
            <ns3:hr>147</ns3:hr>
            <ns3:cad>89</ns3:cad>
          </ns3:TrackPointExtension>
        </extensions>
      </trkpt>
      <trkpt lat="34.17465395294129848480224609375" lon="108.9287243597209453582763671875">
        <ele>461</ele>
        <time>2026-08-19T23:10:25.000Z</time>
        <extensions>
          <ns3:TrackPointExtension>
            <ns3:hr>147</ns3:hr>
            <ns3:cad>89</ns3:cad>
          </ns3:TrackPointExtension>
        </extensions>
      </trkpt>
      <trkpt lat="34.1746272146701812744140625" lon="108.9287277124822139739990234375">
        <ele>461</ele>
        <time>2026-08-19T23:10:26.000Z</time>
        <extensions>
          <ns3:TrackPointExtension>
            <ns3:hr>148</ns3:hr>
            <ns3:cad>88</ns3:cad>
          </ns3:TrackPointExtension>
        </extensions>
      </trkpt>
      <trkpt lat="34.17460952885448932647705078125" lon="108.92873500473797321319580078125">
        <ele>461.20001220703125</ele>
        <time>2026-08-19T23:10:27.000Z</time>
        <extensions>
          <ns3:TrackPointExtension>
            <ns3:hr>148</ns3:hr>
            <ns3:cad>88</ns3:cad>
          </ns3:TrackPointExtension>
        </extensions>
      </trkpt>
      <trkpt lat="34.17457952164113521575927734375" lon="108.92874003387987613677978515625">
        <ele>461.20001220703125</ele>
        <time>2026-08-19T23:10:28.000Z</time>
        <extensions>
          <ns3:TrackPointExtension>
            <ns3:hr>148</ns3:hr>
            <ns3:cad>87</ns3:cad>
          </ns3:TrackPointExtension>
        </extensions>
      </trkpt>
      <trkpt lat="34.1745563037693500518798828125" lon="108.9287419617176055908203125">
        <ele>461</ele>
        <time>2026-08-19T23:10:29.000Z</time>
        <extensions>
          <ns3:TrackPointExtension>
            <ns3:hr>149</ns3:hr>
            <ns3:cad>87</ns3:cad>
          </ns3:TrackPointExtension>
        </extensions>
      </trkpt>
      <trkpt lat="34.1745294816792011260986328125" lon="108.92872896976768970489501953125">
        <ele>461</ele>
        <time>2026-08-19T23:10:30.000Z</time>
        <extensions>
          <ns3:TrackPointExtension>
            <ns3:hr>149</ns3:hr>
            <ns3:cad>87</ns3:cad>
          </ns3:TrackPointExtension>
        </extensions>
      </trkpt>
      <trkpt lat="34.17451548390090465545654296875" lon="108.92871505580842494964599609375">
        <ele>461</ele>
        <time>2026-08-19T23:10:31.000Z</time>
        <extensions>
          <ns3:TrackPointExtension>
            <ns3:hr>149</ns3:hr>
            <ns3:cad>87</ns3:cad>
          </ns3:TrackPointExtension>
        </extensions>
      </trkpt>
      <trkpt lat="34.17450073175132274627685546875" lon="108.9286936819553375244140625">
        <ele>461</ele>
        <time>2026-08-19T23:10:32.000Z</time>
        <extensions>
          <ns3:TrackPointExtension>
            <ns3:hr>149</ns3:hr>
            <ns3:cad>87</ns3:cad>
          </ns3:TrackPointExtension>
        </extensions>
      </trkpt>
      <trkpt lat="34.17449511587619781494140625" lon="108.92866945825517177581787109375">
        <ele>460.79998779296875</ele>
        <time>2026-08-19T23:10:33.000Z</time>
        <extensions>
          <ns3:TrackPointExtension>
            <ns3:hr>149</ns3:hr>
            <ns3:cad>87</ns3:cad>
          </ns3:TrackPointExtension>
        </extensions>
      </trkpt>
      <trkpt lat="34.174494110047817230224609375" lon="108.92864380963146686553955078125">
        <ele>461</ele>
        <time>2026-08-19T23:10:34.000Z</time>
        <extensions>
          <ns3:TrackPointExtension>
            <ns3:hr>149</ns3:hr>
            <ns3:cad>87</ns3:cad>
          </ns3:TrackPointExtension>
        </extensions>
      </trkpt>
      <trkpt lat="34.1744942776858806610107421875" lon="108.9286160655319690704345703125">
        <ele>461</ele>
        <time>2026-08-19T23:10:35.000Z</time>
        <extensions>
          <ns3:TrackPointExtension>
            <ns3:hr>149</ns3:hr>
            <ns3:cad>87</ns3:cad>
          </ns3:TrackPointExtension>
        </extensions>
      </trkpt>
      <trkpt lat="34.17449352331459522247314453125" lon="108.92859418876469135284423828125">
        <ele>461</ele>
        <time>2026-08-19T23:10:36.000Z</time>
        <extensions>
          <ns3:TrackPointExtension>
            <ns3:hr>150</ns3:hr>
            <ns3:cad>87</ns3:cad>
          </ns3:TrackPointExtension>
        </extensions>
      </trkpt>
      <trkpt lat="34.17449419386684894561767578125" lon="108.92857172526419162750244140625">
        <ele>461.20001220703125</ele>
        <time>2026-08-19T23:10:37.000Z</time>
        <extensions>
          <ns3:TrackPointExtension>
            <ns3:hr>149</ns3:hr>
            <ns3:cad>87</ns3:cad>
          </ns3:TrackPointExtension>
        </extensions>
      </trkpt>
      <trkpt lat="34.17449469678103923797607421875" lon="108.92854674719274044036865234375">
        <ele>461.20001220703125</ele>
        <time>2026-08-19T23:10:38.000Z</time>
        <extensions>
          <ns3:TrackPointExtension>
            <ns3:hr>149</ns3:hr>
            <ns3:cad>90</ns3:cad>
          </ns3:TrackPointExtension>
        </extensions>
      </trkpt>
      <trkpt lat="34.174494780600070953369140625" lon="108.9285221882164478302001953125">
        <ele>461.399993896484375</ele>
        <time>2026-08-19T23:10:39.000Z</time>
        <extensions>
          <ns3:TrackPointExtension>
            <ns3:hr>149</ns3:hr>
            <ns3:cad>90</ns3:cad>
          </ns3:TrackPointExtension>
        </extensions>
      </trkpt>
      <trkpt lat="34.17449335567653179168701171875" lon="108.92849461175501346588134765625">
        <ele>461.399993896484375</ele>
        <time>2026-08-19T23:10:40.000Z</time>
        <extensions>
          <ns3:TrackPointExtension>
            <ns3:hr>149</ns3:hr>
            <ns3:cad>90</ns3:cad>
          </ns3:TrackPointExtension>
        </extensions>
      </trkpt>
      <trkpt lat="34.17449318803846836090087890625" lon="108.928466700017452239990234375">
        <ele>461.399993896484375</ele>
        <time>2026-08-19T23:10:41.000Z</time>
        <extensions>
          <ns3:TrackPointExtension>
            <ns3:hr>149</ns3:hr>
            <ns3:cad>89</ns3:cad>
          </ns3:TrackPointExtension>
        </extensions>
      </trkpt>
      <trkpt lat="34.17449436150491237640380859375" lon="108.92843551933765411376953125">
        <ele>461.600006103515625</ele>
        <time>2026-08-19T23:10:42.000Z</time>
        <extensions>
          <ns3:TrackPointExtension>
            <ns3:hr>149</ns3:hr>
            <ns3:cad>88</ns3:cad>
          </ns3:TrackPointExtension>
        </extensions>
      </trkpt>
      <trkpt lat="34.1745003126561641693115234375" lon="108.92840358428657054901123046875">
        <ele>461.600006103515625</ele>
        <time>2026-08-19T23:10:43.000Z</time>
        <extensions>
          <ns3:TrackPointExtension>
            <ns3:hr>149</ns3:hr>
            <ns3:cad>88</ns3:cad>
          </ns3:TrackPointExtension>
        </extensions>
      </trkpt>
      <trkpt lat="34.1745038330554962158203125" lon="108.928380198776721954345703125">
        <ele>461.79998779296875</ele>
        <time>2026-08-19T23:10:44.000Z</time>
        <extensions>
          <ns3:TrackPointExtension>
            <ns3:hr>150</ns3:hr>
            <ns3:cad>88</ns3:cad>
          </ns3:TrackPointExtension>
        </extensions>
      </trkpt>
      <trkpt lat="34.17450257577002048492431640625" lon="108.92834977246820926666259765625">
        <ele>461.79998779296875</ele>
        <time>2026-08-19T23:10:45.000Z</time>
        <extensions>
          <ns3:TrackPointExtension>
            <ns3:hr>149</ns3:hr>
            <ns3:cad>88</ns3:cad>
          </ns3:TrackPointExtension>
        </extensions>
      </trkpt>
      <trkpt lat="34.1744986362755298614501953125" lon="108.9283270575106143951416015625">
        <ele>462</ele>
        <time>2026-08-19T23:10:46.000Z</time>
        <extensions>
          <ns3:TrackPointExtension>
            <ns3:hr>149</ns3:hr>
            <ns3:cad>88</ns3:cad>
          </ns3:TrackPointExtension>
        </extensions>
      </trkpt>
      <trkpt lat="34.17449771426618099212646484375" lon="108.928295038640499114990234375">
        <ele>462.20001220703125</ele>
        <time>2026-08-19T23:10:47.000Z</time>
        <extensions>
          <ns3:TrackPointExtension>
            <ns3:hr>149</ns3:hr>
            <ns3:cad>87</ns3:cad>
          </ns3:TrackPointExtension>
        </extensions>
      </trkpt>
      <trkpt lat="34.174496121704578399658203125" lon="108.9282727427780628204345703125">
        <ele>462.20001220703125</ele>
        <time>2026-08-19T23:10:48.000Z</time>
        <extensions>
          <ns3:TrackPointExtension>
            <ns3:hr>149</ns3:hr>
            <ns3:cad>87</ns3:cad>
          </ns3:TrackPointExtension>
        </extensions>
      </trkpt>
      <trkpt lat="34.1744957864284515380859375" lon="108.928246088325977325439453125">
        <ele>462.20001220703125</ele>
        <time>2026-08-19T23:10:49.000Z</time>
        <extensions>
          <ns3:TrackPointExtension>
            <ns3:hr>150</ns3:hr>
            <ns3:cad>87</ns3:cad>
          </ns3:TrackPointExtension>
        </extensions>
      </trkpt>
      <trkpt lat="34.174496792256832122802734375" lon="108.92822152934968471527099609375">
        <ele>462.399993896484375</ele>
        <time>2026-08-19T23:10:50.000Z</time>
        <extensions>
          <ns3:TrackPointExtension>
            <ns3:hr>150</ns3:hr>
            <ns3:cad>87</ns3:cad>
          </ns3:TrackPointExtension>
        </extensions>
      </trkpt>
      <trkpt lat="34.174498803913593292236328125" lon="108.9281952939927577972412109375">
        <ele>462.399993896484375</ele>
        <time>2026-08-19T23:10:51.000Z</time>
        <extensions>
          <ns3:TrackPointExtension>
            <ns3:hr>150</ns3:hr>
            <ns3:cad>88</ns3:cad>
          </ns3:TrackPointExtension>
        </extensions>
      </trkpt>
      <trkpt lat="34.17449955828487873077392578125" lon="108.92817777581512928009033203125">
        <ele>462.600006103515625</ele>
        <time>2026-08-19T23:10:52.000Z</time>
        <extensions>
          <ns3:TrackPointExtension>
            <ns3:hr>150</ns3:hr>
            <ns3:cad>88</ns3:cad>
          </ns3:TrackPointExtension>
        </extensions>
      </trkpt>
      <trkpt lat="34.1744983009994029998779296875" lon="108.92815212719142436981201171875">
        <ele>462.600006103515625</ele>
        <time>2026-08-19T23:10:53.000Z</time>
        <extensions>
          <ns3:TrackPointExtension>
            <ns3:hr>150</ns3:hr>
            <ns3:cad>88</ns3:cad>
          </ns3:TrackPointExtension>
        </extensions>
      </trkpt>
      <trkpt lat="34.17450207285583019256591796875" lon="108.9281277358531951904296875">
        <ele>462.79998779296875</ele>
        <time>2026-08-19T23:10:54.000Z</time>
        <extensions>
          <ns3:TrackPointExtension>
            <ns3:hr>150</ns3:hr>
            <ns3:cad>88</ns3:cad>
          </ns3:TrackPointExtension>
        </extensions>
      </trkpt>
      <trkpt lat="34.174500815570354461669921875" lon="108.92810384742915630340576171875">
        <ele>462.79998779296875</ele>
        <time>2026-08-19T23:10:55.000Z</time>
        <extensions>
          <ns3:TrackPointExtension>
            <ns3:hr>150</ns3:hr>
            <ns3:cad>88</ns3:cad>
          </ns3:TrackPointExtension>
        </extensions>
      </trkpt>
      <trkpt lat="34.1745073534548282623291015625" lon="108.9280782826244831085205078125">
        <ele>462.79998779296875</ele>
        <time>2026-08-19T23:10:56.000Z</time>
        <extensions>
          <ns3:TrackPointExtension>
            <ns3:hr>151</ns3:hr>
            <ns3:cad>88</ns3:cad>
          </ns3:TrackPointExtension>
        </extensions>
      </trkpt>
      <trkpt lat="34.17451162822544574737548828125" lon="108.92805372364819049835205078125">
        <ele>463</ele>
        <time>2026-08-19T23:10:57.000Z</time>
        <extensions>
          <ns3:TrackPointExtension>
            <ns3:hr>151</ns3:hr>
            <ns3:cad>88</ns3:cad>
          </ns3:TrackPointExtension>
        </extensions>
      </trkpt>
      <trkpt lat="34.1745170764625072479248046875" lon="108.928032852709293365478515625">
        <ele>463</ele>
        <time>2026-08-19T23:10:58.000Z</time>
        <extensions>
          <ns3:TrackPointExtension>
            <ns3:hr>151</ns3:hr>
            <ns3:cad>88</ns3:cad>
          </ns3:TrackPointExtension>
        </extensions>
      </trkpt>
      <trkpt lat="34.17452168650925159454345703125" lon="108.928010724484920501708984375">
        <ele>463.20001220703125</ele>
        <time>2026-08-19T23:10:59.000Z</time>
        <extensions>
          <ns3:TrackPointExtension>
            <ns3:hr>151</ns3:hr>
            <ns3:cad>88</ns3:cad>
          </ns3:TrackPointExtension>
        </extensions>
      </trkpt>
      <trkpt lat="34.1745264641940593719482421875" lon="108.92798415385186672210693359375">
        <ele>463.20001220703125</ele>
        <time>2026-08-19T23:11:00.000Z</time>
        <extensions>
          <ns3:TrackPointExtension>
            <ns3:hr>151</ns3:hr>
            <ns3:cad>87</ns3:cad>
          </ns3:TrackPointExtension>
        </extensions>
      </trkpt>
      <trkpt lat="34.1745306551456451416015625" lon="108.92796521075069904327392578125">
        <ele>463.399993896484375</ele>
        <time>2026-08-19T23:11:01.000Z</time>
        <extensions>
          <ns3:TrackPointExtension>
            <ns3:hr>152</ns3:hr>
            <ns3:cad>87</ns3:cad>
          </ns3:TrackPointExtension>
        </extensions>
      </trkpt>
      <trkpt lat="34.17453727684915065765380859375" lon="108.9279371313750743865966796875">
        <ele>463.399993896484375</ele>
        <time>2026-08-19T23:11:02.000Z</time>
        <extensions>
          <ns3:TrackPointExtension>
            <ns3:hr>152</ns3:hr>
            <ns3:cad>87</ns3:cad>
          </ns3:TrackPointExtension>
        </extensions>
      </trkpt>
      <trkpt lat="34.1745378635823726654052734375" lon="108.9279186911880970001220703125">
        <ele>463.600006103515625</ele>
        <time>2026-08-19T23:11:03.000Z</time>
        <extensions>
          <ns3:TrackPointExtension>
            <ns3:hr>152</ns3:hr>
            <ns3:cad>87</ns3:cad>
          </ns3:TrackPointExtension>
        </extensions>
      </trkpt>
      <trkpt lat="34.17454046197235584259033203125" lon="108.927891366183757781982421875">
        <ele>463.600006103515625</ele>
        <time>2026-08-19T23:11:04.000Z</time>
        <extensions>
          <ns3:TrackPointExtension>
            <ns3:hr>152</ns3:hr>
            <ns3:cad>87</ns3:cad>
          </ns3:TrackPointExtension>
        </extensions>
      </trkpt>
      <trkpt lat="34.17454498820006847381591796875" lon="108.92787066288292407989501953125">
        <ele>463.79998779296875</ele>
        <time>2026-08-19T23:11:05.000Z</time>
        <extensions>
          <ns3:TrackPointExtension>
            <ns3:hr>152</ns3:hr>
            <ns3:cad>88</ns3:cad>
          </ns3:TrackPointExtension>
        </extensions>
      </trkpt>
      <trkpt lat="34.1745495982468128204345703125" lon="108.927844427525997161865234375">
        <ele>463.79998779296875</ele>
        <time>2026-08-19T23:11:06.000Z</time>
        <extensions>
          <ns3:TrackPointExtension>
            <ns3:hr>152</ns3:hr>
            <ns3:cad>88</ns3:cad>
          </ns3:TrackPointExtension>
        </extensions>
      </trkpt>
      <trkpt lat="34.17455638758838176727294921875" lon="108.9278217963874340057373046875">
        <ele>464</ele>
        <time>2026-08-19T23:11:07.000Z</time>
        <extensions>
          <ns3:TrackPointExtension>
            <ns3:hr>152</ns3:hr>
            <ns3:cad>88</ns3:cad>
          </ns3:TrackPointExtension>
        </extensions>
      </trkpt>
      <trkpt lat="34.17456158436834812164306640625" lon="108.92779639922082424163818359375">
        <ele>464</ele>
        <time>2026-08-19T23:11:08.000Z</time>
        <extensions>
          <ns3:TrackPointExtension>
            <ns3:hr>153</ns3:hr>
            <ns3:cad>88</ns3:cad>
          </ns3:TrackPointExtension>
        </extensions>
      </trkpt>
      <trkpt lat="34.17456678114831447601318359375" lon="108.92777075059711933135986328125">
        <ele>464</ele>
        <time>2026-08-19T23:11:09.000Z</time>
        <extensions>
          <ns3:TrackPointExtension>
            <ns3:hr>153</ns3:hr>
            <ns3:cad>88</ns3:cad>
          </ns3:TrackPointExtension>
        </extensions>
      </trkpt>
      <trkpt lat="34.174570553004741668701171875" lon="108.92774392850697040557861328125">
        <ele>464.20001220703125</ele>
        <time>2026-08-19T23:11:10.000Z</time>
        <extensions>
          <ns3:TrackPointExtension>
            <ns3:hr>153</ns3:hr>
            <ns3:cad>88</ns3:cad>
          </ns3:TrackPointExtension>
        </extensions>
      </trkpt>
      <trkpt lat="34.17457650415599346160888671875" lon="108.9277178607881069183349609375">
        <ele>464.20001220703125</ele>
        <time>2026-08-19T23:11:11.000Z</time>
        <extensions>
          <ns3:TrackPointExtension>
            <ns3:hr>153</ns3:hr>
            <ns3:cad>89</ns3:cad>
          </ns3:TrackPointExtension>
        </extensions>
      </trkpt>
      <trkpt lat="34.17458270676434040069580078125" lon="108.92769330181181430816650390625">
        <ele>464.399993896484375</ele>
        <time>2026-08-19T23:11:12.000Z</time>
        <extensions>
          <ns3:TrackPointExtension>
            <ns3:hr>152</ns3:hr>
            <ns3:cad>89</ns3:cad>
          </ns3:TrackPointExtension>
        </extensions>
      </trkpt>
      <trkpt lat="34.174590669572353363037109375" lon="108.9276717603206634521484375">
        <ele>464.399993896484375</ele>
        <time>2026-08-19T23:11:13.000Z</time>
        <extensions>
          <ns3:TrackPointExtension>
            <ns3:hr>153</ns3:hr>
            <ns3:cad>88</ns3:cad>
          </ns3:TrackPointExtension>
        </extensions>
      </trkpt>
      <trkpt lat="34.17459796182811260223388671875" lon="108.9276514761149883270263671875">
        <ele>464.600006103515625</ele>
        <time>2026-08-19T23:11:14.000Z</time>
        <extensions>
          <ns3:TrackPointExtension>
            <ns3:hr>153</ns3:hr>
            <ns3:cad>88</ns3:cad>
          </ns3:TrackPointExtension>
        </extensions>
      </trkpt>
      <trkpt lat="34.17460097931325435638427734375" lon="108.9276286773383617401123046875">
        <ele>464.600006103515625</ele>
        <time>2026-08-19T23:11:15.000Z</time>
        <extensions>
          <ns3:TrackPointExtension>
            <ns3:hr>153</ns3:hr>
            <ns3:cad>88</ns3:cad>
          </ns3:TrackPointExtension>
        </extensions>
      </trkpt>
      <trkpt lat="34.17460642755031585693359375" lon="108.92760998569428920745849609375">
        <ele>464.79998779296875</ele>
        <time>2026-08-19T23:11:16.000Z</time>
        <extensions>
          <ns3:TrackPointExtension>
            <ns3:hr>154</ns3:hr>
            <ns3:cad>88</ns3:cad>
          </ns3:TrackPointExtension>
        </extensions>
      </trkpt>
      <trkpt lat="34.17461288161575794219970703125" lon="108.92758467234671115875244140625">
        <ele>464.79998779296875</ele>
        <time>2026-08-19T23:11:17.000Z</time>
        <extensions>
          <ns3:TrackPointExtension>
            <ns3:hr>154</ns3:hr>
            <ns3:cad>88</ns3:cad>
          </ns3:TrackPointExtension>
        </extensions>
      </trkpt>
      <trkpt lat="34.17461958713829517364501953125" lon="108.92756271176040172576904296875">
        <ele>464.79998779296875</ele>
        <time>2026-08-19T23:11:18.000Z</time>
        <extensions>
          <ns3:TrackPointExtension>
            <ns3:hr>154</ns3:hr>
            <ns3:cad>88</ns3:cad>
          </ns3:TrackPointExtension>
        </extensions>
      </trkpt>
      <trkpt lat="34.174625538289546966552734375" lon="108.92753739841282367706298828125">
        <ele>465</ele>
        <time>2026-08-19T23:11:19.000Z</time>
        <extensions>
          <ns3:TrackPointExtension>
            <ns3:hr>154</ns3:hr>
            <ns3:cad>88</ns3:cad>
          </ns3:TrackPointExtension>
        </extensions>
      </trkpt>
      <trkpt lat="34.17462847195565700531005859375" lon="108.92751560546457767486572265625">
        <ele>465</ele>
        <time>2026-08-19T23:11:20.000Z</time>
        <extensions>
          <ns3:TrackPointExtension>
            <ns3:hr>154</ns3:hr>
            <ns3:cad>88</ns3:cad>
          </ns3:TrackPointExtension>
        </extensions>
      </trkpt>
      <trkpt lat="34.17463383637368679046630859375" lon="108.92748777754604816436767578125">
        <ele>465.20001220703125</ele>
        <time>2026-08-19T23:11:21.000Z</time>
        <extensions>
          <ns3:TrackPointExtension>
            <ns3:hr>153</ns3:hr>
            <ns3:cad>88</ns3:cad>
          </ns3:TrackPointExtension>
        </extensions>
      </trkpt>
      <trkpt lat="34.174635596573352813720703125" lon="108.92746648751199245452880859375">
        <ele>465.20001220703125</ele>
        <time>2026-08-19T23:11:22.000Z</time>
        <extensions>
          <ns3:TrackPointExtension>
            <ns3:hr>153</ns3:hr>
            <ns3:cad>88</ns3:cad>
          </ns3:TrackPointExtension>
        </extensions>
      </trkpt>
      <trkpt lat="34.17463995516300201416015625" lon="108.92743782140314579010009765625">
        <ele>465.399993896484375</ele>
        <time>2026-08-19T23:11:23.000Z</time>
        <extensions>
          <ns3:TrackPointExtension>
            <ns3:hr>153</ns3:hr>
            <ns3:cad>88</ns3:cad>
          </ns3:TrackPointExtension>
        </extensions>
      </trkpt>
      <trkpt lat="34.17464607395231723785400390625" lon="108.92741493880748748779296875">
        <ele>465.399993896484375</ele>
        <time>2026-08-19T23:11:24.000Z</time>
        <extensions>
          <ns3:TrackPointExtension>
            <ns3:hr>153</ns3:hr>
            <ns3:cad>88</ns3:cad>
          </ns3:TrackPointExtension>
        </extensions>
      </trkpt>
      <trkpt lat="34.17464858852326869964599609375" lon="108.927385769784450531005859375">
        <ele>465.600006103515625</ele>
        <time>2026-08-19T23:11:25.000Z</time>
        <extensions>
          <ns3:TrackPointExtension>
            <ns3:hr>153</ns3:hr>
            <ns3:cad>88</ns3:cad>
          </ns3:TrackPointExtension>
        </extensions>
      </trkpt>
      <trkpt lat="34.1746567189693450927734375" lon="108.9273581095039844512939453125">
        <ele>465.600006103515625</ele>
        <time>2026-08-19T23:11:26.000Z</time>
        <extensions>
          <ns3:TrackPointExtension>
            <ns3:hr>153</ns3:hr>
            <ns3:cad>87</ns3:cad>
          </ns3:TrackPointExtension>
        </extensions>
      </trkpt>
      <trkpt lat="34.17466032318770885467529296875" lon="108.92733572982251644134521484375">
        <ele>465.79998779296875</ele>
        <time>2026-08-19T23:11:27.000Z</time>
        <extensions>
          <ns3:TrackPointExtension>
            <ns3:hr>153</ns3:hr>
            <ns3:cad>87</ns3:cad>
          </ns3:TrackPointExtension>
        </extensions>
      </trkpt>
      <trkpt lat="34.17466836981475353240966796875" lon="108.92731024883687496185302734375">
        <ele>465.79998779296875</ele>
        <time>2026-08-19T23:11:28.000Z</time>
        <extensions>
          <ns3:TrackPointExtension>
            <ns3:hr>153</ns3:hr>
            <ns3:cad>87</ns3:cad>
          </ns3:TrackPointExtension>
        </extensions>
      </trkpt>
      <trkpt lat="34.17466904036700725555419921875" lon="108.92728694714605808258056640625">
        <ele>466</ele>
        <time>2026-08-19T23:11:29.000Z</time>
        <extensions>
          <ns3:TrackPointExtension>
            <ns3:hr>153</ns3:hr>
            <ns3:cad>88</ns3:cad>
          </ns3:TrackPointExtension>
        </extensions>
      </trkpt>
      <trkpt lat="34.17467373423278331756591796875" lon="108.9272615499794483184814453125">
        <ele>466</ele>
        <time>2026-08-19T23:11:30.000Z</time>
        <extensions>
          <ns3:TrackPointExtension>
            <ns3:hr>153</ns3:hr>
            <ns3:cad>88</ns3:cad>
          </ns3:TrackPointExtension>
        </extensions>
      </trkpt>
      <trkpt lat="34.1746783442795276641845703125" lon="108.92723665572702884674072265625">
        <ele>466</ele>
        <time>2026-08-19T23:11:31.000Z</time>
        <extensions>
          <ns3:TrackPointExtension>
            <ns3:hr>153</ns3:hr>
            <ns3:cad>88</ns3:cad>
          </ns3:TrackPointExtension>
        </extensions>
      </trkpt>
      <trkpt lat="34.17468731291592121124267578125" lon="108.92720866017043590545654296875">
        <ele>466</ele>
        <time>2026-08-19T23:11:32.000Z</time>
        <extensions>
          <ns3:TrackPointExtension>
            <ns3:hr>154</ns3:hr>
            <ns3:cad>88</ns3:cad>
          </ns3:TrackPointExtension>
        </extensions>
      </trkpt>
      <trkpt lat="34.17469200678169727325439453125" lon="108.927187621593475341796875">
        <ele>466.20001220703125</ele>
        <time>2026-08-19T23:11:33.000Z</time>
        <extensions>
          <ns3:TrackPointExtension>
            <ns3:hr>154</ns3:hr>
            <ns3:cad>88</ns3:cad>
          </ns3:TrackPointExtension>
        </extensions>
      </trkpt>
      <trkpt lat="34.17470055632293224334716796875" lon="108.92716038040816783905029296875">
        <ele>466.20001220703125</ele>
        <time>2026-08-19T23:11:34.000Z</time>
        <extensions>
          <ns3:TrackPointExtension>
            <ns3:hr>154</ns3:hr>
            <ns3:cad>88</ns3:cad>
          </ns3:TrackPointExtension>
        </extensions>
      </trkpt>
      <trkpt lat="34.17470742948353290557861328125" lon="108.9271385036408901214599609375">
        <ele>466.399993896484375</ele>
        <time>2026-08-19T23:11:35.000Z</time>
        <extensions>
          <ns3:TrackPointExtension>
            <ns3:hr>154</ns3:hr>
            <ns3:cad>88</ns3:cad>
          </ns3:TrackPointExtension>
        </extensions>
      </trkpt>
      <trkpt lat="34.1747165657579898834228515625" lon="108.9271103404462337493896484375">
        <ele>466.399993896484375</ele>
        <time>2026-08-19T23:11:36.000Z</time>
        <extensions>
          <ns3:TrackPointExtension>
            <ns3:hr>154</ns3:hr>
            <ns3:cad>88</ns3:cad>
          </ns3:TrackPointExtension>
        </extensions>
      </trkpt>
      <trkpt lat="34.1747210919857025146484375" lon="108.92708846367895603179931640625">
        <ele>466.600006103515625</ele>
        <time>2026-08-19T23:11:37.000Z</time>
        <extensions>
          <ns3:TrackPointExtension>
            <ns3:hr>154</ns3:hr>
            <ns3:cad>88</ns3:cad>
          </ns3:TrackPointExtension>
        </extensions>
      </trkpt>
      <trkpt lat="34.17472712695598602294921875" lon="108.9270610548555850982666015625">
        <ele>466.79998779296875</ele>
        <time>2026-08-19T23:11:38.000Z</time>
        <extensions>
          <ns3:TrackPointExtension>
            <ns3:hr>155</ns3:hr>
            <ns3:cad>88</ns3:cad>
          </ns3:TrackPointExtension>
        </extensions>
      </trkpt>
      <trkpt lat="34.1747293062508106231689453125" lon="108.9270402677357196807861328125">
        <ele>466.79998779296875</ele>
        <time>2026-08-19T23:11:39.000Z</time>
        <extensions>
          <ns3:TrackPointExtension>
            <ns3:hr>154</ns3:hr>
            <ns3:cad>88</ns3:cad>
          </ns3:TrackPointExtension>
        </extensions>
      </trkpt>
      <trkpt lat="34.1747383587062358856201171875" lon="108.927015624940395355224609375">
        <ele>466.79998779296875</ele>
        <time>2026-08-19T23:11:40.000Z</time>
        <extensions>
          <ns3:TrackPointExtension>
            <ns3:hr>154</ns3:hr>
            <ns3:cad>88</ns3:cad>
          </ns3:TrackPointExtension>
        </extensions>
      </trkpt>
      <trkpt lat="34.17474229820072650909423828125" lon="108.9269960112869739532470703125">
        <ele>466.79998779296875</ele>
        <time>2026-08-19T23:11:41.000Z</time>
        <extensions>
          <ns3:TrackPointExtension>
            <ns3:hr>155</ns3:hr>
            <ns3:cad>89</ns3:cad>
          </ns3:TrackPointExtension>
        </extensions>
      </trkpt>
      <trkpt lat="34.17473919689655303955078125" lon="108.92697027884423732757568359375">
        <ele>467</ele>
        <time>2026-08-19T23:11:42.000Z</time>
        <extensions>
          <ns3:TrackPointExtension>
            <ns3:hr>155</ns3:hr>
            <ns3:cad>90</ns3:cad>
          </ns3:TrackPointExtension>
        </extensions>
      </trkpt>
      <trkpt lat="34.17473861016333103179931640625" lon="108.92695049755275249481201171875">
        <ele>467</ele>
        <time>2026-08-19T23:11:43.000Z</time>
        <extensions>
          <ns3:TrackPointExtension>
            <ns3:hr>156</ns3:hr>
            <ns3:cad>90</ns3:cad>
          </ns3:TrackPointExtension>
        </extensions>
      </trkpt>
      <trkpt lat="34.17474363930523395538330078125" lon="108.92692945897579193115234375">
        <ele>467.20001220703125</ele>
        <time>2026-08-19T23:11:44.000Z</time>
        <extensions>
          <ns3:TrackPointExtension>
            <ns3:hr>156</ns3:hr>
            <ns3:cad>90</ns3:cad>
          </ns3:TrackPointExtension>
        </extensions>
      </trkpt>
      <trkpt lat="34.1747479140758514404296875" lon="108.92690800130367279052734375">
        <ele>467.399993896484375</ele>
        <time>2026-08-19T23:11:45.000Z</time>
        <extensions>
          <ns3:TrackPointExtension>
            <ns3:hr>156</ns3:hr>
            <ns3:cad>90</ns3:cad>
          </ns3:TrackPointExtension>
        </extensions>
      </trkpt>
      <trkpt lat="34.1747531108558177947998046875" lon="108.92687849700450897216796875">
        <ele>467.600006103515625</ele>
        <time>2026-08-19T23:11:46.000Z</time>
        <extensions>
          <ns3:TrackPointExtension>
            <ns3:hr>156</ns3:hr>
            <ns3:cad>90</ns3:cad>
          </ns3:TrackPointExtension>
        </extensions>
      </trkpt>
      <trkpt lat="34.1747561283409595489501953125" lon="108.9268536865711212158203125">
        <ele>467.600006103515625</ele>
        <time>2026-08-19T23:11:47.000Z</time>
        <extensions>
          <ns3:TrackPointExtension>
            <ns3:hr>156</ns3:hr>
            <ns3:cad>90</ns3:cad>
          </ns3:TrackPointExtension>
        </extensions>
      </trkpt>
      <trkpt lat="34.1747640073299407958984375" lon="108.9268260262906551361083984375">
        <ele>467.79998779296875</ele>
        <time>2026-08-19T23:11:48.000Z</time>
        <extensions>
          <ns3:TrackPointExtension>
            <ns3:hr>156</ns3:hr>
            <ns3:cad>90</ns3:cad>
          </ns3:TrackPointExtension>
        </extensions>
      </trkpt>
      <trkpt lat="34.17477071285247802734375" lon="108.9268002100288867950439453125">
        <ele>467.79998779296875</ele>
        <time>2026-08-19T23:11:49.000Z</time>
        <extensions>
          <ns3:TrackPointExtension>
            <ns3:hr>156</ns3:hr>
            <ns3:cad>90</ns3:cad>
          </ns3:TrackPointExtension>
        </extensions>
      </trkpt>
      <trkpt lat="34.1747801005840301513671875" lon="108.9267717115581035614013671875">
        <ele>467.79998779296875</ele>
        <time>2026-08-19T23:11:50.000Z</time>
        <extensions>
          <ns3:TrackPointExtension>
            <ns3:hr>156</ns3:hr>
            <ns3:cad>90</ns3:cad>
          </ns3:TrackPointExtension>
        </extensions>
      </trkpt>
      <trkpt lat="34.17478554882109165191650390625" lon="108.92675234936177730560302734375">
        <ele>468</ele>
        <time>2026-08-19T23:11:51.000Z</time>
        <extensions>
          <ns3:TrackPointExtension>
            <ns3:hr>156</ns3:hr>
            <ns3:cad>89</ns3:cad>
          </ns3:TrackPointExtension>
        </extensions>
      </trkpt>
      <trkpt lat="34.17479644529521465301513671875" lon="108.9267284609377384185791015625">
        <ele>468</ele>
        <time>2026-08-19T23:11:52.000Z</time>
        <extensions>
          <ns3:TrackPointExtension>
            <ns3:hr>156</ns3:hr>
            <ns3:cad>89</ns3:cad>
          </ns3:TrackPointExtension>
        </extensions>
      </trkpt>
      <trkpt lat="34.1748003847897052764892578125" lon="108.92670415341854095458984375">
        <ele>468</ele>
        <time>2026-08-19T23:11:53.000Z</time>
        <extensions>
          <ns3:TrackPointExtension>
            <ns3:hr>156</ns3:hr>
            <ns3:cad>89</ns3:cad>
          </ns3:TrackPointExtension>
        </extensions>
      </trkpt>
      <trkpt lat="34.17480901814997196197509765625" lon="108.926676325500011444091796875">
        <ele>468.20001220703125</ele>
        <time>2026-08-19T23:11:54.000Z</time>
        <extensions>
          <ns3:TrackPointExtension>
            <ns3:hr>156</ns3:hr>
            <ns3:cad>89</ns3:cad>
          </ns3:TrackPointExtension>
        </extensions>
      </trkpt>
      <trkpt lat="34.17481337673962116241455078125" lon="108.92665394581854343414306640625">
        <ele>468.20001220703125</ele>
        <time>2026-08-19T23:11:55.000Z</time>
        <extensions>
          <ns3:TrackPointExtension>
            <ns3:hr>156</ns3:hr>
            <ns3:cad>90</ns3:cad>
          </ns3:TrackPointExtension>
        </extensions>
      </trkpt>
      <trkpt lat="34.17481991462409496307373046875" lon="108.92662703990936279296875">
        <ele>468.20001220703125</ele>
        <time>2026-08-19T23:11:56.000Z</time>
        <extensions>
          <ns3:TrackPointExtension>
            <ns3:hr>157</ns3:hr>
            <ns3:cad>89</ns3:cad>
          </ns3:TrackPointExtension>
        </extensions>
      </trkpt>
      <trkpt lat="34.174825362861156463623046875" lon="108.92660566605627536773681640625">
        <ele>468.399993896484375</ele>
        <time>2026-08-19T23:11:57.000Z</time>
        <extensions>
          <ns3:TrackPointExtension>
            <ns3:hr>156</ns3:hr>
            <ns3:cad>89</ns3:cad>
          </ns3:TrackPointExtension>
        </extensions>
      </trkpt>
      <trkpt lat="34.17483047582209110260009765625" lon="108.926575742661952972412109375">
        <ele>468.399993896484375</ele>
        <time>2026-08-19T23:11:58.000Z</time>
        <extensions>
          <ns3:TrackPointExtension>
            <ns3:hr>156</ns3:hr>
            <ns3:cad>89</ns3:cad>
          </ns3:TrackPointExtension>
        </extensions>
      </trkpt>
      <trkpt lat="34.17483634315431118011474609375" lon="108.926551602780818939208984375">
        <ele>468.399993896484375</ele>
        <time>2026-08-19T23:11:59.000Z</time>
        <extensions>
          <ns3:TrackPointExtension>
            <ns3:hr>156</ns3:hr>
            <ns3:cad>89</ns3:cad>
          </ns3:TrackPointExtension>
        </extensions>
      </trkpt>
      <trkpt lat="34.1748409532010555267333984375" lon="108.92652536742389202117919921875">
        <ele>468.600006103515625</ele>
        <time>2026-08-19T23:12:00.000Z</time>
        <extensions>
          <ns3:TrackPointExtension>
            <ns3:hr>157</ns3:hr>
            <ns3:cad>89</ns3:cad>
          </ns3:TrackPointExtension>
        </extensions>
      </trkpt>
      <trkpt lat="34.1748476587235927581787109375" lon="108.9265024848282337188720703125">
        <ele>468.600006103515625</ele>
        <time>2026-08-19T23:12:01.000Z</time>
        <extensions>
          <ns3:TrackPointExtension>
            <ns3:hr>156</ns3:hr>
            <ns3:cad>89</ns3:cad>
          </ns3:TrackPointExtension>
        </extensions>
      </trkpt>
      <trkpt lat="34.17485344223678112030029296875" lon="108.92647289671003818511962890625">
        <ele>468.79998779296875</ele>
        <time>2026-08-19T23:12:02.000Z</time>
        <extensions>
          <ns3:TrackPointExtension>
            <ns3:hr>156</ns3:hr>
            <ns3:cad>89</ns3:cad>
          </ns3:TrackPointExtension>
        </extensions>
      </trkpt>
      <trkpt lat="34.17485444806516170501708984375" lon="108.9264498464763164520263671875">
        <ele>468.79998779296875</ele>
        <time>2026-08-19T23:12:03.000Z</time>
        <extensions>
          <ns3:TrackPointExtension>
            <ns3:hr>157</ns3:hr>
            <ns3:cad>89</ns3:cad>
          </ns3:TrackPointExtension>
        </extensions>
      </trkpt>
      <trkpt lat="34.17486299760639667510986328125" lon="108.92642411403357982635498046875">
        <ele>468.79998779296875</ele>
        <time>2026-08-19T23:12:04.000Z</time>
        <extensions>
          <ns3:TrackPointExtension>
            <ns3:hr>156</ns3:hr>
            <ns3:cad>88</ns3:cad>
          </ns3:TrackPointExtension>
        </extensions>
      </trkpt>
      <trkpt lat="34.17487037368118762969970703125" lon="108.92640081234276294708251953125">
        <ele>469</ele>
        <time>2026-08-19T23:12:05.000Z</time>
        <extensions>
          <ns3:TrackPointExtension>
            <ns3:hr>156</ns3:hr>
            <ns3:cad>88</ns3:cad>
          </ns3:TrackPointExtension>
        </extensions>
      </trkpt>
      <trkpt lat="34.17487272061407566070556640625" lon="108.92637482844293117523193359375">
        <ele>469</ele>
        <time>2026-08-19T23:12:06.000Z</time>
        <extensions>
          <ns3:TrackPointExtension>
            <ns3:hr>157</ns3:hr>
            <ns3:cad>88</ns3:cad>
          </ns3:TrackPointExtension>
        </extensions>
      </trkpt>
      <trkpt lat="34.1748815216124057769775390625" lon="108.9263495989143848419189453125">
        <ele>469</ele>
        <time>2026-08-19T23:12:07.000Z</time>
        <extensions>
          <ns3:TrackPointExtension>
            <ns3:hr>156</ns3:hr>
            <ns3:cad>89</ns3:cad>
          </ns3:TrackPointExtension>
        </extensions>
      </trkpt>
      <trkpt lat="34.17488596402108669281005859375" lon="108.92632185481488704681396484375">
        <ele>469</ele>
        <time>2026-08-19T23:12:08.000Z</time>
        <extensions>
          <ns3:TrackPointExtension>
            <ns3:hr>156</ns3:hr>
            <ns3:cad>88</ns3:cad>
          </ns3:TrackPointExtension>
        </extensions>
      </trkpt>
      <trkpt lat="34.17489266954362392425537109375" lon="108.92629603855311870574951171875">
        <ele>469</ele>
        <time>2026-08-19T23:12:09.000Z</time>
        <extensions>
          <ns3:TrackPointExtension>
            <ns3:hr>157</ns3:hr>
            <ns3:cad>88</ns3:cad>
          </ns3:TrackPointExtension>
        </extensions>
      </trkpt>
      <trkpt lat="34.174897111952304840087890625" lon="108.926268629729747772216796875">
        <ele>469.20001220703125</ele>
        <time>2026-08-19T23:12:10.000Z</time>
        <extensions>
          <ns3:TrackPointExtension>
            <ns3:hr>156</ns3:hr>
            <ns3:cad>88</ns3:cad>
          </ns3:TrackPointExtension>
        </extensions>
      </trkpt>
      <trkpt lat="34.17490742169320583343505859375" lon="108.92624557949602603912353515625">
        <ele>469.20001220703125</ele>
        <time>2026-08-19T23:12:11.000Z</time>
        <extensions>
          <ns3:TrackPointExtension>
            <ns3:hr>156</ns3:hr>
            <ns3:cad>87</ns3:cad>
          </ns3:TrackPointExtension>
        </extensions>
      </trkpt>
      <trkpt lat="34.17491580359637737274169921875" lon="108.9262181706726551055908203125">
        <ele>469.20001220703125</ele>
        <time>2026-08-19T23:12:12.000Z</time>
        <extensions>
          <ns3:TrackPointExtension>
            <ns3:hr>156</ns3:hr>
            <ns3:cad>88</ns3:cad>
          </ns3:TrackPointExtension>
        </extensions>
      </trkpt>
      <trkpt lat="34.1749220900237560272216796875" lon="108.92619310878217220306396484375">
        <ele>469.20001220703125</ele>
        <time>2026-08-19T23:12:13.000Z</time>
        <extensions>
          <ns3:TrackPointExtension>
            <ns3:hr>156</ns3:hr>
            <ns3:cad>89</ns3:cad>
          </ns3:TrackPointExtension>
        </extensions>
      </trkpt>
      <trkpt lat="34.174927286803722381591796875" lon="108.9261682145297527313232421875">
        <ele>469.20001220703125</ele>
        <time>2026-08-19T23:12:14.000Z</time>
        <extensions>
          <ns3:TrackPointExtension>
            <ns3:hr>156</ns3:hr>
            <ns3:cad>89</ns3:cad>
          </ns3:TrackPointExtension>
        </extensions>
      </trkpt>
      <trkpt lat="34.17493524961173534393310546875" lon="108.92614013515412807464599609375">
        <ele>469.20001220703125</ele>
        <time>2026-08-19T23:12:15.000Z</time>
        <extensions>
          <ns3:TrackPointExtension>
            <ns3:hr>155</ns3:hr>
            <ns3:cad>90</ns3:cad>
          </ns3:TrackPointExtension>
        </extensions>
      </trkpt>
      <trkpt lat="34.17494011111557483673095703125" lon="108.9261212758719921112060546875">
        <ele>469.399993896484375</ele>
        <time>2026-08-19T23:12:16.000Z</time>
        <extensions>
          <ns3:TrackPointExtension>
            <ns3:hr>155</ns3:hr>
            <ns3:cad>89</ns3:cad>
          </ns3:TrackPointExtension>
        </extensions>
      </trkpt>
      <trkpt lat="34.1749469004571437835693359375" lon="108.92609772272408008575439453125">
        <ele>469.399993896484375</ele>
        <time>2026-08-19T23:12:17.000Z</time>
        <extensions>
          <ns3:TrackPointExtension>
            <ns3:hr>155</ns3:hr>
            <ns3:cad>89</ns3:cad>
          </ns3:TrackPointExtension>
        </extensions>
      </trkpt>
      <trkpt lat="34.17494966648519039154052734375" lon="108.92607391811907291412353515625">
        <ele>469.399993896484375</ele>
        <time>2026-08-19T23:12:18.000Z</time>
        <extensions>
          <ns3:TrackPointExtension>
            <ns3:hr>155</ns3:hr>
            <ns3:cad>89</ns3:cad>
          </ns3:TrackPointExtension>
        </extensions>
      </trkpt>
      <trkpt lat="34.1749596409499645233154296875" lon="108.9260501973330974578857421875">
        <ele>469.399993896484375</ele>
        <time>2026-08-19T23:12:19.000Z</time>
        <extensions>
          <ns3:TrackPointExtension>
            <ns3:hr>155</ns3:hr>
            <ns3:cad>89</ns3:cad>
          </ns3:TrackPointExtension>
        </extensions>
      </trkpt>
      <trkpt lat="34.17496659792959690093994140625" lon="108.92602798528969287872314453125">
        <ele>469.399993896484375</ele>
        <time>2026-08-19T23:12:20.000Z</time>
        <extensions>
          <ns3:TrackPointExtension>
            <ns3:hr>155</ns3:hr>
            <ns3:cad>89</ns3:cad>
          </ns3:TrackPointExtension>
        </extensions>
      </trkpt>
      <trkpt lat="34.17498067952692508697509765625" lon="108.92600920982658863067626953125">
        <ele>469.399993896484375</ele>
        <time>2026-08-19T23:12:21.000Z</time>
        <extensions>
          <ns3:TrackPointExtension>
            <ns3:hr>155</ns3:hr>
            <ns3:cad>90</ns3:cad>
          </ns3:TrackPointExtension>
        </extensions>
      </trkpt>
      <trkpt lat="34.174990318715572357177734375" lon="108.9259898476302623748779296875">
        <ele>469.399993896484375</ele>
        <time>2026-08-19T23:12:22.000Z</time>
        <extensions>
          <ns3:TrackPointExtension>
            <ns3:hr>155</ns3:hr>
            <ns3:cad>90</ns3:cad>
          </ns3:TrackPointExtension>
        </extensions>
      </trkpt>
      <trkpt lat="34.17500565759837627410888671875" lon="108.925974927842617034912109375">
        <ele>469.600006103515625</ele>
        <time>2026-08-19T23:12:23.000Z</time>
        <extensions>
          <ns3:TrackPointExtension>
            <ns3:hr>156</ns3:hr>
            <ns3:cad>90</ns3:cad>
          </ns3:TrackPointExtension>
        </extensions>
      </trkpt>
      <trkpt lat="34.1750228404998779296875" lon="108.9259670488536357879638671875">
        <ele>469.600006103515625</ele>
        <time>2026-08-19T23:12:24.000Z</time>
        <extensions>
          <ns3:TrackPointExtension>
            <ns3:hr>155</ns3:hr>
            <ns3:cad>90</ns3:cad>
          </ns3:TrackPointExtension>
        </extensions>
      </trkpt>
      <trkpt lat="34.17504555545747280120849609375" lon="108.92596562393009662628173828125">
        <ele>469.600006103515625</ele>
        <time>2026-08-19T23:12:25.000Z</time>
        <extensions>
          <ns3:TrackPointExtension>
            <ns3:hr>155</ns3:hr>
            <ns3:cad>89</ns3:cad>
          </ns3:TrackPointExtension>
        </extensions>
      </trkpt>
      <trkpt lat="34.17506399564445018768310546875" lon="108.9259569905698299407958984375">
        <ele>469.79998779296875</ele>
        <time>2026-08-19T23:12:26.000Z</time>
        <extensions>
          <ns3:TrackPointExtension>
            <ns3:hr>155</ns3:hr>
            <ns3:cad>89</ns3:cad>
          </ns3:TrackPointExtension>
        </extensions>
      </trkpt>
      <trkpt lat="34.17508847080171108245849609375" lon="108.9259553141891956329345703125">
        <ele>469.79998779296875</ele>
        <time>2026-08-19T23:12:27.000Z</time>
        <extensions>
          <ns3:TrackPointExtension>
            <ns3:hr>155</ns3:hr>
            <ns3:cad>89</ns3:cad>
          </ns3:TrackPointExtension>
        </extensions>
      </trkpt>
      <trkpt lat="34.1751100122928619384765625" lon="108.9259556494653224945068359375">
        <ele>469.600006103515625</ele>
        <time>2026-08-19T23:12:28.000Z</time>
        <extensions>
          <ns3:TrackPointExtension>
            <ns3:hr>155</ns3:hr>
            <ns3:cad>89</ns3:cad>
          </ns3:TrackPointExtension>
        </extensions>
      </trkpt>
      <trkpt lat="34.1751349903643131256103515625" lon="108.9259573258459568023681640625">
        <ele>469.600006103515625</ele>
        <time>2026-08-19T23:12:29.000Z</time>
        <extensions>
          <ns3:TrackPointExtension>
            <ns3:hr>155</ns3:hr>
            <ns3:cad>88</ns3:cad>
          </ns3:TrackPointExtension>
        </extensions>
      </trkpt>
      <trkpt lat="34.1751529276371002197265625" lon="108.92595422454178333282470703125">
        <ele>469.600006103515625</ele>
        <time>2026-08-19T23:12:30.000Z</time>
        <extensions>
          <ns3:TrackPointExtension>
            <ns3:hr>154</ns3:hr>
            <ns3:cad>89</ns3:cad>
          </ns3:TrackPointExtension>
        </extensions>
      </trkpt>
      <trkpt lat="34.175182767212390899658203125" lon="108.9259526319801807403564453125">
        <ele>469.600006103515625</ele>
        <time>2026-08-19T23:12:31.000Z</time>
        <extensions>
          <ns3:TrackPointExtension>
            <ns3:hr>154</ns3:hr>
            <ns3:cad>89</ns3:cad>
          </ns3:TrackPointExtension>
        </extensions>
      </trkpt>
      <trkpt lat="34.175202883780002593994140625" lon="108.9259509555995464324951171875">
        <ele>469.600006103515625</ele>
        <time>2026-08-19T23:12:32.000Z</time>
        <extensions>
          <ns3:TrackPointExtension>
            <ns3:hr>154</ns3:hr>
            <ns3:cad>89</ns3:cad>
          </ns3:TrackPointExtension>
        </extensions>
      </trkpt>
      <trkpt lat="34.1752312146127223968505859375" lon="108.92595112323760986328125">
        <ele>469.399993896484375</ele>
        <time>2026-08-19T23:12:33.000Z</time>
        <extensions>
          <ns3:TrackPointExtension>
            <ns3:hr>155</ns3:hr>
            <ns3:cad>90</ns3:cad>
          </ns3:TrackPointExtension>
        </extensions>
      </trkpt>
      <trkpt lat="34.17525149881839752197265625" lon="108.9259497821331024169921875">
        <ele>469.399993896484375</ele>
        <time>2026-08-19T23:12:34.000Z</time>
        <extensions>
          <ns3:TrackPointExtension>
            <ns3:hr>154</ns3:hr>
            <ns3:cad>89</ns3:cad>
          </ns3:TrackPointExtension>
        </extensions>
      </trkpt>
      <trkpt lat="34.175274632871150970458984375" lon="108.925945423543453216552734375">
        <ele>469.399993896484375</ele>
        <time>2026-08-19T23:12:35.000Z</time>
        <extensions>
          <ns3:TrackPointExtension>
            <ns3:hr>154</ns3:hr>
            <ns3:cad>89</ns3:cad>
          </ns3:TrackPointExtension>
        </extensions>
      </trkpt>
      <trkpt lat="34.17529131285846233367919921875" lon="108.92593947239220142364501953125">
        <ele>469.399993896484375</ele>
        <time>2026-08-19T23:12:36.000Z</time>
        <extensions>
          <ns3:TrackPointExtension>
            <ns3:hr>154</ns3:hr>
            <ns3:cad>89</ns3:cad>
          </ns3:TrackPointExtension>
        </extensions>
      </trkpt>
      <trkpt lat="34.175315201282501220703125" lon="108.92593838274478912353515625">
        <ele>469.399993896484375</ele>
        <time>2026-08-19T23:12:37.000Z</time>
        <extensions>
          <ns3:TrackPointExtension>
            <ns3:hr>153</ns3:hr>
            <ns3:cad>89</ns3:cad>
          </ns3:TrackPointExtension>
        </extensions>
      </trkpt>
      <trkpt lat="34.17533397674560546875" lon="108.9259358681738376617431640625">
        <ele>469.399993896484375</ele>
        <time>2026-08-19T23:12:38.000Z</time>
        <extensions>
          <ns3:TrackPointExtension>
            <ns3:hr>153</ns3:hr>
            <ns3:cad>90</ns3:cad>
          </ns3:TrackPointExtension>
        </extensions>
      </trkpt>
      <trkpt lat="34.17536079883575439453125" lon="108.9259336888790130615234375">
        <ele>469.399993896484375</ele>
        <time>2026-08-19T23:12:39.000Z</time>
        <extensions>
          <ns3:TrackPointExtension>
            <ns3:hr>153</ns3:hr>
            <ns3:cad>90</ns3:cad>
          </ns3:TrackPointExtension>
        </extensions>
      </trkpt>
      <trkpt lat="34.17537848465144634246826171875" lon="108.9259310066699981689453125">
        <ele>469.399993896484375</ele>
        <time>2026-08-19T23:12:40.000Z</time>
        <extensions>
          <ns3:TrackPointExtension>
            <ns3:hr>153</ns3:hr>
            <ns3:cad>90</ns3:cad>
          </ns3:TrackPointExtension>
        </extensions>
      </trkpt>
      <trkpt lat="34.17540279217064380645751953125" lon="108.92592706717550754547119140625">
        <ele>469.399993896484375</ele>
        <time>2026-08-19T23:12:41.000Z</time>
        <extensions>
          <ns3:TrackPointExtension>
            <ns3:hr>153</ns3:hr>
            <ns3:cad>90</ns3:cad>
          </ns3:TrackPointExtension>
        </extensions>
      </trkpt>
      <trkpt lat="34.17542089708149433135986328125" lon="108.92591868527233600616455078125">
        <ele>469.20001220703125</ele>
        <time>2026-08-19T23:12:42.000Z</time>
        <extensions>
          <ns3:TrackPointExtension>
            <ns3:hr>153</ns3:hr>
            <ns3:cad>89</ns3:cad>
          </ns3:TrackPointExtension>
        </extensions>
      </trkpt>
      <trkpt lat="34.1754479706287384033203125" lon="108.925914578139781951904296875">
        <ele>469.20001220703125</ele>
        <time>2026-08-19T23:12:43.000Z</time>
        <extensions>
          <ns3:TrackPointExtension>
            <ns3:hr>153</ns3:hr>
            <ns3:cad>90</ns3:cad>
          </ns3:TrackPointExtension>
        </extensions>
      </trkpt>
      <trkpt lat="34.1754689253866672515869140625" lon="108.92590996809303760528564453125">
        <ele>469.20001220703125</ele>
        <time>2026-08-19T23:12:44.000Z</time>
        <extensions>
          <ns3:TrackPointExtension>
            <ns3:hr>153</ns3:hr>
            <ns3:cad>90</ns3:cad>
          </ns3:TrackPointExtension>
        </extensions>
      </trkpt>
      <trkpt lat="34.17549633421003818511962890625" lon="108.925905860960483551025390625">
        <ele>469.20001220703125</ele>
        <time>2026-08-19T23:12:45.000Z</time>
        <extensions>
          <ns3:TrackPointExtension>
            <ns3:hr>153</ns3:hr>
            <ns3:cad>90</ns3:cad>
          </ns3:TrackPointExtension>
        </extensions>
      </trkpt>
      <trkpt lat="34.1755148582160472869873046875" lon="108.925900161266326904296875">
        <ele>469.20001220703125</ele>
        <time>2026-08-19T23:12:46.000Z</time>
        <extensions>
          <ns3:TrackPointExtension>
            <ns3:hr>152</ns3:hr>
            <ns3:cad>91</ns3:cad>
          </ns3:TrackPointExtension>
        </extensions>
      </trkpt>
      <trkpt lat="34.175540506839752197265625" lon="108.925897143781185150146484375">
        <ele>469.20001220703125</ele>
        <time>2026-08-19T23:12:47.000Z</time>
        <extensions>
          <ns3:TrackPointExtension>
            <ns3:hr>152</ns3:hr>
            <ns3:cad>90</ns3:cad>
          </ns3:TrackPointExtension>
        </extensions>
      </trkpt>
      <trkpt lat="34.1755591146647930145263671875" lon="108.92589404247701168060302734375">
        <ele>469.20001220703125</ele>
        <time>2026-08-19T23:12:48.000Z</time>
        <extensions>
          <ns3:TrackPointExtension>
            <ns3:hr>152</ns3:hr>
            <ns3:cad>89</ns3:cad>
          </ns3:TrackPointExtension>
        </extensions>
      </trkpt>
      <trkpt lat="34.1755852662026882171630859375" lon="108.9258912764489650726318359375">
        <ele>469</ele>
        <time>2026-08-19T23:12:49.000Z</time>
        <extensions>
          <ns3:TrackPointExtension>
            <ns3:hr>153</ns3:hr>
            <ns3:cad>89</ns3:cad>
          </ns3:TrackPointExtension>
        </extensions>
      </trkpt>
      <trkpt lat="34.17560278438031673431396484375" lon="108.92589052207767963409423828125">
        <ele>469</ele>
        <time>2026-08-19T23:12:50.000Z</time>
        <extensions>
          <ns3:TrackPointExtension>
            <ns3:hr>152</ns3:hr>
            <ns3:cad>89</ns3:cad>
          </ns3:TrackPointExtension>
        </extensions>
      </trkpt>
      <trkpt lat="34.17562809772789478302001953125" lon="108.9258959703147411346435546875">
        <ele>469</ele>
        <time>2026-08-19T23:12:51.000Z</time>
        <extensions>
          <ns3:TrackPointExtension>
            <ns3:hr>152</ns3:hr>
            <ns3:cad>89</ns3:cad>
          </ns3:TrackPointExtension>
        </extensions>
      </trkpt>
      <trkpt lat="34.1756442748010158538818359375" lon="108.92589052207767963409423828125">
        <ele>469</ele>
        <time>2026-08-19T23:12:52.000Z</time>
        <extensions>
          <ns3:TrackPointExtension>
            <ns3:hr>152</ns3:hr>
            <ns3:cad>89</ns3:cad>
          </ns3:TrackPointExtension>
        </extensions>
      </trkpt>
      <trkpt lat="34.17567034251987934112548828125" lon="108.9258869178593158721923828125">
        <ele>468.79998779296875</ele>
        <time>2026-08-19T23:12:53.000Z</time>
        <extensions>
          <ns3:TrackPointExtension>
            <ns3:hr>153</ns3:hr>
            <ns3:cad>89</ns3:cad>
          </ns3:TrackPointExtension>
        </extensions>
      </trkpt>
      <trkpt lat="34.175688363611698150634765625" lon="108.925879038870334625244140625">
        <ele>468.79998779296875</ele>
        <time>2026-08-19T23:12:54.000Z</time>
        <extensions>
          <ns3:TrackPointExtension>
            <ns3:hr>152</ns3:hr>
            <ns3:cad>89</ns3:cad>
          </ns3:TrackPointExtension>
        </extensions>
      </trkpt>
      <trkpt lat="34.17571359314024448394775390625" lon="108.9258761890232563018798828125">
        <ele>468.79998779296875</ele>
        <time>2026-08-19T23:12:55.000Z</time>
        <extensions>
          <ns3:TrackPointExtension>
            <ns3:hr>152</ns3:hr>
            <ns3:cad>89</ns3:cad>
          </ns3:TrackPointExtension>
        </extensions>
      </trkpt>
      <trkpt lat="34.17573169805109500885009765625" lon="108.9258704893290996551513671875">
        <ele>468.79998779296875</ele>
        <time>2026-08-19T23:12:56.000Z</time>
        <extensions>
          <ns3:TrackPointExtension>
            <ns3:hr>152</ns3:hr>
            <ns3:cad>89</ns3:cad>
          </ns3:TrackPointExtension>
        </extensions>
      </trkpt>
      <trkpt lat="34.17575902305543422698974609375" lon="108.92586520873010158538818359375">
        <ele>468.79998779296875</ele>
        <time>2026-08-19T23:12:57.000Z</time>
        <extensions>
          <ns3:TrackPointExtension>
            <ns3:hr>152</ns3:hr>
            <ns3:cad>89</ns3:cad>
          </ns3:TrackPointExtension>
        </extensions>
      </trkpt>
      <trkpt lat="34.17577662505209445953369140625" lon="108.92586101777851581573486328125">
        <ele>468.79998779296875</ele>
        <time>2026-08-19T23:12:58.000Z</time>
        <extensions>
          <ns3:TrackPointExtension>
            <ns3:hr>152</ns3:hr>
            <ns3:cad>89</ns3:cad>
          </ns3:TrackPointExtension>
        </extensions>
      </trkpt>
      <trkpt lat="34.17580428533256053924560546875" lon="108.92585867084562778472900390625">
        <ele>468.79998779296875</ele>
        <time>2026-08-19T23:12:59.000Z</time>
        <extensions>
          <ns3:TrackPointExtension>
            <ns3:hr>151</ns3:hr>
            <ns3:cad>89</ns3:cad>
          </ns3:TrackPointExtension>
        </extensions>
      </trkpt>
      <trkpt lat="34.17582272551953792572021484375" lon="108.92585548572242259979248046875">
        <ele>468.79998779296875</ele>
        <time>2026-08-19T23:13:00.000Z</time>
        <extensions>
          <ns3:TrackPointExtension>
            <ns3:hr>151</ns3:hr>
            <ns3:cad>89</ns3:cad>
          </ns3:TrackPointExtension>
        </extensions>
      </trkpt>
      <trkpt lat="34.175851643085479736328125" lon="108.9258540607988834381103515625">
        <ele>468.79998779296875</ele>
        <time>2026-08-19T23:13:01.000Z</time>
        <extensions>
          <ns3:TrackPointExtension>
            <ns3:hr>151</ns3:hr>
            <ns3:cad>89</ns3:cad>
          </ns3:TrackPointExtension>
        </extensions>
      </trkpt>
      <trkpt lat="34.17587251402437686920166015625" lon="108.92585121095180511474609375">
        <ele>468.79998779296875</ele>
        <time>2026-08-19T23:13:02.000Z</time>
        <extensions>
          <ns3:TrackPointExtension>
            <ns3:hr>151</ns3:hr>
            <ns3:cad>88</ns3:cad>
          </ns3:TrackPointExtension>
        </extensions>
      </trkpt>
      <trkpt lat="34.1758967377245426177978515625" lon="108.9258476905524730682373046875">
        <ele>468.79998779296875</ele>
        <time>2026-08-19T23:13:03.000Z</time>
        <extensions>
          <ns3:TrackPointExtension>
            <ns3:hr>152</ns3:hr>
            <ns3:cad>88</ns3:cad>
          </ns3:TrackPointExtension>
        </extensions>
      </trkpt>
      <trkpt lat="34.1759200394153594970703125" lon="108.9258451759815216064453125">
        <ele>468.79998779296875</ele>
        <time>2026-08-19T23:13:04.000Z</time>
        <extensions>
          <ns3:TrackPointExtension>
            <ns3:hr>151</ns3:hr>
            <ns3:cad>89</ns3:cad>
          </ns3:TrackPointExtension>
        </extensions>
      </trkpt>
      <trkpt lat="34.17594577185809612274169921875" lon="108.9258379675447940826416015625">
        <ele>468.79998779296875</ele>
        <time>2026-08-19T23:13:05.000Z</time>
        <extensions>
          <ns3:TrackPointExtension>
            <ns3:hr>151</ns3:hr>
            <ns3:cad>89</ns3:cad>
          </ns3:TrackPointExtension>
        </extensions>
      </trkpt>
      <trkpt lat="34.17596957646310329437255859375" lon="108.92583511769771575927734375">
        <ele>468.600006103515625</ele>
        <time>2026-08-19T23:13:06.000Z</time>
        <extensions>
          <ns3:TrackPointExtension>
            <ns3:hr>151</ns3:hr>
            <ns3:cad>89</ns3:cad>
          </ns3:TrackPointExtension>
        </extensions>
      </trkpt>
      <trkpt lat="34.17599254287779331207275390625" lon="108.925830759108066558837890625">
        <ele>468.79998779296875</ele>
        <time>2026-08-19T23:13:07.000Z</time>
        <extensions>
          <ns3:TrackPointExtension>
            <ns3:hr>151</ns3:hr>
            <ns3:cad>89</ns3:cad>
          </ns3:TrackPointExtension>
        </extensions>
      </trkpt>
      <trkpt lat="34.17601500637829303741455078125" lon="108.9258319325745105743408203125">
        <ele>468.600006103515625</ele>
        <time>2026-08-19T23:13:08.000Z</time>
        <extensions>
          <ns3:TrackPointExtension>
            <ns3:hr>151</ns3:hr>
            <ns3:cad>89</ns3:cad>
          </ns3:TrackPointExtension>
        </extensions>
      </trkpt>
      <trkpt lat="34.17603411711752414703369140625" lon="108.92583067528903484344482421875">
        <ele>468.600006103515625</ele>
        <time>2026-08-19T23:13:09.000Z</time>
        <extensions>
          <ns3:TrackPointExtension>
            <ns3:hr>150</ns3:hr>
            <ns3:cad>89</ns3:cad>
          </ns3:TrackPointExtension>
        </extensions>
      </trkpt>
      <trkpt lat="34.17605557478964328765869140625" lon="108.9258329384028911590576171875">
        <ele>468.79998779296875</ele>
        <time>2026-08-19T23:13:10.000Z</time>
        <extensions>
          <ns3:TrackPointExtension>
            <ns3:hr>150</ns3:hr>
            <ns3:cad>89</ns3:cad>
          </ns3:TrackPointExtension>
        </extensions>
      </trkpt>
      <trkpt lat="34.17607317678630352020263671875" lon="108.92583402805030345916748046875">
        <ele>468.79998779296875</ele>
        <time>2026-08-19T23:13:11.000Z</time>
        <extensions>
          <ns3:TrackPointExtension>
            <ns3:hr>150</ns3:hr>
            <ns3:cad>89</ns3:cad>
          </ns3:TrackPointExtension>
        </extensions>
      </trkpt>
      <trkpt lat="34.1760958917438983917236328125" lon="108.9258359558880329132080078125">
        <ele>468.600006103515625</ele>
        <time>2026-08-19T23:13:12.000Z</time>
        <extensions>
          <ns3:TrackPointExtension>
            <ns3:hr>149</ns3:hr>
            <ns3:cad>89</ns3:cad>
          </ns3:TrackPointExtension>
        </extensions>
      </trkpt>
      <trkpt lat="34.17611290700733661651611328125" lon="108.9258366264402866363525390625">
        <ele>468.600006103515625</ele>
        <time>2026-08-19T23:13:13.000Z</time>
        <extensions>
          <ns3:TrackPointExtension>
            <ns3:hr>149</ns3:hr>
            <ns3:cad>88</ns3:cad>
          </ns3:TrackPointExtension>
        </extensions>
      </trkpt>
      <trkpt lat="34.17613855563104152679443359375" lon="108.9258344471454620361328125">
        <ele>468.600006103515625</ele>
        <time>2026-08-19T23:13:14.000Z</time>
        <extensions>
          <ns3:TrackPointExtension>
            <ns3:hr>148</ns3:hr>
            <ns3:cad>88</ns3:cad>
          </ns3:TrackPointExtension>
        </extensions>
      </trkpt>
      <trkpt lat="34.176157750189304351806640625" lon="108.925834111869335174560546875">
        <ele>468.600006103515625</ele>
        <time>2026-08-19T23:13:15.000Z</time>
        <extensions>
          <ns3:TrackPointExtension>
            <ns3:hr>148</ns3:hr>
            <ns3:cad>87</ns3:cad>
          </ns3:TrackPointExtension>
        </extensions>
      </trkpt>
      <trkpt lat="34.17617878876626491546630859375" lon="108.92583034001290798187255859375">
        <ele>468.600006103515625</ele>
        <time>2026-08-19T23:13:16.000Z</time>
        <extensions>
          <ns3:TrackPointExtension>
            <ns3:hr>148</ns3:hr>
            <ns3:cad>87</ns3:cad>
          </ns3:TrackPointExtension>
        </extensions>
      </trkpt>
      <trkpt lat="34.1762001626193523406982421875" lon="108.9258252270519733428955078125">
        <ele>468.600006103515625</ele>
        <time>2026-08-19T23:13:17.000Z</time>
        <extensions>
          <ns3:TrackPointExtension>
            <ns3:hr>148</ns3:hr>
            <ns3:cad>88</ns3:cad>
          </ns3:TrackPointExtension>
        </extensions>
      </trkpt>
      <trkpt lat="34.17622505687177181243896484375" lon="108.92581961117684841156005859375">
        <ele>468.600006103515625</ele>
        <time>2026-08-19T23:13:18.000Z</time>
        <extensions>
          <ns3:TrackPointExtension>
            <ns3:hr>147</ns3:hr>
            <ns3:cad>88</ns3:cad>
          </ns3:TrackPointExtension>
        </extensions>
      </trkpt>
      <trkpt lat="34.17624785564839839935302734375" lon="108.9258185215294361114501953125">
        <ele>468.600006103515625</ele>
        <time>2026-08-19T23:13:19.000Z</time>
        <extensions>
          <ns3:TrackPointExtension>
            <ns3:hr>147</ns3:hr>
            <ns3:cad>88</ns3:cad>
          </ns3:TrackPointExtension>
        </extensions>
      </trkpt>
      <trkpt lat="34.17627300135791301727294921875" lon="108.925814665853977203369140625">
        <ele>468.399993896484375</ele>
        <time>2026-08-19T23:13:20.000Z</time>
        <extensions>
          <ns3:TrackPointExtension>
            <ns3:hr>147</ns3:hr>
            <ns3:cad>88</ns3:cad>
          </ns3:TrackPointExtension>
        </extensions>
      </trkpt>
      <trkpt lat="34.17629596777260303497314453125" lon="108.92581424675881862640380859375">
        <ele>468.399993896484375</ele>
        <time>2026-08-19T23:13:21.000Z</time>
        <extensions>
          <ns3:TrackPointExtension>
            <ns3:hr>146</ns3:hr>
            <ns3:cad>87</ns3:cad>
          </ns3:TrackPointExtension>
        </extensions>
      </trkpt>
      <trkpt lat="34.17631876654922962188720703125" lon="108.92581055872142314910888671875">
        <ele>468.399993896484375</ele>
        <time>2026-08-19T23:13:22.000Z</time>
        <extensions>
          <ns3:TrackPointExtension>
            <ns3:hr>146</ns3:hr>
            <ns3:cad>88</ns3:cad>
          </ns3:TrackPointExtension>
        </extensions>
      </trkpt>
      <trkpt lat="34.17634324170649051666259765625" lon="108.9258191920816898345947265625">
        <ele>468.399993896484375</ele>
        <time>2026-08-19T23:13:23.000Z</time>
        <extensions>
          <ns3:TrackPointExtension>
            <ns3:hr>146</ns3:hr>
            <ns3:cad>88</ns3:cad>
          </ns3:TrackPointExtension>
        </extensions>
      </trkpt>
      <trkpt lat="34.17637207545340061187744140625" lon="108.925823383033275604248046875">
        <ele>468.399993896484375</ele>
        <time>2026-08-19T23:13:24.000Z</time>
        <extensions>
          <ns3:TrackPointExtension>
            <ns3:hr>146</ns3:hr>
            <ns3:cad>88</ns3:cad>
          </ns3:TrackPointExtension>
        </extensions>
      </trkpt>
      <trkpt lat="34.176396466791629791259765625" lon="108.92583989538252353668212890625">
        <ele>468.399993896484375</ele>
        <time>2026-08-19T23:13:25.000Z</time>
        <extensions>
          <ns3:TrackPointExtension>
            <ns3:hr>146</ns3:hr>
            <ns3:cad>88</ns3:cad>
          </ns3:TrackPointExtension>
        </extensions>
      </trkpt>
      <trkpt lat="34.17641331441700458526611328125" lon="108.925856240093708038330078125">
        <ele>468.399993896484375</ele>
        <time>2026-08-19T23:13:26.000Z</time>
        <extensions>
          <ns3:TrackPointExtension>
            <ns3:hr>145</ns3:hr>
            <ns3:cad>88</ns3:cad>
          </ns3:TrackPointExtension>
        </extensions>
      </trkpt>
      <trkpt lat="34.17642764747142791748046875" lon="108.92588314600288867950439453125">
        <ele>468.399993896484375</ele>
        <time>2026-08-19T23:13:27.000Z</time>
        <extensions>
          <ns3:TrackPointExtension>
            <ns3:hr>145</ns3:hr>
            <ns3:cad>88</ns3:cad>
          </ns3:TrackPointExtension>
        </extensions>
      </trkpt>
      <trkpt lat="34.17644063942134380340576171875" lon="108.9259060285985469818115234375">
        <ele>468.399993896484375</ele>
        <time>2026-08-19T23:13:28.000Z</time>
        <extensions>
          <ns3:TrackPointExtension>
            <ns3:hr>145</ns3:hr>
            <ns3:cad>88</ns3:cad>
          </ns3:TrackPointExtension>
        </extensions>
      </trkpt>
      <trkpt lat="34.1764482669532299041748046875" lon="108.925936706364154815673828125">
        <ele>468.399993896484375</ele>
        <time>2026-08-19T23:13:29.000Z</time>
        <extensions>
          <ns3:TrackPointExtension>
            <ns3:hr>145</ns3:hr>
            <ns3:cad>89</ns3:cad>
          </ns3:TrackPointExtension>
        </extensions>
      </trkpt>
      <trkpt lat="34.17645446956157684326171875" lon="108.92596093006432056427001953125">
        <ele>468.600006103515625</ele>
        <time>2026-08-19T23:13:30.000Z</time>
        <extensions>
          <ns3:TrackPointExtension>
            <ns3:hr>145</ns3:hr>
            <ns3:cad>89</ns3:cad>
          </ns3:TrackPointExtension>
        </extensions>
      </trkpt>
      <trkpt lat="34.17645983397960662841796875" lon="108.92599093727767467498779296875">
        <ele>468.600006103515625</ele>
        <time>2026-08-19T23:13:31.000Z</time>
        <extensions>
          <ns3:TrackPointExtension>
            <ns3:hr>145</ns3:hr>
            <ns3:cad>89</ns3:cad>
          </ns3:TrackPointExtension>
        </extensions>
      </trkpt>
      <trkpt lat="34.17646544985473155975341796875" lon="108.92601306550204753875732421875">
        <ele>468.600006103515625</ele>
        <time>2026-08-19T23:13:32.000Z</time>
        <extensions>
          <ns3:TrackPointExtension>
            <ns3:hr>145</ns3:hr>
            <ns3:cad>89</ns3:cad>
          </ns3:TrackPointExtension>
        </extensions>
      </trkpt>
      <trkpt lat="34.17646427638828754425048828125" lon="108.92604391090571880340576171875">
        <ele>468.600006103515625</ele>
        <time>2026-08-19T23:13:33.000Z</time>
        <extensions>
          <ns3:TrackPointExtension>
            <ns3:hr>145</ns3:hr>
            <ns3:cad>89</ns3:cad>
          </ns3:TrackPointExtension>
        </extensions>
      </trkpt>
      <trkpt lat="34.176462851464748382568359375" lon="108.926068134605884552001953125">
        <ele>468.600006103515625</ele>
        <time>2026-08-19T23:13:34.000Z</time>
        <extensions>
          <ns3:TrackPointExtension>
            <ns3:hr>145</ns3:hr>
            <ns3:cad>89</ns3:cad>
          </ns3:TrackPointExtension>
        </extensions>
      </trkpt>
      <trkpt lat="34.176455475389957427978515625" lon="108.92609755508601665496826171875">
        <ele>468.600006103515625</ele>
        <time>2026-08-19T23:13:35.000Z</time>
        <extensions>
          <ns3:TrackPointExtension>
            <ns3:hr>145</ns3:hr>
            <ns3:cad>89</ns3:cad>
          </ns3:TrackPointExtension>
        </extensions>
      </trkpt>
      <trkpt lat="34.17645337991416454315185546875" lon="108.926120102405548095703125">
        <ele>468.600006103515625</ele>
        <time>2026-08-19T23:13:36.000Z</time>
        <extensions>
          <ns3:TrackPointExtension>
            <ns3:hr>145</ns3:hr>
            <ns3:cad>89</ns3:cad>
          </ns3:TrackPointExtension>
        </extensions>
      </trkpt>
      <trkpt lat="34.176450110971927642822265625" lon="108.92615136690437793731689453125">
        <ele>468.600006103515625</ele>
        <time>2026-08-19T23:13:37.000Z</time>
        <extensions>
          <ns3:TrackPointExtension>
            <ns3:hr>145</ns3:hr>
            <ns3:cad>89</ns3:cad>
          </ns3:TrackPointExtension>
        </extensions>
      </trkpt>
      <trkpt lat="34.17645254172384738922119140625" lon="108.9261715672910213470458984375">
        <ele>468.600006103515625</ele>
        <time>2026-08-19T23:13:38.000Z</time>
        <extensions>
          <ns3:TrackPointExtension>
            <ns3:hr>145</ns3:hr>
            <ns3:cad>88</ns3:cad>
          </ns3:TrackPointExtension>
        </extensions>
      </trkpt>
      <trkpt lat="34.17644868604838848114013671875" lon="108.926206268370151519775390625">
        <ele>468.600006103515625</ele>
        <time>2026-08-19T23:13:39.000Z</time>
        <extensions>
          <ns3:TrackPointExtension>
            <ns3:hr>145</ns3:hr>
            <ns3:cad>87</ns3:cad>
          </ns3:TrackPointExtension>
        </extensions>
      </trkpt>
      <trkpt lat="34.17644835077226161956787109375" lon="108.92622646875679492950439453125">
        <ele>468.600006103515625</ele>
        <time>2026-08-19T23:13:40.000Z</time>
        <extensions>
          <ns3:TrackPointExtension>
            <ns3:hr>145</ns3:hr>
            <ns3:cad>87</ns3:cad>
          </ns3:TrackPointExtension>
        </extensions>
      </trkpt>
      <trkpt lat="34.1764432378113269805908203125" lon="108.9262567274272441864013671875">
        <ele>468.600006103515625</ele>
        <time>2026-08-19T23:13:41.000Z</time>
        <extensions>
          <ns3:TrackPointExtension>
            <ns3:hr>145</ns3:hr>
            <ns3:cad>87</ns3:cad>
          </ns3:TrackPointExtension>
        </extensions>
      </trkpt>
      <trkpt lat="34.176443405449390411376953125" lon="108.926276676356792449951171875">
        <ele>468.600006103515625</ele>
        <time>2026-08-19T23:13:42.000Z</time>
        <extensions>
          <ns3:TrackPointExtension>
            <ns3:hr>145</ns3:hr>
            <ns3:cad>88</ns3:cad>
          </ns3:TrackPointExtension>
        </extensions>
      </trkpt>
      <trkpt lat="34.1764408908784389495849609375" lon="108.92630492337048053741455078125">
        <ele>468.600006103515625</ele>
        <time>2026-08-19T23:13:43.000Z</time>
        <extensions>
          <ns3:TrackPointExtension>
            <ns3:hr>145</ns3:hr>
            <ns3:cad>89</ns3:cad>
          </ns3:TrackPointExtension>
        </extensions>
      </trkpt>
      <trkpt lat="34.17643963359296321868896484375" lon="108.92632571049034595489501953125">
        <ele>468.600006103515625</ele>
        <time>2026-08-19T23:13:44.000Z</time>
        <extensions>
          <ns3:TrackPointExtension>
            <ns3:hr>145</ns3:hr>
            <ns3:cad>89</ns3:cad>
          </ns3:TrackPointExtension>
        </extensions>
      </trkpt>
      <trkpt lat="34.17644047178328037261962890625" lon="108.92635420896112918853759765625">
        <ele>468.79998779296875</ele>
        <time>2026-08-19T23:13:45.000Z</time>
        <extensions>
          <ns3:TrackPointExtension>
            <ns3:hr>144</ns3:hr>
            <ns3:cad>89</ns3:cad>
          </ns3:TrackPointExtension>
        </extensions>
      </trkpt>
      <trkpt lat="34.176442064344882965087890625" lon="108.926374912261962890625">
        <ele>468.79998779296875</ele>
        <time>2026-08-19T23:13:46.000Z</time>
        <extensions>
          <ns3:TrackPointExtension>
            <ns3:hr>145</ns3:hr>
            <ns3:cad>89</ns3:cad>
          </ns3:TrackPointExtension>
        </extensions>
      </trkpt>
      <trkpt lat="34.176446087658405303955078125" lon="108.92639980651438236236572265625">
        <ele>468.79998779296875</ele>
        <time>2026-08-19T23:13:47.000Z</time>
        <extensions>
          <ns3:TrackPointExtension>
            <ns3:hr>145</ns3:hr>
            <ns3:cad>89</ns3:cad>
          </ns3:TrackPointExtension>
        </extensions>
      </trkpt>
      <trkpt lat="34.176447428762912750244140625" lon="108.9264223538339138031005859375">
        <ele>468.79998779296875</ele>
        <time>2026-08-19T23:13:48.000Z</time>
        <extensions>
          <ns3:TrackPointExtension>
            <ns3:hr>145</ns3:hr>
            <ns3:cad>89</ns3:cad>
          </ns3:TrackPointExtension>
        </extensions>
      </trkpt>
      <trkpt lat="34.176446087658405303955078125" lon="108.92645177431404590606689453125">
        <ele>468.79998779296875</ele>
        <time>2026-08-19T23:13:49.000Z</time>
        <extensions>
          <ns3:TrackPointExtension>
            <ns3:hr>145</ns3:hr>
            <ns3:cad>89</ns3:cad>
          </ns3:TrackPointExtension>
        </extensions>
      </trkpt>
      <trkpt lat="34.17644466273486614227294921875" lon="108.9264756627380847930908203125">
        <ele>468.79998779296875</ele>
        <time>2026-08-19T23:13:50.000Z</time>
        <extensions>
          <ns3:TrackPointExtension>
            <ns3:hr>146</ns3:hr>
            <ns3:cad>90</ns3:cad>
          </ns3:TrackPointExtension>
        </extensions>
      </trkpt>
      <trkpt lat="34.1764442436397075653076171875" lon="108.92649904824793338775634765625">
        <ele>469</ele>
        <time>2026-08-19T23:13:51.000Z</time>
        <extensions>
          <ns3:TrackPointExtension>
            <ns3:hr>145</ns3:hr>
            <ns3:cad>89</ns3:cad>
          </ns3:TrackPointExtension>
        </extensions>
      </trkpt>
      <trkpt lat="34.17644466273486614227294921875" lon="108.92652419395744800567626953125">
        <ele>469</ele>
        <time>2026-08-19T23:13:52.000Z</time>
        <extensions>
          <ns3:TrackPointExtension>
            <ns3:hr>145</ns3:hr>
            <ns3:cad>89</ns3:cad>
          </ns3:TrackPointExtension>
        </extensions>
      </trkpt>
      <trkpt lat="34.1764455847442150115966796875" lon="108.92655135132372379302978515625">
        <ele>469</ele>
        <time>2026-08-19T23:13:53.000Z</time>
        <extensions>
          <ns3:TrackPointExtension>
            <ns3:hr>146</ns3:hr>
            <ns3:cad>89</ns3:cad>
          </ns3:TrackPointExtension>
        </extensions>
      </trkpt>
      <trkpt lat="34.176443405449390411376953125" lon="108.92657968215644359588623046875">
        <ele>469</ele>
        <time>2026-08-19T23:13:54.000Z</time>
        <extensions>
          <ns3:TrackPointExtension>
            <ns3:hr>145</ns3:hr>
            <ns3:cad>88</ns3:cad>
          </ns3:TrackPointExtension>
        </extensions>
      </trkpt>
      <trkpt lat="34.1764506138861179351806640625" lon="108.92660968936979770660400390625">
        <ele>469</ele>
        <time>2026-08-19T23:13:55.000Z</time>
        <extensions>
          <ns3:TrackPointExtension>
            <ns3:hr>145</ns3:hr>
            <ns3:cad>90</ns3:cad>
          </ns3:TrackPointExtension>
        </extensions>
      </trkpt>
      <trkpt lat="34.1764539666473865509033203125" lon="108.92663709819316864013671875">
        <ele>469</ele>
        <time>2026-08-19T23:13:56.000Z</time>
        <extensions>
          <ns3:TrackPointExtension>
            <ns3:hr>146</ns3:hr>
            <ns3:cad>90</ns3:cad>
          </ns3:TrackPointExtension>
        </extensions>
      </trkpt>
      <trkpt lat="34.1764564812183380126953125" lon="108.92666417174041271209716796875">
        <ele>469</ele>
        <time>2026-08-19T23:13:57.000Z</time>
        <extensions>
          <ns3:TrackPointExtension>
            <ns3:hr>145</ns3:hr>
            <ns3:cad>90</ns3:cad>
          </ns3:TrackPointExtension>
        </extensions>
      </trkpt>
      <trkpt lat="34.17645522393286228179931640625" lon="108.92669132910668849945068359375">
        <ele>469</ele>
        <time>2026-08-19T23:13:58.000Z</time>
        <extensions>
          <ns3:TrackPointExtension>
            <ns3:hr>145</ns3:hr>
            <ns3:cad>90</ns3:cad>
          </ns3:TrackPointExtension>
        </extensions>
      </trkpt>
      <trkpt lat="34.1764579899609088897705078125" lon="108.9267163909971714019775390625">
        <ele>469</ele>
        <time>2026-08-19T23:13:59.000Z</time>
        <extensions>
          <ns3:TrackPointExtension>
            <ns3:hr>146</ns3:hr>
            <ns3:cad>90</ns3:cad>
          </ns3:TrackPointExtension>
        </extensions>
      </trkpt>
      <trkpt lat="34.17646117508411407470703125" lon="108.9267418719828128814697265625">
        <ele>469</ele>
        <time>2026-08-19T23:14:00.000Z</time>
        <extensions>
          <ns3:TrackPointExtension>
            <ns3:hr>146</ns3:hr>
            <ns3:cad>90</ns3:cad>
          </ns3:TrackPointExtension>
        </extensions>
      </trkpt>
      <trkpt lat="34.17646528221666812896728515625" lon="108.926763497292995452880859375">
        <ele>469</ele>
        <time>2026-08-19T23:14:01.000Z</time>
        <extensions>
          <ns3:TrackPointExtension>
            <ns3:hr>146</ns3:hr>
            <ns3:cad>90</ns3:cad>
          </ns3:TrackPointExtension>
        </extensions>
      </trkpt>
      <trkpt lat="34.17646385729312896728515625" lon="108.92679157666862010955810546875">
        <ele>469.20001220703125</ele>
        <time>2026-08-19T23:14:02.000Z</time>
        <extensions>
          <ns3:TrackPointExtension>
            <ns3:hr>145</ns3:hr>
            <ns3:cad>90</ns3:cad>
          </ns3:TrackPointExtension>
        </extensions>
      </trkpt>
      <trkpt lat="34.17647047899663448333740234375" lon="108.9268126152455806732177734375">
        <ele>469.20001220703125</ele>
        <time>2026-08-19T23:14:03.000Z</time>
        <extensions>
          <ns3:TrackPointExtension>
            <ns3:hr>146</ns3:hr>
            <ns3:cad>89</ns3:cad>
          </ns3:TrackPointExtension>
        </extensions>
      </trkpt>
      <trkpt lat="34.1764693893492221832275390625" lon="108.92683901824057102203369140625">
        <ele>469.20001220703125</ele>
        <time>2026-08-19T23:14:04.000Z</time>
        <extensions>
          <ns3:TrackPointExtension>
            <ns3:hr>146</ns3:hr>
            <ns3:cad>88</ns3:cad>
          </ns3:TrackPointExtension>
        </extensions>
      </trkpt>
      <trkpt lat="34.17647349648177623748779296875" lon="108.9268578775227069854736328125">
        <ele>469.20001220703125</ele>
        <time>2026-08-19T23:14:05.000Z</time>
        <extensions>
          <ns3:TrackPointExtension>
            <ns3:hr>146</ns3:hr>
            <ns3:cad>88</ns3:cad>
          </ns3:TrackPointExtension>
        </extensions>
      </trkpt>
      <trkpt lat="34.17647131718695163726806640625" lon="108.926890231668949127197265625">
        <ele>469.20001220703125</ele>
        <time>2026-08-19T23:14:06.000Z</time>
        <extensions>
          <ns3:TrackPointExtension>
            <ns3:hr>146</ns3:hr>
            <ns3:cad>88</ns3:cad>
          </ns3:TrackPointExtension>
        </extensions>
      </trkpt>
      <trkpt lat="34.1764737479388713836669921875" lon="108.926913700997829437255859375">
        <ele>469.20001220703125</ele>
        <time>2026-08-19T23:14:07.000Z</time>
        <extensions>
          <ns3:TrackPointExtension>
            <ns3:hr>145</ns3:hr>
            <ns3:cad>88</ns3:cad>
          </ns3:TrackPointExtension>
        </extensions>
      </trkpt>
      <trkpt lat="34.17647550813853740692138671875" lon="108.92693876288831233978271484375">
        <ele>469.20001220703125</ele>
        <time>2026-08-19T23:14:08.000Z</time>
        <extensions>
          <ns3:TrackPointExtension>
            <ns3:hr>145</ns3:hr>
            <ns3:cad>88</ns3:cad>
          </ns3:TrackPointExtension>
        </extensions>
      </trkpt>
      <trkpt lat="34.17647617869079113006591796875" lon="108.92695955000817775726318359375">
        <ele>469.20001220703125</ele>
        <time>2026-08-19T23:14:09.000Z</time>
        <extensions>
          <ns3:TrackPointExtension>
            <ns3:hr>145</ns3:hr>
            <ns3:cad>88</ns3:cad>
          </ns3:TrackPointExtension>
        </extensions>
      </trkpt>
      <trkpt lat="34.17647919617593288421630859375" lon="108.92698821611702442169189453125">
        <ele>469.20001220703125</ele>
        <time>2026-08-19T23:14:10.000Z</time>
        <extensions>
          <ns3:TrackPointExtension>
            <ns3:hr>145</ns3:hr>
            <ns3:cad>88</ns3:cad>
          </ns3:TrackPointExtension>
        </extensions>
      </trkpt>
      <trkpt lat="34.176478944718837738037109375" lon="108.92701386474072933197021484375">
        <ele>469.20001220703125</ele>
        <time>2026-08-19T23:14:11.000Z</time>
        <extensions>
          <ns3:TrackPointExtension>
            <ns3:hr>145</ns3:hr>
            <ns3:cad>88</ns3:cad>
          </ns3:TrackPointExtension>
        </extensions>
      </trkpt>
      <trkpt lat="34.17648003436625003814697265625" lon="108.927037417888641357421875">
        <ele>469.20001220703125</ele>
        <time>2026-08-19T23:14:12.000Z</time>
        <extensions>
          <ns3:TrackPointExtension>
            <ns3:hr>145</ns3:hr>
            <ns3:cad>88</ns3:cad>
          </ns3:TrackPointExtension>
        </extensions>
      </trkpt>
      <trkpt lat="34.176482297480106353759765625" lon="108.92706063576042652130126953125">
        <ele>469.20001220703125</ele>
        <time>2026-08-19T23:14:13.000Z</time>
        <extensions>
          <ns3:TrackPointExtension>
            <ns3:hr>145</ns3:hr>
            <ns3:cad>88</ns3:cad>
          </ns3:TrackPointExtension>
        </extensions>
      </trkpt>
      <trkpt lat="34.1764833033084869384765625" lon="108.92708360217511653900146484375">
        <ele>469.20001220703125</ele>
        <time>2026-08-19T23:14:14.000Z</time>
        <extensions>
          <ns3:TrackPointExtension>
            <ns3:hr>145</ns3:hr>
            <ns3:cad>88</ns3:cad>
          </ns3:TrackPointExtension>
        </extensions>
      </trkpt>
      <trkpt lat="34.1764886677265167236328125" lon="108.927109502255916595458984375">
        <ele>469.20001220703125</ele>
        <time>2026-08-19T23:14:15.000Z</time>
        <extensions>
          <ns3:TrackPointExtension>
            <ns3:hr>145</ns3:hr>
            <ns3:cad>88</ns3:cad>
          </ns3:TrackPointExtension>
        </extensions>
      </trkpt>
      <trkpt lat="34.17649067938327789306640625" lon="108.9271366596221923828125">
        <ele>469.20001220703125</ele>
        <time>2026-08-19T23:14:16.000Z</time>
        <extensions>
          <ns3:TrackPointExtension>
            <ns3:hr>146</ns3:hr>
            <ns3:cad>88</ns3:cad>
          </ns3:TrackPointExtension>
        </extensions>
      </trkpt>
      <trkpt lat="34.17648925445973873138427734375" lon="108.9271616376936435699462890625">
        <ele>469.20001220703125</ele>
        <time>2026-08-19T23:14:17.000Z</time>
        <extensions>
          <ns3:TrackPointExtension>
            <ns3:hr>146</ns3:hr>
            <ns3:cad>87</ns3:cad>
          </ns3:TrackPointExtension>
        </extensions>
      </trkpt>
      <trkpt lat="34.17649336159229278564453125" lon="108.9271867834031581878662109375">
        <ele>469.20001220703125</ele>
        <time>2026-08-19T23:14:18.000Z</time>
        <extensions>
          <ns3:TrackPointExtension>
            <ns3:hr>145</ns3:hr>
            <ns3:cad>87</ns3:cad>
          </ns3:TrackPointExtension>
        </extensions>
      </trkpt>
      <trkpt lat="34.17649361304938793182373046875" lon="108.92721637152135372161865234375">
        <ele>469.20001220703125</ele>
        <time>2026-08-19T23:14:19.000Z</time>
        <extensions>
          <ns3:TrackPointExtension>
            <ns3:hr>145</ns3:hr>
            <ns3:cad>87</ns3:cad>
          </ns3:TrackPointExtension>
        </extensions>
      </trkpt>
      <trkpt lat="34.17649763636291027069091796875" lon="108.92724252305924892425537109375">
        <ele>469.20001220703125</ele>
        <time>2026-08-19T23:14:20.000Z</time>
        <extensions>
          <ns3:TrackPointExtension>
            <ns3:hr>145</ns3:hr>
            <ns3:cad>88</ns3:cad>
          </ns3:TrackPointExtension>
        </extensions>
      </trkpt>
      <trkpt lat="34.1765020787715911865234375" lon="108.92727219499647617340087890625">
        <ele>469</ele>
        <time>2026-08-19T23:14:21.000Z</time>
        <extensions>
          <ns3:TrackPointExtension>
            <ns3:hr>146</ns3:hr>
            <ns3:cad>88</ns3:cad>
          </ns3:TrackPointExtension>
        </extensions>
      </trkpt>
      <trkpt lat="34.17650434188544750213623046875" lon="108.92729566432535648345947265625">
        <ele>469</ele>
        <time>2026-08-19T23:14:22.000Z</time>
        <extensions>
          <ns3:TrackPointExtension>
            <ns3:hr>145</ns3:hr>
            <ns3:cad>88</ns3:cad>
          </ns3:TrackPointExtension>
        </extensions>
      </trkpt>
      <trkpt lat="34.17650417424738407135009765625" lon="108.92733070068061351776123046875">
        <ele>469</ele>
        <time>2026-08-19T23:14:23.000Z</time>
        <extensions>
          <ns3:TrackPointExtension>
            <ns3:hr>146</ns3:hr>
            <ns3:cad>88</ns3:cad>
          </ns3:TrackPointExtension>
        </extensions>
      </trkpt>
      <trkpt lat="34.1765079461038112640380859375" lon="108.92735115252435207366943359375">
        <ele>469</ele>
        <time>2026-08-19T23:14:24.000Z</time>
        <extensions>
          <ns3:TrackPointExtension>
            <ns3:hr>146</ns3:hr>
            <ns3:cad>88</ns3:cad>
          </ns3:TrackPointExtension>
        </extensions>
      </trkpt>
      <trkpt lat="34.17650685645639896392822265625" lon="108.9273785613477230072021484375">
        <ele>468.79998779296875</ele>
        <time>2026-08-19T23:14:25.000Z</time>
        <extensions>
          <ns3:TrackPointExtension>
            <ns3:hr>146</ns3:hr>
            <ns3:cad>87</ns3:cad>
          </ns3:TrackPointExtension>
        </extensions>
      </trkpt>
      <trkpt lat="34.17650970630347728729248046875" lon="108.92739993520081043243408203125">
        <ele>468.79998779296875</ele>
        <time>2026-08-19T23:14:26.000Z</time>
        <extensions>
          <ns3:TrackPointExtension>
            <ns3:hr>146</ns3:hr>
            <ns3:cad>87</ns3:cad>
          </ns3:TrackPointExtension>
        </extensions>
      </trkpt>
      <trkpt lat="34.17650752700865268707275390625" lon="108.927428014576435089111328125">
        <ele>468.79998779296875</ele>
        <time>2026-08-19T23:14:27.000Z</time>
        <extensions>
          <ns3:TrackPointExtension>
            <ns3:hr>146</ns3:hr>
            <ns3:cad>87</ns3:cad>
          </ns3:TrackPointExtension>
        </extensions>
      </trkpt>
      <trkpt lat="34.176505766808986663818359375" lon="108.9274509809911251068115234375">
        <ele>468.79998779296875</ele>
        <time>2026-08-19T23:14:28.000Z</time>
        <extensions>
          <ns3:TrackPointExtension>
            <ns3:hr>146</ns3:hr>
            <ns3:cad>88</ns3:cad>
          </ns3:TrackPointExtension>
        </extensions>
      </trkpt>
      <trkpt lat="34.17650987394154071807861328125" lon="108.927475623786449432373046875">
        <ele>468.600006103515625</ele>
        <time>2026-08-19T23:14:29.000Z</time>
        <extensions>
          <ns3:TrackPointExtension>
            <ns3:hr>146</ns3:hr>
            <ns3:cad>88</ns3:cad>
          </ns3:TrackPointExtension>
        </extensions>
      </trkpt>
      <trkpt lat="34.17651087976992130279541015625" lon="108.92750219441950321197509765625">
        <ele>468.600006103515625</ele>
        <time>2026-08-19T23:14:30.000Z</time>
        <extensions>
          <ns3:TrackPointExtension>
            <ns3:hr>147</ns3:hr>
            <ns3:cad>87</ns3:cad>
          </ns3:TrackPointExtension>
        </extensions>
      </trkpt>
      <trkpt lat="34.1765123046934604644775390625" lon="108.92752918414771556854248046875">
        <ele>468.600006103515625</ele>
        <time>2026-08-19T23:14:31.000Z</time>
        <extensions>
          <ns3:TrackPointExtension>
            <ns3:hr>146</ns3:hr>
            <ns3:cad>87</ns3:cad>
          </ns3:TrackPointExtension>
        </extensions>
      </trkpt>
      <trkpt lat="34.17651347815990447998046875" lon="108.9275596104562282562255859375">
        <ele>468.600006103515625</ele>
        <time>2026-08-19T23:14:32.000Z</time>
        <extensions>
          <ns3:TrackPointExtension>
            <ns3:hr>146</ns3:hr>
            <ns3:cad>87</ns3:cad>
          </ns3:TrackPointExtension>
        </extensions>
      </trkpt>
      <trkpt lat="34.17651624418795108795166015625" lon="108.9275763742625713348388671875">
        <ele>468.600006103515625</ele>
        <time>2026-08-19T23:14:33.000Z</time>
        <extensions>
          <ns3:TrackPointExtension>
            <ns3:hr>147</ns3:hr>
            <ns3:cad>87</ns3:cad>
          </ns3:TrackPointExtension>
        </extensions>
      </trkpt>
      <trkpt lat="34.17651842348277568817138671875" lon="108.9276042021811008453369140625">
        <ele>468.600006103515625</ele>
        <time>2026-08-19T23:14:34.000Z</time>
        <extensions>
          <ns3:TrackPointExtension>
            <ns3:hr>146</ns3:hr>
            <ns3:cad>87</ns3:cad>
          </ns3:TrackPointExtension>
        </extensions>
      </trkpt>
      <trkpt lat="34.17652026750147342681884765625" lon="108.92762524075806140899658203125">
        <ele>468.600006103515625</ele>
        <time>2026-08-19T23:14:35.000Z</time>
        <extensions>
          <ns3:TrackPointExtension>
            <ns3:hr>146</ns3:hr>
            <ns3:cad>87</ns3:cad>
          </ns3:TrackPointExtension>
        </extensions>
      </trkpt>
      <trkpt lat="34.17652613483369350433349609375" lon="108.92765155993402004241943359375">
        <ele>468.600006103515625</ele>
        <time>2026-08-19T23:14:36.000Z</time>
        <extensions>
          <ns3:TrackPointExtension>
            <ns3:hr>147</ns3:hr>
            <ns3:cad>87</ns3:cad>
          </ns3:TrackPointExtension>
        </extensions>
      </trkpt>
      <trkpt lat="34.17652630247175693511962890625" lon="108.92767754383385181427001953125">
        <ele>468.399993896484375</ele>
        <time>2026-08-19T23:14:37.000Z</time>
        <extensions>
          <ns3:TrackPointExtension>
            <ns3:hr>146</ns3:hr>
            <ns3:cad>87</ns3:cad>
          </ns3:TrackPointExtension>
        </extensions>
      </trkpt>
      <trkpt lat="34.1765294037759304046630859375" lon="108.927708305418491363525390625">
        <ele>468.20001220703125</ele>
        <time>2026-08-19T23:14:38.000Z</time>
        <extensions>
          <ns3:TrackPointExtension>
            <ns3:hr>146</ns3:hr>
            <ns3:cad>87</ns3:cad>
          </ns3:TrackPointExtension>
        </extensions>
      </trkpt>
      <trkpt lat="34.17652957141399383544921875" lon="108.9277349598705768585205078125">
        <ele>468.20001220703125</ele>
        <time>2026-08-19T23:14:39.000Z</time>
        <extensions>
          <ns3:TrackPointExtension>
            <ns3:hr>146</ns3:hr>
            <ns3:cad>87</ns3:cad>
          </ns3:TrackPointExtension>
        </extensions>
      </trkpt>
      <trkpt lat="34.17653183452785015106201171875" lon="108.92776496708393096923828125">
        <ele>468.20001220703125</ele>
        <time>2026-08-19T23:14:40.000Z</time>
        <extensions>
          <ns3:TrackPointExtension>
            <ns3:hr>146</ns3:hr>
            <ns3:cad>87</ns3:cad>
          </ns3:TrackPointExtension>
        </extensions>
      </trkpt>
      <trkpt lat="34.17652999050915241241455078125" lon="108.927796147763729095458984375">
        <ele>468.20001220703125</ele>
        <time>2026-08-19T23:14:41.000Z</time>
        <extensions>
          <ns3:TrackPointExtension>
            <ns3:hr>146</ns3:hr>
            <ns3:cad>88</ns3:cad>
          </ns3:TrackPointExtension>
        </extensions>
      </trkpt>
      <trkpt lat="34.17652948759496212005615234375" lon="108.927825652062892913818359375">
        <ele>468.20001220703125</ele>
        <time>2026-08-19T23:14:42.000Z</time>
        <extensions>
          <ns3:TrackPointExtension>
            <ns3:hr>146</ns3:hr>
            <ns3:cad>88</ns3:cad>
          </ns3:TrackPointExtension>
        </extensions>
      </trkpt>
      <trkpt lat="34.17652747593820095062255859375" lon="108.9278568327426910400390625">
        <ele>468.20001220703125</ele>
        <time>2026-08-19T23:14:43.000Z</time>
        <extensions>
          <ns3:TrackPointExtension>
            <ns3:hr>146</ns3:hr>
            <ns3:cad>87</ns3:cad>
          </ns3:TrackPointExtension>
        </extensions>
      </trkpt>
      <trkpt lat="34.17652982287108898162841796875" lon="108.92788323573768138885498046875">
        <ele>468.20001220703125</ele>
        <time>2026-08-19T23:14:44.000Z</time>
        <extensions>
          <ns3:TrackPointExtension>
            <ns3:hr>146</ns3:hr>
            <ns3:cad>87</ns3:cad>
          </ns3:TrackPointExtension>
        </extensions>
      </trkpt>
      <trkpt lat="34.1765307448804378509521484375" lon="108.92791173420846462249755859375">
        <ele>468.20001220703125</ele>
        <time>2026-08-19T23:14:45.000Z</time>
        <extensions>
          <ns3:TrackPointExtension>
            <ns3:hr>146</ns3:hr>
            <ns3:cad>87</ns3:cad>
          </ns3:TrackPointExtension>
        </extensions>
      </trkpt>
      <trkpt lat="34.176534600555896759033203125" lon="108.9279317669570446014404296875">
        <ele>468.20001220703125</ele>
        <time>2026-08-19T23:14:46.000Z</time>
        <extensions>
          <ns3:TrackPointExtension>
            <ns3:hr>145</ns3:hr>
            <ns3:cad>88</ns3:cad>
          </ns3:TrackPointExtension>
        </extensions>
      </trkpt>
      <trkpt lat="34.1765337623655796051025390625" lon="108.927963785827159881591796875">
        <ele>468.20001220703125</ele>
        <time>2026-08-19T23:14:47.000Z</time>
        <extensions>
          <ns3:TrackPointExtension>
            <ns3:hr>145</ns3:hr>
            <ns3:cad>88</ns3:cad>
          </ns3:TrackPointExtension>
        </extensions>
      </trkpt>
      <trkpt lat="34.176537282764911651611328125" lon="108.92798759043216705322265625">
        <ele>468.20001220703125</ele>
        <time>2026-08-19T23:14:48.000Z</time>
        <extensions>
          <ns3:TrackPointExtension>
            <ns3:hr>145</ns3:hr>
            <ns3:cad>88</ns3:cad>
          </ns3:TrackPointExtension>
        </extensions>
      </trkpt>
      <trkpt lat="34.176539964973926544189453125" lon="108.92802321352064609527587890625">
        <ele>468.20001220703125</ele>
        <time>2026-08-19T23:14:49.000Z</time>
        <extensions>
          <ns3:TrackPointExtension>
            <ns3:hr>146</ns3:hr>
            <ns3:cad>88</ns3:cad>
          </ns3:TrackPointExtension>
        </extensions>
      </trkpt>
      <trkpt lat="34.1765310801565647125244140625" lon="108.92801868729293346405029296875">
        <ele>468.20001220703125</ele>
        <time>2026-08-19T23:14:50.000Z</time>
        <extensions>
          <ns3:TrackPointExtension>
            <ns3:hr>145</ns3:hr>
            <ns3:cad>88</ns3:cad>
          </ns3:TrackPointExtension>
        </extensions>
      </trkpt>
      <trkpt lat="34.176527559757232666015625" lon="108.92801432870328426361083984375">
        <ele>468</ele>
        <time>2026-08-19T23:14:51.000Z</time>
        <extensions>
          <ns3:TrackPointExtension>
            <ns3:hr>145</ns3:hr>
            <ns3:cad>88</ns3:cad>
          </ns3:TrackPointExtension>
        </extensions>
      </trkpt>
      <trkpt lat="34.1765248775482177734375" lon="108.9280122332274913787841796875">
        <ele>468</ele>
        <time>2026-08-19T23:14:52.000Z</time>
        <extensions>
          <ns3:TrackPointExtension>
            <ns3:hr>145</ns3:hr>
            <ns3:cad>87</ns3:cad>
          </ns3:TrackPointExtension>
        </extensions>
      </trkpt>
      <trkpt lat="34.17652420699596405029296875" lon="108.92801265232264995574951171875">
        <ele>467.79998779296875</ele>
        <time>2026-08-19T23:14:53.000Z</time>
        <extensions>
          <ns3:TrackPointExtension>
            <ns3:hr>145</ns3:hr>
            <ns3:cad>87</ns3:cad>
          </ns3:TrackPointExtension>
        </extensions>
      </trkpt>
      <trkpt lat="34.176526553928852081298828125" lon="108.92801768146455287933349609375">
        <ele>467.79998779296875</ele>
        <time>2026-08-19T23:14:54.000Z</time>
        <extensions>
          <ns3:TrackPointExtension>
            <ns3:hr>145</ns3:hr>
            <ns3:cad>0</ns3:cad>
          </ns3:TrackPointExtension>
        </extensions>
      </trkpt>
      <trkpt lat="34.17652714066207408905029296875" lon="108.9280303381383419036865234375">
        <ele>467.600006103515625</ele>
        <time>2026-08-19T23:14:55.000Z</time>
        <extensions>
          <ns3:TrackPointExtension>
            <ns3:hr>145</ns3:hr>
            <ns3:cad>0</ns3:cad>
          </ns3:TrackPointExtension>
        </extensions>
      </trkpt>
      <trkpt lat="34.17652781121432781219482421875" lon="108.928041569888591766357421875">
        <ele>467.600006103515625</ele>
        <time>2026-08-19T23:14:56.000Z</time>
        <extensions>
          <ns3:TrackPointExtension>
            <ns3:hr>145</ns3:hr>
            <ns3:cad>0</ns3:cad>
          </ns3:TrackPointExtension>
        </extensions>
      </trkpt>
      <trkpt lat="34.1765273921191692352294921875" lon="108.92805255018174648284912109375">
        <ele>467.600006103515625</ele>
        <time>2026-08-19T23:14:57.000Z</time>
        <extensions>
          <ns3:TrackPointExtension>
            <ns3:hr>144</ns3:hr>
            <ns3:cad>0</ns3:cad>
          </ns3:TrackPointExtension>
        </extensions>
      </trkpt>
      <trkpt lat="34.17652688920497894287109375" lon="108.92805808223783969879150390625">
        <ele>467.600006103515625</ele>
        <time>2026-08-19T23:14:58.000Z</time>
        <extensions>
          <ns3:TrackPointExtension>
            <ns3:hr>143</ns3:hr>
            <ns3:cad>0</ns3:cad>
          </ns3:TrackPointExtension>
        </extensions>
      </trkpt>
      <trkpt lat="34.176526553928852081298828125" lon="108.92806059680879116058349609375">
        <ele>467.600006103515625</ele>
        <time>2026-08-19T23:14:59.000Z</time>
        <extensions>
          <ns3:TrackPointExtension>
            <ns3:hr>141</ns3:hr>
            <ns3:cad>0</ns3:cad>
          </ns3:TrackPointExtension>
        </extensions>
      </trkpt>
      <trkpt lat="34.17652579955756664276123046875" lon="108.92806193791329860687255859375">
        <ele>467.600006103515625</ele>
        <time>2026-08-19T23:15:00.000Z</time>
        <extensions>
          <ns3:TrackPointExtension>
            <ns3:hr>139</ns3:hr>
            <ns3:cad>0</ns3:cad>
          </ns3:TrackPointExtension>
        </extensions>
      </trkpt>
      <trkpt lat="34.1765250451862812042236328125" lon="108.928062021732330322265625">
        <ele>467.600006103515625</ele>
        <time>2026-08-19T23:15:01.000Z</time>
        <extensions>
          <ns3:TrackPointExtension>
            <ns3:hr>138</ns3:hr>
            <ns3:cad>0</ns3:cad>
          </ns3:TrackPointExtension>
        </extensions>
      </trkpt>
      <trkpt lat="34.17652881704270839691162109375" lon="108.92806612886488437652587890625">
        <ele>467.600006103515625</ele>
        <time>2026-08-19T23:15:02.000Z</time>
        <extensions>
          <ns3:TrackPointExtension>
            <ns3:hr>138</ns3:hr>
            <ns3:cad>0</ns3:cad>
          </ns3:TrackPointExtension>
        </extensions>
      </trkpt>
      <trkpt lat="34.17652965523302555084228515625" lon="108.9280705712735652923583984375">
        <ele>467.600006103515625</ele>
        <time>2026-08-19T23:15:03.000Z</time>
        <extensions>
          <ns3:TrackPointExtension>
            <ns3:hr>138</ns3:hr>
            <ns3:cad>0</ns3:cad>
          </ns3:TrackPointExtension>
        </extensions>
      </trkpt>
      <trkpt lat="34.17653066106140613555908203125" lon="108.9280792884528636932373046875">
        <ele>467.600006103515625</ele>
        <time>2026-08-19T23:15:04.000Z</time>
        <extensions>
          <ns3:TrackPointExtension>
            <ns3:hr>139</ns3:hr>
            <ns3:cad>0</ns3:cad>
          </ns3:TrackPointExtension>
        </extensions>
      </trkpt>
      <trkpt lat="34.1765315830707550048828125" lon="108.92808683216571807861328125">
        <ele>467.600006103515625</ele>
        <time>2026-08-19T23:15:05.000Z</time>
        <extensions>
          <ns3:TrackPointExtension>
            <ns3:hr>140</ns3:hr>
            <ns3:cad>0</ns3:cad>
          </ns3:TrackPointExtension>
        </extensions>
      </trkpt>
      <trkpt lat="34.176532588899135589599609375" lon="108.92809160985052585601806640625">
        <ele>467.600006103515625</ele>
        <time>2026-08-19T23:15:06.000Z</time>
        <extensions>
          <ns3:TrackPointExtension>
            <ns3:hr>140</ns3:hr>
            <ns3:cad>0</ns3:cad>
          </ns3:TrackPointExtension>
        </extensions>
      </trkpt>
      <trkpt lat="34.17653602547943592071533203125" lon="108.9280973933637142181396484375">
        <ele>467.600006103515625</ele>
        <time>2026-08-19T23:15:07.000Z</time>
        <extensions>
          <ns3:TrackPointExtension>
            <ns3:hr>140</ns3:hr>
            <ns3:cad>0</ns3:cad>
          </ns3:TrackPointExtension>
        </extensions>
      </trkpt>
      <trkpt lat="34.17653854005038738250732421875" lon="108.9280983991920948028564453125">
        <ele>467.600006103515625</ele>
        <time>2026-08-19T23:15:08.000Z</time>
        <extensions>
          <ns3:TrackPointExtension>
            <ns3:hr>140</ns3:hr>
            <ns3:cad>0</ns3:cad>
          </ns3:TrackPointExtension>
        </extensions>
      </trkpt>
      <trkpt lat="34.17653971351683139801025390625" lon="108.92810150049626827239990234375">
        <ele>467.600006103515625</ele>
        <time>2026-08-19T23:15:09.000Z</time>
        <extensions>
          <ns3:TrackPointExtension>
            <ns3:hr>139</ns3:hr>
            <ns3:cad>0</ns3:cad>
          </ns3:TrackPointExtension>
        </extensions>
      </trkpt>
      <trkpt lat="34.17654155753552913665771484375" lon="108.92810250632464885711669921875">
        <ele>467.600006103515625</ele>
        <time>2026-08-19T23:15:10.000Z</time>
        <extensions>
          <ns3:TrackPointExtension>
            <ns3:hr>139</ns3:hr>
            <ns3:cad>0</ns3:cad>
          </ns3:TrackPointExtension>
        </extensions>
      </trkpt>
      <trkpt lat="34.1765418089926242828369140625" lon="108.92810158431529998779296875">
        <ele>467.600006103515625</ele>
        <time>2026-08-19T23:15:11.000Z</time>
        <extensions>
          <ns3:TrackPointExtension>
            <ns3:hr>138</ns3:hr>
            <ns3:cad>0</ns3:cad>
          </ns3:TrackPointExtension>
        </extensions>
      </trkpt>
      <trkpt lat="34.17654105462133884429931640625" lon="108.92810183577239513397216796875">
        <ele>467.600006103515625</ele>
        <time>2026-08-19T23:15:12.000Z</time>
        <extensions>
          <ns3:TrackPointExtension>
            <ns3:hr>138</ns3:hr>
            <ns3:cad>0</ns3:cad>
          </ns3:TrackPointExtension>
        </extensions>
      </trkpt>
      <trkpt lat="34.17654164135456085205078125" lon="108.9281004108488559722900390625">
        <ele>467.600006103515625</ele>
        <time>2026-08-19T23:15:13.000Z</time>
        <extensions>
          <ns3:TrackPointExtension>
            <ns3:hr>137</ns3:hr>
            <ns3:cad>0</ns3:cad>
          </ns3:TrackPointExtension>
        </extensions>
      </trkpt>
      <trkpt lat="34.1765421442687511444091796875" lon="108.92810133285820484161376953125">
        <ele>467.600006103515625</ele>
        <time>2026-08-19T23:15:14.000Z</time>
        <extensions>
          <ns3:TrackPointExtension>
            <ns3:hr>137</ns3:hr>
            <ns3:cad>0</ns3:cad>
          </ns3:TrackPointExtension>
        </extensions>
      </trkpt>
      <trkpt lat="34.17654088698327541351318359375" lon="108.92810300923883914947509765625">
        <ele>467.600006103515625</ele>
        <time>2026-08-19T23:15:15.000Z</time>
        <extensions>
          <ns3:TrackPointExtension>
            <ns3:hr>137</ns3:hr>
            <ns3:cad>0</ns3:cad>
          </ns3:TrackPointExtension>
        </extensions>
      </trkpt>
      <trkpt lat="34.17654088698327541351318359375" lon="108.9280990697443485260009765625">
        <ele>467.600006103515625</ele>
        <time>2026-08-19T23:15:16.000Z</time>
        <extensions>
          <ns3:TrackPointExtension>
            <ns3:hr>138</ns3:hr>
            <ns3:cad>0</ns3:cad>
          </ns3:TrackPointExtension>
        </extensions>
      </trkpt>
      <trkpt lat="34.17654138989746570587158203125" lon="108.92810032702982425689697265625">
        <ele>467.600006103515625</ele>
        <time>2026-08-19T23:15:17.000Z</time>
        <extensions>
          <ns3:TrackPointExtension>
            <ns3:hr>137</ns3:hr>
            <ns3:cad>0</ns3:cad>
          </ns3:TrackPointExtension>
        </extensions>
      </trkpt>
      <trkpt lat="34.17654138989746570587158203125" lon="108.92810066230595111846923828125">
        <ele>467.600006103515625</ele>
        <time>2026-08-19T23:15:18.000Z</time>
        <extensions>
          <ns3:TrackPointExtension>
            <ns3:hr>137</ns3:hr>
            <ns3:cad>0</ns3:cad>
          </ns3:TrackPointExtension>
        </extensions>
      </trkpt>
      <trkpt lat="34.17654030025005340576171875" lon="108.9281000755727291107177734375">
        <ele>467.600006103515625</ele>
        <time>2026-08-19T23:15:19.000Z</time>
        <extensions>
          <ns3:TrackPointExtension>
            <ns3:hr>137</ns3:hr>
            <ns3:cad>0</ns3:cad>
          </ns3:TrackPointExtension>
        </extensions>
      </trkpt>
      <trkpt lat="34.1765384562313556671142578125" lon="108.92810317687690258026123046875">
        <ele>467.600006103515625</ele>
        <time>2026-08-19T23:15:20.000Z</time>
        <extensions>
          <ns3:TrackPointExtension>
            <ns3:hr>136</ns3:hr>
            <ns3:cad>0</ns3:cad>
          </ns3:TrackPointExtension>
        </extensions>
      </trkpt>
      <trkpt lat="34.1765369474887847900390625" lon="108.9281044341623783111572265625">
        <ele>467.79998779296875</ele>
        <time>2026-08-19T23:15:21.000Z</time>
        <extensions>
          <ns3:TrackPointExtension>
            <ns3:hr>135</ns3:hr>
            <ns3:cad>0</ns3:cad>
          </ns3:TrackPointExtension>
        </extensions>
      </trkpt>
      <trkpt lat="34.176536612212657928466796875" lon="108.9281074516475200653076171875">
        <ele>467.79998779296875</ele>
        <time>2026-08-19T23:15:22.000Z</time>
        <extensions>
          <ns3:TrackPointExtension>
            <ns3:hr>134</ns3:hr>
            <ns3:cad>0</ns3:cad>
          </ns3:TrackPointExtension>
        </extensions>
      </trkpt>
      <trkpt lat="34.17653753422200679779052734375" lon="108.92810963094234466552734375">
        <ele>467.79998779296875</ele>
        <time>2026-08-19T23:15:23.000Z</time>
        <extensions>
          <ns3:TrackPointExtension>
            <ns3:hr>134</ns3:hr>
            <ns3:cad>0</ns3:cad>
          </ns3:TrackPointExtension>
        </extensions>
      </trkpt>
      <trkpt lat="34.17653627693653106689453125" lon="108.928107284009456634521484375">
        <ele>467.79998779296875</ele>
        <time>2026-08-19T23:15:24.000Z</time>
        <extensions>
          <ns3:TrackPointExtension>
            <ns3:hr>134</ns3:hr>
            <ns3:cad>0</ns3:cad>
          </ns3:TrackPointExtension>
        </extensions>
      </trkpt>
      <trkpt lat="34.1765364445745944976806640625" lon="108.92810837365686893463134765625">
        <ele>467.79998779296875</ele>
        <time>2026-08-19T23:15:25.000Z</time>
        <extensions>
          <ns3:TrackPointExtension>
            <ns3:hr>132</ns3:hr>
            <ns3:cad>0</ns3:cad>
          </ns3:TrackPointExtension>
        </extensions>
      </trkpt>
      <trkpt lat="34.17653669603168964385986328125" lon="108.928107284009456634521484375">
        <ele>467.79998779296875</ele>
        <time>2026-08-19T23:15:26.000Z</time>
        <extensions>
          <ns3:TrackPointExtension>
            <ns3:hr>132</ns3:hr>
            <ns3:cad>0</ns3:cad>
          </ns3:TrackPointExtension>
        </extensions>
      </trkpt>
      <trkpt lat="34.17653719894587993621826171875" lon="108.92810887657105922698974609375">
        <ele>467.600006103515625</ele>
        <time>2026-08-19T23:15:27.000Z</time>
        <extensions>
          <ns3:TrackPointExtension>
            <ns3:hr>131</ns3:hr>
            <ns3:cad>0</ns3:cad>
          </ns3:TrackPointExtension>
        </extensions>
      </trkpt>
      <trkpt lat="34.1765357740223407745361328125" lon="108.9281094633042812347412109375">
        <ele>467.600006103515625</ele>
        <time>2026-08-19T23:15:28.000Z</time>
        <extensions>
          <ns3:TrackPointExtension>
            <ns3:hr>131</ns3:hr>
            <ns3:cad>0</ns3:cad>
          </ns3:TrackPointExtension>
        </extensions>
      </trkpt>
      <trkpt lat="34.176537282764911651611328125" lon="108.9281141571700572967529296875">
        <ele>467.600006103515625</ele>
        <time>2026-08-19T23:15:29.000Z</time>
        <extensions>
          <ns3:TrackPointExtension>
            <ns3:hr>132</ns3:hr>
            <ns3:cad>0</ns3:cad>
          </ns3:TrackPointExtension>
        </extensions>
      </trkpt>
      <trkpt lat="34.17654222808778285980224609375" lon="108.92812446691095829010009765625">
        <ele>467.600006103515625</ele>
        <time>2026-08-19T23:15:30.000Z</time>
        <extensions>
          <ns3:TrackPointExtension>
            <ns3:hr>132</ns3:hr>
            <ns3:cad>0</ns3:cad>
          </ns3:TrackPointExtension>
        </extensions>
      </trkpt>
      <trkpt lat="34.17654491029679775238037109375" lon="108.92813318409025669097900390625">
        <ele>467.600006103515625</ele>
        <time>2026-08-19T23:15:31.000Z</time>
        <extensions>
          <ns3:TrackPointExtension>
            <ns3:hr>133</ns3:hr>
            <ns3:cad>0</ns3:cad>
          </ns3:TrackPointExtension>
        </extensions>
      </trkpt>
      <trkpt lat="34.1765488497912883758544921875" lon="108.9281446672976016998291015625">
        <ele>467.600006103515625</ele>
        <time>2026-08-19T23:15:32.000Z</time>
        <extensions>
          <ns3:TrackPointExtension>
            <ns3:hr>133</ns3:hr>
            <ns3:cad>0</ns3:cad>
          </ns3:TrackPointExtension>
        </extensions>
      </trkpt>
      <trkpt lat="34.1765585727989673614501953125" lon="108.9281614311039447784423828125">
        <ele>467.600006103515625</ele>
        <time>2026-08-19T23:15:33.000Z</time>
        <extensions>
          <ns3:TrackPointExtension>
            <ns3:hr>133</ns3:hr>
            <ns3:cad>0</ns3:cad>
          </ns3:TrackPointExtension>
        </extensions>
      </trkpt>
      <trkpt lat="34.17656972073018550872802734375" lon="108.9281765185296535491943359375">
        <ele>467.79998779296875</ele>
        <time>2026-08-19T23:15:34.000Z</time>
        <extensions>
          <ns3:TrackPointExtension>
            <ns3:hr>133</ns3:hr>
            <ns3:cad>0</ns3:cad>
          </ns3:TrackPointExtension>
        </extensions>
      </trkpt>
      <trkpt lat="34.17658095248043537139892578125" lon="108.92819554544985294342041015625">
        <ele>467.600006103515625</ele>
        <time>2026-08-19T23:15:35.000Z</time>
        <extensions>
          <ns3:TrackPointExtension>
            <ns3:hr>133</ns3:hr>
            <ns3:cad>0</ns3:cad>
          </ns3:TrackPointExtension>
        </extensions>
      </trkpt>
      <trkpt lat="34.17659461498260498046875" lon="108.9282184280455112457275390625">
        <ele>467.600006103515625</ele>
        <time>2026-08-19T23:15:36.000Z</time>
        <extensions>
          <ns3:TrackPointExtension>
            <ns3:hr>132</ns3:hr>
            <ns3:cad>0</ns3:cad>
          </ns3:TrackPointExtension>
        </extensions>
      </trkpt>
      <trkpt lat="34.17660861276090145111083984375" lon="108.92823971807956695556640625">
        <ele>467.600006103515625</ele>
        <time>2026-08-19T23:15:37.000Z</time>
        <extensions>
          <ns3:TrackPointExtension>
            <ns3:hr>133</ns3:hr>
            <ns3:cad>85</ns3:cad>
          </ns3:TrackPointExtension>
        </extensions>
      </trkpt>
      <trkpt lat="34.17662478983402252197265625" lon="108.92825849354267120361328125">
        <ele>467.600006103515625</ele>
        <time>2026-08-19T23:15:38.000Z</time>
        <extensions>
          <ns3:TrackPointExtension>
            <ns3:hr>132</ns3:hr>
            <ns3:cad>86</ns3:cad>
          </ns3:TrackPointExtension>
        </extensions>
      </trkpt>
      <trkpt lat="34.176640547811985015869140625" lon="108.92828020267188549041748046875">
        <ele>467.600006103515625</ele>
        <time>2026-08-19T23:15:39.000Z</time>
        <extensions>
          <ns3:TrackPointExtension>
            <ns3:hr>132</ns3:hr>
            <ns3:cad>86</ns3:cad>
          </ns3:TrackPointExtension>
        </extensions>
      </trkpt>
      <trkpt lat="34.17665471322834491729736328125" lon="108.92829881049692630767822265625">
        <ele>467.600006103515625</ele>
        <time>2026-08-19T23:15:40.000Z</time>
        <extensions>
          <ns3:TrackPointExtension>
            <ns3:hr>133</ns3:hr>
            <ns3:cad>87</ns3:cad>
          </ns3:TrackPointExtension>
        </extensions>
      </trkpt>
      <trkpt lat="34.17666661553084850311279296875" lon="108.92832110635936260223388671875">
        <ele>467.600006103515625</ele>
        <time>2026-08-19T23:15:41.000Z</time>
        <extensions>
          <ns3:TrackPointExtension>
            <ns3:hr>133</ns3:hr>
            <ns3:cad>87</ns3:cad>
          </ns3:TrackPointExtension>
        </extensions>
      </trkpt>
      <trkpt lat="34.1766812838613986968994140625" lon="108.92833418212831020355224609375">
        <ele>467.600006103515625</ele>
        <time>2026-08-19T23:15:42.000Z</time>
        <extensions>
          <ns3:TrackPointExtension>
            <ns3:hr>134</ns3:hr>
            <ns3:cad>87</ns3:cad>
          </ns3:TrackPointExtension>
        </extensions>
      </trkpt>
      <trkpt lat="34.17669628746807575225830078125" lon="108.92834826372563838958740234375">
        <ele>467.600006103515625</ele>
        <time>2026-08-19T23:15:43.000Z</time>
        <extensions>
          <ns3:TrackPointExtension>
            <ns3:hr>134</ns3:hr>
            <ns3:cad>87</ns3:cad>
          </ns3:TrackPointExtension>
        </extensions>
      </trkpt>
      <trkpt lat="34.1767124645411968231201171875" lon="108.92835798673331737518310546875">
        <ele>467.600006103515625</ele>
        <time>2026-08-19T23:15:44.000Z</time>
        <extensions>
          <ns3:TrackPointExtension>
            <ns3:hr>134</ns3:hr>
            <ns3:cad>87</ns3:cad>
          </ns3:TrackPointExtension>
        </extensions>
      </trkpt>
      <trkpt lat="34.1767272166907787322998046875" lon="108.92837156541645526885986328125">
        <ele>467.600006103515625</ele>
        <time>2026-08-19T23:15:45.000Z</time>
        <extensions>
          <ns3:TrackPointExtension>
            <ns3:hr>131</ns3:hr>
            <ns3:cad>88</ns3:cad>
          </ns3:TrackPointExtension>
        </extensions>
      </trkpt>
      <trkpt lat="34.17674481868743896484375" lon="108.92838589847087860107421875">
        <ele>467.600006103515625</ele>
        <time>2026-08-19T23:15:46.000Z</time>
        <extensions>
          <ns3:TrackPointExtension>
            <ns3:hr>130</ns3:hr>
            <ns3:cad>88</ns3:cad>
          </ns3:TrackPointExtension>
        </extensions>
      </trkpt>
      <trkpt lat="34.17676166631281375885009765625" lon="108.9284026622772216796875">
        <ele>467.600006103515625</ele>
        <time>2026-08-19T23:15:47.000Z</time>
        <extensions>
          <ns3:TrackPointExtension>
            <ns3:hr>130</ns3:hr>
            <ns3:cad>88</ns3:cad>
          </ns3:TrackPointExtension>
        </extensions>
      </trkpt>
      <trkpt lat="34.17678572237491607666015625" lon="108.92842034809291362762451171875">
        <ele>467.600006103515625</ele>
        <time>2026-08-19T23:15:48.000Z</time>
        <extensions>
          <ns3:TrackPointExtension>
            <ns3:hr>130</ns3:hr>
            <ns3:cad>88</ns3:cad>
          </ns3:TrackPointExtension>
        </extensions>
      </trkpt>
      <trkpt lat="34.17680558748543262481689453125" lon="108.92842872999608516693115234375">
        <ele>467.600006103515625</ele>
        <time>2026-08-19T23:15:49.000Z</time>
        <extensions>
          <ns3:TrackPointExtension>
            <ns3:hr>130</ns3:hr>
            <ns3:cad>88</ns3:cad>
          </ns3:TrackPointExtension>
        </extensions>
      </trkpt>
      <trkpt lat="34.17683123610913753509521484375" lon="108.92844063229858875274658203125">
        <ele>467.79998779296875</ele>
        <time>2026-08-19T23:15:50.000Z</time>
        <extensions>
          <ns3:TrackPointExtension>
            <ns3:hr>129</ns3:hr>
            <ns3:cad>88</ns3:cad>
          </ns3:TrackPointExtension>
        </extensions>
      </trkpt>
      <trkpt lat="34.1768475808203220367431640625" lon="108.92844666726887226104736328125">
        <ele>467.79998779296875</ele>
        <time>2026-08-19T23:15:51.000Z</time>
        <extensions>
          <ns3:TrackPointExtension>
            <ns3:hr>130</ns3:hr>
            <ns3:cad>89</ns3:cad>
          </ns3:TrackPointExtension>
        </extensions>
      </trkpt>
      <trkpt lat="34.17687197215855121612548828125" lon="108.92845773138105869293212890625">
        <ele>467.79998779296875</ele>
        <time>2026-08-19T23:15:52.000Z</time>
        <extensions>
          <ns3:TrackPointExtension>
            <ns3:hr>130</ns3:hr>
            <ns3:cad>89</ns3:cad>
          </ns3:TrackPointExtension>
        </extensions>
      </trkpt>
      <trkpt lat="34.1768898256123065948486328125" lon="108.92846443690359592437744140625">
        <ele>467.79998779296875</ele>
        <time>2026-08-19T23:15:53.000Z</time>
        <extensions>
          <ns3:TrackPointExtension>
            <ns3:hr>131</ns3:hr>
            <ns3:cad>89</ns3:cad>
          </ns3:TrackPointExtension>
        </extensions>
      </trkpt>
      <trkpt lat="34.17691723443567752838134765625" lon="108.92847365699708461761474609375">
        <ele>467.600006103515625</ele>
        <time>2026-08-19T23:15:54.000Z</time>
        <extensions>
          <ns3:TrackPointExtension>
            <ns3:hr>131</ns3:hr>
            <ns3:cad>89</ns3:cad>
          </ns3:TrackPointExtension>
        </extensions>
      </trkpt>
      <trkpt lat="34.17693802155554294586181640625" lon="108.92847650684416294097900390625">
        <ele>467.600006103515625</ele>
        <time>2026-08-19T23:15:55.000Z</time>
        <extensions>
          <ns3:TrackPointExtension>
            <ns3:hr>131</ns3:hr>
            <ns3:cad>89</ns3:cad>
          </ns3:TrackPointExtension>
        </extensions>
      </trkpt>
      <trkpt lat="34.17696434073150157928466796875" lon="108.9284843020141124725341796875">
        <ele>467.600006103515625</ele>
        <time>2026-08-19T23:15:56.000Z</time>
        <extensions>
          <ns3:TrackPointExtension>
            <ns3:hr>132</ns3:hr>
            <ns3:cad>89</ns3:cad>
          </ns3:TrackPointExtension>
        </extensions>
      </trkpt>
      <trkpt lat="34.17698395438492298126220703125" lon="108.9284866489470005035400390625">
        <ele>467.600006103515625</ele>
        <time>2026-08-19T23:15:57.000Z</time>
        <extensions>
          <ns3:TrackPointExtension>
            <ns3:hr>132</ns3:hr>
            <ns3:cad>90</ns3:cad>
          </ns3:TrackPointExtension>
        </extensions>
      </trkpt>
      <trkpt lat="34.17701236903667449951171875" lon="108.9284933544695377349853515625">
        <ele>467.600006103515625</ele>
        <time>2026-08-19T23:15:58.000Z</time>
        <extensions>
          <ns3:TrackPointExtension>
            <ns3:hr>132</ns3:hr>
            <ns3:cad>91</ns3:cad>
          </ns3:TrackPointExtension>
        </extensions>
      </trkpt>
      <trkpt lat="34.1770333237946033477783203125" lon="108.9284967072308063507080078125">
        <ele>467.600006103515625</ele>
        <time>2026-08-19T23:15:59.000Z</time>
        <extensions>
          <ns3:TrackPointExtension>
            <ns3:hr>133</ns3:hr>
            <ns3:cad>91</ns3:cad>
          </ns3:TrackPointExtension>
        </extensions>
      </trkpt>
      <trkpt lat="34.1770598106086254119873046875" lon="108.9285014010965824127197265625">
        <ele>467.600006103515625</ele>
        <time>2026-08-19T23:16:00.000Z</time>
        <extensions>
          <ns3:TrackPointExtension>
            <ns3:hr>133</ns3:hr>
            <ns3:cad>91</ns3:cad>
          </ns3:TrackPointExtension>
        </extensions>
      </trkpt>
      <trkpt lat="34.177079759538173675537109375" lon="108.92850064672529697418212890625">
        <ele>467.600006103515625</ele>
        <time>2026-08-19T23:16:01.000Z</time>
        <extensions>
          <ns3:TrackPointExtension>
            <ns3:hr>133</ns3:hr>
            <ns3:cad>91</ns3:cad>
          </ns3:TrackPointExtension>
        </extensions>
      </trkpt>
      <trkpt lat="34.177106581628322601318359375" lon="108.92850182019174098968505859375">
        <ele>467.79998779296875</ele>
        <time>2026-08-19T23:16:02.000Z</time>
        <extensions>
          <ns3:TrackPointExtension>
            <ns3:hr>134</ns3:hr>
            <ns3:cad>91</ns3:cad>
          </ns3:TrackPointExtension>
        </extensions>
      </trkpt>
      <trkpt lat="34.177126027643680572509765625" lon="108.928499557077884674072265625">
        <ele>467.600006103515625</ele>
        <time>2026-08-19T23:16:03.000Z</time>
        <extensions>
          <ns3:TrackPointExtension>
            <ns3:hr>134</ns3:hr>
            <ns3:cad>92</ns3:cad>
          </ns3:TrackPointExtension>
        </extensions>
      </trkpt>
      <trkpt lat="34.17715050280094146728515625" lon="108.928498215973377227783203125">
        <ele>467.600006103515625</ele>
        <time>2026-08-19T23:16:04.000Z</time>
        <extensions>
          <ns3:TrackPointExtension>
            <ns3:hr>135</ns3:hr>
            <ns3:cad>92</ns3:cad>
          </ns3:TrackPointExtension>
        </extensions>
      </trkpt>
      <trkpt lat="34.17717288248240947723388671875" lon="108.92849746160209178924560546875">
        <ele>467.600006103515625</ele>
        <time>2026-08-19T23:16:05.000Z</time>
        <extensions>
          <ns3:TrackPointExtension>
            <ns3:hr>137</ns3:hr>
            <ns3:cad>92</ns3:cad>
          </ns3:TrackPointExtension>
        </extensions>
      </trkpt>
      <trkpt lat="34.17719819582998752593994140625" lon="108.928499557077884674072265625">
        <ele>467.600006103515625</ele>
        <time>2026-08-19T23:16:06.000Z</time>
        <extensions>
          <ns3:TrackPointExtension>
            <ns3:hr>137</ns3:hr>
            <ns3:cad>92</ns3:cad>
          </ns3:TrackPointExtension>
        </extensions>
      </trkpt>
      <trkpt lat="34.17721697129309177398681640625" lon="108.92849561758339405059814453125">
        <ele>467.600006103515625</ele>
        <time>2026-08-19T23:16:07.000Z</time>
        <extensions>
          <ns3:TrackPointExtension>
            <ns3:hr>138</ns3:hr>
            <ns3:cad>91</ns3:cad>
          </ns3:TrackPointExtension>
        </extensions>
      </trkpt>
      <trkpt lat="34.17723859660327434539794921875" lon="108.92849930562078952789306640625">
        <ele>467.600006103515625</ele>
        <time>2026-08-19T23:16:08.000Z</time>
        <extensions>
          <ns3:TrackPointExtension>
            <ns3:hr>139</ns3:hr>
            <ns3:cad>91</ns3:cad>
          </ns3:TrackPointExtension>
        </extensions>
      </trkpt>
      <trkpt lat="34.17726357467472553253173828125" lon="108.928497545421123504638671875">
        <ele>467.600006103515625</ele>
        <time>2026-08-19T23:16:09.000Z</time>
        <extensions>
          <ns3:TrackPointExtension>
            <ns3:hr>139</ns3:hr>
            <ns3:cad>91</ns3:cad>
          </ns3:TrackPointExtension>
        </extensions>
      </trkpt>
      <trkpt lat="34.17728997766971588134765625" lon="108.9284980483353137969970703125">
        <ele>467.600006103515625</ele>
        <time>2026-08-19T23:16:10.000Z</time>
        <extensions>
          <ns3:TrackPointExtension>
            <ns3:hr>139</ns3:hr>
            <ns3:cad>92</ns3:cad>
          </ns3:TrackPointExtension>
        </extensions>
      </trkpt>
      <trkpt lat="34.17731277644634246826171875" lon="108.92849964089691638946533203125">
        <ele>467.600006103515625</ele>
        <time>2026-08-19T23:16:11.000Z</time>
        <extensions>
          <ns3:TrackPointExtension>
            <ns3:hr>140</ns3:hr>
            <ns3:cad>91</ns3:cad>
          </ns3:TrackPointExtension>
        </extensions>
      </trkpt>
      <trkpt lat="34.177338592708110809326171875" lon="108.928506262600421905517578125">
        <ele>467.600006103515625</ele>
        <time>2026-08-19T23:16:12.000Z</time>
        <extensions>
          <ns3:TrackPointExtension>
            <ns3:hr>140</ns3:hr>
            <ns3:cad>90</ns3:cad>
          </ns3:TrackPointExtension>
        </extensions>
      </trkpt>
      <trkpt lat="34.17736130766570568084716796875" lon="108.92850835807621479034423828125">
        <ele>467.600006103515625</ele>
        <time>2026-08-19T23:16:13.000Z</time>
        <extensions>
          <ns3:TrackPointExtension>
            <ns3:hr>140</ns3:hr>
            <ns3:cad>90</ns3:cad>
          </ns3:TrackPointExtension>
        </extensions>
      </trkpt>
      <trkpt lat="34.17738511227071285247802734375" lon="108.92850567586719989776611328125">
        <ele>467.600006103515625</ele>
        <time>2026-08-19T23:16:14.000Z</time>
        <extensions>
          <ns3:TrackPointExtension>
            <ns3:hr>140</ns3:hr>
            <ns3:cad>89</ns3:cad>
          </ns3:TrackPointExtension>
        </extensions>
      </trkpt>
      <trkpt lat="34.1774068213999271392822265625" lon="108.9285034127533435821533203125">
        <ele>467.600006103515625</ele>
        <time>2026-08-19T23:16:15.000Z</time>
        <extensions>
          <ns3:TrackPointExtension>
            <ns3:hr>140</ns3:hr>
            <ns3:cad>90</ns3:cad>
          </ns3:TrackPointExtension>
        </extensions>
      </trkpt>
      <trkpt lat="34.17743347585201263427734375" lon="108.92850391566753387451171875">
        <ele>467.600006103515625</ele>
        <time>2026-08-19T23:16:16.000Z</time>
        <extensions>
          <ns3:TrackPointExtension>
            <ns3:hr>139</ns3:hr>
            <ns3:cad>90</ns3:cad>
          </ns3:TrackPointExtension>
        </extensions>
      </trkpt>
      <trkpt lat="34.17745702899992465972900390625" lon="108.92850182019174098968505859375">
        <ele>467.600006103515625</ele>
        <time>2026-08-19T23:16:17.000Z</time>
        <extensions>
          <ns3:TrackPointExtension>
            <ns3:hr>139</ns3:hr>
            <ns3:cad>89</ns3:cad>
          </ns3:TrackPointExtension>
        </extensions>
      </trkpt>
      <trkpt lat="34.17748234234750270843505859375" lon="108.92850098200142383575439453125">
        <ele>467.600006103515625</ele>
        <time>2026-08-19T23:16:18.000Z</time>
        <extensions>
          <ns3:TrackPointExtension>
            <ns3:hr>139</ns3:hr>
            <ns3:cad>89</ns3:cad>
          </ns3:TrackPointExtension>
        </extensions>
      </trkpt>
      <trkpt lat="34.17750212363898754119873046875" lon="108.92849293537437915802001953125">
        <ele>467.600006103515625</ele>
        <time>2026-08-19T23:16:19.000Z</time>
        <extensions>
          <ns3:TrackPointExtension>
            <ns3:hr>139</ns3:hr>
            <ns3:cad>89</ns3:cad>
          </ns3:TrackPointExtension>
        </extensions>
      </trkpt>
      <trkpt lat="34.1775241680443286895751953125" lon="108.92848941497504711151123046875">
        <ele>467.600006103515625</ele>
        <time>2026-08-19T23:16:20.000Z</time>
        <extensions>
          <ns3:TrackPointExtension>
            <ns3:hr>139</ns3:hr>
            <ns3:cad>89</ns3:cad>
          </ns3:TrackPointExtension>
        </extensions>
      </trkpt>
      <trkpt lat="34.1775446198880672454833984375" lon="108.9284846372902393341064453125">
        <ele>467.600006103515625</ele>
        <time>2026-08-19T23:16:21.000Z</time>
        <extensions>
          <ns3:TrackPointExtension>
            <ns3:hr>139</ns3:hr>
            <ns3:cad>90</ns3:cad>
          </ns3:TrackPointExtension>
        </extensions>
      </trkpt>
      <trkpt lat="34.1775717772543430328369140625" lon="108.92848153598606586456298828125">
        <ele>467.600006103515625</ele>
        <time>2026-08-19T23:16:22.000Z</time>
        <extensions>
          <ns3:TrackPointExtension>
            <ns3:hr>140</ns3:hr>
            <ns3:cad>90</ns3:cad>
          </ns3:TrackPointExtension>
        </extensions>
      </trkpt>
      <trkpt lat="34.1775908879935741424560546875" lon="108.92847784794867038726806640625">
        <ele>467.600006103515625</ele>
        <time>2026-08-19T23:16:23.000Z</time>
        <extensions>
          <ns3:TrackPointExtension>
            <ns3:hr>140</ns3:hr>
            <ns3:cad>90</ns3:cad>
          </ns3:TrackPointExtension>
        </extensions>
      </trkpt>
      <trkpt lat="34.17761896736919879913330078125" lon="108.92848203890025615692138671875">
        <ele>467.600006103515625</ele>
        <time>2026-08-19T23:16:24.000Z</time>
        <extensions>
          <ns3:TrackPointExtension>
            <ns3:hr>140</ns3:hr>
            <ns3:cad>89</ns3:cad>
          </ns3:TrackPointExtension>
        </extensions>
      </trkpt>
      <trkpt lat="34.17763858102262020111083984375" lon="108.9284806139767169952392578125">
        <ele>467.600006103515625</ele>
        <time>2026-08-19T23:16:25.000Z</time>
        <extensions>
          <ns3:TrackPointExtension>
            <ns3:hr>140</ns3:hr>
            <ns3:cad>89</ns3:cad>
          </ns3:TrackPointExtension>
        </extensions>
      </trkpt>
      <trkpt lat="34.17766456492245197296142578125" lon="108.9284826256334781646728515625">
        <ele>467.600006103515625</ele>
        <time>2026-08-19T23:16:26.000Z</time>
        <extensions>
          <ns3:TrackPointExtension>
            <ns3:hr>141</ns3:hr>
            <ns3:cad>89</ns3:cad>
          </ns3:TrackPointExtension>
        </extensions>
      </trkpt>
      <trkpt lat="34.17768635787069797515869140625" lon="108.92847969196736812591552734375">
        <ele>467.399993896484375</ele>
        <time>2026-08-19T23:16:27.000Z</time>
        <extensions>
          <ns3:TrackPointExtension>
            <ns3:hr>141</ns3:hr>
            <ns3:cad>89</ns3:cad>
          </ns3:TrackPointExtension>
        </extensions>
      </trkpt>
      <trkpt lat="34.1777142696082592010498046875" lon="108.92847969196736812591552734375">
        <ele>467.399993896484375</ele>
        <time>2026-08-19T23:16:28.000Z</time>
        <extensions>
          <ns3:TrackPointExtension>
            <ns3:hr>141</ns3:hr>
            <ns3:cad>89</ns3:cad>
          </ns3:TrackPointExtension>
        </extensions>
      </trkpt>
      <trkpt lat="34.17773187160491943359375" lon="108.92847918905317783355712890625">
        <ele>467.399993896484375</ele>
        <time>2026-08-19T23:16:29.000Z</time>
        <extensions>
          <ns3:TrackPointExtension>
            <ns3:hr>141</ns3:hr>
            <ns3:cad>89</ns3:cad>
          </ns3:TrackPointExtension>
        </extensions>
      </trkpt>
      <trkpt lat="34.17775668203830718994140625" lon="108.92847734503448009490966796875">
        <ele>467.399993896484375</ele>
        <time>2026-08-19T23:16:30.000Z</time>
        <extensions>
          <ns3:TrackPointExtension>
            <ns3:hr>141</ns3:hr>
            <ns3:cad>89</ns3:cad>
          </ns3:TrackPointExtension>
        </extensions>
      </trkpt>
      <trkpt lat="34.1777732782065868377685546875" lon="108.92847441136837005615234375">
        <ele>467.399993896484375</ele>
        <time>2026-08-19T23:16:31.000Z</time>
        <extensions>
          <ns3:TrackPointExtension>
            <ns3:hr>141</ns3:hr>
            <ns3:cad>89</ns3:cad>
          </ns3:TrackPointExtension>
        </extensions>
      </trkpt>
      <trkpt lat="34.17779783718287944793701171875" lon="108.92847709357738494873046875">
        <ele>467.399993896484375</ele>
        <time>2026-08-19T23:16:32.000Z</time>
        <extensions>
          <ns3:TrackPointExtension>
            <ns3:hr>141</ns3:hr>
            <ns3:cad>89</ns3:cad>
          </ns3:TrackPointExtension>
        </extensions>
      </trkpt>
      <trkpt lat="34.17781678028404712677001953125" lon="108.92847533337771892547607421875">
        <ele>467.600006103515625</ele>
        <time>2026-08-19T23:16:33.000Z</time>
        <extensions>
          <ns3:TrackPointExtension>
            <ns3:hr>141</ns3:hr>
            <ns3:cad>89</ns3:cad>
          </ns3:TrackPointExtension>
        </extensions>
      </trkpt>
      <trkpt lat="34.17784494347870349884033203125" lon="108.928474746644496917724609375">
        <ele>467.600006103515625</ele>
        <time>2026-08-19T23:16:34.000Z</time>
        <extensions>
          <ns3:TrackPointExtension>
            <ns3:hr>142</ns3:hr>
            <ns3:cad>89</ns3:cad>
          </ns3:TrackPointExtension>
        </extensions>
      </trkpt>
      <trkpt lat="34.1778654791414737701416015625" lon="108.92847483046352863311767578125">
        <ele>467.399993896484375</ele>
        <time>2026-08-19T23:16:35.000Z</time>
        <extensions>
          <ns3:TrackPointExtension>
            <ns3:hr>142</ns3:hr>
            <ns3:cad>90</ns3:cad>
          </ns3:TrackPointExtension>
        </extensions>
      </trkpt>
      <trkpt lat="34.177893139421939849853515625" lon="108.9284638501703739166259765625">
        <ele>467.399993896484375</ele>
        <time>2026-08-19T23:16:36.000Z</time>
        <extensions>
          <ns3:TrackPointExtension>
            <ns3:hr>142</ns3:hr>
            <ns3:cad>89</ns3:cad>
          </ns3:TrackPointExtension>
        </extensions>
      </trkpt>
      <trkpt lat="34.1779134236276149749755859375" lon="108.92845924012362957000732421875">
        <ele>467.399993896484375</ele>
        <time>2026-08-19T23:16:37.000Z</time>
        <extensions>
          <ns3:TrackPointExtension>
            <ns3:hr>142</ns3:hr>
            <ns3:cad>89</ns3:cad>
          </ns3:TrackPointExtension>
        </extensions>
      </trkpt>
      <trkpt lat="34.17794100008904933929443359375" lon="108.9284527860581874847412109375">
        <ele>467.399993896484375</ele>
        <time>2026-08-19T23:16:38.000Z</time>
        <extensions>
          <ns3:TrackPointExtension>
            <ns3:hr>142</ns3:hr>
            <ns3:cad>89</ns3:cad>
          </ns3:TrackPointExtension>
        </extensions>
      </trkpt>
      <trkpt lat="34.17795994319021701812744140625" lon="108.92844767309725284576416015625">
        <ele>467.399993896484375</ele>
        <time>2026-08-19T23:16:39.000Z</time>
        <extensions>
          <ns3:TrackPointExtension>
            <ns3:hr>142</ns3:hr>
            <ns3:cad>89</ns3:cad>
          </ns3:TrackPointExtension>
        </extensions>
      </trkpt>
      <trkpt lat="34.1779853403568267822265625" lon="108.9284447394311428070068359375">
        <ele>467.20001220703125</ele>
        <time>2026-08-19T23:16:40.000Z</time>
        <extensions>
          <ns3:TrackPointExtension>
            <ns3:hr>142</ns3:hr>
            <ns3:cad>89</ns3:cad>
          </ns3:TrackPointExtension>
        </extensions>
      </trkpt>
      <trkpt lat="34.1780049540102481842041015625" lon="108.92844398505985736846923828125">
        <ele>467.20001220703125</ele>
        <time>2026-08-19T23:16:41.000Z</time>
        <extensions>
          <ns3:TrackPointExtension>
            <ns3:hr>142</ns3:hr>
            <ns3:cad>90</ns3:cad>
          </ns3:TrackPointExtension>
        </extensions>
      </trkpt>
      <trkpt lat="34.17803102172911167144775390625" lon="108.9284383691847324371337890625">
        <ele>467.20001220703125</ele>
        <time>2026-08-19T23:16:42.000Z</time>
        <extensions>
          <ns3:TrackPointExtension>
            <ns3:hr>142</ns3:hr>
            <ns3:cad>90</ns3:cad>
          </ns3:TrackPointExtension>
        </extensions>
      </trkpt>
      <trkpt lat="34.178049378097057342529296875" lon="108.92843660898506641387939453125">
        <ele>467.20001220703125</ele>
        <time>2026-08-19T23:16:43.000Z</time>
        <extensions>
          <ns3:TrackPointExtension>
            <ns3:hr>142</ns3:hr>
            <ns3:cad>90</ns3:cad>
          </ns3:TrackPointExtension>
        </extensions>
      </trkpt>
      <trkpt lat="34.1780723445117473602294921875" lon="108.928437195718288421630859375">
        <ele>467.20001220703125</ele>
        <time>2026-08-19T23:16:44.000Z</time>
        <extensions>
          <ns3:TrackPointExtension>
            <ns3:hr>142</ns3:hr>
            <ns3:cad>90</ns3:cad>
          </ns3:TrackPointExtension>
        </extensions>
      </trkpt>
      <trkpt lat="34.17808835394680500030517578125" lon="108.9284340105950832366943359375">
        <ele>467.20001220703125</ele>
        <time>2026-08-19T23:16:45.000Z</time>
        <extensions>
          <ns3:TrackPointExtension>
            <ns3:hr>142</ns3:hr>
            <ns3:cad>90</ns3:cad>
          </ns3:TrackPointExtension>
        </extensions>
      </trkpt>
      <trkpt lat="34.1781142540276050567626953125" lon="108.92842722125351428985595703125">
        <ele>467</ele>
        <time>2026-08-19T23:16:46.000Z</time>
        <extensions>
          <ns3:TrackPointExtension>
            <ns3:hr>142</ns3:hr>
            <ns3:cad>90</ns3:cad>
          </ns3:TrackPointExtension>
        </extensions>
      </trkpt>
      <trkpt lat="34.178131185472011566162109375" lon="108.92841364257037639617919921875">
        <ele>467</ele>
        <time>2026-08-19T23:16:47.000Z</time>
        <extensions>
          <ns3:TrackPointExtension>
            <ns3:hr>143</ns3:hr>
            <ns3:cad>90</ns3:cad>
          </ns3:TrackPointExtension>
        </extensions>
      </trkpt>
      <trkpt lat="34.17815691791474819183349609375" lon="108.928399644792079925537109375">
        <ele>467</ele>
        <time>2026-08-19T23:16:48.000Z</time>
        <extensions>
          <ns3:TrackPointExtension>
            <ns3:hr>143</ns3:hr>
            <ns3:cad>90</ns3:cad>
          </ns3:TrackPointExtension>
        </extensions>
      </trkpt>
      <trkpt lat="34.17817418463528156280517578125" lon="108.92838053405284881591796875">
        <ele>467</ele>
        <time>2026-08-19T23:16:49.000Z</time>
        <extensions>
          <ns3:TrackPointExtension>
            <ns3:hr>143</ns3:hr>
            <ns3:cad>89</ns3:cad>
          </ns3:TrackPointExtension>
        </extensions>
      </trkpt>
      <trkpt lat="34.17819664813578128814697265625" lon="108.92836268059909343719482421875">
        <ele>467</ele>
        <time>2026-08-19T23:16:50.000Z</time>
        <extensions>
          <ns3:TrackPointExtension>
            <ns3:hr>143</ns3:hr>
            <ns3:cad>89</ns3:cad>
          </ns3:TrackPointExtension>
        </extensions>
      </trkpt>
      <trkpt lat="34.17821173556149005889892578125" lon="108.92834440805017948150634765625">
        <ele>467</ele>
        <time>2026-08-19T23:16:51.000Z</time>
        <extensions>
          <ns3:TrackPointExtension>
            <ns3:hr>142</ns3:hr>
            <ns3:cad>89</ns3:cad>
          </ns3:TrackPointExtension>
        </extensions>
      </trkpt>
      <trkpt lat="34.1782386414706707000732421875" lon="108.92833116464316844940185546875">
        <ele>467</ele>
        <time>2026-08-19T23:16:52.000Z</time>
        <extensions>
          <ns3:TrackPointExtension>
            <ns3:hr>143</ns3:hr>
            <ns3:cad>89</ns3:cad>
          </ns3:TrackPointExtension>
        </extensions>
      </trkpt>
      <trkpt lat="34.17825565673410892486572265625" lon="108.928319513797760009765625">
        <ele>467</ele>
        <time>2026-08-19T23:16:53.000Z</time>
        <extensions>
          <ns3:TrackPointExtension>
            <ns3:hr>143</ns3:hr>
            <ns3:cad>91</ns3:cad>
          </ns3:TrackPointExtension>
        </extensions>
      </trkpt>
      <trkpt lat="34.17827895842492580413818359375" lon="108.92830467782914638519287109375">
        <ele>467</ele>
        <time>2026-08-19T23:16:54.000Z</time>
        <extensions>
          <ns3:TrackPointExtension>
            <ns3:hr>143</ns3:hr>
            <ns3:cad>90</ns3:cad>
          </ns3:TrackPointExtension>
        </extensions>
      </trkpt>
      <trkpt lat="34.178293459117412567138671875" lon="108.9282908476889133453369140625">
        <ele>467</ele>
        <time>2026-08-19T23:16:55.000Z</time>
        <extensions>
          <ns3:TrackPointExtension>
            <ns3:hr>143</ns3:hr>
            <ns3:cad>90</ns3:cad>
          </ns3:TrackPointExtension>
        </extensions>
      </trkpt>
      <trkpt lat="34.17831114493310451507568359375" lon="108.92826511524617671966552734375">
        <ele>467</ele>
        <time>2026-08-19T23:16:56.000Z</time>
        <extensions>
          <ns3:TrackPointExtension>
            <ns3:hr>143</ns3:hr>
            <ns3:cad>90</ns3:cad>
          </ns3:TrackPointExtension>
        </extensions>
      </trkpt>
      <trkpt lat="34.178322292864322662353515625" lon="108.9282418973743915557861328125">
        <ele>466.79998779296875</ele>
        <time>2026-08-19T23:16:57.000Z</time>
        <extensions>
          <ns3:TrackPointExtension>
            <ns3:hr>143</ns3:hr>
            <ns3:cad>89</ns3:cad>
          </ns3:TrackPointExtension>
        </extensions>
      </trkpt>
      <trkpt lat="34.17834266088902950286865234375" lon="108.928209207952022552490234375">
        <ele>466.79998779296875</ele>
        <time>2026-08-19T23:16:58.000Z</time>
        <extensions>
          <ns3:TrackPointExtension>
            <ns3:hr>144</ns3:hr>
            <ns3:cad>89</ns3:cad>
          </ns3:TrackPointExtension>
        </extensions>
      </trkpt>
      <trkpt lat="34.17835925705730915069580078125" lon="108.92818347550928592681884765625">
        <ele>466.79998779296875</ele>
        <time>2026-08-19T23:16:59.000Z</time>
        <extensions>
          <ns3:TrackPointExtension>
            <ns3:hr>144</ns3:hr>
            <ns3:cad>89</ns3:cad>
          </ns3:TrackPointExtension>
        </extensions>
      </trkpt>
      <trkpt lat="34.1783754341304302215576171875" lon="108.92815363593399524688720703125">
        <ele>466.600006103515625</ele>
        <time>2026-08-19T23:17:00.000Z</time>
        <extensions>
          <ns3:TrackPointExtension>
            <ns3:hr>144</ns3:hr>
            <ns3:cad>89</ns3:cad>
          </ns3:TrackPointExtension>
        </extensions>
      </trkpt>
      <trkpt lat="34.17838457040488719940185546875" lon="108.92813502810895442962646484375">
        <ele>466.600006103515625</ele>
        <time>2026-08-19T23:17:01.000Z</time>
        <extensions>
          <ns3:TrackPointExtension>
            <ns3:hr>144</ns3:hr>
            <ns3:cad>88</ns3:cad>
          </ns3:TrackPointExtension>
        </extensions>
      </trkpt>
      <trkpt lat="34.1783962212502956390380859375" lon="108.92810904420912265777587890625">
        <ele>466.600006103515625</ele>
        <time>2026-08-19T23:17:02.000Z</time>
        <extensions>
          <ns3:TrackPointExtension>
            <ns3:hr>145</ns3:hr>
            <ns3:cad>88</ns3:cad>
          </ns3:TrackPointExtension>
        </extensions>
      </trkpt>
      <trkpt lat="34.1784032620489597320556640625" lon="108.92808607779443264007568359375">
        <ele>466.600006103515625</ele>
        <time>2026-08-19T23:17:03.000Z</time>
        <extensions>
          <ns3:TrackPointExtension>
            <ns3:hr>145</ns3:hr>
            <ns3:cad>88</ns3:cad>
          </ns3:TrackPointExtension>
        </extensions>
      </trkpt>
      <trkpt lat="34.17841105721890926361083984375" lon="108.9280591718852519989013671875">
        <ele>466.600006103515625</ele>
        <time>2026-08-19T23:17:04.000Z</time>
        <extensions>
          <ns3:TrackPointExtension>
            <ns3:hr>145</ns3:hr>
            <ns3:cad>88</ns3:cad>
          </ns3:TrackPointExtension>
        </extensions>
      </trkpt>
      <trkpt lat="34.17841893620789051055908203125" lon="108.92803360708057880401611328125">
        <ele>466.600006103515625</ele>
        <time>2026-08-19T23:17:05.000Z</time>
        <extensions>
          <ns3:TrackPointExtension>
            <ns3:hr>145</ns3:hr>
            <ns3:cad>88</ns3:cad>
          </ns3:TrackPointExtension>
        </extensions>
      </trkpt>
      <trkpt lat="34.17842212133109569549560546875" lon="108.928005360066890716552734375">
        <ele>466.399993896484375</ele>
        <time>2026-08-19T23:17:06.000Z</time>
        <extensions>
          <ns3:TrackPointExtension>
            <ns3:hr>145</ns3:hr>
            <ns3:cad>89</ns3:cad>
          </ns3:TrackPointExtension>
        </extensions>
      </trkpt>
      <trkpt lat="34.17842815630137920379638671875" lon="108.92797954380512237548828125">
        <ele>466.399993896484375</ele>
        <time>2026-08-19T23:17:07.000Z</time>
        <extensions>
          <ns3:TrackPointExtension>
            <ns3:hr>145</ns3:hr>
            <ns3:cad>89</ns3:cad>
          </ns3:TrackPointExtension>
        </extensions>
      </trkpt>
      <trkpt lat="34.17842782102525234222412109375" lon="108.92795347608625888824462890625">
        <ele>466.399993896484375</ele>
        <time>2026-08-19T23:17:08.000Z</time>
        <extensions>
          <ns3:TrackPointExtension>
            <ns3:hr>145</ns3:hr>
            <ns3:cad>89</ns3:cad>
          </ns3:TrackPointExtension>
        </extensions>
      </trkpt>
      <trkpt lat="34.17843125760555267333984375" lon="108.92792665399610996246337890625">
        <ele>466.399993896484375</ele>
        <time>2026-08-19T23:17:09.000Z</time>
        <extensions>
          <ns3:TrackPointExtension>
            <ns3:hr>145</ns3:hr>
            <ns3:cad>88</ns3:cad>
          </ns3:TrackPointExtension>
        </extensions>
      </trkpt>
      <trkpt lat="34.17843268252909183502197265625" lon="108.927900753915309906005859375">
        <ele>466.399993896484375</ele>
        <time>2026-08-19T23:17:10.000Z</time>
        <extensions>
          <ns3:TrackPointExtension>
            <ns3:hr>146</ns3:hr>
            <ns3:cad>88</ns3:cad>
          </ns3:TrackPointExtension>
        </extensions>
      </trkpt>
      <trkpt lat="34.1784334369003772735595703125" lon="108.927873931825160980224609375">
        <ele>466.20001220703125</ele>
        <time>2026-08-19T23:17:11.000Z</time>
        <extensions>
          <ns3:TrackPointExtension>
            <ns3:hr>145</ns3:hr>
            <ns3:cad>89</ns3:cad>
          </ns3:TrackPointExtension>
        </extensions>
      </trkpt>
      <trkpt lat="34.1784327663481235504150390625" lon="108.9278429187834262847900390625">
        <ele>466.20001220703125</ele>
        <time>2026-08-19T23:17:12.000Z</time>
        <extensions>
          <ns3:TrackPointExtension>
            <ns3:hr>145</ns3:hr>
            <ns3:cad>89</ns3:cad>
          </ns3:TrackPointExtension>
        </extensions>
      </trkpt>
      <trkpt lat="34.17843452654778957366943359375" lon="108.92781517468392848968505859375">
        <ele>466</ele>
        <time>2026-08-19T23:17:13.000Z</time>
        <extensions>
          <ns3:TrackPointExtension>
            <ns3:hr>146</ns3:hr>
            <ns3:cad>89</ns3:cad>
          </ns3:TrackPointExtension>
        </extensions>
      </trkpt>
      <trkpt lat="34.17843251489102840423583984375" lon="108.92779103480279445648193359375">
        <ele>466</ele>
        <time>2026-08-19T23:17:14.000Z</time>
        <extensions>
          <ns3:TrackPointExtension>
            <ns3:hr>145</ns3:hr>
            <ns3:cad>89</ns3:cad>
          </ns3:TrackPointExtension>
        </extensions>
      </trkpt>
      <trkpt lat="34.17843486182391643524169921875" lon="108.9277624525129795074462890625">
        <ele>466</ele>
        <time>2026-08-19T23:17:15.000Z</time>
        <extensions>
          <ns3:TrackPointExtension>
            <ns3:hr>145</ns3:hr>
            <ns3:cad>90</ns3:cad>
          </ns3:TrackPointExtension>
        </extensions>
      </trkpt>
      <trkpt lat="34.1784347780048847198486328125" lon="108.92773973755538463592529296875">
        <ele>466</ele>
        <time>2026-08-19T23:17:16.000Z</time>
        <extensions>
          <ns3:TrackPointExtension>
            <ns3:hr>146</ns3:hr>
            <ns3:cad>90</ns3:cad>
          </ns3:TrackPointExtension>
        </extensions>
      </trkpt>
      <trkpt lat="34.17843704111874103546142578125" lon="108.92770872451364994049072265625">
        <ele>466</ele>
        <time>2026-08-19T23:17:17.000Z</time>
        <extensions>
          <ns3:TrackPointExtension>
            <ns3:hr>145</ns3:hr>
            <ns3:cad>90</ns3:cad>
          </ns3:TrackPointExtension>
        </extensions>
      </trkpt>
      <trkpt lat="34.178436957299709320068359375" lon="108.92768609337508678436279296875">
        <ele>466</ele>
        <time>2026-08-19T23:17:18.000Z</time>
        <extensions>
          <ns3:TrackPointExtension>
            <ns3:hr>146</ns3:hr>
            <ns3:cad>90</ns3:cad>
          </ns3:TrackPointExtension>
        </extensions>
      </trkpt>
      <trkpt lat="34.17844072915613651275634765625" lon="108.927655331790447235107421875">
        <ele>466</ele>
        <time>2026-08-19T23:17:19.000Z</time>
        <extensions>
          <ns3:TrackPointExtension>
            <ns3:hr>146</ns3:hr>
            <ns3:cad>88</ns3:cad>
          </ns3:TrackPointExtension>
        </extensions>
      </trkpt>
      <trkpt lat="34.178438968956470489501953125" lon="108.92763127572834491729736328125">
        <ele>465.79998779296875</ele>
        <time>2026-08-19T23:17:20.000Z</time>
        <extensions>
          <ns3:TrackPointExtension>
            <ns3:hr>145</ns3:hr>
            <ns3:cad>87</ns3:cad>
          </ns3:TrackPointExtension>
        </extensions>
      </trkpt>
      <trkpt lat="34.1784414835274219512939453125" lon="108.92759799957275390625">
        <ele>465.79998779296875</ele>
        <time>2026-08-19T23:17:21.000Z</time>
        <extensions>
          <ns3:TrackPointExtension>
            <ns3:hr>145</ns3:hr>
            <ns3:cad>87</ns3:cad>
          </ns3:TrackPointExtension>
        </extensions>
      </trkpt>
      <trkpt lat="34.17843821458518505096435546875" lon="108.927574865520000457763671875">
        <ele>465.79998779296875</ele>
        <time>2026-08-19T23:17:22.000Z</time>
        <extensions>
          <ns3:TrackPointExtension>
            <ns3:hr>145</ns3:hr>
            <ns3:cad>87</ns3:cad>
          </ns3:TrackPointExtension>
        </extensions>
      </trkpt>
      <trkpt lat="34.1784324310719966888427734375" lon="108.927541673183441162109375">
        <ele>465.600006103515625</ele>
        <time>2026-08-19T23:17:23.000Z</time>
        <extensions>
          <ns3:TrackPointExtension>
            <ns3:hr>145</ns3:hr>
            <ns3:cad>87</ns3:cad>
          </ns3:TrackPointExtension>
        </extensions>
      </trkpt>
      <trkpt lat="34.17843016795814037322998046875" lon="108.92752013169229030609130859375">
        <ele>465.600006103515625</ele>
        <time>2026-08-19T23:17:24.000Z</time>
        <extensions>
          <ns3:TrackPointExtension>
            <ns3:hr>145</ns3:hr>
            <ns3:cad>89</ns3:cad>
          </ns3:TrackPointExtension>
        </extensions>
      </trkpt>
      <trkpt lat="34.17842530645430088043212890625" lon="108.9274855144321918487548828125">
        <ele>465.399993896484375</ele>
        <time>2026-08-19T23:17:25.000Z</time>
        <extensions>
          <ns3:TrackPointExtension>
            <ns3:hr>145</ns3:hr>
            <ns3:cad>89</ns3:cad>
          </ns3:TrackPointExtension>
        </extensions>
      </trkpt>
      <trkpt lat="34.1784294135868549346923828125" lon="108.92745676450431346893310546875">
        <ele>465.399993896484375</ele>
        <time>2026-08-19T23:17:26.000Z</time>
        <extensions>
          <ns3:TrackPointExtension>
            <ns3:hr>144</ns3:hr>
            <ns3:cad>89</ns3:cad>
          </ns3:TrackPointExtension>
        </extensions>
      </trkpt>
      <trkpt lat="34.17842798866331577301025390625" lon="108.9274255000054836273193359375">
        <ele>465.399993896484375</ele>
        <time>2026-08-19T23:17:27.000Z</time>
        <extensions>
          <ns3:TrackPointExtension>
            <ns3:hr>145</ns3:hr>
            <ns3:cad>88</ns3:cad>
          </ns3:TrackPointExtension>
        </extensions>
      </trkpt>
      <trkpt lat="34.1784263961017131805419921875" lon="108.92740094102919101715087890625">
        <ele>465.399993896484375</ele>
        <time>2026-08-19T23:17:28.000Z</time>
        <extensions>
          <ns3:TrackPointExtension>
            <ns3:hr>146</ns3:hr>
            <ns3:cad>88</ns3:cad>
          </ns3:TrackPointExtension>
        </extensions>
      </trkpt>
      <trkpt lat="34.17842497117817401885986328125" lon="108.927375040948390960693359375">
        <ele>465.399993896484375</ele>
        <time>2026-08-19T23:17:29.000Z</time>
        <extensions>
          <ns3:TrackPointExtension>
            <ns3:hr>146</ns3:hr>
            <ns3:cad>88</ns3:cad>
          </ns3:TrackPointExtension>
        </extensions>
      </trkpt>
      <trkpt lat="34.17842321097850799560546875" lon="108.9273520745337009429931640625">
        <ele>465.20001220703125</ele>
        <time>2026-08-19T23:17:30.000Z</time>
        <extensions>
          <ns3:TrackPointExtension>
            <ns3:hr>146</ns3:hr>
            <ns3:cad>88</ns3:cad>
          </ns3:TrackPointExtension>
        </extensions>
      </trkpt>
      <trkpt lat="34.17841960676014423370361328125" lon="108.9273282699286937713623046875">
        <ele>465.20001220703125</ele>
        <time>2026-08-19T23:17:31.000Z</time>
        <extensions>
          <ns3:TrackPointExtension>
            <ns3:hr>146</ns3:hr>
            <ns3:cad>88</ns3:cad>
          </ns3:TrackPointExtension>
        </extensions>
      </trkpt>
      <trkpt lat="34.17841608636081218719482421875" lon="108.9273027889430522918701171875">
        <ele>465</ele>
        <time>2026-08-19T23:17:32.000Z</time>
        <extensions>
          <ns3:TrackPointExtension>
            <ns3:hr>145</ns3:hr>
            <ns3:cad>88</ns3:cad>
          </ns3:TrackPointExtension>
        </extensions>
      </trkpt>
      <trkpt lat="34.178415834903717041015625" lon="108.92727822996675968170166015625">
        <ele>465</ele>
        <time>2026-08-19T23:17:33.000Z</time>
        <extensions>
          <ns3:TrackPointExtension>
            <ns3:hr>145</ns3:hr>
            <ns3:cad>87</ns3:cad>
          </ns3:TrackPointExtension>
        </extensions>
      </trkpt>
      <trkpt lat="34.17841642163693904876708984375" lon="108.92724822275340557098388671875">
        <ele>465</ele>
        <time>2026-08-19T23:17:34.000Z</time>
        <extensions>
          <ns3:TrackPointExtension>
            <ns3:hr>144</ns3:hr>
            <ns3:cad>87</ns3:cad>
          </ns3:TrackPointExtension>
        </extensions>
      </trkpt>
      <trkpt lat="34.17840753681957721710205078125" lon="108.92722525633871555328369140625">
        <ele>464.79998779296875</ele>
        <time>2026-08-19T23:17:35.000Z</time>
        <extensions>
          <ns3:TrackPointExtension>
            <ns3:hr>143</ns3:hr>
            <ns3:cad>87</ns3:cad>
          </ns3:TrackPointExtension>
        </extensions>
      </trkpt>
      <trkpt lat="34.17840401642024517059326171875" lon="108.9271916449069976806640625">
        <ele>464.79998779296875</ele>
        <time>2026-08-19T23:17:36.000Z</time>
        <extensions>
          <ns3:TrackPointExtension>
            <ns3:hr>143</ns3:hr>
            <ns3:cad>87</ns3:cad>
          </ns3:TrackPointExtension>
        </extensions>
      </trkpt>
      <trkpt lat="34.1784005798399448394775390625" lon="108.9271659962832927703857421875">
        <ele>464.600006103515625</ele>
        <time>2026-08-19T23:17:37.000Z</time>
        <extensions>
          <ns3:TrackPointExtension>
            <ns3:hr>143</ns3:hr>
            <ns3:cad>88</ns3:cad>
          </ns3:TrackPointExtension>
        </extensions>
      </trkpt>
      <trkpt lat="34.1783958859741687774658203125" lon="108.9271341450512409210205078125">
        <ele>464.600006103515625</ele>
        <time>2026-08-19T23:17:38.000Z</time>
        <extensions>
          <ns3:TrackPointExtension>
            <ns3:hr>144</ns3:hr>
            <ns3:cad>88</ns3:cad>
          </ns3:TrackPointExtension>
        </extensions>
      </trkpt>
      <trkpt lat="34.17839546687901020050048828125" lon="108.927106820046901702880859375">
        <ele>464.600006103515625</ele>
        <time>2026-08-19T23:17:39.000Z</time>
        <extensions>
          <ns3:TrackPointExtension>
            <ns3:hr>143</ns3:hr>
            <ns3:cad>88</ns3:cad>
          </ns3:TrackPointExtension>
        </extensions>
      </trkpt>
      <trkpt lat="34.1783916950225830078125" lon="108.92707807011902332305908203125">
        <ele>464.399993896484375</ele>
        <time>2026-08-19T23:17:40.000Z</time>
        <extensions>
          <ns3:TrackPointExtension>
            <ns3:hr>143</ns3:hr>
            <ns3:cad>89</ns3:cad>
          </ns3:TrackPointExtension>
        </extensions>
      </trkpt>
      <trkpt lat="34.17838876135647296905517578125" lon="108.92705258913338184356689453125">
        <ele>464.399993896484375</ele>
        <time>2026-08-19T23:17:41.000Z</time>
        <extensions>
          <ns3:TrackPointExtension>
            <ns3:hr>143</ns3:hr>
            <ns3:cad>89</ns3:cad>
          </ns3:TrackPointExtension>
        </extensions>
      </trkpt>
      <trkpt lat="34.1783881746232509613037109375" lon="108.92702342011034488677978515625">
        <ele>464.399993896484375</ele>
        <time>2026-08-19T23:17:42.000Z</time>
        <extensions>
          <ns3:TrackPointExtension>
            <ns3:hr>144</ns3:hr>
            <ns3:cad>89</ns3:cad>
          </ns3:TrackPointExtension>
        </extensions>
      </trkpt>
      <trkpt lat="34.17838708497583866119384765625" lon="108.92699525691568851470947265625">
        <ele>464.20001220703125</ele>
        <time>2026-08-19T23:17:43.000Z</time>
        <extensions>
          <ns3:TrackPointExtension>
            <ns3:hr>143</ns3:hr>
            <ns3:cad>89</ns3:cad>
          </ns3:TrackPointExtension>
        </extensions>
      </trkpt>
      <trkpt lat="34.17838775552809238433837890625" lon="108.92696625553071498870849609375">
        <ele>464.20001220703125</ele>
        <time>2026-08-19T23:17:44.000Z</time>
        <extensions>
          <ns3:TrackPointExtension>
            <ns3:hr>143</ns3:hr>
            <ns3:cad>90</ns3:cad>
          </ns3:TrackPointExtension>
        </extensions>
      </trkpt>
      <trkpt lat="34.178383983671665191650390625" lon="108.9269396848976612091064453125">
        <ele>464.20001220703125</ele>
        <time>2026-08-19T23:17:45.000Z</time>
        <extensions>
          <ns3:TrackPointExtension>
            <ns3:hr>143</ns3:hr>
            <ns3:cad>90</ns3:cad>
          </ns3:TrackPointExtension>
        </extensions>
      </trkpt>
      <trkpt lat="34.1783841513097286224365234375" lon="108.92691244371235370635986328125">
        <ele>464.20001220703125</ele>
        <time>2026-08-19T23:17:46.000Z</time>
        <extensions>
          <ns3:TrackPointExtension>
            <ns3:hr>143</ns3:hr>
            <ns3:cad>90</ns3:cad>
          </ns3:TrackPointExtension>
        </extensions>
      </trkpt>
      <trkpt lat="34.1783828102052211761474609375" lon="108.92688428051769733428955078125">
        <ele>464.20001220703125</ele>
        <time>2026-08-19T23:17:47.000Z</time>
        <extensions>
          <ns3:TrackPointExtension>
            <ns3:hr>143</ns3:hr>
            <ns3:cad>90</ns3:cad>
          </ns3:TrackPointExtension>
        </extensions>
      </trkpt>
      <trkpt lat="34.1783804632723331451416015625" lon="108.92685712315142154693603515625">
        <ele>464.20001220703125</ele>
        <time>2026-08-19T23:17:48.000Z</time>
        <extensions>
          <ns3:TrackPointExtension>
            <ns3:hr>144</ns3:hr>
            <ns3:cad>90</ns3:cad>
          </ns3:TrackPointExtension>
        </extensions>
      </trkpt>
      <trkpt lat="34.17837820015847682952880859375" lon="108.92683197744190692901611328125">
        <ele>464.20001220703125</ele>
        <time>2026-08-19T23:17:49.000Z</time>
        <extensions>
          <ns3:TrackPointExtension>
            <ns3:hr>143</ns3:hr>
            <ns3:cad>90</ns3:cad>
          </ns3:TrackPointExtension>
        </extensions>
      </trkpt>
      <trkpt lat="34.1783747635781764984130859375" lon="108.926804065704345703125">
        <ele>464.20001220703125</ele>
        <time>2026-08-19T23:17:50.000Z</time>
        <extensions>
          <ns3:TrackPointExtension>
            <ns3:hr>143</ns3:hr>
            <ns3:cad>90</ns3:cad>
          </ns3:TrackPointExtension>
        </extensions>
      </trkpt>
      <trkpt lat="34.178367890417575836181640625" lon="108.9267759025096893310546875">
        <ele>464.20001220703125</ele>
        <time>2026-08-19T23:17:51.000Z</time>
        <extensions>
          <ns3:TrackPointExtension>
            <ns3:hr>143</ns3:hr>
            <ns3:cad>90</ns3:cad>
          </ns3:TrackPointExtension>
        </extensions>
      </trkpt>
      <trkpt lat="34.17836286127567291259765625" lon="108.92674916423857212066650390625">
        <ele>464.20001220703125</ele>
        <time>2026-08-19T23:17:52.000Z</time>
        <extensions>
          <ns3:TrackPointExtension>
            <ns3:hr>143</ns3:hr>
            <ns3:cad>90</ns3:cad>
          </ns3:TrackPointExtension>
        </extensions>
      </trkpt>
      <trkpt lat="34.17835724540054798126220703125" lon="108.92671898938715457916259765625">
        <ele>464.20001220703125</ele>
        <time>2026-08-19T23:17:53.000Z</time>
        <extensions>
          <ns3:TrackPointExtension>
            <ns3:hr>142</ns3:hr>
            <ns3:cad>91</ns3:cad>
          </ns3:TrackPointExtension>
        </extensions>
      </trkpt>
      <trkpt lat="34.178356826305389404296875" lon="108.92669116146862506866455078125">
        <ele>464.20001220703125</ele>
        <time>2026-08-19T23:17:54.000Z</time>
        <extensions>
          <ns3:TrackPointExtension>
            <ns3:hr>142</ns3:hr>
            <ns3:cad>90</ns3:cad>
          </ns3:TrackPointExtension>
        </extensions>
      </trkpt>
      <trkpt lat="34.1783581674098968505859375" lon="108.926663585007190704345703125">
        <ele>464.20001220703125</ele>
        <time>2026-08-19T23:17:55.000Z</time>
        <extensions>
          <ns3:TrackPointExtension>
            <ns3:hr>142</ns3:hr>
            <ns3:cad>90</ns3:cad>
          </ns3:TrackPointExtension>
        </extensions>
      </trkpt>
      <trkpt lat="34.17836311273276805877685546875" lon="108.9266359247267246246337890625">
        <ele>464.20001220703125</ele>
        <time>2026-08-19T23:17:56.000Z</time>
        <extensions>
          <ns3:TrackPointExtension>
            <ns3:hr>142</ns3:hr>
            <ns3:cad>90</ns3:cad>
          </ns3:TrackPointExtension>
        </extensions>
      </trkpt>
      <trkpt lat="34.17836864478886127471923828125" lon="108.9266104437410831451416015625">
        <ele>464.20001220703125</ele>
        <time>2026-08-19T23:17:57.000Z</time>
        <extensions>
          <ns3:TrackPointExtension>
            <ns3:hr>143</ns3:hr>
            <ns3:cad>90</ns3:cad>
          </ns3:TrackPointExtension>
        </extensions>
      </trkpt>
      <trkpt lat="34.17837090790271759033203125" lon="108.92658211290836334228515625">
        <ele>464.20001220703125</ele>
        <time>2026-08-19T23:17:58.000Z</time>
        <extensions>
          <ns3:TrackPointExtension>
            <ns3:hr>143</ns3:hr>
            <ns3:cad>90</ns3:cad>
          </ns3:TrackPointExtension>
        </extensions>
      </trkpt>
      <trkpt lat="34.1783720813691616058349609375" lon="108.92655420117080211639404296875">
        <ele>464.20001220703125</ele>
        <time>2026-08-19T23:17:59.000Z</time>
        <extensions>
          <ns3:TrackPointExtension>
            <ns3:hr>144</ns3:hr>
            <ns3:cad>90</ns3:cad>
          </ns3:TrackPointExtension>
        </extensions>
      </trkpt>
      <trkpt lat="34.17837182991206645965576171875" lon="108.9265199191868305206298828125">
        <ele>464</ele>
        <time>2026-08-19T23:18:00.000Z</time>
        <extensions>
          <ns3:TrackPointExtension>
            <ns3:hr>144</ns3:hr>
            <ns3:cad>89</ns3:cad>
          </ns3:TrackPointExtension>
        </extensions>
      </trkpt>
      <trkpt lat="34.17837099172174930572509765625" lon="108.9264877326786518096923828125">
        <ele>464</ele>
        <time>2026-08-19T23:18:01.000Z</time>
        <extensions>
          <ns3:TrackPointExtension>
            <ns3:hr>143</ns3:hr>
            <ns3:cad>89</ns3:cad>
          </ns3:TrackPointExtension>
        </extensions>
      </trkpt>
      <trkpt lat="34.17836931534111499786376953125" lon="108.926456384360790252685546875">
        <ele>464</ele>
        <time>2026-08-19T23:18:02.000Z</time>
        <extensions>
          <ns3:TrackPointExtension>
            <ns3:hr>143</ns3:hr>
            <ns3:cad>89</ns3:cad>
          </ns3:TrackPointExtension>
        </extensions>
      </trkpt>
      <trkpt lat="34.178366549313068389892578125" lon="108.9264314062893390655517578125">
        <ele>464</ele>
        <time>2026-08-19T23:18:03.000Z</time>
        <extensions>
          <ns3:TrackPointExtension>
            <ns3:hr>143</ns3:hr>
            <ns3:cad>89</ns3:cad>
          </ns3:TrackPointExtension>
        </extensions>
      </trkpt>
      <trkpt lat="34.1783787868916988372802734375" lon="108.9264039136469364166259765625">
        <ele>464</ele>
        <time>2026-08-19T23:18:04.000Z</time>
        <extensions>
          <ns3:TrackPointExtension>
            <ns3:hr>142</ns3:hr>
            <ns3:cad>89</ns3:cad>
          </ns3:TrackPointExtension>
        </extensions>
      </trkpt>
      <trkpt lat="34.17838507331907749176025390625" lon="108.92637952230870723724365234375">
        <ele>464</ele>
        <time>2026-08-19T23:18:05.000Z</time>
        <extensions>
          <ns3:TrackPointExtension>
            <ns3:hr>142</ns3:hr>
            <ns3:cad>89</ns3:cad>
          </ns3:TrackPointExtension>
        </extensions>
      </trkpt>
      <trkpt lat="34.17839010246098041534423828125" lon="108.92635085619986057281494140625">
        <ele>464</ele>
        <time>2026-08-19T23:18:06.000Z</time>
        <extensions>
          <ns3:TrackPointExtension>
            <ns3:hr>141</ns3:hr>
            <ns3:cad>89</ns3:cad>
          </ns3:TrackPointExtension>
        </extensions>
      </trkpt>
      <trkpt lat="34.1783888451755046844482421875" lon="108.92632571049034595489501953125">
        <ele>464</ele>
        <time>2026-08-19T23:18:07.000Z</time>
        <extensions>
          <ns3:TrackPointExtension>
            <ns3:hr>141</ns3:hr>
            <ns3:cad>89</ns3:cad>
          </ns3:TrackPointExtension>
        </extensions>
      </trkpt>
      <trkpt lat="34.1783868335187435150146484375" lon="108.92629419453442096710205078125">
        <ele>464</ele>
        <time>2026-08-19T23:18:08.000Z</time>
        <extensions>
          <ns3:TrackPointExtension>
            <ns3:hr>141</ns3:hr>
            <ns3:cad>89</ns3:cad>
          </ns3:TrackPointExtension>
        </extensions>
      </trkpt>
      <trkpt lat="34.17838121764361858367919921875" lon="108.926270641386508941650390625">
        <ele>464</ele>
        <time>2026-08-19T23:18:09.000Z</time>
        <extensions>
          <ns3:TrackPointExtension>
            <ns3:hr>141</ns3:hr>
            <ns3:cad>89</ns3:cad>
          </ns3:TrackPointExtension>
        </extensions>
      </trkpt>
      <trkpt lat="34.1783764399588108062744140625" lon="108.92623920924961566925048828125">
        <ele>463.79998779296875</ele>
        <time>2026-08-19T23:18:10.000Z</time>
        <extensions>
          <ns3:TrackPointExtension>
            <ns3:hr>141</ns3:hr>
            <ns3:cad>88</ns3:cad>
          </ns3:TrackPointExtension>
        </extensions>
      </trkpt>
      <trkpt lat="34.178375266492366790771484375" lon="108.92621423117816448211669921875">
        <ele>463.79998779296875</ele>
        <time>2026-08-19T23:18:11.000Z</time>
        <extensions>
          <ns3:TrackPointExtension>
            <ns3:hr>141</ns3:hr>
            <ns3:cad>88</ns3:cad>
          </ns3:TrackPointExtension>
        </extensions>
      </trkpt>
      <trkpt lat="34.17837627232074737548828125" lon="108.92618271522223949432373046875">
        <ele>464</ele>
        <time>2026-08-19T23:18:12.000Z</time>
        <extensions>
          <ns3:TrackPointExtension>
            <ns3:hr>142</ns3:hr>
            <ns3:cad>88</ns3:cad>
          </ns3:TrackPointExtension>
        </extensions>
      </trkpt>
      <trkpt lat="34.17837635613977909088134765625" lon="108.926159329712390899658203125">
        <ele>463.79998779296875</ele>
        <time>2026-08-19T23:18:13.000Z</time>
        <extensions>
          <ns3:TrackPointExtension>
            <ns3:hr>142</ns3:hr>
            <ns3:cad>88</ns3:cad>
          </ns3:TrackPointExtension>
        </extensions>
      </trkpt>
      <trkpt lat="34.1783764399588108062744140625" lon="108.9261279813945293426513671875">
        <ele>463.79998779296875</ele>
        <time>2026-08-19T23:18:14.000Z</time>
        <extensions>
          <ns3:TrackPointExtension>
            <ns3:hr>142</ns3:hr>
            <ns3:cad>89</ns3:cad>
          </ns3:TrackPointExtension>
        </extensions>
      </trkpt>
      <trkpt lat="34.17837333865463733673095703125" lon="108.926102332770824432373046875">
        <ele>463.79998779296875</ele>
        <time>2026-08-19T23:18:15.000Z</time>
        <extensions>
          <ns3:TrackPointExtension>
            <ns3:hr>142</ns3:hr>
            <ns3:cad>89</ns3:cad>
          </ns3:TrackPointExtension>
        </extensions>
      </trkpt>
      <trkpt lat="34.17837132699787616729736328125" lon="108.926066458225250244140625">
        <ele>463.79998779296875</ele>
        <time>2026-08-19T23:18:16.000Z</time>
        <extensions>
          <ns3:TrackPointExtension>
            <ns3:hr>142</ns3:hr>
            <ns3:cad>89</ns3:cad>
          </ns3:TrackPointExtension>
        </extensions>
      </trkpt>
      <trkpt lat="34.1783683933317661285400390625" lon="108.926042653620243072509765625">
        <ele>463.79998779296875</ele>
        <time>2026-08-19T23:18:17.000Z</time>
        <extensions>
          <ns3:TrackPointExtension>
            <ns3:hr>142</ns3:hr>
            <ns3:cad>89</ns3:cad>
          </ns3:TrackPointExtension>
        </extensions>
      </trkpt>
      <trkpt lat="34.17836294509470462799072265625" lon="108.92601356841623783111572265625">
        <ele>463.79998779296875</ele>
        <time>2026-08-19T23:18:18.000Z</time>
        <extensions>
          <ns3:TrackPointExtension>
            <ns3:hr>142</ns3:hr>
            <ns3:cad>89</ns3:cad>
          </ns3:TrackPointExtension>
        </extensions>
      </trkpt>
      <trkpt lat="34.17836428619921207427978515625" lon="108.9259864948689937591552734375">
        <ele>463.79998779296875</ele>
        <time>2026-08-19T23:18:19.000Z</time>
        <extensions>
          <ns3:TrackPointExtension>
            <ns3:hr>142</ns3:hr>
            <ns3:cad>89</ns3:cad>
          </ns3:TrackPointExtension>
        </extensions>
      </trkpt>
      <trkpt lat="34.1783657111227512359619140625" lon="108.9259578287601470947265625">
        <ele>463.79998779296875</ele>
        <time>2026-08-19T23:18:20.000Z</time>
        <extensions>
          <ns3:TrackPointExtension>
            <ns3:hr>142</ns3:hr>
            <ns3:cad>89</ns3:cad>
          </ns3:TrackPointExtension>
        </extensions>
      </trkpt>
      <trkpt lat="34.17836998589336872100830078125" lon="108.92593192867934703826904296875">
        <ele>463.79998779296875</ele>
        <time>2026-08-19T23:18:21.000Z</time>
        <extensions>
          <ns3:TrackPointExtension>
            <ns3:hr>142</ns3:hr>
            <ns3:cad>89</ns3:cad>
          </ns3:TrackPointExtension>
        </extensions>
      </trkpt>
      <trkpt lat="34.1783700697124004364013671875" lon="108.925903849303722381591796875">
        <ele>463.79998779296875</ele>
        <time>2026-08-19T23:18:22.000Z</time>
        <extensions>
          <ns3:TrackPointExtension>
            <ns3:hr>142</ns3:hr>
            <ns3:cad>89</ns3:cad>
          </ns3:TrackPointExtension>
        </extensions>
      </trkpt>
      <trkpt lat="34.17837568558752536773681640625" lon="108.92587543465197086334228515625">
        <ele>463.79998779296875</ele>
        <time>2026-08-19T23:18:23.000Z</time>
        <extensions>
          <ns3:TrackPointExtension>
            <ns3:hr>142</ns3:hr>
            <ns3:cad>88</ns3:cad>
          </ns3:TrackPointExtension>
        </extensions>
      </trkpt>
      <trkpt lat="34.178371913731098175048828125" lon="108.92584676854312419891357421875">
        <ele>463.79998779296875</ele>
        <time>2026-08-19T23:18:24.000Z</time>
        <extensions>
          <ns3:TrackPointExtension>
            <ns3:hr>142</ns3:hr>
            <ns3:cad>88</ns3:cad>
          </ns3:TrackPointExtension>
        </extensions>
      </trkpt>
      <trkpt lat="34.17835992760956287384033203125" lon="108.92582145519554615020751953125">
        <ele>463.79998779296875</ele>
        <time>2026-08-19T23:18:25.000Z</time>
        <extensions>
          <ns3:TrackPointExtension>
            <ns3:hr>143</ns3:hr>
            <ns3:cad>88</ns3:cad>
          </ns3:TrackPointExtension>
        </extensions>
      </trkpt>
      <trkpt lat="34.17834014631807804107666015625" lon="108.92581240274012088775634765625">
        <ele>463.79998779296875</ele>
        <time>2026-08-19T23:18:26.000Z</time>
        <extensions>
          <ns3:TrackPointExtension>
            <ns3:hr>142</ns3:hr>
            <ns3:cad>88</ns3:cad>
          </ns3:TrackPointExtension>
        </extensions>
      </trkpt>
      <trkpt lat="34.1783179342746734619140625" lon="108.92581474967300891876220703125">
        <ele>463.79998779296875</ele>
        <time>2026-08-19T23:18:27.000Z</time>
        <extensions>
          <ns3:TrackPointExtension>
            <ns3:hr>142</ns3:hr>
            <ns3:cad>89</ns3:cad>
          </ns3:TrackPointExtension>
        </extensions>
      </trkpt>
      <trkpt lat="34.17830779217183589935302734375" lon="108.92583369277417659759521484375">
        <ele>463.79998779296875</ele>
        <time>2026-08-19T23:18:28.000Z</time>
        <extensions>
          <ns3:TrackPointExtension>
            <ns3:hr>142</ns3:hr>
            <ns3:cad>89</ns3:cad>
          </ns3:TrackPointExtension>
        </extensions>
      </trkpt>
      <trkpt lat="34.17829941026866436004638671875" lon="108.925869651138782501220703125">
        <ele>463.79998779296875</ele>
        <time>2026-08-19T23:18:29.000Z</time>
        <extensions>
          <ns3:TrackPointExtension>
            <ns3:hr>142</ns3:hr>
            <ns3:cad>89</ns3:cad>
          </ns3:TrackPointExtension>
        </extensions>
      </trkpt>
      <trkpt lat="34.17830259539186954498291015625" lon="108.92589421011507511138916015625">
        <ele>463.79998779296875</ele>
        <time>2026-08-19T23:18:30.000Z</time>
        <extensions>
          <ns3:TrackPointExtension>
            <ns3:hr>142</ns3:hr>
            <ns3:cad>88</ns3:cad>
          </ns3:TrackPointExtension>
        </extensions>
      </trkpt>
      <trkpt lat="34.17830678634345531463623046875" lon="108.92592572607100009918212890625">
        <ele>463.79998779296875</ele>
        <time>2026-08-19T23:18:31.000Z</time>
        <extensions>
          <ns3:TrackPointExtension>
            <ns3:hr>142</ns3:hr>
            <ns3:cad>88</ns3:cad>
          </ns3:TrackPointExtension>
        </extensions>
      </trkpt>
      <trkpt lat="34.178314246237277984619140625" lon="108.92594777047634124755859375">
        <ele>463.79998779296875</ele>
        <time>2026-08-19T23:18:32.000Z</time>
        <extensions>
          <ns3:TrackPointExtension>
            <ns3:hr>142</ns3:hr>
            <ns3:cad>88</ns3:cad>
          </ns3:TrackPointExtension>
        </extensions>
      </trkpt>
      <trkpt lat="34.1783164255321025848388671875" lon="108.92597920261323451995849609375">
        <ele>463.79998779296875</ele>
        <time>2026-08-19T23:18:33.000Z</time>
        <extensions>
          <ns3:TrackPointExtension>
            <ns3:hr>141</ns3:hr>
            <ns3:cad>88</ns3:cad>
          </ns3:TrackPointExtension>
        </extensions>
      </trkpt>
      <trkpt lat="34.17831986211240291595458984375" lon="108.92600049264729022979736328125">
        <ele>463.79998779296875</ele>
        <time>2026-08-19T23:18:34.000Z</time>
        <extensions>
          <ns3:TrackPointExtension>
            <ns3:hr>141</ns3:hr>
            <ns3:cad>89</ns3:cad>
          </ns3:TrackPointExtension>
        </extensions>
      </trkpt>
      <trkpt lat="34.178322292864322662353515625" lon="108.926031254231929779052734375">
        <ele>463.79998779296875</ele>
        <time>2026-08-19T23:18:35.000Z</time>
        <extensions>
          <ns3:TrackPointExtension>
            <ns3:hr>141</ns3:hr>
            <ns3:cad>89</ns3:cad>
          </ns3:TrackPointExtension>
        </extensions>
      </trkpt>
      <trkpt lat="34.17832120321691036224365234375" lon="108.926053382456302642822265625">
        <ele>463.79998779296875</ele>
        <time>2026-08-19T23:18:36.000Z</time>
        <extensions>
          <ns3:TrackPointExtension>
            <ns3:hr>141</ns3:hr>
            <ns3:cad>89</ns3:cad>
          </ns3:TrackPointExtension>
        </extensions>
      </trkpt>
      <trkpt lat="34.17832120321691036224365234375" lon="108.9260820485651493072509765625">
        <ele>463.79998779296875</ele>
        <time>2026-08-19T23:18:37.000Z</time>
        <extensions>
          <ns3:TrackPointExtension>
            <ns3:hr>142</ns3:hr>
            <ns3:cad>89</ns3:cad>
          </ns3:TrackPointExtension>
        </extensions>
      </trkpt>
      <trkpt lat="34.178319275379180908203125" lon="108.9261102117598056793212890625">
        <ele>463.79998779296875</ele>
        <time>2026-08-19T23:18:38.000Z</time>
        <extensions>
          <ns3:TrackPointExtension>
            <ns3:hr>141</ns3:hr>
            <ns3:cad>89</ns3:cad>
          </ns3:TrackPointExtension>
        </extensions>
      </trkpt>
      <trkpt lat="34.17832086794078350067138671875" lon="108.92613946460187435150146484375">
        <ele>463.79998779296875</ele>
        <time>2026-08-19T23:18:39.000Z</time>
        <extensions>
          <ns3:TrackPointExtension>
            <ns3:hr>141</ns3:hr>
            <ns3:cad>89</ns3:cad>
          </ns3:TrackPointExtension>
        </extensions>
      </trkpt>
      <trkpt lat="34.17832489125430583953857421875" lon="108.92616159282624721527099609375">
        <ele>464</ele>
        <time>2026-08-19T23:18:40.000Z</time>
        <extensions>
          <ns3:TrackPointExtension>
            <ns3:hr>141</ns3:hr>
            <ns3:cad>90</ns3:cad>
          </ns3:TrackPointExtension>
        </extensions>
      </trkpt>
      <trkpt lat="34.17833159677684307098388671875" lon="108.9261933602392673492431640625">
        <ele>464</ele>
        <time>2026-08-19T23:18:41.000Z</time>
        <extensions>
          <ns3:TrackPointExtension>
            <ns3:hr>142</ns3:hr>
            <ns3:cad>90</ns3:cad>
          </ns3:TrackPointExtension>
        </extensions>
      </trkpt>
      <trkpt lat="34.1783420741558074951171875" lon="108.92621406354010105133056640625">
        <ele>463.79998779296875</ele>
        <time>2026-08-19T23:18:42.000Z</time>
        <extensions>
          <ns3:TrackPointExtension>
            <ns3:hr>141</ns3:hr>
            <ns3:cad>90</ns3:cad>
          </ns3:TrackPointExtension>
        </extensions>
      </trkpt>
      <trkpt lat="34.17834618128836154937744140625" lon="108.9262459985911846160888671875">
        <ele>463.79998779296875</ele>
        <time>2026-08-19T23:18:43.000Z</time>
        <extensions>
          <ns3:TrackPointExtension>
            <ns3:hr>141</ns3:hr>
            <ns3:cad>89</ns3:cad>
          </ns3:TrackPointExtension>
        </extensions>
      </trkpt>
      <trkpt lat="34.178349114954471588134765625" lon="108.9262671209871768951416015625">
        <ele>463.79998779296875</ele>
        <time>2026-08-19T23:18:44.000Z</time>
        <extensions>
          <ns3:TrackPointExtension>
            <ns3:hr>141</ns3:hr>
            <ns3:cad>90</ns3:cad>
          </ns3:TrackPointExtension>
        </extensions>
      </trkpt>
      <trkpt lat="34.1783486120402812957763671875" lon="108.9262969605624675750732421875">
        <ele>463.79998779296875</ele>
        <time>2026-08-19T23:18:45.000Z</time>
        <extensions>
          <ns3:TrackPointExtension>
            <ns3:hr>142</ns3:hr>
            <ns3:cad>90</ns3:cad>
          </ns3:TrackPointExtension>
        </extensions>
      </trkpt>
      <trkpt lat="34.178352467715740203857421875" lon="108.92631934024393558502197265625">
        <ele>463.79998779296875</ele>
        <time>2026-08-19T23:18:46.000Z</time>
        <extensions>
          <ns3:TrackPointExtension>
            <ns3:hr>141</ns3:hr>
            <ns3:cad>90</ns3:cad>
          </ns3:TrackPointExtension>
        </extensions>
      </trkpt>
      <trkpt lat="34.178349114954471588134765625" lon="108.92634741961956024169921875">
        <ele>464</ele>
        <time>2026-08-19T23:18:47.000Z</time>
        <extensions>
          <ns3:TrackPointExtension>
            <ns3:hr>141</ns3:hr>
            <ns3:cad>90</ns3:cad>
          </ns3:TrackPointExtension>
        </extensions>
      </trkpt>
      <trkpt lat="34.17834517545998096466064453125" lon="108.9263700507581233978271484375">
        <ele>464</ele>
        <time>2026-08-19T23:18:48.000Z</time>
        <extensions>
          <ns3:TrackPointExtension>
            <ns3:hr>141</ns3:hr>
            <ns3:cad>89</ns3:cad>
          </ns3:TrackPointExtension>
        </extensions>
      </trkpt>
      <trkpt lat="34.178341068327426910400390625" lon="108.9263968728482723236083984375">
        <ele>464</ele>
        <time>2026-08-19T23:18:49.000Z</time>
        <extensions>
          <ns3:TrackPointExtension>
            <ns3:hr>141</ns3:hr>
            <ns3:cad>89</ns3:cad>
          </ns3:TrackPointExtension>
        </extensions>
      </trkpt>
      <trkpt lat="34.178345091640949249267578125" lon="108.92641757614910602569580078125">
        <ele>464</ele>
        <time>2026-08-19T23:18:50.000Z</time>
        <extensions>
          <ns3:TrackPointExtension>
            <ns3:hr>141</ns3:hr>
            <ns3:cad>89</ns3:cad>
          </ns3:TrackPointExtension>
        </extensions>
      </trkpt>
      <trkpt lat="34.17834274470806121826171875" lon="108.92644775100052356719970703125">
        <ele>464</ele>
        <time>2026-08-19T23:18:51.000Z</time>
        <extensions>
          <ns3:TrackPointExtension>
            <ns3:hr>141</ns3:hr>
            <ns3:cad>89</ns3:cad>
          </ns3:TrackPointExtension>
        </extensions>
      </trkpt>
      <trkpt lat="34.1783486120402812957763671875" lon="108.9264713041484355926513671875">
        <ele>464</ele>
        <time>2026-08-19T23:18:52.000Z</time>
        <extensions>
          <ns3:TrackPointExtension>
            <ns3:hr>142</ns3:hr>
            <ns3:cad>89</ns3:cad>
          </ns3:TrackPointExtension>
        </extensions>
      </trkpt>
      <trkpt lat="34.17834785766899585723876953125" lon="108.92650357447564601898193359375">
        <ele>464</ele>
        <time>2026-08-19T23:18:53.000Z</time>
        <extensions>
          <ns3:TrackPointExtension>
            <ns3:hr>142</ns3:hr>
            <ns3:cad>89</ns3:cad>
          </ns3:TrackPointExtension>
        </extensions>
      </trkpt>
      <trkpt lat="34.17834769003093242645263671875" lon="108.92652620561420917510986328125">
        <ele>464</ele>
        <time>2026-08-19T23:18:54.000Z</time>
        <extensions>
          <ns3:TrackPointExtension>
            <ns3:hr>142</ns3:hr>
            <ns3:cad>88</ns3:cad>
          </ns3:TrackPointExtension>
        </extensions>
      </trkpt>
      <trkpt lat="34.1783479414880275726318359375" lon="108.9265584759414196014404296875">
        <ele>464</ele>
        <time>2026-08-19T23:18:55.000Z</time>
        <extensions>
          <ns3:TrackPointExtension>
            <ns3:hr>142</ns3:hr>
            <ns3:cad>88</ns3:cad>
          </ns3:TrackPointExtension>
        </extensions>
      </trkpt>
      <trkpt lat="34.17834986932575702667236328125" lon="108.92657901160418987274169921875">
        <ele>464.20001220703125</ele>
        <time>2026-08-19T23:18:56.000Z</time>
        <extensions>
          <ns3:TrackPointExtension>
            <ns3:hr>142</ns3:hr>
            <ns3:cad>88</ns3:cad>
          </ns3:TrackPointExtension>
        </extensions>
      </trkpt>
      <trkpt lat="34.17834676802158355712890625" lon="108.92661027610301971435546875">
        <ele>464.20001220703125</ele>
        <time>2026-08-19T23:18:57.000Z</time>
        <extensions>
          <ns3:TrackPointExtension>
            <ns3:hr>143</ns3:hr>
            <ns3:cad>89</ns3:cad>
          </ns3:TrackPointExtension>
        </extensions>
      </trkpt>
      <trkpt lat="34.1783466003835201263427734375" lon="108.92663014121353626251220703125">
        <ele>464.20001220703125</ele>
        <time>2026-08-19T23:18:58.000Z</time>
        <extensions>
          <ns3:TrackPointExtension>
            <ns3:hr>143</ns3:hr>
            <ns3:cad>89</ns3:cad>
          </ns3:TrackPointExtension>
        </extensions>
      </trkpt>
      <trkpt lat="34.17834517545998096466064453125" lon="108.9266603998839855194091796875">
        <ele>464.20001220703125</ele>
        <time>2026-08-19T23:18:59.000Z</time>
        <extensions>
          <ns3:TrackPointExtension>
            <ns3:hr>143</ns3:hr>
            <ns3:cad>89</ns3:cad>
          </ns3:TrackPointExtension>
        </extensions>
      </trkpt>
      <trkpt lat="34.17834718711674213409423828125" lon="108.92668227665126323699951171875">
        <ele>464.20001220703125</ele>
        <time>2026-08-19T23:19:00.000Z</time>
        <extensions>
          <ns3:TrackPointExtension>
            <ns3:hr>143</ns3:hr>
            <ns3:cad>89</ns3:cad>
          </ns3:TrackPointExtension>
        </extensions>
      </trkpt>
      <trkpt lat="34.17834810912609100341796875" lon="108.9267116971313953399658203125">
        <ele>464.20001220703125</ele>
        <time>2026-08-19T23:19:01.000Z</time>
        <extensions>
          <ns3:TrackPointExtension>
            <ns3:hr>143</ns3:hr>
            <ns3:cad>89</ns3:cad>
          </ns3:TrackPointExtension>
        </extensions>
      </trkpt>
      <trkpt lat="34.17835137806832790374755859375" lon="108.9267358370125293731689453125">
        <ele>464.20001220703125</ele>
        <time>2026-08-19T23:19:02.000Z</time>
        <extensions>
          <ns3:TrackPointExtension>
            <ns3:hr>143</ns3:hr>
            <ns3:cad>89</ns3:cad>
          </ns3:TrackPointExtension>
        </extensions>
      </trkpt>
      <trkpt lat="34.178350456058979034423828125" lon="108.92676492221653461456298828125">
        <ele>464.20001220703125</ele>
        <time>2026-08-19T23:19:03.000Z</time>
        <extensions>
          <ns3:TrackPointExtension>
            <ns3:hr>143</ns3:hr>
            <ns3:cad>89</ns3:cad>
          </ns3:TrackPointExtension>
        </extensions>
      </trkpt>
      <trkpt lat="34.178351461887359619140625" lon="108.926786296069622039794921875">
        <ele>464.20001220703125</ele>
        <time>2026-08-19T23:19:04.000Z</time>
        <extensions>
          <ns3:TrackPointExtension>
            <ns3:hr>143</ns3:hr>
            <ns3:cad>89</ns3:cad>
          </ns3:TrackPointExtension>
        </extensions>
      </trkpt>
      <trkpt lat="34.1783487796783447265625" lon="108.92681823112070560455322265625">
        <ele>464.20001220703125</ele>
        <time>2026-08-19T23:19:05.000Z</time>
        <extensions>
          <ns3:TrackPointExtension>
            <ns3:hr>143</ns3:hr>
            <ns3:cad>89</ns3:cad>
          </ns3:TrackPointExtension>
        </extensions>
      </trkpt>
      <trkpt lat="34.17835271917283535003662109375" lon="108.92684228718280792236328125">
        <ele>464.20001220703125</ele>
        <time>2026-08-19T23:19:06.000Z</time>
        <extensions>
          <ns3:TrackPointExtension>
            <ns3:hr>143</ns3:hr>
            <ns3:cad>89</ns3:cad>
          </ns3:TrackPointExtension>
        </extensions>
      </trkpt>
      <trkpt lat="34.17835481464862823486328125" lon="108.926872126758098602294921875">
        <ele>464.20001220703125</ele>
        <time>2026-08-19T23:19:07.000Z</time>
        <extensions>
          <ns3:TrackPointExtension>
            <ns3:hr>143</ns3:hr>
            <ns3:cad>89</ns3:cad>
          </ns3:TrackPointExtension>
        </extensions>
      </trkpt>
      <trkpt lat="34.17835791595280170440673828125" lon="108.92689450643956661224365234375">
        <ele>464.399993896484375</ele>
        <time>2026-08-19T23:19:08.000Z</time>
        <extensions>
          <ns3:TrackPointExtension>
            <ns3:hr>144</ns3:hr>
            <ns3:cad>89</ns3:cad>
          </ns3:TrackPointExtension>
        </extensions>
      </trkpt>
      <trkpt lat="34.17836126871407032012939453125" lon="108.92692401073873043060302734375">
        <ele>464.399993896484375</ele>
        <time>2026-08-19T23:19:09.000Z</time>
        <extensions>
          <ns3:TrackPointExtension>
            <ns3:hr>143</ns3:hr>
            <ns3:cad>88</ns3:cad>
          </ns3:TrackPointExtension>
        </extensions>
      </trkpt>
      <trkpt lat="34.178364537656307220458984375" lon="108.9269453845918178558349609375">
        <ele>464.399993896484375</ele>
        <time>2026-08-19T23:19:10.000Z</time>
        <extensions>
          <ns3:TrackPointExtension>
            <ns3:hr>143</ns3:hr>
            <ns3:cad>88</ns3:cad>
          </ns3:TrackPointExtension>
        </extensions>
      </trkpt>
      <trkpt lat="34.178362190723419189453125" lon="108.926974721252918243408203125">
        <ele>464.399993896484375</ele>
        <time>2026-08-19T23:19:11.000Z</time>
        <extensions>
          <ns3:TrackPointExtension>
            <ns3:hr>144</ns3:hr>
            <ns3:cad>88</ns3:cad>
          </ns3:TrackPointExtension>
        </extensions>
      </trkpt>
      <trkpt lat="34.17836328037083148956298828125" lon="108.92699911259114742279052734375">
        <ele>464.399993896484375</ele>
        <time>2026-08-19T23:19:12.000Z</time>
        <extensions>
          <ns3:TrackPointExtension>
            <ns3:hr>143</ns3:hr>
            <ns3:cad>88</ns3:cad>
          </ns3:TrackPointExtension>
        </extensions>
      </trkpt>
      <trkpt lat="34.1783663816750049591064453125" lon="108.9270253479480743408203125">
        <ele>464.399993896484375</ele>
        <time>2026-08-19T23:19:13.000Z</time>
        <extensions>
          <ns3:TrackPointExtension>
            <ns3:hr>143</ns3:hr>
            <ns3:cad>89</ns3:cad>
          </ns3:TrackPointExtension>
        </extensions>
      </trkpt>
      <trkpt lat="34.1783702373504638671875" lon="108.92704571597278118133544921875">
        <ele>464.20001220703125</ele>
        <time>2026-08-19T23:19:14.000Z</time>
        <extensions>
          <ns3:TrackPointExtension>
            <ns3:hr>143</ns3:hr>
            <ns3:cad>89</ns3:cad>
          </ns3:TrackPointExtension>
        </extensions>
      </trkpt>
      <trkpt lat="34.17837635613977909088134765625" lon="108.927077315747737884521484375">
        <ele>464.20001220703125</ele>
        <time>2026-08-19T23:19:15.000Z</time>
        <extensions>
          <ns3:TrackPointExtension>
            <ns3:hr>144</ns3:hr>
            <ns3:cad>89</ns3:cad>
          </ns3:TrackPointExtension>
        </extensions>
      </trkpt>
      <trkpt lat="34.178377278149127960205078125" lon="108.9271012879908084869384765625">
        <ele>464.399993896484375</ele>
        <time>2026-08-19T23:19:16.000Z</time>
        <extensions>
          <ns3:TrackPointExtension>
            <ns3:hr>143</ns3:hr>
            <ns3:cad>89</ns3:cad>
          </ns3:TrackPointExtension>
        </extensions>
      </trkpt>
      <trkpt lat="34.1783784516155719757080078125" lon="108.92712903209030628204345703125">
        <ele>464.399993896484375</ele>
        <time>2026-08-19T23:19:17.000Z</time>
        <extensions>
          <ns3:TrackPointExtension>
            <ns3:hr>143</ns3:hr>
            <ns3:cad>89</ns3:cad>
          </ns3:TrackPointExtension>
        </extensions>
      </trkpt>
      <trkpt lat="34.17837836779654026031494140625" lon="108.92715434543788433074951171875">
        <ele>464.399993896484375</ele>
        <time>2026-08-19T23:19:18.000Z</time>
        <extensions>
          <ns3:TrackPointExtension>
            <ns3:hr>143</ns3:hr>
            <ns3:cad>90</ns3:cad>
          </ns3:TrackPointExtension>
        </extensions>
      </trkpt>
      <trkpt lat="34.17837535031139850616455078125" lon="108.92718519084155559539794921875">
        <ele>464.600006103515625</ele>
        <time>2026-08-19T23:19:19.000Z</time>
        <extensions>
          <ns3:TrackPointExtension>
            <ns3:hr>143</ns3:hr>
            <ns3:cad>90</ns3:cad>
          </ns3:TrackPointExtension>
        </extensions>
      </trkpt>
      <trkpt lat="34.1783715784549713134765625" lon="108.92720715142786502838134765625">
        <ele>464.600006103515625</ele>
        <time>2026-08-19T23:19:20.000Z</time>
        <extensions>
          <ns3:TrackPointExtension>
            <ns3:hr>144</ns3:hr>
            <ns3:cad>90</ns3:cad>
          </ns3:TrackPointExtension>
        </extensions>
      </trkpt>
      <trkpt lat="34.17837132699787616729736328125" lon="108.92723464407026767730712890625">
        <ele>464.79998779296875</ele>
        <time>2026-08-19T23:19:21.000Z</time>
        <extensions>
          <ns3:TrackPointExtension>
            <ns3:hr>143</ns3:hr>
            <ns3:cad>90</ns3:cad>
          </ns3:TrackPointExtension>
        </extensions>
      </trkpt>
      <trkpt lat="34.17836914770305156707763671875" lon="108.92725937068462371826171875">
        <ele>464.79998779296875</ele>
        <time>2026-08-19T23:19:22.000Z</time>
        <extensions>
          <ns3:TrackPointExtension>
            <ns3:hr>143</ns3:hr>
            <ns3:cad>90</ns3:cad>
          </ns3:TrackPointExtension>
        </extensions>
      </trkpt>
      <trkpt lat="34.17836294509470462799072265625" lon="108.92729147337377071380615234375">
        <ele>464.79998779296875</ele>
        <time>2026-08-19T23:19:23.000Z</time>
        <extensions>
          <ns3:TrackPointExtension>
            <ns3:hr>143</ns3:hr>
            <ns3:cad>90</ns3:cad>
          </ns3:TrackPointExtension>
        </extensions>
      </trkpt>
      <trkpt lat="34.17836260981857776641845703125" lon="108.92731703817844390869140625">
        <ele>465</ele>
        <time>2026-08-19T23:19:24.000Z</time>
        <extensions>
          <ns3:TrackPointExtension>
            <ns3:hr>143</ns3:hr>
            <ns3:cad>90</ns3:cad>
          </ns3:TrackPointExtension>
        </extensions>
      </trkpt>
      <trkpt lat="34.17836110107600688934326171875" lon="108.92734654247760772705078125">
        <ele>465</ele>
        <time>2026-08-19T23:19:25.000Z</time>
        <extensions>
          <ns3:TrackPointExtension>
            <ns3:hr>143</ns3:hr>
            <ns3:cad>90</ns3:cad>
          </ns3:TrackPointExtension>
        </extensions>
      </trkpt>
      <trkpt lat="34.178359508514404296875" lon="108.92736774869263172149658203125">
        <ele>465</ele>
        <time>2026-08-19T23:19:26.000Z</time>
        <extensions>
          <ns3:TrackPointExtension>
            <ns3:hr>143</ns3:hr>
            <ns3:cad>90</ns3:cad>
          </ns3:TrackPointExtension>
        </extensions>
      </trkpt>
      <trkpt lat="34.17835883796215057373046875" lon="108.92739490605890750885009765625">
        <ele>465</ele>
        <time>2026-08-19T23:19:27.000Z</time>
        <extensions>
          <ns3:TrackPointExtension>
            <ns3:hr>143</ns3:hr>
            <ns3:cad>89</ns3:cad>
          </ns3:TrackPointExtension>
        </extensions>
      </trkpt>
      <trkpt lat="34.17836059816181659698486328125" lon="108.92741887830197811126708984375">
        <ele>465.20001220703125</ele>
        <time>2026-08-19T23:19:28.000Z</time>
        <extensions>
          <ns3:TrackPointExtension>
            <ns3:hr>143</ns3:hr>
            <ns3:cad>89</ns3:cad>
          </ns3:TrackPointExtension>
        </extensions>
      </trkpt>
      <trkpt lat="34.17836043052375316619873046875" lon="108.92744787968695163726806640625">
        <ele>465.20001220703125</ele>
        <time>2026-08-19T23:19:29.000Z</time>
        <extensions>
          <ns3:TrackPointExtension>
            <ns3:hr>143</ns3:hr>
            <ns3:cad>89</ns3:cad>
          </ns3:TrackPointExtension>
        </extensions>
      </trkpt>
      <trkpt lat="34.17836210690438747406005859375" lon="108.92747168429195880889892578125">
        <ele>465.20001220703125</ele>
        <time>2026-08-19T23:19:30.000Z</time>
        <extensions>
          <ns3:TrackPointExtension>
            <ns3:hr>143</ns3:hr>
            <ns3:cad>89</ns3:cad>
          </ns3:TrackPointExtension>
        </extensions>
      </trkpt>
      <trkpt lat="34.1783667169511318206787109375" lon="108.9274999313056468963623046875">
        <ele>465.399993896484375</ele>
        <time>2026-08-19T23:19:31.000Z</time>
        <extensions>
          <ns3:TrackPointExtension>
            <ns3:hr>144</ns3:hr>
            <ns3:cad>89</ns3:cad>
          </ns3:TrackPointExtension>
        </extensions>
      </trkpt>
      <trkpt lat="34.17837199755012989044189453125" lon="108.9275247417390346527099609375">
        <ele>465.399993896484375</ele>
        <time>2026-08-19T23:19:32.000Z</time>
        <extensions>
          <ns3:TrackPointExtension>
            <ns3:hr>144</ns3:hr>
            <ns3:cad>89</ns3:cad>
          </ns3:TrackPointExtension>
        </extensions>
      </trkpt>
      <trkpt lat="34.1783761046826839447021484375" lon="108.92755449749529361724853515625">
        <ele>465.399993896484375</ele>
        <time>2026-08-19T23:19:33.000Z</time>
        <extensions>
          <ns3:TrackPointExtension>
            <ns3:hr>144</ns3:hr>
            <ns3:cad>89</ns3:cad>
          </ns3:TrackPointExtension>
        </extensions>
      </trkpt>
      <trkpt lat="34.178382642567157745361328125" lon="108.927581571042537689208984375">
        <ele>465.600006103515625</ele>
        <time>2026-08-19T23:19:34.000Z</time>
        <extensions>
          <ns3:TrackPointExtension>
            <ns3:hr>144</ns3:hr>
            <ns3:cad>89</ns3:cad>
          </ns3:TrackPointExtension>
        </extensions>
      </trkpt>
      <trkpt lat="34.1783868335187435150146484375" lon="108.92760981805622577667236328125">
        <ele>465.600006103515625</ele>
        <time>2026-08-19T23:19:35.000Z</time>
        <extensions>
          <ns3:TrackPointExtension>
            <ns3:hr>144</ns3:hr>
            <ns3:cad>90</ns3:cad>
          </ns3:TrackPointExtension>
        </extensions>
      </trkpt>
      <trkpt lat="34.1783881746232509613037109375" lon="108.9276333712041378021240234375">
        <ele>465.600006103515625</ele>
        <time>2026-08-19T23:19:36.000Z</time>
        <extensions>
          <ns3:TrackPointExtension>
            <ns3:hr>144</ns3:hr>
            <ns3:cad>90</ns3:cad>
          </ns3:TrackPointExtension>
        </extensions>
      </trkpt>
      <trkpt lat="34.17838674969971179962158203125" lon="108.92766078002750873565673828125">
        <ele>465.79998779296875</ele>
        <time>2026-08-19T23:19:37.000Z</time>
        <extensions>
          <ns3:TrackPointExtension>
            <ns3:hr>144</ns3:hr>
            <ns3:cad>90</ns3:cad>
          </ns3:TrackPointExtension>
        </extensions>
      </trkpt>
      <trkpt lat="34.17838507331907749176025390625" lon="108.9276851713657379150390625">
        <ele>465.79998779296875</ele>
        <time>2026-08-19T23:19:38.000Z</time>
        <extensions>
          <ns3:TrackPointExtension>
            <ns3:hr>144</ns3:hr>
            <ns3:cad>91</ns3:cad>
          </ns3:TrackPointExtension>
        </extensions>
      </trkpt>
      <trkpt lat="34.17838658206164836883544921875" lon="108.9277131669223308563232421875">
        <ele>465.79998779296875</ele>
        <time>2026-08-19T23:19:39.000Z</time>
        <extensions>
          <ns3:TrackPointExtension>
            <ns3:hr>144</ns3:hr>
            <ns3:cad>92</ns3:cad>
          </ns3:TrackPointExtension>
        </extensions>
      </trkpt>
      <trkpt lat="34.1783878393471240997314453125" lon="108.92773487605154514312744140625">
        <ele>465.79998779296875</ele>
        <time>2026-08-19T23:19:40.000Z</time>
        <extensions>
          <ns3:TrackPointExtension>
            <ns3:hr>145</ns3:hr>
            <ns3:cad>90</ns3:cad>
          </ns3:TrackPointExtension>
        </extensions>
      </trkpt>
      <trkpt lat="34.17838633060455322265625" lon="108.92776370979845523834228515625">
        <ele>465.79998779296875</ele>
        <time>2026-08-19T23:19:41.000Z</time>
        <extensions>
          <ns3:TrackPointExtension>
            <ns3:hr>145</ns3:hr>
            <ns3:cad>90</ns3:cad>
          </ns3:TrackPointExtension>
        </extensions>
      </trkpt>
      <trkpt lat="34.1783901862800121307373046875" lon="108.9277844130992889404296875">
        <ele>466</ele>
        <time>2026-08-19T23:19:42.000Z</time>
        <extensions>
          <ns3:TrackPointExtension>
            <ns3:hr>145</ns3:hr>
            <ns3:cad>90</ns3:cad>
          </ns3:TrackPointExtension>
        </extensions>
      </trkpt>
      <trkpt lat="34.17839110828936100006103515625" lon="108.92781182192265987396240234375">
        <ele>466</ele>
        <time>2026-08-19T23:19:43.000Z</time>
        <extensions>
          <ns3:TrackPointExtension>
            <ns3:hr>145</ns3:hr>
            <ns3:cad>90</ns3:cad>
          </ns3:TrackPointExtension>
        </extensions>
      </trkpt>
      <trkpt lat="34.1783930361270904541015625" lon="108.92783462069928646087646484375">
        <ele>466.20001220703125</ele>
        <time>2026-08-19T23:19:44.000Z</time>
        <extensions>
          <ns3:TrackPointExtension>
            <ns3:hr>145</ns3:hr>
            <ns3:cad>90</ns3:cad>
          </ns3:TrackPointExtension>
        </extensions>
      </trkpt>
      <trkpt lat="34.17839781381189823150634765625" lon="108.927863202989101409912109375">
        <ele>466.20001220703125</ele>
        <time>2026-08-19T23:19:45.000Z</time>
        <extensions>
          <ns3:TrackPointExtension>
            <ns3:hr>145</ns3:hr>
            <ns3:cad>89</ns3:cad>
          </ns3:TrackPointExtension>
        </extensions>
      </trkpt>
      <trkpt lat="34.178398735821247100830078125" lon="108.9278876781463623046875">
        <ele>466.20001220703125</ele>
        <time>2026-08-19T23:19:46.000Z</time>
        <extensions>
          <ns3:TrackPointExtension>
            <ns3:hr>146</ns3:hr>
            <ns3:cad>89</ns3:cad>
          </ns3:TrackPointExtension>
        </extensions>
      </trkpt>
      <trkpt lat="34.17839781381189823150634765625" lon="108.92791810445487499237060546875">
        <ele>466.20001220703125</ele>
        <time>2026-08-19T23:19:47.000Z</time>
        <extensions>
          <ns3:TrackPointExtension>
            <ns3:hr>146</ns3:hr>
            <ns3:cad>89</ns3:cad>
          </ns3:TrackPointExtension>
        </extensions>
      </trkpt>
      <trkpt lat="34.178397394716739654541015625" lon="108.92793989740312099456787109375">
        <ele>466.20001220703125</ele>
        <time>2026-08-19T23:19:48.000Z</time>
        <extensions>
          <ns3:TrackPointExtension>
            <ns3:hr>146</ns3:hr>
            <ns3:cad>89</ns3:cad>
          </ns3:TrackPointExtension>
        </extensions>
      </trkpt>
      <trkpt lat="34.17839630506932735443115234375" lon="108.927966468036174774169921875">
        <ele>466.20001220703125</ele>
        <time>2026-08-19T23:19:49.000Z</time>
        <extensions>
          <ns3:TrackPointExtension>
            <ns3:hr>147</ns3:hr>
            <ns3:cad>89</ns3:cad>
          </ns3:TrackPointExtension>
        </extensions>
      </trkpt>
      <trkpt lat="34.178390689194202423095703125" lon="108.927993290126323699951171875">
        <ele>466.20001220703125</ele>
        <time>2026-08-19T23:19:50.000Z</time>
        <extensions>
          <ns3:TrackPointExtension>
            <ns3:hr>147</ns3:hr>
            <ns3:cad>89</ns3:cad>
          </ns3:TrackPointExtension>
        </extensions>
      </trkpt>
      <trkpt lat="34.17838725261390209197998046875" lon="108.92802178859710693359375">
        <ele>466.20001220703125</ele>
        <time>2026-08-19T23:19:51.000Z</time>
        <extensions>
          <ns3:TrackPointExtension>
            <ns3:hr>147</ns3:hr>
            <ns3:cad>90</ns3:cad>
          </ns3:TrackPointExtension>
        </extensions>
      </trkpt>
      <trkpt lat="34.17837652377784252166748046875" lon="108.9280447550117969512939453125">
        <ele>466.20001220703125</ele>
        <time>2026-08-19T23:19:52.000Z</time>
        <extensions>
          <ns3:TrackPointExtension>
            <ns3:hr>147</ns3:hr>
            <ns3:cad>90</ns3:cad>
          </ns3:TrackPointExtension>
        </extensions>
      </trkpt>
      <trkpt lat="34.1783636994659900665283203125" lon="108.9280702359974384307861328125">
        <ele>466.20001220703125</ele>
        <time>2026-08-19T23:19:53.000Z</time>
        <extensions>
          <ns3:TrackPointExtension>
            <ns3:hr>147</ns3:hr>
            <ns3:cad>90</ns3:cad>
          </ns3:TrackPointExtension>
        </extensions>
      </trkpt>
      <trkpt lat="34.178358502686023712158203125" lon="108.92808842472732067108154296875">
        <ele>466.399993896484375</ele>
        <time>2026-08-19T23:19:54.000Z</time>
        <extensions>
          <ns3:TrackPointExtension>
            <ns3:hr>147</ns3:hr>
            <ns3:cad>90</ns3:cad>
          </ns3:TrackPointExtension>
        </extensions>
      </trkpt>
      <trkpt lat="34.1783479414880275726318359375" lon="108.92811625264585018157958984375">
        <ele>466.399993896484375</ele>
        <time>2026-08-19T23:19:55.000Z</time>
        <extensions>
          <ns3:TrackPointExtension>
            <ns3:hr>148</ns3:hr>
            <ns3:cad>91</ns3:cad>
          </ns3:TrackPointExtension>
        </extensions>
      </trkpt>
      <trkpt lat="34.17834006249904632568359375" lon="108.92813787795603275299072265625">
        <ele>466.399993896484375</ele>
        <time>2026-08-19T23:19:56.000Z</time>
        <extensions>
          <ns3:TrackPointExtension>
            <ns3:hr>148</ns3:hr>
            <ns3:cad>91</ns3:cad>
          </ns3:TrackPointExtension>
        </extensions>
      </trkpt>
      <trkpt lat="34.1783341951668262481689453125" lon="108.928158916532993316650390625">
        <ele>466.600006103515625</ele>
        <time>2026-08-19T23:19:57.000Z</time>
        <extensions>
          <ns3:TrackPointExtension>
            <ns3:hr>148</ns3:hr>
            <ns3:cad>90</ns3:cad>
          </ns3:TrackPointExtension>
        </extensions>
      </trkpt>
      <trkpt lat="34.17832824401557445526123046875" lon="108.928177356719970703125">
        <ele>466.600006103515625</ele>
        <time>2026-08-19T23:19:58.000Z</time>
        <extensions>
          <ns3:TrackPointExtension>
            <ns3:hr>148</ns3:hr>
            <ns3:cad>90</ns3:cad>
          </ns3:TrackPointExtension>
        </extensions>
      </trkpt>
      <trkpt lat="34.17831265367567539215087890625" lon="108.92819806002080440521240234375">
        <ele>466.600006103515625</ele>
        <time>2026-08-19T23:19:59.000Z</time>
        <extensions>
          <ns3:TrackPointExtension>
            <ns3:hr>148</ns3:hr>
            <ns3:cad>90</ns3:cad>
          </ns3:TrackPointExtension>
        </extensions>
      </trkpt>
      <trkpt lat="34.17830117046833038330078125" lon="108.92821197398006916046142578125">
        <ele>466.600006103515625</ele>
        <time>2026-08-19T23:20:00.000Z</time>
        <extensions>
          <ns3:TrackPointExtension>
            <ns3:hr>148</ns3:hr>
            <ns3:cad>90</ns3:cad>
          </ns3:TrackPointExtension>
        </extensions>
      </trkpt>
      <trkpt lat="34.17828633449971675872802734375" lon="108.92823376692831516265869140625">
        <ele>466.600006103515625</ele>
        <time>2026-08-19T23:20:01.000Z</time>
        <extensions>
          <ns3:TrackPointExtension>
            <ns3:hr>148</ns3:hr>
            <ns3:cad>90</ns3:cad>
          </ns3:TrackPointExtension>
        </extensions>
      </trkpt>
      <trkpt lat="34.1782748512923717498779296875" lon="108.92824734561145305633544921875">
        <ele>466.600006103515625</ele>
        <time>2026-08-19T23:20:02.000Z</time>
        <extensions>
          <ns3:TrackPointExtension>
            <ns3:hr>148</ns3:hr>
            <ns3:cad>90</ns3:cad>
          </ns3:TrackPointExtension>
        </extensions>
      </trkpt>
      <trkpt lat="34.17825364507734775543212890625" lon="108.92826125957071781158447265625">
        <ele>466.600006103515625</ele>
        <time>2026-08-19T23:20:03.000Z</time>
        <extensions>
          <ns3:TrackPointExtension>
            <ns3:hr>147</ns3:hr>
            <ns3:cad>90</ns3:cad>
          </ns3:TrackPointExtension>
        </extensions>
      </trkpt>
      <trkpt lat="34.17824308387935161590576171875" lon="108.9282754249870777130126953125">
        <ele>466.79998779296875</ele>
        <time>2026-08-19T23:20:04.000Z</time>
        <extensions>
          <ns3:TrackPointExtension>
            <ns3:hr>148</ns3:hr>
            <ns3:cad>90</ns3:cad>
          </ns3:TrackPointExtension>
        </extensions>
      </trkpt>
      <trkpt lat="34.1782245598733425140380859375" lon="108.92829193733632564544677734375">
        <ele>466.79998779296875</ele>
        <time>2026-08-19T23:20:05.000Z</time>
        <extensions>
          <ns3:TrackPointExtension>
            <ns3:hr>148</ns3:hr>
            <ns3:cad>90</ns3:cad>
          </ns3:TrackPointExtension>
        </extensions>
      </trkpt>
      <trkpt lat="34.1782111488282680511474609375" lon="108.92830467782914638519287109375">
        <ele>466.79998779296875</ele>
        <time>2026-08-19T23:20:06.000Z</time>
        <extensions>
          <ns3:TrackPointExtension>
            <ns3:hr>148</ns3:hr>
            <ns3:cad>90</ns3:cad>
          </ns3:TrackPointExtension>
        </extensions>
      </trkpt>
      <trkpt lat="34.17818843387067317962646484375" lon="108.92832144163548946380615234375">
        <ele>467</ele>
        <time>2026-08-19T23:20:07.000Z</time>
        <extensions>
          <ns3:TrackPointExtension>
            <ns3:hr>148</ns3:hr>
            <ns3:cad>90</ns3:cad>
          </ns3:TrackPointExtension>
        </extensions>
      </trkpt>
      <trkpt lat="34.17817451991140842437744140625" lon="108.9283330924808979034423828125">
        <ele>467</ele>
        <time>2026-08-19T23:20:08.000Z</time>
        <extensions>
          <ns3:TrackPointExtension>
            <ns3:hr>148</ns3:hr>
            <ns3:cad>90</ns3:cad>
          </ns3:TrackPointExtension>
        </extensions>
      </trkpt>
      <trkpt lat="34.17815088294446468353271484375" lon="108.9283505268394947052001953125">
        <ele>467</ele>
        <time>2026-08-19T23:20:09.000Z</time>
        <extensions>
          <ns3:TrackPointExtension>
            <ns3:hr>148</ns3:hr>
            <ns3:cad>91</ns3:cad>
          </ns3:TrackPointExtension>
        </extensions>
      </trkpt>
      <trkpt lat="34.17813730426132678985595703125" lon="108.92836385406553745269775390625">
        <ele>467.20001220703125</ele>
        <time>2026-08-19T23:20:10.000Z</time>
        <extensions>
          <ns3:TrackPointExtension>
            <ns3:hr>148</ns3:hr>
            <ns3:cad>91</ns3:cad>
          </ns3:TrackPointExtension>
        </extensions>
      </trkpt>
      <trkpt lat="34.17811249382793903350830078125" lon="108.92837156541645526885986328125">
        <ele>467.20001220703125</ele>
        <time>2026-08-19T23:20:11.000Z</time>
        <extensions>
          <ns3:TrackPointExtension>
            <ns3:hr>149</ns3:hr>
            <ns3:cad>91</ns3:cad>
          </ns3:TrackPointExtension>
        </extensions>
      </trkpt>
      <trkpt lat="34.17809539474546909332275390625" lon="108.92838061787188053131103515625">
        <ele>467.20001220703125</ele>
        <time>2026-08-19T23:20:12.000Z</time>
        <extensions>
          <ns3:TrackPointExtension>
            <ns3:hr>148</ns3:hr>
            <ns3:cad>90</ns3:cad>
          </ns3:TrackPointExtension>
        </extensions>
      </trkpt>
      <trkpt lat="34.178068824112415313720703125" lon="108.928383886814117431640625">
        <ele>467.20001220703125</ele>
        <time>2026-08-19T23:20:13.000Z</time>
        <extensions>
          <ns3:TrackPointExtension>
            <ns3:hr>149</ns3:hr>
            <ns3:cad>89</ns3:cad>
          </ns3:TrackPointExtension>
        </extensions>
      </trkpt>
      <trkpt lat="34.178051054477691650390625" lon="108.9283927716314792633056640625">
        <ele>467.20001220703125</ele>
        <time>2026-08-19T23:20:14.000Z</time>
        <extensions>
          <ns3:TrackPointExtension>
            <ns3:hr>149</ns3:hr>
            <ns3:cad>89</ns3:cad>
          </ns3:TrackPointExtension>
        </extensions>
      </trkpt>
      <trkpt lat="34.17802280746400356292724609375" lon="108.928400985896587371826171875">
        <ele>467.20001220703125</ele>
        <time>2026-08-19T23:20:15.000Z</time>
        <extensions>
          <ns3:TrackPointExtension>
            <ns3:hr>149</ns3:hr>
            <ns3:cad>90</ns3:cad>
          </ns3:TrackPointExtension>
        </extensions>
      </trkpt>
      <trkpt lat="34.17800453491508960723876953125" lon="108.9284055121243000030517578125">
        <ele>467.20001220703125</ele>
        <time>2026-08-19T23:20:16.000Z</time>
        <extensions>
          <ns3:TrackPointExtension>
            <ns3:hr>149</ns3:hr>
            <ns3:cad>90</ns3:cad>
          </ns3:TrackPointExtension>
        </extensions>
      </trkpt>
      <trkpt lat="34.17797972448170185089111328125" lon="108.92840794287621974945068359375">
        <ele>467.20001220703125</ele>
        <time>2026-08-19T23:20:17.000Z</time>
        <extensions>
          <ns3:TrackPointExtension>
            <ns3:hr>149</ns3:hr>
            <ns3:cad>90</ns3:cad>
          </ns3:TrackPointExtension>
        </extensions>
      </trkpt>
      <trkpt lat="34.17796229012310504913330078125" lon="108.928410708904266357421875">
        <ele>467.20001220703125</ele>
        <time>2026-08-19T23:20:18.000Z</time>
        <extensions>
          <ns3:TrackPointExtension>
            <ns3:hr>149</ns3:hr>
            <ns3:cad>89</ns3:cad>
          </ns3:TrackPointExtension>
        </extensions>
      </trkpt>
      <trkpt lat="34.17793211527168750762939453125" lon="108.92841313965618610382080078125">
        <ele>467.20001220703125</ele>
        <time>2026-08-19T23:20:19.000Z</time>
        <extensions>
          <ns3:TrackPointExtension>
            <ns3:hr>149</ns3:hr>
            <ns3:cad>89</ns3:cad>
          </ns3:TrackPointExtension>
        </extensions>
      </trkpt>
      <trkpt lat="34.1779117472469806671142578125" lon="108.92841498367488384246826171875">
        <ele>467.20001220703125</ele>
        <time>2026-08-19T23:20:20.000Z</time>
        <extensions>
          <ns3:TrackPointExtension>
            <ns3:hr>149</ns3:hr>
            <ns3:cad>89</ns3:cad>
          </ns3:TrackPointExtension>
        </extensions>
      </trkpt>
      <trkpt lat="34.17788500897586345672607421875" lon="108.92841649241745471954345703125">
        <ele>467.20001220703125</ele>
        <time>2026-08-19T23:20:21.000Z</time>
        <extensions>
          <ns3:TrackPointExtension>
            <ns3:hr>149</ns3:hr>
            <ns3:cad>90</ns3:cad>
          </ns3:TrackPointExtension>
        </extensions>
      </trkpt>
      <trkpt lat="34.17786656878888607025146484375" lon="108.92841733060777187347412109375">
        <ele>467.399993896484375</ele>
        <time>2026-08-19T23:20:22.000Z</time>
        <extensions>
          <ns3:TrackPointExtension>
            <ns3:hr>150</ns3:hr>
            <ns3:cad>91</ns3:cad>
          </ns3:TrackPointExtension>
        </extensions>
      </trkpt>
      <trkpt lat="34.17784125544130802154541015625" lon="108.92841230146586894989013671875">
        <ele>467.399993896484375</ele>
        <time>2026-08-19T23:20:23.000Z</time>
        <extensions>
          <ns3:TrackPointExtension>
            <ns3:hr>149</ns3:hr>
            <ns3:cad>89</ns3:cad>
          </ns3:TrackPointExtension>
        </extensions>
      </trkpt>
      <trkpt lat="34.177822060883045196533203125" lon="108.92840911634266376495361328125">
        <ele>467.399993896484375</ele>
        <time>2026-08-19T23:20:24.000Z</time>
        <extensions>
          <ns3:TrackPointExtension>
            <ns3:hr>149</ns3:hr>
            <ns3:cad>89</ns3:cad>
          </ns3:TrackPointExtension>
        </extensions>
      </trkpt>
      <trkpt lat="34.17779917828738689422607421875" lon="108.9284075237810611724853515625">
        <ele>467.600006103515625</ele>
        <time>2026-08-19T23:20:25.000Z</time>
        <extensions>
          <ns3:TrackPointExtension>
            <ns3:hr>150</ns3:hr>
            <ns3:cad>88</ns3:cad>
          </ns3:TrackPointExtension>
        </extensions>
      </trkpt>
      <trkpt lat="34.17777872644364833831787109375" lon="108.92841012217104434967041015625">
        <ele>467.600006103515625</ele>
        <time>2026-08-19T23:20:26.000Z</time>
        <extensions>
          <ns3:TrackPointExtension>
            <ns3:hr>150</ns3:hr>
            <ns3:cad>88</ns3:cad>
          </ns3:TrackPointExtension>
        </extensions>
      </trkpt>
      <trkpt lat="34.177755005657672882080078125" lon="108.92841531895101070404052734375">
        <ele>467.600006103515625</ele>
        <time>2026-08-19T23:20:27.000Z</time>
        <extensions>
          <ns3:TrackPointExtension>
            <ns3:hr>150</ns3:hr>
            <ns3:cad>88</ns3:cad>
          </ns3:TrackPointExtension>
        </extensions>
      </trkpt>
      <trkpt lat="34.1777337156236171722412109375" lon="108.92841766588389873504638671875">
        <ele>467.600006103515625</ele>
        <time>2026-08-19T23:20:28.000Z</time>
        <extensions>
          <ns3:TrackPointExtension>
            <ns3:hr>150</ns3:hr>
            <ns3:cad>88</ns3:cad>
          </ns3:TrackPointExtension>
        </extensions>
      </trkpt>
      <trkpt lat="34.1777112521231174468994140625" lon="108.92842420376837253570556640625">
        <ele>467.600006103515625</ele>
        <time>2026-08-19T23:20:29.000Z</time>
        <extensions>
          <ns3:TrackPointExtension>
            <ns3:hr>150</ns3:hr>
            <ns3:cad>89</ns3:cad>
          </ns3:TrackPointExtension>
        </extensions>
      </trkpt>
      <trkpt lat="34.17768962681293487548828125" lon="108.9284313283860683441162109375">
        <ele>467.600006103515625</ele>
        <time>2026-08-19T23:20:30.000Z</time>
        <extensions>
          <ns3:TrackPointExtension>
            <ns3:hr>150</ns3:hr>
            <ns3:cad>89</ns3:cad>
          </ns3:TrackPointExtension>
        </extensions>
      </trkpt>
      <trkpt lat="34.177666492760181427001953125" lon="108.9284366928040981292724609375">
        <ele>467.600006103515625</ele>
        <time>2026-08-19T23:20:31.000Z</time>
        <extensions>
          <ns3:TrackPointExtension>
            <ns3:hr>151</ns3:hr>
            <ns3:cad>88</ns3:cad>
          </ns3:TrackPointExtension>
        </extensions>
      </trkpt>
      <trkpt lat="34.1776473820209503173828125" lon="108.92843342386186122894287109375">
        <ele>467.600006103515625</ele>
        <time>2026-08-19T23:20:32.000Z</time>
        <extensions>
          <ns3:TrackPointExtension>
            <ns3:hr>151</ns3:hr>
            <ns3:cad>89</ns3:cad>
          </ns3:TrackPointExtension>
        </extensions>
      </trkpt>
      <trkpt lat="34.17762500233948230743408203125" lon="108.92842881381511688232421875">
        <ele>467.600006103515625</ele>
        <time>2026-08-19T23:20:33.000Z</time>
        <extensions>
          <ns3:TrackPointExtension>
            <ns3:hr>151</ns3:hr>
            <ns3:cad>89</ns3:cad>
          </ns3:TrackPointExtension>
        </extensions>
      </trkpt>
      <trkpt lat="34.1776032932102680206298828125" lon="108.92842076718807220458984375">
        <ele>467.600006103515625</ele>
        <time>2026-08-19T23:20:34.000Z</time>
        <extensions>
          <ns3:TrackPointExtension>
            <ns3:hr>150</ns3:hr>
            <ns3:cad>89</ns3:cad>
          </ns3:TrackPointExtension>
        </extensions>
      </trkpt>
      <trkpt lat="34.1775818355381488800048828125" lon="108.928415738046169281005859375">
        <ele>467.600006103515625</ele>
        <time>2026-08-19T23:20:35.000Z</time>
        <extensions>
          <ns3:TrackPointExtension>
            <ns3:hr>151</ns3:hr>
            <ns3:cad>90</ns3:cad>
          </ns3:TrackPointExtension>
        </extensions>
      </trkpt>
      <trkpt lat="34.17755543254315853118896484375" lon="108.92840928398072719573974609375">
        <ele>467.600006103515625</ele>
        <time>2026-08-19T23:20:36.000Z</time>
        <extensions>
          <ns3:TrackPointExtension>
            <ns3:hr>151</ns3:hr>
            <ns3:cad>89</ns3:cad>
          </ns3:TrackPointExtension>
        </extensions>
      </trkpt>
      <trkpt lat="34.17753539979457855224609375" lon="108.92841112799942493438720703125">
        <ele>467.600006103515625</ele>
        <time>2026-08-19T23:20:37.000Z</time>
        <extensions>
          <ns3:TrackPointExtension>
            <ns3:hr>150</ns3:hr>
            <ns3:cad>89</ns3:cad>
          </ns3:TrackPointExtension>
        </extensions>
      </trkpt>
      <trkpt lat="34.17750916443765163421630859375" lon="108.92840777523815631866455078125">
        <ele>467.600006103515625</ele>
        <time>2026-08-19T23:20:38.000Z</time>
        <extensions>
          <ns3:TrackPointExtension>
            <ns3:hr>150</ns3:hr>
            <ns3:cad>88</ns3:cad>
          </ns3:TrackPointExtension>
        </extensions>
      </trkpt>
      <trkpt lat="34.177488125860691070556640625" lon="108.92841280438005924224853515625">
        <ele>467.79998779296875</ele>
        <time>2026-08-19T23:20:39.000Z</time>
        <extensions>
          <ns3:TrackPointExtension>
            <ns3:hr>150</ns3:hr>
            <ns3:cad>88</ns3:cad>
          </ns3:TrackPointExtension>
        </extensions>
      </trkpt>
      <trkpt lat="34.17746138758957386016845703125" lon="108.9284145645797252655029296875">
        <ele>467.79998779296875</ele>
        <time>2026-08-19T23:20:40.000Z</time>
        <extensions>
          <ns3:TrackPointExtension>
            <ns3:hr>150</ns3:hr>
            <ns3:cad>89</ns3:cad>
          </ns3:TrackPointExtension>
        </extensions>
      </trkpt>
      <trkpt lat="34.1774433664977550506591796875" lon="108.928424455225467681884765625">
        <ele>467.79998779296875</ele>
        <time>2026-08-19T23:20:41.000Z</time>
        <extensions>
          <ns3:TrackPointExtension>
            <ns3:hr>150</ns3:hr>
            <ns3:cad>89</ns3:cad>
          </ns3:TrackPointExtension>
        </extensions>
      </trkpt>
      <trkpt lat="34.17741579003632068634033203125" lon="108.9284299872815608978271484375">
        <ele>467.79998779296875</ele>
        <time>2026-08-19T23:20:42.000Z</time>
        <extensions>
          <ns3:TrackPointExtension>
            <ns3:hr>150</ns3:hr>
            <ns3:cad>89</ns3:cad>
          </ns3:TrackPointExtension>
        </extensions>
      </trkpt>
      <trkpt lat="34.1773987747728824615478515625" lon="108.9284360222518444061279296875">
        <ele>467.79998779296875</ele>
        <time>2026-08-19T23:20:43.000Z</time>
        <extensions>
          <ns3:TrackPointExtension>
            <ns3:hr>150</ns3:hr>
            <ns3:cad>88</ns3:cad>
          </ns3:TrackPointExtension>
        </extensions>
      </trkpt>
      <trkpt lat="34.17737605981528759002685546875" lon="108.928434848785400390625">
        <ele>467.79998779296875</ele>
        <time>2026-08-19T23:20:44.000Z</time>
        <extensions>
          <ns3:TrackPointExtension>
            <ns3:hr>151</ns3:hr>
            <ns3:cad>88</ns3:cad>
          </ns3:TrackPointExtension>
        </extensions>
      </trkpt>
      <trkpt lat="34.17735845781862735748291015625" lon="108.92843727953732013702392578125">
        <ele>467.79998779296875</ele>
        <time>2026-08-19T23:20:45.000Z</time>
        <extensions>
          <ns3:TrackPointExtension>
            <ns3:hr>151</ns3:hr>
            <ns3:cad>88</ns3:cad>
          </ns3:TrackPointExtension>
        </extensions>
      </trkpt>
      <trkpt lat="34.17733062990009784698486328125" lon="108.92843686044216156005859375">
        <ele>467.79998779296875</ele>
        <time>2026-08-19T23:20:46.000Z</time>
        <extensions>
          <ns3:TrackPointExtension>
            <ns3:hr>151</ns3:hr>
            <ns3:cad>88</ns3:cad>
          </ns3:TrackPointExtension>
        </extensions>
      </trkpt>
      <trkpt lat="34.177312441170215606689453125" lon="108.92843761481344699859619140625">
        <ele>468</ele>
        <time>2026-08-19T23:20:47.000Z</time>
        <extensions>
          <ns3:TrackPointExtension>
            <ns3:hr>151</ns3:hr>
            <ns3:cad>88</ns3:cad>
          </ns3:TrackPointExtension>
        </extensions>
      </trkpt>
      <trkpt lat="34.17728469707071781158447265625" lon="108.92843912355601787567138671875">
        <ele>468</ele>
        <time>2026-08-19T23:20:48.000Z</time>
        <extensions>
          <ns3:TrackPointExtension>
            <ns3:hr>151</ns3:hr>
            <ns3:cad>89</ns3:cad>
          </ns3:TrackPointExtension>
        </extensions>
      </trkpt>
      <trkpt lat="34.17726273648440837860107421875" lon="108.92844163812696933746337890625">
        <ele>468</ele>
        <time>2026-08-19T23:20:49.000Z</time>
        <extensions>
          <ns3:TrackPointExtension>
            <ns3:hr>151</ns3:hr>
            <ns3:cad>89</ns3:cad>
          </ns3:TrackPointExtension>
        </extensions>
      </trkpt>
      <trkpt lat="34.17723574675619602203369140625" lon="108.9284383691847324371337890625">
        <ele>468</ele>
        <time>2026-08-19T23:20:50.000Z</time>
        <extensions>
          <ns3:TrackPointExtension>
            <ns3:hr>151</ns3:hr>
            <ns3:cad>89</ns3:cad>
          </ns3:TrackPointExtension>
        </extensions>
      </trkpt>
      <trkpt lat="34.1772128641605377197265625" lon="108.928437195718288421630859375">
        <ele>468</ele>
        <time>2026-08-19T23:20:51.000Z</time>
        <extensions>
          <ns3:TrackPointExtension>
            <ns3:hr>151</ns3:hr>
            <ns3:cad>88</ns3:cad>
          </ns3:TrackPointExtension>
        </extensions>
      </trkpt>
      <trkpt lat="34.17718528769910335540771484375" lon="108.9284346811473369598388671875">
        <ele>468</ele>
        <time>2026-08-19T23:20:52.000Z</time>
        <extensions>
          <ns3:TrackPointExtension>
            <ns3:hr>151</ns3:hr>
            <ns3:cad>88</ns3:cad>
          </ns3:TrackPointExtension>
        </extensions>
      </trkpt>
      <trkpt lat="34.177165590226650238037109375" lon="108.92843292094767093658447265625">
        <ele>468</ele>
        <time>2026-08-19T23:20:53.000Z</time>
        <extensions>
          <ns3:TrackPointExtension>
            <ns3:hr>151</ns3:hr>
            <ns3:cad>88</ns3:cad>
          </ns3:TrackPointExtension>
        </extensions>
      </trkpt>
      <trkpt lat="34.17714103125035762786865234375" lon="108.92843627370893955230712890625">
        <ele>468</ele>
        <time>2026-08-19T23:20:54.000Z</time>
        <extensions>
          <ns3:TrackPointExtension>
            <ns3:hr>150</ns3:hr>
            <ns3:cad>88</ns3:cad>
          </ns3:TrackPointExtension>
        </extensions>
      </trkpt>
      <trkpt lat="34.177118651568889617919921875" lon="108.928439877927303314208984375">
        <ele>467.79998779296875</ele>
        <time>2026-08-19T23:20:55.000Z</time>
        <extensions>
          <ns3:TrackPointExtension>
            <ns3:hr>150</ns3:hr>
            <ns3:cad>89</ns3:cad>
          </ns3:TrackPointExtension>
        </extensions>
      </trkpt>
      <trkpt lat="34.1770983673632144927978515625" lon="108.9284423924982547760009765625">
        <ele>467.79998779296875</ele>
        <time>2026-08-19T23:20:56.000Z</time>
        <extensions>
          <ns3:TrackPointExtension>
            <ns3:hr>150</ns3:hr>
            <ns3:cad>88</ns3:cad>
          </ns3:TrackPointExtension>
        </extensions>
      </trkpt>
      <trkpt lat="34.17707799933850765228271484375" lon="108.92844247631728649139404296875">
        <ele>467.79998779296875</ele>
        <time>2026-08-19T23:20:57.000Z</time>
        <extensions>
          <ns3:TrackPointExtension>
            <ns3:hr>150</ns3:hr>
            <ns3:cad>87</ns3:cad>
          </ns3:TrackPointExtension>
        </extensions>
      </trkpt>
      <trkpt lat="34.1770537756383419036865234375" lon="108.92844465561211109161376953125">
        <ele>467.79998779296875</ele>
        <time>2026-08-19T23:20:58.000Z</time>
        <extensions>
          <ns3:TrackPointExtension>
            <ns3:hr>150</ns3:hr>
            <ns3:cad>87</ns3:cad>
          </ns3:TrackPointExtension>
        </extensions>
      </trkpt>
      <trkpt lat="34.177032150328159332275390625" lon="108.92844096757471561431884765625">
        <ele>467.79998779296875</ele>
        <time>2026-08-19T23:20:59.000Z</time>
        <extensions>
          <ns3:TrackPointExtension>
            <ns3:hr>150</ns3:hr>
            <ns3:cad>87</ns3:cad>
          </ns3:TrackPointExtension>
        </extensions>
      </trkpt>
      <trkpt lat="34.17701077647507190704345703125" lon="108.92843895591795444488525390625">
        <ele>467.79998779296875</ele>
        <time>2026-08-19T23:21:00.000Z</time>
        <extensions>
          <ns3:TrackPointExtension>
            <ns3:hr>150</ns3:hr>
            <ns3:cad>88</ns3:cad>
          </ns3:TrackPointExtension>
        </extensions>
      </trkpt>
      <trkpt lat="34.17699183337390422821044921875" lon="108.9284330047667026519775390625">
        <ele>467.79998779296875</ele>
        <time>2026-08-19T23:21:01.000Z</time>
        <extensions>
          <ns3:TrackPointExtension>
            <ns3:hr>150</ns3:hr>
            <ns3:cad>90</ns3:cad>
          </ns3:TrackPointExtension>
        </extensions>
      </trkpt>
      <trkpt lat="34.17697540484368801116943359375" lon="108.9284283109009265899658203125">
        <ele>467.79998779296875</ele>
        <time>2026-08-19T23:21:02.000Z</time>
        <extensions>
          <ns3:TrackPointExtension>
            <ns3:hr>150</ns3:hr>
            <ns3:cad>89</ns3:cad>
          </ns3:TrackPointExtension>
        </extensions>
      </trkpt>
      <trkpt lat="34.17695336043834686279296875" lon="108.92842101864516735076904296875">
        <ele>467.79998779296875</ele>
        <time>2026-08-19T23:21:03.000Z</time>
        <extensions>
          <ns3:TrackPointExtension>
            <ns3:hr>150</ns3:hr>
            <ns3:cad>89</ns3:cad>
          </ns3:TrackPointExtension>
        </extensions>
      </trkpt>
      <trkpt lat="34.1769377700984477996826171875" lon="108.92841699533164501190185546875">
        <ele>467.79998779296875</ele>
        <time>2026-08-19T23:21:04.000Z</time>
        <extensions>
          <ns3:TrackPointExtension>
            <ns3:hr>150</ns3:hr>
            <ns3:cad>89</ns3:cad>
          </ns3:TrackPointExtension>
        </extensions>
      </trkpt>
      <trkpt lat="34.17691337876021862030029296875" lon="108.92840710468590259552001953125">
        <ele>467.79998779296875</ele>
        <time>2026-08-19T23:21:05.000Z</time>
        <extensions>
          <ns3:TrackPointExtension>
            <ns3:hr>150</ns3:hr>
            <ns3:cad>88</ns3:cad>
          </ns3:TrackPointExtension>
        </extensions>
      </trkpt>
      <trkpt lat="34.17689426802098751068115234375" lon="108.92840308137238025665283203125">
        <ele>468</ele>
        <time>2026-08-19T23:21:06.000Z</time>
        <extensions>
          <ns3:TrackPointExtension>
            <ns3:hr>150</ns3:hr>
            <ns3:cad>88</ns3:cad>
          </ns3:TrackPointExtension>
        </extensions>
      </trkpt>
      <trkpt lat="34.17686644010245800018310546875" lon="108.928394280374050140380859375">
        <ele>468</ele>
        <time>2026-08-19T23:21:07.000Z</time>
        <extensions>
          <ns3:TrackPointExtension>
            <ns3:hr>150</ns3:hr>
            <ns3:cad>88</ns3:cad>
          </ns3:TrackPointExtension>
        </extensions>
      </trkpt>
      <trkpt lat="34.17684867046773433685302734375" lon="108.9283900894224643707275390625">
        <ele>468</ele>
        <time>2026-08-19T23:21:08.000Z</time>
        <extensions>
          <ns3:TrackPointExtension>
            <ns3:hr>150</ns3:hr>
            <ns3:cad>88</ns3:cad>
          </ns3:TrackPointExtension>
        </extensions>
      </trkpt>
      <trkpt lat="34.17682302184402942657470703125" lon="108.92838128842413425445556640625">
        <ele>468</ele>
        <time>2026-08-19T23:21:09.000Z</time>
        <extensions>
          <ns3:TrackPointExtension>
            <ns3:hr>149</ns3:hr>
            <ns3:cad>88</ns3:cad>
          </ns3:TrackPointExtension>
        </extensions>
      </trkpt>
      <trkpt lat="34.176806509494781494140625" lon="108.9283766783773899078369140625">
        <ele>468</ele>
        <time>2026-08-19T23:21:10.000Z</time>
        <extensions>
          <ns3:TrackPointExtension>
            <ns3:hr>149</ns3:hr>
            <ns3:cad>88</ns3:cad>
          </ns3:TrackPointExtension>
        </extensions>
      </trkpt>
      <trkpt lat="34.1767823696136474609375" lon="108.9283659495413303375244140625">
        <ele>467.79998779296875</ele>
        <time>2026-08-19T23:21:11.000Z</time>
        <extensions>
          <ns3:TrackPointExtension>
            <ns3:hr>149</ns3:hr>
            <ns3:cad>88</ns3:cad>
          </ns3:TrackPointExtension>
        </extensions>
      </trkpt>
      <trkpt lat="34.17676367796957492828369140625" lon="108.928357400000095367431640625">
        <ele>467.79998779296875</ele>
        <time>2026-08-19T23:21:12.000Z</time>
        <extensions>
          <ns3:TrackPointExtension>
            <ns3:hr>149</ns3:hr>
            <ns3:cad>88</ns3:cad>
          </ns3:TrackPointExtension>
        </extensions>
      </trkpt>
      <trkpt lat="34.1767412982881069183349609375" lon="108.92834432423114776611328125">
        <ele>467.79998779296875</ele>
        <time>2026-08-19T23:21:13.000Z</time>
        <extensions>
          <ns3:TrackPointExtension>
            <ns3:hr>149</ns3:hr>
            <ns3:cad>89</ns3:cad>
          </ns3:TrackPointExtension>
        </extensions>
      </trkpt>
      <trkpt lat="34.1767231933772563934326171875" lon="108.92833149991929531097412109375">
        <ele>467.79998779296875</ele>
        <time>2026-08-19T23:21:14.000Z</time>
        <extensions>
          <ns3:TrackPointExtension>
            <ns3:hr>149</ns3:hr>
            <ns3:cad>90</ns3:cad>
          </ns3:TrackPointExtension>
        </extensions>
      </trkpt>
      <trkpt lat="34.17669964022934436798095703125" lon="108.92831423319876194000244140625">
        <ele>467.79998779296875</ele>
        <time>2026-08-19T23:21:15.000Z</time>
        <extensions>
          <ns3:TrackPointExtension>
            <ns3:hr>150</ns3:hr>
            <ns3:cad>90</ns3:cad>
          </ns3:TrackPointExtension>
        </extensions>
      </trkpt>
      <trkpt lat="34.1766826249659061431884765625" lon="108.928299061954021453857421875">
        <ele>467.79998779296875</ele>
        <time>2026-08-19T23:21:16.000Z</time>
        <extensions>
          <ns3:TrackPointExtension>
            <ns3:hr>150</ns3:hr>
            <ns3:cad>90</ns3:cad>
          </ns3:TrackPointExtension>
        </extensions>
      </trkpt>
      <trkpt lat="34.1766655258834362030029296875" lon="108.92827886156737804412841796875">
        <ele>468</ele>
        <time>2026-08-19T23:21:17.000Z</time>
        <extensions>
          <ns3:TrackPointExtension>
            <ns3:hr>150</ns3:hr>
            <ns3:cad>90</ns3:cad>
          </ns3:TrackPointExtension>
        </extensions>
      </trkpt>
      <trkpt lat="34.17664918117225170135498046875" lon="108.928267545998096466064453125">
        <ele>468</ele>
        <time>2026-08-19T23:21:18.000Z</time>
        <extensions>
          <ns3:TrackPointExtension>
            <ns3:hr>149</ns3:hr>
            <ns3:cad>89</ns3:cad>
          </ns3:TrackPointExtension>
        </extensions>
      </trkpt>
      <trkpt lat="34.17663074098527431488037109375" lon="108.9282486028969287872314453125">
        <ele>468</ele>
        <time>2026-08-19T23:21:19.000Z</time>
        <extensions>
          <ns3:TrackPointExtension>
            <ns3:hr>149</ns3:hr>
            <ns3:cad>89</ns3:cad>
          </ns3:TrackPointExtension>
        </extensions>
      </trkpt>
      <trkpt lat="34.176618754863739013671875" lon="108.928232006728649139404296875">
        <ele>468</ele>
        <time>2026-08-19T23:21:20.000Z</time>
        <extensions>
          <ns3:TrackPointExtension>
            <ns3:hr>149</ns3:hr>
            <ns3:cad>89</ns3:cad>
          </ns3:TrackPointExtension>
        </extensions>
      </trkpt>
      <trkpt lat="34.17660274542868137359619140625" lon="108.928209207952022552490234375">
        <ele>468</ele>
        <time>2026-08-19T23:21:21.000Z</time>
        <extensions>
          <ns3:TrackPointExtension>
            <ns3:hr>149</ns3:hr>
            <ns3:cad>89</ns3:cad>
          </ns3:TrackPointExtension>
        </extensions>
      </trkpt>
      <trkpt lat="34.1765917651355266571044921875" lon="108.92818867228925228118896484375">
        <ele>468</ele>
        <time>2026-08-19T23:21:22.000Z</time>
        <extensions>
          <ns3:TrackPointExtension>
            <ns3:hr>149</ns3:hr>
            <ns3:cad>88</ns3:cad>
          </ns3:TrackPointExtension>
        </extensions>
      </trkpt>
      <trkpt lat="34.17658321559429168701171875" lon="108.92816059291362762451171875">
        <ele>468.20001220703125</ele>
        <time>2026-08-19T23:21:23.000Z</time>
        <extensions>
          <ns3:TrackPointExtension>
            <ns3:hr>149</ns3:hr>
            <ns3:cad>88</ns3:cad>
          </ns3:TrackPointExtension>
        </extensions>
      </trkpt>
      <trkpt lat="34.17657810263335704803466796875" lon="108.92813703976571559906005859375">
        <ele>468.20001220703125</ele>
        <time>2026-08-19T23:21:24.000Z</time>
        <extensions>
          <ns3:TrackPointExtension>
            <ns3:hr>149</ns3:hr>
            <ns3:cad>88</ns3:cad>
          </ns3:TrackPointExtension>
        </extensions>
      </trkpt>
      <trkpt lat="34.17657089419662952423095703125" lon="108.92811474390327930450439453125">
        <ele>468.20001220703125</ele>
        <time>2026-08-19T23:21:25.000Z</time>
        <extensions>
          <ns3:TrackPointExtension>
            <ns3:hr>149</ns3:hr>
            <ns3:cad>88</ns3:cad>
          </ns3:TrackPointExtension>
        </extensions>
      </trkpt>
      <trkpt lat="34.17656485922634601593017578125" lon="108.9280869998037815093994140625">
        <ele>468.20001220703125</ele>
        <time>2026-08-19T23:21:26.000Z</time>
        <extensions>
          <ns3:TrackPointExtension>
            <ns3:hr>149</ns3:hr>
            <ns3:cad>88</ns3:cad>
          </ns3:TrackPointExtension>
        </extensions>
      </trkpt>
      <trkpt lat="34.17656133882701396942138671875" lon="108.92806294374167919158935546875">
        <ele>468.20001220703125</ele>
        <time>2026-08-19T23:21:27.000Z</time>
        <extensions>
          <ns3:TrackPointExtension>
            <ns3:hr>149</ns3:hr>
            <ns3:cad>88</ns3:cad>
          </ns3:TrackPointExtension>
        </extensions>
      </trkpt>
      <trkpt lat="34.1765585727989673614501953125" lon="108.92803452908992767333984375">
        <ele>468.20001220703125</ele>
        <time>2026-08-19T23:21:28.000Z</time>
        <extensions>
          <ns3:TrackPointExtension>
            <ns3:hr>149</ns3:hr>
            <ns3:cad>88</ns3:cad>
          </ns3:TrackPointExtension>
        </extensions>
      </trkpt>
      <trkpt lat="34.17655077762901782989501953125" lon="108.9280105568468570709228515625">
        <ele>468.20001220703125</ele>
        <time>2026-08-19T23:21:29.000Z</time>
        <extensions>
          <ns3:TrackPointExtension>
            <ns3:hr>149</ns3:hr>
            <ns3:cad>88</ns3:cad>
          </ns3:TrackPointExtension>
        </extensions>
      </trkpt>
      <trkpt lat="34.176549352705478668212890625" lon="108.92798147164285182952880859375">
        <ele>468.20001220703125</ele>
        <time>2026-08-19T23:21:30.000Z</time>
        <extensions>
          <ns3:TrackPointExtension>
            <ns3:hr>148</ns3:hr>
            <ns3:cad>88</ns3:cad>
          </ns3:TrackPointExtension>
        </extensions>
      </trkpt>
      <trkpt lat="34.176545999944210052490234375" lon="108.92795548774302005767822265625">
        <ele>468.20001220703125</ele>
        <time>2026-08-19T23:21:31.000Z</time>
        <extensions>
          <ns3:TrackPointExtension>
            <ns3:hr>147</ns3:hr>
            <ns3:cad>88</ns3:cad>
          </ns3:TrackPointExtension>
        </extensions>
      </trkpt>
      <trkpt lat="34.17654474265873432159423828125" lon="108.92792363651096820831298828125">
        <ele>468.20001220703125</ele>
        <time>2026-08-19T23:21:32.000Z</time>
        <extensions>
          <ns3:TrackPointExtension>
            <ns3:hr>146</ns3:hr>
            <ns3:cad>88</ns3:cad>
          </ns3:TrackPointExtension>
        </extensions>
      </trkpt>
      <trkpt lat="34.17654256336390972137451171875" lon="108.927898406982421875">
        <ele>468.20001220703125</ele>
        <time>2026-08-19T23:21:33.000Z</time>
        <extensions>
          <ns3:TrackPointExtension>
            <ns3:hr>146</ns3:hr>
            <ns3:cad>88</ns3:cad>
          </ns3:TrackPointExtension>
        </extensions>
      </trkpt>
      <trkpt lat="34.17653954587876796722412109375" lon="108.927864544093608856201171875">
        <ele>468.20001220703125</ele>
        <time>2026-08-19T23:21:34.000Z</time>
        <extensions>
          <ns3:TrackPointExtension>
            <ns3:hr>146</ns3:hr>
            <ns3:cad>88</ns3:cad>
          </ns3:TrackPointExtension>
        </extensions>
      </trkpt>
      <trkpt lat="34.1765351034700870513916015625" lon="108.92784065566956996917724609375">
        <ele>468.20001220703125</ele>
        <time>2026-08-19T23:21:35.000Z</time>
        <extensions>
          <ns3:TrackPointExtension>
            <ns3:hr>146</ns3:hr>
            <ns3:cad>88</ns3:cad>
          </ns3:TrackPointExtension>
        </extensions>
      </trkpt>
      <trkpt lat="34.17653200216591358184814453125" lon="108.92780561931431293487548828125">
        <ele>468.20001220703125</ele>
        <time>2026-08-19T23:21:36.000Z</time>
        <extensions>
          <ns3:TrackPointExtension>
            <ns3:hr>146</ns3:hr>
            <ns3:cad>88</ns3:cad>
          </ns3:TrackPointExtension>
        </extensions>
      </trkpt>
      <trkpt lat="34.1765294037759304046630859375" lon="108.92777946777641773223876953125">
        <ele>468.399993896484375</ele>
        <time>2026-08-19T23:21:37.000Z</time>
        <extensions>
          <ns3:TrackPointExtension>
            <ns3:hr>146</ns3:hr>
            <ns3:cad>88</ns3:cad>
          </ns3:TrackPointExtension>
        </extensions>
      </trkpt>
      <trkpt lat="34.17652596719563007354736328125" lon="108.92774929292500019073486328125">
        <ele>468.399993896484375</ele>
        <time>2026-08-19T23:21:38.000Z</time>
        <extensions>
          <ns3:TrackPointExtension>
            <ns3:hr>146</ns3:hr>
            <ns3:cad>88</ns3:cad>
          </ns3:TrackPointExtension>
        </extensions>
      </trkpt>
      <trkpt lat="34.1765262186527252197265625" lon="108.927727080881595611572265625">
        <ele>468.399993896484375</ele>
        <time>2026-08-19T23:21:39.000Z</time>
        <extensions>
          <ns3:TrackPointExtension>
            <ns3:hr>146</ns3:hr>
            <ns3:cad>88</ns3:cad>
          </ns3:TrackPointExtension>
        </extensions>
      </trkpt>
      <trkpt lat="34.17652563191950321197509765625" lon="108.9276970736682415008544921875">
        <ele>468.20001220703125</ele>
        <time>2026-08-19T23:21:40.000Z</time>
        <extensions>
          <ns3:TrackPointExtension>
            <ns3:hr>146</ns3:hr>
            <ns3:cad>88</ns3:cad>
          </ns3:TrackPointExtension>
        </extensions>
      </trkpt>
      <trkpt lat="34.17652848176658153533935546875" lon="108.927672095596790313720703125">
        <ele>468.20001220703125</ele>
        <time>2026-08-19T23:21:41.000Z</time>
        <extensions>
          <ns3:TrackPointExtension>
            <ns3:hr>146</ns3:hr>
            <ns3:cad>88</ns3:cad>
          </ns3:TrackPointExtension>
        </extensions>
      </trkpt>
      <trkpt lat="34.17652647010982036590576171875" lon="108.92765038646757602691650390625">
        <ele>468.20001220703125</ele>
        <time>2026-08-19T23:21:42.000Z</time>
        <extensions>
          <ns3:TrackPointExtension>
            <ns3:hr>147</ns3:hr>
            <ns3:cad>88</ns3:cad>
          </ns3:TrackPointExtension>
        </extensions>
      </trkpt>
      <trkpt lat="34.17652613483369350433349609375" lon="108.92762490548193454742431640625">
        <ele>468.399993896484375</ele>
        <time>2026-08-19T23:21:43.000Z</time>
        <extensions>
          <ns3:TrackPointExtension>
            <ns3:hr>146</ns3:hr>
            <ns3:cad>88</ns3:cad>
          </ns3:TrackPointExtension>
        </extensions>
      </trkpt>
      <trkpt lat="34.17652496136724948883056640625" lon="108.9275988377630710601806640625">
        <ele>468.399993896484375</ele>
        <time>2026-08-19T23:21:44.000Z</time>
        <extensions>
          <ns3:TrackPointExtension>
            <ns3:hr>146</ns3:hr>
            <ns3:cad>89</ns3:cad>
          </ns3:TrackPointExtension>
        </extensions>
      </trkpt>
      <trkpt lat="34.1765226982533931732177734375" lon="108.92757411114871501922607421875">
        <ele>468.399993896484375</ele>
        <time>2026-08-19T23:21:45.000Z</time>
        <extensions>
          <ns3:TrackPointExtension>
            <ns3:hr>146</ns3:hr>
            <ns3:cad>89</ns3:cad>
          </ns3:TrackPointExtension>
        </extensions>
      </trkpt>
      <trkpt lat="34.17652211152017116546630859375" lon="108.92754762433469295501708984375">
        <ele>468.600006103515625</ele>
        <time>2026-08-19T23:21:46.000Z</time>
        <extensions>
          <ns3:TrackPointExtension>
            <ns3:hr>147</ns3:hr>
            <ns3:cad>89</ns3:cad>
          </ns3:TrackPointExtension>
        </extensions>
      </trkpt>
      <trkpt lat="34.17652345262467861175537109375" lon="108.9275254122912883758544921875">
        <ele>468.600006103515625</ele>
        <time>2026-08-19T23:21:47.000Z</time>
        <extensions>
          <ns3:TrackPointExtension>
            <ns3:hr>147</ns3:hr>
            <ns3:cad>89</ns3:cad>
          </ns3:TrackPointExtension>
        </extensions>
      </trkpt>
      <trkpt lat="34.17651959694921970367431640625" lon="108.9275019429624080657958984375">
        <ele>468.600006103515625</ele>
        <time>2026-08-19T23:21:48.000Z</time>
        <extensions>
          <ns3:TrackPointExtension>
            <ns3:hr>147</ns3:hr>
            <ns3:cad>89</ns3:cad>
          </ns3:TrackPointExtension>
        </extensions>
      </trkpt>
      <trkpt lat="34.1765173338353633880615234375" lon="108.9274804852902889251708984375">
        <ele>468.600006103515625</ele>
        <time>2026-08-19T23:21:49.000Z</time>
        <extensions>
          <ns3:TrackPointExtension>
            <ns3:hr>146</ns3:hr>
            <ns3:cad>89</ns3:cad>
          </ns3:TrackPointExtension>
        </extensions>
      </trkpt>
      <trkpt lat="34.1765153221786022186279296875" lon="108.92745475284755229949951171875">
        <ele>468.79998779296875</ele>
        <time>2026-08-19T23:21:50.000Z</time>
        <extensions>
          <ns3:TrackPointExtension>
            <ns3:hr>146</ns3:hr>
            <ns3:cad>89</ns3:cad>
          </ns3:TrackPointExtension>
        </extensions>
      </trkpt>
      <trkpt lat="34.17651674710214138031005859375" lon="108.9274278469383716583251953125">
        <ele>468.79998779296875</ele>
        <time>2026-08-19T23:21:51.000Z</time>
        <extensions>
          <ns3:TrackPointExtension>
            <ns3:hr>146</ns3:hr>
            <ns3:cad>90</ns3:cad>
          </ns3:TrackPointExtension>
        </extensions>
      </trkpt>
      <trkpt lat="34.17651507072150707244873046875" lon="108.92740529961884021759033203125">
        <ele>468.79998779296875</ele>
        <time>2026-08-19T23:21:52.000Z</time>
        <extensions>
          <ns3:TrackPointExtension>
            <ns3:hr>147</ns3:hr>
            <ns3:cad>90</ns3:cad>
          </ns3:TrackPointExtension>
        </extensions>
      </trkpt>
      <trkpt lat="34.1765153221786022186279296875" lon="108.9273772202432155609130859375">
        <ele>468.79998779296875</ele>
        <time>2026-08-19T23:21:53.000Z</time>
        <extensions>
          <ns3:TrackPointExtension>
            <ns3:hr>146</ns3:hr>
            <ns3:cad>88</ns3:cad>
          </ns3:TrackPointExtension>
        </extensions>
      </trkpt>
      <trkpt lat="34.17651641182601451873779296875" lon="108.92735500819981098175048828125">
        <ele>469</ele>
        <time>2026-08-19T23:21:54.000Z</time>
        <extensions>
          <ns3:TrackPointExtension>
            <ns3:hr>146</ns3:hr>
            <ns3:cad>88</ns3:cad>
          </ns3:TrackPointExtension>
        </extensions>
      </trkpt>
      <trkpt lat="34.17651616036891937255859375" lon="108.92732483334839344024658203125">
        <ele>469</ele>
        <time>2026-08-19T23:21:55.000Z</time>
        <extensions>
          <ns3:TrackPointExtension>
            <ns3:hr>146</ns3:hr>
            <ns3:cad>87</ns3:cad>
          </ns3:TrackPointExtension>
        </extensions>
      </trkpt>
      <trkpt lat="34.17651758529245853424072265625" lon="108.9273064769804477691650390625">
        <ele>469</ele>
        <time>2026-08-19T23:21:56.000Z</time>
        <extensions>
          <ns3:TrackPointExtension>
            <ns3:hr>146</ns3:hr>
            <ns3:cad>87</ns3:cad>
          </ns3:TrackPointExtension>
        </extensions>
      </trkpt>
      <trkpt lat="34.17651674710214138031005859375" lon="108.9272749610245227813720703125">
        <ele>469</ele>
        <time>2026-08-19T23:21:57.000Z</time>
        <extensions>
          <ns3:TrackPointExtension>
            <ns3:hr>146</ns3:hr>
            <ns3:cad>87</ns3:cad>
          </ns3:TrackPointExtension>
        </extensions>
      </trkpt>
      <trkpt lat="34.1765136457979679107666015625" lon="108.92724973149597644805908203125">
        <ele>469.20001220703125</ele>
        <time>2026-08-19T23:21:58.000Z</time>
        <extensions>
          <ns3:TrackPointExtension>
            <ns3:hr>145</ns3:hr>
            <ns3:cad>88</ns3:cad>
          </ns3:TrackPointExtension>
        </extensions>
      </trkpt>
      <trkpt lat="34.17651490308344364166259765625" lon="108.927218802273273468017578125">
        <ele>469.20001220703125</ele>
        <time>2026-08-19T23:21:59.000Z</time>
        <extensions>
          <ns3:TrackPointExtension>
            <ns3:hr>146</ns3:hr>
            <ns3:cad>88</ns3:cad>
          </ns3:TrackPointExtension>
        </extensions>
      </trkpt>
      <trkpt lat="34.17651557363569736480712890625" lon="108.92719499766826629638671875">
        <ele>469.20001220703125</ele>
        <time>2026-08-19T23:22:00.000Z</time>
        <extensions>
          <ns3:TrackPointExtension>
            <ns3:hr>146</ns3:hr>
            <ns3:cad>88</ns3:cad>
          </ns3:TrackPointExtension>
        </extensions>
      </trkpt>
      <trkpt lat="34.17651708237826824188232421875" lon="108.92716473899781703948974609375">
        <ele>469.20001220703125</ele>
        <time>2026-08-19T23:22:01.000Z</time>
        <extensions>
          <ns3:TrackPointExtension>
            <ns3:hr>145</ns3:hr>
            <ns3:cad>89</ns3:cad>
          </ns3:TrackPointExtension>
        </extensions>
      </trkpt>
      <trkpt lat="34.17651347815990447998046875" lon="108.92714001238346099853515625">
        <ele>469.20001220703125</ele>
        <time>2026-08-19T23:22:02.000Z</time>
        <extensions>
          <ns3:TrackPointExtension>
            <ns3:hr>146</ns3:hr>
            <ns3:cad>89</ns3:cad>
          </ns3:TrackPointExtension>
        </extensions>
      </trkpt>
      <trkpt lat="34.17651004157960414886474609375" lon="108.92711042426526546478271484375">
        <ele>469.399993896484375</ele>
        <time>2026-08-19T23:22:03.000Z</time>
        <extensions>
          <ns3:TrackPointExtension>
            <ns3:hr>146</ns3:hr>
            <ns3:cad>89</ns3:cad>
          </ns3:TrackPointExtension>
        </extensions>
      </trkpt>
      <trkpt lat="34.17650836519896984100341796875" lon="108.92708729021251201629638671875">
        <ele>469.399993896484375</ele>
        <time>2026-08-19T23:22:04.000Z</time>
        <extensions>
          <ns3:TrackPointExtension>
            <ns3:hr>145</ns3:hr>
            <ns3:cad>90</ns3:cad>
          </ns3:TrackPointExtension>
        </extensions>
      </trkpt>
      <trkpt lat="34.17650836519896984100341796875" lon="108.927053175866603851318359375">
        <ele>469.399993896484375</ele>
        <time>2026-08-19T23:22:05.000Z</time>
        <extensions>
          <ns3:TrackPointExtension>
            <ns3:hr>145</ns3:hr>
            <ns3:cad>89</ns3:cad>
          </ns3:TrackPointExtension>
        </extensions>
      </trkpt>
      <trkpt lat="34.17650601826608180999755859375" lon="108.92702911980450153350830078125">
        <ele>469.600006103515625</ele>
        <time>2026-08-19T23:22:06.000Z</time>
        <extensions>
          <ns3:TrackPointExtension>
            <ns3:hr>145</ns3:hr>
            <ns3:cad>88</ns3:cad>
          </ns3:TrackPointExtension>
        </extensions>
      </trkpt>
      <trkpt lat="34.17650878429412841796875" lon="108.92699894495308399200439453125">
        <ele>469.600006103515625</ele>
        <time>2026-08-19T23:22:07.000Z</time>
        <extensions>
          <ns3:TrackPointExtension>
            <ns3:hr>145</ns3:hr>
            <ns3:cad>88</ns3:cad>
          </ns3:TrackPointExtension>
        </extensions>
      </trkpt>
      <trkpt lat="34.1765079461038112640380859375" lon="108.92697782255709171295166015625">
        <ele>469.600006103515625</ele>
        <time>2026-08-19T23:22:08.000Z</time>
        <extensions>
          <ns3:TrackPointExtension>
            <ns3:hr>145</ns3:hr>
            <ns3:cad>88</ns3:cad>
          </ns3:TrackPointExtension>
        </extensions>
      </trkpt>
      <trkpt lat="34.17651020921766757965087890625" lon="108.92694680951535701751708984375">
        <ele>469.399993896484375</ele>
        <time>2026-08-19T23:22:09.000Z</time>
        <extensions>
          <ns3:TrackPointExtension>
            <ns3:hr>145</ns3:hr>
            <ns3:cad>89</ns3:cad>
          </ns3:TrackPointExtension>
        </extensions>
      </trkpt>
      <trkpt lat="34.176511131227016448974609375" lon="108.92692602239549160003662109375">
        <ele>469.399993896484375</ele>
        <time>2026-08-19T23:22:10.000Z</time>
        <extensions>
          <ns3:TrackPointExtension>
            <ns3:hr>146</ns3:hr>
            <ns3:cad>90</ns3:cad>
          </ns3:TrackPointExtension>
        </extensions>
      </trkpt>
      <trkpt lat="34.1765109635889530181884765625" lon="108.9269019663333892822265625">
        <ele>469.399993896484375</ele>
        <time>2026-08-19T23:22:11.000Z</time>
        <extensions>
          <ns3:TrackPointExtension>
            <ns3:hr>145</ns3:hr>
            <ns3:cad>90</ns3:cad>
          </ns3:TrackPointExtension>
        </extensions>
      </trkpt>
      <trkpt lat="34.176505096256732940673828125" lon="108.9268791675567626953125">
        <ele>469.399993896484375</ele>
        <time>2026-08-19T23:22:12.000Z</time>
        <extensions>
          <ns3:TrackPointExtension>
            <ns3:hr>146</ns3:hr>
            <ns3:cad>90</ns3:cad>
          </ns3:TrackPointExtension>
        </extensions>
      </trkpt>
      <trkpt lat="34.17650098912417888641357421875" lon="108.92684840597212314605712890625">
        <ele>469.399993896484375</ele>
        <time>2026-08-19T23:22:13.000Z</time>
        <extensions>
          <ns3:TrackPointExtension>
            <ns3:hr>146</ns3:hr>
            <ns3:cad>90</ns3:cad>
          </ns3:TrackPointExtension>
        </extensions>
      </trkpt>
      <trkpt lat="34.17650015093386173248291015625" lon="108.92681772820651531219482421875">
        <ele>469.399993896484375</ele>
        <time>2026-08-19T23:22:14.000Z</time>
        <extensions>
          <ns3:TrackPointExtension>
            <ns3:hr>146</ns3:hr>
            <ns3:cad>89</ns3:cad>
          </ns3:TrackPointExtension>
        </extensions>
      </trkpt>
      <trkpt lat="34.17649830691516399383544921875" lon="108.92678755335509777069091796875">
        <ele>469.399993896484375</ele>
        <time>2026-08-19T23:22:15.000Z</time>
        <extensions>
          <ns3:TrackPointExtension>
            <ns3:hr>146</ns3:hr>
            <ns3:cad>89</ns3:cad>
          </ns3:TrackPointExtension>
        </extensions>
      </trkpt>
      <trkpt lat="34.17649931274354457855224609375" lon="108.92676173709332942962646484375">
        <ele>469.399993896484375</ele>
        <time>2026-08-19T23:22:16.000Z</time>
        <extensions>
          <ns3:TrackPointExtension>
            <ns3:hr>146</ns3:hr>
            <ns3:cad>89</ns3:cad>
          </ns3:TrackPointExtension>
        </extensions>
      </trkpt>
      <trkpt lat="34.17649813927710056304931640625" lon="108.926731981337070465087890625">
        <ele>469.399993896484375</ele>
        <time>2026-08-19T23:22:17.000Z</time>
        <extensions>
          <ns3:TrackPointExtension>
            <ns3:hr>145</ns3:hr>
            <ns3:cad>90</ns3:cad>
          </ns3:TrackPointExtension>
        </extensions>
      </trkpt>
      <trkpt lat="34.1764982230961322784423828125" lon="108.92671094276010990142822265625">
        <ele>469.399993896484375</ele>
        <time>2026-08-19T23:22:18.000Z</time>
        <extensions>
          <ns3:TrackPointExtension>
            <ns3:hr>146</ns3:hr>
            <ns3:cad>90</ns3:cad>
          </ns3:TrackPointExtension>
        </extensions>
      </trkpt>
      <trkpt lat="34.17649478651583194732666015625" lon="108.926684372127056121826171875">
        <ele>469.399993896484375</ele>
        <time>2026-08-19T23:22:19.000Z</time>
        <extensions>
          <ns3:TrackPointExtension>
            <ns3:hr>146</ns3:hr>
            <ns3:cad>90</ns3:cad>
          </ns3:TrackPointExtension>
        </extensions>
      </trkpt>
      <trkpt lat="34.17649176903069019317626953125" lon="108.9266644231975078582763671875">
        <ele>469.399993896484375</ele>
        <time>2026-08-19T23:22:20.000Z</time>
        <extensions>
          <ns3:TrackPointExtension>
            <ns3:hr>146</ns3:hr>
            <ns3:cad>90</ns3:cad>
          </ns3:TrackPointExtension>
        </extensions>
      </trkpt>
      <trkpt lat="34.17649227194488048553466796875" lon="108.9266352541744709014892578125">
        <ele>469.399993896484375</ele>
        <time>2026-08-19T23:22:21.000Z</time>
        <extensions>
          <ns3:TrackPointExtension>
            <ns3:hr>146</ns3:hr>
            <ns3:cad>90</ns3:cad>
          </ns3:TrackPointExtension>
        </extensions>
      </trkpt>
      <trkpt lat="34.1764941997826099395751953125" lon="108.92660885117948055267333984375">
        <ele>469.20001220703125</ele>
        <time>2026-08-19T23:22:22.000Z</time>
        <extensions>
          <ns3:TrackPointExtension>
            <ns3:hr>146</ns3:hr>
            <ns3:cad>90</ns3:cad>
          </ns3:TrackPointExtension>
        </extensions>
      </trkpt>
      <trkpt lat="34.17649604380130767822265625" lon="108.92658068798482418060302734375">
        <ele>469.20001220703125</ele>
        <time>2026-08-19T23:22:23.000Z</time>
        <extensions>
          <ns3:TrackPointExtension>
            <ns3:hr>146</ns3:hr>
            <ns3:cad>90</ns3:cad>
          </ns3:TrackPointExtension>
        </extensions>
      </trkpt>
      <trkpt lat="34.1764978878200054168701171875" lon="108.9265561290085315704345703125">
        <ele>469.20001220703125</ele>
        <time>2026-08-19T23:22:24.000Z</time>
        <extensions>
          <ns3:TrackPointExtension>
            <ns3:hr>146</ns3:hr>
            <ns3:cad>90</ns3:cad>
          </ns3:TrackPointExtension>
        </extensions>
      </trkpt>
      <trkpt lat="34.17649964801967144012451171875" lon="108.926526121795177459716796875">
        <ele>469.20001220703125</ele>
        <time>2026-08-19T23:22:25.000Z</time>
        <extensions>
          <ns3:TrackPointExtension>
            <ns3:hr>146</ns3:hr>
            <ns3:cad>90</ns3:cad>
          </ns3:TrackPointExtension>
        </extensions>
      </trkpt>
      <trkpt lat="34.17649880982935428619384765625" lon="108.9265004731714725494384765625">
        <ele>469.20001220703125</ele>
        <time>2026-08-19T23:22:26.000Z</time>
        <extensions>
          <ns3:TrackPointExtension>
            <ns3:hr>146</ns3:hr>
            <ns3:cad>89</ns3:cad>
          </ns3:TrackPointExtension>
        </extensions>
      </trkpt>
      <trkpt lat="34.17649495415389537811279296875" lon="108.92647021450102329254150390625">
        <ele>469.20001220703125</ele>
        <time>2026-08-19T23:22:27.000Z</time>
        <extensions>
          <ns3:TrackPointExtension>
            <ns3:hr>146</ns3:hr>
            <ns3:cad>90</ns3:cad>
          </ns3:TrackPointExtension>
        </extensions>
      </trkpt>
      <trkpt lat="34.1764928586781024932861328125" lon="108.92644666135311126708984375">
        <ele>469.20001220703125</ele>
        <time>2026-08-19T23:22:28.000Z</time>
        <extensions>
          <ns3:TrackPointExtension>
            <ns3:hr>147</ns3:hr>
            <ns3:cad>90</ns3:cad>
          </ns3:TrackPointExtension>
        </extensions>
      </trkpt>
      <trkpt lat="34.17648590169847011566162109375" lon="108.9264111220836639404296875">
        <ele>469.20001220703125</ele>
        <time>2026-08-19T23:22:29.000Z</time>
        <extensions>
          <ns3:TrackPointExtension>
            <ns3:hr>147</ns3:hr>
            <ns3:cad>90</ns3:cad>
          </ns3:TrackPointExtension>
        </extensions>
      </trkpt>
      <trkpt lat="34.17648405767977237701416015625" lon="108.92638639546930789947509765625">
        <ele>469.20001220703125</ele>
        <time>2026-08-19T23:22:30.000Z</time>
        <extensions>
          <ns3:TrackPointExtension>
            <ns3:hr>148</ns3:hr>
            <ns3:cad>91</ns3:cad>
          </ns3:TrackPointExtension>
        </extensions>
      </trkpt>
      <trkpt lat="34.17647735215723514556884765625" lon="108.9263536222279071807861328125">
        <ele>469.20001220703125</ele>
        <time>2026-08-19T23:22:31.000Z</time>
        <extensions>
          <ns3:TrackPointExtension>
            <ns3:hr>148</ns3:hr>
            <ns3:cad>90</ns3:cad>
          </ns3:TrackPointExtension>
        </extensions>
      </trkpt>
      <trkpt lat="34.1764760948717594146728515625" lon="108.9263321645557880401611328125">
        <ele>469.20001220703125</ele>
        <time>2026-08-19T23:22:32.000Z</time>
        <extensions>
          <ns3:TrackPointExtension>
            <ns3:hr>148</ns3:hr>
            <ns3:cad>90</ns3:cad>
          </ns3:TrackPointExtension>
        </extensions>
      </trkpt>
      <trkpt lat="34.17647064663469791412353515625" lon="108.92630182206630706787109375">
        <ele>469.20001220703125</ele>
        <time>2026-08-19T23:22:33.000Z</time>
        <extensions>
          <ns3:TrackPointExtension>
            <ns3:hr>148</ns3:hr>
            <ns3:cad>90</ns3:cad>
          </ns3:TrackPointExtension>
        </extensions>
      </trkpt>
      <trkpt lat="34.176468886435031890869140625" lon="108.92627910710871219635009765625">
        <ele>469.20001220703125</ele>
        <time>2026-08-19T23:22:34.000Z</time>
        <extensions>
          <ns3:TrackPointExtension>
            <ns3:hr>147</ns3:hr>
            <ns3:cad>90</ns3:cad>
          </ns3:TrackPointExtension>
        </extensions>
      </trkpt>
      <trkpt lat="34.17646813206374645233154296875" lon="108.9262475073337554931640625">
        <ele>469.20001220703125</ele>
        <time>2026-08-19T23:22:35.000Z</time>
        <extensions>
          <ns3:TrackPointExtension>
            <ns3:hr>147</ns3:hr>
            <ns3:cad>90</ns3:cad>
          </ns3:TrackPointExtension>
        </extensions>
      </trkpt>
      <trkpt lat="34.17647031135857105255126953125" lon="108.92622261308133602142333984375">
        <ele>469.20001220703125</ele>
        <time>2026-08-19T23:22:36.000Z</time>
        <extensions>
          <ns3:TrackPointExtension>
            <ns3:hr>147</ns3:hr>
            <ns3:cad>90</ns3:cad>
          </ns3:TrackPointExtension>
        </extensions>
      </trkpt>
      <trkpt lat="34.17647316120564937591552734375" lon="108.92619377933442592620849609375">
        <ele>469.20001220703125</ele>
        <time>2026-08-19T23:22:37.000Z</time>
        <extensions>
          <ns3:TrackPointExtension>
            <ns3:hr>147</ns3:hr>
            <ns3:cad>90</ns3:cad>
          </ns3:TrackPointExtension>
        </extensions>
      </trkpt>
      <trkpt lat="34.17647316120564937591552734375" lon="108.92616729252040386199951171875">
        <ele>469.20001220703125</ele>
        <time>2026-08-19T23:22:38.000Z</time>
        <extensions>
          <ns3:TrackPointExtension>
            <ns3:hr>147</ns3:hr>
            <ns3:cad>90</ns3:cad>
          </ns3:TrackPointExtension>
        </extensions>
      </trkpt>
      <trkpt lat="34.17647332884371280670166015625" lon="108.9261346869170665740966796875">
        <ele>469.20001220703125</ele>
        <time>2026-08-19T23:22:39.000Z</time>
        <extensions>
          <ns3:TrackPointExtension>
            <ns3:hr>147</ns3:hr>
            <ns3:cad>88</ns3:cad>
          </ns3:TrackPointExtension>
        </extensions>
      </trkpt>
      <trkpt lat="34.17647458612918853759765625" lon="108.92611406743526458740234375">
        <ele>469.20001220703125</ele>
        <time>2026-08-19T23:22:40.000Z</time>
        <extensions>
          <ns3:TrackPointExtension>
            <ns3:hr>147</ns3:hr>
            <ns3:cad>88</ns3:cad>
          </ns3:TrackPointExtension>
        </extensions>
      </trkpt>
      <trkpt lat="34.176474921405315399169921875" lon="108.92609068192541599273681640625">
        <ele>469</ele>
        <time>2026-08-19T23:22:41.000Z</time>
        <extensions>
          <ns3:TrackPointExtension>
            <ns3:hr>147</ns3:hr>
            <ns3:cad>88</ns3:cad>
          </ns3:TrackPointExtension>
        </extensions>
      </trkpt>
      <trkpt lat="34.17647500522434711456298828125" lon="108.92606620676815509796142578125">
        <ele>469</ele>
        <time>2026-08-19T23:22:42.000Z</time>
        <extensions>
          <ns3:TrackPointExtension>
            <ns3:hr>147</ns3:hr>
            <ns3:cad>89</ns3:cad>
          </ns3:TrackPointExtension>
        </extensions>
      </trkpt>
      <trkpt lat="34.176475591957569122314453125" lon="108.92604223452508449554443359375">
        <ele>469.20001220703125</ele>
        <time>2026-08-19T23:22:43.000Z</time>
        <extensions>
          <ns3:TrackPointExtension>
            <ns3:hr>147</ns3:hr>
            <ns3:cad>89</ns3:cad>
          </ns3:TrackPointExtension>
        </extensions>
      </trkpt>
      <trkpt lat="34.176476933062076568603515625" lon="108.926019854843616485595703125">
        <ele>469.20001220703125</ele>
        <time>2026-08-19T23:22:44.000Z</time>
        <extensions>
          <ns3:TrackPointExtension>
            <ns3:hr>146</ns3:hr>
            <ns3:cad>88</ns3:cad>
          </ns3:TrackPointExtension>
        </extensions>
      </trkpt>
      <trkpt lat="34.17648070491850376129150390625" lon="108.92599873244762420654296875">
        <ele>469.20001220703125</ele>
        <time>2026-08-19T23:22:45.000Z</time>
        <extensions>
          <ns3:TrackPointExtension>
            <ns3:hr>145</ns3:hr>
            <ns3:cad>87</ns3:cad>
          </ns3:TrackPointExtension>
        </extensions>
      </trkpt>
      <trkpt lat="34.17647969909012317657470703125" lon="108.925970233976840972900390625">
        <ele>469.20001220703125</ele>
        <time>2026-08-19T23:22:46.000Z</time>
        <extensions>
          <ns3:TrackPointExtension>
            <ns3:hr>143</ns3:hr>
            <ns3:cad>87</ns3:cad>
          </ns3:TrackPointExtension>
        </extensions>
      </trkpt>
      <trkpt lat="34.17647902853786945343017578125" lon="108.92594349570572376251220703125">
        <ele>469</ele>
        <time>2026-08-19T23:22:47.000Z</time>
        <extensions>
          <ns3:TrackPointExtension>
            <ns3:hr>143</ns3:hr>
            <ns3:cad>87</ns3:cad>
          </ns3:TrackPointExtension>
        </extensions>
      </trkpt>
      <trkpt lat="34.1764744184911251068115234375" lon="108.925910890102386474609375">
        <ele>469</ele>
        <time>2026-08-19T23:22:48.000Z</time>
        <extensions>
          <ns3:TrackPointExtension>
            <ns3:hr>143</ns3:hr>
            <ns3:cad>88</ns3:cad>
          </ns3:TrackPointExtension>
        </extensions>
      </trkpt>
      <trkpt lat="34.17646695859730243682861328125" lon="108.9258907735347747802734375">
        <ele>469</ele>
        <time>2026-08-19T23:22:49.000Z</time>
        <extensions>
          <ns3:TrackPointExtension>
            <ns3:hr>143</ns3:hr>
            <ns3:cad>88</ns3:cad>
          </ns3:TrackPointExtension>
        </extensions>
      </trkpt>
      <trkpt lat="34.17645438574254512786865234375" lon="108.92586085014045238494873046875">
        <ele>469</ele>
        <time>2026-08-19T23:22:50.000Z</time>
        <extensions>
          <ns3:TrackPointExtension>
            <ns3:hr>143</ns3:hr>
            <ns3:cad>88</ns3:cad>
          </ns3:TrackPointExtension>
        </extensions>
      </trkpt>
      <trkpt lat="34.1764455847442150115966796875" lon="108.92584023065865039825439453125">
        <ele>469</ele>
        <time>2026-08-19T23:22:51.000Z</time>
        <extensions>
          <ns3:TrackPointExtension>
            <ns3:hr>143</ns3:hr>
            <ns3:cad>88</ns3:cad>
          </ns3:TrackPointExtension>
        </extensions>
      </trkpt>
      <trkpt lat="34.17642588727176189422607421875" lon="108.925818689167499542236328125">
        <ele>469</ele>
        <time>2026-08-19T23:22:52.000Z</time>
        <extensions>
          <ns3:TrackPointExtension>
            <ns3:hr>143</ns3:hr>
            <ns3:cad>87</ns3:cad>
          </ns3:TrackPointExtension>
        </extensions>
      </trkpt>
      <trkpt lat="34.17641046456992626190185546875" lon="108.925805948674678802490234375">
        <ele>468.79998779296875</ele>
        <time>2026-08-19T23:22:53.000Z</time>
        <extensions>
          <ns3:TrackPointExtension>
            <ns3:hr>143</ns3:hr>
            <ns3:cad>87</ns3:cad>
          </ns3:TrackPointExtension>
        </extensions>
      </trkpt>
      <trkpt lat="34.17638649232685565948486328125" lon="108.925796560943126678466796875">
        <ele>468.79998779296875</ele>
        <time>2026-08-19T23:22:54.000Z</time>
        <extensions>
          <ns3:TrackPointExtension>
            <ns3:hr>143</ns3:hr>
            <ns3:cad>87</ns3:cad>
          </ns3:TrackPointExtension>
        </extensions>
      </trkpt>
      <trkpt lat="34.17636687867343425750732421875" lon="108.9257916994392871856689453125">
        <ele>468.79998779296875</ele>
        <time>2026-08-19T23:22:55.000Z</time>
        <extensions>
          <ns3:TrackPointExtension>
            <ns3:hr>143</ns3:hr>
            <ns3:cad>87</ns3:cad>
          </ns3:TrackPointExtension>
        </extensions>
      </trkpt>
      <trkpt lat="34.17634089477360248565673828125" lon="108.9257848262786865234375">
        <ele>468.79998779296875</ele>
        <time>2026-08-19T23:22:56.000Z</time>
        <extensions>
          <ns3:TrackPointExtension>
            <ns3:hr>143</ns3:hr>
            <ns3:cad>88</ns3:cad>
          </ns3:TrackPointExtension>
        </extensions>
      </trkpt>
      <trkpt lat="34.17632438242435455322265625" lon="108.9257823117077350616455078125">
        <ele>468.79998779296875</ele>
        <time>2026-08-19T23:22:57.000Z</time>
        <extensions>
          <ns3:TrackPointExtension>
            <ns3:hr>143</ns3:hr>
            <ns3:cad>88</ns3:cad>
          </ns3:TrackPointExtension>
        </extensions>
      </trkpt>
      <trkpt lat="34.1762967221438884735107421875" lon="108.92578440718352794647216796875">
        <ele>468.79998779296875</ele>
        <time>2026-08-19T23:22:58.000Z</time>
        <extensions>
          <ns3:TrackPointExtension>
            <ns3:hr>143</ns3:hr>
            <ns3:cad>88</ns3:cad>
          </ns3:TrackPointExtension>
        </extensions>
      </trkpt>
      <trkpt lat="34.17627417482435703277587890625" lon="108.92578281462192535400390625">
        <ele>468.79998779296875</ele>
        <time>2026-08-19T23:22:59.000Z</time>
        <extensions>
          <ns3:TrackPointExtension>
            <ns3:hr>143</ns3:hr>
            <ns3:cad>88</ns3:cad>
          </ns3:TrackPointExtension>
        </extensions>
      </trkpt>
      <trkpt lat="34.17625330388545989990234375" lon="108.92578591592609882354736328125">
        <ele>468.79998779296875</ele>
        <time>2026-08-19T23:23:00.000Z</time>
        <extensions>
          <ns3:TrackPointExtension>
            <ns3:hr>143</ns3:hr>
            <ns3:cad>88</ns3:cad>
          </ns3:TrackPointExtension>
        </extensions>
      </trkpt>
      <trkpt lat="34.1762320138514041900634765625" lon="108.9257876761257648468017578125">
        <ele>468.600006103515625</ele>
        <time>2026-08-19T23:23:01.000Z</time>
        <extensions>
          <ns3:TrackPointExtension>
            <ns3:hr>144</ns3:hr>
            <ns3:cad>90</ns3:cad>
          </ns3:TrackPointExtension>
        </extensions>
      </trkpt>
      <trkpt lat="34.17621131055057048797607421875" lon="108.92579345963895320892333984375">
        <ele>468.600006103515625</ele>
        <time>2026-08-19T23:23:02.000Z</time>
        <extensions>
          <ns3:TrackPointExtension>
            <ns3:hr>144</ns3:hr>
            <ns3:cad>90</ns3:cad>
          </ns3:TrackPointExtension>
        </extensions>
      </trkpt>
      <trkpt lat="34.17619152925908565521240234375" lon="108.925797231495380401611328125">
        <ele>468.600006103515625</ele>
        <time>2026-08-19T23:23:03.000Z</time>
        <extensions>
          <ns3:TrackPointExtension>
            <ns3:hr>144</ns3:hr>
            <ns3:cad>90</ns3:cad>
          </ns3:TrackPointExtension>
        </extensions>
      </trkpt>
      <trkpt lat="34.17617057450115680694580078125" lon="108.9258020929992198944091796875">
        <ele>468.600006103515625</ele>
        <time>2026-08-19T23:23:04.000Z</time>
        <extensions>
          <ns3:TrackPointExtension>
            <ns3:hr>144</ns3:hr>
            <ns3:cad>89</ns3:cad>
          </ns3:TrackPointExtension>
        </extensions>
      </trkpt>
      <trkpt lat="34.17614735662937164306640625" lon="108.92580368556082248687744140625">
        <ele>468.79998779296875</ele>
        <time>2026-08-19T23:23:05.000Z</time>
        <extensions>
          <ns3:TrackPointExtension>
            <ns3:hr>145</ns3:hr>
            <ns3:cad>88</ns3:cad>
          </ns3:TrackPointExtension>
        </extensions>
      </trkpt>
      <trkpt lat="34.17612782679498195648193359375" lon="108.9258057810366153717041015625">
        <ele>468.79998779296875</ele>
        <time>2026-08-19T23:23:06.000Z</time>
        <extensions>
          <ns3:TrackPointExtension>
            <ns3:hr>145</ns3:hr>
            <ns3:cad>88</ns3:cad>
          </ns3:TrackPointExtension>
        </extensions>
      </trkpt>
      <trkpt lat="34.176109135150909423828125" lon="108.92580670304596424102783203125">
        <ele>469</ele>
        <time>2026-08-19T23:23:07.000Z</time>
        <extensions>
          <ns3:TrackPointExtension>
            <ns3:hr>145</ns3:hr>
            <ns3:cad>88</ns3:cad>
          </ns3:TrackPointExtension>
        </extensions>
      </trkpt>
      <trkpt lat="34.17609547264873981475830078125" lon="108.92580955289304256439208984375">
        <ele>469</ele>
        <time>2026-08-19T23:23:08.000Z</time>
        <extensions>
          <ns3:TrackPointExtension>
            <ns3:hr>145</ns3:hr>
            <ns3:cad>88</ns3:cad>
          </ns3:TrackPointExtension>
        </extensions>
      </trkpt>
      <trkpt lat="34.17607787065207958221435546875" lon="108.9258121512830257415771484375">
        <ele>469</ele>
        <time>2026-08-19T23:23:09.000Z</time>
        <extensions>
          <ns3:TrackPointExtension>
            <ns3:hr>145</ns3:hr>
            <ns3:cad>89</ns3:cad>
          </ns3:TrackPointExtension>
        </extensions>
      </trkpt>
      <trkpt lat="34.17606412433087825775146484375" lon="108.92581491731107234954833984375">
        <ele>469</ele>
        <time>2026-08-19T23:23:10.000Z</time>
        <extensions>
          <ns3:TrackPointExtension>
            <ns3:hr>145</ns3:hr>
            <ns3:cad>88</ns3:cad>
          </ns3:TrackPointExtension>
        </extensions>
      </trkpt>
      <trkpt lat="34.1760422475636005401611328125" lon="108.92581575550138950347900390625">
        <ele>469</ele>
        <time>2026-08-19T23:23:11.000Z</time>
        <extensions>
          <ns3:TrackPointExtension>
            <ns3:hr>145</ns3:hr>
            <ns3:cad>88</ns3:cad>
          </ns3:TrackPointExtension>
        </extensions>
      </trkpt>
      <trkpt lat="34.17602204717695713043212890625" lon="108.92581910826265811920166015625">
        <ele>469</ele>
        <time>2026-08-19T23:23:12.000Z</time>
        <extensions>
          <ns3:TrackPointExtension>
            <ns3:hr>146</ns3:hr>
            <ns3:cad>88</ns3:cad>
          </ns3:TrackPointExtension>
        </extensions>
      </trkpt>
      <trkpt lat="34.1759959794580936431884765625" lon="108.9258191920816898345947265625">
        <ele>469</ele>
        <time>2026-08-19T23:23:13.000Z</time>
        <extensions>
          <ns3:TrackPointExtension>
            <ns3:hr>145</ns3:hr>
            <ns3:cad>89</ns3:cad>
          </ns3:TrackPointExtension>
        </extensions>
      </trkpt>
      <trkpt lat="34.17597561143338680267333984375" lon="108.925820030272006988525390625">
        <ele>469</ele>
        <time>2026-08-19T23:23:14.000Z</time>
        <extensions>
          <ns3:TrackPointExtension>
            <ns3:hr>145</ns3:hr>
            <ns3:cad>90</ns3:cad>
          </ns3:TrackPointExtension>
        </extensions>
      </trkpt>
      <trkpt lat="34.1759497113525867462158203125" lon="108.92581910826265811920166015625">
        <ele>469</ele>
        <time>2026-08-19T23:23:15.000Z</time>
        <extensions>
          <ns3:TrackPointExtension>
            <ns3:hr>144</ns3:hr>
            <ns3:cad>90</ns3:cad>
          </ns3:TrackPointExtension>
        </extensions>
      </trkpt>
      <trkpt lat="34.1759289242327213287353515625" lon="108.9258208684623241424560546875">
        <ele>469</ele>
        <time>2026-08-19T23:23:16.000Z</time>
        <extensions>
          <ns3:TrackPointExtension>
            <ns3:hr>144</ns3:hr>
            <ns3:cad>90</ns3:cad>
          </ns3:TrackPointExtension>
        </extensions>
      </trkpt>
      <trkpt lat="34.17590771801769733428955078125" lon="108.9258228801190853118896484375">
        <ele>469</ele>
        <time>2026-08-19T23:23:17.000Z</time>
        <extensions>
          <ns3:TrackPointExtension>
            <ns3:hr>144</ns3:hr>
            <ns3:cad>90</ns3:cad>
          </ns3:TrackPointExtension>
        </extensions>
      </trkpt>
      <trkpt lat="34.17589078657329082489013671875" lon="108.9258290827274322509765625">
        <ele>469</ele>
        <time>2026-08-19T23:23:18.000Z</time>
        <extensions>
          <ns3:TrackPointExtension>
            <ns3:hr>144</ns3:hr>
            <ns3:cad>90</ns3:cad>
          </ns3:TrackPointExtension>
        </extensions>
      </trkpt>
      <trkpt lat="34.175864048302173614501953125" lon="108.925834111869335174560546875">
        <ele>469</ele>
        <time>2026-08-19T23:23:19.000Z</time>
        <extensions>
          <ns3:TrackPointExtension>
            <ns3:hr>144</ns3:hr>
            <ns3:cad>90</ns3:cad>
          </ns3:TrackPointExtension>
        </extensions>
      </trkpt>
      <trkpt lat="34.1758449375629425048828125" lon="108.9258372969925403594970703125">
        <ele>469</ele>
        <time>2026-08-19T23:23:20.000Z</time>
        <extensions>
          <ns3:TrackPointExtension>
            <ns3:hr>143</ns3:hr>
            <ns3:cad>90</ns3:cad>
          </ns3:TrackPointExtension>
        </extensions>
      </trkpt>
      <trkpt lat="34.1758182831108570098876953125" lon="108.92584090121090412139892578125">
        <ele>469</ele>
        <time>2026-08-19T23:23:21.000Z</time>
        <extensions>
          <ns3:TrackPointExtension>
            <ns3:hr>143</ns3:hr>
            <ns3:cad>90</ns3:cad>
          </ns3:TrackPointExtension>
        </extensions>
      </trkpt>
      <trkpt lat="34.1758035309612751007080078125" lon="108.92584878019988536834716796875">
        <ele>469</ele>
        <time>2026-08-19T23:23:22.000Z</time>
        <extensions>
          <ns3:TrackPointExtension>
            <ns3:hr>143</ns3:hr>
            <ns3:cad>89</ns3:cad>
          </ns3:TrackPointExtension>
        </extensions>
      </trkpt>
      <trkpt lat="34.17577427811920642852783203125" lon="108.92585121095180511474609375">
        <ele>469</ele>
        <time>2026-08-19T23:23:23.000Z</time>
        <extensions>
          <ns3:TrackPointExtension>
            <ns3:hr>143</ns3:hr>
            <ns3:cad>89</ns3:cad>
          </ns3:TrackPointExtension>
        </extensions>
      </trkpt>
      <trkpt lat="34.17575650848448276519775390625" lon="108.9258560724556446075439453125">
        <ele>469</ele>
        <time>2026-08-19T23:23:24.000Z</time>
        <extensions>
          <ns3:TrackPointExtension>
            <ns3:hr>144</ns3:hr>
            <ns3:cad>89</ns3:cad>
          </ns3:TrackPointExtension>
        </extensions>
      </trkpt>
      <trkpt lat="34.17573018930852413177490234375" lon="108.92584760673344135284423828125">
        <ele>469</ele>
        <time>2026-08-19T23:23:25.000Z</time>
        <extensions>
          <ns3:TrackPointExtension>
            <ns3:hr>143</ns3:hr>
            <ns3:cad>89</ns3:cad>
          </ns3:TrackPointExtension>
        </extensions>
      </trkpt>
      <trkpt lat="34.17571158148348331451416015625" lon="108.92584308050572872161865234375">
        <ele>469</ele>
        <time>2026-08-19T23:23:26.000Z</time>
        <extensions>
          <ns3:TrackPointExtension>
            <ns3:hr>143</ns3:hr>
            <ns3:cad>89</ns3:cad>
          </ns3:TrackPointExtension>
        </extensions>
      </trkpt>
      <trkpt lat="34.17568392120301723480224609375" lon="108.92583536915481090545654296875">
        <ele>469</ele>
        <time>2026-08-19T23:23:27.000Z</time>
        <extensions>
          <ns3:TrackPointExtension>
            <ns3:hr>143</ns3:hr>
            <ns3:cad>89</ns3:cad>
          </ns3:TrackPointExtension>
        </extensions>
      </trkpt>
      <trkpt lat="34.1756664030253887176513671875" lon="108.92583603970706462860107421875">
        <ele>469</ele>
        <time>2026-08-19T23:23:28.000Z</time>
        <extensions>
          <ns3:TrackPointExtension>
            <ns3:hr>143</ns3:hr>
            <ns3:cad>89</ns3:cad>
          </ns3:TrackPointExtension>
        </extensions>
      </trkpt>
      <trkpt lat="34.17564419098198413848876953125" lon="108.9258376322686672210693359375">
        <ele>469.20001220703125</ele>
        <time>2026-08-19T23:23:29.000Z</time>
        <extensions>
          <ns3:TrackPointExtension>
            <ns3:hr>143</ns3:hr>
            <ns3:cad>88</ns3:cad>
          </ns3:TrackPointExtension>
        </extensions>
      </trkpt>
      <trkpt lat="34.1756303608417510986328125" lon="108.9258371293544769287109375">
        <ele>469.20001220703125</ele>
        <time>2026-08-19T23:23:30.000Z</time>
        <extensions>
          <ns3:TrackPointExtension>
            <ns3:hr>143</ns3:hr>
            <ns3:cad>88</ns3:cad>
          </ns3:TrackPointExtension>
        </extensions>
      </trkpt>
      <trkpt lat="34.1756115853786468505859375" lon="108.9258352853357791900634765625">
        <ele>469.20001220703125</ele>
        <time>2026-08-19T23:23:31.000Z</time>
        <extensions>
          <ns3:TrackPointExtension>
            <ns3:hr>143</ns3:hr>
            <ns3:cad>88</ns3:cad>
          </ns3:TrackPointExtension>
        </extensions>
      </trkpt>
      <trkpt lat="34.17558954097330570220947265625" lon="108.925835452973842620849609375">
        <ele>469.20001220703125</ele>
        <time>2026-08-19T23:23:32.000Z</time>
        <extensions>
          <ns3:TrackPointExtension>
            <ns3:hr>142</ns3:hr>
            <ns3:cad>88</ns3:cad>
          </ns3:TrackPointExtension>
        </extensions>
      </trkpt>
      <trkpt lat="34.17556858621537685394287109375" lon="108.92583704553544521331787109375">
        <ele>469.20001220703125</ele>
        <time>2026-08-19T23:23:33.000Z</time>
        <extensions>
          <ns3:TrackPointExtension>
            <ns3:hr>142</ns3:hr>
            <ns3:cad>88</ns3:cad>
          </ns3:TrackPointExtension>
        </extensions>
      </trkpt>
      <trkpt lat="34.17554595507681369781494140625" lon="108.9258376322686672210693359375">
        <ele>469.20001220703125</ele>
        <time>2026-08-19T23:23:34.000Z</time>
        <extensions>
          <ns3:TrackPointExtension>
            <ns3:hr>142</ns3:hr>
            <ns3:cad>89</ns3:cad>
          </ns3:TrackPointExtension>
        </extensions>
      </trkpt>
      <trkpt lat="34.1755249164998531341552734375" lon="108.92584073357284069061279296875">
        <ele>469.20001220703125</ele>
        <time>2026-08-19T23:23:35.000Z</time>
        <extensions>
          <ns3:TrackPointExtension>
            <ns3:hr>142</ns3:hr>
            <ns3:cad>88</ns3:cad>
          </ns3:TrackPointExtension>
        </extensions>
      </trkpt>
      <trkpt lat="34.17550018988549709320068359375" lon="108.9258451759815216064453125">
        <ele>469.20001220703125</ele>
        <time>2026-08-19T23:23:36.000Z</time>
        <extensions>
          <ns3:TrackPointExtension>
            <ns3:hr>142</ns3:hr>
            <ns3:cad>87</ns3:cad>
          </ns3:TrackPointExtension>
        </extensions>
      </trkpt>
      <trkpt lat="34.17548091150820255279541015625" lon="108.92584609799087047576904296875">
        <ele>469.20001220703125</ele>
        <time>2026-08-19T23:23:37.000Z</time>
        <extensions>
          <ns3:TrackPointExtension>
            <ns3:hr>142</ns3:hr>
            <ns3:cad>87</ns3:cad>
          </ns3:TrackPointExtension>
        </extensions>
      </trkpt>
      <trkpt lat="34.17545794509351253509521484375" lon="108.9258500374853610992431640625">
        <ele>469.20001220703125</ele>
        <time>2026-08-19T23:23:38.000Z</time>
        <extensions>
          <ns3:TrackPointExtension>
            <ns3:hr>142</ns3:hr>
            <ns3:cad>87</ns3:cad>
          </ns3:TrackPointExtension>
        </extensions>
      </trkpt>
      <trkpt lat="34.1754404269158840179443359375" lon="108.92585431225597858428955078125">
        <ele>469.20001220703125</ele>
        <time>2026-08-19T23:23:39.000Z</time>
        <extensions>
          <ns3:TrackPointExtension>
            <ns3:hr>142</ns3:hr>
            <ns3:cad>88</ns3:cad>
          </ns3:TrackPointExtension>
        </extensions>
      </trkpt>
      <trkpt lat="34.1754136048257350921630859375" lon="108.9258585870265960693359375">
        <ele>469.20001220703125</ele>
        <time>2026-08-19T23:23:40.000Z</time>
        <extensions>
          <ns3:TrackPointExtension>
            <ns3:hr>142</ns3:hr>
            <ns3:cad>88</ns3:cad>
          </ns3:TrackPointExtension>
        </extensions>
      </trkpt>
      <trkpt lat="34.17539541609585285186767578125" lon="108.92586504109203815460205078125">
        <ele>469.20001220703125</ele>
        <time>2026-08-19T23:23:41.000Z</time>
        <extensions>
          <ns3:TrackPointExtension>
            <ns3:hr>142</ns3:hr>
            <ns3:cad>88</ns3:cad>
          </ns3:TrackPointExtension>
        </extensions>
      </trkpt>
      <trkpt lat="34.1753683425486087799072265625" lon="108.92587023787200450897216796875">
        <ele>469.399993896484375</ele>
        <time>2026-08-19T23:23:42.000Z</time>
        <extensions>
          <ns3:TrackPointExtension>
            <ns3:hr>142</ns3:hr>
            <ns3:cad>88</ns3:cad>
          </ns3:TrackPointExtension>
        </extensions>
      </trkpt>
      <trkpt lat="34.17535166256129741668701171875" lon="108.9258741773664951324462890625">
        <ele>469.399993896484375</ele>
        <time>2026-08-19T23:23:43.000Z</time>
        <extensions>
          <ns3:TrackPointExtension>
            <ns3:hr>142</ns3:hr>
            <ns3:cad>88</ns3:cad>
          </ns3:TrackPointExtension>
        </extensions>
      </trkpt>
      <trkpt lat="34.1753272712230682373046875" lon="108.92587845213711261749267578125">
        <ele>469.399993896484375</ele>
        <time>2026-08-19T23:23:44.000Z</time>
        <extensions>
          <ns3:TrackPointExtension>
            <ns3:hr>143</ns3:hr>
            <ns3:cad>88</ns3:cad>
          </ns3:TrackPointExtension>
        </extensions>
      </trkpt>
      <trkpt lat="34.17530556209385395050048828125" lon="108.9258802123367786407470703125">
        <ele>469.399993896484375</ele>
        <time>2026-08-19T23:23:45.000Z</time>
        <extensions>
          <ns3:TrackPointExtension>
            <ns3:hr>143</ns3:hr>
            <ns3:cad>88</ns3:cad>
          </ns3:TrackPointExtension>
        </extensions>
      </trkpt>
      <trkpt lat="34.1752805002033710479736328125" lon="108.925881050527095794677734375">
        <ele>469.399993896484375</ele>
        <time>2026-08-19T23:23:46.000Z</time>
        <extensions>
          <ns3:TrackPointExtension>
            <ns3:hr>144</ns3:hr>
            <ns3:cad>88</ns3:cad>
          </ns3:TrackPointExtension>
        </extensions>
      </trkpt>
      <trkpt lat="34.1752590425312519073486328125" lon="108.92588281072676181793212890625">
        <ele>469.399993896484375</ele>
        <time>2026-08-19T23:23:47.000Z</time>
        <extensions>
          <ns3:TrackPointExtension>
            <ns3:hr>144</ns3:hr>
            <ns3:cad>89</ns3:cad>
          </ns3:TrackPointExtension>
        </extensions>
      </trkpt>
      <trkpt lat="34.175239093601703643798828125" lon="108.9258818887174129486083984375">
        <ele>469.399993896484375</ele>
        <time>2026-08-19T23:23:48.000Z</time>
        <extensions>
          <ns3:TrackPointExtension>
            <ns3:hr>145</ns3:hr>
            <ns3:cad>89</ns3:cad>
          </ns3:TrackPointExtension>
        </extensions>
      </trkpt>
      <trkpt lat="34.1752188093960285186767578125" lon="108.92588230781257152557373046875">
        <ele>469.399993896484375</ele>
        <time>2026-08-19T23:23:49.000Z</time>
        <extensions>
          <ns3:TrackPointExtension>
            <ns3:hr>145</ns3:hr>
            <ns3:cad>89</ns3:cad>
          </ns3:TrackPointExtension>
        </extensions>
      </trkpt>
      <trkpt lat="34.1751958429813385009765625" lon="108.9258849062025547027587890625">
        <ele>469.399993896484375</ele>
        <time>2026-08-19T23:23:50.000Z</time>
        <extensions>
          <ns3:TrackPointExtension>
            <ns3:hr>145</ns3:hr>
            <ns3:cad>89</ns3:cad>
          </ns3:TrackPointExtension>
        </extensions>
      </trkpt>
      <trkpt lat="34.17517480440437793731689453125" lon="108.92588683404028415679931640625">
        <ele>469.399993896484375</ele>
        <time>2026-08-19T23:23:51.000Z</time>
        <extensions>
          <ns3:TrackPointExtension>
            <ns3:hr>145</ns3:hr>
            <ns3:cad>90</ns3:cad>
          </ns3:TrackPointExtension>
        </extensions>
      </trkpt>
      <trkpt lat="34.17515183798968791961669921875" lon="108.92588767223060131072998046875">
        <ele>469.600006103515625</ele>
        <time>2026-08-19T23:23:52.000Z</time>
        <extensions>
          <ns3:TrackPointExtension>
            <ns3:hr>145</ns3:hr>
            <ns3:cad>91</ns3:cad>
          </ns3:TrackPointExtension>
        </extensions>
      </trkpt>
      <trkpt lat="34.17513272725045680999755859375" lon="108.9258899353444576263427734375">
        <ele>469.600006103515625</ele>
        <time>2026-08-19T23:23:53.000Z</time>
        <extensions>
          <ns3:TrackPointExtension>
            <ns3:hr>145</ns3:hr>
            <ns3:cad>91</ns3:cad>
          </ns3:TrackPointExtension>
        </extensions>
      </trkpt>
      <trkpt lat="34.1751081682741641998291015625" lon="108.92589337192475795745849609375">
        <ele>469.600006103515625</ele>
        <time>2026-08-19T23:23:54.000Z</time>
        <extensions>
          <ns3:TrackPointExtension>
            <ns3:hr>145</ns3:hr>
            <ns3:cad>91</ns3:cad>
          </ns3:TrackPointExtension>
        </extensions>
      </trkpt>
      <trkpt lat="34.1750873811542987823486328125" lon="108.925899825990200042724609375">
        <ele>469.600006103515625</ele>
        <time>2026-08-19T23:23:55.000Z</time>
        <extensions>
          <ns3:TrackPointExtension>
            <ns3:hr>145</ns3:hr>
            <ns3:cad>90</ns3:cad>
          </ns3:TrackPointExtension>
        </extensions>
      </trkpt>
      <trkpt lat="34.1750652529299259185791015625" lon="108.925903849303722381591796875">
        <ele>469.600006103515625</ele>
        <time>2026-08-19T23:23:56.000Z</time>
        <extensions>
          <ns3:TrackPointExtension>
            <ns3:hr>145</ns3:hr>
            <ns3:cad>91</ns3:cad>
          </ns3:TrackPointExtension>
        </extensions>
      </trkpt>
      <trkpt lat="34.17504354380071163177490234375" lon="108.92591214738786220550537109375">
        <ele>469.79998779296875</ele>
        <time>2026-08-19T23:23:57.000Z</time>
        <extensions>
          <ns3:TrackPointExtension>
            <ns3:hr>145</ns3:hr>
            <ns3:cad>91</ns3:cad>
          </ns3:TrackPointExtension>
        </extensions>
      </trkpt>
      <trkpt lat="34.17502258904278278350830078125" lon="108.9259237982332706451416015625">
        <ele>469.79998779296875</ele>
        <time>2026-08-19T23:23:58.000Z</time>
        <extensions>
          <ns3:TrackPointExtension>
            <ns3:hr>145</ns3:hr>
            <ns3:cad>91</ns3:cad>
          </ns3:TrackPointExtension>
        </extensions>
      </trkpt>
      <trkpt lat="34.1750042326748371124267578125" lon="108.92593259923160076141357421875">
        <ele>469.79998779296875</ele>
        <time>2026-08-19T23:23:59.000Z</time>
        <extensions>
          <ns3:TrackPointExtension>
            <ns3:hr>145</ns3:hr>
            <ns3:cad>91</ns3:cad>
          </ns3:TrackPointExtension>
        </extensions>
      </trkpt>
      <trkpt lat="34.1749847866594791412353515625" lon="108.925948441028594970703125">
        <ele>469.79998779296875</ele>
        <time>2026-08-19T23:24:00.000Z</time>
        <extensions>
          <ns3:TrackPointExtension>
            <ns3:hr>146</ns3:hr>
            <ns3:cad>91</ns3:cad>
          </ns3:TrackPointExtension>
        </extensions>
      </trkpt>
      <trkpt lat="34.17497254908084869384765625" lon="108.92596998251974582672119140625">
        <ele>469.79998779296875</ele>
        <time>2026-08-19T23:24:01.000Z</time>
        <extensions>
          <ns3:TrackPointExtension>
            <ns3:hr>146</ns3:hr>
            <ns3:cad>89</ns3:cad>
          </ns3:TrackPointExtension>
        </extensions>
      </trkpt>
      <trkpt lat="34.17496207170188426971435546875" lon="108.92599713988602161407470703125">
        <ele>469.79998779296875</ele>
        <time>2026-08-19T23:24:02.000Z</time>
        <extensions>
          <ns3:TrackPointExtension>
            <ns3:hr>146</ns3:hr>
            <ns3:cad>89</ns3:cad>
          </ns3:TrackPointExtension>
        </extensions>
      </trkpt>
      <trkpt lat="34.17495469562709331512451171875" lon="108.92601993866264820098876953125">
        <ele>469.79998779296875</ele>
        <time>2026-08-19T23:24:03.000Z</time>
        <extensions>
          <ns3:TrackPointExtension>
            <ns3:hr>146</ns3:hr>
            <ns3:cad>89</ns3:cad>
          </ns3:TrackPointExtension>
        </extensions>
      </trkpt>
      <trkpt lat="34.1749475710093975067138671875" lon="108.92604835331439971923828125">
        <ele>469.79998779296875</ele>
        <time>2026-08-19T23:24:04.000Z</time>
        <extensions>
          <ns3:TrackPointExtension>
            <ns3:hr>146</ns3:hr>
            <ns3:cad>89</ns3:cad>
          </ns3:TrackPointExtension>
        </extensions>
      </trkpt>
      <trkpt lat="34.174940697848796844482421875" lon="108.926070816814899444580078125">
        <ele>469.600006103515625</ele>
        <time>2026-08-19T23:24:05.000Z</time>
        <extensions>
          <ns3:TrackPointExtension>
            <ns3:hr>146</ns3:hr>
            <ns3:cad>90</ns3:cad>
          </ns3:TrackPointExtension>
        </extensions>
      </trkpt>
      <trkpt lat="34.17493374086916446685791015625" lon="108.9260988123714923858642578125">
        <ele>469.600006103515625</ele>
        <time>2026-08-19T23:24:06.000Z</time>
        <extensions>
          <ns3:TrackPointExtension>
            <ns3:hr>146</ns3:hr>
            <ns3:cad>90</ns3:cad>
          </ns3:TrackPointExtension>
        </extensions>
      </trkpt>
      <trkpt lat="34.174928627908229827880859375" lon="108.92612236551940441131591796875">
        <ele>469.600006103515625</ele>
        <time>2026-08-19T23:24:07.000Z</time>
        <extensions>
          <ns3:TrackPointExtension>
            <ns3:hr>146</ns3:hr>
            <ns3:cad>90</ns3:cad>
          </ns3:TrackPointExtension>
        </extensions>
      </trkpt>
      <trkpt lat="34.1749197430908679962158203125" lon="108.92614667303860187530517578125">
        <ele>469.600006103515625</ele>
        <time>2026-08-19T23:24:08.000Z</time>
        <extensions>
          <ns3:TrackPointExtension>
            <ns3:hr>146</ns3:hr>
            <ns3:cad>90</ns3:cad>
          </ns3:TrackPointExtension>
        </extensions>
      </trkpt>
      <trkpt lat="34.17491496540606021881103515625" lon="108.92616611905395984649658203125">
        <ele>469.600006103515625</ele>
        <time>2026-08-19T23:24:09.000Z</time>
        <extensions>
          <ns3:TrackPointExtension>
            <ns3:hr>146</ns3:hr>
            <ns3:cad>89</ns3:cad>
          </ns3:TrackPointExtension>
        </extensions>
      </trkpt>
      <trkpt lat="34.17490859515964984893798828125" lon="108.92619042657315731048583984375">
        <ele>469.399993896484375</ele>
        <time>2026-08-19T23:24:10.000Z</time>
        <extensions>
          <ns3:TrackPointExtension>
            <ns3:hr>147</ns3:hr>
            <ns3:cad>90</ns3:cad>
          </ns3:TrackPointExtension>
        </extensions>
      </trkpt>
      <trkpt lat="34.1749019734561443328857421875" lon="108.9262104593217372894287109375">
        <ele>469.399993896484375</ele>
        <time>2026-08-19T23:24:11.000Z</time>
        <extensions>
          <ns3:TrackPointExtension>
            <ns3:hr>147</ns3:hr>
            <ns3:cad>90</ns3:cad>
          </ns3:TrackPointExtension>
        </extensions>
      </trkpt>
      <trkpt lat="34.17489610612392425537109375" lon="108.9262362755835056304931640625">
        <ele>469.399993896484375</ele>
        <time>2026-08-19T23:24:12.000Z</time>
        <extensions>
          <ns3:TrackPointExtension>
            <ns3:hr>147</ns3:hr>
            <ns3:cad>89</ns3:cad>
          </ns3:TrackPointExtension>
        </extensions>
      </trkpt>
      <trkpt lat="34.17488998733460903167724609375" lon="108.92625647597014904022216796875">
        <ele>469.399993896484375</ele>
        <time>2026-08-19T23:24:13.000Z</time>
        <extensions>
          <ns3:TrackPointExtension>
            <ns3:hr>147</ns3:hr>
            <ns3:cad>88</ns3:cad>
          </ns3:TrackPointExtension>
        </extensions>
      </trkpt>
      <trkpt lat="34.174882359802722930908203125" lon="108.926281370222568511962890625">
        <ele>469.20001220703125</ele>
        <time>2026-08-19T23:24:14.000Z</time>
        <extensions>
          <ns3:TrackPointExtension>
            <ns3:hr>147</ns3:hr>
            <ns3:cad>88</ns3:cad>
          </ns3:TrackPointExtension>
        </extensions>
      </trkpt>
      <trkpt lat="34.17487875558435916900634765625" lon="108.92630190588533878326416015625">
        <ele>469.20001220703125</ele>
        <time>2026-08-19T23:24:15.000Z</time>
        <extensions>
          <ns3:TrackPointExtension>
            <ns3:hr>147</ns3:hr>
            <ns3:cad>88</ns3:cad>
          </ns3:TrackPointExtension>
        </extensions>
      </trkpt>
      <trkpt lat="34.17486936785280704498291015625" lon="108.92632906325161457061767578125">
        <ele>469.20001220703125</ele>
        <time>2026-08-19T23:24:16.000Z</time>
        <extensions>
          <ns3:TrackPointExtension>
            <ns3:hr>148</ns3:hr>
            <ns3:cad>88</ns3:cad>
          </ns3:TrackPointExtension>
        </extensions>
      </trkpt>
      <trkpt lat="34.1748634167015552520751953125" lon="108.92635320313274860382080078125">
        <ele>469.20001220703125</ele>
        <time>2026-08-19T23:24:17.000Z</time>
        <extensions>
          <ns3:TrackPointExtension>
            <ns3:hr>147</ns3:hr>
            <ns3:cad>89</ns3:cad>
          </ns3:TrackPointExtension>
        </extensions>
      </trkpt>
      <trkpt lat="34.174854867160320281982421875" lon="108.9263797737658023834228515625">
        <ele>469.20001220703125</ele>
        <time>2026-08-19T23:24:18.000Z</time>
        <extensions>
          <ns3:TrackPointExtension>
            <ns3:hr>147</ns3:hr>
            <ns3:cad>89</ns3:cad>
          </ns3:TrackPointExtension>
        </extensions>
      </trkpt>
      <trkpt lat="34.1748516820371150970458984375" lon="108.9264035783708095550537109375">
        <ele>469.20001220703125</ele>
        <time>2026-08-19T23:24:19.000Z</time>
        <extensions>
          <ns3:TrackPointExtension>
            <ns3:hr>148</ns3:hr>
            <ns3:cad>89</ns3:cad>
          </ns3:TrackPointExtension>
        </extensions>
      </trkpt>
      <trkpt lat="34.1748483292758464813232421875" lon="108.92643316648900508880615234375">
        <ele>469.20001220703125</ele>
        <time>2026-08-19T23:24:20.000Z</time>
        <extensions>
          <ns3:TrackPointExtension>
            <ns3:hr>147</ns3:hr>
            <ns3:cad>89</ns3:cad>
          </ns3:TrackPointExtension>
        </extensions>
      </trkpt>
      <trkpt lat="34.17484623380005359649658203125" lon="108.9264605753123760223388671875">
        <ele>469.20001220703125</ele>
        <time>2026-08-19T23:24:21.000Z</time>
        <extensions>
          <ns3:TrackPointExtension>
            <ns3:hr>147</ns3:hr>
            <ns3:cad>90</ns3:cad>
          </ns3:TrackPointExtension>
        </extensions>
      </trkpt>
      <trkpt lat="34.17484153993427753448486328125" lon="108.9264917559921741485595703125">
        <ele>469.20001220703125</ele>
        <time>2026-08-19T23:24:22.000Z</time>
        <extensions>
          <ns3:TrackPointExtension>
            <ns3:hr>147</ns3:hr>
            <ns3:cad>90</ns3:cad>
          </ns3:TrackPointExtension>
        </extensions>
      </trkpt>
      <trkpt lat="34.1748426295816898345947265625" lon="108.92651547677814960479736328125">
        <ele>469</ele>
        <time>2026-08-19T23:24:23.000Z</time>
        <extensions>
          <ns3:TrackPointExtension>
            <ns3:hr>147</ns3:hr>
            <ns3:cad>90</ns3:cad>
          </ns3:TrackPointExtension>
        </extensions>
      </trkpt>
      <trkpt lat="34.1748382709920406341552734375" lon="108.9265450648963451385498046875">
        <ele>469</ele>
        <time>2026-08-19T23:24:24.000Z</time>
        <extensions>
          <ns3:TrackPointExtension>
            <ns3:hr>147</ns3:hr>
            <ns3:cad>90</ns3:cad>
          </ns3:TrackPointExtension>
        </extensions>
      </trkpt>
      <trkpt lat="34.1748389415442943572998046875" lon="108.92656945623457431793212890625">
        <ele>468.79998779296875</ele>
        <time>2026-08-19T23:24:25.000Z</time>
        <extensions>
          <ns3:TrackPointExtension>
            <ns3:hr>147</ns3:hr>
            <ns3:cad>90</ns3:cad>
          </ns3:TrackPointExtension>
        </extensions>
      </trkpt>
      <trkpt lat="34.17483315803110599517822265625" lon="108.92659879289567470550537109375">
        <ele>468.79998779296875</ele>
        <time>2026-08-19T23:24:26.000Z</time>
        <extensions>
          <ns3:TrackPointExtension>
            <ns3:hr>147</ns3:hr>
            <ns3:cad>90</ns3:cad>
          </ns3:TrackPointExtension>
        </extensions>
      </trkpt>
      <trkpt lat="34.17483039200305938720703125" lon="108.92662410624325275421142578125">
        <ele>468.600006103515625</ele>
        <time>2026-08-19T23:24:27.000Z</time>
        <extensions>
          <ns3:TrackPointExtension>
            <ns3:hr>147</ns3:hr>
            <ns3:cad>89</ns3:cad>
          </ns3:TrackPointExtension>
        </extensions>
      </trkpt>
      <trkpt lat="34.1748256981372833251953125" lon="108.9266513474285602569580078125">
        <ele>468.600006103515625</ele>
        <time>2026-08-19T23:24:28.000Z</time>
        <extensions>
          <ns3:TrackPointExtension>
            <ns3:hr>146</ns3:hr>
            <ns3:cad>89</ns3:cad>
          </ns3:TrackPointExtension>
        </extensions>
      </trkpt>
      <trkpt lat="34.17482410557568073272705078125" lon="108.926679678261280059814453125">
        <ele>468.600006103515625</ele>
        <time>2026-08-19T23:24:29.000Z</time>
        <extensions>
          <ns3:TrackPointExtension>
            <ns3:hr>147</ns3:hr>
            <ns3:cad>90</ns3:cad>
          </ns3:TrackPointExtension>
        </extensions>
      </trkpt>
      <trkpt lat="34.1748171485960483551025390625" lon="108.92670725472271442413330078125">
        <ele>468.399993896484375</ele>
        <time>2026-08-19T23:24:30.000Z</time>
        <extensions>
          <ns3:TrackPointExtension>
            <ns3:hr>147</ns3:hr>
            <ns3:cad>90</ns3:cad>
          </ns3:TrackPointExtension>
        </extensions>
      </trkpt>
      <trkpt lat="34.17481429874897003173828125" lon="108.92673156224191188812255859375">
        <ele>468.20001220703125</ele>
        <time>2026-08-19T23:24:31.000Z</time>
        <extensions>
          <ns3:TrackPointExtension>
            <ns3:hr>146</ns3:hr>
            <ns3:cad>89</ns3:cad>
          </ns3:TrackPointExtension>
        </extensions>
      </trkpt>
      <trkpt lat="34.17480164207518100738525390625" lon="108.9267599768936634063720703125">
        <ele>468.20001220703125</ele>
        <time>2026-08-19T23:24:32.000Z</time>
        <extensions>
          <ns3:TrackPointExtension>
            <ns3:hr>146</ns3:hr>
            <ns3:cad>89</ns3:cad>
          </ns3:TrackPointExtension>
        </extensions>
      </trkpt>
      <trkpt lat="34.1747987084090709686279296875" lon="108.926781602203845977783203125">
        <ele>468</ele>
        <time>2026-08-19T23:24:33.000Z</time>
        <extensions>
          <ns3:TrackPointExtension>
            <ns3:hr>146</ns3:hr>
            <ns3:cad>88</ns3:cad>
          </ns3:TrackPointExtension>
        </extensions>
      </trkpt>
      <trkpt lat="34.1747896559536457061767578125" lon="108.9268147945404052734375">
        <ele>468</ele>
        <time>2026-08-19T23:24:34.000Z</time>
        <extensions>
          <ns3:TrackPointExtension>
            <ns3:hr>146</ns3:hr>
            <ns3:cad>89</ns3:cad>
          </ns3:TrackPointExtension>
        </extensions>
      </trkpt>
      <trkpt lat="34.17478437535464763641357421875" lon="108.926837258040904998779296875">
        <ele>467.79998779296875</ele>
        <time>2026-08-19T23:24:35.000Z</time>
        <extensions>
          <ns3:TrackPointExtension>
            <ns3:hr>147</ns3:hr>
            <ns3:cad>89</ns3:cad>
          </ns3:TrackPointExtension>
        </extensions>
      </trkpt>
      <trkpt lat="34.17477884329855442047119140625" lon="108.9268612302839756011962890625">
        <ele>467.79998779296875</ele>
        <time>2026-08-19T23:24:36.000Z</time>
        <extensions>
          <ns3:TrackPointExtension>
            <ns3:hr>147</ns3:hr>
            <ns3:cad>89</ns3:cad>
          </ns3:TrackPointExtension>
        </extensions>
      </trkpt>
      <trkpt lat="34.1747722215950489044189453125" lon="108.926881514489650726318359375">
        <ele>467.79998779296875</ele>
        <time>2026-08-19T23:24:37.000Z</time>
        <extensions>
          <ns3:TrackPointExtension>
            <ns3:hr>147</ns3:hr>
            <ns3:cad>89</ns3:cad>
          </ns3:TrackPointExtension>
        </extensions>
      </trkpt>
      <trkpt lat="34.174765683710575103759765625" lon="108.92690607346594333648681640625">
        <ele>467.600006103515625</ele>
        <time>2026-08-19T23:24:38.000Z</time>
        <extensions>
          <ns3:TrackPointExtension>
            <ns3:hr>146</ns3:hr>
            <ns3:cad>88</ns3:cad>
          </ns3:TrackPointExtension>
        </extensions>
      </trkpt>
      <trkpt lat="34.1747547872364521026611328125" lon="108.92693205736577510833740234375">
        <ele>467.600006103515625</ele>
        <time>2026-08-19T23:24:39.000Z</time>
        <extensions>
          <ns3:TrackPointExtension>
            <ns3:hr>146</ns3:hr>
            <ns3:cad>88</ns3:cad>
          </ns3:TrackPointExtension>
        </extensions>
      </trkpt>
      <trkpt lat="34.1747460700571537017822265625" lon="108.92696022056043148040771484375">
        <ele>467.399993896484375</ele>
        <time>2026-08-19T23:24:40.000Z</time>
        <extensions>
          <ns3:TrackPointExtension>
            <ns3:hr>146</ns3:hr>
            <ns3:cad>88</ns3:cad>
          </ns3:TrackPointExtension>
        </extensions>
      </trkpt>
      <trkpt lat="34.1747350059449672698974609375" lon="108.92698000185191631317138671875">
        <ele>467.20001220703125</ele>
        <time>2026-08-19T23:24:41.000Z</time>
        <extensions>
          <ns3:TrackPointExtension>
            <ns3:hr>146</ns3:hr>
            <ns3:cad>88</ns3:cad>
          </ns3:TrackPointExtension>
        </extensions>
      </trkpt>
      <trkpt lat="34.17472452856600284576416015625" lon="108.927005231380462646484375">
        <ele>467.20001220703125</ele>
        <time>2026-08-19T23:24:42.000Z</time>
        <extensions>
          <ns3:TrackPointExtension>
            <ns3:hr>145</ns3:hr>
            <ns3:cad>89</ns3:cad>
          </ns3:TrackPointExtension>
        </extensions>
      </trkpt>
      <trkpt lat="34.17471413500607013702392578125" lon="108.92703230492770671844482421875">
        <ele>467</ele>
        <time>2026-08-19T23:24:43.000Z</time>
        <extensions>
          <ns3:TrackPointExtension>
            <ns3:hr>145</ns3:hr>
            <ns3:cad>90</ns3:cad>
          </ns3:TrackPointExtension>
        </extensions>
      </trkpt>
      <trkpt lat="34.17470122687518596649169921875" lon="108.92705745063722133636474609375">
        <ele>467</ele>
        <time>2026-08-19T23:24:44.000Z</time>
        <extensions>
          <ns3:TrackPointExtension>
            <ns3:hr>145</ns3:hr>
            <ns3:cad>89</ns3:cad>
          </ns3:TrackPointExtension>
        </extensions>
      </trkpt>
      <trkpt lat="34.17469368316233158111572265625" lon="108.9270808361470699310302734375">
        <ele>467</ele>
        <time>2026-08-19T23:24:45.000Z</time>
        <extensions>
          <ns3:TrackPointExtension>
            <ns3:hr>144</ns3:hr>
            <ns3:cad>89</ns3:cad>
          </ns3:TrackPointExtension>
        </extensions>
      </trkpt>
      <trkpt lat="34.17468932457268238067626953125" lon="108.9271063171327114105224609375">
        <ele>466.79998779296875</ele>
        <time>2026-08-19T23:24:46.000Z</time>
        <extensions>
          <ns3:TrackPointExtension>
            <ns3:hr>144</ns3:hr>
            <ns3:cad>89</ns3:cad>
          </ns3:TrackPointExtension>
        </extensions>
      </trkpt>
      <trkpt lat="34.17468831874430179595947265625" lon="108.9271334744989871978759765625">
        <ele>466.79998779296875</ele>
        <time>2026-08-19T23:24:47.000Z</time>
        <extensions>
          <ns3:TrackPointExtension>
            <ns3:hr>144</ns3:hr>
            <ns3:cad>88</ns3:cad>
          </ns3:TrackPointExtension>
        </extensions>
      </trkpt>
      <trkpt lat="34.1746877320110797882080078125" lon="108.927159793674945831298828125">
        <ele>466.600006103515625</ele>
        <time>2026-08-19T23:24:48.000Z</time>
        <extensions>
          <ns3:TrackPointExtension>
            <ns3:hr>143</ns3:hr>
            <ns3:cad>88</ns3:cad>
          </ns3:TrackPointExtension>
        </extensions>
      </trkpt>
      <trkpt lat="34.17468261905014514923095703125" lon="108.92718426883220672607421875">
        <ele>466.399993896484375</ele>
        <time>2026-08-19T23:24:49.000Z</time>
        <extensions>
          <ns3:TrackPointExtension>
            <ns3:hr>143</ns3:hr>
            <ns3:cad>88</ns3:cad>
          </ns3:TrackPointExtension>
        </extensions>
      </trkpt>
      <trkpt lat="34.1746781766414642333984375" lon="108.92720916308462619781494140625">
        <ele>466.399993896484375</ele>
        <time>2026-08-19T23:24:50.000Z</time>
        <extensions>
          <ns3:TrackPointExtension>
            <ns3:hr>143</ns3:hr>
            <ns3:cad>90</ns3:cad>
          </ns3:TrackPointExtension>
        </extensions>
      </trkpt>
      <trkpt lat="34.1746728122234344482421875" lon="108.92723464407026767730712890625">
        <ele>466.20001220703125</ele>
        <time>2026-08-19T23:24:51.000Z</time>
        <extensions>
          <ns3:TrackPointExtension>
            <ns3:hr>143</ns3:hr>
            <ns3:cad>89</ns3:cad>
          </ns3:TrackPointExtension>
        </extensions>
      </trkpt>
      <trkpt lat="34.17466669343411922454833984375" lon="108.92726146616041660308837890625">
        <ele>466.20001220703125</ele>
        <time>2026-08-19T23:24:52.000Z</time>
        <extensions>
          <ns3:TrackPointExtension>
            <ns3:hr>143</ns3:hr>
            <ns3:cad>88</ns3:cad>
          </ns3:TrackPointExtension>
        </extensions>
      </trkpt>
      <trkpt lat="34.17466065846383571624755859375" lon="108.9272870309650897979736328125">
        <ele>466</ele>
        <time>2026-08-19T23:24:53.000Z</time>
        <extensions>
          <ns3:TrackPointExtension>
            <ns3:hr>143</ns3:hr>
            <ns3:cad>88</ns3:cad>
          </ns3:TrackPointExtension>
        </extensions>
      </trkpt>
      <trkpt lat="34.174655377864837646484375" lon="108.92731393687427043914794921875">
        <ele>466</ele>
        <time>2026-08-19T23:24:54.000Z</time>
        <extensions>
          <ns3:TrackPointExtension>
            <ns3:hr>143</ns3:hr>
            <ns3:cad>88</ns3:cad>
          </ns3:TrackPointExtension>
        </extensions>
      </trkpt>
      <trkpt lat="34.17464741505682468414306640625" lon="108.92733857966959476470947265625">
        <ele>466</ele>
        <time>2026-08-19T23:24:55.000Z</time>
        <extensions>
          <ns3:TrackPointExtension>
            <ns3:hr>142</ns3:hr>
            <ns3:cad>90</ns3:cad>
          </ns3:TrackPointExtension>
        </extensions>
      </trkpt>
      <trkpt lat="34.17464154772460460662841796875" lon="108.92736540175974369049072265625">
        <ele>465.79998779296875</ele>
        <time>2026-08-19T23:24:56.000Z</time>
        <extensions>
          <ns3:TrackPointExtension>
            <ns3:hr>142</ns3:hr>
            <ns3:cad>90</ns3:cad>
          </ns3:TrackPointExtension>
        </extensions>
      </trkpt>
      <trkpt lat="34.174634255468845367431640625" lon="108.9273901283740997314453125">
        <ele>465.600006103515625</ele>
        <time>2026-08-19T23:24:57.000Z</time>
        <extensions>
          <ns3:TrackPointExtension>
            <ns3:hr>142</ns3:hr>
            <ns3:cad>90</ns3:cad>
          </ns3:TrackPointExtension>
        </extensions>
      </trkpt>
      <trkpt lat="34.17462964542210102081298828125" lon="108.9274141006171703338623046875">
        <ele>465.600006103515625</ele>
        <time>2026-08-19T23:24:58.000Z</time>
        <extensions>
          <ns3:TrackPointExtension>
            <ns3:hr>142</ns3:hr>
            <ns3:cad>90</ns3:cad>
          </ns3:TrackPointExtension>
        </extensions>
      </trkpt>
      <trkpt lat="34.17462327517569065093994140625" lon="108.92743865959346294403076171875">
        <ele>465.399993896484375</ele>
        <time>2026-08-19T23:24:59.000Z</time>
        <extensions>
          <ns3:TrackPointExtension>
            <ns3:hr>142</ns3:hr>
            <ns3:cad>90</ns3:cad>
          </ns3:TrackPointExtension>
        </extensions>
      </trkpt>
      <trkpt lat="34.17461455799639225006103515625" lon="108.9274680800735950469970703125">
        <ele>465.399993896484375</ele>
        <time>2026-08-19T23:25:00.000Z</time>
        <extensions>
          <ns3:TrackPointExtension>
            <ns3:hr>143</ns3:hr>
            <ns3:cad>89</ns3:cad>
          </ns3:TrackPointExtension>
        </extensions>
      </trkpt>
      <trkpt lat="34.17460936121642589569091796875" lon="108.927489705383777618408203125">
        <ele>465.20001220703125</ele>
        <time>2026-08-19T23:25:01.000Z</time>
        <extensions>
          <ns3:TrackPointExtension>
            <ns3:hr>142</ns3:hr>
            <ns3:cad>89</ns3:cad>
          </ns3:TrackPointExtension>
        </extensions>
      </trkpt>
      <trkpt lat="34.17460567317903041839599609375" lon="108.9275153540074825286865234375">
        <ele>465.20001220703125</ele>
        <time>2026-08-19T23:25:02.000Z</time>
        <extensions>
          <ns3:TrackPointExtension>
            <ns3:hr>142</ns3:hr>
            <ns3:cad>89</ns3:cad>
          </ns3:TrackPointExtension>
        </extensions>
      </trkpt>
      <trkpt lat="34.1745972074568271636962890625" lon="108.92754259519279003143310546875">
        <ele>465</ele>
        <time>2026-08-19T23:25:03.000Z</time>
        <extensions>
          <ns3:TrackPointExtension>
            <ns3:hr>142</ns3:hr>
            <ns3:cad>90</ns3:cad>
          </ns3:TrackPointExtension>
        </extensions>
      </trkpt>
      <trkpt lat="34.174593351781368255615234375" lon="108.92756187357008457183837890625">
        <ele>465</ele>
        <time>2026-08-19T23:25:04.000Z</time>
        <extensions>
          <ns3:TrackPointExtension>
            <ns3:hr>142</ns3:hr>
            <ns3:cad>90</ns3:cad>
          </ns3:TrackPointExtension>
        </extensions>
      </trkpt>
      <trkpt lat="34.17458639480173587799072265625" lon="108.92758551053702831268310546875">
        <ele>464.79998779296875</ele>
        <time>2026-08-19T23:25:05.000Z</time>
        <extensions>
          <ns3:TrackPointExtension>
            <ns3:hr>142</ns3:hr>
            <ns3:cad>90</ns3:cad>
          </ns3:TrackPointExtension>
        </extensions>
      </trkpt>
      <trkpt lat="34.17458203621208667755126953125" lon="108.92761149443686008453369140625">
        <ele>464.79998779296875</ele>
        <time>2026-08-19T23:25:06.000Z</time>
        <extensions>
          <ns3:TrackPointExtension>
            <ns3:hr>142</ns3:hr>
            <ns3:cad>90</ns3:cad>
          </ns3:TrackPointExtension>
        </extensions>
      </trkpt>
      <trkpt lat="34.1745767556130886077880859375" lon="108.92763881944119930267333984375">
        <ele>464.600006103515625</ele>
        <time>2026-08-19T23:25:07.000Z</time>
        <extensions>
          <ns3:TrackPointExtension>
            <ns3:hr>142</ns3:hr>
            <ns3:cad>90</ns3:cad>
          </ns3:TrackPointExtension>
        </extensions>
      </trkpt>
      <trkpt lat="34.17457264848053455352783203125" lon="108.92766840755939483642578125">
        <ele>464.600006103515625</ele>
        <time>2026-08-19T23:25:08.000Z</time>
        <extensions>
          <ns3:TrackPointExtension>
            <ns3:hr>142</ns3:hr>
            <ns3:cad>90</ns3:cad>
          </ns3:TrackPointExtension>
        </extensions>
      </trkpt>
      <trkpt lat="34.1745680384337902069091796875" lon="108.92769615165889263153076171875">
        <ele>464.399993896484375</ele>
        <time>2026-08-19T23:25:09.000Z</time>
        <extensions>
          <ns3:TrackPointExtension>
            <ns3:hr>142</ns3:hr>
            <ns3:cad>89</ns3:cad>
          </ns3:TrackPointExtension>
        </extensions>
      </trkpt>
      <trkpt lat="34.17456619441509246826171875" lon="108.92772766761481761932373046875">
        <ele>464.399993896484375</ele>
        <time>2026-08-19T23:25:10.000Z</time>
        <extensions>
          <ns3:TrackPointExtension>
            <ns3:hr>141</ns3:hr>
            <ns3:cad>89</ns3:cad>
          </ns3:TrackPointExtension>
        </extensions>
      </trkpt>
      <trkpt lat="34.1745601594448089599609375" lon="108.92775516025722026824951171875">
        <ele>464.20001220703125</ele>
        <time>2026-08-19T23:25:11.000Z</time>
        <extensions>
          <ns3:TrackPointExtension>
            <ns3:hr>142</ns3:hr>
            <ns3:cad>89</ns3:cad>
          </ns3:TrackPointExtension>
        </extensions>
      </trkpt>
      <trkpt lat="34.17456091381609439849853515625" lon="108.9277852512896060943603515625">
        <ele>464.20001220703125</ele>
        <time>2026-08-19T23:25:12.000Z</time>
        <extensions>
          <ns3:TrackPointExtension>
            <ns3:hr>142</ns3:hr>
            <ns3:cad>89</ns3:cad>
          </ns3:TrackPointExtension>
        </extensions>
      </trkpt>
      <trkpt lat="34.17455722577869892120361328125" lon="108.9278120733797550201416015625">
        <ele>464</ele>
        <time>2026-08-19T23:25:13.000Z</time>
        <extensions>
          <ns3:TrackPointExtension>
            <ns3:hr>141</ns3:hr>
            <ns3:cad>89</ns3:cad>
          </ns3:TrackPointExtension>
        </extensions>
      </trkpt>
      <trkpt lat="34.1745539568364620208740234375" lon="108.92784141004085540771484375">
        <ele>464</ele>
        <time>2026-08-19T23:25:14.000Z</time>
        <extensions>
          <ns3:TrackPointExtension>
            <ns3:hr>141</ns3:hr>
            <ns3:cad>89</ns3:cad>
          </ns3:TrackPointExtension>
        </extensions>
      </trkpt>
      <trkpt lat="34.17454733513295650482177734375" lon="108.9278724230825901031494140625">
        <ele>463.79998779296875</ele>
        <time>2026-08-19T23:25:15.000Z</time>
        <extensions>
          <ns3:TrackPointExtension>
            <ns3:hr>141</ns3:hr>
            <ns3:cad>89</ns3:cad>
          </ns3:TrackPointExtension>
        </extensions>
      </trkpt>
      <trkpt lat="34.17454062961041927337646484375" lon="108.9279019273817539215087890625">
        <ele>463.79998779296875</ele>
        <time>2026-08-19T23:25:16.000Z</time>
        <extensions>
          <ns3:TrackPointExtension>
            <ns3:hr>142</ns3:hr>
            <ns3:cad>90</ns3:cad>
          </ns3:TrackPointExtension>
        </extensions>
      </trkpt>
      <trkpt lat="34.174534343183040618896484375" lon="108.92792833037674427032470703125">
        <ele>463.600006103515625</ele>
        <time>2026-08-19T23:25:17.000Z</time>
        <extensions>
          <ns3:TrackPointExtension>
            <ns3:hr>141</ns3:hr>
            <ns3:cad>90</ns3:cad>
          </ns3:TrackPointExtension>
        </extensions>
      </trkpt>
      <trkpt lat="34.1745257936418056488037109375" lon="108.92795884050428867340087890625">
        <ele>463.600006103515625</ele>
        <time>2026-08-19T23:25:18.000Z</time>
        <extensions>
          <ns3:TrackPointExtension>
            <ns3:hr>141</ns3:hr>
            <ns3:cad>90</ns3:cad>
          </ns3:TrackPointExtension>
        </extensions>
      </trkpt>
      <trkpt lat="34.17451883666217327117919921875" lon="108.92798666842281818389892578125">
        <ele>463.399993896484375</ele>
        <time>2026-08-19T23:25:19.000Z</time>
        <extensions>
          <ns3:TrackPointExtension>
            <ns3:hr>142</ns3:hr>
            <ns3:cad>90</ns3:cad>
          </ns3:TrackPointExtension>
        </extensions>
      </trkpt>
      <trkpt lat="34.174518249928951263427734375" lon="108.92801281996071338653564453125">
        <ele>463.399993896484375</ele>
        <time>2026-08-19T23:25:20.000Z</time>
        <extensions>
          <ns3:TrackPointExtension>
            <ns3:hr>141</ns3:hr>
            <ns3:cad>90</ns3:cad>
          </ns3:TrackPointExtension>
        </extensions>
      </trkpt>
      <trkpt lat="34.174507521092891693115234375" lon="108.9280363731086254119873046875">
        <ele>463.20001220703125</ele>
        <time>2026-08-19T23:25:21.000Z</time>
        <extensions>
          <ns3:TrackPointExtension>
            <ns3:hr>141</ns3:hr>
            <ns3:cad>90</ns3:cad>
          </ns3:TrackPointExtension>
        </extensions>
      </trkpt>
      <trkpt lat="34.17450048029422760009765625" lon="108.92806026153266429901123046875">
        <ele>463.20001220703125</ele>
        <time>2026-08-19T23:25:22.000Z</time>
        <extensions>
          <ns3:TrackPointExtension>
            <ns3:hr>141</ns3:hr>
            <ns3:cad>90</ns3:cad>
          </ns3:TrackPointExtension>
        </extensions>
      </trkpt>
      <trkpt lat="34.17449955828487873077392578125" lon="108.9280876703560352325439453125">
        <ele>463</ele>
        <time>2026-08-19T23:25:23.000Z</time>
        <extensions>
          <ns3:TrackPointExtension>
            <ns3:hr>141</ns3:hr>
            <ns3:cad>90</ns3:cad>
          </ns3:TrackPointExtension>
        </extensions>
      </trkpt>
      <trkpt lat="34.17449486441910266876220703125" lon="108.928115665912628173828125">
        <ele>463</ele>
        <time>2026-08-19T23:25:24.000Z</time>
        <extensions>
          <ns3:TrackPointExtension>
            <ns3:hr>141</ns3:hr>
            <ns3:cad>89</ns3:cad>
          </ns3:TrackPointExtension>
        </extensions>
      </trkpt>
      <trkpt lat="34.17449050582945346832275390625" lon="108.9281433261930942535400390625">
        <ele>462.79998779296875</ele>
        <time>2026-08-19T23:25:25.000Z</time>
        <extensions>
          <ns3:TrackPointExtension>
            <ns3:hr>141</ns3:hr>
            <ns3:cad>88</ns3:cad>
          </ns3:TrackPointExtension>
        </extensions>
      </trkpt>
      <trkpt lat="34.1744892485439777374267578125" lon="108.928167633712291717529296875">
        <ele>462.600006103515625</ele>
        <time>2026-08-19T23:25:26.000Z</time>
        <extensions>
          <ns3:TrackPointExtension>
            <ns3:hr>141</ns3:hr>
            <ns3:cad>88</ns3:cad>
          </ns3:TrackPointExtension>
        </extensions>
      </trkpt>
      <trkpt lat="34.17448983527719974517822265625" lon="108.928195126354694366455078125">
        <ele>462.600006103515625</ele>
        <time>2026-08-19T23:25:27.000Z</time>
        <extensions>
          <ns3:TrackPointExtension>
            <ns3:hr>141</ns3:hr>
            <ns3:cad>89</ns3:cad>
          </ns3:TrackPointExtension>
        </extensions>
      </trkpt>
      <trkpt lat="34.17448983527719974517822265625" lon="108.9282144047319889068603515625">
        <ele>462.399993896484375</ele>
        <time>2026-08-19T23:25:28.000Z</time>
        <extensions>
          <ns3:TrackPointExtension>
            <ns3:hr>141</ns3:hr>
            <ns3:cad>89</ns3:cad>
          </ns3:TrackPointExtension>
        </extensions>
      </trkpt>
      <trkpt lat="34.174492768943309783935546875" lon="108.92824709415435791015625">
        <ele>462.399993896484375</ele>
        <time>2026-08-19T23:25:29.000Z</time>
        <extensions>
          <ns3:TrackPointExtension>
            <ns3:hr>141</ns3:hr>
            <ns3:cad>89</ns3:cad>
          </ns3:TrackPointExtension>
        </extensions>
      </trkpt>
      <trkpt lat="34.174491427838802337646484375" lon="108.9282703958451747894287109375">
        <ele>462.20001220703125</ele>
        <time>2026-08-19T23:25:30.000Z</time>
        <extensions>
          <ns3:TrackPointExtension>
            <ns3:hr>141</ns3:hr>
            <ns3:cad>88</ns3:cad>
          </ns3:TrackPointExtension>
        </extensions>
      </trkpt>
      <trkpt lat="34.17449151165783405303955078125" lon="108.92830601893365383148193359375">
        <ele>462.20001220703125</ele>
        <time>2026-08-19T23:25:31.000Z</time>
        <extensions>
          <ns3:TrackPointExtension>
            <ns3:hr>141</ns3:hr>
            <ns3:cad>87</ns3:cad>
          </ns3:TrackPointExtension>
        </extensions>
      </trkpt>
      <trkpt lat="34.17449117638170719146728515625" lon="108.9283283986151218414306640625">
        <ele>462</ele>
        <time>2026-08-19T23:25:32.000Z</time>
        <extensions>
          <ns3:TrackPointExtension>
            <ns3:hr>142</ns3:hr>
            <ns3:cad>87</ns3:cad>
          </ns3:TrackPointExtension>
        </extensions>
      </trkpt>
      <trkpt lat="34.174488075077533721923828125" lon="108.9283609203994274139404296875">
        <ele>462</ele>
        <time>2026-08-19T23:25:33.000Z</time>
        <extensions>
          <ns3:TrackPointExtension>
            <ns3:hr>142</ns3:hr>
            <ns3:cad>87</ns3:cad>
          </ns3:TrackPointExtension>
        </extensions>
      </trkpt>
      <trkpt lat="34.17448111809790134429931640625" lon="108.92838715575635433197021484375">
        <ele>461.79998779296875</ele>
        <time>2026-08-19T23:25:34.000Z</time>
        <extensions>
          <ns3:TrackPointExtension>
            <ns3:hr>142</ns3:hr>
            <ns3:cad>88</ns3:cad>
          </ns3:TrackPointExtension>
        </extensions>
      </trkpt>
      <trkpt lat="34.17447977699339389801025390625" lon="108.928417749702930450439453125">
        <ele>461.79998779296875</ele>
        <time>2026-08-19T23:25:35.000Z</time>
        <extensions>
          <ns3:TrackPointExtension>
            <ns3:hr>142</ns3:hr>
            <ns3:cad>88</ns3:cad>
          </ns3:TrackPointExtension>
        </extensions>
      </trkpt>
      <trkpt lat="34.1744791902601718902587890625" lon="108.92844633199274539947509765625">
        <ele>461.600006103515625</ele>
        <time>2026-08-19T23:25:36.000Z</time>
        <extensions>
          <ns3:TrackPointExtension>
            <ns3:hr>143</ns3:hr>
            <ns3:cad>88</ns3:cad>
          </ns3:TrackPointExtension>
        </extensions>
      </trkpt>
      <trkpt lat="34.17447575367987155914306640625" lon="108.9284792728722095489501953125">
        <ele>461.600006103515625</ele>
        <time>2026-08-19T23:25:37.000Z</time>
        <extensions>
          <ns3:TrackPointExtension>
            <ns3:hr>142</ns3:hr>
            <ns3:cad>88</ns3:cad>
          </ns3:TrackPointExtension>
        </extensions>
      </trkpt>
      <trkpt lat="34.17447307147085666656494140625" lon="108.928507268428802490234375">
        <ele>461.399993896484375</ele>
        <time>2026-08-19T23:25:38.000Z</time>
        <extensions>
          <ns3:TrackPointExtension>
            <ns3:hr>142</ns3:hr>
            <ns3:cad>88</ns3:cad>
          </ns3:TrackPointExtension>
        </extensions>
      </trkpt>
      <trkpt lat="34.174473993480205535888671875" lon="108.92853450961410999298095703125">
        <ele>461.20001220703125</ele>
        <time>2026-08-19T23:25:39.000Z</time>
        <extensions>
          <ns3:TrackPointExtension>
            <ns3:hr>142</ns3:hr>
            <ns3:cad>88</ns3:cad>
          </ns3:TrackPointExtension>
        </extensions>
      </trkpt>
      <trkpt lat="34.17447525076568126678466796875" lon="108.92856166698038578033447265625">
        <ele>461.20001220703125</ele>
        <time>2026-08-19T23:25:40.000Z</time>
        <extensions>
          <ns3:TrackPointExtension>
            <ns3:hr>141</ns3:hr>
            <ns3:cad>88</ns3:cad>
          </ns3:TrackPointExtension>
        </extensions>
      </trkpt>
      <trkpt lat="34.17448044754564762115478515625" lon="108.92859284766018390655517578125">
        <ele>461</ele>
        <time>2026-08-19T23:25:41.000Z</time>
        <extensions>
          <ns3:TrackPointExtension>
            <ns3:hr>141</ns3:hr>
            <ns3:cad>89</ns3:cad>
          </ns3:TrackPointExtension>
        </extensions>
      </trkpt>
      <trkpt lat="34.17448413558304309844970703125" lon="108.92862034030258655548095703125">
        <ele>461</ele>
        <time>2026-08-19T23:25:42.000Z</time>
        <extensions>
          <ns3:TrackPointExtension>
            <ns3:hr>140</ns3:hr>
            <ns3:cad>89</ns3:cad>
          </ns3:TrackPointExtension>
        </extensions>
      </trkpt>
      <trkpt lat="34.1744895838201045989990234375" lon="108.928647749125957489013671875">
        <ele>461</ele>
        <time>2026-08-19T23:25:43.000Z</time>
        <extensions>
          <ns3:TrackPointExtension>
            <ns3:hr>139</ns3:hr>
            <ns3:cad>88</ns3:cad>
          </ns3:TrackPointExtension>
        </extensions>
      </trkpt>
      <trkpt lat="34.174488745629787445068359375" lon="108.9286754094064235687255859375">
        <ele>460.79998779296875</ele>
        <time>2026-08-19T23:25:44.000Z</time>
        <extensions>
          <ns3:TrackPointExtension>
            <ns3:hr>139</ns3:hr>
            <ns3:cad>88</ns3:cad>
          </ns3:TrackPointExtension>
        </extensions>
      </trkpt>
      <trkpt lat="34.17449419386684894561767578125" lon="108.928698040544986724853515625">
        <ele>460.79998779296875</ele>
        <time>2026-08-19T23:25:45.000Z</time>
        <extensions>
          <ns3:TrackPointExtension>
            <ns3:hr>139</ns3:hr>
            <ns3:cad>88</ns3:cad>
          </ns3:TrackPointExtension>
        </extensions>
      </trkpt>
      <trkpt lat="34.17450006119906902313232421875" lon="108.9287297241389751434326171875">
        <ele>460.600006103515625</ele>
        <time>2026-08-19T23:25:46.000Z</time>
        <extensions>
          <ns3:TrackPointExtension>
            <ns3:hr>140</ns3:hr>
            <ns3:cad>88</ns3:cad>
          </ns3:TrackPointExtension>
        </extensions>
      </trkpt>
      <trkpt lat="34.17451363988220691680908203125" lon="108.928746990859508514404296875">
        <ele>460.600006103515625</ele>
        <time>2026-08-19T23:25:47.000Z</time>
        <extensions>
          <ns3:TrackPointExtension>
            <ns3:hr>139</ns3:hr>
            <ns3:cad>89</ns3:cad>
          </ns3:TrackPointExtension>
        </extensions>
      </trkpt>
      <trkpt lat="34.17453727684915065765380859375" lon="108.9287682808935642242431640625">
        <ele>460.600006103515625</ele>
        <time>2026-08-19T23:25:48.000Z</time>
        <extensions>
          <ns3:TrackPointExtension>
            <ns3:hr>139</ns3:hr>
            <ns3:cad>88</ns3:cad>
          </ns3:TrackPointExtension>
        </extensions>
      </trkpt>
      <trkpt lat="34.17455974034965038299560546875" lon="108.9287739805877208709716796875">
        <ele>460.399993896484375</ele>
        <time>2026-08-19T23:25:49.000Z</time>
        <extensions>
          <ns3:TrackPointExtension>
            <ns3:hr>140</ns3:hr>
            <ns3:cad>88</ns3:cad>
          </ns3:TrackPointExtension>
        </extensions>
      </trkpt>
      <trkpt lat="34.17458673007786273956298828125" lon="108.92877507023513317108154296875">
        <ele>460.600006103515625</ele>
        <time>2026-08-19T23:25:50.000Z</time>
        <extensions>
          <ns3:TrackPointExtension>
            <ns3:hr>139</ns3:hr>
            <ns3:cad>87</ns3:cad>
          </ns3:TrackPointExtension>
        </extensions>
      </trkpt>
      <trkpt lat="34.17460366152226924896240234375" lon="108.92877054400742053985595703125">
        <ele>460.600006103515625</ele>
        <time>2026-08-19T23:25:51.000Z</time>
        <extensions>
          <ns3:TrackPointExtension>
            <ns3:hr>139</ns3:hr>
            <ns3:cad>89</ns3:cad>
          </ns3:TrackPointExtension>
        </extensions>
      </trkpt>
      <trkpt lat="34.17463148944079875946044921875" lon="108.92876232974231243133544921875">
        <ele>460.600006103515625</ele>
        <time>2026-08-19T23:25:52.000Z</time>
        <extensions>
          <ns3:TrackPointExtension>
            <ns3:hr>140</ns3:hr>
            <ns3:cad>89</ns3:cad>
          </ns3:TrackPointExtension>
        </extensions>
      </trkpt>
      <trkpt lat="34.17464934289455413818359375" lon="108.92875378020107746124267578125">
        <ele>460.600006103515625</ele>
        <time>2026-08-19T23:25:53.000Z</time>
        <extensions>
          <ns3:TrackPointExtension>
            <ns3:hr>139</ns3:hr>
            <ns3:cad>89</ns3:cad>
          </ns3:TrackPointExtension>
        </extensions>
      </trkpt>
      <trkpt lat="34.174673818051815032958984375" lon="108.9287404529750347137451171875">
        <ele>460.600006103515625</ele>
        <time>2026-08-19T23:25:54.000Z</time>
        <extensions>
          <ns3:TrackPointExtension>
            <ns3:hr>139</ns3:hr>
            <ns3:cad>89</ns3:cad>
          </ns3:TrackPointExtension>
        </extensions>
      </trkpt>
      <trkpt lat="34.17468932457268238067626953125" lon="108.9287312328815460205078125">
        <ele>460.600006103515625</ele>
        <time>2026-08-19T23:25:55.000Z</time>
        <extensions>
          <ns3:TrackPointExtension>
            <ns3:hr>139</ns3:hr>
            <ns3:cad>88</ns3:cad>
          </ns3:TrackPointExtension>
        </extensions>
      </trkpt>
      <trkpt lat="34.17470541782677173614501953125" lon="108.92871488817036151885986328125">
        <ele>460.600006103515625</ele>
        <time>2026-08-19T23:25:56.000Z</time>
        <extensions>
          <ns3:TrackPointExtension>
            <ns3:hr>139</ns3:hr>
            <ns3:cad>87</ns3:cad>
          </ns3:TrackPointExtension>
        </extensions>
      </trkpt>
      <trkpt lat="34.17471363209187984466552734375" lon="108.9286894910037517547607421875">
        <ele>460.600006103515625</ele>
        <time>2026-08-19T23:25:57.000Z</time>
        <extensions>
          <ns3:TrackPointExtension>
            <ns3:hr>139</ns3:hr>
            <ns3:cad>87</ns3:cad>
          </ns3:TrackPointExtension>
        </extensions>
      </trkpt>
      <trkpt lat="34.174712039530277252197265625" lon="108.92866509966552257537841796875">
        <ele>460.600006103515625</ele>
        <time>2026-08-19T23:25:58.000Z</time>
        <extensions>
          <ns3:TrackPointExtension>
            <ns3:hr>139</ns3:hr>
            <ns3:cad>87</ns3:cad>
          </ns3:TrackPointExtension>
        </extensions>
      </trkpt>
      <trkpt lat="34.17471044696867465972900390625" lon="108.9286334998905658721923828125">
        <ele>460.600006103515625</ele>
        <time>2026-08-19T23:25:59.000Z</time>
        <extensions>
          <ns3:TrackPointExtension>
            <ns3:hr>139</ns3:hr>
            <ns3:cad>88</ns3:cad>
          </ns3:TrackPointExtension>
        </extensions>
      </trkpt>
      <trkpt lat="34.174709357321262359619140625" lon="108.92861128784716129302978515625">
        <ele>460.600006103515625</ele>
        <time>2026-08-19T23:26:00.000Z</time>
        <extensions>
          <ns3:TrackPointExtension>
            <ns3:hr>139</ns3:hr>
            <ns3:cad>88</ns3:cad>
          </ns3:TrackPointExtension>
        </extensions>
      </trkpt>
      <trkpt lat="34.1747157275676727294921875" lon="108.9285783469676971435546875">
        <ele>460.600006103515625</ele>
        <time>2026-08-19T23:26:01.000Z</time>
        <extensions>
          <ns3:TrackPointExtension>
            <ns3:hr>138</ns3:hr>
            <ns3:cad>87</ns3:cad>
          </ns3:TrackPointExtension>
        </extensions>
      </trkpt>
      <trkpt lat="34.1747142188251018524169921875" lon="108.9285523630678653717041015625">
        <ele>460.600006103515625</ele>
        <time>2026-08-19T23:26:02.000Z</time>
        <extensions>
          <ns3:TrackPointExtension>
            <ns3:hr>139</ns3:hr>
            <ns3:cad>87</ns3:cad>
          </ns3:TrackPointExtension>
        </extensions>
      </trkpt>
      <trkpt lat="34.17471514083445072174072265625" lon="108.928525038063526153564453125">
        <ele>460.600006103515625</ele>
        <time>2026-08-19T23:26:03.000Z</time>
        <extensions>
          <ns3:TrackPointExtension>
            <ns3:hr>139</ns3:hr>
            <ns3:cad>87</ns3:cad>
          </ns3:TrackPointExtension>
        </extensions>
      </trkpt>
      <trkpt lat="34.1747152246534824371337890625" lon="108.9285024069249629974365234375">
        <ele>460.600006103515625</ele>
        <time>2026-08-19T23:26:04.000Z</time>
        <extensions>
          <ns3:TrackPointExtension>
            <ns3:hr>139</ns3:hr>
            <ns3:cad>88</ns3:cad>
          </ns3:TrackPointExtension>
        </extensions>
      </trkpt>
      <trkpt lat="34.17471648193895816802978515625" lon="108.9284688793122768402099609375">
        <ele>460.399993896484375</ele>
        <time>2026-08-19T23:26:05.000Z</time>
        <extensions>
          <ns3:TrackPointExtension>
            <ns3:hr>138</ns3:hr>
            <ns3:cad>89</ns3:cad>
          </ns3:TrackPointExtension>
        </extensions>
      </trkpt>
      <trkpt lat="34.174718745052814483642578125" lon="108.92844230867922306060791015625">
        <ele>460.399993896484375</ele>
        <time>2026-08-19T23:26:06.000Z</time>
        <extensions>
          <ns3:TrackPointExtension>
            <ns3:hr>139</ns3:hr>
            <ns3:cad>89</ns3:cad>
          </ns3:TrackPointExtension>
        </extensions>
      </trkpt>
      <trkpt lat="34.17472939006984233856201171875" lon="108.92840894870460033416748046875">
        <ele>460.399993896484375</ele>
        <time>2026-08-19T23:26:07.000Z</time>
        <extensions>
          <ns3:TrackPointExtension>
            <ns3:hr>139</ns3:hr>
            <ns3:cad>88</ns3:cad>
          </ns3:TrackPointExtension>
        </extensions>
      </trkpt>
      <trkpt lat="34.174742884933948516845703125" lon="108.92838832922279834747314453125">
        <ele>460.399993896484375</ele>
        <time>2026-08-19T23:26:08.000Z</time>
        <extensions>
          <ns3:TrackPointExtension>
            <ns3:hr>139</ns3:hr>
            <ns3:cad>88</ns3:cad>
          </ns3:TrackPointExtension>
        </extensions>
      </trkpt>
      <trkpt lat="34.17476467788219451904296875" lon="108.9283662848174571990966796875">
        <ele>460.399993896484375</ele>
        <time>2026-08-19T23:26:09.000Z</time>
        <extensions>
          <ns3:TrackPointExtension>
            <ns3:hr>139</ns3:hr>
            <ns3:cad>88</ns3:cad>
          </ns3:TrackPointExtension>
        </extensions>
      </trkpt>
      <trkpt lat="34.17478672228753566741943359375" lon="108.9283610880374908447265625">
        <ele>460.20001220703125</ele>
        <time>2026-08-19T23:26:10.000Z</time>
        <extensions>
          <ns3:TrackPointExtension>
            <ns3:hr>139</ns3:hr>
            <ns3:cad>88</ns3:cad>
          </ns3:TrackPointExtension>
        </extensions>
      </trkpt>
      <trkpt lat="34.17481119744479656219482421875" lon="108.9283689670264720916748046875">
        <ele>460.20001220703125</ele>
        <time>2026-08-19T23:26:11.000Z</time>
        <extensions>
          <ns3:TrackPointExtension>
            <ns3:hr>139</ns3:hr>
            <ns3:cad>88</ns3:cad>
          </ns3:TrackPointExtension>
        </extensions>
      </trkpt>
      <trkpt lat="34.17482762597501277923583984375" lon="108.92838321626186370849609375">
        <ele>460</ele>
        <time>2026-08-19T23:26:12.000Z</time>
        <extensions>
          <ns3:TrackPointExtension>
            <ns3:hr>139</ns3:hr>
            <ns3:cad>88</ns3:cad>
          </ns3:TrackPointExtension>
        </extensions>
      </trkpt>
      <trkpt lat="34.17484791018068790435791015625" lon="108.92840542830526828765869140625">
        <ele>460</ele>
        <time>2026-08-19T23:26:13.000Z</time>
        <extensions>
          <ns3:TrackPointExtension>
            <ns3:hr>139</ns3:hr>
            <ns3:cad>87</ns3:cad>
          </ns3:TrackPointExtension>
        </extensions>
      </trkpt>
      <trkpt lat="34.17486391961574554443359375" lon="108.928423114120960235595703125">
        <ele>460</ele>
        <time>2026-08-19T23:26:14.000Z</time>
        <extensions>
          <ns3:TrackPointExtension>
            <ns3:hr>139</ns3:hr>
            <ns3:cad>87</ns3:cad>
          </ns3:TrackPointExtension>
        </extensions>
      </trkpt>
      <trkpt lat="34.17488269507884979248046875" lon="108.9284427277743816375732421875">
        <ele>460</ele>
        <time>2026-08-19T23:26:15.000Z</time>
        <extensions>
          <ns3:TrackPointExtension>
            <ns3:hr>139</ns3:hr>
            <ns3:cad>88</ns3:cad>
          </ns3:TrackPointExtension>
        </extensions>
      </trkpt>
      <trkpt lat="34.17489610612392425537109375" lon="108.928459323942661285400390625">
        <ele>460</ele>
        <time>2026-08-19T23:26:16.000Z</time>
        <extensions>
          <ns3:TrackPointExtension>
            <ns3:hr>138</ns3:hr>
            <ns3:cad>89</ns3:cad>
          </ns3:TrackPointExtension>
        </extensions>
      </trkpt>
      <trkpt lat="34.174909852445125579833984375" lon="108.9284826256334781646728515625">
        <ele>460</ele>
        <time>2026-08-19T23:26:17.000Z</time>
        <extensions>
          <ns3:TrackPointExtension>
            <ns3:hr>137</ns3:hr>
            <ns3:cad>89</ns3:cad>
          </ns3:TrackPointExtension>
        </extensions>
      </trkpt>
      <trkpt lat="34.1749227605760097503662109375" lon="108.92850366421043872833251953125">
        <ele>460</ele>
        <time>2026-08-19T23:26:18.000Z</time>
        <extensions>
          <ns3:TrackPointExtension>
            <ns3:hr>136</ns3:hr>
            <ns3:cad>90</ns3:cad>
          </ns3:TrackPointExtension>
        </extensions>
      </trkpt>
      <trkpt lat="34.174939356744289398193359375" lon="108.92852763645350933074951171875">
        <ele>460</ele>
        <time>2026-08-19T23:26:19.000Z</time>
        <extensions>
          <ns3:TrackPointExtension>
            <ns3:hr>136</ns3:hr>
            <ns3:cad>90</ns3:cad>
          </ns3:TrackPointExtension>
        </extensions>
      </trkpt>
      <trkpt lat="34.1749536059796810150146484375" lon="108.92854456789791584014892578125">
        <ele>460</ele>
        <time>2026-08-19T23:26:20.000Z</time>
        <extensions>
          <ns3:TrackPointExtension>
            <ns3:hr>136</ns3:hr>
            <ns3:cad>90</ns3:cad>
          </ns3:TrackPointExtension>
        </extensions>
      </trkpt>
      <trkpt lat="34.174966178834438323974609375" lon="108.92857105471193790435791015625">
        <ele>460</ele>
        <time>2026-08-19T23:26:21.000Z</time>
        <extensions>
          <ns3:TrackPointExtension>
            <ns3:hr>135</ns3:hr>
            <ns3:cad>90</ns3:cad>
          </ns3:TrackPointExtension>
        </extensions>
      </trkpt>
      <trkpt lat="34.17497699148952960968017578125" lon="108.928591422736644744873046875">
        <ele>460</ele>
        <time>2026-08-19T23:26:22.000Z</time>
        <extensions>
          <ns3:TrackPointExtension>
            <ns3:hr>136</ns3:hr>
            <ns3:cad>89</ns3:cad>
          </ns3:TrackPointExtension>
        </extensions>
      </trkpt>
      <trkpt lat="34.174990989267826080322265625" lon="108.9286157302558422088623046875">
        <ele>459.79998779296875</ele>
        <time>2026-08-19T23:26:23.000Z</time>
        <extensions>
          <ns3:TrackPointExtension>
            <ns3:hr>136</ns3:hr>
            <ns3:cad>89</ns3:cad>
          </ns3:TrackPointExtension>
        </extensions>
      </trkpt>
      <trkpt lat="34.17500046081840991973876953125" lon="108.92863542772829532623291015625">
        <ele>459.79998779296875</ele>
        <time>2026-08-19T23:26:24.000Z</time>
        <extensions>
          <ns3:TrackPointExtension>
            <ns3:hr>136</ns3:hr>
            <ns3:cad>89</ns3:cad>
          </ns3:TrackPointExtension>
        </extensions>
      </trkpt>
      <trkpt lat="34.17501538060605525970458984375" lon="108.9286579750478267669677734375">
        <ele>459.79998779296875</ele>
        <time>2026-08-19T23:26:25.000Z</time>
        <extensions>
          <ns3:TrackPointExtension>
            <ns3:hr>136</ns3:hr>
            <ns3:cad>89</ns3:cad>
          </ns3:TrackPointExtension>
        </extensions>
      </trkpt>
      <trkpt lat="34.17502812109887599945068359375" lon="108.92867767252027988433837890625">
        <ele>459.79998779296875</ele>
        <time>2026-08-19T23:26:26.000Z</time>
        <extensions>
          <ns3:TrackPointExtension>
            <ns3:hr>136</ns3:hr>
            <ns3:cad>89</ns3:cad>
          </ns3:TrackPointExtension>
        </extensions>
      </trkpt>
      <trkpt lat="34.1750431247055530548095703125" lon="108.92869812436401844024658203125">
        <ele>459.600006103515625</ele>
        <time>2026-08-19T23:26:27.000Z</time>
        <extensions>
          <ns3:TrackPointExtension>
            <ns3:hr>136</ns3:hr>
            <ns3:cad>89</ns3:cad>
          </ns3:TrackPointExtension>
        </extensions>
      </trkpt>
      <trkpt lat="34.175055027008056640625" lon="108.928721509873867034912109375">
        <ele>459.600006103515625</ele>
        <time>2026-08-19T23:26:28.000Z</time>
        <extensions>
          <ns3:TrackPointExtension>
            <ns3:hr>136</ns3:hr>
            <ns3:cad>88</ns3:cad>
          </ns3:TrackPointExtension>
        </extensions>
      </trkpt>
      <trkpt lat="34.17506667785346508026123046875" lon="108.9287397824227809906005859375">
        <ele>459.600006103515625</ele>
        <time>2026-08-19T23:26:29.000Z</time>
        <extensions>
          <ns3:TrackPointExtension>
            <ns3:hr>136</ns3:hr>
            <ns3:cad>89</ns3:cad>
          </ns3:TrackPointExtension>
        </extensions>
      </trkpt>
      <trkpt lat="34.1750766523182392120361328125" lon="108.9287602342665195465087890625">
        <ele>459.600006103515625</ele>
        <time>2026-08-19T23:26:30.000Z</time>
        <extensions>
          <ns3:TrackPointExtension>
            <ns3:hr>137</ns3:hr>
            <ns3:cad>90</ns3:cad>
          </ns3:TrackPointExtension>
        </extensions>
      </trkpt>
      <trkpt lat="34.17509199120104312896728515625" lon="108.92877926118671894073486328125">
        <ele>459.399993896484375</ele>
        <time>2026-08-19T23:26:31.000Z</time>
        <extensions>
          <ns3:TrackPointExtension>
            <ns3:hr>137</ns3:hr>
            <ns3:cad>90</ns3:cad>
          </ns3:TrackPointExtension>
        </extensions>
      </trkpt>
      <trkpt lat="34.17510355822741985321044921875" lon="108.92880256287753582000732421875">
        <ele>459.399993896484375</ele>
        <time>2026-08-19T23:26:32.000Z</time>
        <extensions>
          <ns3:TrackPointExtension>
            <ns3:hr>137</ns3:hr>
            <ns3:cad>90</ns3:cad>
          </ns3:TrackPointExtension>
        </extensions>
      </trkpt>
      <trkpt lat="34.17511344887316226959228515625" lon="108.92882267944514751434326171875">
        <ele>459.600006103515625</ele>
        <time>2026-08-19T23:26:33.000Z</time>
        <extensions>
          <ns3:TrackPointExtension>
            <ns3:hr>137</ns3:hr>
            <ns3:cad>89</ns3:cad>
          </ns3:TrackPointExtension>
        </extensions>
      </trkpt>
      <trkpt lat="34.1751259379088878631591796875" lon="108.928848244249820709228515625">
        <ele>459.600006103515625</ele>
        <time>2026-08-19T23:26:34.000Z</time>
        <extensions>
          <ns3:TrackPointExtension>
            <ns3:hr>137</ns3:hr>
            <ns3:cad>88</ns3:cad>
          </ns3:TrackPointExtension>
        </extensions>
      </trkpt>
      <trkpt lat="34.17513775639235973358154296875" lon="108.92886894755065441131591796875">
        <ele>459.600006103515625</ele>
        <time>2026-08-19T23:26:35.000Z</time>
        <extensions>
          <ns3:TrackPointExtension>
            <ns3:hr>137</ns3:hr>
            <ns3:cad>88</ns3:cad>
          </ns3:TrackPointExtension>
        </extensions>
      </trkpt>
      <trkpt lat="34.1751534305512905120849609375" lon="108.9288973622024059295654296875">
        <ele>459.399993896484375</ele>
        <time>2026-08-19T23:26:36.000Z</time>
        <extensions>
          <ns3:TrackPointExtension>
            <ns3:hr>137</ns3:hr>
            <ns3:cad>88</ns3:cad>
          </ns3:TrackPointExtension>
        </extensions>
      </trkpt>
      <trkpt lat="34.17516893707215785980224609375" lon="108.92891303636133670806884765625">
        <ele>459.399993896484375</ele>
        <time>2026-08-19T23:26:37.000Z</time>
        <extensions>
          <ns3:TrackPointExtension>
            <ns3:hr>137</ns3:hr>
            <ns3:cad>88</ns3:cad>
          </ns3:TrackPointExtension>
        </extensions>
      </trkpt>
      <trkpt lat="34.17519207112491130828857421875" lon="108.92893617041409015655517578125">
        <ele>459.399993896484375</ele>
        <time>2026-08-19T23:26:38.000Z</time>
        <extensions>
          <ns3:TrackPointExtension>
            <ns3:hr>138</ns3:hr>
            <ns3:cad>88</ns3:cad>
          </ns3:TrackPointExtension>
        </extensions>
      </trkpt>
      <trkpt lat="34.1752070747315883636474609375" lon="108.928947150707244873046875">
        <ele>459.399993896484375</ele>
        <time>2026-08-19T23:26:39.000Z</time>
        <extensions>
          <ns3:TrackPointExtension>
            <ns3:hr>138</ns3:hr>
            <ns3:cad>88</ns3:cad>
          </ns3:TrackPointExtension>
        </extensions>
      </trkpt>
      <trkpt lat="34.17523331008851528167724609375" lon="108.928961567580699920654296875">
        <ele>459.399993896484375</ele>
        <time>2026-08-19T23:26:40.000Z</time>
        <extensions>
          <ns3:TrackPointExtension>
            <ns3:hr>138</ns3:hr>
            <ns3:cad>88</ns3:cad>
          </ns3:TrackPointExtension>
        </extensions>
      </trkpt>
      <trkpt lat="34.1752530075609683990478515625" lon="108.92897103913128376007080078125">
        <ele>459.399993896484375</ele>
        <time>2026-08-19T23:26:41.000Z</time>
        <extensions>
          <ns3:TrackPointExtension>
            <ns3:hr>138</ns3:hr>
            <ns3:cad>87</ns3:cad>
          </ns3:TrackPointExtension>
        </extensions>
      </trkpt>
      <trkpt lat="34.17527924291789531707763671875" lon="108.92898042686283588409423828125">
        <ele>459.399993896484375</ele>
        <time>2026-08-19T23:26:42.000Z</time>
        <extensions>
          <ns3:TrackPointExtension>
            <ns3:hr>138</ns3:hr>
            <ns3:cad>88</ns3:cad>
          </ns3:TrackPointExtension>
        </extensions>
      </trkpt>
      <trkpt lat="34.17530086822807788848876953125" lon="108.92898914404213428497314453125">
        <ele>459.20001220703125</ele>
        <time>2026-08-19T23:26:43.000Z</time>
        <extensions>
          <ns3:TrackPointExtension>
            <ns3:hr>138</ns3:hr>
            <ns3:cad>89</ns3:cad>
          </ns3:TrackPointExtension>
        </extensions>
      </trkpt>
      <trkpt lat="34.175325930118560791015625" lon="108.92900590784847736358642578125">
        <ele>459.20001220703125</ele>
        <time>2026-08-19T23:26:44.000Z</time>
        <extensions>
          <ns3:TrackPointExtension>
            <ns3:hr>138</ns3:hr>
            <ns3:cad>89</ns3:cad>
          </ns3:TrackPointExtension>
        </extensions>
      </trkpt>
      <trkpt lat="34.1753460466861724853515625" lon="108.92901529558002948760986328125">
        <ele>459.20001220703125</ele>
        <time>2026-08-19T23:26:45.000Z</time>
        <extensions>
          <ns3:TrackPointExtension>
            <ns3:hr>138</ns3:hr>
            <ns3:cad>89</ns3:cad>
          </ns3:TrackPointExtension>
        </extensions>
      </trkpt>
      <trkpt lat="34.17536591179668903350830078125" lon="108.92903809435665607452392578125">
        <ele>459.20001220703125</ele>
        <time>2026-08-19T23:26:46.000Z</time>
        <extensions>
          <ns3:TrackPointExtension>
            <ns3:hr>138</ns3:hr>
            <ns3:cad>88</ns3:cad>
          </ns3:TrackPointExtension>
        </extensions>
      </trkpt>
      <trkpt lat="34.1753780655562877655029296875" lon="108.92906189896166324615478515625">
        <ele>459.20001220703125</ele>
        <time>2026-08-19T23:26:47.000Z</time>
        <extensions>
          <ns3:TrackPointExtension>
            <ns3:hr>138</ns3:hr>
            <ns3:cad>88</ns3:cad>
          </ns3:TrackPointExtension>
        </extensions>
      </trkpt>
      <trkpt lat="34.1753871180117130279541015625" lon="108.929086625576019287109375">
        <ele>459.20001220703125</ele>
        <time>2026-08-19T23:26:48.000Z</time>
        <extensions>
          <ns3:TrackPointExtension>
            <ns3:hr>138</ns3:hr>
            <ns3:cad>88</ns3:cad>
          </ns3:TrackPointExtension>
        </extensions>
      </trkpt>
      <trkpt lat="34.1753918118774890899658203125" lon="108.92911185510456562042236328125">
        <ele>459.20001220703125</ele>
        <time>2026-08-19T23:26:49.000Z</time>
        <extensions>
          <ns3:TrackPointExtension>
            <ns3:hr>138</ns3:hr>
            <ns3:cad>88</ns3:cad>
          </ns3:TrackPointExtension>
        </extensions>
      </trkpt>
      <trkpt lat="34.17539390735328197479248046875" lon="108.92913733609020709991455078125">
        <ele>459.20001220703125</ele>
        <time>2026-08-19T23:26:50.000Z</time>
        <extensions>
          <ns3:TrackPointExtension>
            <ns3:hr>138</ns3:hr>
            <ns3:cad>89</ns3:cad>
          </ns3:TrackPointExtension>
        </extensions>
      </trkpt>
      <trkpt lat="34.17539524845778942108154296875" lon="108.9291645772755146026611328125">
        <ele>459.20001220703125</ele>
        <time>2026-08-19T23:26:51.000Z</time>
        <extensions>
          <ns3:TrackPointExtension>
            <ns3:hr>139</ns3:hr>
            <ns3:cad>88</ns3:cad>
          </ns3:TrackPointExtension>
        </extensions>
      </trkpt>
      <trkpt lat="34.1753971762955188751220703125" lon="108.929190225899219512939453125">
        <ele>459.20001220703125</ele>
        <time>2026-08-19T23:26:52.000Z</time>
        <extensions>
          <ns3:TrackPointExtension>
            <ns3:hr>139</ns3:hr>
            <ns3:cad>88</ns3:cad>
          </ns3:TrackPointExtension>
        </extensions>
      </trkpt>
      <trkpt lat="34.1753995232284069061279296875" lon="108.9292180538177490234375">
        <ele>459</ele>
        <time>2026-08-19T23:26:53.000Z</time>
        <extensions>
          <ns3:TrackPointExtension>
            <ns3:hr>139</ns3:hr>
            <ns3:cad>88</ns3:cad>
          </ns3:TrackPointExtension>
        </extensions>
      </trkpt>
      <trkpt lat="34.17539826594293117523193359375" lon="108.9292390085756778717041015625">
        <ele>459</ele>
        <time>2026-08-19T23:26:54.000Z</time>
        <extensions>
          <ns3:TrackPointExtension>
            <ns3:hr>139</ns3:hr>
            <ns3:cad>87</ns3:cad>
          </ns3:TrackPointExtension>
        </extensions>
      </trkpt>
      <trkpt lat="34.1753961704671382904052734375" lon="108.9292728714644908905029296875">
        <ele>459</ele>
        <time>2026-08-19T23:26:55.000Z</time>
        <extensions>
          <ns3:TrackPointExtension>
            <ns3:hr>139</ns3:hr>
            <ns3:cad>88</ns3:cad>
          </ns3:TrackPointExtension>
        </extensions>
      </trkpt>
      <trkpt lat="34.175387285649776458740234375" lon="108.92930866219103336334228515625">
        <ele>459</ele>
        <time>2026-08-19T23:26:56.000Z</time>
        <extensions>
          <ns3:TrackPointExtension>
            <ns3:hr>140</ns3:hr>
            <ns3:cad>88</ns3:cad>
          </ns3:TrackPointExtension>
        </extensions>
      </trkpt>
      <trkpt lat="34.1753730364143848419189453125" lon="108.92934210598468780517578125">
        <ele>459</ele>
        <time>2026-08-19T23:26:57.000Z</time>
        <extensions>
          <ns3:TrackPointExtension>
            <ns3:hr>140</ns3:hr>
            <ns3:cad>88</ns3:cad>
          </ns3:TrackPointExtension>
        </extensions>
      </trkpt>
      <trkpt lat="34.17535769753158092498779296875" lon="108.92936331219971179962158203125">
        <ele>459</ele>
        <time>2026-08-19T23:26:58.000Z</time>
        <extensions>
          <ns3:TrackPointExtension>
            <ns3:hr>141</ns3:hr>
            <ns3:cad>88</ns3:cad>
          </ns3:TrackPointExtension>
        </extensions>
      </trkpt>
      <trkpt lat="34.17533439584076404571533203125" lon="108.92938342876732349395751953125">
        <ele>459</ele>
        <time>2026-08-19T23:26:59.000Z</time>
        <extensions>
          <ns3:TrackPointExtension>
            <ns3:hr>143</ns3:hr>
            <ns3:cad>87</ns3:cad>
          </ns3:TrackPointExtension>
        </extensions>
      </trkpt>
      <trkpt lat="34.1753160394728183746337890625" lon="108.92939365468919277191162109375">
        <ele>459</ele>
        <time>2026-08-19T23:27:00.000Z</time>
        <extensions>
          <ns3:TrackPointExtension>
            <ns3:hr>143</ns3:hr>
            <ns3:cad>87</ns3:cad>
          </ns3:TrackPointExtension>
        </extensions>
      </trkpt>
      <trkpt lat="34.1752959229052066802978515625" lon="108.92940421588718891143798828125">
        <ele>459</ele>
        <time>2026-08-19T23:27:01.000Z</time>
        <extensions>
          <ns3:TrackPointExtension>
            <ns3:hr>144</ns3:hr>
            <ns3:cad>87</ns3:cad>
          </ns3:TrackPointExtension>
        </extensions>
      </trkpt>
      <trkpt lat="34.17527589015662670135498046875" lon="108.929414860904216766357421875">
        <ele>459.20001220703125</ele>
        <time>2026-08-19T23:27:02.000Z</time>
        <extensions>
          <ns3:TrackPointExtension>
            <ns3:hr>144</ns3:hr>
            <ns3:cad>87</ns3:cad>
          </ns3:TrackPointExtension>
        </extensions>
      </trkpt>
      <trkpt lat="34.1752550192177295684814453125" lon="108.92942818813025951385498046875">
        <ele>459.20001220703125</ele>
        <time>2026-08-19T23:27:03.000Z</time>
        <extensions>
          <ns3:TrackPointExtension>
            <ns3:hr>144</ns3:hr>
            <ns3:cad>88</ns3:cad>
          </ns3:TrackPointExtension>
        </extensions>
      </trkpt>
      <trkpt lat="34.17523448355495929718017578125" lon="108.9294431917369365692138671875">
        <ele>459.20001220703125</ele>
        <time>2026-08-19T23:27:04.000Z</time>
        <extensions>
          <ns3:TrackPointExtension>
            <ns3:hr>145</ns3:hr>
            <ns3:cad>88</ns3:cad>
          </ns3:TrackPointExtension>
        </extensions>
      </trkpt>
      <trkpt lat="34.17521520517766475677490234375" lon="108.9294569380581378936767578125">
        <ele>459.20001220703125</ele>
        <time>2026-08-19T23:27:05.000Z</time>
        <extensions>
          <ns3:TrackPointExtension>
            <ns3:hr>145</ns3:hr>
            <ns3:cad>88</ns3:cad>
          </ns3:TrackPointExtension>
        </extensions>
      </trkpt>
      <trkpt lat="34.175194837152957916259765625" lon="108.929472863674163818359375">
        <ele>459.20001220703125</ele>
        <time>2026-08-19T23:27:06.000Z</time>
        <extensions>
          <ns3:TrackPointExtension>
            <ns3:hr>145</ns3:hr>
            <ns3:cad>88</ns3:cad>
          </ns3:TrackPointExtension>
        </extensions>
      </trkpt>
      <trkpt lat="34.17517949827015399932861328125" lon="108.92949054948985576629638671875">
        <ele>459.20001220703125</ele>
        <time>2026-08-19T23:27:07.000Z</time>
        <extensions>
          <ns3:TrackPointExtension>
            <ns3:hr>145</ns3:hr>
            <ns3:cad>88</ns3:cad>
          </ns3:TrackPointExtension>
        </extensions>
      </trkpt>
      <trkpt lat="34.1751601360738277435302734375" lon="108.92951284535229206085205078125">
        <ele>459.399993896484375</ele>
        <time>2026-08-19T23:27:08.000Z</time>
        <extensions>
          <ns3:TrackPointExtension>
            <ns3:hr>146</ns3:hr>
            <ns3:cad>89</ns3:cad>
          </ns3:TrackPointExtension>
        </extensions>
      </trkpt>
      <trkpt lat="34.1751507483422756195068359375" lon="108.92952977679669857025146484375">
        <ele>459.399993896484375</ele>
        <time>2026-08-19T23:27:09.000Z</time>
        <extensions>
          <ns3:TrackPointExtension>
            <ns3:hr>146</ns3:hr>
            <ns3:cad>89</ns3:cad>
          </ns3:TrackPointExtension>
        </extensions>
      </trkpt>
      <trkpt lat="34.17513507418334484100341796875" lon="108.9295508153736591339111328125">
        <ele>459.399993896484375</ele>
        <time>2026-08-19T23:27:10.000Z</time>
        <extensions>
          <ns3:TrackPointExtension>
            <ns3:hr>146</ns3:hr>
            <ns3:cad>89</ns3:cad>
          </ns3:TrackPointExtension>
        </extensions>
      </trkpt>
      <trkpt lat="34.17512300424277782440185546875" lon="108.9295675791800022125244140625">
        <ele>459.399993896484375</ele>
        <time>2026-08-19T23:27:11.000Z</time>
        <extensions>
          <ns3:TrackPointExtension>
            <ns3:hr>146</ns3:hr>
            <ns3:cad>88</ns3:cad>
          </ns3:TrackPointExtension>
        </extensions>
      </trkpt>
      <trkpt lat="34.17510875500738620758056640625" lon="108.92958828248083591461181640625">
        <ele>459.600006103515625</ele>
        <time>2026-08-19T23:27:12.000Z</time>
        <extensions>
          <ns3:TrackPointExtension>
            <ns3:hr>146</ns3:hr>
            <ns3:cad>87</ns3:cad>
          </ns3:TrackPointExtension>
        </extensions>
      </trkpt>
      <trkpt lat="34.17509852908551692962646484375" lon="108.92960772849619388580322265625">
        <ele>459.600006103515625</ele>
        <time>2026-08-19T23:27:13.000Z</time>
        <extensions>
          <ns3:TrackPointExtension>
            <ns3:hr>147</ns3:hr>
            <ns3:cad>88</ns3:cad>
          </ns3:TrackPointExtension>
        </extensions>
      </trkpt>
      <trkpt lat="34.1750836931169033050537109375" lon="108.929630108177661895751953125">
        <ele>459.600006103515625</ele>
        <time>2026-08-19T23:27:14.000Z</time>
        <extensions>
          <ns3:TrackPointExtension>
            <ns3:hr>147</ns3:hr>
            <ns3:cad>88</ns3:cad>
          </ns3:TrackPointExtension>
        </extensions>
      </trkpt>
      <trkpt lat="34.17507656849920749664306640625" lon="108.92964712344110012054443359375">
        <ele>459.600006103515625</ele>
        <time>2026-08-19T23:27:15.000Z</time>
        <extensions>
          <ns3:TrackPointExtension>
            <ns3:hr>147</ns3:hr>
            <ns3:cad>88</ns3:cad>
          </ns3:TrackPointExtension>
        </extensions>
      </trkpt>
      <trkpt lat="34.17506148107349872589111328125" lon="108.92967210151255130767822265625">
        <ele>459.600006103515625</ele>
        <time>2026-08-19T23:27:16.000Z</time>
        <extensions>
          <ns3:TrackPointExtension>
            <ns3:hr>147</ns3:hr>
            <ns3:cad>88</ns3:cad>
          </ns3:TrackPointExtension>
        </extensions>
      </trkpt>
      <trkpt lat="34.17504966259002685546875" lon="108.92969205044209957122802734375">
        <ele>459.600006103515625</ele>
        <time>2026-08-19T23:27:17.000Z</time>
        <extensions>
          <ns3:TrackPointExtension>
            <ns3:hr>147</ns3:hr>
            <ns3:cad>88</ns3:cad>
          </ns3:TrackPointExtension>
        </extensions>
      </trkpt>
      <trkpt lat="34.17503558099269866943359375" lon="108.92971551977097988128662109375">
        <ele>459.79998779296875</ele>
        <time>2026-08-19T23:27:18.000Z</time>
        <extensions>
          <ns3:TrackPointExtension>
            <ns3:hr>147</ns3:hr>
            <ns3:cad>88</ns3:cad>
          </ns3:TrackPointExtension>
        </extensions>
      </trkpt>
      <trkpt lat="34.1750273667275905609130859375" lon="108.92973530106246471405029296875">
        <ele>459.79998779296875</ele>
        <time>2026-08-19T23:27:19.000Z</time>
        <extensions>
          <ns3:TrackPointExtension>
            <ns3:hr>147</ns3:hr>
            <ns3:cad>88</ns3:cad>
          </ns3:TrackPointExtension>
        </extensions>
      </trkpt>
      <trkpt lat="34.17501010000705718994140625" lon="108.92976329661905765533447265625">
        <ele>459.79998779296875</ele>
        <time>2026-08-19T23:27:20.000Z</time>
        <extensions>
          <ns3:TrackPointExtension>
            <ns3:hr>148</ns3:hr>
            <ns3:cad>90</ns3:cad>
          </ns3:TrackPointExtension>
        </extensions>
      </trkpt>
      <trkpt lat="34.175001718103885650634765625" lon="108.9297851733863353729248046875">
        <ele>459.79998779296875</ele>
        <time>2026-08-19T23:27:21.000Z</time>
        <extensions>
          <ns3:TrackPointExtension>
            <ns3:hr>148</ns3:hr>
            <ns3:cad>90</ns3:cad>
          </ns3:TrackPointExtension>
        </extensions>
      </trkpt>
      <trkpt lat="34.17498755268752574920654296875" lon="108.92980889417231082916259765625">
        <ele>459.79998779296875</ele>
        <time>2026-08-19T23:27:22.000Z</time>
        <extensions>
          <ns3:TrackPointExtension>
            <ns3:hr>148</ns3:hr>
            <ns3:cad>90</ns3:cad>
          </ns3:TrackPointExtension>
        </extensions>
      </trkpt>
      <trkpt lat="34.17497925460338592529296875" lon="108.92982800491154193878173828125">
        <ele>459.79998779296875</ele>
        <time>2026-08-19T23:27:23.000Z</time>
        <extensions>
          <ns3:TrackPointExtension>
            <ns3:hr>148</ns3:hr>
            <ns3:cad>90</ns3:cad>
          </ns3:TrackPointExtension>
        </extensions>
      </trkpt>
      <trkpt lat="34.17496182024478912353515625" lon="108.92985231243073940277099609375">
        <ele>459.79998779296875</ele>
        <time>2026-08-19T23:27:24.000Z</time>
        <extensions>
          <ns3:TrackPointExtension>
            <ns3:hr>148</ns3:hr>
            <ns3:cad>90</ns3:cad>
          </ns3:TrackPointExtension>
        </extensions>
      </trkpt>
      <trkpt lat="34.17494782246649265289306640625" lon="108.92987494356930255889892578125">
        <ele>460</ele>
        <time>2026-08-19T23:27:25.000Z</time>
        <extensions>
          <ns3:TrackPointExtension>
            <ns3:hr>149</ns3:hr>
            <ns3:cad>88</ns3:cad>
          </ns3:TrackPointExtension>
        </extensions>
      </trkpt>
      <trkpt lat="34.174927957355976104736328125" lon="108.92990042455494403839111328125">
        <ele>460</ele>
        <time>2026-08-19T23:27:26.000Z</time>
        <extensions>
          <ns3:TrackPointExtension>
            <ns3:hr>149</ns3:hr>
            <ns3:cad>88</ns3:cad>
          </ns3:TrackPointExtension>
        </extensions>
      </trkpt>
      <trkpt lat="34.1749195754528045654296875" lon="108.92992238514125347137451171875">
        <ele>460</ele>
        <time>2026-08-19T23:27:27.000Z</time>
        <extensions>
          <ns3:TrackPointExtension>
            <ns3:hr>149</ns3:hr>
            <ns3:cad>88</ns3:cad>
          </ns3:TrackPointExtension>
        </extensions>
      </trkpt>
      <trkpt lat="34.17490482330322265625" lon="108.9299474470317363739013671875">
        <ele>460</ele>
        <time>2026-08-19T23:27:28.000Z</time>
        <extensions>
          <ns3:TrackPointExtension>
            <ns3:hr>149</ns3:hr>
            <ns3:cad>88</ns3:cad>
          </ns3:TrackPointExtension>
        </extensions>
      </trkpt>
      <trkpt lat="34.17489451356232166290283203125" lon="108.9299678988754749298095703125">
        <ele>460.20001220703125</ele>
        <time>2026-08-19T23:27:29.000Z</time>
        <extensions>
          <ns3:TrackPointExtension>
            <ns3:hr>149</ns3:hr>
            <ns3:cad>89</ns3:cad>
          </ns3:TrackPointExtension>
        </extensions>
      </trkpt>
      <trkpt lat="34.17487456463277339935302734375" lon="108.929991535842418670654296875">
        <ele>460</ele>
        <time>2026-08-19T23:27:30.000Z</time>
        <extensions>
          <ns3:TrackPointExtension>
            <ns3:hr>150</ns3:hr>
            <ns3:cad>89</ns3:cad>
          </ns3:TrackPointExtension>
        </extensions>
      </trkpt>
      <trkpt lat="34.1748610697686672210693359375" lon="108.9300104789435863494873046875">
        <ele>460.20001220703125</ele>
        <time>2026-08-19T23:27:31.000Z</time>
        <extensions>
          <ns3:TrackPointExtension>
            <ns3:hr>150</ns3:hr>
            <ns3:cad>89</ns3:cad>
          </ns3:TrackPointExtension>
        </extensions>
      </trkpt>
      <trkpt lat="34.17484438978135585784912109375" lon="108.93004056997597217559814453125">
        <ele>460.20001220703125</ele>
        <time>2026-08-19T23:27:32.000Z</time>
        <extensions>
          <ns3:TrackPointExtension>
            <ns3:hr>150</ns3:hr>
            <ns3:cad>90</ns3:cad>
          </ns3:TrackPointExtension>
        </extensions>
      </trkpt>
      <trkpt lat="34.17483248747885227203369140625" lon="108.9300651289522647857666015625">
        <ele>460.20001220703125</ele>
        <time>2026-08-19T23:27:33.000Z</time>
        <extensions>
          <ns3:TrackPointExtension>
            <ns3:hr>150</ns3:hr>
            <ns3:cad>90</ns3:cad>
          </ns3:TrackPointExtension>
        </extensions>
      </trkpt>
      <trkpt lat="34.1748258657753467559814453125" lon="108.93009589053690433502197265625">
        <ele>460.20001220703125</ele>
        <time>2026-08-19T23:27:34.000Z</time>
        <extensions>
          <ns3:TrackPointExtension>
            <ns3:hr>150</ns3:hr>
            <ns3:cad>90</ns3:cad>
          </ns3:TrackPointExtension>
        </extensions>
      </trkpt>
      <trkpt lat="34.174828715622425079345703125" lon="108.93012606538832187652587890625">
        <ele>460.399993896484375</ele>
        <time>2026-08-19T23:27:35.000Z</time>
        <extensions>
          <ns3:TrackPointExtension>
            <ns3:hr>150</ns3:hr>
            <ns3:cad>90</ns3:cad>
          </ns3:TrackPointExtension>
        </extensions>
      </trkpt>
      <trkpt lat="34.17483516968786716461181640625" lon="108.93015406094491481781005859375">
        <ele>460.399993896484375</ele>
        <time>2026-08-19T23:27:36.000Z</time>
        <extensions>
          <ns3:TrackPointExtension>
            <ns3:hr>151</ns3:hr>
            <ns3:cad>90</ns3:cad>
          </ns3:TrackPointExtension>
        </extensions>
      </trkpt>
      <trkpt lat="34.17484112083911895751953125" lon="108.930180966854095458984375">
        <ele>460.399993896484375</ele>
        <time>2026-08-19T23:27:37.000Z</time>
        <extensions>
          <ns3:TrackPointExtension>
            <ns3:hr>151</ns3:hr>
            <ns3:cad>88</ns3:cad>
          </ns3:TrackPointExtension>
        </extensions>
      </trkpt>
      <trkpt lat="34.1748552024364471435546875" lon="108.93021156080067157745361328125">
        <ele>460.20001220703125</ele>
        <time>2026-08-19T23:27:38.000Z</time>
        <extensions>
          <ns3:TrackPointExtension>
            <ns3:hr>151</ns3:hr>
            <ns3:cad>87</ns3:cad>
          </ns3:TrackPointExtension>
        </extensions>
      </trkpt>
      <trkpt lat="34.17486785911023616790771484375" lon="108.930232264101505279541015625">
        <ele>460.20001220703125</ele>
        <time>2026-08-19T23:27:39.000Z</time>
        <extensions>
          <ns3:TrackPointExtension>
            <ns3:hr>152</ns3:hr>
            <ns3:cad>87</ns3:cad>
          </ns3:TrackPointExtension>
        </extensions>
      </trkpt>
      <trkpt lat="34.1748842038214206695556640625" lon="108.930249027907848358154296875">
        <ele>460.20001220703125</ele>
        <time>2026-08-19T23:27:40.000Z</time>
        <extensions>
          <ns3:TrackPointExtension>
            <ns3:hr>152</ns3:hr>
            <ns3:cad>87</ns3:cad>
          </ns3:TrackPointExtension>
        </extensions>
      </trkpt>
      <trkpt lat="34.1748981177806854248046875" lon="108.93026537261903285980224609375">
        <ele>460</ele>
        <time>2026-08-19T23:27:41.000Z</time>
        <extensions>
          <ns3:TrackPointExtension>
            <ns3:hr>152</ns3:hr>
            <ns3:cad>89</ns3:cad>
          </ns3:TrackPointExtension>
        </extensions>
      </trkpt>
      <trkpt lat="34.17491647414863109588623046875" lon="108.93028280697762966156005859375">
        <ele>460</ele>
        <time>2026-08-19T23:27:42.000Z</time>
        <extensions>
          <ns3:TrackPointExtension>
            <ns3:hr>153</ns3:hr>
            <ns3:cad>88</ns3:cad>
          </ns3:TrackPointExtension>
        </extensions>
      </trkpt>
      <trkpt lat="34.17493742890655994415283203125" lon="108.93030275590717792510986328125">
        <ele>460</ele>
        <time>2026-08-19T23:27:43.000Z</time>
        <extensions>
          <ns3:TrackPointExtension>
            <ns3:hr>153</ns3:hr>
            <ns3:cad>88</ns3:cad>
          </ns3:TrackPointExtension>
        </extensions>
      </trkpt>
      <trkpt lat="34.174958802759647369384765625" lon="108.93031549639999866485595703125">
        <ele>460</ele>
        <time>2026-08-19T23:27:44.000Z</time>
        <extensions>
          <ns3:TrackPointExtension>
            <ns3:hr>153</ns3:hr>
            <ns3:cad>88</ns3:cad>
          </ns3:TrackPointExtension>
        </extensions>
      </trkpt>
      <trkpt lat="34.17497900314629077911376953125" lon="108.93033326603472232818603515625">
        <ele>460</ele>
        <time>2026-08-19T23:27:45.000Z</time>
        <extensions>
          <ns3:TrackPointExtension>
            <ns3:hr>153</ns3:hr>
            <ns3:cad>88</ns3:cad>
          </ns3:TrackPointExtension>
        </extensions>
      </trkpt>
      <trkpt lat="34.1750013828277587890625" lon="108.9303432404994964599609375">
        <ele>459.79998779296875</ele>
        <time>2026-08-19T23:27:46.000Z</time>
        <extensions>
          <ns3:TrackPointExtension>
            <ns3:hr>153</ns3:hr>
            <ns3:cad>88</ns3:cad>
          </ns3:TrackPointExtension>
        </extensions>
      </trkpt>
      <trkpt lat="34.17501923628151416778564453125" lon="108.9303593337535858154296875">
        <ele>459.79998779296875</ele>
        <time>2026-08-19T23:27:47.000Z</time>
        <extensions>
          <ns3:TrackPointExtension>
            <ns3:hr>153</ns3:hr>
            <ns3:cad>88</ns3:cad>
          </ns3:TrackPointExtension>
        </extensions>
      </trkpt>
      <trkpt lat="34.1750370897352695465087890625" lon="108.93037500791251659393310546875">
        <ele>459.79998779296875</ele>
        <time>2026-08-19T23:27:48.000Z</time>
        <extensions>
          <ns3:TrackPointExtension>
            <ns3:hr>153</ns3:hr>
            <ns3:cad>88</ns3:cad>
          </ns3:TrackPointExtension>
        </extensions>
      </trkpt>
      <trkpt lat="34.17505980469286441802978515625" lon="108.93039646558463573455810546875">
        <ele>459.79998779296875</ele>
        <time>2026-08-19T23:27:49.000Z</time>
        <extensions>
          <ns3:TrackPointExtension>
            <ns3:hr>153</ns3:hr>
            <ns3:cad>88</ns3:cad>
          </ns3:TrackPointExtension>
        </extensions>
      </trkpt>
      <trkpt lat="34.1750779934227466583251953125" lon="108.93040870316326618194580078125">
        <ele>459.79998779296875</ele>
        <time>2026-08-19T23:27:50.000Z</time>
        <extensions>
          <ns3:TrackPointExtension>
            <ns3:hr>153</ns3:hr>
            <ns3:cad>88</ns3:cad>
          </ns3:TrackPointExtension>
        </extensions>
      </trkpt>
      <trkpt lat="34.17510456405580043792724609375" lon="108.93043083138763904571533203125">
        <ele>459.600006103515625</ele>
        <time>2026-08-19T23:27:51.000Z</time>
        <extensions>
          <ns3:TrackPointExtension>
            <ns3:hr>153</ns3:hr>
            <ns3:cad>88</ns3:cad>
          </ns3:TrackPointExtension>
        </extensions>
      </trkpt>
      <trkpt lat="34.17512250132858753204345703125" lon="108.93044315278530120849609375">
        <ele>459.600006103515625</ele>
        <time>2026-08-19T23:27:52.000Z</time>
        <extensions>
          <ns3:TrackPointExtension>
            <ns3:hr>153</ns3:hr>
            <ns3:cad>88</ns3:cad>
          </ns3:TrackPointExtension>
        </extensions>
      </trkpt>
      <trkpt lat="34.17514597065746784210205078125" lon="108.930463604629039764404296875">
        <ele>459.600006103515625</ele>
        <time>2026-08-19T23:27:53.000Z</time>
        <extensions>
          <ns3:TrackPointExtension>
            <ns3:hr>153</ns3:hr>
            <ns3:cad>88</ns3:cad>
          </ns3:TrackPointExtension>
        </extensions>
      </trkpt>
      <trkpt lat="34.1751638241112232208251953125" lon="108.9304788596928119659423828125">
        <ele>459.600006103515625</ele>
        <time>2026-08-19T23:27:54.000Z</time>
        <extensions>
          <ns3:TrackPointExtension>
            <ns3:hr>152</ns3:hr>
            <ns3:cad>89</ns3:cad>
          </ns3:TrackPointExtension>
        </extensions>
      </trkpt>
      <trkpt lat="34.1751851141452789306640625" lon="108.93048942089080810546875">
        <ele>459.600006103515625</ele>
        <time>2026-08-19T23:27:55.000Z</time>
        <extensions>
          <ns3:TrackPointExtension>
            <ns3:hr>153</ns3:hr>
            <ns3:cad>88</ns3:cad>
          </ns3:TrackPointExtension>
        </extensions>
      </trkpt>
      <trkpt lat="34.17520380578935146331787109375" lon="108.9305029995739459991455078125">
        <ele>459.600006103515625</ele>
        <time>2026-08-19T23:27:56.000Z</time>
        <extensions>
          <ns3:TrackPointExtension>
            <ns3:hr>153</ns3:hr>
            <ns3:cad>88</ns3:cad>
          </ns3:TrackPointExtension>
        </extensions>
      </trkpt>
      <trkpt lat="34.17522911913692951202392578125" lon="108.9305204339325428009033203125">
        <ele>459.600006103515625</ele>
        <time>2026-08-19T23:27:57.000Z</time>
        <extensions>
          <ns3:TrackPointExtension>
            <ns3:hr>153</ns3:hr>
            <ns3:cad>88</ns3:cad>
          </ns3:TrackPointExtension>
        </extensions>
      </trkpt>
      <trkpt lat="34.17524479329586029052734375" lon="108.93053493462502956390380859375">
        <ele>459.399993896484375</ele>
        <time>2026-08-19T23:27:58.000Z</time>
        <extensions>
          <ns3:TrackPointExtension>
            <ns3:hr>152</ns3:hr>
            <ns3:cad>88</ns3:cad>
          </ns3:TrackPointExtension>
        </extensions>
      </trkpt>
      <trkpt lat="34.17526566423475742340087890625" lon="108.93055220134556293487548828125">
        <ele>459.399993896484375</ele>
        <time>2026-08-19T23:27:59.000Z</time>
        <extensions>
          <ns3:TrackPointExtension>
            <ns3:hr>153</ns3:hr>
            <ns3:cad>88</ns3:cad>
          </ns3:TrackPointExtension>
        </extensions>
      </trkpt>
      <trkpt lat="34.1752858646214008331298828125" lon="108.9305640198290348052978515625">
        <ele>459.399993896484375</ele>
        <time>2026-08-19T23:28:00.000Z</time>
        <extensions>
          <ns3:TrackPointExtension>
            <ns3:hr>152</ns3:hr>
            <ns3:cad>88</ns3:cad>
          </ns3:TrackPointExtension>
        </extensions>
      </trkpt>
      <trkpt lat="34.17530958540737628936767578125" lon="108.93057500012218952178955078125">
        <ele>459.399993896484375</ele>
        <time>2026-08-19T23:28:01.000Z</time>
        <extensions>
          <ns3:TrackPointExtension>
            <ns3:hr>152</ns3:hr>
            <ns3:cad>88</ns3:cad>
          </ns3:TrackPointExtension>
        </extensions>
      </trkpt>
      <trkpt lat="34.17533221654593944549560546875" lon="108.9305858127772808074951171875">
        <ele>459.399993896484375</ele>
        <time>2026-08-19T23:28:02.000Z</time>
        <extensions>
          <ns3:TrackPointExtension>
            <ns3:hr>152</ns3:hr>
            <ns3:cad>89</ns3:cad>
          </ns3:TrackPointExtension>
        </extensions>
      </trkpt>
      <trkpt lat="34.17535954155027866363525390625" lon="108.93059201538562774658203125">
        <ele>459.399993896484375</ele>
        <time>2026-08-19T23:28:03.000Z</time>
        <extensions>
          <ns3:TrackPointExtension>
            <ns3:hr>153</ns3:hr>
            <ns3:cad>88</ns3:cad>
          </ns3:TrackPointExtension>
        </extensions>
      </trkpt>
      <trkpt lat="34.1753814183175563812255859375" lon="108.9305995590984821319580078125">
        <ele>459.399993896484375</ele>
        <time>2026-08-19T23:28:04.000Z</time>
        <extensions>
          <ns3:TrackPointExtension>
            <ns3:hr>152</ns3:hr>
            <ns3:cad>88</ns3:cad>
          </ns3:TrackPointExtension>
        </extensions>
      </trkpt>
      <trkpt lat="34.17540463618934154510498046875" lon="108.9306055940687656402587890625">
        <ele>459.399993896484375</ele>
        <time>2026-08-19T23:28:05.000Z</time>
        <extensions>
          <ns3:TrackPointExtension>
            <ns3:hr>152</ns3:hr>
            <ns3:cad>88</ns3:cad>
          </ns3:TrackPointExtension>
        </extensions>
      </trkpt>
      <trkpt lat="34.175429530441761016845703125" lon="108.9306092821061611175537109375">
        <ele>459.399993896484375</ele>
        <time>2026-08-19T23:28:06.000Z</time>
        <extensions>
          <ns3:TrackPointExtension>
            <ns3:hr>153</ns3:hr>
            <ns3:cad>88</ns3:cad>
          </ns3:TrackPointExtension>
        </extensions>
      </trkpt>
      <trkpt lat="34.17545693926513195037841796875" lon="108.9306126348674297332763671875">
        <ele>459.399993896484375</ele>
        <time>2026-08-19T23:28:07.000Z</time>
        <extensions>
          <ns3:TrackPointExtension>
            <ns3:hr>152</ns3:hr>
            <ns3:cad>88</ns3:cad>
          </ns3:TrackPointExtension>
        </extensions>
      </trkpt>
      <trkpt lat="34.1754813306033611297607421875" lon="108.93061883747577667236328125">
        <ele>459.399993896484375</ele>
        <time>2026-08-19T23:28:08.000Z</time>
        <extensions>
          <ns3:TrackPointExtension>
            <ns3:hr>152</ns3:hr>
            <ns3:cad>89</ns3:cad>
          </ns3:TrackPointExtension>
        </extensions>
      </trkpt>
      <trkpt lat="34.17550840415060520172119140625" lon="108.93062193877995014190673828125">
        <ele>459.399993896484375</ele>
        <time>2026-08-19T23:28:09.000Z</time>
        <extensions>
          <ns3:TrackPointExtension>
            <ns3:hr>153</ns3:hr>
            <ns3:cad>89</ns3:cad>
          </ns3:TrackPointExtension>
        </extensions>
      </trkpt>
      <trkpt lat="34.1755319572985172271728515625" lon="108.93062462098896503448486328125">
        <ele>459.399993896484375</ele>
        <time>2026-08-19T23:28:10.000Z</time>
        <extensions>
          <ns3:TrackPointExtension>
            <ns3:hr>152</ns3:hr>
            <ns3:cad>89</ns3:cad>
          </ns3:TrackPointExtension>
        </extensions>
      </trkpt>
      <trkpt lat="34.175558276474475860595703125" lon="108.93062411807477474212646484375">
        <ele>459.399993896484375</ele>
        <time>2026-08-19T23:28:11.000Z</time>
        <extensions>
          <ns3:TrackPointExtension>
            <ns3:hr>152</ns3:hr>
            <ns3:cad>89</ns3:cad>
          </ns3:TrackPointExtension>
        </extensions>
      </trkpt>
      <trkpt lat="34.1755845956504344940185546875" lon="108.93062830902636051177978515625">
        <ele>459.399993896484375</ele>
        <time>2026-08-19T23:28:12.000Z</time>
        <extensions>
          <ns3:TrackPointExtension>
            <ns3:hr>152</ns3:hr>
            <ns3:cad>90</ns3:cad>
          </ns3:TrackPointExtension>
        </extensions>
      </trkpt>
      <trkpt lat="34.17560764588415622711181640625" lon="108.93062881194055080413818359375">
        <ele>459.399993896484375</ele>
        <time>2026-08-19T23:28:13.000Z</time>
        <extensions>
          <ns3:TrackPointExtension>
            <ns3:hr>152</ns3:hr>
            <ns3:cad>90</ns3:cad>
          </ns3:TrackPointExtension>
        </extensions>
      </trkpt>
      <trkpt lat="34.17563312686979770660400390625" lon="108.9306329190731048583984375">
        <ele>459.399993896484375</ele>
        <time>2026-08-19T23:28:14.000Z</time>
        <extensions>
          <ns3:TrackPointExtension>
            <ns3:hr>152</ns3:hr>
            <ns3:cad>90</ns3:cad>
          </ns3:TrackPointExtension>
        </extensions>
      </trkpt>
      <trkpt lat="34.1756539978086948394775390625" lon="108.93063099123537540435791015625">
        <ele>459.399993896484375</ele>
        <time>2026-08-19T23:28:15.000Z</time>
        <extensions>
          <ns3:TrackPointExtension>
            <ns3:hr>151</ns3:hr>
            <ns3:cad>90</ns3:cad>
          </ns3:TrackPointExtension>
        </extensions>
      </trkpt>
      <trkpt lat="34.17567654512822628021240234375" lon="108.93063467927277088165283203125">
        <ele>459.399993896484375</ele>
        <time>2026-08-19T23:28:16.000Z</time>
        <extensions>
          <ns3:TrackPointExtension>
            <ns3:hr>151</ns3:hr>
            <ns3:cad>90</ns3:cad>
          </ns3:TrackPointExtension>
        </extensions>
      </trkpt>
      <trkpt lat="34.1757026128470897674560546875" lon="108.93063534982502460479736328125">
        <ele>459.399993896484375</ele>
        <time>2026-08-19T23:28:17.000Z</time>
        <extensions>
          <ns3:TrackPointExtension>
            <ns3:hr>151</ns3:hr>
            <ns3:cad>89</ns3:cad>
          </ns3:TrackPointExtension>
        </extensions>
      </trkpt>
      <trkpt lat="34.1757294349372386932373046875" lon="108.93063786439597606658935546875">
        <ele>459.399993896484375</ele>
        <time>2026-08-19T23:28:18.000Z</time>
        <extensions>
          <ns3:TrackPointExtension>
            <ns3:hr>151</ns3:hr>
            <ns3:cad>90</ns3:cad>
          </ns3:TrackPointExtension>
        </extensions>
      </trkpt>
      <trkpt lat="34.1757537424564361572265625" lon="108.93063752911984920501708984375">
        <ele>459.399993896484375</ele>
        <time>2026-08-19T23:28:19.000Z</time>
        <extensions>
          <ns3:TrackPointExtension>
            <ns3:hr>150</ns3:hr>
            <ns3:cad>90</ns3:cad>
          </ns3:TrackPointExtension>
        </extensions>
      </trkpt>
      <trkpt lat="34.17578366585075855255126953125" lon="108.9306414686143398284912109375">
        <ele>459.399993896484375</ele>
        <time>2026-08-19T23:28:20.000Z</time>
        <extensions>
          <ns3:TrackPointExtension>
            <ns3:hr>149</ns3:hr>
            <ns3:cad>90</ns3:cad>
          </ns3:TrackPointExtension>
        </extensions>
      </trkpt>
      <trkpt lat="34.17580311186611652374267578125" lon="108.9306382834911346435546875">
        <ele>459.399993896484375</ele>
        <time>2026-08-19T23:28:21.000Z</time>
        <extensions>
          <ns3:TrackPointExtension>
            <ns3:hr>148</ns3:hr>
            <ns3:cad>88</ns3:cad>
          </ns3:TrackPointExtension>
        </extensions>
      </trkpt>
      <trkpt lat="34.17583487927913665771484375" lon="108.93064222298562526702880859375">
        <ele>459.399993896484375</ele>
        <time>2026-08-19T23:28:22.000Z</time>
        <extensions>
          <ns3:TrackPointExtension>
            <ns3:hr>148</ns3:hr>
            <ns3:cad>88</ns3:cad>
          </ns3:TrackPointExtension>
        </extensions>
      </trkpt>
      <trkpt lat="34.1758565045893192291259765625" lon="108.9306451566517353057861328125">
        <ele>459.399993896484375</ele>
        <time>2026-08-19T23:28:23.000Z</time>
        <extensions>
          <ns3:TrackPointExtension>
            <ns3:hr>148</ns3:hr>
            <ns3:cad>88</ns3:cad>
          </ns3:TrackPointExtension>
        </extensions>
      </trkpt>
      <trkpt lat="34.17588810436427593231201171875" lon="108.93065035343170166015625">
        <ele>459.399993896484375</ele>
        <time>2026-08-19T23:28:24.000Z</time>
        <extensions>
          <ns3:TrackPointExtension>
            <ns3:hr>148</ns3:hr>
            <ns3:cad>88</ns3:cad>
          </ns3:TrackPointExtension>
        </extensions>
      </trkpt>
      <trkpt lat="34.17591475881636142730712890625" lon="108.93065630458295345306396484375">
        <ele>459.399993896484375</ele>
        <time>2026-08-19T23:28:25.000Z</time>
        <extensions>
          <ns3:TrackPointExtension>
            <ns3:hr>148</ns3:hr>
            <ns3:cad>89</ns3:cad>
          </ns3:TrackPointExtension>
        </extensions>
      </trkpt>
      <trkpt lat="34.17594510130584239959716796875" lon="108.93065999262034893035888671875">
        <ele>459.399993896484375</ele>
        <time>2026-08-19T23:28:26.000Z</time>
        <extensions>
          <ns3:TrackPointExtension>
            <ns3:hr>148</ns3:hr>
            <ns3:cad>89</ns3:cad>
          </ns3:TrackPointExtension>
        </extensions>
      </trkpt>
      <trkpt lat="34.17597209103405475616455078125" lon="108.9306646026670932769775390625">
        <ele>459.399993896484375</ele>
        <time>2026-08-19T23:28:27.000Z</time>
        <extensions>
          <ns3:TrackPointExtension>
            <ns3:hr>148</ns3:hr>
            <ns3:cad>89</ns3:cad>
          </ns3:TrackPointExtension>
        </extensions>
      </trkpt>
      <trkpt lat="34.175998158752918243408203125" lon="108.93067155964672565460205078125">
        <ele>459.399993896484375</ele>
        <time>2026-08-19T23:28:28.000Z</time>
        <extensions>
          <ns3:TrackPointExtension>
            <ns3:hr>148</ns3:hr>
            <ns3:cad>89</ns3:cad>
          </ns3:TrackPointExtension>
        </extensions>
      </trkpt>
      <trkpt lat="34.17602531611919403076171875" lon="108.9306760020554065704345703125">
        <ele>459.399993896484375</ele>
        <time>2026-08-19T23:28:29.000Z</time>
        <extensions>
          <ns3:TrackPointExtension>
            <ns3:hr>148</ns3:hr>
            <ns3:cad>89</ns3:cad>
          </ns3:TrackPointExtension>
        </extensions>
      </trkpt>
      <trkpt lat="34.176055490970611572265625" lon="108.93068446777760982513427734375">
        <ele>459.399993896484375</ele>
        <time>2026-08-19T23:28:30.000Z</time>
        <extensions>
          <ns3:TrackPointExtension>
            <ns3:hr>148</ns3:hr>
            <ns3:cad>90</ns3:cad>
          </ns3:TrackPointExtension>
        </extensions>
      </trkpt>
      <trkpt lat="34.17607954703271389007568359375" lon="108.930687569081783294677734375">
        <ele>459.20001220703125</ele>
        <time>2026-08-19T23:28:31.000Z</time>
        <extensions>
          <ns3:TrackPointExtension>
            <ns3:hr>147</ns3:hr>
            <ns3:cad>90</ns3:cad>
          </ns3:TrackPointExtension>
        </extensions>
      </trkpt>
      <trkpt lat="34.176109135150909423828125" lon="108.93069352023303508758544921875">
        <ele>459.399993896484375</ele>
        <time>2026-08-19T23:28:32.000Z</time>
        <extensions>
          <ns3:TrackPointExtension>
            <ns3:hr>148</ns3:hr>
            <ns3:cad>91</ns3:cad>
          </ns3:TrackPointExtension>
        </extensions>
      </trkpt>
      <trkpt lat="34.1761337779462337493896484375" lon="108.93069955520331859588623046875">
        <ele>459.399993896484375</ele>
        <time>2026-08-19T23:28:33.000Z</time>
        <extensions>
          <ns3:TrackPointExtension>
            <ns3:hr>148</ns3:hr>
            <ns3:cad>90</ns3:cad>
          </ns3:TrackPointExtension>
        </extensions>
      </trkpt>
      <trkpt lat="34.1761646233499050140380859375" lon="108.93070626072585582733154296875">
        <ele>459.20001220703125</ele>
        <time>2026-08-19T23:28:34.000Z</time>
        <extensions>
          <ns3:TrackPointExtension>
            <ns3:hr>148</ns3:hr>
            <ns3:cad>90</ns3:cad>
          </ns3:TrackPointExtension>
        </extensions>
      </trkpt>
      <trkpt lat="34.176187925040721893310546875" lon="108.930705673992633819580078125">
        <ele>459.20001220703125</ele>
        <time>2026-08-19T23:28:35.000Z</time>
        <extensions>
          <ns3:TrackPointExtension>
            <ns3:hr>148</ns3:hr>
            <ns3:cad>90</ns3:cad>
          </ns3:TrackPointExtension>
        </extensions>
      </trkpt>
      <trkpt lat="34.1762162558734416961669921875" lon="108.93070927821099758148193359375">
        <ele>459.20001220703125</ele>
        <time>2026-08-19T23:28:36.000Z</time>
        <extensions>
          <ns3:TrackPointExtension>
            <ns3:hr>148</ns3:hr>
            <ns3:cad>90</ns3:cad>
          </ns3:TrackPointExtension>
        </extensions>
      </trkpt>
      <trkpt lat="34.176240228116512298583984375" lon="108.93070559017360210418701171875">
        <ele>459.20001220703125</ele>
        <time>2026-08-19T23:28:37.000Z</time>
        <extensions>
          <ns3:TrackPointExtension>
            <ns3:hr>148</ns3:hr>
            <ns3:cad>90</ns3:cad>
          </ns3:TrackPointExtension>
        </extensions>
      </trkpt>
      <trkpt lat="34.17626671493053436279296875" lon="108.93071598373353481292724609375">
        <ele>459.20001220703125</ele>
        <time>2026-08-19T23:28:38.000Z</time>
        <extensions>
          <ns3:TrackPointExtension>
            <ns3:hr>149</ns3:hr>
            <ns3:cad>91</ns3:cad>
          </ns3:TrackPointExtension>
        </extensions>
      </trkpt>
      <trkpt lat="34.1762930341064929962158203125" lon="108.9307199232280254364013671875">
        <ele>459.399993896484375</ele>
        <time>2026-08-19T23:28:39.000Z</time>
        <extensions>
          <ns3:TrackPointExtension>
            <ns3:hr>149</ns3:hr>
            <ns3:cad>89</ns3:cad>
          </ns3:TrackPointExtension>
        </extensions>
      </trkpt>
      <trkpt lat="34.17632144875824451446533203125" lon="108.93071246333420276641845703125">
        <ele>459.399993896484375</ele>
        <time>2026-08-19T23:28:40.000Z</time>
        <extensions>
          <ns3:TrackPointExtension>
            <ns3:hr>149</ns3:hr>
            <ns3:cad>89</ns3:cad>
          </ns3:TrackPointExtension>
        </extensions>
      </trkpt>
      <trkpt lat="34.1763426549732685089111328125" lon="108.93070332705974578857421875">
        <ele>459.399993896484375</ele>
        <time>2026-08-19T23:28:41.000Z</time>
        <extensions>
          <ns3:TrackPointExtension>
            <ns3:hr>149</ns3:hr>
            <ns3:cad>89</ns3:cad>
          </ns3:TrackPointExtension>
        </extensions>
      </trkpt>
      <trkpt lat="34.17637207545340061187744140625" lon="108.9306837134063243865966796875">
        <ele>459.399993896484375</ele>
        <time>2026-08-19T23:28:42.000Z</time>
        <extensions>
          <ns3:TrackPointExtension>
            <ns3:hr>149</ns3:hr>
            <ns3:cad>89</ns3:cad>
          </ns3:TrackPointExtension>
        </extensions>
      </trkpt>
      <trkpt lat="34.17639219202101230621337890625" lon="108.93066401593387126922607421875">
        <ele>459.399993896484375</ele>
        <time>2026-08-19T23:28:43.000Z</time>
        <extensions>
          <ns3:TrackPointExtension>
            <ns3:hr>149</ns3:hr>
            <ns3:cad>88</ns3:cad>
          </ns3:TrackPointExtension>
        </extensions>
      </trkpt>
      <trkpt lat="34.17641214095056056976318359375" lon="108.93063652329146862030029296875">
        <ele>459.399993896484375</ele>
        <time>2026-08-19T23:28:44.000Z</time>
        <extensions>
          <ns3:TrackPointExtension>
            <ns3:hr>149</ns3:hr>
            <ns3:cad>88</ns3:cad>
          </ns3:TrackPointExtension>
        </extensions>
      </trkpt>
      <trkpt lat="34.1764247976243495941162109375" lon="108.93061213195323944091796875">
        <ele>459.399993896484375</ele>
        <time>2026-08-19T23:28:45.000Z</time>
        <extensions>
          <ns3:TrackPointExtension>
            <ns3:hr>149</ns3:hr>
            <ns3:cad>88</ns3:cad>
          </ns3:TrackPointExtension>
        </extensions>
      </trkpt>
      <trkpt lat="34.17643225751817226409912109375" lon="108.9305680431425571441650390625">
        <ele>459.399993896484375</ele>
        <time>2026-08-19T23:28:46.000Z</time>
        <extensions>
          <ns3:TrackPointExtension>
            <ns3:hr>149</ns3:hr>
            <ns3:cad>89</ns3:cad>
          </ns3:TrackPointExtension>
        </extensions>
      </trkpt>
      <trkpt lat="34.1764377057552337646484375" lon="108.9305274747312068939208984375">
        <ele>459.399993896484375</ele>
        <time>2026-08-19T23:28:47.000Z</time>
        <extensions>
          <ns3:TrackPointExtension>
            <ns3:hr>150</ns3:hr>
            <ns3:cad>89</ns3:cad>
          </ns3:TrackPointExtension>
        </extensions>
      </trkpt>
      <trkpt lat="34.1764425672590732574462890625" lon="108.9304825477302074432373046875">
        <ele>459.399993896484375</ele>
        <time>2026-08-19T23:28:48.000Z</time>
        <extensions>
          <ns3:TrackPointExtension>
            <ns3:hr>150</ns3:hr>
            <ns3:cad>89</ns3:cad>
          </ns3:TrackPointExtension>
        </extensions>
      </trkpt>
      <trkpt lat="34.17644130997359752655029296875" lon="108.93043820746243000030517578125">
        <ele>459.600006103515625</ele>
        <time>2026-08-19T23:28:49.000Z</time>
        <extensions>
          <ns3:TrackPointExtension>
            <ns3:hr>150</ns3:hr>
            <ns3:cad>89</ns3:cad>
          </ns3:TrackPointExtension>
        </extensions>
      </trkpt>
      <trkpt lat="34.1764412261545658111572265625" lon="108.93039076589047908782958984375">
        <ele>459.600006103515625</ele>
        <time>2026-08-19T23:28:50.000Z</time>
        <extensions>
          <ns3:TrackPointExtension>
            <ns3:hr>150</ns3:hr>
            <ns3:cad>89</ns3:cad>
          </ns3:TrackPointExtension>
        </extensions>
      </trkpt>
      <trkpt lat="34.17644315399229526519775390625" lon="108.9303338527679443359375">
        <ele>459.79998779296875</ele>
        <time>2026-08-19T23:28:51.000Z</time>
        <extensions>
          <ns3:TrackPointExtension>
            <ns3:hr>150</ns3:hr>
            <ns3:cad>93</ns3:cad>
          </ns3:TrackPointExtension>
        </extensions>
      </trkpt>
      <trkpt lat="34.176452122628688812255859375" lon="108.930288590490818023681640625">
        <ele>459.79998779296875</ele>
        <time>2026-08-19T23:28:52.000Z</time>
        <extensions>
          <ns3:TrackPointExtension>
            <ns3:hr>151</ns3:hr>
            <ns3:cad>95</ns3:cad>
          </ns3:TrackPointExtension>
        </extensions>
      </trkpt>
      <trkpt lat="34.1764754243195056915283203125" lon="108.9302461780607700347900390625">
        <ele>459.79998779296875</ele>
        <time>2026-08-19T23:28:53.000Z</time>
        <extensions>
          <ns3:TrackPointExtension>
            <ns3:hr>151</ns3:hr>
            <ns3:cad>95</ns3:cad>
          </ns3:TrackPointExtension>
        </extensions>
      </trkpt>
      <trkpt lat="34.1765005700290203094482421875" lon="108.93020845949649810791015625">
        <ele>459.79998779296875</ele>
        <time>2026-08-19T23:28:54.000Z</time>
        <extensions>
          <ns3:TrackPointExtension>
            <ns3:hr>153</ns3:hr>
            <ns3:cad>96</ns3:cad>
          </ns3:TrackPointExtension>
        </extensions>
      </trkpt>
      <trkpt lat="34.176521189510822296142578125" lon="108.93017183057963848114013671875">
        <ele>459.79998779296875</ele>
        <time>2026-08-19T23:28:55.000Z</time>
        <extensions>
          <ns3:TrackPointExtension>
            <ns3:hr>154</ns3:hr>
            <ns3:cad>96</ns3:cad>
          </ns3:TrackPointExtension>
        </extensions>
      </trkpt>
      <trkpt lat="34.176544658839702606201171875" lon="108.9301308430731296539306640625">
        <ele>460</ele>
        <time>2026-08-19T23:28:56.000Z</time>
        <extensions>
          <ns3:TrackPointExtension>
            <ns3:hr>156</ns3:hr>
            <ns3:cad>96</ns3:cad>
          </ns3:TrackPointExtension>
        </extensions>
      </trkpt>
      <trkpt lat="34.17656133882701396942138671875" lon="108.9300949685275554656982421875">
        <ele>460</ele>
        <time>2026-08-19T23:28:57.000Z</time>
        <extensions>
          <ns3:TrackPointExtension>
            <ns3:hr>157</ns3:hr>
            <ns3:cad>96</ns3:cad>
          </ns3:TrackPointExtension>
        </extensions>
      </trkpt>
      <trkpt lat="34.17658162303268909454345703125" lon="108.93004886806011199951171875">
        <ele>460</ele>
        <time>2026-08-19T23:28:58.000Z</time>
        <extensions>
          <ns3:TrackPointExtension>
            <ns3:hr>158</ns3:hr>
            <ns3:cad>96</ns3:cad>
          </ns3:TrackPointExtension>
        </extensions>
      </trkpt>
      <trkpt lat="34.17659687809646129608154296875" lon="108.93001207150518894195556640625">
        <ele>460</ele>
        <time>2026-08-19T23:28:59.000Z</time>
        <extensions>
          <ns3:TrackPointExtension>
            <ns3:hr>159</ns3:hr>
            <ns3:cad>95</ns3:cad>
          </ns3:TrackPointExtension>
        </extensions>
      </trkpt>
      <trkpt lat="34.17661380954086780548095703125" lon="108.92997401766479015350341796875">
        <ele>460.20001220703125</ele>
        <time>2026-08-19T23:29:00.000Z</time>
        <extensions>
          <ns3:TrackPointExtension>
            <ns3:hr>161</ns3:hr>
            <ns3:cad>95</ns3:cad>
          </ns3:TrackPointExtension>
        </extensions>
      </trkpt>
      <trkpt lat="34.176629148423671722412109375" lon="108.92993889749050140380859375">
        <ele>460.20001220703125</ele>
        <time>2026-08-19T23:29:01.000Z</time>
        <extensions>
          <ns3:TrackPointExtension>
            <ns3:hr>162</ns3:hr>
            <ns3:cad>93</ns3:cad>
          </ns3:TrackPointExtension>
        </extensions>
      </trkpt>
      <trkpt lat="34.17665437795221805572509765625" lon="108.929903022944927215576171875">
        <ele>460.20001220703125</ele>
        <time>2026-08-19T23:29:02.000Z</time>
        <extensions>
          <ns3:TrackPointExtension>
            <ns3:hr>164</ns3:hr>
            <ns3:cad>93</ns3:cad>
          </ns3:TrackPointExtension>
        </extensions>
      </trkpt>
      <trkpt lat="34.176682792603969573974609375" lon="108.92987578175961971282958984375">
        <ele>460.20001220703125</ele>
        <time>2026-08-19T23:29:03.000Z</time>
        <extensions>
          <ns3:TrackPointExtension>
            <ns3:hr>165</ns3:hr>
            <ns3:cad>93</ns3:cad>
          </ns3:TrackPointExtension>
        </extensions>
      </trkpt>
      <trkpt lat="34.17672059498727321624755859375" lon="108.929859437048435211181640625">
        <ele>460.20001220703125</ele>
        <time>2026-08-19T23:29:04.000Z</time>
        <extensions>
          <ns3:TrackPointExtension>
            <ns3:hr>166</ns3:hr>
            <ns3:cad>94</ns3:cad>
          </ns3:TrackPointExtension>
        </extensions>
      </trkpt>
      <trkpt lat="34.17676024138927459716796875" lon="108.92984770238399505615234375">
        <ele>460.399993896484375</ele>
        <time>2026-08-19T23:29:05.000Z</time>
        <extensions>
          <ns3:TrackPointExtension>
            <ns3:hr>167</ns3:hr>
            <ns3:cad>94</ns3:cad>
          </ns3:TrackPointExtension>
        </extensions>
      </trkpt>
      <trkpt lat="34.176792092621326446533203125" lon="108.92984074540436267852783203125">
        <ele>460.399993896484375</ele>
        <time>2026-08-19T23:29:06.000Z</time>
        <extensions>
          <ns3:TrackPointExtension>
            <ns3:hr>167</ns3:hr>
            <ns3:cad>94</ns3:cad>
          </ns3:TrackPointExtension>
        </extensions>
      </trkpt>
      <trkpt lat="34.17682788334786891937255859375" lon="108.92983303405344486236572265625">
        <ele>460.399993896484375</ele>
        <time>2026-08-19T23:29:07.000Z</time>
        <extensions>
          <ns3:TrackPointExtension>
            <ns3:hr>168</ns3:hr>
            <ns3:cad>93</ns3:cad>
          </ns3:TrackPointExtension>
        </extensions>
      </trkpt>
      <trkpt lat="34.17686283588409423828125" lon="108.9298223890364170074462890625">
        <ele>460.399993896484375</ele>
        <time>2026-08-19T23:29:08.000Z</time>
        <extensions>
          <ns3:TrackPointExtension>
            <ns3:hr>169</ns3:hr>
            <ns3:cad>92</ns3:cad>
          </ns3:TrackPointExtension>
        </extensions>
      </trkpt>
      <trkpt lat="34.17689376510679721832275390625" lon="108.92981149256229400634765625">
        <ele>460.600006103515625</ele>
        <time>2026-08-19T23:29:09.000Z</time>
        <extensions>
          <ns3:TrackPointExtension>
            <ns3:hr>170</ns3:hr>
            <ns3:cad>92</ns3:cad>
          </ns3:TrackPointExtension>
        </extensions>
      </trkpt>
      <trkpt lat="34.176922179758548736572265625" lon="108.9297935552895069122314453125">
        <ele>460.600006103515625</ele>
        <time>2026-08-19T23:29:10.000Z</time>
        <extensions>
          <ns3:TrackPointExtension>
            <ns3:hr>170</ns3:hr>
            <ns3:cad>92</ns3:cad>
          </ns3:TrackPointExtension>
        </extensions>
      </trkpt>
      <trkpt lat="34.17694640345871448516845703125" lon="108.92978106625378131866455078125">
        <ele>460.600006103515625</ele>
        <time>2026-08-19T23:29:11.000Z</time>
        <extensions>
          <ns3:TrackPointExtension>
            <ns3:hr>171</ns3:hr>
            <ns3:cad>92</ns3:cad>
          </ns3:TrackPointExtension>
        </extensions>
      </trkpt>
      <trkpt lat="34.17697691358625888824462890625" lon="108.92976044677197933197021484375">
        <ele>460.600006103515625</ele>
        <time>2026-08-19T23:29:12.000Z</time>
        <extensions>
          <ns3:TrackPointExtension>
            <ns3:hr>171</ns3:hr>
            <ns3:cad>90</ns3:cad>
          </ns3:TrackPointExtension>
        </extensions>
      </trkpt>
      <trkpt lat="34.17699401266872882843017578125" lon="108.92974167130887508392333984375">
        <ele>460.600006103515625</ele>
        <time>2026-08-19T23:29:13.000Z</time>
        <extensions>
          <ns3:TrackPointExtension>
            <ns3:hr>171</ns3:hr>
            <ns3:cad>90</ns3:cad>
          </ns3:TrackPointExtension>
        </extensions>
      </trkpt>
      <trkpt lat="34.17700164020061492919921875" lon="108.92972792498767375946044921875">
        <ele>460.600006103515625</ele>
        <time>2026-08-19T23:29:14.000Z</time>
        <extensions>
          <ns3:TrackPointExtension>
            <ns3:hr>172</ns3:hr>
            <ns3:cad>90</ns3:cad>
          </ns3:TrackPointExtension>
        </extensions>
      </trkpt>
      <trkpt lat="34.17701329104602336883544921875" lon="108.9297187887132167816162109375">
        <ele>460.600006103515625</ele>
        <time>2026-08-19T23:29:15.000Z</time>
        <extensions>
          <ns3:TrackPointExtension>
            <ns3:hr>172</ns3:hr>
            <ns3:cad>90</ns3:cad>
          </ns3:TrackPointExtension>
        </extensions>
      </trkpt>
      <trkpt lat="34.17702485807240009307861328125" lon="108.9297107420861721038818359375">
        <ele>460.600006103515625</ele>
        <time>2026-08-19T23:29:16.000Z</time>
        <extensions>
          <ns3:TrackPointExtension>
            <ns3:hr>173</ns3:hr>
            <ns3:cad>90</ns3:cad>
          </ns3:TrackPointExtension>
        </extensions>
      </trkpt>
      <trkpt lat="34.17703449726104736328125" lon="108.92970210872590541839599609375">
        <ele>460.399993896484375</ele>
        <time>2026-08-19T23:29:17.000Z</time>
        <extensions>
          <ns3:TrackPointExtension>
            <ns3:hr>173</ns3:hr>
            <ns3:cad>90</ns3:cad>
          </ns3:TrackPointExtension>
        </extensions>
      </trkpt>
      <trkpt lat="34.1770450584590435028076171875" lon="108.929693140089511871337890625">
        <ele>460.399993896484375</ele>
        <time>2026-08-19T23:29:18.000Z</time>
        <extensions>
          <ns3:TrackPointExtension>
            <ns3:hr>173</ns3:hr>
            <ns3:cad>90</ns3:cad>
          </ns3:TrackPointExtension>
        </extensions>
      </trkpt>
      <trkpt lat="34.1770574636757373809814453125" lon="108.92968467436730861663818359375">
        <ele>460.399993896484375</ele>
        <time>2026-08-19T23:29:19.000Z</time>
        <extensions>
          <ns3:TrackPointExtension>
            <ns3:hr>174</ns3:hr>
            <ns3:cad>90</ns3:cad>
          </ns3:TrackPointExtension>
        </extensions>
      </trkpt>
      <trkpt lat="34.17707313783466815948486328125" lon="108.9296741969883441925048828125">
        <ele>460.399993896484375</ele>
        <time>2026-08-19T23:29:20.000Z</time>
        <extensions>
          <ns3:TrackPointExtension>
            <ns3:hr>173</ns3:hr>
            <ns3:cad>90</ns3:cad>
          </ns3:TrackPointExtension>
        </extensions>
      </trkpt>
      <trkpt lat="34.17708487249910831451416015625" lon="108.92966472543776035308837890625">
        <ele>460.399993896484375</ele>
        <time>2026-08-19T23:29:21.000Z</time>
        <extensions>
          <ns3:TrackPointExtension>
            <ns3:hr>173</ns3:hr>
            <ns3:cad>59</ns3:cad>
          </ns3:TrackPointExtension>
        </extensions>
      </trkpt>
      <trkpt lat="34.17709694243967533111572265625" lon="108.929654248058795928955078125">
        <ele>460.399993896484375</ele>
        <time>2026-08-19T23:29:22.000Z</time>
        <extensions>
          <ns3:TrackPointExtension>
            <ns3:hr>172</ns3:hr>
            <ns3:cad>59</ns3:cad>
          </ns3:TrackPointExtension>
        </extensions>
      </trkpt>
      <trkpt lat="34.17710758745670318603515625" lon="108.92964762635529041290283203125">
        <ele>460.600006103515625</ele>
        <time>2026-08-19T23:29:23.000Z</time>
        <extensions>
          <ns3:TrackPointExtension>
            <ns3:hr>172</ns3:hr>
            <ns3:cad>59</ns3:cad>
          </ns3:TrackPointExtension>
        </extensions>
      </trkpt>
      <trkpt lat="34.1771211661398410797119140625" lon="108.92964527942240238189697265625">
        <ele>460.600006103515625</ele>
        <time>2026-08-19T23:29:24.000Z</time>
        <extensions>
          <ns3:TrackPointExtension>
            <ns3:hr>172</ns3:hr>
            <ns3:cad>59</ns3:cad>
          </ns3:TrackPointExtension>
        </extensions>
      </trkpt>
      <trkpt lat="34.1771325655281543731689453125" lon="108.929641507565975189208984375">
        <ele>460.600006103515625</ele>
        <time>2026-08-19T23:29:25.000Z</time>
        <extensions>
          <ns3:TrackPointExtension>
            <ns3:hr>171</ns3:hr>
            <ns3:cad>59</ns3:cad>
          </ns3:TrackPointExtension>
        </extensions>
      </trkpt>
      <trkpt lat="34.17714589275419712066650390625" lon="108.9296383224427700042724609375">
        <ele>460.600006103515625</ele>
        <time>2026-08-19T23:29:26.000Z</time>
        <extensions>
          <ns3:TrackPointExtension>
            <ns3:hr>171</ns3:hr>
            <ns3:cad>59</ns3:cad>
          </ns3:TrackPointExtension>
        </extensions>
      </trkpt>
      <trkpt lat="34.17715930379927158355712890625" lon="108.92963706515729427337646484375">
        <ele>460.600006103515625</ele>
        <time>2026-08-19T23:29:27.000Z</time>
        <extensions>
          <ns3:TrackPointExtension>
            <ns3:hr>169</ns3:hr>
            <ns3:cad>59</ns3:cad>
          </ns3:TrackPointExtension>
        </extensions>
      </trkpt>
      <trkpt lat="34.1771753132343292236328125" lon="108.929635472595691680908203125">
        <ele>460.600006103515625</ele>
        <time>2026-08-19T23:29:28.000Z</time>
        <extensions>
          <ns3:TrackPointExtension>
            <ns3:hr>168</ns3:hr>
            <ns3:cad>59</ns3:cad>
          </ns3:TrackPointExtension>
        </extensions>
      </trkpt>
      <trkpt lat="34.177194423973560333251953125" lon="108.92963446676731109619140625">
        <ele>460.600006103515625</ele>
        <time>2026-08-19T23:29:29.000Z</time>
        <extensions>
          <ns3:TrackPointExtension>
            <ns3:hr>167</ns3:hr>
            <ns3:cad>59</ns3:cad>
          </ns3:TrackPointExtension>
        </extensions>
      </trkpt>
      <trkpt lat="34.17720976285636425018310546875" lon="108.92963421531021595001220703125">
        <ele>460.600006103515625</ele>
        <time>2026-08-19T23:29:30.000Z</time>
        <extensions>
          <ns3:TrackPointExtension>
            <ns3:hr>167</ns3:hr>
            <ns3:cad>59</ns3:cad>
          </ns3:TrackPointExtension>
        </extensions>
      </trkpt>
      <trkpt lat="34.1772247664630413055419921875" lon="108.92963320948183536529541015625">
        <ele>460.600006103515625</ele>
        <time>2026-08-19T23:29:31.000Z</time>
        <extensions>
          <ns3:TrackPointExtension>
            <ns3:hr>166</ns3:hr>
            <ns3:cad>59</ns3:cad>
          </ns3:TrackPointExtension>
        </extensions>
      </trkpt>
      <trkpt lat="34.177240692079067230224609375" lon="108.92963203601539134979248046875">
        <ele>460.600006103515625</ele>
        <time>2026-08-19T23:29:32.000Z</time>
        <extensions>
          <ns3:TrackPointExtension>
            <ns3:hr>165</ns3:hr>
            <ns3:cad>59</ns3:cad>
          </ns3:TrackPointExtension>
        </extensions>
      </trkpt>
      <trkpt lat="34.177253432571887969970703125" lon="108.92963086254894733428955078125">
        <ele>460.600006103515625</ele>
        <time>2026-08-19T23:29:33.000Z</time>
        <extensions>
          <ns3:TrackPointExtension>
            <ns3:hr>164</ns3:hr>
            <ns3:cad>59</ns3:cad>
          </ns3:TrackPointExtension>
        </extensions>
      </trkpt>
      <trkpt lat="34.17726449668407440185546875" lon="108.929631449282169342041015625">
        <ele>460.600006103515625</ele>
        <time>2026-08-19T23:29:34.000Z</time>
        <extensions>
          <ns3:TrackPointExtension>
            <ns3:hr>164</ns3:hr>
            <ns3:cad>60</ns3:cad>
          </ns3:TrackPointExtension>
        </extensions>
      </trkpt>
      <trkpt lat="34.177275560796260833740234375" lon="108.92963337711989879608154296875">
        <ele>460.600006103515625</ele>
        <time>2026-08-19T23:29:35.000Z</time>
        <extensions>
          <ns3:TrackPointExtension>
            <ns3:hr>163</ns3:hr>
            <ns3:cad>60</ns3:cad>
          </ns3:TrackPointExtension>
        </extensions>
      </trkpt>
      <trkpt lat="34.1772861219942569732666015625" lon="108.92963505350053310394287109375">
        <ele>460.600006103515625</ele>
        <time>2026-08-19T23:29:36.000Z</time>
        <extensions>
          <ns3:TrackPointExtension>
            <ns3:hr>162</ns3:hr>
            <ns3:cad>60</ns3:cad>
          </ns3:TrackPointExtension>
        </extensions>
      </trkpt>
      <trkpt lat="34.17729760520160198211669921875" lon="108.9296359755098819732666015625">
        <ele>460.600006103515625</ele>
        <time>2026-08-19T23:29:37.000Z</time>
        <extensions>
          <ns3:TrackPointExtension>
            <ns3:hr>161</ns3:hr>
            <ns3:cad>60</ns3:cad>
          </ns3:TrackPointExtension>
        </extensions>
      </trkpt>
      <trkpt lat="34.17731068097054958343505859375" lon="108.92963589169085025787353515625">
        <ele>460.600006103515625</ele>
        <time>2026-08-19T23:29:38.000Z</time>
        <extensions>
          <ns3:TrackPointExtension>
            <ns3:hr>161</ns3:hr>
            <ns3:cad>59</ns3:cad>
          </ns3:TrackPointExtension>
        </extensions>
      </trkpt>
      <trkpt lat="34.177324511110782623291015625" lon="108.929636478424072265625">
        <ele>460.600006103515625</ele>
        <time>2026-08-19T23:29:39.000Z</time>
        <extensions>
          <ns3:TrackPointExtension>
            <ns3:hr>161</ns3:hr>
            <ns3:cad>58</ns3:cad>
          </ns3:TrackPointExtension>
        </extensions>
      </trkpt>
      <trkpt lat="34.17733716778457164764404296875" lon="108.92963354475796222686767578125">
        <ele>460.600006103515625</ele>
        <time>2026-08-19T23:29:40.000Z</time>
        <extensions>
          <ns3:TrackPointExtension>
            <ns3:hr>161</ns3:hr>
            <ns3:cad>58</ns3:cad>
          </ns3:TrackPointExtension>
        </extensions>
      </trkpt>
      <trkpt lat="34.1773518361151218414306640625" lon="108.9296332933008670806884765625">
        <ele>460.600006103515625</ele>
        <time>2026-08-19T23:29:41.000Z</time>
        <extensions>
          <ns3:TrackPointExtension>
            <ns3:hr>160</ns3:hr>
            <ns3:cad>58</ns3:cad>
          </ns3:TrackPointExtension>
        </extensions>
      </trkpt>
      <trkpt lat="34.17736667208373546600341796875" lon="108.9296329580247402191162109375">
        <ele>460.600006103515625</ele>
        <time>2026-08-19T23:29:42.000Z</time>
        <extensions>
          <ns3:TrackPointExtension>
            <ns3:hr>159</ns3:hr>
            <ns3:cad>60</ns3:cad>
          </ns3:TrackPointExtension>
        </extensions>
      </trkpt>
      <trkpt lat="34.177380837500095367431640625" lon="108.92963111400604248046875">
        <ele>460.600006103515625</ele>
        <time>2026-08-19T23:29:43.000Z</time>
        <extensions>
          <ns3:TrackPointExtension>
            <ns3:hr>158</ns3:hr>
            <ns3:cad>59</ns3:cad>
          </ns3:TrackPointExtension>
        </extensions>
      </trkpt>
      <trkpt lat="34.177395589649677276611328125" lon="108.92962717451155185699462890625">
        <ele>460.600006103515625</ele>
        <time>2026-08-19T23:29:44.000Z</time>
        <extensions>
          <ns3:TrackPointExtension>
            <ns3:hr>157</ns3:hr>
            <ns3:cad>59</ns3:cad>
          </ns3:TrackPointExtension>
        </extensions>
      </trkpt>
      <trkpt lat="34.177408330142498016357421875" lon="108.92962398938834667205810546875">
        <ele>460.600006103515625</ele>
        <time>2026-08-19T23:29:45.000Z</time>
        <extensions>
          <ns3:TrackPointExtension>
            <ns3:hr>156</ns3:hr>
            <ns3:cad>59</ns3:cad>
          </ns3:TrackPointExtension>
        </extensions>
      </trkpt>
      <trkpt lat="34.1774232499301433563232421875" lon="108.9296212233603000640869140625">
        <ele>460.600006103515625</ele>
        <time>2026-08-19T23:29:46.000Z</time>
        <extensions>
          <ns3:TrackPointExtension>
            <ns3:hr>155</ns3:hr>
            <ns3:cad>57</ns3:cad>
          </ns3:TrackPointExtension>
        </extensions>
      </trkpt>
      <trkpt lat="34.17743691243231296539306640625" lon="108.92961963079869747161865234375">
        <ele>460.600006103515625</ele>
        <time>2026-08-19T23:29:47.000Z</time>
        <extensions>
          <ns3:TrackPointExtension>
            <ns3:hr>154</ns3:hr>
            <ns3:cad>57</ns3:cad>
          </ns3:TrackPointExtension>
        </extensions>
      </trkpt>
      <trkpt lat="34.1774497367441654205322265625" lon="108.929616697132587432861328125">
        <ele>460.600006103515625</ele>
        <time>2026-08-19T23:29:48.000Z</time>
        <extensions>
          <ns3:TrackPointExtension>
            <ns3:hr>152</ns3:hr>
            <ns3:cad>58</ns3:cad>
          </ns3:TrackPointExtension>
        </extensions>
      </trkpt>
      <trkpt lat="34.17746222577989101409912109375" lon="108.9296135120093822479248046875">
        <ele>460.600006103515625</ele>
        <time>2026-08-19T23:29:49.000Z</time>
        <extensions>
          <ns3:TrackPointExtension>
            <ns3:hr>151</ns3:hr>
            <ns3:cad>58</ns3:cad>
          </ns3:TrackPointExtension>
        </extensions>
      </trkpt>
      <trkpt lat="34.1774772293865680694580078125" lon="108.92961041070520877838134765625">
        <ele>460.79998779296875</ele>
        <time>2026-08-19T23:29:50.000Z</time>
        <extensions>
          <ns3:TrackPointExtension>
            <ns3:hr>150</ns3:hr>
            <ns3:cad>58</ns3:cad>
          </ns3:TrackPointExtension>
        </extensions>
      </trkpt>
      <trkpt lat="34.17748988606035709381103515625" lon="108.92961409874260425567626953125">
        <ele>460.79998779296875</ele>
        <time>2026-08-19T23:29:51.000Z</time>
        <extensions>
          <ns3:TrackPointExtension>
            <ns3:hr>150</ns3:hr>
            <ns3:cad>58</ns3:cad>
          </ns3:TrackPointExtension>
        </extensions>
      </trkpt>
      <trkpt lat="34.1775025427341461181640625" lon="108.92962331883609294891357421875">
        <ele>460.79998779296875</ele>
        <time>2026-08-19T23:29:52.000Z</time>
        <extensions>
          <ns3:TrackPointExtension>
            <ns3:hr>149</ns3:hr>
            <ns3:cad>58</ns3:cad>
          </ns3:TrackPointExtension>
        </extensions>
      </trkpt>
      <trkpt lat="34.17751528322696685791015625" lon="108.92963488586246967315673828125">
        <ele>460.79998779296875</ele>
        <time>2026-08-19T23:29:53.000Z</time>
        <extensions>
          <ns3:TrackPointExtension>
            <ns3:hr>148</ns3:hr>
            <ns3:cad>58</ns3:cad>
          </ns3:TrackPointExtension>
        </extensions>
      </trkpt>
      <trkpt lat="34.17752710171043872833251953125" lon="108.9296470396220684051513671875">
        <ele>460.79998779296875</ele>
        <time>2026-08-19T23:29:54.000Z</time>
        <extensions>
          <ns3:TrackPointExtension>
            <ns3:hr>147</ns3:hr>
            <ns3:cad>58</ns3:cad>
          </ns3:TrackPointExtension>
        </extensions>
      </trkpt>
      <trkpt lat="34.17753271758556365966796875" lon="108.92966355197131633758544921875">
        <ele>460.79998779296875</ele>
        <time>2026-08-19T23:29:55.000Z</time>
        <extensions>
          <ns3:TrackPointExtension>
            <ns3:hr>146</ns3:hr>
            <ns3:cad>60</ns3:cad>
          </ns3:TrackPointExtension>
        </extensions>
      </trkpt>
      <trkpt lat="34.17753883637487888336181640625" lon="108.9296802319586277008056640625">
        <ele>460.79998779296875</ele>
        <time>2026-08-19T23:29:56.000Z</time>
        <extensions>
          <ns3:TrackPointExtension>
            <ns3:hr>144</ns3:hr>
            <ns3:cad>59</ns3:cad>
          </ns3:TrackPointExtension>
        </extensions>
      </trkpt>
      <trkpt lat="34.17754369787871837615966796875" lon="108.929696492850780487060546875">
        <ele>460.600006103515625</ele>
        <time>2026-08-19T23:29:57.000Z</time>
        <extensions>
          <ns3:TrackPointExtension>
            <ns3:hr>144</ns3:hr>
            <ns3:cad>59</ns3:cad>
          </ns3:TrackPointExtension>
        </extensions>
      </trkpt>
      <trkpt lat="34.1775486432015895843505859375" lon="108.92971300520002841949462890625">
        <ele>460.399993896484375</ele>
        <time>2026-08-19T23:29:58.000Z</time>
        <extensions>
          <ns3:TrackPointExtension>
            <ns3:hr>143</ns3:hr>
            <ns3:cad>58</ns3:cad>
          </ns3:TrackPointExtension>
        </extensions>
      </trkpt>
      <trkpt lat="34.1775535047054290771484375" lon="108.929731361567974090576171875">
        <ele>460.399993896484375</ele>
        <time>2026-08-19T23:29:59.000Z</time>
        <extensions>
          <ns3:TrackPointExtension>
            <ns3:hr>143</ns3:hr>
            <ns3:cad>58</ns3:cad>
          </ns3:TrackPointExtension>
        </extensions>
      </trkpt>
      <trkpt lat="34.177559874951839447021484375" lon="108.92975072376430034637451171875">
        <ele>460.20001220703125</ele>
        <time>2026-08-19T23:30:00.000Z</time>
        <extensions>
          <ns3:TrackPointExtension>
            <ns3:hr>143</ns3:hr>
            <ns3:cad>58</ns3:cad>
          </ns3:TrackPointExtension>
        </extensions>
      </trkpt>
      <trkpt lat="34.1775660775601863861083984375" lon="108.92976396717131137847900390625">
        <ele>460.20001220703125</ele>
        <time>2026-08-19T23:30:01.000Z</time>
        <extensions>
          <ns3:TrackPointExtension>
            <ns3:hr>143</ns3:hr>
            <ns3:cad>58</ns3:cad>
          </ns3:TrackPointExtension>
        </extensions>
      </trkpt>
      <trkpt lat="34.17757085524499416351318359375" lon="108.9297737739980220794677734375">
        <ele>460</ele>
        <time>2026-08-19T23:30:02.000Z</time>
        <extensions>
          <ns3:TrackPointExtension>
            <ns3:hr>143</ns3:hr>
            <ns3:cad>58</ns3:cad>
          </ns3:TrackPointExtension>
        </extensions>
      </trkpt>
      <trkpt lat="34.17757873423397541046142578125" lon="108.92978106625378131866455078125">
        <ele>460</ele>
        <time>2026-08-19T23:30:03.000Z</time>
        <extensions>
          <ns3:TrackPointExtension>
            <ns3:hr>142</ns3:hr>
            <ns3:cad>58</ns3:cad>
          </ns3:TrackPointExtension>
        </extensions>
      </trkpt>
      <trkpt lat="34.17758543975651264190673828125" lon="108.9297855086624622344970703125">
        <ele>460</ele>
        <time>2026-08-19T23:30:04.000Z</time>
        <extensions>
          <ns3:TrackPointExtension>
            <ns3:hr>142</ns3:hr>
            <ns3:cad>60</ns3:cad>
          </ns3:TrackPointExtension>
        </extensions>
      </trkpt>
      <trkpt lat="34.1775952465832233428955078125" lon="108.92978961579501628875732421875">
        <ele>459.79998779296875</ele>
        <time>2026-08-19T23:30:05.000Z</time>
        <extensions>
          <ns3:TrackPointExtension>
            <ns3:hr>142</ns3:hr>
            <ns3:cad>60</ns3:cad>
          </ns3:TrackPointExtension>
        </extensions>
      </trkpt>
      <trkpt lat="34.17760455049574375152587890625" lon="108.92979078926146030426025390625">
        <ele>459.399993896484375</ele>
        <time>2026-08-19T23:30:06.000Z</time>
        <extensions>
          <ns3:TrackPointExtension>
            <ns3:hr>142</ns3:hr>
            <ns3:cad>60</ns3:cad>
          </ns3:TrackPointExtension>
        </extensions>
      </trkpt>
      <trkpt lat="34.17761494405567646026611328125" lon="108.9297938905656337738037109375">
        <ele>459.20001220703125</ele>
        <time>2026-08-19T23:30:07.000Z</time>
        <extensions>
          <ns3:TrackPointExtension>
            <ns3:hr>141</ns3:hr>
            <ns3:cad>60</ns3:cad>
          </ns3:TrackPointExtension>
        </extensions>
      </trkpt>
      <trkpt lat="34.17762734927237033843994140625" lon="108.929799087345600128173828125">
        <ele>458.79998779296875</ele>
        <time>2026-08-19T23:30:08.000Z</time>
        <extensions>
          <ns3:TrackPointExtension>
            <ns3:hr>141</ns3:hr>
            <ns3:cad>60</ns3:cad>
          </ns3:TrackPointExtension>
        </extensions>
      </trkpt>
      <trkpt lat="34.17763975448906421661376953125" lon="108.92980352975428104400634765625">
        <ele>458.600006103515625</ele>
        <time>2026-08-19T23:30:09.000Z</time>
        <extensions>
          <ns3:TrackPointExtension>
            <ns3:hr>140</ns3:hr>
            <ns3:cad>60</ns3:cad>
          </ns3:TrackPointExtension>
        </extensions>
      </trkpt>
      <trkpt lat="34.17765215970575809478759765625" lon="108.9298059605062007904052734375">
        <ele>458.20001220703125</ele>
        <time>2026-08-19T23:30:10.000Z</time>
        <extensions>
          <ns3:TrackPointExtension>
            <ns3:hr>140</ns3:hr>
            <ns3:cad>60</ns3:cad>
          </ns3:TrackPointExtension>
        </extensions>
      </trkpt>
      <trkpt lat="34.177663810551166534423828125" lon="108.92980705015361309051513671875">
        <ele>458</ele>
        <time>2026-08-19T23:30:11.000Z</time>
        <extensions>
          <ns3:TrackPointExtension>
            <ns3:hr>139</ns3:hr>
            <ns3:cad>0</ns3:cad>
          </ns3:TrackPointExtension>
        </extensions>
      </trkpt>
      <trkpt lat="34.17768166400492191314697265625" lon="108.929810822010040283203125">
        <ele>457.79998779296875</ele>
        <time>2026-08-19T23:30:12.000Z</time>
        <extensions>
          <ns3:TrackPointExtension>
            <ns3:hr>139</ns3:hr>
            <ns3:cad>0</ns3:cad>
          </ns3:TrackPointExtension>
        </extensions>
      </trkpt>
      <trkpt lat="34.17769205756485462188720703125" lon="108.9298056252300739288330078125">
        <ele>457.600006103515625</ele>
        <time>2026-08-19T23:30:13.000Z</time>
        <extensions>
          <ns3:TrackPointExtension>
            <ns3:hr>138</ns3:hr>
            <ns3:cad>0</ns3:cad>
          </ns3:TrackPointExtension>
        </extensions>
      </trkpt>
      <trkpt lat="34.177702702581882476806640625" lon="108.92980135045945644378662109375">
        <ele>457.399993896484375</ele>
        <time>2026-08-19T23:30:14.000Z</time>
        <extensions>
          <ns3:TrackPointExtension>
            <ns3:hr>137</ns3:hr>
            <ns3:cad>0</ns3:cad>
          </ns3:TrackPointExtension>
        </extensions>
      </trkpt>
      <trkpt lat="34.17771485634148120880126953125" lon="108.92979699186980724334716796875">
        <ele>457</ele>
        <time>2026-08-19T23:30:15.000Z</time>
        <extensions>
          <ns3:TrackPointExtension>
            <ns3:hr>137</ns3:hr>
            <ns3:cad>0</ns3:cad>
          </ns3:TrackPointExtension>
        </extensions>
      </trkpt>
      <trkpt lat="34.1777249984443187713623046875" lon="108.92979062162339687347412109375">
        <ele>457</ele>
        <time>2026-08-19T23:30:16.000Z</time>
        <extensions>
          <ns3:TrackPointExtension>
            <ns3:hr>136</ns3:hr>
            <ns3:cad>0</ns3:cad>
          </ns3:TrackPointExtension>
        </extensions>
      </trkpt>
      <trkpt lat="34.17773463763296604156494140625" lon="108.92978441901504993438720703125">
        <ele>456.79998779296875</ele>
        <time>2026-08-19T23:30:17.000Z</time>
        <extensions>
          <ns3:TrackPointExtension>
            <ns3:hr>136</ns3:hr>
            <ns3:cad>0</ns3:cad>
          </ns3:TrackPointExtension>
        </extensions>
      </trkpt>
      <trkpt lat="34.17774938978254795074462890625" lon="108.92977469600737094879150390625">
        <ele>456.79998779296875</ele>
        <time>2026-08-19T23:30:18.000Z</time>
        <extensions>
          <ns3:TrackPointExtension>
            <ns3:hr>136</ns3:hr>
            <ns3:cad>60</ns3:cad>
          </ns3:TrackPointExtension>
        </extensions>
      </trkpt>
      <trkpt lat="34.177757017314434051513671875" lon="108.92976597882807254791259765625">
        <ele>456.79998779296875</ele>
        <time>2026-08-19T23:30:19.000Z</time>
        <extensions>
          <ns3:TrackPointExtension>
            <ns3:hr>136</ns3:hr>
            <ns3:cad>60</ns3:cad>
          </ns3:TrackPointExtension>
        </extensions>
      </trkpt>
      <trkpt lat="34.17776414193212985992431640625" lon="108.9297536574304103851318359375">
        <ele>456.600006103515625</ele>
        <time>2026-08-19T23:30:20.000Z</time>
        <extensions>
          <ns3:TrackPointExtension>
            <ns3:hr>136</ns3:hr>
            <ns3:cad>60</ns3:cad>
          </ns3:TrackPointExtension>
        </extensions>
      </trkpt>
      <trkpt lat="34.17776900343596935272216796875" lon="108.929740078747272491455078125">
        <ele>456.600006103515625</ele>
        <time>2026-08-19T23:30:21.000Z</time>
        <extensions>
          <ns3:TrackPointExtension>
            <ns3:hr>136</ns3:hr>
            <ns3:cad>59</ns3:cad>
          </ns3:TrackPointExtension>
        </extensions>
      </trkpt>
      <trkpt lat="34.17777436785399913787841796875" lon="108.92972323112189769744873046875">
        <ele>456.600006103515625</ele>
        <time>2026-08-19T23:30:22.000Z</time>
        <extensions>
          <ns3:TrackPointExtension>
            <ns3:hr>136</ns3:hr>
            <ns3:cad>60</ns3:cad>
          </ns3:TrackPointExtension>
        </extensions>
      </trkpt>
      <trkpt lat="34.17777805589139461517333984375" lon="108.9297117479145526885986328125">
        <ele>456.600006103515625</ele>
        <time>2026-08-19T23:30:23.000Z</time>
        <extensions>
          <ns3:TrackPointExtension>
            <ns3:hr>136</ns3:hr>
            <ns3:cad>59</ns3:cad>
          </ns3:TrackPointExtension>
        </extensions>
      </trkpt>
      <trkpt lat="34.17778350412845611572265625" lon="108.929698169231414794921875">
        <ele>456.600006103515625</ele>
        <time>2026-08-19T23:30:24.000Z</time>
        <extensions>
          <ns3:TrackPointExtension>
            <ns3:hr>135</ns3:hr>
            <ns3:cad>59</ns3:cad>
          </ns3:TrackPointExtension>
        </extensions>
      </trkpt>
      <trkpt lat="34.1777895390987396240234375" lon="108.92968274652957916259765625">
        <ele>456.600006103515625</ele>
        <time>2026-08-19T23:30:25.000Z</time>
        <extensions>
          <ns3:TrackPointExtension>
            <ns3:hr>134</ns3:hr>
            <ns3:cad>59</ns3:cad>
          </ns3:TrackPointExtension>
        </extensions>
      </trkpt>
      <trkpt lat="34.17779557406902313232421875" lon="108.92967008985579013824462890625">
        <ele>456.600006103515625</ele>
        <time>2026-08-19T23:30:26.000Z</time>
        <extensions>
          <ns3:TrackPointExtension>
            <ns3:hr>133</ns3:hr>
            <ns3:cad>59</ns3:cad>
          </ns3:TrackPointExtension>
        </extensions>
      </trkpt>
      <trkpt lat="34.17780370451509952545166015625" lon="108.9296540804207324981689453125">
        <ele>456.600006103515625</ele>
        <time>2026-08-19T23:30:27.000Z</time>
        <extensions>
          <ns3:TrackPointExtension>
            <ns3:hr>132</ns3:hr>
            <ns3:cad>60</ns3:cad>
          </ns3:TrackPointExtension>
        </extensions>
      </trkpt>
      <trkpt lat="34.1778108291327953338623046875" lon="108.92964242957532405853271484375">
        <ele>456.600006103515625</ele>
        <time>2026-08-19T23:30:28.000Z</time>
        <extensions>
          <ns3:TrackPointExtension>
            <ns3:hr>130</ns3:hr>
            <ns3:cad>60</ns3:cad>
          </ns3:TrackPointExtension>
        </extensions>
      </trkpt>
      <trkpt lat="34.17782030068337917327880859375" lon="108.9296270906925201416015625">
        <ele>456.600006103515625</ele>
        <time>2026-08-19T23:30:29.000Z</time>
        <extensions>
          <ns3:TrackPointExtension>
            <ns3:hr>129</ns3:hr>
            <ns3:cad>61</ns3:cad>
          </ns3:TrackPointExtension>
        </extensions>
      </trkpt>
      <trkpt lat="34.177829436957836151123046875" lon="108.92961342819035053253173828125">
        <ele>456.600006103515625</ele>
        <time>2026-08-19T23:30:30.000Z</time>
        <extensions>
          <ns3:TrackPointExtension>
            <ns3:hr>128</ns3:hr>
            <ns3:cad>61</ns3:cad>
          </ns3:TrackPointExtension>
        </extensions>
      </trkpt>
      <trkpt lat="34.177839495241641998291015625" lon="108.92959951423108577728271484375">
        <ele>456.600006103515625</ele>
        <time>2026-08-19T23:30:31.000Z</time>
        <extensions>
          <ns3:TrackPointExtension>
            <ns3:hr>128</ns3:hr>
            <ns3:cad>61</ns3:cad>
          </ns3:TrackPointExtension>
        </extensions>
      </trkpt>
      <trkpt lat="34.17784988880157470703125" lon="108.92959113232791423797607421875">
        <ele>456.600006103515625</ele>
        <time>2026-08-19T23:30:32.000Z</time>
        <extensions>
          <ns3:TrackPointExtension>
            <ns3:hr>130</ns3:hr>
            <ns3:cad>61</ns3:cad>
          </ns3:TrackPointExtension>
        </extensions>
      </trkpt>
      <trkpt lat="34.17786338366568088531494140625" lon="108.929581828415393829345703125">
        <ele>456.600006103515625</ele>
        <time>2026-08-19T23:30:33.000Z</time>
        <extensions>
          <ns3:TrackPointExtension>
            <ns3:hr>131</ns3:hr>
            <ns3:cad>61</ns3:cad>
          </ns3:TrackPointExtension>
        </extensions>
      </trkpt>
      <trkpt lat="34.17787696234881877899169921875" lon="108.9295739494264125823974609375">
        <ele>456.600006103515625</ele>
        <time>2026-08-19T23:30:34.000Z</time>
        <extensions>
          <ns3:TrackPointExtension>
            <ns3:hr>130</ns3:hr>
            <ns3:cad>61</ns3:cad>
          </ns3:TrackPointExtension>
        </extensions>
      </trkpt>
      <trkpt lat="34.17789188213646411895751953125" lon="108.9295672439038753509521484375">
        <ele>456.600006103515625</ele>
        <time>2026-08-19T23:30:35.000Z</time>
        <extensions>
          <ns3:TrackPointExtension>
            <ns3:hr>130</ns3:hr>
            <ns3:cad>61</ns3:cad>
          </ns3:TrackPointExtension>
        </extensions>
      </trkpt>
      <trkpt lat="34.1779053770005702972412109375" lon="108.92956229858100414276123046875">
        <ele>456.600006103515625</ele>
        <time>2026-08-19T23:30:36.000Z</time>
        <extensions>
          <ns3:TrackPointExtension>
            <ns3:hr>130</ns3:hr>
            <ns3:cad>61</ns3:cad>
          </ns3:TrackPointExtension>
        </extensions>
      </trkpt>
      <trkpt lat="34.17792490683495998382568359375" lon="108.92955793999135494232177734375">
        <ele>456.600006103515625</ele>
        <time>2026-08-19T23:30:37.000Z</time>
        <extensions>
          <ns3:TrackPointExtension>
            <ns3:hr>130</ns3:hr>
            <ns3:cad>61</ns3:cad>
          </ns3:TrackPointExtension>
        </extensions>
      </trkpt>
      <trkpt lat="34.1779419220983982086181640625" lon="108.9295541681349277496337890625">
        <ele>456.600006103515625</ele>
        <time>2026-08-19T23:30:38.000Z</time>
        <extensions>
          <ns3:TrackPointExtension>
            <ns3:hr>129</ns3:hr>
            <ns3:cad>62</ns3:cad>
          </ns3:TrackPointExtension>
        </extensions>
      </trkpt>
      <trkpt lat="34.177956171333789825439453125" lon="108.92954997718334197998046875">
        <ele>456.600006103515625</ele>
        <time>2026-08-19T23:30:39.000Z</time>
        <extensions>
          <ns3:TrackPointExtension>
            <ns3:hr>129</ns3:hr>
            <ns3:cad>61</ns3:cad>
          </ns3:TrackPointExtension>
        </extensions>
      </trkpt>
      <trkpt lat="34.177974946796894073486328125" lon="108.92954452894628047943115234375">
        <ele>456.600006103515625</ele>
        <time>2026-08-19T23:30:40.000Z</time>
        <extensions>
          <ns3:TrackPointExtension>
            <ns3:hr>129</ns3:hr>
            <ns3:cad>61</ns3:cad>
          </ns3:TrackPointExtension>
        </extensions>
      </trkpt>
      <trkpt lat="34.17799280025064945220947265625" lon="108.92953916452825069427490234375">
        <ele>456.399993896484375</ele>
        <time>2026-08-19T23:30:41.000Z</time>
        <extensions>
          <ns3:TrackPointExtension>
            <ns3:hr>129</ns3:hr>
            <ns3:cad>61</ns3:cad>
          </ns3:TrackPointExtension>
        </extensions>
      </trkpt>
      <trkpt lat="34.178009144961833953857421875" lon="108.9295350573956966400146484375">
        <ele>456.399993896484375</ele>
        <time>2026-08-19T23:30:42.000Z</time>
        <extensions>
          <ns3:TrackPointExtension>
            <ns3:hr>129</ns3:hr>
            <ns3:cad>61</ns3:cad>
          </ns3:TrackPointExtension>
        </extensions>
      </trkpt>
      <trkpt lat="34.1780269145965576171875" lon="108.929533548653125762939453125">
        <ele>456.399993896484375</ele>
        <time>2026-08-19T23:30:43.000Z</time>
        <extensions>
          <ns3:TrackPointExtension>
            <ns3:hr>129</ns3:hr>
            <ns3:cad>61</ns3:cad>
          </ns3:TrackPointExtension>
        </extensions>
      </trkpt>
      <trkpt lat="34.17804309166967868804931640625" lon="108.929533548653125762939453125">
        <ele>456.399993896484375</ele>
        <time>2026-08-19T23:30:44.000Z</time>
        <extensions>
          <ns3:TrackPointExtension>
            <ns3:hr>128</ns3:hr>
            <ns3:cad>62</ns3:cad>
          </ns3:TrackPointExtension>
        </extensions>
      </trkpt>
      <trkpt lat="34.17805843055248260498046875" lon="108.9295357279479503631591796875">
        <ele>456.399993896484375</ele>
        <time>2026-08-19T23:30:45.000Z</time>
        <extensions>
          <ns3:TrackPointExtension>
            <ns3:hr>127</ns3:hr>
            <ns3:cad>62</ns3:cad>
          </ns3:TrackPointExtension>
        </extensions>
      </trkpt>
      <trkpt lat="34.17807192541658878326416015625" lon="108.92953664995729923248291015625">
        <ele>456.20001220703125</ele>
        <time>2026-08-19T23:30:46.000Z</time>
        <extensions>
          <ns3:TrackPointExtension>
            <ns3:hr>126</ns3:hr>
            <ns3:cad>62</ns3:cad>
          </ns3:TrackPointExtension>
        </extensions>
      </trkpt>
      <trkpt lat="34.17808567173779010772705078125" lon="108.9295384101569652557373046875">
        <ele>456.20001220703125</ele>
        <time>2026-08-19T23:30:47.000Z</time>
        <extensions>
          <ns3:TrackPointExtension>
            <ns3:hr>126</ns3:hr>
            <ns3:cad>62</ns3:cad>
          </ns3:TrackPointExtension>
        </extensions>
      </trkpt>
      <trkpt lat="34.1781001724302768707275390625" lon="108.92953790724277496337890625">
        <ele>456.20001220703125</ele>
        <time>2026-08-19T23:30:48.000Z</time>
        <extensions>
          <ns3:TrackPointExtension>
            <ns3:hr>126</ns3:hr>
            <ns3:cad>62</ns3:cad>
          </ns3:TrackPointExtension>
        </extensions>
      </trkpt>
      <trkpt lat="34.178116433322429656982421875" lon="108.92954058945178985595703125">
        <ele>456.20001220703125</ele>
        <time>2026-08-19T23:30:49.000Z</time>
        <extensions>
          <ns3:TrackPointExtension>
            <ns3:hr>126</ns3:hr>
            <ns3:cad>62</ns3:cad>
          </ns3:TrackPointExtension>
        </extensions>
      </trkpt>
      <trkpt lat="34.17813076637685298919677734375" lon="108.9295417629182338714599609375">
        <ele>456.20001220703125</ele>
        <time>2026-08-19T23:30:50.000Z</time>
        <extensions>
          <ns3:TrackPointExtension>
            <ns3:hr>126</ns3:hr>
            <ns3:cad>62</ns3:cad>
          </ns3:TrackPointExtension>
        </extensions>
      </trkpt>
      <trkpt lat="34.17814518325030803680419921875" lon="108.92954251728951930999755859375">
        <ele>456.20001220703125</ele>
        <time>2026-08-19T23:30:51.000Z</time>
        <extensions>
          <ns3:TrackPointExtension>
            <ns3:hr>126</ns3:hr>
            <ns3:cad>62</ns3:cad>
          </ns3:TrackPointExtension>
        </extensions>
      </trkpt>
      <trkpt lat="34.17815507389605045318603515625" lon="108.92954167909920215606689453125">
        <ele>456.20001220703125</ele>
        <time>2026-08-19T23:30:52.000Z</time>
        <extensions>
          <ns3:TrackPointExtension>
            <ns3:hr>126</ns3:hr>
            <ns3:cad>61</ns3:cad>
          </ns3:TrackPointExtension>
        </extensions>
      </trkpt>
      <trkpt lat="34.17816395871341228485107421875" lon="108.92953522503376007080078125">
        <ele>456.399993896484375</ele>
        <time>2026-08-19T23:30:53.000Z</time>
        <extensions>
          <ns3:TrackPointExtension>
            <ns3:hr>126</ns3:hr>
            <ns3:cad>61</ns3:cad>
          </ns3:TrackPointExtension>
        </extensions>
      </trkpt>
      <trkpt lat="34.17817334644496440887451171875" lon="108.9295286871492862701416015625">
        <ele>456.399993896484375</ele>
        <time>2026-08-19T23:30:54.000Z</time>
        <extensions>
          <ns3:TrackPointExtension>
            <ns3:hr>126</ns3:hr>
            <ns3:cad>61</ns3:cad>
          </ns3:TrackPointExtension>
        </extensions>
      </trkpt>
      <trkpt lat="34.1781836561858654022216796875" lon="108.929521143436431884765625">
        <ele>456.399993896484375</ele>
        <time>2026-08-19T23:30:55.000Z</time>
        <extensions>
          <ns3:TrackPointExtension>
            <ns3:hr>125</ns3:hr>
            <ns3:cad>61</ns3:cad>
          </ns3:TrackPointExtension>
        </extensions>
      </trkpt>
      <trkpt lat="34.1782014258205890655517578125" lon="108.9295105822384357452392578125">
        <ele>456.399993896484375</ele>
        <time>2026-08-19T23:30:56.000Z</time>
        <extensions>
          <ns3:TrackPointExtension>
            <ns3:hr>125</ns3:hr>
            <ns3:cad>59</ns3:cad>
          </ns3:TrackPointExtension>
        </extensions>
      </trkpt>
      <trkpt lat="34.17822045274078845977783203125" lon="108.9295042119920253753662109375">
        <ele>456.399993896484375</ele>
        <time>2026-08-19T23:30:57.000Z</time>
        <extensions>
          <ns3:TrackPointExtension>
            <ns3:hr>125</ns3:hr>
            <ns3:cad>59</ns3:cad>
          </ns3:TrackPointExtension>
        </extensions>
      </trkpt>
      <trkpt lat="34.17823788709938526153564453125" lon="108.92950178124010562896728515625">
        <ele>456.399993896484375</ele>
        <time>2026-08-19T23:30:58.000Z</time>
        <extensions>
          <ns3:TrackPointExtension>
            <ns3:hr>125</ns3:hr>
            <ns3:cad>59</ns3:cad>
          </ns3:TrackPointExtension>
        </extensions>
      </trkpt>
      <trkpt lat="34.17825917713344097137451171875" lon="108.92950496636331081390380859375">
        <ele>456.399993896484375</ele>
        <time>2026-08-19T23:30:59.000Z</time>
        <extensions>
          <ns3:TrackPointExtension>
            <ns3:hr>124</ns3:hr>
            <ns3:cad>59</ns3:cad>
          </ns3:TrackPointExtension>
        </extensions>
      </trkpt>
      <trkpt lat="34.17827107943594455718994140625" lon="108.92952105961740016937255859375">
        <ele>456.399993896484375</ele>
        <time>2026-08-19T23:31:00.000Z</time>
        <extensions>
          <ns3:TrackPointExtension>
            <ns3:hr>124</ns3:hr>
            <ns3:cad>52</ns3:cad>
          </ns3:TrackPointExtension>
        </extensions>
      </trkpt>
      <trkpt lat="34.17827711440622806549072265625" lon="108.92954737879335880279541015625">
        <ele>456.399993896484375</ele>
        <time>2026-08-19T23:31:01.000Z</time>
        <extensions>
          <ns3:TrackPointExtension>
            <ns3:hr>124</ns3:hr>
            <ns3:cad>0</ns3:cad>
          </ns3:TrackPointExtension>
        </extensions>
      </trkpt>
      <trkpt lat="34.17827711440622806549072265625" lon="108.92957638017833232879638671875">
        <ele>456.20001220703125</ele>
        <time>2026-08-19T23:31:02.000Z</time>
        <extensions>
          <ns3:TrackPointExtension>
            <ns3:hr>123</ns3:hr>
            <ns3:cad>0</ns3:cad>
          </ns3:TrackPointExtension>
        </extensions>
      </trkpt>
      <trkpt lat="34.17827057652175426483154296875" lon="108.92960420809686183929443359375">
        <ele>456.20001220703125</ele>
        <time>2026-08-19T23:31:03.000Z</time>
        <extensions>
          <ns3:TrackPointExtension>
            <ns3:hr>123</ns3:hr>
            <ns3:cad>0</ns3:cad>
          </ns3:TrackPointExtension>
        </extensions>
      </trkpt>
      <trkpt lat="34.1782627813518047332763671875" lon="108.92964921891689300537109375">
        <ele>456</ele>
        <time>2026-08-19T23:31:04.000Z</time>
        <extensions>
          <ns3:TrackPointExtension>
            <ns3:hr>123</ns3:hr>
            <ns3:cad>0</ns3:cad>
          </ns3:TrackPointExtension>
        </extensions>
      </trkpt>
      <trkpt lat="34.178251214325428009033203125" lon="108.92969037406146526336669921875">
        <ele>456</ele>
        <time>2026-08-19T23:31:05.000Z</time>
        <extensions>
          <ns3:TrackPointExtension>
            <ns3:hr>122</ns3:hr>
            <ns3:cad>0</ns3:cad>
          </ns3:TrackPointExtension>
        </extensions>
      </trkpt>
      <trkpt lat="34.178239144384860992431640625" lon="108.9297311939299106597900390625">
        <ele>456.20001220703125</ele>
        <time>2026-08-19T23:31:06.000Z</time>
        <extensions>
          <ns3:TrackPointExtension>
            <ns3:hr>122</ns3:hr>
            <ns3:cad>88</ns3:cad>
          </ns3:TrackPointExtension>
        </extensions>
      </trkpt>
      <trkpt lat="34.17822564952075481414794921875" lon="108.92977503128349781036376953125">
        <ele>456.20001220703125</ele>
        <time>2026-08-19T23:31:07.000Z</time>
        <extensions>
          <ns3:TrackPointExtension>
            <ns3:hr>122</ns3:hr>
            <ns3:cad>88</ns3:cad>
          </ns3:TrackPointExtension>
        </extensions>
      </trkpt>
      <trkpt lat="34.1782084666192531585693359375" lon="108.92981459386646747589111328125">
        <ele>456.399993896484375</ele>
        <time>2026-08-19T23:31:08.000Z</time>
        <extensions>
          <ns3:TrackPointExtension>
            <ns3:hr>122</ns3:hr>
            <ns3:cad>88</ns3:cad>
          </ns3:TrackPointExtension>
        </extensions>
      </trkpt>
      <trkpt lat="34.17819178663194179534912109375" lon="108.92985583283007144927978515625">
        <ele>456.399993896484375</ele>
        <time>2026-08-19T23:31:09.000Z</time>
        <extensions>
          <ns3:TrackPointExtension>
            <ns3:hr>122</ns3:hr>
            <ns3:cad>90</ns3:cad>
          </ns3:TrackPointExtension>
        </extensions>
      </trkpt>
      <trkpt lat="34.17817301116883754730224609375" lon="108.92989656887948513031005859375">
        <ele>456.600006103515625</ele>
        <time>2026-08-19T23:31:10.000Z</time>
        <extensions>
          <ns3:TrackPointExtension>
            <ns3:hr>123</ns3:hr>
            <ns3:cad>90</ns3:cad>
          </ns3:TrackPointExtension>
        </extensions>
      </trkpt>
      <trkpt lat="34.178152978420257568359375" lon="108.929935880005359649658203125">
        <ele>456.600006103515625</ele>
        <time>2026-08-19T23:31:11.000Z</time>
        <extensions>
          <ns3:TrackPointExtension>
            <ns3:hr>124</ns3:hr>
            <ns3:cad>91</ns3:cad>
          </ns3:TrackPointExtension>
        </extensions>
      </trkpt>
      <trkpt lat="34.1781360469758510589599609375" lon="108.92997116781771183013916015625">
        <ele>456.79998779296875</ele>
        <time>2026-08-19T23:31:12.000Z</time>
        <extensions>
          <ns3:TrackPointExtension>
            <ns3:hr>128</ns3:hr>
            <ns3:cad>91</ns3:cad>
          </ns3:TrackPointExtension>
        </extensions>
      </trkpt>
      <trkpt lat="34.1781102307140827178955078125" lon="108.93001458607614040374755859375">
        <ele>456.79998779296875</ele>
        <time>2026-08-19T23:31:13.000Z</time>
        <extensions>
          <ns3:TrackPointExtension>
            <ns3:hr>132</ns3:hr>
            <ns3:cad>91</ns3:cad>
          </ns3:TrackPointExtension>
        </extensions>
      </trkpt>
      <trkpt lat="34.17809220962226390838623046875" lon="108.93004459328949451446533203125">
        <ele>456.79998779296875</ele>
        <time>2026-08-19T23:31:14.000Z</time>
        <extensions>
          <ns3:TrackPointExtension>
            <ns3:hr>135</ns3:hr>
            <ns3:cad>92</ns3:cad>
          </ns3:TrackPointExtension>
        </extensions>
      </trkpt>
      <trkpt lat="34.178072512149810791015625" lon="108.93008298240602016448974609375">
        <ele>457</ele>
        <time>2026-08-19T23:31:15.000Z</time>
        <extensions>
          <ns3:TrackPointExtension>
            <ns3:hr>138</ns3:hr>
            <ns3:cad>92</ns3:cad>
          </ns3:TrackPointExtension>
        </extensions>
      </trkpt>
      <trkpt lat="34.1780559159815311431884765625" lon="108.93011852167546749114990234375">
        <ele>457</ele>
        <time>2026-08-19T23:31:16.000Z</time>
        <extensions>
          <ns3:TrackPointExtension>
            <ns3:hr>139</ns3:hr>
            <ns3:cad>92</ns3:cad>
          </ns3:TrackPointExtension>
        </extensions>
      </trkpt>
      <trkpt lat="34.17803538031876087188720703125" lon="108.93015909008681774139404296875">
        <ele>457.20001220703125</ele>
        <time>2026-08-19T23:31:17.000Z</time>
        <extensions>
          <ns3:TrackPointExtension>
            <ns3:hr>141</ns3:hr>
            <ns3:cad>92</ns3:cad>
          </ns3:TrackPointExtension>
        </extensions>
      </trkpt>
      <trkpt lat="34.1780217178165912628173828125" lon="108.93019211478531360626220703125">
        <ele>457.20001220703125</ele>
        <time>2026-08-19T23:31:18.000Z</time>
        <extensions>
          <ns3:TrackPointExtension>
            <ns3:hr>143</ns3:hr>
            <ns3:cad>92</ns3:cad>
          </ns3:TrackPointExtension>
        </extensions>
      </trkpt>
      <trkpt lat="34.17800470255315303802490234375" lon="108.9302320964634418487548828125">
        <ele>457.399993896484375</ele>
        <time>2026-08-19T23:31:19.000Z</time>
        <extensions>
          <ns3:TrackPointExtension>
            <ns3:hr>145</ns3:hr>
            <ns3:cad>91</ns3:cad>
          </ns3:TrackPointExtension>
        </extensions>
      </trkpt>
      <trkpt lat="34.17799078859388828277587890625" lon="108.93026352860033512115478515625">
        <ele>457.399993896484375</ele>
        <time>2026-08-19T23:31:20.000Z</time>
        <extensions>
          <ns3:TrackPointExtension>
            <ns3:hr>147</ns3:hr>
            <ns3:cad>91</ns3:cad>
          </ns3:TrackPointExtension>
        </extensions>
      </trkpt>
      <trkpt lat="34.1779737733304500579833984375" lon="108.93029873259365558624267578125">
        <ele>457.600006103515625</ele>
        <time>2026-08-19T23:31:21.000Z</time>
        <extensions>
          <ns3:TrackPointExtension>
            <ns3:hr>149</ns3:hr>
            <ns3:cad>91</ns3:cad>
          </ns3:TrackPointExtension>
        </extensions>
      </trkpt>
      <trkpt lat="34.17795826680958271026611328125" lon="108.93033578060567378997802734375">
        <ele>457.600006103515625</ele>
        <time>2026-08-19T23:31:22.000Z</time>
        <extensions>
          <ns3:TrackPointExtension>
            <ns3:hr>151</ns3:hr>
            <ns3:cad>93</ns3:cad>
          </ns3:TrackPointExtension>
        </extensions>
      </trkpt>
      <trkpt lat="34.17794401757419109344482421875" lon="108.9303652010858058929443359375">
        <ele>457.600006103515625</ele>
        <time>2026-08-19T23:31:23.000Z</time>
        <extensions>
          <ns3:TrackPointExtension>
            <ns3:hr>153</ns3:hr>
            <ns3:cad>93</ns3:cad>
          </ns3:TrackPointExtension>
        </extensions>
      </trkpt>
      <trkpt lat="34.17793328873813152313232421875" lon="108.930395878851413726806640625">
        <ele>457.600006103515625</ele>
        <time>2026-08-19T23:31:24.000Z</time>
        <extensions>
          <ns3:TrackPointExtension>
            <ns3:hr>154</ns3:hr>
            <ns3:cad>91</ns3:cad>
          </ns3:TrackPointExtension>
        </extensions>
      </trkpt>
      <trkpt lat="34.17791501618921756744384765625" lon="108.9304201863706111907958984375">
        <ele>457.79998779296875</ele>
        <time>2026-08-19T23:31:25.000Z</time>
        <extensions>
          <ns3:TrackPointExtension>
            <ns3:hr>155</ns3:hr>
            <ns3:cad>91</ns3:cad>
          </ns3:TrackPointExtension>
        </extensions>
      </trkpt>
      <trkpt lat="34.17790210805833339691162109375" lon="108.9304416440427303314208984375">
        <ele>457.79998779296875</ele>
        <time>2026-08-19T23:31:26.000Z</time>
        <extensions>
          <ns3:TrackPointExtension>
            <ns3:hr>155</ns3:hr>
            <ns3:cad>90</ns3:cad>
          </ns3:TrackPointExtension>
        </extensions>
      </trkpt>
      <trkpt lat="34.17789741419255733489990234375" lon="108.93046570010483264923095703125">
        <ele>457.79998779296875</ele>
        <time>2026-08-19T23:31:27.000Z</time>
        <extensions>
          <ns3:TrackPointExtension>
            <ns3:hr>156</ns3:hr>
            <ns3:cad>88</ns3:cad>
          </ns3:TrackPointExtension>
        </extensions>
      </trkpt>
      <trkpt lat="34.17789523489773273468017578125" lon="108.930485062301158905029296875">
        <ele>457.600006103515625</ele>
        <time>2026-08-19T23:31:28.000Z</time>
        <extensions>
          <ns3:TrackPointExtension>
            <ns3:hr>157</ns3:hr>
            <ns3:cad>88</ns3:cad>
          </ns3:TrackPointExtension>
        </extensions>
      </trkpt>
      <trkpt lat="34.17788869701325893402099609375" lon="108.93050274811685085296630859375">
        <ele>457.600006103515625</ele>
        <time>2026-08-19T23:31:29.000Z</time>
        <extensions>
          <ns3:TrackPointExtension>
            <ns3:hr>158</ns3:hr>
            <ns3:cad>88</ns3:cad>
          </ns3:TrackPointExtension>
        </extensions>
      </trkpt>
      <trkpt lat="34.17788299731910228729248046875" lon="108.9305177517235279083251953125">
        <ele>457.600006103515625</ele>
        <time>2026-08-19T23:31:30.000Z</time>
        <extensions>
          <ns3:TrackPointExtension>
            <ns3:hr>159</ns3:hr>
            <ns3:cad>88</ns3:cad>
          </ns3:TrackPointExtension>
        </extensions>
      </trkpt>
      <trkpt lat="34.177879057824611663818359375" lon="108.9305283129215240478515625">
        <ele>457.600006103515625</ele>
        <time>2026-08-19T23:31:31.000Z</time>
        <extensions>
          <ns3:TrackPointExtension>
            <ns3:hr>160</ns3:hr>
            <ns3:cad>0</ns3:cad>
          </ns3:TrackPointExtension>
        </extensions>
      </trkpt>
      <trkpt lat="34.1778741963207721710205078125" lon="108.93054063431918621063232421875">
        <ele>457.600006103515625</ele>
        <time>2026-08-19T23:31:32.000Z</time>
        <extensions>
          <ns3:TrackPointExtension>
            <ns3:hr>161</ns3:hr>
            <ns3:cad>59</ns3:cad>
          </ns3:TrackPointExtension>
        </extensions>
      </trkpt>
      <trkpt lat="34.17787008918821811676025390625" lon="108.93055438064038753509521484375">
        <ele>457.79998779296875</ele>
        <time>2026-08-19T23:31:33.000Z</time>
        <extensions>
          <ns3:TrackPointExtension>
            <ns3:hr>162</ns3:hr>
            <ns3:cad>59</ns3:cad>
          </ns3:TrackPointExtension>
        </extensions>
      </trkpt>
      <trkpt lat="34.177866987884044647216796875" lon="108.93056376837193965911865234375">
        <ele>457.79998779296875</ele>
        <time>2026-08-19T23:31:34.000Z</time>
        <extensions>
          <ns3:TrackPointExtension>
            <ns3:hr>162</ns3:hr>
            <ns3:cad>59</ns3:cad>
          </ns3:TrackPointExtension>
        </extensions>
      </trkpt>
      <trkpt lat="34.1778614558279514312744140625" lon="108.930574916303157806396484375">
        <ele>457.79998779296875</ele>
        <time>2026-08-19T23:31:35.000Z</time>
        <extensions>
          <ns3:TrackPointExtension>
            <ns3:hr>162</ns3:hr>
            <ns3:cad>59</ns3:cad>
          </ns3:TrackPointExtension>
        </extensions>
      </trkpt>
      <trkpt lat="34.17785483412444591522216796875" lon="108.93058589659631252288818359375">
        <ele>457.79998779296875</ele>
        <time>2026-08-19T23:31:36.000Z</time>
        <extensions>
          <ns3:TrackPointExtension>
            <ns3:hr>162</ns3:hr>
            <ns3:cad>59</ns3:cad>
          </ns3:TrackPointExtension>
        </extensions>
      </trkpt>
      <trkpt lat="34.17784645222127437591552734375" lon="108.9305953681468963623046875">
        <ele>457.79998779296875</ele>
        <time>2026-08-19T23:31:37.000Z</time>
        <extensions>
          <ns3:TrackPointExtension>
            <ns3:hr>161</ns3:hr>
            <ns3:cad>59</ns3:cad>
          </ns3:TrackPointExtension>
        </extensions>
      </trkpt>
      <trkpt lat="34.17783706448972225189208984375" lon="108.93060668371617794036865234375">
        <ele>457.600006103515625</ele>
        <time>2026-08-19T23:31:38.000Z</time>
        <extensions>
          <ns3:TrackPointExtension>
            <ns3:hr>161</ns3:hr>
            <ns3:cad>59</ns3:cad>
          </ns3:TrackPointExtension>
        </extensions>
      </trkpt>
      <trkpt lat="34.17782901786267757415771484375" lon="108.9306173287332057952880859375">
        <ele>457.600006103515625</ele>
        <time>2026-08-19T23:31:39.000Z</time>
        <extensions>
          <ns3:TrackPointExtension>
            <ns3:hr>161</ns3:hr>
            <ns3:cad>59</ns3:cad>
          </ns3:TrackPointExtension>
        </extensions>
      </trkpt>
      <trkpt lat="34.1778208874166011810302734375" lon="108.93062822520732879638671875">
        <ele>457.600006103515625</ele>
        <time>2026-08-19T23:31:40.000Z</time>
        <extensions>
          <ns3:TrackPointExtension>
            <ns3:hr>160</ns3:hr>
            <ns3:cad>58</ns3:cad>
          </ns3:TrackPointExtension>
        </extensions>
      </trkpt>
      <trkpt lat="34.177814684808254241943359375" lon="108.93063887022435665130615234375">
        <ele>457.600006103515625</ele>
        <time>2026-08-19T23:31:41.000Z</time>
        <extensions>
          <ns3:TrackPointExtension>
            <ns3:hr>160</ns3:hr>
            <ns3:cad>57</ns3:cad>
          </ns3:TrackPointExtension>
        </extensions>
      </trkpt>
      <trkpt lat="34.1778083145618438720703125" lon="108.930648677051067352294921875">
        <ele>457.600006103515625</ele>
        <time>2026-08-19T23:31:42.000Z</time>
        <extensions>
          <ns3:TrackPointExtension>
            <ns3:hr>159</ns3:hr>
            <ns3:cad>57</ns3:cad>
          </ns3:TrackPointExtension>
        </extensions>
      </trkpt>
      <trkpt lat="34.1778007708489894866943359375" lon="108.93066049553453922271728515625">
        <ele>457.600006103515625</ele>
        <time>2026-08-19T23:31:43.000Z</time>
        <extensions>
          <ns3:TrackPointExtension>
            <ns3:hr>159</ns3:hr>
            <ns3:cad>57</ns3:cad>
          </ns3:TrackPointExtension>
        </extensions>
      </trkpt>
      <trkpt lat="34.17779423296451568603515625" lon="108.93067625351250171661376953125">
        <ele>457.600006103515625</ele>
        <time>2026-08-19T23:31:44.000Z</time>
        <extensions>
          <ns3:TrackPointExtension>
            <ns3:hr>157</ns3:hr>
            <ns3:cad>57</ns3:cad>
          </ns3:TrackPointExtension>
        </extensions>
      </trkpt>
      <trkpt lat="34.17778593488037586212158203125" lon="108.9306917600333690643310546875">
        <ele>457.600006103515625</ele>
        <time>2026-08-19T23:31:45.000Z</time>
        <extensions>
          <ns3:TrackPointExtension>
            <ns3:hr>156</ns3:hr>
            <ns3:cad>57</ns3:cad>
          </ns3:TrackPointExtension>
        </extensions>
      </trkpt>
      <trkpt lat="34.1777793131768703460693359375" lon="108.930705003440380096435546875">
        <ele>457.600006103515625</ele>
        <time>2026-08-19T23:31:46.000Z</time>
        <extensions>
          <ns3:TrackPointExtension>
            <ns3:hr>155</ns3:hr>
            <ns3:cad>57</ns3:cad>
          </ns3:TrackPointExtension>
        </extensions>
      </trkpt>
      <trkpt lat="34.17777537368237972259521484375" lon="108.93072168342769145965576171875">
        <ele>457.600006103515625</ele>
        <time>2026-08-19T23:31:47.000Z</time>
        <extensions>
          <ns3:TrackPointExtension>
            <ns3:hr>154</ns3:hr>
            <ns3:cad>57</ns3:cad>
          </ns3:TrackPointExtension>
        </extensions>
      </trkpt>
      <trkpt lat="34.17776967398822307586669921875" lon="108.930735848844051361083984375">
        <ele>457.399993896484375</ele>
        <time>2026-08-19T23:31:48.000Z</time>
        <extensions>
          <ns3:TrackPointExtension>
            <ns3:hr>153</ns3:hr>
            <ns3:cad>58</ns3:cad>
          </ns3:TrackPointExtension>
        </extensions>
      </trkpt>
      <trkpt lat="34.1777632199227809906005859375" lon="108.930748589336872100830078125">
        <ele>457.600006103515625</ele>
        <time>2026-08-19T23:31:49.000Z</time>
        <extensions>
          <ns3:TrackPointExtension>
            <ns3:hr>153</ns3:hr>
            <ns3:cad>58</ns3:cad>
          </ns3:TrackPointExtension>
        </extensions>
      </trkpt>
      <trkpt lat="34.17775643058121204376220703125" lon="108.93076292239129543304443359375">
        <ele>457.600006103515625</ele>
        <time>2026-08-19T23:31:50.000Z</time>
        <extensions>
          <ns3:TrackPointExtension>
            <ns3:hr>152</ns3:hr>
            <ns3:cad>58</ns3:cad>
          </ns3:TrackPointExtension>
        </extensions>
      </trkpt>
      <trkpt lat="34.17774871923029422760009765625" lon="108.930778764188289642333984375">
        <ele>457.600006103515625</ele>
        <time>2026-08-19T23:31:51.000Z</time>
        <extensions>
          <ns3:TrackPointExtension>
            <ns3:hr>152</ns3:hr>
            <ns3:cad>58</ns3:cad>
          </ns3:TrackPointExtension>
        </extensions>
      </trkpt>
      <trkpt lat="34.17774192988872528076171875" lon="108.9307936839759349822998046875">
        <ele>457.600006103515625</ele>
        <time>2026-08-19T23:31:52.000Z</time>
        <extensions>
          <ns3:TrackPointExtension>
            <ns3:hr>151</ns3:hr>
            <ns3:cad>57</ns3:cad>
          </ns3:TrackPointExtension>
        </extensions>
      </trkpt>
      <trkpt lat="34.1777350567281246185302734375" lon="108.93080902285873889923095703125">
        <ele>457.600006103515625</ele>
        <time>2026-08-19T23:31:53.000Z</time>
        <extensions>
          <ns3:TrackPointExtension>
            <ns3:hr>150</ns3:hr>
            <ns3:cad>58</ns3:cad>
          </ns3:TrackPointExtension>
        </extensions>
      </trkpt>
      <trkpt lat="34.17772877030074596405029296875" lon="108.93082260154187679290771484375">
        <ele>457.600006103515625</ele>
        <time>2026-08-19T23:31:54.000Z</time>
        <extensions>
          <ns3:TrackPointExtension>
            <ns3:hr>149</ns3:hr>
            <ns3:cad>58</ns3:cad>
          </ns3:TrackPointExtension>
        </extensions>
      </trkpt>
      <trkpt lat="34.17772256769239902496337890625" lon="108.93083668313920497894287109375">
        <ele>457.600006103515625</ele>
        <time>2026-08-19T23:31:55.000Z</time>
        <extensions>
          <ns3:TrackPointExtension>
            <ns3:hr>148</ns3:hr>
            <ns3:cad>58</ns3:cad>
          </ns3:TrackPointExtension>
        </extensions>
      </trkpt>
      <trkpt lat="34.1777172870934009552001953125" lon="108.930848501622676849365234375">
        <ele>457.600006103515625</ele>
        <time>2026-08-19T23:31:56.000Z</time>
        <extensions>
          <ns3:TrackPointExtension>
            <ns3:hr>148</ns3:hr>
            <ns3:cad>57</ns3:cad>
          </ns3:TrackPointExtension>
        </extensions>
      </trkpt>
      <trkpt lat="34.17771317996084690093994140625" lon="108.93086132593452930450439453125">
        <ele>457.600006103515625</ele>
        <time>2026-08-19T23:31:57.000Z</time>
        <extensions>
          <ns3:TrackPointExtension>
            <ns3:hr>147</ns3:hr>
            <ns3:cad>57</ns3:cad>
          </ns3:TrackPointExtension>
        </extensions>
      </trkpt>
      <trkpt lat="34.177709408104419708251953125" lon="108.93087498843669891357421875">
        <ele>457.600006103515625</ele>
        <time>2026-08-19T23:31:58.000Z</time>
        <extensions>
          <ns3:TrackPointExtension>
            <ns3:hr>146</ns3:hr>
            <ns3:cad>57</ns3:cad>
          </ns3:TrackPointExtension>
        </extensions>
      </trkpt>
      <trkpt lat="34.17770572006702423095703125" lon="108.93088680692017078399658203125">
        <ele>457.600006103515625</ele>
        <time>2026-08-19T23:31:59.000Z</time>
        <extensions>
          <ns3:TrackPointExtension>
            <ns3:hr>145</ns3:hr>
            <ns3:cad>57</ns3:cad>
          </ns3:TrackPointExtension>
        </extensions>
      </trkpt>
      <trkpt lat="34.1777021996676921844482421875" lon="108.93089770339429378509521484375">
        <ele>457.600006103515625</ele>
        <time>2026-08-19T23:32:00.000Z</time>
        <extensions>
          <ns3:TrackPointExtension>
            <ns3:hr>144</ns3:hr>
            <ns3:cad>58</ns3:cad>
          </ns3:TrackPointExtension>
        </extensions>
      </trkpt>
      <trkpt lat="34.17769758962094783782958984375" lon="108.9309118688106536865234375">
        <ele>457.600006103515625</ele>
        <time>2026-08-19T23:32:01.000Z</time>
        <extensions>
          <ns3:TrackPointExtension>
            <ns3:hr>144</ns3:hr>
            <ns3:cad>57</ns3:cad>
          </ns3:TrackPointExtension>
        </extensions>
      </trkpt>
      <trkpt lat="34.177693985402584075927734375" lon="108.93092452548444271087646484375">
        <ele>457.600006103515625</ele>
        <time>2026-08-19T23:32:02.000Z</time>
        <extensions>
          <ns3:TrackPointExtension>
            <ns3:hr>144</ns3:hr>
            <ns3:cad>57</ns3:cad>
          </ns3:TrackPointExtension>
        </extensions>
      </trkpt>
      <trkpt lat="34.177689962089061737060546875" lon="108.93093491904437541961669921875">
        <ele>457.600006103515625</ele>
        <time>2026-08-19T23:32:03.000Z</time>
        <extensions>
          <ns3:TrackPointExtension>
            <ns3:hr>143</ns3:hr>
            <ns3:cad>57</ns3:cad>
          </ns3:TrackPointExtension>
        </extensions>
      </trkpt>
      <trkpt lat="34.1776851005852222442626953125" lon="108.93094715662300586700439453125">
        <ele>457.600006103515625</ele>
        <time>2026-08-19T23:32:04.000Z</time>
        <extensions>
          <ns3:TrackPointExtension>
            <ns3:hr>142</ns3:hr>
            <ns3:cad>57</ns3:cad>
          </ns3:TrackPointExtension>
        </extensions>
      </trkpt>
      <trkpt lat="34.177680909633636474609375" lon="108.9309599809348583221435546875">
        <ele>457.600006103515625</ele>
        <time>2026-08-19T23:32:05.000Z</time>
        <extensions>
          <ns3:TrackPointExtension>
            <ns3:hr>142</ns3:hr>
            <ns3:cad>57</ns3:cad>
          </ns3:TrackPointExtension>
        </extensions>
      </trkpt>
      <trkpt lat="34.17767487466335296630859375" lon="108.9309757389128208160400390625">
        <ele>457.600006103515625</ele>
        <time>2026-08-19T23:32:06.000Z</time>
        <extensions>
          <ns3:TrackPointExtension>
            <ns3:hr>141</ns3:hr>
            <ns3:cad>57</ns3:cad>
          </ns3:TrackPointExtension>
        </extensions>
      </trkpt>
      <trkpt lat="34.177668504416942596435546875" lon="108.93098873086273670196533203125">
        <ele>457.600006103515625</ele>
        <time>2026-08-19T23:32:07.000Z</time>
        <extensions>
          <ns3:TrackPointExtension>
            <ns3:hr>140</ns3:hr>
            <ns3:cad>57</ns3:cad>
          </ns3:TrackPointExtension>
        </extensions>
      </trkpt>
      <trkpt lat="34.1776616312563419342041015625" lon="108.9310030639171600341796875">
        <ele>457.600006103515625</ele>
        <time>2026-08-19T23:32:08.000Z</time>
        <extensions>
          <ns3:TrackPointExtension>
            <ns3:hr>139</ns3:hr>
            <ns3:cad>57</ns3:cad>
          </ns3:TrackPointExtension>
        </extensions>
      </trkpt>
      <trkpt lat="34.17765668593347072601318359375" lon="108.9310163073241710662841796875">
        <ele>457.600006103515625</ele>
        <time>2026-08-19T23:32:09.000Z</time>
        <extensions>
          <ns3:TrackPointExtension>
            <ns3:hr>138</ns3:hr>
            <ns3:cad>57</ns3:cad>
          </ns3:TrackPointExtension>
        </extensions>
      </trkpt>
      <trkpt lat="34.1776492260396480560302734375" lon="108.93102921545505523681640625">
        <ele>457.600006103515625</ele>
        <time>2026-08-19T23:32:10.000Z</time>
        <extensions>
          <ns3:TrackPointExtension>
            <ns3:hr>137</ns3:hr>
            <ns3:cad>57</ns3:cad>
          </ns3:TrackPointExtension>
        </extensions>
      </trkpt>
      <trkpt lat="34.17764411307871341705322265625" lon="108.93104069866240024566650390625">
        <ele>457.600006103515625</ele>
        <time>2026-08-19T23:32:11.000Z</time>
        <extensions>
          <ns3:TrackPointExtension>
            <ns3:hr>136</ns3:hr>
            <ns3:cad>57</ns3:cad>
          </ns3:TrackPointExtension>
        </extensions>
      </trkpt>
      <trkpt lat="34.17763606645166873931884765625" lon="108.93105561845004558563232421875">
        <ele>457.600006103515625</ele>
        <time>2026-08-19T23:32:12.000Z</time>
        <extensions>
          <ns3:TrackPointExtension>
            <ns3:hr>135</ns3:hr>
            <ns3:cad>57</ns3:cad>
          </ns3:TrackPointExtension>
        </extensions>
      </trkpt>
      <trkpt lat="34.1776291094720363616943359375" lon="108.9310716278851032257080078125">
        <ele>457.600006103515625</ele>
        <time>2026-08-19T23:32:13.000Z</time>
        <extensions>
          <ns3:TrackPointExtension>
            <ns3:hr>134</ns3:hr>
            <ns3:cad>57</ns3:cad>
          </ns3:TrackPointExtension>
        </extensions>
      </trkpt>
      <trkpt lat="34.177620224654674530029296875" lon="108.93108495511114597320556640625">
        <ele>457.600006103515625</ele>
        <time>2026-08-19T23:32:14.000Z</time>
        <extensions>
          <ns3:TrackPointExtension>
            <ns3:hr>133</ns3:hr>
            <ns3:cad>58</ns3:cad>
          </ns3:TrackPointExtension>
        </extensions>
      </trkpt>
      <trkpt lat="34.1776140220463275909423828125" lon="108.9310984499752521514892578125">
        <ele>457.600006103515625</ele>
        <time>2026-08-19T23:32:15.000Z</time>
        <extensions>
          <ns3:TrackPointExtension>
            <ns3:hr>133</ns3:hr>
            <ns3:cad>58</ns3:cad>
          </ns3:TrackPointExtension>
        </extensions>
      </trkpt>
      <trkpt lat="34.17760689742863178253173828125" lon="108.9311121962964534759521484375">
        <ele>457.600006103515625</ele>
        <time>2026-08-19T23:32:16.000Z</time>
        <extensions>
          <ns3:TrackPointExtension>
            <ns3:hr>132</ns3:hr>
            <ns3:cad>58</ns3:cad>
          </ns3:TrackPointExtension>
        </extensions>
      </trkpt>
      <trkpt lat="34.17759985662996768951416015625" lon="108.93112468533217906951904296875">
        <ele>457.600006103515625</ele>
        <time>2026-08-19T23:32:17.000Z</time>
        <extensions>
          <ns3:TrackPointExtension>
            <ns3:hr>132</ns3:hr>
            <ns3:cad>58</ns3:cad>
          </ns3:TrackPointExtension>
        </extensions>
      </trkpt>
      <trkpt lat="34.17759248055517673492431640625" lon="108.9311376772820949554443359375">
        <ele>457.600006103515625</ele>
        <time>2026-08-19T23:32:18.000Z</time>
        <extensions>
          <ns3:TrackPointExtension>
            <ns3:hr>132</ns3:hr>
            <ns3:cad>58</ns3:cad>
          </ns3:TrackPointExtension>
        </extensions>
      </trkpt>
      <trkpt lat="34.17758661322295665740966796875" lon="108.93114999867975711822509765625">
        <ele>457.600006103515625</ele>
        <time>2026-08-19T23:32:19.000Z</time>
        <extensions>
          <ns3:TrackPointExtension>
            <ns3:hr>132</ns3:hr>
            <ns3:cad>58</ns3:cad>
          </ns3:TrackPointExtension>
        </extensions>
      </trkpt>
      <trkpt lat="34.1775804944336414337158203125" lon="108.931162655353546142578125">
        <ele>457.600006103515625</ele>
        <time>2026-08-19T23:32:20.000Z</time>
        <extensions>
          <ns3:TrackPointExtension>
            <ns3:hr>133</ns3:hr>
            <ns3:cad>58</ns3:cad>
          </ns3:TrackPointExtension>
        </extensions>
      </trkpt>
      <trkpt lat="34.1775747947394847869873046875" lon="108.93117749132215976715087890625">
        <ele>457.600006103515625</ele>
        <time>2026-08-19T23:32:21.000Z</time>
        <extensions>
          <ns3:TrackPointExtension>
            <ns3:hr>132</ns3:hr>
            <ns3:cad>58</ns3:cad>
          </ns3:TrackPointExtension>
        </extensions>
      </trkpt>
      <trkpt lat="34.17756892740726470947265625" lon="108.931190483272075653076171875">
        <ele>457.600006103515625</ele>
        <time>2026-08-19T23:32:22.000Z</time>
        <extensions>
          <ns3:TrackPointExtension>
            <ns3:hr>132</ns3:hr>
            <ns3:cad>57</ns3:cad>
          </ns3:TrackPointExtension>
        </extensions>
      </trkpt>
      <trkpt lat="34.17756364680826663970947265625" lon="108.93120313994586467742919921875">
        <ele>457.600006103515625</ele>
        <time>2026-08-19T23:32:23.000Z</time>
        <extensions>
          <ns3:TrackPointExtension>
            <ns3:hr>132</ns3:hr>
            <ns3:cad>58</ns3:cad>
          </ns3:TrackPointExtension>
        </extensions>
      </trkpt>
      <trkpt lat="34.17755710892379283905029296875" lon="108.9312178082764148712158203125">
        <ele>457.600006103515625</ele>
        <time>2026-08-19T23:32:24.000Z</time>
        <extensions>
          <ns3:TrackPointExtension>
            <ns3:hr>132</ns3:hr>
            <ns3:cad>58</ns3:cad>
          </ns3:TrackPointExtension>
        </extensions>
      </trkpt>
      <trkpt lat="34.1775516606867313385009765625" lon="108.93123163841664791107177734375">
        <ele>457.600006103515625</ele>
        <time>2026-08-19T23:32:25.000Z</time>
        <extensions>
          <ns3:TrackPointExtension>
            <ns3:hr>132</ns3:hr>
            <ns3:cad>58</ns3:cad>
          </ns3:TrackPointExtension>
        </extensions>
      </trkpt>
      <trkpt lat="34.177547134459018707275390625" lon="108.9312446303665637969970703125">
        <ele>457.600006103515625</ele>
        <time>2026-08-19T23:32:26.000Z</time>
        <extensions>
          <ns3:TrackPointExtension>
            <ns3:hr>131</ns3:hr>
            <ns3:cad>58</ns3:cad>
          </ns3:TrackPointExtension>
        </extensions>
      </trkpt>
      <trkpt lat="34.1775426082313060760498046875" lon="108.93125678412616252899169921875">
        <ele>457.600006103515625</ele>
        <time>2026-08-19T23:32:27.000Z</time>
        <extensions>
          <ns3:TrackPointExtension>
            <ns3:hr>131</ns3:hr>
            <ns3:cad>57</ns3:cad>
          </ns3:TrackPointExtension>
        </extensions>
      </trkpt>
      <trkpt lat="34.17753850109875202178955078125" lon="108.93126969225704669952392578125">
        <ele>457.600006103515625</ele>
        <time>2026-08-19T23:32:28.000Z</time>
        <extensions>
          <ns3:TrackPointExtension>
            <ns3:hr>130</ns3:hr>
            <ns3:cad>57</ns3:cad>
          </ns3:TrackPointExtension>
        </extensions>
      </trkpt>
      <trkpt lat="34.177533723413944244384765625" lon="108.93128075636923313140869140625">
        <ele>457.600006103515625</ele>
        <time>2026-08-19T23:32:29.000Z</time>
        <extensions>
          <ns3:TrackPointExtension>
            <ns3:hr>130</ns3:hr>
            <ns3:cad>57</ns3:cad>
          </ns3:TrackPointExtension>
        </extensions>
      </trkpt>
      <trkpt lat="34.1775293648242950439453125" lon="108.93129341304302215576171875">
        <ele>457.79998779296875</ele>
        <time>2026-08-19T23:32:30.000Z</time>
        <extensions>
          <ns3:TrackPointExtension>
            <ns3:hr>129</ns3:hr>
            <ns3:cad>57</ns3:cad>
          </ns3:TrackPointExtension>
        </extensions>
      </trkpt>
      <trkpt lat="34.1775231622159481048583984375" lon="108.93130908720195293426513671875">
        <ele>457.79998779296875</ele>
        <time>2026-08-19T23:32:31.000Z</time>
        <extensions>
          <ns3:TrackPointExtension>
            <ns3:hr>128</ns3:hr>
            <ns3:cad>57</ns3:cad>
          </ns3:TrackPointExtension>
        </extensions>
      </trkpt>
      <trkpt lat="34.1775167919695377349853515625" lon="108.93132484517991542816162109375">
        <ele>457.79998779296875</ele>
        <time>2026-08-19T23:32:32.000Z</time>
        <extensions>
          <ns3:TrackPointExtension>
            <ns3:hr>128</ns3:hr>
            <ns3:cad>57</ns3:cad>
          </ns3:TrackPointExtension>
        </extensions>
      </trkpt>
      <trkpt lat="34.17751000262796878814697265625" lon="108.9313395135104656219482421875">
        <ele>457.600006103515625</ele>
        <time>2026-08-19T23:32:33.000Z</time>
        <extensions>
          <ns3:TrackPointExtension>
            <ns3:hr>127</ns3:hr>
            <ns3:cad>58</ns3:cad>
          </ns3:TrackPointExtension>
        </extensions>
      </trkpt>
      <trkpt lat="34.17750145308673381805419921875" lon="108.931353427469730377197265625">
        <ele>457.600006103515625</ele>
        <time>2026-08-19T23:32:34.000Z</time>
        <extensions>
          <ns3:TrackPointExtension>
            <ns3:hr>126</ns3:hr>
            <ns3:cad>58</ns3:cad>
          </ns3:TrackPointExtension>
        </extensions>
      </trkpt>
      <trkpt lat="34.1774933226406574249267578125" lon="108.93136859871447086334228515625">
        <ele>457.600006103515625</ele>
        <time>2026-08-19T23:32:35.000Z</time>
        <extensions>
          <ns3:TrackPointExtension>
            <ns3:hr>126</ns3:hr>
            <ns3:cad>58</ns3:cad>
          </ns3:TrackPointExtension>
        </extensions>
      </trkpt>
      <trkpt lat="34.17748586274683475494384765625" lon="108.93138435669243335723876953125">
        <ele>457.600006103515625</ele>
        <time>2026-08-19T23:32:36.000Z</time>
        <extensions>
          <ns3:TrackPointExtension>
            <ns3:hr>125</ns3:hr>
            <ns3:cad>58</ns3:cad>
          </ns3:TrackPointExtension>
        </extensions>
      </trkpt>
      <trkpt lat="34.17747966013848781585693359375" lon="108.9313978515565395355224609375">
        <ele>457.600006103515625</ele>
        <time>2026-08-19T23:32:37.000Z</time>
        <extensions>
          <ns3:TrackPointExtension>
            <ns3:hr>123</ns3:hr>
            <ns3:cad>58</ns3:cad>
          </ns3:TrackPointExtension>
        </extensions>
      </trkpt>
      <trkpt lat="34.1774725355207920074462890625" lon="108.93141503445804119110107421875">
        <ele>457.600006103515625</ele>
        <time>2026-08-19T23:32:38.000Z</time>
        <extensions>
          <ns3:TrackPointExtension>
            <ns3:hr>123</ns3:hr>
            <ns3:cad>58</ns3:cad>
          </ns3:TrackPointExtension>
        </extensions>
      </trkpt>
      <trkpt lat="34.177466668188571929931640625" lon="108.931430876255035400390625">
        <ele>457.79998779296875</ele>
        <time>2026-08-19T23:32:39.000Z</time>
        <extensions>
          <ns3:TrackPointExtension>
            <ns3:hr>122</ns3:hr>
            <ns3:cad>58</ns3:cad>
          </ns3:TrackPointExtension>
        </extensions>
      </trkpt>
      <trkpt lat="34.17746256105601787567138671875" lon="108.93144303001463413238525390625">
        <ele>457.79998779296875</ele>
        <time>2026-08-19T23:32:40.000Z</time>
        <extensions>
          <ns3:TrackPointExtension>
            <ns3:hr>122</ns3:hr>
            <ns3:cad>57</ns3:cad>
          </ns3:TrackPointExtension>
        </extensions>
      </trkpt>
      <trkpt lat="34.17745803482830524444580078125" lon="108.93145409412682056427001953125">
        <ele>457.79998779296875</ele>
        <time>2026-08-19T23:32:41.000Z</time>
        <extensions>
          <ns3:TrackPointExtension>
            <ns3:hr>122</ns3:hr>
            <ns3:cad>57</ns3:cad>
          </ns3:TrackPointExtension>
        </extensions>
      </trkpt>
      <trkpt lat="34.17745283804833889007568359375" lon="108.93146616406738758087158203125">
        <ele>457.79998779296875</ele>
        <time>2026-08-19T23:32:42.000Z</time>
        <extensions>
          <ns3:TrackPointExtension>
            <ns3:hr>122</ns3:hr>
            <ns3:cad>57</ns3:cad>
          </ns3:TrackPointExtension>
        </extensions>
      </trkpt>
      <trkpt lat="34.17744713835418224334716796875" lon="108.9314786531031131744384765625">
        <ele>457.79998779296875</ele>
        <time>2026-08-19T23:32:43.000Z</time>
        <extensions>
          <ns3:TrackPointExtension>
            <ns3:hr>121</ns3:hr>
            <ns3:cad>57</ns3:cad>
          </ns3:TrackPointExtension>
        </extensions>
      </trkpt>
      <trkpt lat="34.177439846098423004150390625" lon="108.93148946575820446014404296875">
        <ele>457.79998779296875</ele>
        <time>2026-08-19T23:32:44.000Z</time>
        <extensions>
          <ns3:TrackPointExtension>
            <ns3:hr>121</ns3:hr>
            <ns3:cad>57</ns3:cad>
          </ns3:TrackPointExtension>
        </extensions>
      </trkpt>
      <trkpt lat="34.17743087746202945709228515625" lon="108.9315032958984375">
        <ele>457.79998779296875</ele>
        <time>2026-08-19T23:32:45.000Z</time>
        <extensions>
          <ns3:TrackPointExtension>
            <ns3:hr>120</ns3:hr>
            <ns3:cad>58</ns3:cad>
          </ns3:TrackPointExtension>
        </extensions>
      </trkpt>
      <trkpt lat="34.17741729877889156341552734375" lon="108.9315265975892543792724609375">
        <ele>457.79998779296875</ele>
        <time>2026-08-19T23:32:46.000Z</time>
        <extensions>
          <ns3:TrackPointExtension>
            <ns3:hr>119</ns3:hr>
            <ns3:cad>58</ns3:cad>
          </ns3:TrackPointExtension>
        </extensions>
      </trkpt>
      <trkpt lat="34.177396930754184722900390625" lon="108.93155920319259166717529296875">
        <ele>457.79998779296875</ele>
        <time>2026-08-19T23:32:47.000Z</time>
        <extensions>
          <ns3:TrackPointExtension>
            <ns3:hr>119</ns3:hr>
            <ns3:cad>58</ns3:cad>
          </ns3:TrackPointExtension>
        </extensions>
      </trkpt>
      <trkpt lat="34.17737958021461963653564453125" lon="108.9315936528146266937255859375">
        <ele>457.79998779296875</ele>
        <time>2026-08-19T23:32:48.000Z</time>
        <extensions>
          <ns3:TrackPointExtension>
            <ns3:hr>119</ns3:hr>
            <ns3:cad>58</ns3:cad>
          </ns3:TrackPointExtension>
        </extensions>
      </trkpt>
      <trkpt lat="34.17736264877021312713623046875" lon="108.931633718311786651611328125">
        <ele>457.79998779296875</ele>
        <time>2026-08-19T23:32:49.000Z</time>
        <extensions>
          <ns3:TrackPointExtension>
            <ns3:hr>118</ns3:hr>
            <ns3:cad>0</ns3:cad>
          </ns3:TrackPointExtension>
        </extensions>
      </trkpt>
      <trkpt lat="34.17734387330710887908935546875" lon="108.93167822621762752532958984375">
        <ele>457.79998779296875</ele>
        <time>2026-08-19T23:32:50.000Z</time>
        <extensions>
          <ns3:TrackPointExtension>
            <ns3:hr>118</ns3:hr>
            <ns3:cad>0</ns3:cad>
          </ns3:TrackPointExtension>
        </extensions>
      </trkpt>
      <trkpt lat="34.1773253493010997772216796875" lon="108.93172399140894412994384765625">
        <ele>457.79998779296875</ele>
        <time>2026-08-19T23:32:51.000Z</time>
        <extensions>
          <ns3:TrackPointExtension>
            <ns3:hr>118</ns3:hr>
            <ns3:cad>0</ns3:cad>
          </ns3:TrackPointExtension>
        </extensions>
      </trkpt>
      <trkpt lat="34.1773067414760589599609375" lon="108.9317696727812290191650390625">
        <ele>458</ele>
        <time>2026-08-19T23:32:52.000Z</time>
        <extensions>
          <ns3:TrackPointExtension>
            <ns3:hr>117</ns3:hr>
            <ns3:cad>0</ns3:cad>
          </ns3:TrackPointExtension>
        </extensions>
      </trkpt>
      <trkpt lat="34.17728888802230358123779296875" lon="108.931813426315784454345703125">
        <ele>458</ele>
        <time>2026-08-19T23:32:53.000Z</time>
        <extensions>
          <ns3:TrackPointExtension>
            <ns3:hr>117</ns3:hr>
            <ns3:cad>95</ns3:cad>
          </ns3:TrackPointExtension>
        </extensions>
      </trkpt>
      <trkpt lat="34.17726877145469188690185546875" lon="108.931865058839321136474609375">
        <ele>458</ele>
        <time>2026-08-19T23:32:54.000Z</time>
        <extensions>
          <ns3:TrackPointExtension>
            <ns3:hr>117</ns3:hr>
            <ns3:cad>95</ns3:cad>
          </ns3:TrackPointExtension>
        </extensions>
      </trkpt>
      <trkpt lat="34.1772542707622051239013671875" lon="108.9319121651351451873779296875">
        <ele>458.20001220703125</ele>
        <time>2026-08-19T23:32:55.000Z</time>
        <extensions>
          <ns3:TrackPointExtension>
            <ns3:hr>118</ns3:hr>
            <ns3:cad>95</ns3:cad>
          </ns3:TrackPointExtension>
        </extensions>
      </trkpt>
      <trkpt lat="34.1772532649338245391845703125" lon="108.931967653334140777587890625">
        <ele>458.20001220703125</ele>
        <time>2026-08-19T23:32:56.000Z</time>
        <extensions>
          <ns3:TrackPointExtension>
            <ns3:hr>119</ns3:hr>
            <ns3:cad>95</ns3:cad>
          </ns3:TrackPointExtension>
        </extensions>
      </trkpt>
      <trkpt lat="34.17725234292447566986083984375" lon="108.93201031722128391265869140625">
        <ele>458.20001220703125</ele>
        <time>2026-08-19T23:32:57.000Z</time>
        <extensions>
          <ns3:TrackPointExtension>
            <ns3:hr>121</ns3:hr>
            <ns3:cad>95</ns3:cad>
          </ns3:TrackPointExtension>
        </extensions>
      </trkpt>
      <trkpt lat="34.1772438772022724151611328125" lon="108.93206127919256687164306640625">
        <ele>458.20001220703125</ele>
        <time>2026-08-19T23:32:58.000Z</time>
        <extensions>
          <ns3:TrackPointExtension>
            <ns3:hr>122</ns3:hr>
            <ns3:cad>95</ns3:cad>
          </ns3:TrackPointExtension>
        </extensions>
      </trkpt>
      <trkpt lat="34.17724329046905040740966796875" lon="108.9321027696132659912109375">
        <ele>458.399993896484375</ele>
        <time>2026-08-19T23:32:59.000Z</time>
        <extensions>
          <ns3:TrackPointExtension>
            <ns3:hr>124</ns3:hr>
            <ns3:cad>95</ns3:cad>
          </ns3:TrackPointExtension>
        </extensions>
      </trkpt>
      <trkpt lat="34.1772375069558620452880859375" lon="108.93215096555650234222412109375">
        <ele>458.399993896484375</ele>
        <time>2026-08-19T23:33:00.000Z</time>
        <extensions>
          <ns3:TrackPointExtension>
            <ns3:hr>125</ns3:hr>
            <ns3:cad>95</ns3:cad>
          </ns3:TrackPointExtension>
        </extensions>
      </trkpt>
      <trkpt lat="34.177235662937164306640625" lon="108.93219874240458011627197265625">
        <ele>458.399993896484375</ele>
        <time>2026-08-19T23:33:01.000Z</time>
        <extensions>
          <ns3:TrackPointExtension>
            <ns3:hr>126</ns3:hr>
            <ns3:cad>95</ns3:cad>
          </ns3:TrackPointExtension>
        </extensions>
      </trkpt>
      <trkpt lat="34.17723809368908405303955078125" lon="108.9322467707097530364990234375">
        <ele>458.399993896484375</ele>
        <time>2026-08-19T23:33:02.000Z</time>
        <extensions>
          <ns3:TrackPointExtension>
            <ns3:hr>127</ns3:hr>
            <ns3:cad>92</ns3:cad>
          </ns3:TrackPointExtension>
        </extensions>
      </trkpt>
      <trkpt lat="34.177232645452022552490234375" lon="108.9323030970990657806396484375">
        <ele>458.399993896484375</ele>
        <time>2026-08-19T23:33:03.000Z</time>
        <extensions>
          <ns3:TrackPointExtension>
            <ns3:hr>127</ns3:hr>
            <ns3:cad>92</ns3:cad>
          </ns3:TrackPointExtension>
        </extensions>
      </trkpt>
      <trkpt lat="34.17723474092781543731689453125" lon="108.93234224058687686920166015625">
        <ele>458.399993896484375</ele>
        <time>2026-08-19T23:33:04.000Z</time>
        <extensions>
          <ns3:TrackPointExtension>
            <ns3:hr>128</ns3:hr>
            <ns3:cad>92</ns3:cad>
          </ns3:TrackPointExtension>
        </extensions>
      </trkpt>
      <trkpt lat="34.177232645452022552490234375" lon="108.93239890225231647491455078125">
        <ele>458.20001220703125</ele>
        <time>2026-08-19T23:33:05.000Z</time>
        <extensions>
          <ns3:TrackPointExtension>
            <ns3:hr>129</ns3:hr>
            <ns3:cad>93</ns3:cad>
          </ns3:TrackPointExtension>
        </extensions>
      </trkpt>
      <trkpt lat="34.1772348247468471527099609375" lon="108.9324434101581573486328125">
        <ele>458.20001220703125</ele>
        <time>2026-08-19T23:33:06.000Z</time>
        <extensions>
          <ns3:TrackPointExtension>
            <ns3:hr>129</ns3:hr>
            <ns3:cad>93</ns3:cad>
          </ns3:TrackPointExtension>
        </extensions>
      </trkpt>
      <trkpt lat="34.1772321425378322601318359375" lon="108.93248992972075939178466796875">
        <ele>458.20001220703125</ele>
        <time>2026-08-19T23:33:07.000Z</time>
        <extensions>
          <ns3:TrackPointExtension>
            <ns3:hr>130</ns3:hr>
            <ns3:cad>95</ns3:cad>
          </ns3:TrackPointExtension>
        </extensions>
      </trkpt>
      <trkpt lat="34.1772274486720561981201171875" lon="108.932539634406566619873046875">
        <ele>458.20001220703125</ele>
        <time>2026-08-19T23:33:08.000Z</time>
        <extensions>
          <ns3:TrackPointExtension>
            <ns3:hr>131</ns3:hr>
            <ns3:cad>95</ns3:cad>
          </ns3:TrackPointExtension>
        </extensions>
      </trkpt>
      <trkpt lat="34.17722635902464389801025390625" lon="108.93257995136082172393798828125">
        <ele>458.20001220703125</ele>
        <time>2026-08-19T23:33:09.000Z</time>
        <extensions>
          <ns3:TrackPointExtension>
            <ns3:hr>133</ns3:hr>
            <ns3:cad>95</ns3:cad>
          </ns3:TrackPointExtension>
        </extensions>
      </trkpt>
      <trkpt lat="34.17722216807305812835693359375" lon="108.9326338469982147216796875">
        <ele>458.20001220703125</ele>
        <time>2026-08-19T23:33:10.000Z</time>
        <extensions>
          <ns3:TrackPointExtension>
            <ns3:hr>134</ns3:hr>
            <ns3:cad>94</ns3:cad>
          </ns3:TrackPointExtension>
        </extensions>
      </trkpt>
      <trkpt lat="34.17722987942397594451904296875" lon="108.932674415409564971923828125">
        <ele>458.20001220703125</ele>
        <time>2026-08-19T23:33:11.000Z</time>
        <extensions>
          <ns3:TrackPointExtension>
            <ns3:hr>135</ns3:hr>
            <ns3:cad>94</ns3:cad>
          </ns3:TrackPointExtension>
        </extensions>
      </trkpt>
      <trkpt lat="34.17723272927105426788330078125" lon="108.93272043205797672271728515625">
        <ele>458</ele>
        <time>2026-08-19T23:33:12.000Z</time>
        <extensions>
          <ns3:TrackPointExtension>
            <ns3:hr>136</ns3:hr>
            <ns3:cad>95</ns3:cad>
          </ns3:TrackPointExtension>
        </extensions>
      </trkpt>
      <trkpt lat="34.17722686193883419036865234375" lon="108.93274985253810882568359375">
        <ele>458</ele>
        <time>2026-08-19T23:33:13.000Z</time>
        <extensions>
          <ns3:TrackPointExtension>
            <ns3:hr>137</ns3:hr>
            <ns3:cad>95</ns3:cad>
          </ns3:TrackPointExtension>
        </extensions>
      </trkpt>
      <trkpt lat="34.17722786776721477508544921875" lon="108.93277675844728946685791015625">
        <ele>458</ele>
        <time>2026-08-19T23:33:14.000Z</time>
        <extensions>
          <ns3:TrackPointExtension>
            <ns3:hr>139</ns3:hr>
            <ns3:cad>95</ns3:cad>
          </ns3:TrackPointExtension>
        </extensions>
      </trkpt>
      <trkpt lat="34.177223257720470428466796875" lon="108.93280492164194583892822265625">
        <ele>458</ele>
        <time>2026-08-19T23:33:15.000Z</time>
        <extensions>
          <ns3:TrackPointExtension>
            <ns3:hr>141</ns3:hr>
            <ns3:cad>93</ns3:cad>
          </ns3:TrackPointExtension>
        </extensions>
      </trkpt>
      <trkpt lat="34.1772167198359966278076171875" lon="108.93282118253409862518310546875">
        <ele>458</ele>
        <time>2026-08-19T23:33:16.000Z</time>
        <extensions>
          <ns3:TrackPointExtension>
            <ns3:hr>142</ns3:hr>
            <ns3:cad>93</ns3:cad>
          </ns3:TrackPointExtension>
        </extensions>
      </trkpt>
      <trkpt lat="34.17721378616988658905029296875" lon="108.93283559940755367279052734375">
        <ele>458</ele>
        <time>2026-08-19T23:33:17.000Z</time>
        <extensions>
          <ns3:TrackPointExtension>
            <ns3:hr>143</ns3:hr>
            <ns3:cad>93</ns3:cad>
          </ns3:TrackPointExtension>
        </extensions>
      </trkpt>
      <trkpt lat="34.177213199436664581298828125" lon="108.93285043537616729736328125">
        <ele>458</ele>
        <time>2026-08-19T23:33:18.000Z</time>
        <extensions>
          <ns3:TrackPointExtension>
            <ns3:hr>144</ns3:hr>
            <ns3:cad>93</ns3:cad>
          </ns3:TrackPointExtension>
        </extensions>
      </trkpt>
      <trkpt lat="34.17721110396087169647216796875" lon="108.93286426551640033721923828125">
        <ele>457.79998779296875</ele>
        <time>2026-08-19T23:33:19.000Z</time>
        <extensions>
          <ns3:TrackPointExtension>
            <ns3:hr>145</ns3:hr>
            <ns3:cad>0</ns3:cad>
          </ns3:TrackPointExtension>
        </extensions>
      </trkpt>
      <trkpt lat="34.17721085250377655029296875" lon="108.9328777603805065155029296875">
        <ele>457.79998779296875</ele>
        <time>2026-08-19T23:33:20.000Z</time>
        <extensions>
          <ns3:TrackPointExtension>
            <ns3:hr>144</ns3:hr>
            <ns3:cad>0</ns3:cad>
          </ns3:TrackPointExtension>
        </extensions>
      </trkpt>
      <trkpt lat="34.1772110201418399810791015625" lon="108.932888992130756378173828125">
        <ele>457.600006103515625</ele>
        <time>2026-08-19T23:33:21.000Z</time>
        <extensions>
          <ns3:TrackPointExtension>
            <ns3:hr>143</ns3:hr>
            <ns3:cad>0</ns3:cad>
          </ns3:TrackPointExtension>
        </extensions>
      </trkpt>
      <trkpt lat="34.177218563854694366455078125" lon="108.93290718086063861846923828125">
        <ele>457.399993896484375</ele>
        <time>2026-08-19T23:33:22.000Z</time>
        <extensions>
          <ns3:TrackPointExtension>
            <ns3:hr>143</ns3:hr>
            <ns3:cad>0</ns3:cad>
          </ns3:TrackPointExtension>
        </extensions>
      </trkpt>
      <trkpt lat="34.17722401209175586700439453125" lon="108.93292511813342571258544921875">
        <ele>457.399993896484375</ele>
        <time>2026-08-19T23:33:23.000Z</time>
        <extensions>
          <ns3:TrackPointExtension>
            <ns3:hr>142</ns3:hr>
            <ns3:cad>0</ns3:cad>
          </ns3:TrackPointExtension>
        </extensions>
      </trkpt>
      <trkpt lat="34.17723524384200572967529296875" lon="108.93293894827365875244140625">
        <ele>457.399993896484375</ele>
        <time>2026-08-19T23:33:24.000Z</time>
        <extensions>
          <ns3:TrackPointExtension>
            <ns3:hr>142</ns3:hr>
            <ns3:cad>58</ns3:cad>
          </ns3:TrackPointExtension>
        </extensions>
      </trkpt>
      <trkpt lat="34.17724295519292354583740234375" lon="108.9329555444419384002685546875">
        <ele>457.20001220703125</ele>
        <time>2026-08-19T23:33:25.000Z</time>
        <extensions>
          <ns3:TrackPointExtension>
            <ns3:hr>141</ns3:hr>
            <ns3:cad>57</ns3:cad>
          </ns3:TrackPointExtension>
        </extensions>
      </trkpt>
      <trkpt lat="34.1772482357919216156005859375" lon="108.932968117296695709228515625">
        <ele>457.20001220703125</ele>
        <time>2026-08-19T23:33:26.000Z</time>
        <extensions>
          <ns3:TrackPointExtension>
            <ns3:hr>141</ns3:hr>
            <ns3:cad>57</ns3:cad>
          </ns3:TrackPointExtension>
        </extensions>
      </trkpt>
      <trkpt lat="34.1772525943815708160400390625" lon="108.93298110924661159515380859375">
        <ele>457.20001220703125</ele>
        <time>2026-08-19T23:33:27.000Z</time>
        <extensions>
          <ns3:TrackPointExtension>
            <ns3:hr>143</ns3:hr>
            <ns3:cad>57</ns3:cad>
          </ns3:TrackPointExtension>
        </extensions>
      </trkpt>
      <trkpt lat="34.177254773676395416259765625" lon="108.93299418501555919647216796875">
        <ele>457.20001220703125</ele>
        <time>2026-08-19T23:33:28.000Z</time>
        <extensions>
          <ns3:TrackPointExtension>
            <ns3:hr>151</ns3:hr>
            <ns3:cad>57</ns3:cad>
          </ns3:TrackPointExtension>
        </extensions>
      </trkpt>
      <trkpt lat="34.1772572882473468780517578125" lon="108.93300826661288738250732421875">
        <ele>457.20001220703125</ele>
        <time>2026-08-19T23:33:29.000Z</time>
        <extensions>
          <ns3:TrackPointExtension>
            <ns3:hr>161</ns3:hr>
            <ns3:cad>57</ns3:cad>
          </ns3:TrackPointExtension>
        </extensions>
      </trkpt>
      <trkpt lat="34.1772589646279811859130859375" lon="108.93302301876246929168701171875">
        <ele>457.20001220703125</ele>
        <time>2026-08-19T23:33:30.000Z</time>
        <extensions>
          <ns3:TrackPointExtension>
            <ns3:hr>163</ns3:hr>
            <ns3:cad>57</ns3:cad>
          </ns3:TrackPointExtension>
        </extensions>
      </trkpt>
      <trkpt lat="34.17725980281829833984375" lon="108.93303592689335346221923828125">
        <ele>457.20001220703125</ele>
        <time>2026-08-19T23:33:31.000Z</time>
        <extensions>
          <ns3:TrackPointExtension>
            <ns3:hr>163</ns3:hr>
            <ns3:cad>58</ns3:cad>
          </ns3:TrackPointExtension>
        </extensions>
      </trkpt>
      <trkpt lat="34.17726047337055206298828125" lon="108.93305302597582340240478515625">
        <ele>457.20001220703125</ele>
        <time>2026-08-19T23:33:32.000Z</time>
        <extensions>
          <ns3:TrackPointExtension>
            <ns3:hr>162</ns3:hr>
            <ns3:cad>59</ns3:cad>
          </ns3:TrackPointExtension>
        </extensions>
      </trkpt>
      <trkpt lat="34.17725904844701290130615234375" lon="108.93306777812540531158447265625">
        <ele>457</ele>
        <time>2026-08-19T23:33:33.000Z</time>
        <extensions>
          <ns3:TrackPointExtension>
            <ns3:hr>162</ns3:hr>
            <ns3:cad>59</ns3:cad>
          </ns3:TrackPointExtension>
        </extensions>
      </trkpt>
      <trkpt lat="34.17725854553282260894775390625" lon="108.93308286555111408233642578125">
        <ele>457</ele>
        <time>2026-08-19T23:33:34.000Z</time>
        <extensions>
          <ns3:TrackPointExtension>
            <ns3:hr>161</ns3:hr>
            <ns3:cad>59</ns3:cad>
          </ns3:TrackPointExtension>
        </extensions>
      </trkpt>
      <trkpt lat="34.17725787498056888580322265625" lon="108.93309812061488628387451171875">
        <ele>457</ele>
        <time>2026-08-19T23:33:35.000Z</time>
        <extensions>
          <ns3:TrackPointExtension>
            <ns3:hr>160</ns3:hr>
            <ns3:cad>59</ns3:cad>
          </ns3:TrackPointExtension>
        </extensions>
      </trkpt>
      <trkpt lat="34.1772566176950931549072265625" lon="108.9331127889454364776611328125">
        <ele>457</ele>
        <time>2026-08-19T23:33:36.000Z</time>
        <extensions>
          <ns3:TrackPointExtension>
            <ns3:hr>160</ns3:hr>
            <ns3:cad>59</ns3:cad>
          </ns3:TrackPointExtension>
        </extensions>
      </trkpt>
      <trkpt lat="34.1772603057324886322021484375" lon="108.93313248641788959503173828125">
        <ele>457</ele>
        <time>2026-08-19T23:33:37.000Z</time>
        <extensions>
          <ns3:TrackPointExtension>
            <ns3:hr>159</ns3:hr>
            <ns3:cad>59</ns3:cad>
          </ns3:TrackPointExtension>
        </extensions>
      </trkpt>
      <trkpt lat="34.17726022191345691680908203125" lon="108.9331476576626300811767578125">
        <ele>456.79998779296875</ele>
        <time>2026-08-19T23:33:38.000Z</time>
        <extensions>
          <ns3:TrackPointExtension>
            <ns3:hr>159</ns3:hr>
            <ns3:cad>59</ns3:cad>
          </ns3:TrackPointExtension>
        </extensions>
      </trkpt>
      <trkpt lat="34.17725938372313976287841796875" lon="108.93316400237381458282470703125">
        <ele>456.79998779296875</ele>
        <time>2026-08-19T23:33:39.000Z</time>
        <extensions>
          <ns3:TrackPointExtension>
            <ns3:hr>158</ns3:hr>
            <ns3:cad>59</ns3:cad>
          </ns3:TrackPointExtension>
        </extensions>
      </trkpt>
      <trkpt lat="34.17725854553282260894775390625" lon="108.93317942507565021514892578125">
        <ele>456.79998779296875</ele>
        <time>2026-08-19T23:33:40.000Z</time>
        <extensions>
          <ns3:TrackPointExtension>
            <ns3:hr>157</ns3:hr>
            <ns3:cad>59</ns3:cad>
          </ns3:TrackPointExtension>
        </extensions>
      </trkpt>
      <trkpt lat="34.17725804261863231658935546875" lon="108.9331949315965175628662109375">
        <ele>456.79998779296875</ele>
        <time>2026-08-19T23:33:41.000Z</time>
        <extensions>
          <ns3:TrackPointExtension>
            <ns3:hr>157</ns3:hr>
            <ns3:cad>59</ns3:cad>
          </ns3:TrackPointExtension>
        </extensions>
      </trkpt>
      <trkpt lat="34.177257120609283447265625" lon="108.9332096837460994720458984375">
        <ele>456.79998779296875</ele>
        <time>2026-08-19T23:33:42.000Z</time>
        <extensions>
          <ns3:TrackPointExtension>
            <ns3:hr>157</ns3:hr>
            <ns3:cad>59</ns3:cad>
          </ns3:TrackPointExtension>
        </extensions>
      </trkpt>
      <trkpt lat="34.17725485749542713165283203125" lon="108.93322619609534740447998046875">
        <ele>456.600006103515625</ele>
        <time>2026-08-19T23:33:43.000Z</time>
        <extensions>
          <ns3:TrackPointExtension>
            <ns3:hr>156</ns3:hr>
            <ns3:cad>59</ns3:cad>
          </ns3:TrackPointExtension>
        </extensions>
      </trkpt>
      <trkpt lat="34.177251756191253662109375" lon="108.93324212171137332916259765625">
        <ele>456.600006103515625</ele>
        <time>2026-08-19T23:33:44.000Z</time>
        <extensions>
          <ns3:TrackPointExtension>
            <ns3:hr>155</ns3:hr>
            <ns3:cad>60</ns3:cad>
          </ns3:TrackPointExtension>
        </extensions>
      </trkpt>
      <trkpt lat="34.17724731378257274627685546875" lon="108.933256454765796661376953125">
        <ele>456.600006103515625</ele>
        <time>2026-08-19T23:33:45.000Z</time>
        <extensions>
          <ns3:TrackPointExtension>
            <ns3:hr>154</ns3:hr>
            <ns3:cad>60</ns3:cad>
          </ns3:TrackPointExtension>
        </extensions>
      </trkpt>
      <trkpt lat="34.17724546976387500762939453125" lon="108.933269195258617401123046875">
        <ele>456.600006103515625</ele>
        <time>2026-08-19T23:33:46.000Z</time>
        <extensions>
          <ns3:TrackPointExtension>
            <ns3:hr>152</ns3:hr>
            <ns3:cad>60</ns3:cad>
          </ns3:TrackPointExtension>
        </extensions>
      </trkpt>
      <trkpt lat="34.1772415302693843841552734375" lon="108.93329006619751453399658203125">
        <ele>456.600006103515625</ele>
        <time>2026-08-19T23:33:47.000Z</time>
        <extensions>
          <ns3:TrackPointExtension>
            <ns3:hr>150</ns3:hr>
            <ns3:cad>60</ns3:cad>
          </ns3:TrackPointExtension>
        </extensions>
      </trkpt>
      <trkpt lat="34.1772391833364963531494140625" lon="108.9333057403564453125">
        <ele>456.600006103515625</ele>
        <time>2026-08-19T23:33:48.000Z</time>
        <extensions>
          <ns3:TrackPointExtension>
            <ns3:hr>148</ns3:hr>
            <ns3:cad>60</ns3:cad>
          </ns3:TrackPointExtension>
        </extensions>
      </trkpt>
      <trkpt lat="34.177238680422306060791015625" lon="108.9333199895918369293212890625">
        <ele>456.600006103515625</ele>
        <time>2026-08-19T23:33:49.000Z</time>
        <extensions>
          <ns3:TrackPointExtension>
            <ns3:hr>147</ns3:hr>
            <ns3:cad>61</ns3:cad>
          </ns3:TrackPointExtension>
        </extensions>
      </trkpt>
      <trkpt lat="34.17723675258457660675048828125" lon="108.933335579931735992431640625">
        <ele>456.600006103515625</ele>
        <time>2026-08-19T23:33:50.000Z</time>
        <extensions>
          <ns3:TrackPointExtension>
            <ns3:hr>146</ns3:hr>
            <ns3:cad>55</ns3:cad>
          </ns3:TrackPointExtension>
        </extensions>
      </trkpt>
      <trkpt lat="34.1772343218326568603515625" lon="108.933348990976810455322265625">
        <ele>456.399993896484375</ele>
        <time>2026-08-19T23:33:51.000Z</time>
        <extensions>
          <ns3:TrackPointExtension>
            <ns3:hr>146</ns3:hr>
            <ns3:cad>55</ns3:cad>
          </ns3:TrackPointExtension>
        </extensions>
      </trkpt>
      <trkpt lat="34.1772301308810710906982421875" lon="108.93336399458348751068115234375">
        <ele>456.399993896484375</ele>
        <time>2026-08-19T23:33:52.000Z</time>
        <extensions>
          <ns3:TrackPointExtension>
            <ns3:hr>145</ns3:hr>
            <ns3:cad>55</ns3:cad>
          </ns3:TrackPointExtension>
        </extensions>
      </trkpt>
      <trkpt lat="34.17722853831946849822998046875" lon="108.933379836380481719970703125">
        <ele>456.20001220703125</ele>
        <time>2026-08-19T23:33:53.000Z</time>
        <extensions>
          <ns3:TrackPointExtension>
            <ns3:hr>145</ns3:hr>
            <ns3:cad>55</ns3:cad>
          </ns3:TrackPointExtension>
        </extensions>
      </trkpt>
      <trkpt lat="34.17722904123365879058837890625" lon="108.9333977736532688140869140625">
        <ele>456.20001220703125</ele>
        <time>2026-08-19T23:33:54.000Z</time>
        <extensions>
          <ns3:TrackPointExtension>
            <ns3:hr>144</ns3:hr>
            <ns3:cad>59</ns3:cad>
          </ns3:TrackPointExtension>
        </extensions>
      </trkpt>
      <trkpt lat="34.17722694575786590576171875" lon="108.9334143698215484619140625">
        <ele>456.20001220703125</ele>
        <time>2026-08-19T23:33:55.000Z</time>
        <extensions>
          <ns3:TrackPointExtension>
            <ns3:hr>143</ns3:hr>
            <ns3:cad>60</ns3:cad>
          </ns3:TrackPointExtension>
        </extensions>
      </trkpt>
      <trkpt lat="34.1772254370152950286865234375" lon="108.933429457247257232666015625">
        <ele>456.20001220703125</ele>
        <time>2026-08-19T23:33:56.000Z</time>
        <extensions>
          <ns3:TrackPointExtension>
            <ns3:hr>142</ns3:hr>
            <ns3:cad>60</ns3:cad>
          </ns3:TrackPointExtension>
        </extensions>
      </trkpt>
      <trkpt lat="34.17722652666270732879638671875" lon="108.93344563432037830352783203125">
        <ele>456.20001220703125</ele>
        <time>2026-08-19T23:33:57.000Z</time>
        <extensions>
          <ns3:TrackPointExtension>
            <ns3:hr>141</ns3:hr>
            <ns3:cad>60</ns3:cad>
          </ns3:TrackPointExtension>
        </extensions>
      </trkpt>
      <trkpt lat="34.177227951586246490478515625" lon="108.93346508033573627471923828125">
        <ele>456.20001220703125</ele>
        <time>2026-08-19T23:33:58.000Z</time>
        <extensions>
          <ns3:TrackPointExtension>
            <ns3:hr>138</ns3:hr>
            <ns3:cad>60</ns3:cad>
          </ns3:TrackPointExtension>
        </extensions>
      </trkpt>
      <trkpt lat="34.1772271133959293365478515625" lon="108.933481760323047637939453125">
        <ele>456.20001220703125</ele>
        <time>2026-08-19T23:33:59.000Z</time>
        <extensions>
          <ns3:TrackPointExtension>
            <ns3:hr>136</ns3:hr>
            <ns3:cad>59</ns3:cad>
          </ns3:TrackPointExtension>
        </extensions>
      </trkpt>
      <trkpt lat="34.1772314719855785369873046875" lon="108.9334963448345661163330078125">
        <ele>456</ele>
        <time>2026-08-19T23:34:00.000Z</time>
        <extensions>
          <ns3:TrackPointExtension>
            <ns3:hr>134</ns3:hr>
            <ns3:cad>59</ns3:cad>
          </ns3:TrackPointExtension>
        </extensions>
      </trkpt>
      <trkpt lat="34.17723365128040313720703125" lon="108.9335084147751331329345703125">
        <ele>456</ele>
        <time>2026-08-19T23:34:01.000Z</time>
        <extensions>
          <ns3:TrackPointExtension>
            <ns3:hr>133</ns3:hr>
            <ns3:cad>59</ns3:cad>
          </ns3:TrackPointExtension>
        </extensions>
      </trkpt>
      <trkpt lat="34.17723725549876689910888671875" lon="108.93352107144892215728759765625">
        <ele>456</ele>
        <time>2026-08-19T23:34:02.000Z</time>
        <extensions>
          <ns3:TrackPointExtension>
            <ns3:hr>133</ns3:hr>
            <ns3:cad>59</ns3:cad>
          </ns3:TrackPointExtension>
        </extensions>
      </trkpt>
      <trkpt lat="34.177244044840335845947265625" lon="108.93353515304625034332275390625">
        <ele>456</ele>
        <time>2026-08-19T23:34:03.000Z</time>
        <extensions>
          <ns3:TrackPointExtension>
            <ns3:hr>133</ns3:hr>
            <ns3:cad>59</ns3:cad>
          </ns3:TrackPointExtension>
        </extensions>
      </trkpt>
      <trkpt lat="34.17724815197288990020751953125" lon="108.9335516653954982757568359375">
        <ele>456</ele>
        <time>2026-08-19T23:34:04.000Z</time>
        <extensions>
          <ns3:TrackPointExtension>
            <ns3:hr>133</ns3:hr>
            <ns3:cad>59</ns3:cad>
          </ns3:TrackPointExtension>
        </extensions>
      </trkpt>
      <trkpt lat="34.1772505827248096466064453125" lon="108.93356859683990478515625">
        <ele>455.79998779296875</ele>
        <time>2026-08-19T23:34:05.000Z</time>
        <extensions>
          <ns3:TrackPointExtension>
            <ns3:hr>132</ns3:hr>
            <ns3:cad>59</ns3:cad>
          </ns3:TrackPointExtension>
        </extensions>
      </trkpt>
      <trkpt lat="34.1772530972957611083984375" lon="108.933581672608852386474609375">
        <ele>455.79998779296875</ele>
        <time>2026-08-19T23:34:06.000Z</time>
        <extensions>
          <ns3:TrackPointExtension>
            <ns3:hr>132</ns3:hr>
            <ns3:cad>59</ns3:cad>
          </ns3:TrackPointExtension>
        </extensions>
      </trkpt>
      <trkpt lat="34.1772559471428394317626953125" lon="108.933598101139068603515625">
        <ele>455.79998779296875</ele>
        <time>2026-08-19T23:34:07.000Z</time>
        <extensions>
          <ns3:TrackPointExtension>
            <ns3:hr>132</ns3:hr>
            <ns3:cad>60</ns3:cad>
          </ns3:TrackPointExtension>
        </extensions>
      </trkpt>
      <trkpt lat="34.177258126437664031982421875" lon="108.93361746333539485931396484375">
        <ele>455.79998779296875</ele>
        <time>2026-08-19T23:34:08.000Z</time>
        <extensions>
          <ns3:TrackPointExtension>
            <ns3:hr>132</ns3:hr>
            <ns3:cad>60</ns3:cad>
          </ns3:TrackPointExtension>
        </extensions>
      </trkpt>
      <trkpt lat="34.17726055718958377838134765625" lon="108.93363053910434246063232421875">
        <ele>455.79998779296875</ele>
        <time>2026-08-19T23:34:09.000Z</time>
        <extensions>
          <ns3:TrackPointExtension>
            <ns3:hr>132</ns3:hr>
            <ns3:cad>60</ns3:cad>
          </ns3:TrackPointExtension>
        </extensions>
      </trkpt>
      <trkpt lat="34.17726323939859867095947265625" lon="108.93365065567195415496826171875">
        <ele>455.600006103515625</ele>
        <time>2026-08-19T23:34:10.000Z</time>
        <extensions>
          <ns3:TrackPointExtension>
            <ns3:hr>132</ns3:hr>
            <ns3:cad>59</ns3:cad>
          </ns3:TrackPointExtension>
        </extensions>
      </trkpt>
      <trkpt lat="34.17726625688374042510986328125" lon="108.933666162192821502685546875">
        <ele>455.600006103515625</ele>
        <time>2026-08-19T23:34:11.000Z</time>
        <extensions>
          <ns3:TrackPointExtension>
            <ns3:hr>132</ns3:hr>
            <ns3:cad>59</ns3:cad>
          </ns3:TrackPointExtension>
        </extensions>
      </trkpt>
      <trkpt lat="34.17727028019726276397705078125" lon="108.93367798067629337310791015625">
        <ele>455.600006103515625</ele>
        <time>2026-08-19T23:34:12.000Z</time>
        <extensions>
          <ns3:TrackPointExtension>
            <ns3:hr>132</ns3:hr>
            <ns3:cad>59</ns3:cad>
          </ns3:TrackPointExtension>
        </extensions>
      </trkpt>
      <trkpt lat="34.17727363295853137969970703125" lon="108.93369273282587528228759765625">
        <ele>455.600006103515625</ele>
        <time>2026-08-19T23:34:13.000Z</time>
        <extensions>
          <ns3:TrackPointExtension>
            <ns3:hr>131</ns3:hr>
            <ns3:cad>59</ns3:cad>
          </ns3:TrackPointExtension>
        </extensions>
      </trkpt>
      <trkpt lat="34.1772753931581974029541015625" lon="108.9336961694061756134033203125">
        <ele>455.600006103515625</ele>
        <time>2026-08-19T23:34:14.000Z</time>
        <extensions>
          <ns3:TrackPointExtension>
            <ns3:hr>130</ns3:hr>
            <ns3:cad>59</ns3:cad>
          </ns3:TrackPointExtension>
        </extensions>
      </trkpt>
      <trkpt lat="34.17727656662464141845703125" lon="108.93370212055742740631103515625">
        <ele>455.399993896484375</ele>
        <time>2026-08-19T23:34:15.000Z</time>
        <extensions>
          <ns3:TrackPointExtension>
            <ns3:hr>130</ns3:hr>
            <ns3:cad>59</ns3:cad>
          </ns3:TrackPointExtension>
        </extensions>
      </trkpt>
      <trkpt lat="34.17727597989141941070556640625" lon="108.9337055571377277374267578125">
        <ele>455.20001220703125</ele>
        <time>2026-08-19T23:34:16.000Z</time>
        <extensions>
          <ns3:TrackPointExtension>
            <ns3:hr>130</ns3:hr>
            <ns3:cad>59</ns3:cad>
          </ns3:TrackPointExtension>
        </extensions>
      </trkpt>
      <trkpt lat="34.1772760637104511260986328125" lon="108.93370932899415493011474609375">
        <ele>455</ele>
        <time>2026-08-19T23:34:17.000Z</time>
        <extensions>
          <ns3:TrackPointExtension>
            <ns3:hr>129</ns3:hr>
            <ns3:cad>0</ns3:cad>
          </ns3:TrackPointExtension>
        </extensions>
      </trkpt>
      <trkpt lat="34.1772758960723876953125" lon="108.93371419049799442291259765625">
        <ele>455</ele>
        <time>2026-08-19T23:34:18.000Z</time>
        <extensions>
          <ns3:TrackPointExtension>
            <ns3:hr>129</ns3:hr>
            <ns3:cad>0</ns3:cad>
          </ns3:TrackPointExtension>
        </extensions>
      </trkpt>
      <trkpt lat="34.1772763989865779876708984375" lon="108.93372156657278537750244140625">
        <ele>455</ele>
        <time>2026-08-19T23:34:19.000Z</time>
        <extensions>
          <ns3:TrackPointExtension>
            <ns3:hr>128</ns3:hr>
            <ns3:cad>0</ns3:cad>
          </ns3:TrackPointExtension>
        </extensions>
      </trkpt>
      <trkpt lat="34.1772774048149585723876953125" lon="108.93372626043856143951416015625">
        <ele>455</ele>
        <time>2026-08-19T23:34:20.000Z</time>
        <extensions>
          <ns3:TrackPointExtension>
            <ns3:hr>127</ns3:hr>
            <ns3:cad>0</ns3:cad>
          </ns3:TrackPointExtension>
        </extensions>
      </trkpt>
      <trkpt lat="34.17727748863399028778076171875" lon="108.93372994847595691680908203125">
        <ele>455</ele>
        <time>2026-08-19T23:34:21.000Z</time>
        <extensions>
          <ns3:TrackPointExtension>
            <ns3:hr>127</ns3:hr>
            <ns3:cad>0</ns3:cad>
          </ns3:TrackPointExtension>
        </extensions>
      </trkpt>
      <trkpt lat="34.1772774048149585723876953125" lon="108.93373028375208377838134765625">
        <ele>455</ele>
        <time>2026-08-19T23:34:22.000Z</time>
        <extensions>
          <ns3:TrackPointExtension>
            <ns3:hr>126</ns3:hr>
            <ns3:cad>0</ns3:cad>
          </ns3:TrackPointExtension>
        </extensions>
      </trkpt>
      <trkpt lat="34.17727832682430744171142578125" lon="108.9337308704853057861328125">
        <ele>455</ele>
        <time>2026-08-19T23:34:23.000Z</time>
        <extensions>
          <ns3:TrackPointExtension>
            <ns3:hr>126</ns3:hr>
            <ns3:cad>0</ns3:cad>
          </ns3:TrackPointExtension>
        </extensions>
      </trkpt>
      <trkpt lat="34.177278913557529449462890625" lon="108.93373011611402034759521484375">
        <ele>455</ele>
        <time>2026-08-19T23:34:24.000Z</time>
        <extensions>
          <ns3:TrackPointExtension>
            <ns3:hr>124</ns3:hr>
            <ns3:cad>0</ns3:cad>
          </ns3:TrackPointExtension>
        </extensions>
      </trkpt>
      <trkpt lat="34.17727782391011714935302734375" lon="108.93372994847595691680908203125">
        <ele>455</ele>
        <time>2026-08-19T23:34:25.000Z</time>
        <extensions>
          <ns3:TrackPointExtension>
            <ns3:hr>122</ns3:hr>
            <ns3:cad>0</ns3:cad>
          </ns3:TrackPointExtension>
        </extensions>
      </trkpt>
      <trkpt lat="34.177272208034992218017578125" lon="108.9337296970188617706298828125">
        <ele>455</ele>
        <time>2026-08-19T23:34:26.000Z</time>
        <extensions>
          <ns3:TrackPointExtension>
            <ns3:hr>121</ns3:hr>
            <ns3:cad>0</ns3:cad>
          </ns3:TrackPointExtension>
        </extensions>
      </trkpt>
      <trkpt lat="34.17727011255919933319091796875" lon="108.93372793681919574737548828125">
        <ele>455</ele>
        <time>2026-08-19T23:34:27.000Z</time>
        <extensions>
          <ns3:TrackPointExtension>
            <ns3:hr>118</ns3:hr>
            <ns3:cad>0</ns3:cad>
          </ns3:TrackPointExtension>
        </extensions>
      </trkpt>
      <trkpt lat="34.17726843617856502532958984375" lon="108.9337253384292125701904296875">
        <ele>455.20001220703125</ele>
        <time>2026-08-19T23:34:28.000Z</time>
        <extensions>
          <ns3:TrackPointExtension>
            <ns3:hr>114</ns3:hr>
            <ns3:cad>0</ns3:cad>
          </ns3:TrackPointExtension>
        </extensions>
      </trkpt>
      <trkpt lat="34.17726692743599414825439453125" lon="108.93372056074440479278564453125">
        <ele>455.20001220703125</ele>
        <time>2026-08-19T23:34:29.000Z</time>
        <extensions>
          <ns3:TrackPointExtension>
            <ns3:hr>113</ns3:hr>
            <ns3:cad>0</ns3:cad>
          </ns3:TrackPointExtension>
        </extensions>
      </trkpt>
      <trkpt lat="34.17726558633148670196533203125" lon="108.93372156657278537750244140625">
        <ele>455.20001220703125</ele>
        <time>2026-08-19T23:34:30.000Z</time>
        <extensions>
          <ns3:TrackPointExtension>
            <ns3:hr>112</ns3:hr>
            <ns3:cad>0</ns3:cad>
          </ns3:TrackPointExtension>
        </extensions>
      </trkpt>
      <trkpt lat="34.17726290412247180938720703125" lon="108.9337203092873096466064453125">
        <ele>455.20001220703125</ele>
        <time>2026-08-19T23:34:31.000Z</time>
        <extensions>
          <ns3:TrackPointExtension>
            <ns3:hr>112</ns3:hr>
            <ns3:cad>0</ns3:cad>
          </ns3:TrackPointExtension>
        </extensions>
      </trkpt>
      <trkpt lat="34.1772616468369960784912109375" lon="108.93371989019215106964111328125">
        <ele>455.20001220703125</ele>
        <time>2026-08-19T23:34:32.000Z</time>
        <extensions>
          <ns3:TrackPointExtension>
            <ns3:hr>112</ns3:hr>
            <ns3:cad>0</ns3:cad>
          </ns3:TrackPointExtension>
        </extensions>
      </trkpt>
      <trkpt lat="34.1772649995982646942138671875" lon="108.93371938727796077728271484375">
        <ele>455</ele>
        <time>2026-08-19T23:34:33.000Z</time>
        <extensions>
          <ns3:TrackPointExtension>
            <ns3:hr>112</ns3:hr>
            <ns3:cad>0</ns3:cad>
          </ns3:TrackPointExtension>
        </extensions>
      </trkpt>
      <trkpt lat="34.177267849445343017578125" lon="108.93372709862887859344482421875">
        <ele>454.79998779296875</ele>
        <time>2026-08-19T23:34:34.000Z</time>
        <extensions>
          <ns3:TrackPointExtension>
            <ns3:hr>112</ns3:hr>
            <ns3:cad>0</ns3:cad>
          </ns3:TrackPointExtension>
        </extensions>
      </trkpt>
      <trkpt lat="34.17727011255919933319091796875" lon="108.9337216503918170928955078125">
        <ele>454.79998779296875</ele>
        <time>2026-08-19T23:34:35.000Z</time>
        <extensions>
          <ns3:TrackPointExtension>
            <ns3:hr>112</ns3:hr>
            <ns3:cad>0</ns3:cad>
          </ns3:TrackPointExtension>
        </extensions>
      </trkpt>
      <trkpt lat="34.17727313004434108734130859375" lon="108.9337233267724514007568359375">
        <ele>454.79998779296875</ele>
        <time>2026-08-19T23:34:36.000Z</time>
        <extensions>
          <ns3:TrackPointExtension>
            <ns3:hr>112</ns3:hr>
            <ns3:cad>0</ns3:cad>
          </ns3:TrackPointExtension>
        </extensions>
      </trkpt>
      <trkpt lat="34.177274219691753387451171875" lon="108.93372290767729282379150390625">
        <ele>454.600006103515625</ele>
        <time>2026-08-19T23:34:37.000Z</time>
        <extensions>
          <ns3:TrackPointExtension>
            <ns3:hr>125</ns3:hr>
            <ns3:cad>0</ns3:cad>
          </ns3:TrackPointExtension>
        </extensions>
      </trkpt>
      <trkpt lat="34.17727447114884853363037109375" lon="108.93372408114373683929443359375">
        <ele>454.600006103515625</ele>
        <time>2026-08-19T23:34:38.000Z</time>
        <extensions>
          <ns3:TrackPointExtension>
            <ns3:hr>127</ns3:hr>
            <ns3:cad>0</ns3:cad>
          </ns3:TrackPointExtension>
        </extensions>
      </trkpt>
      <trkpt lat="34.1772743873298168182373046875" lon="108.93372491933405399322509765625">
        <ele>454.600006103515625</ele>
        <time>2026-08-19T23:34:39.000Z</time>
        <extensions>
          <ns3:TrackPointExtension>
            <ns3:hr>126</ns3:hr>
            <ns3:cad>0</ns3:cad>
          </ns3:TrackPointExtension>
        </extensions>
      </trkpt>
      <trkpt lat="34.1772730462253093719482421875" lon="108.9337243326008319854736328125">
        <ele>454.600006103515625</ele>
        <time>2026-08-19T23:34:40.000Z</time>
        <extensions>
          <ns3:TrackPointExtension>
            <ns3:hr>126</ns3:hr>
            <ns3:cad>0</ns3:cad>
          </ns3:TrackPointExtension>
        </extensions>
      </trkpt>
      <trkpt lat="34.17727463878691196441650390625" lon="108.933725841343402862548828125">
        <ele>454.399993896484375</ele>
        <time>2026-08-19T23:34:41.000Z</time>
        <extensions>
          <ns3:TrackPointExtension>
            <ns3:hr>126</ns3:hr>
            <ns3:cad>0</ns3:cad>
          </ns3:TrackPointExtension>
        </extensions>
      </trkpt>
      <trkpt lat="34.17727882973849773406982421875" lon="108.93372894264757633209228515625">
        <ele>454.399993896484375</ele>
        <time>2026-08-19T23:34:42.000Z</time>
        <extensions>
          <ns3:TrackPointExtension>
            <ns3:hr>126</ns3:hr>
            <ns3:cad>0</ns3:cad>
          </ns3:TrackPointExtension>
        </extensions>
      </trkpt>
      <trkpt lat="34.1772814281284809112548828125" lon="108.9337270148098468780517578125">
        <ele>454.600006103515625</ele>
        <time>2026-08-19T23:34:43.000Z</time>
        <extensions>
          <ns3:TrackPointExtension>
            <ns3:hr>126</ns3:hr>
            <ns3:cad>0</ns3:cad>
          </ns3:TrackPointExtension>
        </extensions>
      </trkpt>
      <trkpt lat="34.17728369124233722686767578125" lon="108.93372173421084880828857421875">
        <ele>454.600006103515625</ele>
        <time>2026-08-19T23:34:44.000Z</time>
        <extensions>
          <ns3:TrackPointExtension>
            <ns3:hr>126</ns3:hr>
            <ns3:cad>0</ns3:cad>
          </ns3:TrackPointExtension>
        </extensions>
      </trkpt>
      <trkpt lat="34.17728519998490810394287109375" lon="108.9337159506976604461669921875">
        <ele>454.600006103515625</ele>
        <time>2026-08-19T23:34:45.000Z</time>
        <extensions>
          <ns3:TrackPointExtension>
            <ns3:hr>125</ns3:hr>
            <ns3:cad>0</ns3:cad>
          </ns3:TrackPointExtension>
        </extensions>
      </trkpt>
      <trkpt lat="34.17728503234684467315673828125" lon="108.93371016718447208404541015625">
        <ele>454.600006103515625</ele>
        <time>2026-08-19T23:34:46.000Z</time>
        <extensions>
          <ns3:TrackPointExtension>
            <ns3:hr>125</ns3:hr>
            <ns3:cad>0</ns3:cad>
          </ns3:TrackPointExtension>
        </extensions>
      </trkpt>
      <trkpt lat="34.17728436179459095001220703125" lon="108.9337099157273769378662109375">
        <ele>454.600006103515625</ele>
        <time>2026-08-19T23:34:47.000Z</time>
        <extensions>
          <ns3:TrackPointExtension>
            <ns3:hr>124</ns3:hr>
            <ns3:cad>0</ns3:cad>
          </ns3:TrackPointExtension>
        </extensions>
      </trkpt>
      <trkpt lat="34.1772844456136226654052734375" lon="108.9337099157273769378662109375">
        <ele>454.600006103515625</ele>
        <time>2026-08-19T23:34:48.000Z</time>
        <extensions>
          <ns3:TrackPointExtension>
            <ns3:hr>124</ns3:hr>
            <ns3:cad>0</ns3:cad>
          </ns3:TrackPointExtension>
        </extensions>
      </trkpt>
      <trkpt lat="34.1772844456136226654052734375" lon="108.9337099157273769378662109375">
        <ele>454.600006103515625</ele>
        <time>2026-08-19T23:34:49.000Z</time>
        <extensions>
          <ns3:TrackPointExtension>
            <ns3:hr>123</ns3:hr>
            <ns3:cad>0</ns3:cad>
          </ns3:TrackPointExtension>
        </extensions>
      </trkpt>
      <trkpt lat="34.1772844456136226654052734375" lon="108.9337099157273769378662109375">
        <ele>454.399993896484375</ele>
        <time>2026-08-19T23:34:50.000Z</time>
        <extensions>
          <ns3:TrackPointExtension>
            <ns3:hr>122</ns3:hr>
            <ns3:cad>0</ns3:cad>
          </ns3:TrackPointExtension>
        </extensions>
      </trkpt>
      <trkpt lat="34.1772844456136226654052734375" lon="108.9337099157273769378662109375">
        <ele>454.399993896484375</ele>
        <time>2026-08-19T23:34:51.000Z</time>
        <extensions>
          <ns3:TrackPointExtension>
            <ns3:hr>122</ns3:hr>
            <ns3:cad>0</ns3:cad>
          </ns3:TrackPointExtension>
        </extensions>
      </trkpt>
      <trkpt lat="34.1772844456136226654052734375" lon="108.9337099157273769378662109375">
        <ele>454.399993896484375</ele>
        <time>2026-08-19T23:34:52.000Z</time>
        <extensions>
          <ns3:TrackPointExtension>
            <ns3:hr>121</ns3:hr>
            <ns3:cad>0</ns3:cad>
          </ns3:TrackPointExtension>
        </extensions>
      </trkpt>
      <trkpt lat="34.1772844456136226654052734375" lon="108.9337099157273769378662109375">
        <ele>454.399993896484375</ele>
        <time>2026-08-19T23:34:53.000Z</time>
        <extensions>
          <ns3:TrackPointExtension>
            <ns3:hr>119</ns3:hr>
            <ns3:cad>0</ns3:cad>
          </ns3:TrackPointExtension>
        </extensions>
      </trkpt>
      <trkpt lat="34.1772844456136226654052734375" lon="108.9337099157273769378662109375">
        <ele>454.399993896484375</ele>
        <time>2026-08-19T23:34:54.000Z</time>
        <extensions>
          <ns3:TrackPointExtension>
            <ns3:hr>111</ns3:hr>
            <ns3:cad>0</ns3:cad>
          </ns3:TrackPointExtension>
        </extensions>
      </trkpt>
      <trkpt lat="34.1772844456136226654052734375" lon="108.9337099157273769378662109375">
        <ele>454.399993896484375</ele>
        <time>2026-08-19T23:34:55.000Z</time>
        <extensions>
          <ns3:TrackPointExtension>
            <ns3:hr>102</ns3:hr>
            <ns3:cad>0</ns3:cad>
          </ns3:TrackPointExtension>
        </extensions>
      </trkpt>
      <trkpt lat="34.1772844456136226654052734375" lon="108.9337099157273769378662109375">
        <ele>454.399993896484375</ele>
        <time>2026-08-19T23:34:56.000Z</time>
        <extensions>
          <ns3:TrackPointExtension>
            <ns3:hr>101</ns3:hr>
            <ns3:cad>0</ns3:cad>
          </ns3:TrackPointExtension>
        </extensions>
      </trkpt>
      <trkpt lat="34.1772844456136226654052734375" lon="108.9337099157273769378662109375">
        <ele>454.399993896484375</ele>
        <time>2026-08-19T23:34:57.000Z</time>
        <extensions>
          <ns3:TrackPointExtension>
            <ns3:hr>100</ns3:hr>
            <ns3:cad>0</ns3:cad>
          </ns3:TrackPointExtension>
        </extensions>
      </trkpt>
      <trkpt lat="34.1772844456136226654052734375" lon="108.9337099157273769378662109375">
        <ele>454.399993896484375</ele>
        <time>2026-08-19T23:34:58.000Z</time>
        <extensions>
          <ns3:TrackPointExtension>
            <ns3:hr>101</ns3:hr>
            <ns3:cad>0</ns3:cad>
          </ns3:TrackPointExtension>
        </extensions>
      </trkpt>
      <trkpt lat="34.1772844456136226654052734375" lon="108.9337099157273769378662109375">
        <ele>454.399993896484375</ele>
        <time>2026-08-19T23:34:59.000Z</time>
        <extensions>
          <ns3:TrackPointExtension>
            <ns3:hr>101</ns3:hr>
            <ns3:cad>0</ns3:cad>
          </ns3:TrackPointExtension>
        </extensions>
      </trkpt>
      <trkpt lat="34.1772844456136226654052734375" lon="108.9337099157273769378662109375">
        <ele>454.399993896484375</ele>
        <time>2026-08-19T23:35:00.000Z</time>
        <extensions>
          <ns3:TrackPointExtension>
            <ns3:hr>101</ns3:hr>
            <ns3:cad>0</ns3:cad>
          </ns3:TrackPointExtension>
        </extensions>
      </trkpt>
      <trkpt lat="34.1772844456136226654052734375" lon="108.9337099157273769378662109375">
        <ele>454.600006103515625</ele>
        <time>2026-08-19T23:35:01.000Z</time>
        <extensions>
          <ns3:TrackPointExtension>
            <ns3:hr>101</ns3:hr>
            <ns3:cad>0</ns3:cad>
          </ns3:TrackPointExtension>
        </extensions>
      </trkpt>
      <trkpt lat="34.1772844456136226654052734375" lon="108.9337099157273769378662109375">
        <ele>454.600006103515625</ele>
        <time>2026-08-19T23:35:02.000Z</time>
        <extensions>
          <ns3:TrackPointExtension>
            <ns3:hr>101</ns3:hr>
            <ns3:cad>0</ns3:cad>
          </ns3:TrackPointExtension>
        </extensions>
      </trkpt>
      <trkpt lat="34.1772844456136226654052734375" lon="108.9337099157273769378662109375">
        <ele>454.600006103515625</ele>
        <time>2026-08-19T23:35:03.000Z</time>
        <extensions>
          <ns3:TrackPointExtension>
            <ns3:hr>100</ns3:hr>
            <ns3:cad>0</ns3:cad>
          </ns3:TrackPointExtension>
        </extensions>
      </trkpt>
      <trkpt lat="34.1772844456136226654052734375" lon="108.9337099157273769378662109375">
        <ele>454.79998779296875</ele>
        <time>2026-08-19T23:35:04.000Z</time>
        <extensions>
          <ns3:TrackPointExtension>
            <ns3:hr>100</ns3:hr>
            <ns3:cad>0</ns3:cad>
          </ns3:TrackPointExtension>
        </extensions>
      </trkpt>
      <trkpt lat="34.1772844456136226654052734375" lon="108.9337099157273769378662109375">
        <ele>454.79998779296875</ele>
        <time>2026-08-19T23:35:05.000Z</time>
        <extensions>
          <ns3:TrackPointExtension>
            <ns3:hr>100</ns3:hr>
            <ns3:cad>0</ns3:cad>
          </ns3:TrackPointExtension>
        </extensions>
      </trkpt>
      <trkpt lat="34.1772844456136226654052734375" lon="108.9337099157273769378662109375">
        <ele>454.79998779296875</ele>
        <time>2026-08-19T23:35:06.000Z</time>
        <extensions>
          <ns3:TrackPointExtension>
            <ns3:hr>101</ns3:hr>
            <ns3:cad>0</ns3:cad>
          </ns3:TrackPointExtension>
        </extensions>
      </trkpt>
      <trkpt lat="34.1772844456136226654052734375" lon="108.9337099157273769378662109375">
        <ele>454.600006103515625</ele>
        <time>2026-08-19T23:35:07.000Z</time>
        <extensions>
          <ns3:TrackPointExtension>
            <ns3:hr>100</ns3:hr>
            <ns3:cad>0</ns3:cad>
          </ns3:TrackPointExtension>
        </extensions>
      </trkpt>
      <trkpt lat="34.1772844456136226654052734375" lon="108.9337099157273769378662109375">
        <ele>454.600006103515625</ele>
        <time>2026-08-19T23:35:08.000Z</time>
        <extensions>
          <ns3:TrackPointExtension>
            <ns3:hr>101</ns3:hr>
            <ns3:cad>0</ns3:cad>
          </ns3:TrackPointExtension>
        </extensions>
      </trkpt>
      <trkpt lat="34.1772844456136226654052734375" lon="108.9337099157273769378662109375">
        <ele>454.399993896484375</ele>
        <time>2026-08-19T23:35:09.000Z</time>
        <extensions>
          <ns3:TrackPointExtension>
            <ns3:hr>101</ns3:hr>
            <ns3:cad>0</ns3:cad>
          </ns3:TrackPointExtension>
        </extensions>
      </trkpt>
      <trkpt lat="34.1772844456136226654052734375" lon="108.9337099157273769378662109375">
        <ele>454.399993896484375</ele>
        <time>2026-08-19T23:35:10.000Z</time>
        <extensions>
          <ns3:TrackPointExtension>
            <ns3:hr>101</ns3:hr>
            <ns3:cad>0</ns3:cad>
          </ns3:TrackPointExtension>
        </extensions>
      </trkpt>
      <trkpt lat="34.1772844456136226654052734375" lon="108.9337099157273769378662109375">
        <ele>454.20001220703125</ele>
        <time>2026-08-19T23:35:11.000Z</time>
        <extensions>
          <ns3:TrackPointExtension>
            <ns3:hr>102</ns3:hr>
            <ns3:cad>0</ns3:cad>
          </ns3:TrackPointExtension>
        </extensions>
      </trkpt>
      <trkpt lat="34.1772844456136226654052734375" lon="108.9337099157273769378662109375">
        <ele>454.20001220703125</ele>
        <time>2026-08-19T23:35:12.000Z</time>
        <extensions>
          <ns3:TrackPointExtension>
            <ns3:hr>101</ns3:hr>
            <ns3:cad>0</ns3:cad>
          </ns3:TrackPointExtension>
        </extensions>
      </trkpt>
      <trkpt lat="34.17728419415652751922607421875" lon="108.9337082393467426300048828125">
        <ele>454.20001220703125</ele>
        <time>2026-08-19T23:35:13.000Z</time>
        <extensions>
          <ns3:TrackPointExtension>
            <ns3:hr>102</ns3:hr>
            <ns3:cad>0</ns3:cad>
          </ns3:TrackPointExtension>
        </extensions>
      </trkpt>
      <trkpt lat="34.1772852838039398193359375" lon="108.9337095804512500762939453125">
        <ele>454.399993896484375</ele>
        <time>2026-08-19T23:35:14.000Z</time>
        <extensions>
          <ns3:TrackPointExtension>
            <ns3:hr>102</ns3:hr>
            <ns3:cad>0</ns3:cad>
          </ns3:TrackPointExtension>
        </extensions>
      </trkpt>
      <trkpt lat="34.17728721164166927337646484375" lon="108.93371251411736011505126953125">
        <ele>454.399993896484375</ele>
        <time>2026-08-19T23:35:15.000Z</time>
        <extensions>
          <ns3:TrackPointExtension>
            <ns3:hr>102</ns3:hr>
            <ns3:cad>0</ns3:cad>
          </ns3:TrackPointExtension>
        </extensions>
      </trkpt>
      <trkpt lat="34.1772844456136226654052734375" lon="108.9337099157273769378662109375">
        <ele>454.399993896484375</ele>
        <time>2026-08-19T23:35:16.000Z</time>
        <extensions>
          <ns3:TrackPointExtension>
            <ns3:hr>102</ns3:hr>
            <ns3:cad>0</ns3:cad>
          </ns3:TrackPointExtension>
        </extensions>
      </trkpt>
      <trkpt lat="34.1772844456136226654052734375" lon="108.9337099157273769378662109375">
        <ele>454.399993896484375</ele>
        <time>2026-08-19T23:35:17.000Z</time>
        <extensions>
          <ns3:TrackPointExtension>
            <ns3:hr>101</ns3:hr>
            <ns3:cad>0</ns3:cad>
          </ns3:TrackPointExtension>
        </extensions>
      </trkpt>
      <trkpt lat="34.1772844456136226654052734375" lon="108.9337099157273769378662109375">
        <ele>454.399993896484375</ele>
        <time>2026-08-19T23:35:18.000Z</time>
        <extensions>
          <ns3:TrackPointExtension>
            <ns3:hr>102</ns3:hr>
            <ns3:cad>0</ns3:cad>
          </ns3:TrackPointExtension>
        </extensions>
      </trkpt>
      <trkpt lat="34.1772844456136226654052734375" lon="108.9337099157273769378662109375">
        <ele>454.399993896484375</ele>
        <time>2026-08-19T23:35:19.000Z</time>
        <extensions>
          <ns3:TrackPointExtension>
            <ns3:hr>102</ns3:hr>
            <ns3:cad>0</ns3:cad>
          </ns3:TrackPointExtension>
        </extensions>
      </trkpt>
      <trkpt lat="34.1772844456136226654052734375" lon="108.9337099157273769378662109375">
        <ele>454.399993896484375</ele>
        <time>2026-08-19T23:35:20.000Z</time>
        <extensions>
          <ns3:TrackPointExtension>
            <ns3:hr>101</ns3:hr>
            <ns3:cad>0</ns3:cad>
          </ns3:TrackPointExtension>
        </extensions>
      </trkpt>
      <trkpt lat="34.1772844456136226654052734375" lon="108.9337099157273769378662109375">
        <ele>454.399993896484375</ele>
        <time>2026-08-19T23:35:21.000Z</time>
        <extensions>
          <ns3:TrackPointExtension>
            <ns3:hr>102</ns3:hr>
            <ns3:cad>0</ns3:cad>
          </ns3:TrackPointExtension>
        </extensions>
      </trkpt>
      <trkpt lat="34.1772844456136226654052734375" lon="108.9337099157273769378662109375">
        <ele>454.399993896484375</ele>
        <time>2026-08-19T23:35:22.000Z</time>
        <extensions>
          <ns3:TrackPointExtension>
            <ns3:hr>102</ns3:hr>
            <ns3:cad>0</ns3:cad>
          </ns3:TrackPointExtension>
        </extensions>
      </trkpt>
      <trkpt lat="34.1772844456136226654052734375" lon="108.9337099157273769378662109375">
        <ele>454.399993896484375</ele>
        <time>2026-08-19T23:35:23.000Z</time>
        <extensions>
          <ns3:TrackPointExtension>
            <ns3:hr>102</ns3:hr>
            <ns3:cad>0</ns3:cad>
          </ns3:TrackPointExtension>
        </extensions>
      </trkpt>
      <trkpt lat="34.1772844456136226654052734375" lon="108.9337099157273769378662109375">
        <ele>454.399993896484375</ele>
        <time>2026-08-19T23:35:24.000Z</time>
        <extensions>
          <ns3:TrackPointExtension>
            <ns3:hr>102</ns3:hr>
            <ns3:cad>0</ns3:cad>
          </ns3:TrackPointExtension>
        </extensions>
      </trkpt>
      <trkpt lat="34.1772844456136226654052734375" lon="108.9337099157273769378662109375">
        <ele>454.399993896484375</ele>
        <time>2026-08-19T23:35:25.000Z</time>
        <extensions>
          <ns3:TrackPointExtension>
            <ns3:hr>102</ns3:hr>
            <ns3:cad>0</ns3:cad>
          </ns3:TrackPointExtension>
        </extensions>
      </trkpt>
      <trkpt lat="34.1772844456136226654052734375" lon="108.9337099157273769378662109375">
        <ele>454.399993896484375</ele>
        <time>2026-08-19T23:35:26.000Z</time>
        <extensions>
          <ns3:TrackPointExtension>
            <ns3:hr>102</ns3:hr>
            <ns3:cad>0</ns3:cad>
          </ns3:TrackPointExtension>
        </extensions>
      </trkpt>
      <trkpt lat="34.1772844456136226654052734375" lon="108.9337099157273769378662109375">
        <ele>454.399993896484375</ele>
        <time>2026-08-19T23:35:27.000Z</time>
        <extensions>
          <ns3:TrackPointExtension>
            <ns3:hr>102</ns3:hr>
            <ns3:cad>0</ns3:cad>
          </ns3:TrackPointExtension>
        </extensions>
      </trkpt>
      <trkpt lat="34.1772844456136226654052734375" lon="108.9337099157273769378662109375">
        <ele>454.20001220703125</ele>
        <time>2026-08-19T23:35:28.000Z</time>
        <extensions>
          <ns3:TrackPointExtension>
            <ns3:hr>101</ns3:hr>
            <ns3:cad>0</ns3:cad>
          </ns3:TrackPointExtension>
        </extensions>
      </trkpt>
      <trkpt lat="34.1772844456136226654052734375" lon="108.9337099157273769378662109375">
        <ele>454.20001220703125</ele>
        <time>2026-08-19T23:35:29.000Z</time>
        <extensions>
          <ns3:TrackPointExtension>
            <ns3:hr>102</ns3:hr>
            <ns3:cad>0</ns3:cad>
          </ns3:TrackPointExtension>
        </extensions>
      </trkpt>
      <trkpt lat="34.1772844456136226654052734375" lon="108.9337099157273769378662109375">
        <ele>454.20001220703125</ele>
        <time>2026-08-19T23:35:30.000Z</time>
        <extensions>
          <ns3:TrackPointExtension>
            <ns3:hr>102</ns3:hr>
            <ns3:cad>0</ns3:cad>
          </ns3:TrackPointExtension>
        </extensions>
      </trkpt>
      <trkpt lat="34.1772844456136226654052734375" lon="108.9337099157273769378662109375">
        <ele>454.20001220703125</ele>
        <time>2026-08-19T23:35:31.000Z</time>
        <extensions>
          <ns3:TrackPointExtension>
            <ns3:hr>102</ns3:hr>
            <ns3:cad>0</ns3:cad>
          </ns3:TrackPointExtension>
        </extensions>
      </trkpt>
      <trkpt lat="34.1772844456136226654052734375" lon="108.9337099157273769378662109375">
        <ele>454.20001220703125</ele>
        <time>2026-08-19T23:35:32.000Z</time>
        <extensions>
          <ns3:TrackPointExtension>
            <ns3:hr>102</ns3:hr>
            <ns3:cad>0</ns3:cad>
          </ns3:TrackPointExtension>
        </extensions>
      </trkpt>
      <trkpt lat="34.1772844456136226654052734375" lon="108.9337099157273769378662109375">
        <ele>454.20001220703125</ele>
        <time>2026-08-19T23:35:33.000Z</time>
        <extensions>
          <ns3:TrackPointExtension>
            <ns3:hr>102</ns3:hr>
            <ns3:cad>0</ns3:cad>
          </ns3:TrackPointExtension>
        </extensions>
      </trkpt>
      <trkpt lat="34.1772844456136226654052734375" lon="108.9337099157273769378662109375">
        <ele>454.20001220703125</ele>
        <time>2026-08-19T23:35:34.000Z</time>
        <extensions>
          <ns3:TrackPointExtension>
            <ns3:hr>102</ns3:hr>
            <ns3:cad>0</ns3:cad>
          </ns3:TrackPointExtension>
        </extensions>
      </trkpt>
      <trkpt lat="34.1772844456136226654052734375" lon="108.9337099157273769378662109375">
        <ele>454.20001220703125</ele>
        <time>2026-08-19T23:35:35.000Z</time>
        <extensions>
          <ns3:TrackPointExtension>
            <ns3:hr>102</ns3:hr>
            <ns3:cad>0</ns3:cad>
          </ns3:TrackPointExtension>
        </extensions>
      </trkpt>
      <trkpt lat="34.1772844456136226654052734375" lon="108.9337099157273769378662109375">
        <ele>454.20001220703125</ele>
        <time>2026-08-19T23:35:36.000Z</time>
        <extensions>
          <ns3:TrackPointExtension>
            <ns3:hr>102</ns3:hr>
            <ns3:cad>0</ns3:cad>
          </ns3:TrackPointExtension>
        </extensions>
      </trkpt>
      <trkpt lat="34.1772844456136226654052734375" lon="108.9337099157273769378662109375">
        <ele>454.20001220703125</ele>
        <time>2026-08-19T23:35:37.000Z</time>
        <extensions>
          <ns3:TrackPointExtension>
            <ns3:hr>102</ns3:hr>
            <ns3:cad>0</ns3:cad>
          </ns3:TrackPointExtension>
        </extensions>
      </trkpt>
      <trkpt lat="34.1772844456136226654052734375" lon="108.9337099157273769378662109375">
        <ele>454.20001220703125</ele>
        <time>2026-08-19T23:35:38.000Z</time>
        <extensions>
          <ns3:TrackPointExtension>
            <ns3:hr>101</ns3:hr>
            <ns3:cad>0</ns3:cad>
          </ns3:TrackPointExtension>
        </extensions>
      </trkpt>
      <trkpt lat="34.1772844456136226654052734375" lon="108.9337099157273769378662109375">
        <ele>454.20001220703125</ele>
        <time>2026-08-19T23:35:39.000Z</time>
        <extensions>
          <ns3:TrackPointExtension>
            <ns3:hr>102</ns3:hr>
            <ns3:cad>0</ns3:cad>
          </ns3:TrackPointExtension>
        </extensions>
      </trkpt>
      <trkpt lat="34.1772844456136226654052734375" lon="108.9337099157273769378662109375">
        <ele>454.20001220703125</ele>
        <time>2026-08-19T23:35:40.000Z</time>
        <extensions>
          <ns3:TrackPointExtension>
            <ns3:hr>102</ns3:hr>
            <ns3:cad>0</ns3:cad>
          </ns3:TrackPointExtension>
        </extensions>
      </trkpt>
      <trkpt lat="34.1772877983748912811279296875" lon="108.93371033482253551483154296875">
        <ele>454.20001220703125</ele>
        <time>2026-08-19T23:35:41.000Z</time>
        <extensions>
          <ns3:TrackPointExtension>
            <ns3:hr>102</ns3:hr>
            <ns3:cad>0</ns3:cad>
          </ns3:TrackPointExtension>
        </extensions>
      </trkpt>
      <trkpt lat="34.17728327214717864990234375" lon="108.93370807170867919921875">
        <ele>454.20001220703125</ele>
        <time>2026-08-19T23:35:42.000Z</time>
        <extensions>
          <ns3:TrackPointExtension>
            <ns3:hr>102</ns3:hr>
            <ns3:cad>0</ns3:cad>
          </ns3:TrackPointExtension>
        </extensions>
      </trkpt>
      <trkpt lat="34.1772834397852420806884765625" lon="108.93370815552771091461181640625">
        <ele>454.20001220703125</ele>
        <time>2026-08-19T23:35:43.000Z</time>
        <extensions>
          <ns3:TrackPointExtension>
            <ns3:hr>102</ns3:hr>
            <ns3:cad>0</ns3:cad>
          </ns3:TrackPointExtension>
        </extensions>
      </trkpt>
      <trkpt lat="34.177289642393589019775390625" lon="108.93370681442320346832275390625">
        <ele>454.20001220703125</ele>
        <time>2026-08-19T23:35:44.000Z</time>
        <extensions>
          <ns3:TrackPointExtension>
            <ns3:hr>102</ns3:hr>
            <ns3:cad>0</ns3:cad>
          </ns3:TrackPointExtension>
        </extensions>
      </trkpt>
      <trkpt lat="34.1772918216884136199951171875" lon="108.93370346166193485260009765625">
        <ele>454.399993896484375</ele>
        <time>2026-08-19T23:35:45.000Z</time>
        <extensions>
          <ns3:TrackPointExtension>
            <ns3:hr>102</ns3:hr>
            <ns3:cad>0</ns3:cad>
          </ns3:TrackPointExtension>
        </extensions>
      </trkpt>
      <trkpt lat="34.1772844456136226654052734375" lon="108.9337099157273769378662109375">
        <ele>454.399993896484375</ele>
        <time>2026-08-19T23:35:46.000Z</time>
        <extensions>
          <ns3:TrackPointExtension>
            <ns3:hr>102</ns3:hr>
            <ns3:cad>0</ns3:cad>
          </ns3:TrackPointExtension>
        </extensions>
      </trkpt>
      <trkpt lat="34.1772844456136226654052734375" lon="108.9337099157273769378662109375">
        <ele>454.399993896484375</ele>
        <time>2026-08-19T23:35:47.000Z</time>
        <extensions>
          <ns3:TrackPointExtension>
            <ns3:hr>102</ns3:hr>
            <ns3:cad>0</ns3:cad>
          </ns3:TrackPointExtension>
        </extensions>
      </trkpt>
      <trkpt lat="34.1772844456136226654052734375" lon="108.9337099157273769378662109375">
        <ele>454.399993896484375</ele>
        <time>2026-08-19T23:35:48.000Z</time>
        <extensions>
          <ns3:TrackPointExtension>
            <ns3:hr>102</ns3:hr>
            <ns3:cad>0</ns3:cad>
          </ns3:TrackPointExtension>
        </extensions>
      </trkpt>
      <trkpt lat="34.1772844456136226654052734375" lon="108.9337099157273769378662109375">
        <ele>454.399993896484375</ele>
        <time>2026-08-19T23:35:49.000Z</time>
        <extensions>
          <ns3:TrackPointExtension>
            <ns3:hr>102</ns3:hr>
            <ns3:cad>0</ns3:cad>
          </ns3:TrackPointExtension>
        </extensions>
      </trkpt>
      <trkpt lat="34.1772844456136226654052734375" lon="108.9337099157273769378662109375">
        <ele>454.399993896484375</ele>
        <time>2026-08-19T23:35:50.000Z</time>
        <extensions>
          <ns3:TrackPointExtension>
            <ns3:hr>101</ns3:hr>
            <ns3:cad>0</ns3:cad>
          </ns3:TrackPointExtension>
        </extensions>
      </trkpt>
      <trkpt lat="34.1772844456136226654052734375" lon="108.9337099157273769378662109375">
        <ele>454.399993896484375</ele>
        <time>2026-08-19T23:35:51.000Z</time>
        <extensions>
          <ns3:TrackPointExtension>
            <ns3:hr>102</ns3:hr>
            <ns3:cad>0</ns3:cad>
          </ns3:TrackPointExtension>
        </extensions>
      </trkpt>
      <trkpt lat="34.1772844456136226654052734375" lon="108.9337099157273769378662109375">
        <ele>454.600006103515625</ele>
        <time>2026-08-19T23:35:52.000Z</time>
        <extensions>
          <ns3:TrackPointExtension>
            <ns3:hr>103</ns3:hr>
            <ns3:cad>0</ns3:cad>
          </ns3:TrackPointExtension>
        </extensions>
      </trkpt>
      <trkpt lat="34.1772844456136226654052734375" lon="108.9337099157273769378662109375">
        <ele>454.79998779296875</ele>
        <time>2026-08-19T23:35:53.000Z</time>
        <extensions>
          <ns3:TrackPointExtension>
            <ns3:hr>103</ns3:hr>
            <ns3:cad>0</ns3:cad>
          </ns3:TrackPointExtension>
        </extensions>
      </trkpt>
      <trkpt lat="34.1772844456136226654052734375" lon="108.9337099157273769378662109375">
        <ele>455</ele>
        <time>2026-08-19T23:35:54.000Z</time>
        <extensions>
          <ns3:TrackPointExtension>
            <ns3:hr>104</ns3:hr>
            <ns3:cad>0</ns3:cad>
          </ns3:TrackPointExtension>
        </extensions>
      </trkpt>
      <trkpt lat="34.1772844456136226654052734375" lon="108.9337099157273769378662109375">
        <ele>455</ele>
        <time>2026-08-19T23:35:55.000Z</time>
        <extensions>
          <ns3:TrackPointExtension>
            <ns3:hr>104</ns3:hr>
            <ns3:cad>0</ns3:cad>
          </ns3:TrackPointExtension>
        </extensions>
      </trkpt>
      <trkpt lat="34.1772844456136226654052734375" lon="108.9337099157273769378662109375">
        <ele>455.20001220703125</ele>
        <time>2026-08-19T23:35:56.000Z</time>
        <extensions>
          <ns3:TrackPointExtension>
            <ns3:hr>105</ns3:hr>
            <ns3:cad>0</ns3:cad>
          </ns3:TrackPointExtension>
        </extensions>
      </trkpt>
      <trkpt lat="34.1772844456136226654052734375" lon="108.9337099157273769378662109375">
        <ele>455</ele>
        <time>2026-08-19T23:35:57.000Z</time>
        <extensions>
          <ns3:TrackPointExtension>
            <ns3:hr>105</ns3:hr>
            <ns3:cad>0</ns3:cad>
          </ns3:TrackPointExtension>
        </extensions>
      </trkpt>
      <trkpt lat="34.1772844456136226654052734375" lon="108.9337099157273769378662109375">
        <ele>455</ele>
        <time>2026-08-19T23:35:58.000Z</time>
        <extensions>
          <ns3:TrackPointExtension>
            <ns3:hr>105</ns3:hr>
            <ns3:cad>0</ns3:cad>
          </ns3:TrackPointExtension>
        </extensions>
      </trkpt>
      <trkpt lat="34.17728318832814693450927734375" lon="108.93370966427028179168701171875">
        <ele>455</ele>
        <time>2026-08-19T23:35:59.000Z</time>
        <extensions>
          <ns3:TrackPointExtension>
            <ns3:hr>105</ns3:hr>
            <ns3:cad>0</ns3:cad>
          </ns3:TrackPointExtension>
        </extensions>
      </trkpt>
      <trkpt lat="34.17728218249976634979248046875" lon="108.93371142446994781494140625">
        <ele>454.79998779296875</ele>
        <time>2026-08-19T23:36:00.000Z</time>
        <extensions>
          <ns3:TrackPointExtension>
            <ns3:hr>107</ns3:hr>
            <ns3:cad>0</ns3:cad>
          </ns3:TrackPointExtension>
        </extensions>
      </trkpt>
      <trkpt lat="34.17728151194751262664794921875" lon="108.9337129332125186920166015625">
        <ele>454.79998779296875</ele>
        <time>2026-08-19T23:36:01.000Z</time>
        <extensions>
          <ns3:TrackPointExtension>
            <ns3:hr>108</ns3:hr>
            <ns3:cad>0</ns3:cad>
          </ns3:TrackPointExtension>
        </extensions>
      </trkpt>
      <trkpt lat="34.17727866210043430328369140625" lon="108.93371368758380413055419921875">
        <ele>454.600006103515625</ele>
        <time>2026-08-19T23:36:02.000Z</time>
        <extensions>
          <ns3:TrackPointExtension>
            <ns3:hr>109</ns3:hr>
            <ns3:cad>0</ns3:cad>
          </ns3:TrackPointExtension>
        </extensions>
      </trkpt>
      <trkpt lat="34.1772770695388317108154296875" lon="108.9337152801454067230224609375">
        <ele>454.399993896484375</ele>
        <time>2026-08-19T23:36:03.000Z</time>
        <extensions>
          <ns3:TrackPointExtension>
            <ns3:hr>110</ns3:hr>
            <ns3:cad>0</ns3:cad>
          </ns3:TrackPointExtension>
        </extensions>
      </trkpt>
      <trkpt lat="34.1772757284343242645263671875" lon="108.9337182976305484771728515625">
        <ele>454.399993896484375</ele>
        <time>2026-08-19T23:36:04.000Z</time>
        <extensions>
          <ns3:TrackPointExtension>
            <ns3:hr>110</ns3:hr>
            <ns3:cad>0</ns3:cad>
          </ns3:TrackPointExtension>
        </extensions>
      </trkpt>
      <trkpt lat="34.17727790772914886474609375" lon="108.93372290767729282379150390625">
        <ele>454.399993896484375</ele>
        <time>2026-08-19T23:36:05.000Z</time>
        <extensions>
          <ns3:TrackPointExtension>
            <ns3:hr>109</ns3:hr>
            <ns3:cad>0</ns3:cad>
          </ns3:TrackPointExtension>
        </extensions>
      </trkpt>
      <trkpt lat="34.1772844456136226654052734375" lon="108.9337099157273769378662109375">
        <ele>454.600006103515625</ele>
        <time>2026-08-19T23:36:06.000Z</time>
        <extensions>
          <ns3:TrackPointExtension>
            <ns3:hr>109</ns3:hr>
            <ns3:cad>0</ns3:cad>
          </ns3:TrackPointExtension>
        </extensions>
      </trkpt>
      <trkpt lat="34.1772844456136226654052734375" lon="108.9337099157273769378662109375">
        <ele>454.600006103515625</ele>
        <time>2026-08-19T23:36:07.000Z</time>
        <extensions>
          <ns3:TrackPointExtension>
            <ns3:hr>112</ns3:hr>
            <ns3:cad>0</ns3:cad>
          </ns3:TrackPointExtension>
        </extensions>
      </trkpt>
      <trkpt lat="34.1772844456136226654052734375" lon="108.9337099157273769378662109375">
        <ele>454.79998779296875</ele>
        <time>2026-08-19T23:36:08.000Z</time>
        <extensions>
          <ns3:TrackPointExtension>
            <ns3:hr>112</ns3:hr>
            <ns3:cad>0</ns3:cad>
          </ns3:TrackPointExtension>
        </extensions>
      </trkpt>
      <trkpt lat="34.1772844456136226654052734375" lon="108.9337099157273769378662109375">
        <ele>455</ele>
        <time>2026-08-19T23:36:09.000Z</time>
        <extensions>
          <ns3:TrackPointExtension>
            <ns3:hr>112</ns3:hr>
            <ns3:cad>0</ns3:cad>
          </ns3:TrackPointExtension>
        </extensions>
      </trkpt>
      <trkpt lat="34.1772844456136226654052734375" lon="108.9337099157273769378662109375">
        <ele>455.20001220703125</ele>
        <time>2026-08-19T23:36:10.000Z</time>
        <extensions>
          <ns3:TrackPointExtension>
            <ns3:hr>112</ns3:hr>
            <ns3:cad>0</ns3:cad>
          </ns3:TrackPointExtension>
        </extensions>
      </trkpt>
      <trkpt lat="34.1772844456136226654052734375" lon="108.9337099157273769378662109375">
        <ele>455.20001220703125</ele>
        <time>2026-08-19T23:36:11.000Z</time>
        <extensions>
          <ns3:TrackPointExtension>
            <ns3:hr>112</ns3:hr>
            <ns3:cad>0</ns3:cad>
          </ns3:TrackPointExtension>
        </extensions>
      </trkpt>
      <trkpt lat="34.1772844456136226654052734375" lon="108.9337099157273769378662109375">
        <ele>455.20001220703125</ele>
        <time>2026-08-19T23:36:12.000Z</time>
        <extensions>
          <ns3:TrackPointExtension>
            <ns3:hr>108</ns3:hr>
            <ns3:cad>0</ns3:cad>
          </ns3:TrackPointExtension>
        </extensions>
      </trkpt>
      <trkpt lat="34.1772797517478466033935546875" lon="108.93372542224824428558349609375">
        <ele>455.20001220703125</ele>
        <time>2026-08-19T23:36:13.000Z</time>
        <extensions>
          <ns3:TrackPointExtension>
            <ns3:hr>107</ns3:hr>
            <ns3:cad>0</ns3:cad>
          </ns3:TrackPointExtension>
        </extensions>
      </trkpt>
      <trkpt lat="34.17728000320494174957275390625" lon="108.93372525461018085479736328125">
        <ele>455.20001220703125</ele>
        <time>2026-08-19T23:36:14.000Z</time>
        <extensions>
          <ns3:TrackPointExtension>
            <ns3:hr>107</ns3:hr>
            <ns3:cad>0</ns3:cad>
          </ns3:TrackPointExtension>
        </extensions>
      </trkpt>
      <trkpt lat="34.17728000320494174957275390625" lon="108.93372525461018085479736328125">
        <ele>455.20001220703125</ele>
        <time>2026-08-19T23:36:15.000Z</time>
        <extensions>
          <ns3:TrackPointExtension>
            <ns3:hr>107</ns3:hr>
            <ns3:cad>0</ns3:cad>
          </ns3:TrackPointExtension>
        </extensions>
      </trkpt>
      <trkpt lat="34.17728000320494174957275390625" lon="108.93372525461018085479736328125">
        <ele>455.20001220703125</ele>
        <time>2026-08-19T23:36:16.000Z</time>
        <extensions>
          <ns3:TrackPointExtension>
            <ns3:hr>110</ns3:hr>
            <ns3:cad>0</ns3:cad>
          </ns3:TrackPointExtension>
        </extensions>
      </trkpt>
      <trkpt lat="34.17728000320494174957275390625" lon="108.93372525461018085479736328125">
        <ele>455.20001220703125</ele>
        <time>2026-08-19T23:36:17.000Z</time>
        <extensions>
          <ns3:TrackPointExtension>
            <ns3:hr>110</ns3:hr>
            <ns3:cad>0</ns3:cad>
          </ns3:TrackPointExtension>
        </extensions>
      </trkpt>
      <trkpt lat="34.17728000320494174957275390625" lon="108.93372525461018085479736328125">
        <ele>455.20001220703125</ele>
        <time>2026-08-19T23:36:18.000Z</time>
        <extensions>
          <ns3:TrackPointExtension>
            <ns3:hr>112</ns3:hr>
            <ns3:cad>0</ns3:cad>
          </ns3:TrackPointExtension>
        </extensions>
      </trkpt>
      <trkpt lat="34.17728000320494174957275390625" lon="108.93372525461018085479736328125">
        <ele>455.20001220703125</ele>
        <time>2026-08-19T23:36:19.000Z</time>
        <extensions>
          <ns3:TrackPointExtension>
            <ns3:hr>113</ns3:hr>
            <ns3:cad>0</ns3:cad>
          </ns3:TrackPointExtension>
        </extensions>
      </trkpt>
      <trkpt lat="34.17728000320494174957275390625" lon="108.93372525461018085479736328125">
        <ele>455.20001220703125</ele>
        <time>2026-08-19T23:36:20.000Z</time>
        <extensions>
          <ns3:TrackPointExtension>
            <ns3:hr>113</ns3:hr>
            <ns3:cad>0</ns3:cad>
          </ns3:TrackPointExtension>
        </extensions>
      </trkpt>
      <trkpt lat="34.17728000320494174957275390625" lon="108.93372525461018085479736328125">
        <ele>455</ele>
        <time>2026-08-19T23:36:21.000Z</time>
        <extensions>
          <ns3:TrackPointExtension>
            <ns3:hr>113</ns3:hr>
            <ns3:cad>0</ns3:cad>
          </ns3:TrackPointExtension>
        </extensions>
      </trkpt>
      <trkpt lat="34.17728000320494174957275390625" lon="108.93372525461018085479736328125">
        <ele>455</ele>
        <time>2026-08-19T23:36:22.000Z</time>
        <extensions>
          <ns3:TrackPointExtension>
            <ns3:hr>112</ns3:hr>
            <ns3:cad>0</ns3:cad>
          </ns3:TrackPointExtension>
        </extensions>
      </trkpt>
      <trkpt lat="34.17728000320494174957275390625" lon="108.93372525461018085479736328125">
        <ele>455</ele>
        <time>2026-08-19T23:36:23.000Z</time>
        <extensions>
          <ns3:TrackPointExtension>
            <ns3:hr>113</ns3:hr>
            <ns3:cad>0</ns3:cad>
          </ns3:TrackPointExtension>
        </extensions>
      </trkpt>
      <trkpt lat="34.17728000320494174957275390625" lon="108.93372525461018085479736328125">
        <ele>455</ele>
        <time>2026-08-19T23:36:24.000Z</time>
        <extensions>
          <ns3:TrackPointExtension>
            <ns3:hr>112</ns3:hr>
            <ns3:cad>0</ns3:cad>
          </ns3:TrackPointExtension>
        </extensions>
      </trkpt>
      <trkpt lat="34.177280925214290618896484375" lon="108.933725841343402862548828125">
        <ele>455</ele>
        <time>2026-08-19T23:36:25.000Z</time>
        <extensions>
          <ns3:TrackPointExtension>
            <ns3:hr>112</ns3:hr>
            <ns3:cad>0</ns3:cad>
          </ns3:TrackPointExtension>
        </extensions>
      </trkpt>
      <trkpt lat="34.1772854514420032501220703125" lon="108.93373715691268444061279296875">
        <ele>454.79998779296875</ele>
        <time>2026-08-19T23:36:26.000Z</time>
        <extensions>
          <ns3:TrackPointExtension>
            <ns3:hr>113</ns3:hr>
            <ns3:cad>0</ns3:cad>
          </ns3:TrackPointExtension>
        </extensions>
      </trkpt>
      <trkpt lat="34.1772901453077793121337890625" lon="108.9337308704853057861328125">
        <ele>454.79998779296875</ele>
        <time>2026-08-19T23:36:27.000Z</time>
        <extensions>
          <ns3:TrackPointExtension>
            <ns3:hr>112</ns3:hr>
            <ns3:cad>0</ns3:cad>
          </ns3:TrackPointExtension>
        </extensions>
      </trkpt>
      <trkpt lat="34.17729039676487445831298828125" lon="108.93373598344624042510986328125">
        <ele>454.79998779296875</ele>
        <time>2026-08-19T23:36:28.000Z</time>
        <extensions>
          <ns3:TrackPointExtension>
            <ns3:hr>112</ns3:hr>
            <ns3:cad>0</ns3:cad>
          </ns3:TrackPointExtension>
        </extensions>
      </trkpt>
      <trkpt lat="34.17729291133582592010498046875" lon="108.93374335952103137969970703125">
        <ele>454.79998779296875</ele>
        <time>2026-08-19T23:36:29.000Z</time>
        <extensions>
          <ns3:TrackPointExtension>
            <ns3:hr>112</ns3:hr>
            <ns3:cad>0</ns3:cad>
          </ns3:TrackPointExtension>
        </extensions>
      </trkpt>
      <trkpt lat="34.17729265987873077392578125" lon="108.9337427727878093719482421875">
        <ele>455</ele>
        <time>2026-08-19T23:36:30.000Z</time>
        <extensions>
          <ns3:TrackPointExtension>
            <ns3:hr>112</ns3:hr>
            <ns3:cad>0</ns3:cad>
          </ns3:TrackPointExtension>
        </extensions>
      </trkpt>
      <trkpt lat="34.17729240842163562774658203125" lon="108.933742940425872802734375">
        <ele>455</ele>
        <time>2026-08-19T23:36:31.000Z</time>
        <extensions>
          <ns3:TrackPointExtension>
            <ns3:hr>111</ns3:hr>
            <ns3:cad>0</ns3:cad>
          </ns3:TrackPointExtension>
        </extensions>
      </trkpt>
      <trkpt lat="34.17729240842163562774658203125" lon="108.933742940425872802734375">
        <ele>455</ele>
        <time>2026-08-19T23:36:32.000Z</time>
        <extensions>
          <ns3:TrackPointExtension>
            <ns3:hr>111</ns3:hr>
            <ns3:cad>0</ns3:cad>
          </ns3:TrackPointExtension>
        </extensions>
      </trkpt>
      <trkpt lat="34.17729240842163562774658203125" lon="108.933742940425872802734375">
        <ele>454.79998779296875</ele>
        <time>2026-08-19T23:36:33.000Z</time>
        <extensions>
          <ns3:TrackPointExtension>
            <ns3:hr>111</ns3:hr>
            <ns3:cad>0</ns3:cad>
          </ns3:TrackPointExtension>
        </extensions>
      </trkpt>
      <trkpt lat="34.17729240842163562774658203125" lon="108.933742940425872802734375">
        <ele>454.79998779296875</ele>
        <time>2026-08-19T23:36:34.000Z</time>
        <extensions>
          <ns3:TrackPointExtension>
            <ns3:hr>111</ns3:hr>
            <ns3:cad>0</ns3:cad>
          </ns3:TrackPointExtension>
        </extensions>
      </trkpt>
      <trkpt lat="34.17729240842163562774658203125" lon="108.933742940425872802734375">
        <ele>454.600006103515625</ele>
        <time>2026-08-19T23:36:35.000Z</time>
        <extensions>
          <ns3:TrackPointExtension>
            <ns3:hr>110</ns3:hr>
            <ns3:cad>0</ns3:cad>
          </ns3:TrackPointExtension>
        </extensions>
      </trkpt>
      <trkpt lat="34.17729240842163562774658203125" lon="108.933742940425872802734375">
        <ele>454.399993896484375</ele>
        <time>2026-08-19T23:36:36.000Z</time>
        <extensions>
          <ns3:TrackPointExtension>
            <ns3:hr>110</ns3:hr>
            <ns3:cad>0</ns3:cad>
          </ns3:TrackPointExtension>
        </extensions>
      </trkpt>
      <trkpt lat="34.17729240842163562774658203125" lon="108.933742940425872802734375">
        <ele>454.399993896484375</ele>
        <time>2026-08-19T23:36:37.000Z</time>
        <extensions>
          <ns3:TrackPointExtension>
            <ns3:hr>110</ns3:hr>
            <ns3:cad>0</ns3:cad>
          </ns3:TrackPointExtension>
        </extensions>
      </trkpt>
      <trkpt lat="34.17729240842163562774658203125" lon="108.933742940425872802734375">
        <ele>454.399993896484375</ele>
        <time>2026-08-19T23:36:38.000Z</time>
        <extensions>
          <ns3:TrackPointExtension>
            <ns3:hr>111</ns3:hr>
            <ns3:cad>0</ns3:cad>
          </ns3:TrackPointExtension>
        </extensions>
      </trkpt>
      <trkpt lat="34.17729240842163562774658203125" lon="108.933742940425872802734375">
        <ele>454.399993896484375</ele>
        <time>2026-08-19T23:36:39.000Z</time>
        <extensions>
          <ns3:TrackPointExtension>
            <ns3:hr>111</ns3:hr>
            <ns3:cad>0</ns3:cad>
          </ns3:TrackPointExtension>
        </extensions>
      </trkpt>
      <trkpt lat="34.17729240842163562774658203125" lon="108.933742940425872802734375">
        <ele>454.399993896484375</ele>
        <time>2026-08-19T23:36:40.000Z</time>
        <extensions>
          <ns3:TrackPointExtension>
            <ns3:hr>111</ns3:hr>
            <ns3:cad>0</ns3:cad>
          </ns3:TrackPointExtension>
        </extensions>
      </trkpt>
      <trkpt lat="34.17729240842163562774658203125" lon="108.933742940425872802734375">
        <ele>454.399993896484375</ele>
        <time>2026-08-19T23:36:41.000Z</time>
        <extensions>
          <ns3:TrackPointExtension>
            <ns3:hr>110</ns3:hr>
            <ns3:cad>0</ns3:cad>
          </ns3:TrackPointExtension>
        </extensions>
      </trkpt>
      <trkpt lat="34.17729240842163562774658203125" lon="108.933742940425872802734375">
        <ele>454.399993896484375</ele>
        <time>2026-08-19T23:36:42.000Z</time>
        <extensions>
          <ns3:TrackPointExtension>
            <ns3:hr>111</ns3:hr>
            <ns3:cad>0</ns3:cad>
          </ns3:TrackPointExtension>
        </extensions>
      </trkpt>
      <trkpt lat="34.17729240842163562774658203125" lon="108.933742940425872802734375">
        <ele>454.399993896484375</ele>
        <time>2026-08-19T23:36:43.000Z</time>
        <extensions>
          <ns3:TrackPointExtension>
            <ns3:hr>111</ns3:hr>
            <ns3:cad>0</ns3:cad>
          </ns3:TrackPointExtension>
        </extensions>
      </trkpt>
      <trkpt lat="34.17729240842163562774658203125" lon="108.933742940425872802734375">
        <ele>454.399993896484375</ele>
        <time>2026-08-19T23:36:44.000Z</time>
        <extensions>
          <ns3:TrackPointExtension>
            <ns3:hr>110</ns3:hr>
            <ns3:cad>0</ns3:cad>
          </ns3:TrackPointExtension>
        </extensions>
      </trkpt>
      <trkpt lat="34.17729240842163562774658203125" lon="108.933742940425872802734375">
        <ele>454.399993896484375</ele>
        <time>2026-08-19T23:36:45.000Z</time>
        <extensions>
          <ns3:TrackPointExtension>
            <ns3:hr>110</ns3:hr>
            <ns3:cad>0</ns3:cad>
          </ns3:TrackPointExtension>
        </extensions>
      </trkpt>
      <trkpt lat="34.17729240842163562774658203125" lon="108.933742940425872802734375">
        <ele>454.399993896484375</ele>
        <time>2026-08-19T23:36:46.000Z</time>
        <extensions>
          <ns3:TrackPointExtension>
            <ns3:hr>110</ns3:hr>
            <ns3:cad>0</ns3:cad>
          </ns3:TrackPointExtension>
        </extensions>
      </trkpt>
      <trkpt lat="34.17729240842163562774658203125" lon="108.933742940425872802734375">
        <ele>454.399993896484375</ele>
        <time>2026-08-19T23:36:47.000Z</time>
        <extensions>
          <ns3:TrackPointExtension>
            <ns3:hr>103</ns3:hr>
            <ns3:cad>0</ns3:cad>
          </ns3:TrackPointExtension>
        </extensions>
      </trkpt>
      <trkpt lat="34.17729240842163562774658203125" lon="108.933742940425872802734375">
        <ele>454.399993896484375</ele>
        <time>2026-08-19T23:36:48.000Z</time>
        <extensions>
          <ns3:TrackPointExtension>
            <ns3:hr>98</ns3:hr>
            <ns3:cad>0</ns3:cad>
          </ns3:TrackPointExtension>
        </extensions>
      </trkpt>
      <trkpt lat="34.17729240842163562774658203125" lon="108.933742940425872802734375">
        <ele>454.399993896484375</ele>
        <time>2026-08-19T23:36:49.000Z</time>
        <extensions>
          <ns3:TrackPointExtension>
            <ns3:hr>97</ns3:hr>
            <ns3:cad>0</ns3:cad>
          </ns3:TrackPointExtension>
        </extensions>
      </trkpt>
      <trkpt lat="34.17729240842163562774658203125" lon="108.933742940425872802734375">
        <ele>454.399993896484375</ele>
        <time>2026-08-19T23:36:50.000Z</time>
        <extensions>
          <ns3:TrackPointExtension>
            <ns3:hr>96</ns3:hr>
            <ns3:cad>0</ns3:cad>
          </ns3:TrackPointExtension>
        </extensions>
      </trkpt>
      <trkpt lat="34.17729240842163562774658203125" lon="108.933742940425872802734375">
        <ele>454.399993896484375</ele>
        <time>2026-08-19T23:36:51.000Z</time>
        <extensions>
          <ns3:TrackPointExtension>
            <ns3:hr>96</ns3:hr>
            <ns3:cad>0</ns3:cad>
          </ns3:TrackPointExtension>
        </extensions>
      </trkpt>
      <trkpt lat="34.17727815918624401092529296875" lon="108.9337410964071750640869140625">
        <ele>454.399993896484375</ele>
        <time>2026-08-19T23:36:52.000Z</time>
        <extensions>
          <ns3:TrackPointExtension>
            <ns3:hr>96</ns3:hr>
            <ns3:cad>0</ns3:cad>
          </ns3:TrackPointExtension>
        </extensions>
      </trkpt>
      <trkpt lat="34.17727832682430744171142578125" lon="108.93374092876911163330078125">
        <ele>454.600006103515625</ele>
        <time>2026-08-19T23:36:53.000Z</time>
        <extensions>
          <ns3:TrackPointExtension>
            <ns3:hr>96</ns3:hr>
            <ns3:cad>0</ns3:cad>
          </ns3:TrackPointExtension>
        </extensions>
      </trkpt>
      <trkpt lat="34.17727832682430744171142578125" lon="108.93374092876911163330078125">
        <ele>454.600006103515625</ele>
        <time>2026-08-19T23:36:54.000Z</time>
        <extensions>
          <ns3:TrackPointExtension>
            <ns3:hr>96</ns3:hr>
            <ns3:cad>0</ns3:cad>
          </ns3:TrackPointExtension>
        </extensions>
      </trkpt>
      <trkpt lat="34.17727832682430744171142578125" lon="108.93374092876911163330078125">
        <ele>454.600006103515625</ele>
        <time>2026-08-19T23:36:55.000Z</time>
        <extensions>
          <ns3:TrackPointExtension>
            <ns3:hr>96</ns3:hr>
            <ns3:cad>0</ns3:cad>
          </ns3:TrackPointExtension>
        </extensions>
      </trkpt>
      <trkpt lat="34.17727832682430744171142578125" lon="108.93374092876911163330078125">
        <ele>454.399993896484375</ele>
        <time>2026-08-19T23:36:56.000Z</time>
        <extensions>
          <ns3:TrackPointExtension>
            <ns3:hr>96</ns3:hr>
            <ns3:cad>0</ns3:cad>
          </ns3:TrackPointExtension>
        </extensions>
      </trkpt>
      <trkpt lat="34.17727832682430744171142578125" lon="108.93374092876911163330078125">
        <ele>454.399993896484375</ele>
        <time>2026-08-19T23:36:57.000Z</time>
        <extensions>
          <ns3:TrackPointExtension>
            <ns3:hr>96</ns3:hr>
            <ns3:cad>0</ns3:cad>
          </ns3:TrackPointExtension>
        </extensions>
      </trkpt>
      <trkpt lat="34.17727832682430744171142578125" lon="108.93374092876911163330078125">
        <ele>454.399993896484375</ele>
        <time>2026-08-19T23:36:58.000Z</time>
        <extensions>
          <ns3:TrackPointExtension>
            <ns3:hr>96</ns3:hr>
            <ns3:cad>0</ns3:cad>
          </ns3:TrackPointExtension>
        </extensions>
      </trkpt>
      <trkpt lat="34.17727832682430744171142578125" lon="108.93374092876911163330078125">
        <ele>454.399993896484375</ele>
        <time>2026-08-19T23:36:59.000Z</time>
        <extensions>
          <ns3:TrackPointExtension>
            <ns3:hr>96</ns3:hr>
            <ns3:cad>0</ns3:cad>
          </ns3:TrackPointExtension>
        </extensions>
      </trkpt>
      <trkpt lat="34.17727832682430744171142578125" lon="108.93374092876911163330078125">
        <ele>454.399993896484375</ele>
        <time>2026-08-19T23:37:00.000Z</time>
        <extensions>
          <ns3:TrackPointExtension>
            <ns3:hr>97</ns3:hr>
            <ns3:cad>0</ns3:cad>
          </ns3:TrackPointExtension>
        </extensions>
      </trkpt>
      <trkpt lat="34.1772745549678802490234375" lon="108.93374050967395305633544921875">
        <ele>454.399993896484375</ele>
        <time>2026-08-19T23:37:01.000Z</time>
        <extensions>
          <ns3:TrackPointExtension>
            <ns3:hr>97</ns3:hr>
            <ns3:cad>0</ns3:cad>
          </ns3:TrackPointExtension>
        </extensions>
      </trkpt>
      <trkpt lat="34.1772745549678802490234375" lon="108.93373497761785984039306640625">
        <ele>454.600006103515625</ele>
        <time>2026-08-19T23:37:02.000Z</time>
        <extensions>
          <ns3:TrackPointExtension>
            <ns3:hr>98</ns3:hr>
            <ns3:cad>0</ns3:cad>
          </ns3:TrackPointExtension>
        </extensions>
      </trkpt>
      <trkpt lat="34.1772757284343242645263671875" lon="108.93373782746493816375732421875">
        <ele>454.79998779296875</ele>
        <time>2026-08-19T23:37:03.000Z</time>
        <extensions>
          <ns3:TrackPointExtension>
            <ns3:hr>98</ns3:hr>
            <ns3:cad>0</ns3:cad>
          </ns3:TrackPointExtension>
        </extensions>
      </trkpt>
      <trkpt lat="34.17727313004434108734130859375" lon="108.933735899627208709716796875">
        <ele>455</ele>
        <time>2026-08-19T23:37:04.000Z</time>
        <extensions>
          <ns3:TrackPointExtension>
            <ns3:hr>99</ns3:hr>
            <ns3:cad>0</ns3:cad>
          </ns3:TrackPointExtension>
        </extensions>
      </trkpt>
      <trkpt lat="34.1772710345685482025146484375" lon="108.93373698927462100982666015625">
        <ele>455</ele>
        <time>2026-08-19T23:37:05.000Z</time>
        <extensions>
          <ns3:TrackPointExtension>
            <ns3:hr>99</ns3:hr>
            <ns3:cad>0</ns3:cad>
          </ns3:TrackPointExtension>
        </extensions>
      </trkpt>
      <trkpt lat="34.1772696934640407562255859375" lon="108.933737576007843017578125">
        <ele>455.20001220703125</ele>
        <time>2026-08-19T23:37:06.000Z</time>
        <extensions>
          <ns3:TrackPointExtension>
            <ns3:hr>98</ns3:hr>
            <ns3:cad>0</ns3:cad>
          </ns3:TrackPointExtension>
        </extensions>
      </trkpt>
      <trkpt lat="34.17726776562631130218505859375" lon="108.93373983912169933319091796875">
        <ele>455.20001220703125</ele>
        <time>2026-08-19T23:37:07.000Z</time>
        <extensions>
          <ns3:TrackPointExtension>
            <ns3:hr>98</ns3:hr>
            <ns3:cad>0</ns3:cad>
          </ns3:TrackPointExtension>
        </extensions>
      </trkpt>
      <trkpt lat="34.17726407758891582489013671875" lon="108.933736570179462432861328125">
        <ele>455</ele>
        <time>2026-08-19T23:37:08.000Z</time>
        <extensions>
          <ns3:TrackPointExtension>
            <ns3:hr>99</ns3:hr>
            <ns3:cad>0</ns3:cad>
          </ns3:TrackPointExtension>
        </extensions>
      </trkpt>
      <trkpt lat="34.17726173065602779388427734375" lon="108.9337347261607646942138671875">
        <ele>454.79998779296875</ele>
        <time>2026-08-19T23:37:09.000Z</time>
        <extensions>
          <ns3:TrackPointExtension>
            <ns3:hr>99</ns3:hr>
            <ns3:cad>0</ns3:cad>
          </ns3:TrackPointExtension>
        </extensions>
      </trkpt>
      <trkpt lat="34.177263490855693817138671875" lon="108.9337360672652721405029296875">
        <ele>454.600006103515625</ele>
        <time>2026-08-19T23:37:10.000Z</time>
        <extensions>
          <ns3:TrackPointExtension>
            <ns3:hr>99</ns3:hr>
            <ns3:cad>0</ns3:cad>
          </ns3:TrackPointExtension>
        </extensions>
      </trkpt>
      <trkpt lat="34.17727614752948284149169921875" lon="108.933739252388477325439453125">
        <ele>454.399993896484375</ele>
        <time>2026-08-19T23:37:11.000Z</time>
        <extensions>
          <ns3:TrackPointExtension>
            <ns3:hr>99</ns3:hr>
            <ns3:cad>0</ns3:cad>
          </ns3:TrackPointExtension>
        </extensions>
      </trkpt>
      <trkpt lat="34.17727832682430744171142578125" lon="108.93374092876911163330078125">
        <ele>454.20001220703125</ele>
        <time>2026-08-19T23:37:12.000Z</time>
        <extensions>
          <ns3:TrackPointExtension>
            <ns3:hr>99</ns3:hr>
            <ns3:cad>0</ns3:cad>
          </ns3:TrackPointExtension>
        </extensions>
      </trkpt>
      <trkpt lat="34.17727832682430744171142578125" lon="108.93374092876911163330078125">
        <ele>454.20001220703125</ele>
        <time>2026-08-19T23:37:13.000Z</time>
        <extensions>
          <ns3:TrackPointExtension>
            <ns3:hr>100</ns3:hr>
            <ns3:cad>0</ns3:cad>
          </ns3:TrackPointExtension>
        </extensions>
      </trkpt>
      <trkpt lat="34.17727832682430744171142578125" lon="108.93374092876911163330078125">
        <ele>454.20001220703125</ele>
        <time>2026-08-19T23:37:14.000Z</time>
        <extensions>
          <ns3:TrackPointExtension>
            <ns3:hr>100</ns3:hr>
            <ns3:cad>0</ns3:cad>
          </ns3:TrackPointExtension>
        </extensions>
      </trkpt>
      <trkpt lat="34.1772918216884136199951171875" lon="108.9337360672652721405029296875">
        <ele>454.20001220703125</ele>
        <time>2026-08-19T23:37:15.000Z</time>
        <extensions>
          <ns3:TrackPointExtension>
            <ns3:hr>100</ns3:hr>
            <ns3:cad>0</ns3:cad>
          </ns3:TrackPointExtension>
        </extensions>
      </trkpt>
      <trkpt lat="34.17729240842163562774658203125" lon="108.933735229074954986572265625">
        <ele>454.399993896484375</ele>
        <time>2026-08-19T23:37:16.000Z</time>
        <extensions>
          <ns3:TrackPointExtension>
            <ns3:hr>101</ns3:hr>
            <ns3:cad>0</ns3:cad>
          </ns3:TrackPointExtension>
        </extensions>
      </trkpt>
      <trkpt lat="34.17729240842163562774658203125" lon="108.933735229074954986572265625">
        <ele>454.600006103515625</ele>
        <time>2026-08-19T23:37:17.000Z</time>
        <extensions>
          <ns3:TrackPointExtension>
            <ns3:hr>102</ns3:hr>
            <ns3:cad>0</ns3:cad>
          </ns3:TrackPointExtension>
        </extensions>
      </trkpt>
      <trkpt lat="34.17729240842163562774658203125" lon="108.933735229074954986572265625">
        <ele>454.600006103515625</ele>
        <time>2026-08-19T23:37:18.000Z</time>
        <extensions>
          <ns3:TrackPointExtension>
            <ns3:hr>103</ns3:hr>
            <ns3:cad>0</ns3:cad>
          </ns3:TrackPointExtension>
        </extensions>
      </trkpt>
      <trkpt lat="34.17729240842163562774658203125" lon="108.933735229074954986572265625">
        <ele>454.600006103515625</ele>
        <time>2026-08-19T23:37:19.000Z</time>
        <extensions>
          <ns3:TrackPointExtension>
            <ns3:hr>103</ns3:hr>
            <ns3:cad>0</ns3:cad>
          </ns3:TrackPointExtension>
        </extensions>
      </trkpt>
      <trkpt lat="34.17729240842163562774658203125" lon="108.933735229074954986572265625">
        <ele>454.600006103515625</ele>
        <time>2026-08-19T23:37:20.000Z</time>
        <extensions>
          <ns3:TrackPointExtension>
            <ns3:hr>103</ns3:hr>
            <ns3:cad>0</ns3:cad>
          </ns3:TrackPointExtension>
        </extensions>
      </trkpt>
      <trkpt lat="34.17729240842163562774658203125" lon="108.933735229074954986572265625">
        <ele>454.600006103515625</ele>
        <time>2026-08-19T23:37:21.000Z</time>
        <extensions>
          <ns3:TrackPointExtension>
            <ns3:hr>103</ns3:hr>
            <ns3:cad>0</ns3:cad>
          </ns3:TrackPointExtension>
        </extensions>
      </trkpt>
      <trkpt lat="34.17729240842163562774658203125" lon="108.933735229074954986572265625">
        <ele>454.399993896484375</ele>
        <time>2026-08-19T23:37:22.000Z</time>
        <extensions>
          <ns3:TrackPointExtension>
            <ns3:hr>103</ns3:hr>
            <ns3:cad>0</ns3:cad>
          </ns3:TrackPointExtension>
        </extensions>
      </trkpt>
      <trkpt lat="34.17729240842163562774658203125" lon="108.933735229074954986572265625">
        <ele>454.399993896484375</ele>
        <time>2026-08-19T23:37:23.000Z</time>
        <extensions>
          <ns3:TrackPointExtension>
            <ns3:hr>101</ns3:hr>
            <ns3:cad>0</ns3:cad>
          </ns3:TrackPointExtension>
        </extensions>
      </trkpt>
      <trkpt lat="34.17729240842163562774658203125" lon="108.933735229074954986572265625">
        <ele>454.399993896484375</ele>
        <time>2026-08-19T23:37:24.000Z</time>
        <extensions>
          <ns3:TrackPointExtension>
            <ns3:hr>99</ns3:hr>
            <ns3:cad>0</ns3:cad>
          </ns3:TrackPointExtension>
        </extensions>
      </trkpt>
      <trkpt lat="34.17729425244033336639404296875" lon="108.9337333850562572479248046875">
        <ele>454.600006103515625</ele>
        <time>2026-08-19T23:37:25.000Z</time>
        <extensions>
          <ns3:TrackPointExtension>
            <ns3:hr>98</ns3:hr>
            <ns3:cad>0</ns3:cad>
          </ns3:TrackPointExtension>
        </extensions>
      </trkpt>
      <trkpt lat="34.17730732820928096771240234375" lon="108.9337347261607646942138671875">
        <ele>454.79998779296875</ele>
        <time>2026-08-19T23:37:26.000Z</time>
        <extensions>
          <ns3:TrackPointExtension>
            <ns3:hr>96</ns3:hr>
            <ns3:cad>0</ns3:cad>
          </ns3:TrackPointExtension>
        </extensions>
      </trkpt>
      <trkpt lat="34.177308417856693267822265625" lon="108.9337362349033355712890625">
        <ele>455</ele>
        <time>2026-08-19T23:37:27.000Z</time>
        <extensions>
          <ns3:TrackPointExtension>
            <ns3:hr>96</ns3:hr>
            <ns3:cad>0</ns3:cad>
          </ns3:TrackPointExtension>
        </extensions>
      </trkpt>
      <trkpt lat="34.1773067414760589599609375" lon="108.9337280206382274627685546875">
        <ele>455.20001220703125</ele>
        <time>2026-08-19T23:37:28.000Z</time>
        <extensions>
          <ns3:TrackPointExtension>
            <ns3:hr>97</ns3:hr>
            <ns3:cad>0</ns3:cad>
          </ns3:TrackPointExtension>
        </extensions>
      </trkpt>
      <trkpt lat="34.1773005388677120208740234375" lon="108.93372458405792713165283203125">
        <ele>455.399993896484375</ele>
        <time>2026-08-19T23:37:29.000Z</time>
        <extensions>
          <ns3:TrackPointExtension>
            <ns3:hr>97</ns3:hr>
            <ns3:cad>0</ns3:cad>
          </ns3:TrackPointExtension>
        </extensions>
      </trkpt>
      <trkpt lat="34.177289307117462158203125" lon="108.93373665399849414825439453125">
        <ele>455.399993896484375</ele>
        <time>2026-08-19T23:37:30.000Z</time>
        <extensions>
          <ns3:TrackPointExtension>
            <ns3:hr>98</ns3:hr>
            <ns3:cad>0</ns3:cad>
          </ns3:TrackPointExtension>
        </extensions>
      </trkpt>
      <trkpt lat="34.177285619080066680908203125" lon="108.93374989740550518035888671875">
        <ele>455.399993896484375</ele>
        <time>2026-08-19T23:37:31.000Z</time>
        <extensions>
          <ns3:TrackPointExtension>
            <ns3:hr>99</ns3:hr>
            <ns3:cad>0</ns3:cad>
          </ns3:TrackPointExtension>
        </extensions>
      </trkpt>
      <trkpt lat="34.1772824339568614959716796875" lon="108.933781497180461883544921875">
        <ele>455.399993896484375</ele>
        <time>2026-08-19T23:37:32.000Z</time>
        <extensions>
          <ns3:TrackPointExtension>
            <ns3:hr>99</ns3:hr>
            <ns3:cad>0</ns3:cad>
          </ns3:TrackPointExtension>
        </extensions>
      </trkpt>
      <trkpt lat="34.1772814281284809112548828125" lon="108.93381158821284770965576171875">
        <ele>455.20001220703125</ele>
        <time>2026-08-19T23:37:33.000Z</time>
        <extensions>
          <ns3:TrackPointExtension>
            <ns3:hr>100</ns3:hr>
            <ns3:cad>0</ns3:cad>
          </ns3:TrackPointExtension>
        </extensions>
      </trkpt>
      <trkpt lat="34.1772790811955928802490234375" lon="108.9338520728051662445068359375">
        <ele>455.20001220703125</ele>
        <time>2026-08-19T23:37:34.000Z</time>
        <extensions>
          <ns3:TrackPointExtension>
            <ns3:hr>100</ns3:hr>
            <ns3:cad>0</ns3:cad>
          </ns3:TrackPointExtension>
        </extensions>
      </trkpt>
      <trkpt lat="34.177278578281402587890625" lon="108.9338918030261993408203125">
        <ele>455.20001220703125</ele>
        <time>2026-08-19T23:37:35.000Z</time>
        <extensions>
          <ns3:TrackPointExtension>
            <ns3:hr>100</ns3:hr>
            <ns3:cad>86</ns3:cad>
          </ns3:TrackPointExtension>
        </extensions>
      </trkpt>
      <trkpt lat="34.17727748863399028778076171875" lon="108.9339298568665981292724609375">
        <ele>455</ele>
        <time>2026-08-19T23:37:36.000Z</time>
        <extensions>
          <ns3:TrackPointExtension>
            <ns3:hr>100</ns3:hr>
            <ns3:cad>87</ns3:cad>
          </ns3:TrackPointExtension>
        </extensions>
      </trkpt>
      <trkpt lat="34.177278578281402587890625" lon="108.93396698869764804840087890625">
        <ele>455</ele>
        <time>2026-08-19T23:37:37.000Z</time>
        <extensions>
          <ns3:TrackPointExtension>
            <ns3:hr>101</ns3:hr>
            <ns3:cad>87</ns3:cad>
          </ns3:TrackPointExtension>
        </extensions>
      </trkpt>
      <trkpt lat="34.17728402651846408843994140625" lon="108.93401585519313812255859375">
        <ele>454.79998779296875</ele>
        <time>2026-08-19T23:37:38.000Z</time>
        <extensions>
          <ns3:TrackPointExtension>
            <ns3:hr>101</ns3:hr>
            <ns3:cad>87</ns3:cad>
          </ns3:TrackPointExtension>
        </extensions>
      </trkpt>
      <trkpt lat="34.1772879660129547119140625" lon="108.93405432812869548797607421875">
        <ele>454.79998779296875</ele>
        <time>2026-08-19T23:37:39.000Z</time>
        <extensions>
          <ns3:TrackPointExtension>
            <ns3:hr>102</ns3:hr>
            <ns3:cad>88</ns3:cad>
          </ns3:TrackPointExtension>
        </extensions>
      </trkpt>
      <trkpt lat="34.17728419415652751922607421875" lon="108.9340964891016483306884765625">
        <ele>454.600006103515625</ele>
        <time>2026-08-19T23:37:40.000Z</time>
        <extensions>
          <ns3:TrackPointExtension>
            <ns3:hr>103</ns3:hr>
            <ns3:cad>89</ns3:cad>
          </ns3:TrackPointExtension>
        </extensions>
      </trkpt>
      <trkpt lat="34.17728017084300518035888671875" lon="108.9341306872665882110595703125">
        <ele>454.600006103515625</ele>
        <time>2026-08-19T23:37:41.000Z</time>
        <extensions>
          <ns3:TrackPointExtension>
            <ns3:hr>104</ns3:hr>
            <ns3:cad>89</ns3:cad>
          </ns3:TrackPointExtension>
        </extensions>
      </trkpt>
      <trkpt lat="34.1772733815014362335205078125" lon="108.934168405830860137939453125">
        <ele>454.399993896484375</ele>
        <time>2026-08-19T23:37:42.000Z</time>
        <extensions>
          <ns3:TrackPointExtension>
            <ns3:hr>105</ns3:hr>
            <ns3:cad>89</ns3:cad>
          </ns3:TrackPointExtension>
        </extensions>
      </trkpt>
      <trkpt lat="34.17727799154818058013916015625" lon="108.93419983796775341033935546875">
        <ele>454.20001220703125</ele>
        <time>2026-08-19T23:37:43.000Z</time>
        <extensions>
          <ns3:TrackPointExtension>
            <ns3:hr>106</ns3:hr>
            <ns3:cad>89</ns3:cad>
          </ns3:TrackPointExtension>
        </extensions>
      </trkpt>
      <trkpt lat="34.17728503234684467315673828125" lon="108.9342309348285198211669921875">
        <ele>454.20001220703125</ele>
        <time>2026-08-19T23:37:44.000Z</time>
        <extensions>
          <ns3:TrackPointExtension>
            <ns3:hr>108</ns3:hr>
            <ns3:cad>89</ns3:cad>
          </ns3:TrackPointExtension>
        </extensions>
      </trkpt>
      <trkpt lat="34.177288301289081573486328125" lon="108.934260942041873931884765625">
        <ele>454</ele>
        <time>2026-08-19T23:37:45.000Z</time>
        <extensions>
          <ns3:TrackPointExtension>
            <ns3:hr>109</ns3:hr>
            <ns3:cad>89</ns3:cad>
          </ns3:TrackPointExtension>
        </extensions>
      </trkpt>
      <trkpt lat="34.1772973537445068359375" lon="108.93428650684654712677001953125">
        <ele>454</ele>
        <time>2026-08-19T23:37:46.000Z</time>
        <extensions>
          <ns3:TrackPointExtension>
            <ns3:hr>110</ns3:hr>
            <ns3:cad>88</ns3:cad>
          </ns3:TrackPointExtension>
        </extensions>
      </trkpt>
      <trkpt lat="34.1773052327334880828857421875" lon="108.93431902863085269927978515625">
        <ele>454</ele>
        <time>2026-08-19T23:37:47.000Z</time>
        <extensions>
          <ns3:TrackPointExtension>
            <ns3:hr>112</ns3:hr>
            <ns3:cad>87</ns3:cad>
          </ns3:TrackPointExtension>
        </extensions>
      </trkpt>
      <trkpt lat="34.17731855995953083038330078125" lon="108.9343439228832721710205078125">
        <ele>454</ele>
        <time>2026-08-19T23:37:48.000Z</time>
        <extensions>
          <ns3:TrackPointExtension>
            <ns3:hr>113</ns3:hr>
            <ns3:cad>86</ns3:cad>
          </ns3:TrackPointExtension>
        </extensions>
      </trkpt>
      <trkpt lat="34.17734001763164997100830078125" lon="108.93436144106090068817138671875">
        <ele>453.79998779296875</ele>
        <time>2026-08-19T23:37:49.000Z</time>
        <extensions>
          <ns3:TrackPointExtension>
            <ns3:hr>113</ns3:hr>
            <ns3:cad>86</ns3:cad>
          </ns3:TrackPointExtension>
        </extensions>
      </trkpt>
      <trkpt lat="34.1773595474660396575927734375" lon="108.93437367863953113555908203125">
        <ele>453.600006103515625</ele>
        <time>2026-08-19T23:37:50.000Z</time>
        <extensions>
          <ns3:TrackPointExtension>
            <ns3:hr>114</ns3:hr>
            <ns3:cad>86</ns3:cad>
          </ns3:TrackPointExtension>
        </extensions>
      </trkpt>
      <trkpt lat="34.1773845255374908447265625" lon="108.9343818090856075286865234375">
        <ele>453.600006103515625</ele>
        <time>2026-08-19T23:37:51.000Z</time>
        <extensions>
          <ns3:TrackPointExtension>
            <ns3:hr>115</ns3:hr>
            <ns3:cad>85</ns3:cad>
          </ns3:TrackPointExtension>
        </extensions>
      </trkpt>
      <trkpt lat="34.177409671247005462646484375" lon="108.934389017522335052490234375">
        <ele>453.399993896484375</ele>
        <time>2026-08-19T23:37:52.000Z</time>
        <extensions>
          <ns3:TrackPointExtension>
            <ns3:hr>116</ns3:hr>
            <ns3:cad>85</ns3:cad>
          </ns3:TrackPointExtension>
        </extensions>
      </trkpt>
      <trkpt lat="34.17743146419525146484375" lon="108.93438541330397129058837890625">
        <ele>453.20001220703125</ele>
        <time>2026-08-19T23:37:53.000Z</time>
        <extensions>
          <ns3:TrackPointExtension>
            <ns3:hr>116</ns3:hr>
            <ns3:cad>85</ns3:cad>
          </ns3:TrackPointExtension>
        </extensions>
      </trkpt>
      <trkpt lat="34.17745417915284633636474609375" lon="108.93438776023685932159423828125">
        <ele>453</ele>
        <time>2026-08-19T23:37:54.000Z</time>
        <extensions>
          <ns3:TrackPointExtension>
            <ns3:hr>117</ns3:hr>
            <ns3:cad>85</ns3:cad>
          </ns3:TrackPointExtension>
        </extensions>
      </trkpt>
      <trkpt lat="34.177470020949840545654296875" lon="108.9343878440558910369873046875">
        <ele>453</ele>
        <time>2026-08-19T23:37:55.000Z</time>
        <extensions>
          <ns3:TrackPointExtension>
            <ns3:hr>118</ns3:hr>
            <ns3:cad>85</ns3:cad>
          </ns3:TrackPointExtension>
        </extensions>
      </trkpt>
      <trkpt lat="34.17749089188873767852783203125" lon="108.9343724213540554046630859375">
        <ele>452.79998779296875</ele>
        <time>2026-08-19T23:37:56.000Z</time>
        <extensions>
          <ns3:TrackPointExtension>
            <ns3:hr>118</ns3:hr>
            <ns3:cad>86</ns3:cad>
          </ns3:TrackPointExtension>
        </extensions>
      </trkpt>
      <trkpt lat="34.177514277398586273193359375" lon="108.93436009995639324188232421875">
        <ele>452.600006103515625</ele>
        <time>2026-08-19T23:37:57.000Z</time>
        <extensions>
          <ns3:TrackPointExtension>
            <ns3:hr>119</ns3:hr>
            <ns3:cad>86</ns3:cad>
          </ns3:TrackPointExtension>
        </extensions>
      </trkpt>
      <trkpt lat="34.177536070346832275390625" lon="108.9343472756445407867431640625">
        <ele>452.600006103515625</ele>
        <time>2026-08-19T23:37:58.000Z</time>
        <extensions>
          <ns3:TrackPointExtension>
            <ns3:hr>120</ns3:hr>
            <ns3:cad>86</ns3:cad>
          </ns3:TrackPointExtension>
        </extensions>
      </trkpt>
      <trkpt lat="34.1775633953511714935302734375" lon="108.93434216268360614776611328125">
        <ele>452.600006103515625</ele>
        <time>2026-08-19T23:37:59.000Z</time>
        <extensions>
          <ns3:TrackPointExtension>
            <ns3:hr>120</ns3:hr>
            <ns3:cad>86</ns3:cad>
          </ns3:TrackPointExtension>
        </extensions>
      </trkpt>
      <trkpt lat="34.17758409865200519561767578125" lon="108.93433562479913234710693359375">
        <ele>452.399993896484375</ele>
        <time>2026-08-19T23:38:00.000Z</time>
        <extensions>
          <ns3:TrackPointExtension>
            <ns3:hr>120</ns3:hr>
            <ns3:cad>86</ns3:cad>
          </ns3:TrackPointExtension>
        </extensions>
      </trkpt>
      <trkpt lat="34.17761511169373989105224609375" lon="108.93433344550430774688720703125">
        <ele>452.20001220703125</ele>
        <time>2026-08-19T23:38:01.000Z</time>
        <extensions>
          <ns3:TrackPointExtension>
            <ns3:hr>121</ns3:hr>
            <ns3:cad>85</ns3:cad>
          </ns3:TrackPointExtension>
        </extensions>
      </trkpt>
      <trkpt lat="34.17763573117554187774658203125" lon="108.93433109857141971588134765625">
        <ele>452.20001220703125</ele>
        <time>2026-08-19T23:38:02.000Z</time>
        <extensions>
          <ns3:TrackPointExtension>
            <ns3:hr>121</ns3:hr>
            <ns3:cad>85</ns3:cad>
          </ns3:TrackPointExtension>
        </extensions>
      </trkpt>
      <trkpt lat="34.1776607930660247802734375" lon="108.93432808108627796173095703125">
        <ele>452</ele>
        <time>2026-08-19T23:38:03.000Z</time>
        <extensions>
          <ns3:TrackPointExtension>
            <ns3:hr>122</ns3:hr>
            <ns3:cad>85</ns3:cad>
          </ns3:TrackPointExtension>
        </extensions>
      </trkpt>
      <trkpt lat="34.1776830889284610748291015625" lon="108.934327997267246246337890625">
        <ele>452</ele>
        <time>2026-08-19T23:38:04.000Z</time>
        <extensions>
          <ns3:TrackPointExtension>
            <ns3:hr>122</ns3:hr>
            <ns3:cad>86</ns3:cad>
          </ns3:TrackPointExtension>
        </extensions>
      </trkpt>
      <trkpt lat="34.1777038760483264923095703125" lon="108.934328667819499969482421875">
        <ele>451.79998779296875</ele>
        <time>2026-08-19T23:38:05.000Z</time>
        <extensions>
          <ns3:TrackPointExtension>
            <ns3:hr>122</ns3:hr>
            <ns3:cad>85</ns3:cad>
          </ns3:TrackPointExtension>
        </extensions>
      </trkpt>
      <trkpt lat="34.17772910557687282562255859375" lon="108.93433445133268833160400390625">
        <ele>451.600006103515625</ele>
        <time>2026-08-19T23:38:06.000Z</time>
        <extensions>
          <ns3:TrackPointExtension>
            <ns3:hr>123</ns3:hr>
            <ns3:cad>85</ns3:cad>
          </ns3:TrackPointExtension>
        </extensions>
      </trkpt>
      <trkpt lat="34.1777457855641841888427734375" lon="108.9343341998755931854248046875">
        <ele>451.600006103515625</ele>
        <time>2026-08-19T23:38:07.000Z</time>
        <extensions>
          <ns3:TrackPointExtension>
            <ns3:hr>123</ns3:hr>
            <ns3:cad>85</ns3:cad>
          </ns3:TrackPointExtension>
        </extensions>
      </trkpt>
      <trkpt lat="34.17777051217854022979736328125" lon="108.9343372173607349395751953125">
        <ele>451.399993896484375</ele>
        <time>2026-08-19T23:38:08.000Z</time>
        <extensions>
          <ns3:TrackPointExtension>
            <ns3:hr>123</ns3:hr>
            <ns3:cad>86</ns3:cad>
          </ns3:TrackPointExtension>
        </extensions>
      </trkpt>
      <trkpt lat="34.17778618633747100830078125" lon="108.93433797173202037811279296875">
        <ele>451.20001220703125</ele>
        <time>2026-08-19T23:38:09.000Z</time>
        <extensions>
          <ns3:TrackPointExtension>
            <ns3:hr>124</ns3:hr>
            <ns3:cad>86</ns3:cad>
          </ns3:TrackPointExtension>
        </extensions>
      </trkpt>
      <trkpt lat="34.1778078116476535797119140625" lon="108.93434367142617702484130859375">
        <ele>451.20001220703125</ele>
        <time>2026-08-19T23:38:10.000Z</time>
        <extensions>
          <ns3:TrackPointExtension>
            <ns3:hr>124</ns3:hr>
            <ns3:cad>86</ns3:cad>
          </ns3:TrackPointExtension>
        </extensions>
      </trkpt>
      <trkpt lat="34.17782063595950603485107421875" lon="108.9343449287116527557373046875">
        <ele>451</ele>
        <time>2026-08-19T23:38:11.000Z</time>
        <extensions>
          <ns3:TrackPointExtension>
            <ns3:hr>124</ns3:hr>
            <ns3:cad>86</ns3:cad>
          </ns3:TrackPointExtension>
        </extensions>
      </trkpt>
      <trkpt lat="34.177840165793895721435546875" lon="108.93434048630297183990478515625">
        <ele>450.79998779296875</ele>
        <time>2026-08-19T23:38:12.000Z</time>
        <extensions>
          <ns3:TrackPointExtension>
            <ns3:hr>124</ns3:hr>
            <ns3:cad>86</ns3:cad>
          </ns3:TrackPointExtension>
        </extensions>
      </trkpt>
      <trkpt lat="34.17786371894180774688720703125" lon="108.9343375526368618011474609375">
        <ele>450.79998779296875</ele>
        <time>2026-08-19T23:38:13.000Z</time>
        <extensions>
          <ns3:TrackPointExtension>
            <ns3:hr>124</ns3:hr>
            <ns3:cad>85</ns3:cad>
          </ns3:TrackPointExtension>
        </extensions>
      </trkpt>
      <trkpt lat="34.1778839193284511566162109375" lon="108.93433495424687862396240234375">
        <ele>450.600006103515625</ele>
        <time>2026-08-19T23:38:14.000Z</time>
        <extensions>
          <ns3:TrackPointExtension>
            <ns3:hr>124</ns3:hr>
            <ns3:cad>86</ns3:cad>
          </ns3:TrackPointExtension>
        </extensions>
      </trkpt>
      <trkpt lat="34.17791233398020267486572265625" lon="108.934335373342037200927734375">
        <ele>450.399993896484375</ele>
        <time>2026-08-19T23:38:15.000Z</time>
        <extensions>
          <ns3:TrackPointExtension>
            <ns3:hr>125</ns3:hr>
            <ns3:cad>86</ns3:cad>
          </ns3:TrackPointExtension>
        </extensions>
      </trkpt>
      <trkpt lat="34.1779335401952266693115234375" lon="108.93432992510497570037841796875">
        <ele>450.399993896484375</ele>
        <time>2026-08-19T23:38:16.000Z</time>
        <extensions>
          <ns3:TrackPointExtension>
            <ns3:hr>125</ns3:hr>
            <ns3:cad>86</ns3:cad>
          </ns3:TrackPointExtension>
        </extensions>
      </trkpt>
      <trkpt lat="34.177958182990550994873046875" lon="108.93432590179145336151123046875">
        <ele>450.20001220703125</ele>
        <time>2026-08-19T23:38:17.000Z</time>
        <extensions>
          <ns3:TrackPointExtension>
            <ns3:hr>125</ns3:hr>
            <ns3:cad>87</ns3:cad>
          </ns3:TrackPointExtension>
        </extensions>
      </trkpt>
      <trkpt lat="34.1779804788529872894287109375" lon="108.9343207888305187225341796875">
        <ele>450</ele>
        <time>2026-08-19T23:38:18.000Z</time>
        <extensions>
          <ns3:TrackPointExtension>
            <ns3:hr>125</ns3:hr>
            <ns3:cad>87</ns3:cad>
          </ns3:TrackPointExtension>
        </extensions>
      </trkpt>
      <trkpt lat="34.17800202034413814544677734375" lon="108.93432020209729671478271484375">
        <ele>450</ele>
        <time>2026-08-19T23:38:19.000Z</time>
        <extensions>
          <ns3:TrackPointExtension>
            <ns3:hr>125</ns3:hr>
            <ns3:cad>87</ns3:cad>
          </ns3:TrackPointExtension>
        </extensions>
      </trkpt>
      <trkpt lat="34.178025908768177032470703125" lon="108.93431869335472583770751953125">
        <ele>449.79998779296875</ele>
        <time>2026-08-19T23:38:20.000Z</time>
        <extensions>
          <ns3:TrackPointExtension>
            <ns3:hr>125</ns3:hr>
            <ns3:cad>87</ns3:cad>
          </ns3:TrackPointExtension>
        </extensions>
      </trkpt>
      <trkpt lat="34.17804610915482044219970703125" lon="108.9343154244124889373779296875">
        <ele>449.600006103515625</ele>
        <time>2026-08-19T23:38:21.000Z</time>
        <extensions>
          <ns3:TrackPointExtension>
            <ns3:hr>126</ns3:hr>
            <ns3:cad>87</ns3:cad>
          </ns3:TrackPointExtension>
        </extensions>
      </trkpt>
      <trkpt lat="34.178072847425937652587890625" lon="108.9343087188899517059326171875">
        <ele>449.600006103515625</ele>
        <time>2026-08-19T23:38:22.000Z</time>
        <extensions>
          <ns3:TrackPointExtension>
            <ns3:hr>126</ns3:hr>
            <ns3:cad>86</ns3:cad>
          </ns3:TrackPointExtension>
        </extensions>
      </trkpt>
      <trkpt lat="34.178094305098056793212890625" lon="108.9343060366809368133544921875">
        <ele>449.399993896484375</ele>
        <time>2026-08-19T23:38:23.000Z</time>
        <extensions>
          <ns3:TrackPointExtension>
            <ns3:hr>126</ns3:hr>
            <ns3:cad>86</ns3:cad>
          </ns3:TrackPointExtension>
        </extensions>
      </trkpt>
      <trkpt lat="34.178121127188205718994140625" lon="108.93430687487125396728515625">
        <ele>449.399993896484375</ele>
        <time>2026-08-19T23:38:24.000Z</time>
        <extensions>
          <ns3:TrackPointExtension>
            <ns3:hr>126</ns3:hr>
            <ns3:cad>85</ns3:cad>
          </ns3:TrackPointExtension>
        </extensions>
      </trkpt>
      <trkpt lat="34.178139232099056243896484375" lon="108.9343053661286830902099609375">
        <ele>449.20001220703125</ele>
        <time>2026-08-19T23:38:25.000Z</time>
        <extensions>
          <ns3:TrackPointExtension>
            <ns3:hr>127</ns3:hr>
            <ns3:cad>85</ns3:cad>
          </ns3:TrackPointExtension>
        </extensions>
      </trkpt>
      <trkpt lat="34.17816211469471454620361328125" lon="108.93430427648127079010009765625">
        <ele>449</ele>
        <time>2026-08-19T23:38:26.000Z</time>
        <extensions>
          <ns3:TrackPointExtension>
            <ns3:hr>127</ns3:hr>
            <ns3:cad>85</ns3:cad>
          </ns3:TrackPointExtension>
        </extensions>
      </trkpt>
      <trkpt lat="34.17818223126232624053955078125" lon="108.93430444411933422088623046875">
        <ele>448.79998779296875</ele>
        <time>2026-08-19T23:38:27.000Z</time>
        <extensions>
          <ns3:TrackPointExtension>
            <ns3:hr>127</ns3:hr>
            <ns3:cad>85</ns3:cad>
          </ns3:TrackPointExtension>
        </extensions>
      </trkpt>
      <trkpt lat="34.17820720933377742767333984375" lon="108.9343016780912876129150390625">
        <ele>448.79998779296875</ele>
        <time>2026-08-19T23:38:28.000Z</time>
        <extensions>
          <ns3:TrackPointExtension>
            <ns3:hr>127</ns3:hr>
            <ns3:cad>86</ns3:cad>
          </ns3:TrackPointExtension>
        </extensions>
      </trkpt>
      <trkpt lat="34.17822782881557941436767578125" lon="108.9343020133674144744873046875">
        <ele>448.600006103515625</ele>
        <time>2026-08-19T23:38:29.000Z</time>
        <extensions>
          <ns3:TrackPointExtension>
            <ns3:hr>128</ns3:hr>
            <ns3:cad>87</ns3:cad>
          </ns3:TrackPointExtension>
        </extensions>
      </trkpt>
      <trkpt lat="34.17825347743928432464599609375" lon="108.934296481311321258544921875">
        <ele>448.399993896484375</ele>
        <time>2026-08-19T23:38:30.000Z</time>
        <extensions>
          <ns3:TrackPointExtension>
            <ns3:hr>128</ns3:hr>
            <ns3:cad>87</ns3:cad>
          </ns3:TrackPointExtension>
        </extensions>
      </trkpt>
      <trkpt lat="34.178274683654308319091796875" lon="108.93429455347359180450439453125">
        <ele>448.399993896484375</ele>
        <time>2026-08-19T23:38:31.000Z</time>
        <extensions>
          <ns3:TrackPointExtension>
            <ns3:hr>128</ns3:hr>
            <ns3:cad>87</ns3:cad>
          </ns3:TrackPointExtension>
        </extensions>
      </trkpt>
      <trkpt lat="34.17830008082091808319091796875" lon="108.934295140206813812255859375">
        <ele>448.20001220703125</ele>
        <time>2026-08-19T23:38:32.000Z</time>
        <extensions>
          <ns3:TrackPointExtension>
            <ns3:hr>128</ns3:hr>
            <ns3:cad>87</ns3:cad>
          </ns3:TrackPointExtension>
        </extensions>
      </trkpt>
      <trkpt lat="34.1783207841217517852783203125" lon="108.9342919550836086273193359375">
        <ele>448</ele>
        <time>2026-08-19T23:38:33.000Z</time>
        <extensions>
          <ns3:TrackPointExtension>
            <ns3:hr>128</ns3:hr>
            <ns3:cad>89</ns3:cad>
          </ns3:TrackPointExtension>
        </extensions>
      </trkpt>
      <trkpt lat="34.17834140360355377197265625" lon="108.93428944051265716552734375">
        <ele>448</ele>
        <time>2026-08-19T23:38:34.000Z</time>
        <extensions>
          <ns3:TrackPointExtension>
            <ns3:hr>129</ns3:hr>
            <ns3:cad>89</ns3:cad>
          </ns3:TrackPointExtension>
        </extensions>
      </trkpt>
      <trkpt lat="34.17836562730371952056884765625" lon="108.93429002724587917327880859375">
        <ele>447.79998779296875</ele>
        <time>2026-08-19T23:38:35.000Z</time>
        <extensions>
          <ns3:TrackPointExtension>
            <ns3:hr>129</ns3:hr>
            <ns3:cad>89</ns3:cad>
          </ns3:TrackPointExtension>
        </extensions>
      </trkpt>
      <trkpt lat="34.1783868335187435150146484375" lon="108.9342899434268474578857421875">
        <ele>447.600006103515625</ele>
        <time>2026-08-19T23:38:36.000Z</time>
        <extensions>
          <ns3:TrackPointExtension>
            <ns3:hr>129</ns3:hr>
            <ns3:cad>89</ns3:cad>
          </ns3:TrackPointExtension>
        </extensions>
      </trkpt>
      <trkpt lat="34.17841156013309955596923828125" lon="108.93428742885589599609375">
        <ele>447.399993896484375</ele>
        <time>2026-08-19T23:38:37.000Z</time>
        <extensions>
          <ns3:TrackPointExtension>
            <ns3:hr>129</ns3:hr>
            <ns3:cad>88</ns3:cad>
          </ns3:TrackPointExtension>
        </extensions>
      </trkpt>
      <trkpt lat="34.1784314252436161041259765625" lon="108.934285752475261688232421875">
        <ele>447.399993896484375</ele>
        <time>2026-08-19T23:38:38.000Z</time>
        <extensions>
          <ns3:TrackPointExtension>
            <ns3:hr>129</ns3:hr>
            <ns3:cad>88</ns3:cad>
          </ns3:TrackPointExtension>
        </extensions>
      </trkpt>
      <trkpt lat="34.17845447547733783721923828125" lon="108.934283070266246795654296875">
        <ele>447.20001220703125</ele>
        <time>2026-08-19T23:38:39.000Z</time>
        <extensions>
          <ns3:TrackPointExtension>
            <ns3:hr>129</ns3:hr>
            <ns3:cad>88</ns3:cad>
          </ns3:TrackPointExtension>
        </extensions>
      </trkpt>
      <trkpt lat="34.1784733347594738006591796875" lon="108.93427913077175617218017578125">
        <ele>447</ele>
        <time>2026-08-19T23:38:40.000Z</time>
        <extensions>
          <ns3:TrackPointExtension>
            <ns3:hr>129</ns3:hr>
            <ns3:cad>88</ns3:cad>
          </ns3:TrackPointExtension>
        </extensions>
      </trkpt>
      <trkpt lat="34.1785004921257495880126953125" lon="108.93427510745823383331298828125">
        <ele>446.79998779296875</ele>
        <time>2026-08-19T23:38:41.000Z</time>
        <extensions>
          <ns3:TrackPointExtension>
            <ns3:hr>129</ns3:hr>
            <ns3:cad>88</ns3:cad>
          </ns3:TrackPointExtension>
        </extensions>
      </trkpt>
      <trkpt lat="34.17852052487432956695556640625" lon="108.93426991067826747894287109375">
        <ele>446.79998779296875</ele>
        <time>2026-08-19T23:38:42.000Z</time>
        <extensions>
          <ns3:TrackPointExtension>
            <ns3:hr>130</ns3:hr>
            <ns3:cad>87</ns3:cad>
          </ns3:TrackPointExtension>
        </extensions>
      </trkpt>
      <trkpt lat="34.1785504482686519622802734375" lon="108.93426940776407718658447265625">
        <ele>446.600006103515625</ele>
        <time>2026-08-19T23:38:43.000Z</time>
        <extensions>
          <ns3:TrackPointExtension>
            <ns3:hr>130</ns3:hr>
            <ns3:cad>87</ns3:cad>
          </ns3:TrackPointExtension>
        </extensions>
      </trkpt>
      <trkpt lat="34.1785722412168979644775390625" lon="108.93427024595439434051513671875">
        <ele>446.600006103515625</ele>
        <time>2026-08-19T23:38:44.000Z</time>
        <extensions>
          <ns3:TrackPointExtension>
            <ns3:hr>130</ns3:hr>
            <ns3:cad>87</ns3:cad>
          </ns3:TrackPointExtension>
        </extensions>
      </trkpt>
      <trkpt lat="34.17859965004026889801025390625" lon="108.934268988668918609619140625">
        <ele>446.399993896484375</ele>
        <time>2026-08-19T23:38:45.000Z</time>
        <extensions>
          <ns3:TrackPointExtension>
            <ns3:hr>130</ns3:hr>
            <ns3:cad>87</ns3:cad>
          </ns3:TrackPointExtension>
        </extensions>
      </trkpt>
      <trkpt lat="34.17862127535045146942138671875" lon="108.93427276052534580230712890625">
        <ele>446.399993896484375</ele>
        <time>2026-08-19T23:38:46.000Z</time>
        <extensions>
          <ns3:TrackPointExtension>
            <ns3:hr>129</ns3:hr>
            <ns3:cad>88</ns3:cad>
          </ns3:TrackPointExtension>
        </extensions>
      </trkpt>
      <trkpt lat="34.17864491231739521026611328125" lon="108.9342725090682506561279296875">
        <ele>446.20001220703125</ele>
        <time>2026-08-19T23:38:47.000Z</time>
        <extensions>
          <ns3:TrackPointExtension>
            <ns3:hr>129</ns3:hr>
            <ns3:cad>88</ns3:cad>
          </ns3:TrackPointExtension>
        </extensions>
      </trkpt>
      <trkpt lat="34.1786684654653072357177734375" lon="108.9342745207250118255615234375">
        <ele>446</ele>
        <time>2026-08-19T23:38:48.000Z</time>
        <extensions>
          <ns3:TrackPointExtension>
            <ns3:hr>130</ns3:hr>
            <ns3:cad>88</ns3:cad>
          </ns3:TrackPointExtension>
        </extensions>
      </trkpt>
      <trkpt lat="34.17869185097515583038330078125" lon="108.93427276052534580230712890625">
        <ele>445.79998779296875</ele>
        <time>2026-08-19T23:38:49.000Z</time>
        <extensions>
          <ns3:TrackPointExtension>
            <ns3:hr>130</ns3:hr>
            <ns3:cad>87</ns3:cad>
          </ns3:TrackPointExtension>
        </extensions>
      </trkpt>
      <trkpt lat="34.17871900834143161773681640625" lon="108.93427359871566295623779296875">
        <ele>445.79998779296875</ele>
        <time>2026-08-19T23:38:50.000Z</time>
        <extensions>
          <ns3:TrackPointExtension>
            <ns3:hr>130</ns3:hr>
            <ns3:cad>87</ns3:cad>
          </ns3:TrackPointExtension>
        </extensions>
      </trkpt>
      <trkpt lat="34.17873837053775787353515625" lon="108.93426856957376003265380859375">
        <ele>445.600006103515625</ele>
        <time>2026-08-19T23:38:51.000Z</time>
        <extensions>
          <ns3:TrackPointExtension>
            <ns3:hr>130</ns3:hr>
            <ns3:cad>88</ns3:cad>
          </ns3:TrackPointExtension>
        </extensions>
      </trkpt>
      <trkpt lat="34.1787653602659702301025390625" lon="108.93426773138344287872314453125">
        <ele>445.399993896484375</ele>
        <time>2026-08-19T23:38:52.000Z</time>
        <extensions>
          <ns3:TrackPointExtension>
            <ns3:hr>130</ns3:hr>
            <ns3:cad>88</ns3:cad>
          </ns3:TrackPointExtension>
        </extensions>
      </trkpt>
      <trkpt lat="34.17878388427197933197021484375" lon="108.93426454626023769378662109375">
        <ele>445.399993896484375</ele>
        <time>2026-08-19T23:38:53.000Z</time>
        <extensions>
          <ns3:TrackPointExtension>
            <ns3:hr>130</ns3:hr>
            <ns3:cad>88</ns3:cad>
          </ns3:TrackPointExtension>
        </extensions>
      </trkpt>
      <trkpt lat="34.1788109578192234039306640625" lon="108.93426471389830112457275390625">
        <ele>445.20001220703125</ele>
        <time>2026-08-19T23:38:54.000Z</time>
        <extensions>
          <ns3:TrackPointExtension>
            <ns3:hr>129</ns3:hr>
            <ns3:cad>87</ns3:cad>
          </ns3:TrackPointExtension>
        </extensions>
      </trkpt>
      <trkpt lat="34.17882981710135936737060546875" lon="108.93426488153636455535888671875">
        <ele>445</ele>
        <time>2026-08-19T23:38:55.000Z</time>
        <extensions>
          <ns3:TrackPointExtension>
            <ns3:hr>130</ns3:hr>
            <ns3:cad>87</ns3:cad>
          </ns3:TrackPointExtension>
        </extensions>
      </trkpt>
      <trkpt lat="34.1788565553724765777587890625" lon="108.93425884656608104705810546875">
        <ele>444.79998779296875</ele>
        <time>2026-08-19T23:38:56.000Z</time>
        <extensions>
          <ns3:TrackPointExtension>
            <ns3:hr>130</ns3:hr>
            <ns3:cad>87</ns3:cad>
          </ns3:TrackPointExtension>
        </extensions>
      </trkpt>
      <trkpt lat="34.17887776158750057220458984375" lon="108.9342557452619075775146484375">
        <ele>444.79998779296875</ele>
        <time>2026-08-19T23:38:57.000Z</time>
        <extensions>
          <ns3:TrackPointExtension>
            <ns3:hr>130</ns3:hr>
            <ns3:cad>87</ns3:cad>
          </ns3:TrackPointExtension>
        </extensions>
      </trkpt>
      <trkpt lat="34.17890341021120548248291015625" lon="108.93425591289997100830078125">
        <ele>444.600006103515625</ele>
        <time>2026-08-19T23:38:58.000Z</time>
        <extensions>
          <ns3:TrackPointExtension>
            <ns3:hr>130</ns3:hr>
            <ns3:cad>87</ns3:cad>
          </ns3:TrackPointExtension>
        </extensions>
      </trkpt>
      <trkpt lat="34.17892402969300746917724609375" lon="108.93425054848194122314453125">
        <ele>444.399993896484375</ele>
        <time>2026-08-19T23:38:59.000Z</time>
        <extensions>
          <ns3:TrackPointExtension>
            <ns3:hr>130</ns3:hr>
            <ns3:cad>88</ns3:cad>
          </ns3:TrackPointExtension>
        </extensions>
      </trkpt>
      <trkpt lat="34.17894624173641204833984375" lon="108.93424660898745059967041015625">
        <ele>444.20001220703125</ele>
        <time>2026-08-19T23:39:00.000Z</time>
        <extensions>
          <ns3:TrackPointExtension>
            <ns3:hr>131</ns3:hr>
            <ns3:cad>88</ns3:cad>
          </ns3:TrackPointExtension>
        </extensions>
      </trkpt>
      <trkpt lat="34.17896660976111888885498046875" lon="108.93424384295940399169921875">
        <ele>444.20001220703125</ele>
        <time>2026-08-19T23:39:01.000Z</time>
        <extensions>
          <ns3:TrackPointExtension>
            <ns3:hr>130</ns3:hr>
            <ns3:cad>88</ns3:cad>
          </ns3:TrackPointExtension>
        </extensions>
      </trkpt>
      <trkpt lat="34.1789869777858257293701171875" lon="108.93423688597977161407470703125">
        <ele>444</ele>
        <time>2026-08-19T23:39:02.000Z</time>
        <extensions>
          <ns3:TrackPointExtension>
            <ns3:hr>131</ns3:hr>
            <ns3:cad>88</ns3:cad>
          </ns3:TrackPointExtension>
        </extensions>
      </trkpt>
      <trkpt lat="34.17900986038148403167724609375" lon="108.93423177301883697509765625">
        <ele>443.79998779296875</ele>
        <time>2026-08-19T23:39:03.000Z</time>
        <extensions>
          <ns3:TrackPointExtension>
            <ns3:hr>131</ns3:hr>
            <ns3:cad>88</ns3:cad>
          </ns3:TrackPointExtension>
        </extensions>
      </trkpt>
      <trkpt lat="34.1790314018726348876953125" lon="108.93422649241983890533447265625">
        <ele>443.79998779296875</ele>
        <time>2026-08-19T23:39:04.000Z</time>
        <extensions>
          <ns3:TrackPointExtension>
            <ns3:hr>131</ns3:hr>
            <ns3:cad>89</ns3:cad>
          </ns3:TrackPointExtension>
        </extensions>
      </trkpt>
      <trkpt lat="34.179055877029895782470703125" lon="108.93422297202050685882568359375">
        <ele>443.600006103515625</ele>
        <time>2026-08-19T23:39:05.000Z</time>
        <extensions>
          <ns3:TrackPointExtension>
            <ns3:hr>131</ns3:hr>
            <ns3:cad>89</ns3:cad>
          </ns3:TrackPointExtension>
        </extensions>
      </trkpt>
      <trkpt lat="34.17907959781587123870849609375" lon="108.9342141710221767425537109375">
        <ele>443.399993896484375</ele>
        <time>2026-08-19T23:39:06.000Z</time>
        <extensions>
          <ns3:TrackPointExtension>
            <ns3:hr>131</ns3:hr>
            <ns3:cad>89</ns3:cad>
          </ns3:TrackPointExtension>
        </extensions>
      </trkpt>
      <trkpt lat="34.17910776101052761077880859375" lon="108.934205956757068634033203125">
        <ele>443.399993896484375</ele>
        <time>2026-08-19T23:39:07.000Z</time>
        <extensions>
          <ns3:TrackPointExtension>
            <ns3:hr>131</ns3:hr>
            <ns3:cad>88</ns3:cad>
          </ns3:TrackPointExtension>
        </extensions>
      </trkpt>
      <trkpt lat="34.17912888340651988983154296875" lon="108.9341987483203411102294921875">
        <ele>443.20001220703125</ele>
        <time>2026-08-19T23:39:08.000Z</time>
        <extensions>
          <ns3:TrackPointExtension>
            <ns3:hr>131</ns3:hr>
            <ns3:cad>87</ns3:cad>
          </ns3:TrackPointExtension>
        </extensions>
      </trkpt>
      <trkpt lat="34.17915754951536655426025390625" lon="108.93419698812067508697509765625">
        <ele>443.20001220703125</ele>
        <time>2026-08-19T23:39:09.000Z</time>
        <extensions>
          <ns3:TrackPointExtension>
            <ns3:hr>131</ns3:hr>
            <ns3:cad>87</ns3:cad>
          </ns3:TrackPointExtension>
        </extensions>
      </trkpt>
      <trkpt lat="34.17917833663523197174072265625" lon="108.93418927676975727081298828125">
        <ele>443</ele>
        <time>2026-08-19T23:39:10.000Z</time>
        <extensions>
          <ns3:TrackPointExtension>
            <ns3:hr>131</ns3:hr>
            <ns3:cad>87</ns3:cad>
          </ns3:TrackPointExtension>
        </extensions>
      </trkpt>
      <trkpt lat="34.17920499108731746673583984375" lon="108.9341843314468860626220703125">
        <ele>443</ele>
        <time>2026-08-19T23:39:11.000Z</time>
        <extensions>
          <ns3:TrackPointExtension>
            <ns3:hr>131</ns3:hr>
            <ns3:cad>88</ns3:cad>
          </ns3:TrackPointExtension>
        </extensions>
      </trkpt>
      <trkpt lat="34.17922359891235828399658203125" lon="108.9341787993907928466796875">
        <ele>442.79998779296875</ele>
        <time>2026-08-19T23:39:12.000Z</time>
        <extensions>
          <ns3:TrackPointExtension>
            <ns3:hr>131</ns3:hr>
            <ns3:cad>88</ns3:cad>
          </ns3:TrackPointExtension>
        </extensions>
      </trkpt>
      <trkpt lat="34.17924799025058746337890625" lon="108.93417351879179477691650390625">
        <ele>442.79998779296875</ele>
        <time>2026-08-19T23:39:13.000Z</time>
        <extensions>
          <ns3:TrackPointExtension>
            <ns3:hr>131</ns3:hr>
            <ns3:cad>88</ns3:cad>
          </ns3:TrackPointExtension>
        </extensions>
      </trkpt>
      <trkpt lat="34.1792642511427402496337890625" lon="108.9341715909540653228759765625">
        <ele>442.600006103515625</ele>
        <time>2026-08-19T23:39:14.000Z</time>
        <extensions>
          <ns3:TrackPointExtension>
            <ns3:hr>132</ns3:hr>
            <ns3:cad>88</ns3:cad>
          </ns3:TrackPointExtension>
        </extensions>
      </trkpt>
      <trkpt lat="34.179286547005176544189453125" lon="108.93417050130665302276611328125">
        <ele>442.600006103515625</ele>
        <time>2026-08-19T23:39:15.000Z</time>
        <extensions>
          <ns3:TrackPointExtension>
            <ns3:hr>132</ns3:hr>
            <ns3:cad>88</ns3:cad>
          </ns3:TrackPointExtension>
        </extensions>
      </trkpt>
      <trkpt lat="34.17930205352604389190673828125" lon="108.9341618679463863372802734375">
        <ele>442.399993896484375</ele>
        <time>2026-08-19T23:39:16.000Z</time>
        <extensions>
          <ns3:TrackPointExtension>
            <ns3:hr>132</ns3:hr>
            <ns3:cad>89</ns3:cad>
          </ns3:TrackPointExtension>
        </extensions>
      </trkpt>
      <trkpt lat="34.179326109588146209716796875" lon="108.93416195176541805267333984375">
        <ele>442.399993896484375</ele>
        <time>2026-08-19T23:39:17.000Z</time>
        <extensions>
          <ns3:TrackPointExtension>
            <ns3:hr>132</ns3:hr>
            <ns3:cad>89</ns3:cad>
          </ns3:TrackPointExtension>
        </extensions>
      </trkpt>
      <trkpt lat="34.17934723198413848876953125" lon="108.934153653681278228759765625">
        <ele>442.20001220703125</ele>
        <time>2026-08-19T23:39:18.000Z</time>
        <extensions>
          <ns3:TrackPointExtension>
            <ns3:hr>132</ns3:hr>
            <ns3:cad>89</ns3:cad>
          </ns3:TrackPointExtension>
        </extensions>
      </trkpt>
      <trkpt lat="34.1793725453317165374755859375" lon="108.9341492950916290283203125">
        <ele>442.20001220703125</ele>
        <time>2026-08-19T23:39:19.000Z</time>
        <extensions>
          <ns3:TrackPointExtension>
            <ns3:hr>133</ns3:hr>
            <ns3:cad>88</ns3:cad>
          </ns3:TrackPointExtension>
        </extensions>
      </trkpt>
      <trkpt lat="34.17940028943121433258056640625" lon="108.93414401449263095855712890625">
        <ele>442.20001220703125</ele>
        <time>2026-08-19T23:39:20.000Z</time>
        <extensions>
          <ns3:TrackPointExtension>
            <ns3:hr>133</ns3:hr>
            <ns3:cad>88</ns3:cad>
          </ns3:TrackPointExtension>
        </extensions>
      </trkpt>
      <trkpt lat="34.17942459695041179656982421875" lon="108.934141583740711212158203125">
        <ele>442</ele>
        <time>2026-08-19T23:39:21.000Z</time>
        <extensions>
          <ns3:TrackPointExtension>
            <ns3:hr>133</ns3:hr>
            <ns3:cad>88</ns3:cad>
          </ns3:TrackPointExtension>
        </extensions>
      </trkpt>
      <trkpt lat="34.17944789864122867584228515625" lon="108.9341427572071552276611328125">
        <ele>442</ele>
        <time>2026-08-19T23:39:22.000Z</time>
        <extensions>
          <ns3:TrackPointExtension>
            <ns3:hr>134</ns3:hr>
            <ns3:cad>88</ns3:cad>
          </ns3:TrackPointExtension>
        </extensions>
      </trkpt>
      <trkpt lat="34.179468937218189239501953125" lon="108.93413797952234745025634765625">
        <ele>442</ele>
        <time>2026-08-19T23:39:23.000Z</time>
        <extensions>
          <ns3:TrackPointExtension>
            <ns3:hr>134</ns3:hr>
            <ns3:cad>88</ns3:cad>
          </ns3:TrackPointExtension>
        </extensions>
      </trkpt>
      <trkpt lat="34.17949768714606761932373046875" lon="108.93413865007460117340087890625">
        <ele>441.79998779296875</ele>
        <time>2026-08-19T23:39:24.000Z</time>
        <extensions>
          <ns3:TrackPointExtension>
            <ns3:hr>134</ns3:hr>
            <ns3:cad>87</ns3:cad>
          </ns3:TrackPointExtension>
        </extensions>
      </trkpt>
      <trkpt lat="34.1795183904469013214111328125" lon="108.934139572083950042724609375">
        <ele>441.79998779296875</ele>
        <time>2026-08-19T23:39:25.000Z</time>
        <extensions>
          <ns3:TrackPointExtension>
            <ns3:hr>134</ns3:hr>
            <ns3:cad>87</ns3:cad>
          </ns3:TrackPointExtension>
        </extensions>
      </trkpt>
      <trkpt lat="34.17954529635608196258544921875" lon="108.9341370575129985809326171875">
        <ele>441.600006103515625</ele>
        <time>2026-08-19T23:39:26.000Z</time>
        <extensions>
          <ns3:TrackPointExtension>
            <ns3:hr>134</ns3:hr>
            <ns3:cad>87</ns3:cad>
          </ns3:TrackPointExtension>
        </extensions>
      </trkpt>
      <trkpt lat="34.17956440709531307220458984375" lon="108.9341380633413791656494140625">
        <ele>441.600006103515625</ele>
        <time>2026-08-19T23:39:27.000Z</time>
        <extensions>
          <ns3:TrackPointExtension>
            <ns3:hr>134</ns3:hr>
            <ns3:cad>87</ns3:cad>
          </ns3:TrackPointExtension>
        </extensions>
      </trkpt>
      <trkpt lat="34.17958997189998626708984375" lon="108.93414217047393321990966796875">
        <ele>441.399993896484375</ele>
        <time>2026-08-19T23:39:28.000Z</time>
        <extensions>
          <ns3:TrackPointExtension>
            <ns3:hr>134</ns3:hr>
            <ns3:cad>87</ns3:cad>
          </ns3:TrackPointExtension>
        </extensions>
      </trkpt>
      <trkpt lat="34.1796115972101688385009765625" lon="108.934145271778106689453125">
        <ele>441.399993896484375</ele>
        <time>2026-08-19T23:39:29.000Z</time>
        <extensions>
          <ns3:TrackPointExtension>
            <ns3:hr>134</ns3:hr>
            <ns3:cad>87</ns3:cad>
          </ns3:TrackPointExtension>
        </extensions>
      </trkpt>
      <trkpt lat="34.17963297106325626373291015625" lon="108.934147618710994720458984375">
        <ele>441.399993896484375</ele>
        <time>2026-08-19T23:39:30.000Z</time>
        <extensions>
          <ns3:TrackPointExtension>
            <ns3:hr>135</ns3:hr>
            <ns3:cad>87</ns3:cad>
          </ns3:TrackPointExtension>
        </extensions>
      </trkpt>
      <trkpt lat="34.17965794913470745086669921875" lon="108.934147618710994720458984375">
        <ele>441.20001220703125</ele>
        <time>2026-08-19T23:39:31.000Z</time>
        <extensions>
          <ns3:TrackPointExtension>
            <ns3:hr>135</ns3:hr>
            <ns3:cad>87</ns3:cad>
          </ns3:TrackPointExtension>
        </extensions>
      </trkpt>
      <trkpt lat="34.17968116700649261474609375" lon="108.93414669670164585113525390625">
        <ele>441.20001220703125</ele>
        <time>2026-08-19T23:39:32.000Z</time>
        <extensions>
          <ns3:TrackPointExtension>
            <ns3:hr>135</ns3:hr>
            <ns3:cad>87</ns3:cad>
          </ns3:TrackPointExtension>
        </extensions>
      </trkpt>
      <trkpt lat="34.1797068156301975250244140625" lon="108.93414535559713840484619140625">
        <ele>441.20001220703125</ele>
        <time>2026-08-19T23:39:33.000Z</time>
        <extensions>
          <ns3:TrackPointExtension>
            <ns3:hr>135</ns3:hr>
            <ns3:cad>87</ns3:cad>
          </ns3:TrackPointExtension>
        </extensions>
      </trkpt>
      <trkpt lat="34.17972869239747524261474609375" lon="108.93414326012134552001953125">
        <ele>441.20001220703125</ele>
        <time>2026-08-19T23:39:34.000Z</time>
        <extensions>
          <ns3:TrackPointExtension>
            <ns3:hr>135</ns3:hr>
            <ns3:cad>87</ns3:cad>
          </ns3:TrackPointExtension>
        </extensions>
      </trkpt>
      <trkpt lat="34.179753251373767852783203125" lon="108.93414191901683807373046875">
        <ele>441.20001220703125</ele>
        <time>2026-08-19T23:39:35.000Z</time>
        <extensions>
          <ns3:TrackPointExtension>
            <ns3:hr>135</ns3:hr>
            <ns3:cad>87</ns3:cad>
          </ns3:TrackPointExtension>
        </extensions>
      </trkpt>
      <trkpt lat="34.1797755472362041473388671875" lon="108.93414015881717205047607421875">
        <ele>441.20001220703125</ele>
        <time>2026-08-19T23:39:36.000Z</time>
        <extensions>
          <ns3:TrackPointExtension>
            <ns3:hr>136</ns3:hr>
            <ns3:cad>87</ns3:cad>
          </ns3:TrackPointExtension>
        </extensions>
      </trkpt>
      <trkpt lat="34.1797976754605770111083984375" lon="108.93414619378745555877685546875">
        <ele>441</ele>
        <time>2026-08-19T23:39:37.000Z</time>
        <extensions>
          <ns3:TrackPointExtension>
            <ns3:hr>136</ns3:hr>
            <ns3:cad>88</ns3:cad>
          </ns3:TrackPointExtension>
        </extensions>
      </trkpt>
      <trkpt lat="34.179815612733364105224609375" lon="108.9341487921774387359619140625">
        <ele>441</ele>
        <time>2026-08-19T23:39:38.000Z</time>
        <extensions>
          <ns3:TrackPointExtension>
            <ns3:hr>136</ns3:hr>
            <ns3:cad>88</ns3:cad>
          </ns3:TrackPointExtension>
        </extensions>
      </trkpt>
      <trkpt lat="34.17983271181583404541015625" lon="108.93415541388094425201416015625">
        <ele>441</ele>
        <time>2026-08-19T23:39:39.000Z</time>
        <extensions>
          <ns3:TrackPointExtension>
            <ns3:hr>136</ns3:hr>
            <ns3:cad>88</ns3:cad>
          </ns3:TrackPointExtension>
        </extensions>
      </trkpt>
      <trkpt lat="34.17984385974705219268798828125" lon="108.9341568388044834136962890625">
        <ele>440.79998779296875</ele>
        <time>2026-08-19T23:39:40.000Z</time>
        <extensions>
          <ns3:TrackPointExtension>
            <ns3:hr>136</ns3:hr>
            <ns3:cad>87</ns3:cad>
          </ns3:TrackPointExtension>
        </extensions>
      </trkpt>
      <trkpt lat="34.17985291220247745513916015625" lon="108.93415809608995914459228515625">
        <ele>440.79998779296875</ele>
        <time>2026-08-19T23:39:41.000Z</time>
        <extensions>
          <ns3:TrackPointExtension>
            <ns3:hr>136</ns3:hr>
            <ns3:cad>87</ns3:cad>
          </ns3:TrackPointExtension>
        </extensions>
      </trkpt>
      <trkpt lat="34.17985819280147552490234375" lon="108.93416362814605236053466796875">
        <ele>440.600006103515625</ele>
        <time>2026-08-19T23:39:42.000Z</time>
        <extensions>
          <ns3:TrackPointExtension>
            <ns3:hr>136</ns3:hr>
            <ns3:cad>86</ns3:cad>
          </ns3:TrackPointExtension>
        </extensions>
      </trkpt>
      <trkpt lat="34.1798650659620761871337890625" lon="108.934169076383113861083984375">
        <ele>440.600006103515625</ele>
        <time>2026-08-19T23:39:43.000Z</time>
        <extensions>
          <ns3:TrackPointExtension>
            <ns3:hr>136</ns3:hr>
            <ns3:cad>86</ns3:cad>
          </ns3:TrackPointExtension>
        </extensions>
      </trkpt>
      <trkpt lat="34.17988006956875324249267578125" lon="108.93417544662952423095703125">
        <ele>440.600006103515625</ele>
        <time>2026-08-19T23:39:44.000Z</time>
        <extensions>
          <ns3:TrackPointExtension>
            <ns3:hr>137</ns3:hr>
            <ns3:cad>86</ns3:cad>
          </ns3:TrackPointExtension>
        </extensions>
      </trkpt>
      <trkpt lat="34.17989582754671573638916015625" lon="108.93418349325656890869140625">
        <ele>440.600006103515625</ele>
        <time>2026-08-19T23:39:45.000Z</time>
        <extensions>
          <ns3:TrackPointExtension>
            <ns3:hr>137</ns3:hr>
            <ns3:cad>81</ns3:cad>
          </ns3:TrackPointExtension>
        </extensions>
      </trkpt>
      <trkpt lat="34.179911501705646514892578125" lon="108.934185504913330078125">
        <ele>440.600006103515625</ele>
        <time>2026-08-19T23:39:46.000Z</time>
        <extensions>
          <ns3:TrackPointExtension>
            <ns3:hr>136</ns3:hr>
            <ns3:cad>81</ns3:cad>
          </ns3:TrackPointExtension>
        </extensions>
      </trkpt>
      <trkpt lat="34.1799257509410381317138671875" lon="108.9341868460178375244140625">
        <ele>440.600006103515625</ele>
        <time>2026-08-19T23:39:47.000Z</time>
        <extensions>
          <ns3:TrackPointExtension>
            <ns3:hr>137</ns3:hr>
            <ns3:cad>59</ns3:cad>
          </ns3:TrackPointExtension>
        </extensions>
      </trkpt>
      <trkpt lat="34.179939664900302886962890625" lon="108.93418894149363040924072265625">
        <ele>440.600006103515625</ele>
        <time>2026-08-19T23:39:48.000Z</time>
        <extensions>
          <ns3:TrackPointExtension>
            <ns3:hr>136</ns3:hr>
            <ns3:cad>59</ns3:cad>
          </ns3:TrackPointExtension>
        </extensions>
      </trkpt>
      <trkpt lat="34.1799451969563961029052734375" lon="108.934188187122344970703125">
        <ele>440.600006103515625</ele>
        <time>2026-08-19T23:39:49.000Z</time>
        <extensions>
          <ns3:TrackPointExtension>
            <ns3:hr>136</ns3:hr>
            <ns3:cad>0</ns3:cad>
          </ns3:TrackPointExtension>
        </extensions>
      </trkpt>
      <trkpt lat="34.17996187694370746612548828125" lon="108.9341873489320278167724609375">
        <ele>440.399993896484375</ele>
        <time>2026-08-19T23:39:50.000Z</time>
        <extensions>
          <ns3:TrackPointExtension>
            <ns3:hr>136</ns3:hr>
            <ns3:cad>58</ns3:cad>
          </ns3:TrackPointExtension>
        </extensions>
      </trkpt>
      <trkpt lat="34.1799757070839405059814453125" lon="108.93418609164655208587646484375">
        <ele>440.399993896484375</ele>
        <time>2026-08-19T23:39:51.000Z</time>
        <extensions>
          <ns3:TrackPointExtension>
            <ns3:hr>137</ns3:hr>
            <ns3:cad>58</ns3:cad>
          </ns3:TrackPointExtension>
        </extensions>
      </trkpt>
      <trkpt lat="34.179992638528347015380859375" lon="108.93418609164655208587646484375">
        <ele>440.399993896484375</ele>
        <time>2026-08-19T23:39:52.000Z</time>
        <extensions>
          <ns3:TrackPointExtension>
            <ns3:hr>137</ns3:hr>
            <ns3:cad>58</ns3:cad>
          </ns3:TrackPointExtension>
        </extensions>
      </trkpt>
    </trkseg>
  </trk>
</gpx>
