<gpx xmlns:ns3="http://www.garmin.com/xmlschemas/TrackPointExtension/v1" xmlns="http://www.topografix.com/GPX/1/1" xmlns:xsi="http://www.w3.org/2001/XMLSchema-instance" xmlns:ns2="http://www.garmin.com/xmlschemas/GpxExtensions/v3" creator="Garmin Connect" version="1.1" xsi:schemaLocation="http://www.topografix.com/GPX/1/1 http://www.topografix.com/GPX/11.xsd">
  <extensions>
<distance>5012.99</distance>
<average_hr>136.0</average_hr>
<average_speed>2.3440001010894775</average_speed>
<start_time>2026-09-12T11:47:05+00:00</start_time>
<end_time>2026-09-12T12:22:44.022000+00:00</end_time>
<moving_time>2082.234</moving_time>
<elapsed_time>2142.585</elapsed_time>
</extensions>
<metadata>
    <link href="connect.garmin.com">
      <text>Garmin Connect</text>
    </link>
    <time>2026-09-12T11:47:05.000Z</time>
  </metadata>
  <trk>
    <name>西安市 跑步</name>
    <type>running</type>
    <trkseg>
      <trkpt lat="34.18042740784585475921630859375" lon="108.93701297231018543243408203125">
        <ele>440.79998779296875</ele>
        <time>2026-09-12T11:47:05.000Z</time>
        <extensions>
          <ns3:TrackPointExtension>
            <ns3:hr>76</ns3:hr>
            <ns3:cad>86</ns3:cad>
          </ns3:TrackPointExtension>
        </extensions>
      </trkpt>
      <trkpt lat="34.1804497875273227691650390625" lon="108.93698564730584621429443359375">
        <ele>440.79998779296875</ele>
        <time>2026-09-12T11:47:06.000Z</time>
        <extensions>
          <ns3:TrackPointExtension>
            <ns3:hr>77</ns3:hr>
            <ns3:cad>86</ns3:cad>
          </ns3:TrackPointExtension>
        </extensions>
      </trkpt>
      <trkpt lat="34.18046562932431697845458984375" lon="108.9369624294340610504150390625">
        <ele>440.600006103515625</ele>
        <time>2026-09-12T11:47:07.000Z</time>
        <extensions>
          <ns3:TrackPointExtension>
            <ns3:hr>78</ns3:hr>
            <ns3:cad>86</ns3:cad>
          </ns3:TrackPointExtension>
        </extensions>
      </trkpt>
      <trkpt lat="34.18047551997005939483642578125" lon="108.93693803809583187103271484375">
        <ele>440.600006103515625</ele>
        <time>2026-09-12T11:47:08.000Z</time>
        <extensions>
          <ns3:TrackPointExtension>
            <ns3:hr>79</ns3:hr>
            <ns3:cad>86</ns3:cad>
          </ns3:TrackPointExtension>
        </extensions>
      </trkpt>
      <trkpt lat="34.180484153330326080322265625" lon="108.936903588473796844482421875">
        <ele>440.399993896484375</ele>
        <time>2026-09-12T11:47:09.000Z</time>
        <extensions>
          <ns3:TrackPointExtension>
            <ns3:hr>80</ns3:hr>
            <ns3:cad>86</ns3:cad>
          </ns3:TrackPointExtension>
        </extensions>
      </trkpt>
      <trkpt lat="34.18048457242548465728759765625" lon="108.9368771016597747802734375">
        <ele>440.399993896484375</ele>
        <time>2026-09-12T11:47:10.000Z</time>
        <extensions>
          <ns3:TrackPointExtension>
            <ns3:hr>82</ns3:hr>
            <ns3:cad>86</ns3:cad>
          </ns3:TrackPointExtension>
        </extensions>
      </trkpt>
      <trkpt lat="34.18048474006354808807373046875" lon="108.93684617243707180023193359375">
        <ele>440.399993896484375</ele>
        <time>2026-09-12T11:47:11.000Z</time>
        <extensions>
          <ns3:TrackPointExtension>
            <ns3:hr>84</ns3:hr>
            <ns3:cad>86</ns3:cad>
          </ns3:TrackPointExtension>
        </extensions>
      </trkpt>
      <trkpt lat="34.1804843209683895111083984375" lon="108.93682488240301609039306640625">
        <ele>440.399993896484375</ele>
        <time>2026-09-12T11:47:12.000Z</time>
        <extensions>
          <ns3:TrackPointExtension>
            <ns3:hr>85</ns3:hr>
            <ns3:cad>86</ns3:cad>
          </ns3:TrackPointExtension>
        </extensions>
      </trkpt>
      <trkpt lat="34.18048306368291378021240234375" lon="108.93679571337997913360595703125">
        <ele>440.399993896484375</ele>
        <time>2026-09-12T11:47:13.000Z</time>
        <extensions>
          <ns3:TrackPointExtension>
            <ns3:hr>87</ns3:hr>
            <ns3:cad>85</ns3:cad>
          </ns3:TrackPointExtension>
        </extensions>
      </trkpt>
      <trkpt lat="34.18048105202615261077880859375" lon="108.9367713220417499542236328125">
        <ele>440.399993896484375</ele>
        <time>2026-09-12T11:47:14.000Z</time>
        <extensions>
          <ns3:TrackPointExtension>
            <ns3:hr>88</ns3:hr>
            <ns3:cad>85</ns3:cad>
          </ns3:TrackPointExtension>
        </extensions>
      </trkpt>
      <trkpt lat="34.180476106703281402587890625" lon="108.93674827180802822113037109375">
        <ele>440.20001220703125</ele>
        <time>2026-09-12T11:47:15.000Z</time>
        <extensions>
          <ns3:TrackPointExtension>
            <ns3:hr>90</ns3:hr>
            <ns3:cad>86</ns3:cad>
          </ns3:TrackPointExtension>
        </extensions>
      </trkpt>
      <trkpt lat="34.180475436151027679443359375" lon="108.93672429956495761871337890625">
        <ele>440.20001220703125</ele>
        <time>2026-09-12T11:47:16.000Z</time>
        <extensions>
          <ns3:TrackPointExtension>
            <ns3:hr>91</ns3:hr>
            <ns3:cad>86</ns3:cad>
          </ns3:TrackPointExtension>
        </extensions>
      </trkpt>
      <trkpt lat="34.18046730570495128631591796875" lon="108.93670342862606048583984375">
        <ele>440.20001220703125</ele>
        <time>2026-09-12T11:47:17.000Z</time>
        <extensions>
          <ns3:TrackPointExtension>
            <ns3:hr>92</ns3:hr>
            <ns3:cad>86</ns3:cad>
          </ns3:TrackPointExtension>
        </extensions>
      </trkpt>
      <trkpt lat="34.18046495877206325531005859375" lon="108.9366747625172138214111328125">
        <ele>440.20001220703125</ele>
        <time>2026-09-12T11:47:18.000Z</time>
        <extensions>
          <ns3:TrackPointExtension>
            <ns3:hr>93</ns3:hr>
            <ns3:cad>86</ns3:cad>
          </ns3:TrackPointExtension>
        </extensions>
      </trkpt>
      <trkpt lat="34.1804642044007778167724609375" lon="108.9366526342928409576416015625">
        <ele>440.20001220703125</ele>
        <time>2026-09-12T11:47:19.000Z</time>
        <extensions>
          <ns3:TrackPointExtension>
            <ns3:hr>94</ns3:hr>
            <ns3:cad>86</ns3:cad>
          </ns3:TrackPointExtension>
        </extensions>
      </trkpt>
      <trkpt lat="34.18046881444752216339111328125" lon="108.93661784939467906951904296875">
        <ele>440.20001220703125</ele>
        <time>2026-09-12T11:47:20.000Z</time>
        <extensions>
          <ns3:TrackPointExtension>
            <ns3:hr>95</ns3:hr>
            <ns3:cad>86</ns3:cad>
          </ns3:TrackPointExtension>
        </extensions>
      </trkpt>
      <trkpt lat="34.18047233484685420989990234375" lon="108.93659756518900394439697265625">
        <ele>440.20001220703125</ele>
        <time>2026-09-12T11:47:21.000Z</time>
        <extensions>
          <ns3:TrackPointExtension>
            <ns3:hr>96</ns3:hr>
            <ns3:cad>86</ns3:cad>
          </ns3:TrackPointExtension>
        </extensions>
      </trkpt>
      <trkpt lat="34.18046864680945873260498046875" lon="108.93657267093658447265625">
        <ele>440.20001220703125</ele>
        <time>2026-09-12T11:47:22.000Z</time>
        <extensions>
          <ns3:TrackPointExtension>
            <ns3:hr>96</ns3:hr>
            <ns3:cad>86</ns3:cad>
          </ns3:TrackPointExtension>
        </extensions>
      </trkpt>
      <trkpt lat="34.1804668866097927093505859375" lon="108.93654375337064266204833984375">
        <ele>440.20001220703125</ele>
        <time>2026-09-12T11:47:23.000Z</time>
        <extensions>
          <ns3:TrackPointExtension>
            <ns3:hr>97</ns3:hr>
            <ns3:cad>86</ns3:cad>
          </ns3:TrackPointExtension>
        </extensions>
      </trkpt>
      <trkpt lat="34.18046730570495128631591796875" lon="108.9365185238420963287353515625">
        <ele>440.20001220703125</ele>
        <time>2026-09-12T11:47:24.000Z</time>
        <extensions>
          <ns3:TrackPointExtension>
            <ns3:hr>98</ns3:hr>
            <ns3:cad>86</ns3:cad>
          </ns3:TrackPointExtension>
        </extensions>
      </trkpt>
      <trkpt lat="34.1804690659046173095703125" lon="108.9364900253713130950927734375">
        <ele>440</ele>
        <time>2026-09-12T11:47:25.000Z</time>
        <extensions>
          <ns3:TrackPointExtension>
            <ns3:hr>99</ns3:hr>
            <ns3:cad>86</ns3:cad>
          </ns3:TrackPointExtension>
        </extensions>
      </trkpt>
      <trkpt lat="34.18046730570495128631591796875" lon="108.93646999262273311614990234375">
        <ele>440</ele>
        <time>2026-09-12T11:47:26.000Z</time>
        <extensions>
          <ns3:TrackPointExtension>
            <ns3:hr>100</ns3:hr>
            <ns3:cad>86</ns3:cad>
          </ns3:TrackPointExtension>
        </extensions>
      </trkpt>
      <trkpt lat="34.1804662160575389862060546875" lon="108.9364387281239032745361328125">
        <ele>440</ele>
        <time>2026-09-12T11:47:27.000Z</time>
        <extensions>
          <ns3:TrackPointExtension>
            <ns3:hr>101</ns3:hr>
            <ns3:cad>86</ns3:cad>
          </ns3:TrackPointExtension>
        </extensions>
      </trkpt>
      <trkpt lat="34.18046697042882442474365234375" lon="108.93641643226146697998046875">
        <ele>440</ele>
        <time>2026-09-12T11:47:28.000Z</time>
        <extensions>
          <ns3:TrackPointExtension>
            <ns3:hr>102</ns3:hr>
            <ns3:cad>86</ns3:cad>
          </ns3:TrackPointExtension>
        </extensions>
      </trkpt>
      <trkpt lat="34.18046571314334869384765625" lon="108.93638852052390575408935546875">
        <ele>440</ele>
        <time>2026-09-12T11:47:29.000Z</time>
        <extensions>
          <ns3:TrackPointExtension>
            <ns3:hr>103</ns3:hr>
            <ns3:cad>86</ns3:cad>
          </ns3:TrackPointExtension>
        </extensions>
      </trkpt>
      <trkpt lat="34.18046663515269756317138671875" lon="108.936359770596027374267578125">
        <ele>440</ele>
        <time>2026-09-12T11:47:30.000Z</time>
        <extensions>
          <ns3:TrackPointExtension>
            <ns3:hr>103</ns3:hr>
            <ns3:cad>86</ns3:cad>
          </ns3:TrackPointExtension>
        </extensions>
      </trkpt>
      <trkpt lat="34.18046562932431697845458984375" lon="108.936334289610385894775390625">
        <ele>440</ele>
        <time>2026-09-12T11:47:31.000Z</time>
        <extensions>
          <ns3:TrackPointExtension>
            <ns3:hr>104</ns3:hr>
            <ns3:cad>86</ns3:cad>
          </ns3:TrackPointExtension>
        </extensions>
      </trkpt>
      <trkpt lat="34.18046898208558559417724609375" lon="108.93630914390087127685546875">
        <ele>440</ele>
        <time>2026-09-12T11:47:32.000Z</time>
        <extensions>
          <ns3:TrackPointExtension>
            <ns3:hr>105</ns3:hr>
            <ns3:cad>86</ns3:cad>
          </ns3:TrackPointExtension>
        </extensions>
      </trkpt>
      <trkpt lat="34.1804722510278224945068359375" lon="108.9362848363816738128662109375">
        <ele>440</ele>
        <time>2026-09-12T11:47:33.000Z</time>
        <extensions>
          <ns3:TrackPointExtension>
            <ns3:hr>105</ns3:hr>
            <ns3:cad>86</ns3:cad>
          </ns3:TrackPointExtension>
        </extensions>
      </trkpt>
      <trkpt lat="34.180469401180744171142578125" lon="108.93625415861606597900390625">
        <ele>440</ele>
        <time>2026-09-12T11:47:34.000Z</time>
        <extensions>
          <ns3:TrackPointExtension>
            <ns3:hr>106</ns3:hr>
            <ns3:cad>86</ns3:cad>
          </ns3:TrackPointExtension>
        </extensions>
      </trkpt>
      <trkpt lat="34.18046512641012668609619140625" lon="108.93623194657266139984130859375">
        <ele>440</ele>
        <time>2026-09-12T11:47:35.000Z</time>
        <extensions>
          <ns3:TrackPointExtension>
            <ns3:hr>106</ns3:hr>
            <ns3:cad>86</ns3:cad>
          </ns3:TrackPointExtension>
        </extensions>
      </trkpt>
      <trkpt lat="34.18046043254435062408447265625" lon="108.936204873025417327880859375">
        <ele>440</ele>
        <time>2026-09-12T11:47:36.000Z</time>
        <extensions>
          <ns3:TrackPointExtension>
            <ns3:hr>107</ns3:hr>
            <ns3:cad>85</ns3:cad>
          </ns3:TrackPointExtension>
        </extensions>
      </trkpt>
      <trkpt lat="34.18045976199209690093994140625" lon="108.93617964349687099456787109375">
        <ele>440</ele>
        <time>2026-09-12T11:47:37.000Z</time>
        <extensions>
          <ns3:TrackPointExtension>
            <ns3:hr>107</ns3:hr>
            <ns3:cad>85</ns3:cad>
          </ns3:TrackPointExtension>
        </extensions>
      </trkpt>
      <trkpt lat="34.18045632541179656982421875" lon="108.93616338260471820831298828125">
        <ele>440</ele>
        <time>2026-09-12T11:47:38.000Z</time>
        <extensions>
          <ns3:TrackPointExtension>
            <ns3:hr>108</ns3:hr>
            <ns3:cad>85</ns3:cad>
          </ns3:TrackPointExtension>
        </extensions>
      </trkpt>
      <trkpt lat="34.1804601810872554779052734375" lon="108.93613387830555438995361328125">
        <ele>440</ele>
        <time>2026-09-12T11:47:39.000Z</time>
        <extensions>
          <ns3:TrackPointExtension>
            <ns3:hr>108</ns3:hr>
            <ns3:cad>85</ns3:cad>
          </ns3:TrackPointExtension>
        </extensions>
      </trkpt>
      <trkpt lat="34.18046345002949237823486328125" lon="108.93611040897667407989501953125">
        <ele>440</ele>
        <time>2026-09-12T11:47:40.000Z</time>
        <extensions>
          <ns3:TrackPointExtension>
            <ns3:hr>109</ns3:hr>
            <ns3:cad>85</ns3:cad>
          </ns3:TrackPointExtension>
        </extensions>
      </trkpt>
      <trkpt lat="34.18046772480010986328125" lon="108.93608660437166690826416015625">
        <ele>440</ele>
        <time>2026-09-12T11:47:41.000Z</time>
        <extensions>
          <ns3:TrackPointExtension>
            <ns3:hr>109</ns3:hr>
            <ns3:cad>85</ns3:cad>
          </ns3:TrackPointExtension>
        </extensions>
      </trkpt>
      <trkpt lat="34.18047116138041019439697265625" lon="108.93606313504278659820556640625">
        <ele>439.79998779296875</ele>
        <time>2026-09-12T11:47:42.000Z</time>
        <extensions>
          <ns3:TrackPointExtension>
            <ns3:hr>110</ns3:hr>
            <ns3:cad>85</ns3:cad>
          </ns3:TrackPointExtension>
        </extensions>
      </trkpt>
      <trkpt lat="34.1804717481136322021484375" lon="108.9360431022942066192626953125">
        <ele>439.79998779296875</ele>
        <time>2026-09-12T11:47:43.000Z</time>
        <extensions>
          <ns3:TrackPointExtension>
            <ns3:hr>111</ns3:hr>
            <ns3:cad>85</ns3:cad>
          </ns3:TrackPointExtension>
        </extensions>
      </trkpt>
      <trkpt lat="34.180474765598773956298828125" lon="108.93601619638502597808837890625">
        <ele>439.79998779296875</ele>
        <time>2026-09-12T11:47:44.000Z</time>
        <extensions>
          <ns3:TrackPointExtension>
            <ns3:hr>112</ns3:hr>
            <ns3:cad>85</ns3:cad>
          </ns3:TrackPointExtension>
        </extensions>
      </trkpt>
      <trkpt lat="34.1804725863039493560791015625" lon="108.93599859438836574554443359375">
        <ele>439.79998779296875</ele>
        <time>2026-09-12T11:47:45.000Z</time>
        <extensions>
          <ns3:TrackPointExtension>
            <ns3:hr>113</ns3:hr>
            <ns3:cad>85</ns3:cad>
          </ns3:TrackPointExtension>
        </extensions>
      </trkpt>
      <trkpt lat="34.18047434650361537933349609375" lon="108.93597177229821681976318359375">
        <ele>439.79998779296875</ele>
        <time>2026-09-12T11:47:46.000Z</time>
        <extensions>
          <ns3:TrackPointExtension>
            <ns3:hr>114</ns3:hr>
            <ns3:cad>85</ns3:cad>
          </ns3:TrackPointExtension>
        </extensions>
      </trkpt>
      <trkpt lat="34.1804725863039493560791015625" lon="108.9359495602548122406005859375">
        <ele>439.79998779296875</ele>
        <time>2026-09-12T11:47:47.000Z</time>
        <extensions>
          <ns3:TrackPointExtension>
            <ns3:hr>115</ns3:hr>
            <ns3:cad>85</ns3:cad>
          </ns3:TrackPointExtension>
        </extensions>
      </trkpt>
      <trkpt lat="34.18047183193266391754150390625" lon="108.93592332489788532257080078125">
        <ele>439.79998779296875</ele>
        <time>2026-09-12T11:47:48.000Z</time>
        <extensions>
          <ns3:TrackPointExtension>
            <ns3:hr>116</ns3:hr>
            <ns3:cad>85</ns3:cad>
          </ns3:TrackPointExtension>
        </extensions>
      </trkpt>
      <trkpt lat="34.1804730892181396484375" lon="108.93589700572192668914794921875">
        <ele>439.79998779296875</ele>
        <time>2026-09-12T11:47:49.000Z</time>
        <extensions>
          <ns3:TrackPointExtension>
            <ns3:hr>118</ns3:hr>
            <ns3:cad>84</ns3:cad>
          </ns3:TrackPointExtension>
        </extensions>
      </trkpt>
      <trkpt lat="34.18047501705586910247802734375" lon="108.93587755970656871795654296875">
        <ele>439.79998779296875</ele>
        <time>2026-09-12T11:47:50.000Z</time>
        <extensions>
          <ns3:TrackPointExtension>
            <ns3:hr>119</ns3:hr>
            <ns3:cad>85</ns3:cad>
          </ns3:TrackPointExtension>
        </extensions>
      </trkpt>
      <trkpt lat="34.18047719635069370269775390625" lon="108.93585409037768840789794921875">
        <ele>439.79998779296875</ele>
        <time>2026-09-12T11:47:51.000Z</time>
        <extensions>
          <ns3:TrackPointExtension>
            <ns3:hr>120</ns3:hr>
            <ns3:cad>85</ns3:cad>
          </ns3:TrackPointExtension>
        </extensions>
      </trkpt>
      <trkpt lat="34.18047836981713771820068359375" lon="108.93583330325782299041748046875">
        <ele>439.79998779296875</ele>
        <time>2026-09-12T11:47:52.000Z</time>
        <extensions>
          <ns3:TrackPointExtension>
            <ns3:hr>121</ns3:hr>
            <ns3:cad>85</ns3:cad>
          </ns3:TrackPointExtension>
        </extensions>
      </trkpt>
      <trkpt lat="34.18048390187323093414306640625" lon="108.93580488860607147216796875">
        <ele>439.600006103515625</ele>
        <time>2026-09-12T11:47:53.000Z</time>
        <extensions>
          <ns3:TrackPointExtension>
            <ns3:hr>121</ns3:hr>
            <ns3:cad>85</ns3:cad>
          </ns3:TrackPointExtension>
        </extensions>
      </trkpt>
      <trkpt lat="34.18048306368291378021240234375" lon="108.93577747978270053863525390625">
        <ele>439.600006103515625</ele>
        <time>2026-09-12T11:47:54.000Z</time>
        <extensions>
          <ns3:TrackPointExtension>
            <ns3:hr>122</ns3:hr>
            <ns3:cad>85</ns3:cad>
          </ns3:TrackPointExtension>
        </extensions>
      </trkpt>
      <trkpt lat="34.1804823093116283416748046875" lon="108.935748897492885589599609375">
        <ele>439.600006103515625</ele>
        <time>2026-09-12T11:47:55.000Z</time>
        <extensions>
          <ns3:TrackPointExtension>
            <ns3:hr>122</ns3:hr>
            <ns3:cad>85</ns3:cad>
          </ns3:TrackPointExtension>
        </extensions>
      </trkpt>
      <trkpt lat="34.18048507533967494964599609375" lon="108.93572333268821239471435546875">
        <ele>439.600006103515625</ele>
        <time>2026-09-12T11:47:56.000Z</time>
        <extensions>
          <ns3:TrackPointExtension>
            <ns3:hr>122</ns3:hr>
            <ns3:cad>85</ns3:cad>
          </ns3:TrackPointExtension>
        </extensions>
      </trkpt>
      <trkpt lat="34.18048289604485034942626953125" lon="108.9356991089880466461181640625">
        <ele>439.600006103515625</ele>
        <time>2026-09-12T11:47:57.000Z</time>
        <extensions>
          <ns3:TrackPointExtension>
            <ns3:hr>123</ns3:hr>
            <ns3:cad>86</ns3:cad>
          </ns3:TrackPointExtension>
        </extensions>
      </trkpt>
      <trkpt lat="34.1804839856922626495361328125" lon="108.9356706105172634124755859375">
        <ele>439.600006103515625</ele>
        <time>2026-09-12T11:47:58.000Z</time>
        <extensions>
          <ns3:TrackPointExtension>
            <ns3:hr>123</ns3:hr>
            <ns3:cad>86</ns3:cad>
          </ns3:TrackPointExtension>
        </extensions>
      </trkpt>
      <trkpt lat="34.1804819740355014801025390625" lon="108.93565066158771514892578125">
        <ele>439.600006103515625</ele>
        <time>2026-09-12T11:47:59.000Z</time>
        <extensions>
          <ns3:TrackPointExtension>
            <ns3:hr>123</ns3:hr>
            <ns3:cad>86</ns3:cad>
          </ns3:TrackPointExtension>
        </extensions>
      </trkpt>
      <trkpt lat="34.180481471121311187744140625" lon="108.93562375567853450775146484375">
        <ele>439.600006103515625</ele>
        <time>2026-09-12T11:48:00.000Z</time>
        <extensions>
          <ns3:TrackPointExtension>
            <ns3:hr>123</ns3:hr>
            <ns3:cad>85</ns3:cad>
          </ns3:TrackPointExtension>
        </extensions>
      </trkpt>
      <trkpt lat="34.180484153330326080322265625" lon="108.9356015436351299285888671875">
        <ele>439.600006103515625</ele>
        <time>2026-09-12T11:48:01.000Z</time>
        <extensions>
          <ns3:TrackPointExtension>
            <ns3:hr>123</ns3:hr>
            <ns3:cad>85</ns3:cad>
          </ns3:TrackPointExtension>
        </extensions>
      </trkpt>
      <trkpt lat="34.18048356659710407257080078125" lon="108.93558100797235965728759765625">
        <ele>439.600006103515625</ele>
        <time>2026-09-12T11:48:02.000Z</time>
        <extensions>
          <ns3:TrackPointExtension>
            <ns3:hr>123</ns3:hr>
            <ns3:cad>85</ns3:cad>
          </ns3:TrackPointExtension>
        </extensions>
      </trkpt>
      <trkpt lat="34.180481471121311187744140625" lon="108.935557119548320770263671875">
        <ele>439.600006103515625</ele>
        <time>2026-09-12T11:48:03.000Z</time>
        <extensions>
          <ns3:TrackPointExtension>
            <ns3:hr>124</ns3:hr>
            <ns3:cad>84</ns3:cad>
          </ns3:TrackPointExtension>
        </extensions>
      </trkpt>
      <trkpt lat="34.18047987855970859527587890625" lon="108.9355328120291233062744140625">
        <ele>439.600006103515625</ele>
        <time>2026-09-12T11:48:04.000Z</time>
        <extensions>
          <ns3:TrackPointExtension>
            <ns3:hr>123</ns3:hr>
            <ns3:cad>84</ns3:cad>
          </ns3:TrackPointExtension>
        </extensions>
      </trkpt>
      <trkpt lat="34.18048121966421604156494140625" lon="108.935505487024784088134765625">
        <ele>439.600006103515625</ele>
        <time>2026-09-12T11:48:05.000Z</time>
        <extensions>
          <ns3:TrackPointExtension>
            <ns3:hr>123</ns3:hr>
            <ns3:cad>84</ns3:cad>
          </ns3:TrackPointExtension>
        </extensions>
      </trkpt>
      <trkpt lat="34.18048088438808917999267578125" lon="108.935482688248157501220703125">
        <ele>439.600006103515625</ele>
        <time>2026-09-12T11:48:06.000Z</time>
        <extensions>
          <ns3:TrackPointExtension>
            <ns3:hr>124</ns3:hr>
            <ns3:cad>84</ns3:cad>
          </ns3:TrackPointExtension>
        </extensions>
      </trkpt>
      <trkpt lat="34.18048046529293060302734375" lon="108.9354560337960720062255859375">
        <ele>439.600006103515625</ele>
        <time>2026-09-12T11:48:07.000Z</time>
        <extensions>
          <ns3:TrackPointExtension>
            <ns3:hr>124</ns3:hr>
            <ns3:cad>84</ns3:cad>
          </ns3:TrackPointExtension>
        </extensions>
      </trkpt>
      <trkpt lat="34.18048004619777202606201171875" lon="108.93542963080108165740966796875">
        <ele>439.600006103515625</ele>
        <time>2026-09-12T11:48:08.000Z</time>
        <extensions>
          <ns3:TrackPointExtension>
            <ns3:hr>124</ns3:hr>
            <ns3:cad>84</ns3:cad>
          </ns3:TrackPointExtension>
        </extensions>
      </trkpt>
      <trkpt lat="34.1804769448935985565185546875" lon="108.93540934659540653228759765625">
        <ele>439.399993896484375</ele>
        <time>2026-09-12T11:48:09.000Z</time>
        <extensions>
          <ns3:TrackPointExtension>
            <ns3:hr>124</ns3:hr>
            <ns3:cad>85</ns3:cad>
          </ns3:TrackPointExtension>
        </extensions>
      </trkpt>
      <trkpt lat="34.18047820217907428741455078125" lon="108.9353819377720355987548828125">
        <ele>439.399993896484375</ele>
        <time>2026-09-12T11:48:10.000Z</time>
        <extensions>
          <ns3:TrackPointExtension>
            <ns3:hr>124</ns3:hr>
            <ns3:cad>85</ns3:cad>
          </ns3:TrackPointExtension>
        </extensions>
      </trkpt>
      <trkpt lat="34.180476106703281402587890625" lon="108.9353665150701999664306640625">
        <ele>439.399993896484375</ele>
        <time>2026-09-12T11:48:11.000Z</time>
        <extensions>
          <ns3:TrackPointExtension>
            <ns3:hr>125</ns3:hr>
            <ns3:cad>85</ns3:cad>
          </ns3:TrackPointExtension>
        </extensions>
      </trkpt>
      <trkpt lat="34.18047401122748851776123046875" lon="108.93534111790359020233154296875">
        <ele>439.600006103515625</ele>
        <time>2026-09-12T11:48:12.000Z</time>
        <extensions>
          <ns3:TrackPointExtension>
            <ns3:hr>125</ns3:hr>
            <ns3:cad>85</ns3:cad>
          </ns3:TrackPointExtension>
        </extensions>
      </trkpt>
      <trkpt lat="34.1804719157516956329345703125" lon="108.93531949259340763092041015625">
        <ele>439.600006103515625</ele>
        <time>2026-09-12T11:48:13.000Z</time>
        <extensions>
          <ns3:TrackPointExtension>
            <ns3:hr>124</ns3:hr>
            <ns3:cad>85</ns3:cad>
          </ns3:TrackPointExtension>
        </extensions>
      </trkpt>
      <trkpt lat="34.1804729215800762176513671875" lon="108.9352920837700366973876953125">
        <ele>439.600006103515625</ele>
        <time>2026-09-12T11:48:14.000Z</time>
        <extensions>
          <ns3:TrackPointExtension>
            <ns3:hr>124</ns3:hr>
            <ns3:cad>86</ns3:cad>
          </ns3:TrackPointExtension>
        </extensions>
      </trkpt>
      <trkpt lat="34.18047166429460048675537109375" lon="108.93526685424149036407470703125">
        <ele>439.600006103515625</ele>
        <time>2026-09-12T11:48:15.000Z</time>
        <extensions>
          <ns3:TrackPointExtension>
            <ns3:hr>125</ns3:hr>
            <ns3:cad>86</ns3:cad>
          </ns3:TrackPointExtension>
        </extensions>
      </trkpt>
      <trkpt lat="34.1804685629904270172119140625" lon="108.93524640239775180816650390625">
        <ele>439.600006103515625</ele>
        <time>2026-09-12T11:48:16.000Z</time>
        <extensions>
          <ns3:TrackPointExtension>
            <ns3:hr>125</ns3:hr>
            <ns3:cad>86</ns3:cad>
          </ns3:TrackPointExtension>
        </extensions>
      </trkpt>
      <trkpt lat="34.180470742285251617431640625" lon="108.9352176524698734283447265625">
        <ele>439.600006103515625</ele>
        <time>2026-09-12T11:48:17.000Z</time>
        <extensions>
          <ns3:TrackPointExtension>
            <ns3:hr>125</ns3:hr>
            <ns3:cad>86</ns3:cad>
          </ns3:TrackPointExtension>
        </extensions>
      </trkpt>
      <trkpt lat="34.18046914972364902496337890625" lon="108.93519627861678600311279296875">
        <ele>439.600006103515625</ele>
        <time>2026-09-12T11:48:18.000Z</time>
        <extensions>
          <ns3:TrackPointExtension>
            <ns3:hr>125</ns3:hr>
            <ns3:cad>86</ns3:cad>
          </ns3:TrackPointExtension>
        </extensions>
      </trkpt>
      <trkpt lat="34.1804705746471881866455078125" lon="108.93516057170927524566650390625">
        <ele>439.600006103515625</ele>
        <time>2026-09-12T11:48:19.000Z</time>
        <extensions>
          <ns3:TrackPointExtension>
            <ns3:hr>125</ns3:hr>
            <ns3:cad>86</ns3:cad>
          </ns3:TrackPointExtension>
        </extensions>
      </trkpt>
      <trkpt lat="34.18047434650361537933349609375" lon="108.93513693474233150482177734375">
        <ele>439.399993896484375</ele>
        <time>2026-09-12T11:48:20.000Z</time>
        <extensions>
          <ns3:TrackPointExtension>
            <ns3:hr>126</ns3:hr>
            <ns3:cad>86</ns3:cad>
          </ns3:TrackPointExtension>
        </extensions>
      </trkpt>
      <trkpt lat="34.1804749332368373870849609375" lon="108.9351148903369903564453125">
        <ele>439.399993896484375</ele>
        <time>2026-09-12T11:48:21.000Z</time>
        <extensions>
          <ns3:TrackPointExtension>
            <ns3:hr>126</ns3:hr>
            <ns3:cad>86</ns3:cad>
          </ns3:TrackPointExtension>
        </extensions>
      </trkpt>
      <trkpt lat="34.18047887273132801055908203125" lon="108.9350880682468414306640625">
        <ele>439.399993896484375</ele>
        <time>2026-09-12T11:48:22.000Z</time>
        <extensions>
          <ns3:TrackPointExtension>
            <ns3:hr>126</ns3:hr>
            <ns3:cad>85</ns3:cad>
          </ns3:TrackPointExtension>
        </extensions>
      </trkpt>
      <trkpt lat="34.18047853745520114898681640625" lon="108.935069628059864044189453125">
        <ele>439.399993896484375</ele>
        <time>2026-09-12T11:48:23.000Z</time>
        <extensions>
          <ns3:TrackPointExtension>
            <ns3:hr>126</ns3:hr>
            <ns3:cad>85</ns3:cad>
          </ns3:TrackPointExtension>
        </extensions>
      </trkpt>
      <trkpt lat="34.18047619052231311798095703125" lon="108.9350429736077785491943359375">
        <ele>439.399993896484375</ele>
        <time>2026-09-12T11:48:24.000Z</time>
        <extensions>
          <ns3:TrackPointExtension>
            <ns3:hr>126</ns3:hr>
            <ns3:cad>85</ns3:cad>
          </ns3:TrackPointExtension>
        </extensions>
      </trkpt>
      <trkpt lat="34.1804752685129642486572265625" lon="108.93501757644116878509521484375">
        <ele>439.399993896484375</ele>
        <time>2026-09-12T11:48:25.000Z</time>
        <extensions>
          <ns3:TrackPointExtension>
            <ns3:hr>127</ns3:hr>
            <ns3:cad>85</ns3:cad>
          </ns3:TrackPointExtension>
        </extensions>
      </trkpt>
      <trkpt lat="34.18047199957072734832763671875" lon="108.93499083817005157470703125">
        <ele>439.399993896484375</ele>
        <time>2026-09-12T11:48:26.000Z</time>
        <extensions>
          <ns3:TrackPointExtension>
            <ns3:hr>127</ns3:hr>
            <ns3:cad>85</ns3:cad>
          </ns3:TrackPointExtension>
        </extensions>
      </trkpt>
      <trkpt lat="34.180471412837505340576171875" lon="108.93496477045118808746337890625">
        <ele>439.399993896484375</ele>
        <time>2026-09-12T11:48:27.000Z</time>
        <extensions>
          <ns3:TrackPointExtension>
            <ns3:hr>127</ns3:hr>
            <ns3:cad>84</ns3:cad>
          </ns3:TrackPointExtension>
        </extensions>
      </trkpt>
      <trkpt lat="34.1804675571620464324951171875" lon="108.93494465388357639312744140625">
        <ele>439.399993896484375</ele>
        <time>2026-09-12T11:48:28.000Z</time>
        <extensions>
          <ns3:TrackPointExtension>
            <ns3:hr>127</ns3:hr>
            <ns3:cad>84</ns3:cad>
          </ns3:TrackPointExtension>
        </extensions>
      </trkpt>
      <trkpt lat="34.1804688982665538787841796875" lon="108.9349128864705562591552734375">
        <ele>439.399993896484375</ele>
        <time>2026-09-12T11:48:29.000Z</time>
        <extensions>
          <ns3:TrackPointExtension>
            <ns3:hr>126</ns3:hr>
            <ns3:cad>84</ns3:cad>
          </ns3:TrackPointExtension>
        </extensions>
      </trkpt>
      <trkpt lat="34.18047166429460048675537109375" lon="108.93489050678908824920654296875">
        <ele>439.399993896484375</ele>
        <time>2026-09-12T11:48:30.000Z</time>
        <extensions>
          <ns3:TrackPointExtension>
            <ns3:hr>127</ns3:hr>
            <ns3:cad>84</ns3:cad>
          </ns3:TrackPointExtension>
        </extensions>
      </trkpt>
      <trkpt lat="34.1804756037890911102294921875" lon="108.93486334942281246185302734375">
        <ele>439.399993896484375</ele>
        <time>2026-09-12T11:48:31.000Z</time>
        <extensions>
          <ns3:TrackPointExtension>
            <ns3:hr>127</ns3:hr>
            <ns3:cad>84</ns3:cad>
          </ns3:TrackPointExtension>
        </extensions>
      </trkpt>
      <trkpt lat="34.18048205785453319549560546875" lon="108.93483887426555156707763671875">
        <ele>439.399993896484375</ele>
        <time>2026-09-12T11:48:32.000Z</time>
        <extensions>
          <ns3:TrackPointExtension>
            <ns3:hr>127</ns3:hr>
            <ns3:cad>84</ns3:cad>
          </ns3:TrackPointExtension>
        </extensions>
      </trkpt>
      <trkpt lat="34.1804853267967700958251953125" lon="108.93481657840311527252197265625">
        <ele>439.399993896484375</ele>
        <time>2026-09-12T11:48:33.000Z</time>
        <extensions>
          <ns3:TrackPointExtension>
            <ns3:hr>126</ns3:hr>
            <ns3:cad>84</ns3:cad>
          </ns3:TrackPointExtension>
        </extensions>
      </trkpt>
      <trkpt lat="34.18050016276538372039794921875" lon="108.93478833138942718505859375">
        <ele>439.399993896484375</ele>
        <time>2026-09-12T11:48:34.000Z</time>
        <extensions>
          <ns3:TrackPointExtension>
            <ns3:hr>127</ns3:hr>
            <ns3:cad>84</ns3:cad>
          </ns3:TrackPointExtension>
        </extensions>
      </trkpt>
      <trkpt lat="34.180509634315967559814453125" lon="108.93476494587957859039306640625">
        <ele>439.399993896484375</ele>
        <time>2026-09-12T11:48:35.000Z</time>
        <extensions>
          <ns3:TrackPointExtension>
            <ns3:hr>127</ns3:hr>
            <ns3:cad>83</ns3:cad>
          </ns3:TrackPointExtension>
        </extensions>
      </trkpt>
      <trkpt lat="34.18052648194134235382080078125" lon="108.93473745323717594146728515625">
        <ele>439.399993896484375</ele>
        <time>2026-09-12T11:48:36.000Z</time>
        <extensions>
          <ns3:TrackPointExtension>
            <ns3:hr>127</ns3:hr>
            <ns3:cad>83</ns3:cad>
          </ns3:TrackPointExtension>
        </extensions>
      </trkpt>
      <trkpt lat="34.18054140172898769378662109375" lon="108.93471884541213512420654296875">
        <ele>439.20001220703125</ele>
        <time>2026-09-12T11:48:37.000Z</time>
        <extensions>
          <ns3:TrackPointExtension>
            <ns3:hr>127</ns3:hr>
            <ns3:cad>84</ns3:cad>
          </ns3:TrackPointExtension>
        </extensions>
      </trkpt>
      <trkpt lat="34.1805587522685527801513671875" lon="108.93470191396772861480712890625">
        <ele>439.20001220703125</ele>
        <time>2026-09-12T11:48:38.000Z</time>
        <extensions>
          <ns3:TrackPointExtension>
            <ns3:hr>127</ns3:hr>
            <ns3:cad>85</ns3:cad>
          </ns3:TrackPointExtension>
        </extensions>
      </trkpt>
      <trkpt lat="34.18058012612164020538330078125" lon="108.934690095484256744384765625">
        <ele>439.20001220703125</ele>
        <time>2026-09-12T11:48:39.000Z</time>
        <extensions>
          <ns3:TrackPointExtension>
            <ns3:hr>127</ns3:hr>
            <ns3:cad>85</ns3:cad>
          </ns3:TrackPointExtension>
        </extensions>
      </trkpt>
      <trkpt lat="34.18059823103249073028564453125" lon="108.93467995338141918182373046875">
        <ele>439.20001220703125</ele>
        <time>2026-09-12T11:48:40.000Z</time>
        <extensions>
          <ns3:TrackPointExtension>
            <ns3:hr>127</ns3:hr>
            <ns3:cad>85</ns3:cad>
          </ns3:TrackPointExtension>
        </extensions>
      </trkpt>
      <trkpt lat="34.1806258074939250946044921875" lon="108.93467299640178680419921875">
        <ele>439</ele>
        <time>2026-09-12T11:48:41.000Z</time>
        <extensions>
          <ns3:TrackPointExtension>
            <ns3:hr>127</ns3:hr>
            <ns3:cad>85</ns3:cad>
          </ns3:TrackPointExtension>
        </extensions>
      </trkpt>
      <trkpt lat="34.180643074214458465576171875" lon="108.93466687761247158050537109375">
        <ele>439</ele>
        <time>2026-09-12T11:48:42.000Z</time>
        <extensions>
          <ns3:TrackPointExtension>
            <ns3:hr>127</ns3:hr>
            <ns3:cad>85</ns3:cad>
          </ns3:TrackPointExtension>
        </extensions>
      </trkpt>
      <trkpt lat="34.1806673817336559295654296875" lon="108.9346580766141414642333984375">
        <ele>439</ele>
        <time>2026-09-12T11:48:43.000Z</time>
        <extensions>
          <ns3:TrackPointExtension>
            <ns3:hr>128</ns3:hr>
            <ns3:cad>85</ns3:cad>
          </ns3:TrackPointExtension>
        </extensions>
      </trkpt>
      <trkpt lat="34.18068858794867992401123046875" lon="108.9346503652632236480712890625">
        <ele>439</ele>
        <time>2026-09-12T11:48:44.000Z</time>
        <extensions>
          <ns3:TrackPointExtension>
            <ns3:hr>128</ns3:hr>
            <ns3:cad>85</ns3:cad>
          </ns3:TrackPointExtension>
        </extensions>
      </trkpt>
      <trkpt lat="34.1807086206972599029541015625" lon="108.9346399717032909393310546875">
        <ele>439</ele>
        <time>2026-09-12T11:48:45.000Z</time>
        <extensions>
          <ns3:TrackPointExtension>
            <ns3:hr>128</ns3:hr>
            <ns3:cad>85</ns3:cad>
          </ns3:TrackPointExtension>
        </extensions>
      </trkpt>
      <trkpt lat="34.18073301203548908233642578125" lon="108.93464307300746440887451171875">
        <ele>438.79998779296875</ele>
        <time>2026-09-12T11:48:46.000Z</time>
        <extensions>
          <ns3:TrackPointExtension>
            <ns3:hr>128</ns3:hr>
            <ns3:cad>85</ns3:cad>
          </ns3:TrackPointExtension>
        </extensions>
      </trkpt>
      <trkpt lat="34.18074910528957843780517578125" lon="108.93464022316038608551025390625">
        <ele>438.79998779296875</ele>
        <time>2026-09-12T11:48:47.000Z</time>
        <extensions>
          <ns3:TrackPointExtension>
            <ns3:hr>127</ns3:hr>
            <ns3:cad>85</ns3:cad>
          </ns3:TrackPointExtension>
        </extensions>
      </trkpt>
      <trkpt lat="34.180781207978725433349609375" lon="108.9346426539123058319091796875">
        <ele>438.79998779296875</ele>
        <time>2026-09-12T11:48:48.000Z</time>
        <extensions>
          <ns3:TrackPointExtension>
            <ns3:hr>128</ns3:hr>
            <ns3:cad>85</ns3:cad>
          </ns3:TrackPointExtension>
        </extensions>
      </trkpt>
      <trkpt lat="34.18080559931695461273193359375" lon="108.93464558757841587066650390625">
        <ele>438.79998779296875</ele>
        <time>2026-09-12T11:48:49.000Z</time>
        <extensions>
          <ns3:TrackPointExtension>
            <ns3:hr>128</ns3:hr>
            <ns3:cad>85</ns3:cad>
          </ns3:TrackPointExtension>
        </extensions>
      </trkpt>
      <trkpt lat="34.1808273084461688995361328125" lon="108.93464223481714725494384765625">
        <ele>438.79998779296875</ele>
        <time>2026-09-12T11:48:50.000Z</time>
        <extensions>
          <ns3:TrackPointExtension>
            <ns3:hr>128</ns3:hr>
            <ns3:cad>86</ns3:cad>
          </ns3:TrackPointExtension>
        </extensions>
      </trkpt>
      <trkpt lat="34.18085035867989063262939453125" lon="108.9346406422555446624755859375">
        <ele>438.79998779296875</ele>
        <time>2026-09-12T11:48:51.000Z</time>
        <extensions>
          <ns3:TrackPointExtension>
            <ns3:hr>128</ns3:hr>
            <ns3:cad>86</ns3:cad>
          </ns3:TrackPointExtension>
        </extensions>
      </trkpt>
      <trkpt lat="34.1808692179620265960693359375" lon="108.934630416333675384521484375">
        <ele>438.600006103515625</ele>
        <time>2026-09-12T11:48:52.000Z</time>
        <extensions>
          <ns3:TrackPointExtension>
            <ns3:hr>128</ns3:hr>
            <ns3:cad>86</ns3:cad>
          </ns3:TrackPointExtension>
        </extensions>
      </trkpt>
      <trkpt lat="34.180893190205097198486328125" lon="108.93462664447724819183349609375">
        <ele>438.600006103515625</ele>
        <time>2026-09-12T11:48:53.000Z</time>
        <extensions>
          <ns3:TrackPointExtension>
            <ns3:hr>127</ns3:hr>
            <ns3:cad>86</ns3:cad>
          </ns3:TrackPointExtension>
        </extensions>
      </trkpt>
      <trkpt lat="34.1809141449630260467529296875" lon="108.93462630920112133026123046875">
        <ele>438.600006103515625</ele>
        <time>2026-09-12T11:48:54.000Z</time>
        <extensions>
          <ns3:TrackPointExtension>
            <ns3:hr>128</ns3:hr>
            <ns3:cad>86</ns3:cad>
          </ns3:TrackPointExtension>
        </extensions>
      </trkpt>
      <trkpt lat="34.18093769811093807220458984375" lon="108.934626393020153045654296875">
        <ele>438.600006103515625</ele>
        <time>2026-09-12T11:48:55.000Z</time>
        <extensions>
          <ns3:TrackPointExtension>
            <ns3:hr>128</ns3:hr>
            <ns3:cad>86</ns3:cad>
          </ns3:TrackPointExtension>
        </extensions>
      </trkpt>
      <trkpt lat="34.18095395900309085845947265625" lon="108.93463284708559513092041015625">
        <ele>438.399993896484375</ele>
        <time>2026-09-12T11:48:56.000Z</time>
        <extensions>
          <ns3:TrackPointExtension>
            <ns3:hr>128</ns3:hr>
            <ns3:cad>86</ns3:cad>
          </ns3:TrackPointExtension>
        </extensions>
      </trkpt>
      <trkpt lat="34.18097709305584430694580078125" lon="108.934637792408466339111328125">
        <ele>438.399993896484375</ele>
        <time>2026-09-12T11:48:57.000Z</time>
        <extensions>
          <ns3:TrackPointExtension>
            <ns3:hr>128</ns3:hr>
            <ns3:cad>86</ns3:cad>
          </ns3:TrackPointExtension>
        </extensions>
      </trkpt>
      <trkpt lat="34.18099419213831424713134765625" lon="108.93463083542883396148681640625">
        <ele>438.399993896484375</ele>
        <time>2026-09-12T11:48:58.000Z</time>
        <extensions>
          <ns3:TrackPointExtension>
            <ns3:hr>129</ns3:hr>
            <ns3:cad>87</ns3:cad>
          </ns3:TrackPointExtension>
        </extensions>
      </trkpt>
      <trkpt lat="34.18101246468722820281982421875" lon="108.93463016487658023834228515625">
        <ele>438.399993896484375</ele>
        <time>2026-09-12T11:48:59.000Z</time>
        <extensions>
          <ns3:TrackPointExtension>
            <ns3:hr>129</ns3:hr>
            <ns3:cad>87</ns3:cad>
          </ns3:TrackPointExtension>
        </extensions>
      </trkpt>
      <trkpt lat="34.18103392235934734344482421875" lon="108.93462563864886760711669921875">
        <ele>438.600006103515625</ele>
        <time>2026-09-12T11:49:00.000Z</time>
        <extensions>
          <ns3:TrackPointExtension>
            <ns3:hr>129</ns3:hr>
            <ns3:cad>87</ns3:cad>
          </ns3:TrackPointExtension>
        </extensions>
      </trkpt>
      <trkpt lat="34.18105286546051502227783203125" lon="108.93462245352566242218017578125">
        <ele>438.399993896484375</ele>
        <time>2026-09-12T11:49:01.000Z</time>
        <extensions>
          <ns3:TrackPointExtension>
            <ns3:hr>129</ns3:hr>
            <ns3:cad>87</ns3:cad>
          </ns3:TrackPointExtension>
        </extensions>
      </trkpt>
      <trkpt lat="34.1810777597129344940185546875" lon="108.9346191845834255218505859375">
        <ele>438.399993896484375</ele>
        <time>2026-09-12T11:49:02.000Z</time>
        <extensions>
          <ns3:TrackPointExtension>
            <ns3:hr>129</ns3:hr>
            <ns3:cad>87</ns3:cad>
          </ns3:TrackPointExtension>
        </extensions>
      </trkpt>
      <trkpt lat="34.18109745718538761138916015625" lon="108.93461667001247406005859375">
        <ele>438.399993896484375</ele>
        <time>2026-09-12T11:49:03.000Z</time>
        <extensions>
          <ns3:TrackPointExtension>
            <ns3:hr>129</ns3:hr>
            <ns3:cad>86</ns3:cad>
          </ns3:TrackPointExtension>
        </extensions>
      </trkpt>
      <trkpt lat="34.18112159706652164459228515625" lon="108.9346168376505374908447265625">
        <ele>438.399993896484375</ele>
        <time>2026-09-12T11:49:04.000Z</time>
        <extensions>
          <ns3:TrackPointExtension>
            <ns3:hr>130</ns3:hr>
            <ns3:cad>87</ns3:cad>
          </ns3:TrackPointExtension>
        </extensions>
      </trkpt>
      <trkpt lat="34.1811384446918964385986328125" lon="108.93461667001247406005859375">
        <ele>438.20001220703125</ele>
        <time>2026-09-12T11:49:05.000Z</time>
        <extensions>
          <ns3:TrackPointExtension>
            <ns3:hr>130</ns3:hr>
            <ns3:cad>87</ns3:cad>
          </ns3:TrackPointExtension>
        </extensions>
      </trkpt>
      <trkpt lat="34.18115998618304729461669921875" lon="108.93461960367858409881591796875">
        <ele>438.20001220703125</ele>
        <time>2026-09-12T11:49:06.000Z</time>
        <extensions>
          <ns3:TrackPointExtension>
            <ns3:hr>130</ns3:hr>
            <ns3:cad>87</ns3:cad>
          </ns3:TrackPointExtension>
        </extensions>
      </trkpt>
      <trkpt lat="34.181178510189056396484375" lon="108.9346238784492015838623046875">
        <ele>438.20001220703125</ele>
        <time>2026-09-12T11:49:07.000Z</time>
        <extensions>
          <ns3:TrackPointExtension>
            <ns3:hr>130</ns3:hr>
            <ns3:cad>87</ns3:cad>
          </ns3:TrackPointExtension>
        </extensions>
      </trkpt>
      <trkpt lat="34.18119787238538265228271484375" lon="108.9346238784492015838623046875">
        <ele>438.20001220703125</ele>
        <time>2026-09-12T11:49:08.000Z</time>
        <extensions>
          <ns3:TrackPointExtension>
            <ns3:hr>130</ns3:hr>
            <ns3:cad>87</ns3:cad>
          </ns3:TrackPointExtension>
        </extensions>
      </trkpt>
      <trkpt lat="34.18122385628521442413330078125" lon="108.93462739884853363037109375">
        <ele>438.20001220703125</ele>
        <time>2026-09-12T11:49:09.000Z</time>
        <extensions>
          <ns3:TrackPointExtension>
            <ns3:hr>131</ns3:hr>
            <ns3:cad>86</ns3:cad>
          </ns3:TrackPointExtension>
        </extensions>
      </trkpt>
      <trkpt lat="34.1812386922538280487060546875" lon="108.93462412990629673004150390625">
        <ele>438.20001220703125</ele>
        <time>2026-09-12T11:49:10.000Z</time>
        <extensions>
          <ns3:TrackPointExtension>
            <ns3:hr>131</ns3:hr>
            <ns3:cad>86</ns3:cad>
          </ns3:TrackPointExtension>
        </extensions>
      </trkpt>
      <trkpt lat="34.1812608204782009124755859375" lon="108.93462647683918476104736328125">
        <ele>438</ele>
        <time>2026-09-12T11:49:11.000Z</time>
        <extensions>
          <ns3:TrackPointExtension>
            <ns3:hr>131</ns3:hr>
            <ns3:cad>86</ns3:cad>
          </ns3:TrackPointExtension>
        </extensions>
      </trkpt>
      <trkpt lat="34.18127263896167278289794921875" lon="108.93462832085788249969482421875">
        <ele>438</ele>
        <time>2026-09-12T11:49:12.000Z</time>
        <extensions>
          <ns3:TrackPointExtension>
            <ns3:hr>131</ns3:hr>
            <ns3:cad>86</ns3:cad>
          </ns3:TrackPointExtension>
        </extensions>
      </trkpt>
      <trkpt lat="34.1813040710985660552978515625" lon="108.93463318236172199249267578125">
        <ele>438</ele>
        <time>2026-09-12T11:49:13.000Z</time>
        <extensions>
          <ns3:TrackPointExtension>
            <ns3:hr>130</ns3:hr>
            <ns3:cad>86</ns3:cad>
          </ns3:TrackPointExtension>
        </extensions>
      </trkpt>
      <trkpt lat="34.181324355304241180419921875" lon="108.93463636748492717742919921875">
        <ele>438</ele>
        <time>2026-09-12T11:49:14.000Z</time>
        <extensions>
          <ns3:TrackPointExtension>
            <ns3:hr>131</ns3:hr>
            <ns3:cad>86</ns3:cad>
          </ns3:TrackPointExtension>
        </extensions>
      </trkpt>
      <trkpt lat="34.181352518498897552490234375" lon="108.934637792408466339111328125">
        <ele>438</ele>
        <time>2026-09-12T11:49:15.000Z</time>
        <extensions>
          <ns3:TrackPointExtension>
            <ns3:hr>131</ns3:hr>
            <ns3:cad>86</ns3:cad>
          </ns3:TrackPointExtension>
        </extensions>
      </trkpt>
      <trkpt lat="34.181376658380031585693359375" lon="108.93464307300746440887451171875">
        <ele>438</ele>
        <time>2026-09-12T11:49:16.000Z</time>
        <extensions>
          <ns3:TrackPointExtension>
            <ns3:hr>131</ns3:hr>
            <ns3:cad>86</ns3:cad>
          </ns3:TrackPointExtension>
        </extensions>
      </trkpt>
      <trkpt lat="34.18139669112861156463623046875" lon="108.934635110199451446533203125">
        <ele>438</ele>
        <time>2026-09-12T11:49:17.000Z</time>
        <extensions>
          <ns3:TrackPointExtension>
            <ns3:hr>131</ns3:hr>
            <ns3:cad>86</ns3:cad>
          </ns3:TrackPointExtension>
        </extensions>
      </trkpt>
      <trkpt lat="34.1814230941236019134521484375" lon="108.93463083542883396148681640625">
        <ele>437.79998779296875</ele>
        <time>2026-09-12T11:49:18.000Z</time>
        <extensions>
          <ns3:TrackPointExtension>
            <ns3:hr>131</ns3:hr>
            <ns3:cad>86</ns3:cad>
          </ns3:TrackPointExtension>
        </extensions>
      </trkpt>
      <trkpt lat="34.18144077993929386138916015625" lon="108.934628069400787353515625">
        <ele>437.79998779296875</ele>
        <time>2026-09-12T11:49:19.000Z</time>
        <extensions>
          <ns3:TrackPointExtension>
            <ns3:hr>131</ns3:hr>
            <ns3:cad>86</ns3:cad>
          </ns3:TrackPointExtension>
        </extensions>
      </trkpt>
      <trkpt lat="34.18146709911525249481201171875" lon="108.93462245352566242218017578125">
        <ele>437.79998779296875</ele>
        <time>2026-09-12T11:49:20.000Z</time>
        <extensions>
          <ns3:TrackPointExtension>
            <ns3:hr>132</ns3:hr>
            <ns3:cad>86</ns3:cad>
          </ns3:TrackPointExtension>
        </extensions>
      </trkpt>
      <trkpt lat="34.181481935083866119384765625" lon="108.9346181787550449371337890625">
        <ele>437.600006103515625</ele>
        <time>2026-09-12T11:49:21.000Z</time>
        <extensions>
          <ns3:TrackPointExtension>
            <ns3:hr>132</ns3:hr>
            <ns3:cad>86</ns3:cad>
          </ns3:TrackPointExtension>
        </extensions>
      </trkpt>
      <trkpt lat="34.18150045908987522125244140625" lon="108.9346133172512054443359375">
        <ele>437.600006103515625</ele>
        <time>2026-09-12T11:49:22.000Z</time>
        <extensions>
          <ns3:TrackPointExtension>
            <ns3:hr>132</ns3:hr>
            <ns3:cad>86</ns3:cad>
          </ns3:TrackPointExtension>
        </extensions>
      </trkpt>
      <trkpt lat="34.1815233416855335235595703125" lon="108.9346061088144779205322265625">
        <ele>437.600006103515625</ele>
        <time>2026-09-12T11:49:23.000Z</time>
        <extensions>
          <ns3:TrackPointExtension>
            <ns3:hr>132</ns3:hr>
            <ns3:cad>86</ns3:cad>
          </ns3:TrackPointExtension>
        </extensions>
      </trkpt>
      <trkpt lat="34.1815498284995555877685546875" lon="108.9346017502248287200927734375">
        <ele>437.600006103515625</ele>
        <time>2026-09-12T11:49:24.000Z</time>
        <extensions>
          <ns3:TrackPointExtension>
            <ns3:hr>133</ns3:hr>
            <ns3:cad>86</ns3:cad>
          </ns3:TrackPointExtension>
        </extensions>
      </trkpt>
      <trkpt lat="34.18157639913260936737060546875" lon="108.9345997385680675506591796875">
        <ele>437.600006103515625</ele>
        <time>2026-09-12T11:49:25.000Z</time>
        <extensions>
          <ns3:TrackPointExtension>
            <ns3:hr>133</ns3:hr>
            <ns3:cad>86</ns3:cad>
          </ns3:TrackPointExtension>
        </extensions>
      </trkpt>
      <trkpt lat="34.1816024668514728546142578125" lon="108.93459663726389408111572265625">
        <ele>437.600006103515625</ele>
        <time>2026-09-12T11:49:26.000Z</time>
        <extensions>
          <ns3:TrackPointExtension>
            <ns3:hr>133</ns3:hr>
            <ns3:cad>86</ns3:cad>
          </ns3:TrackPointExtension>
        </extensions>
      </trkpt>
      <trkpt lat="34.181629456579685211181640625" lon="108.934594206511974334716796875">
        <ele>437.600006103515625</ele>
        <time>2026-09-12T11:49:27.000Z</time>
        <extensions>
          <ns3:TrackPointExtension>
            <ns3:hr>133</ns3:hr>
            <ns3:cad>86</ns3:cad>
          </ns3:TrackPointExtension>
        </extensions>
      </trkpt>
      <trkpt lat="34.1816519200801849365234375" lon="108.9345886744558811187744140625">
        <ele>437.600006103515625</ele>
        <time>2026-09-12T11:49:28.000Z</time>
        <extensions>
          <ns3:TrackPointExtension>
            <ns3:hr>133</ns3:hr>
            <ns3:cad>86</ns3:cad>
          </ns3:TrackPointExtension>
        </extensions>
      </trkpt>
      <trkpt lat="34.181682765483856201171875" lon="108.9345843158662319183349609375">
        <ele>437.399993896484375</ele>
        <time>2026-09-12T11:49:29.000Z</time>
        <extensions>
          <ns3:TrackPointExtension>
            <ns3:hr>134</ns3:hr>
            <ns3:cad>86</ns3:cad>
          </ns3:TrackPointExtension>
        </extensions>
      </trkpt>
      <trkpt lat="34.1817060671746730804443359375" lon="108.934582807123661041259765625">
        <ele>437.399993896484375</ele>
        <time>2026-09-12T11:49:30.000Z</time>
        <extensions>
          <ns3:TrackPointExtension>
            <ns3:hr>134</ns3:hr>
            <ns3:cad>86</ns3:cad>
          </ns3:TrackPointExtension>
        </extensions>
      </trkpt>
      <trkpt lat="34.18172727338969707489013671875" lon="108.93457911908626556396484375">
        <ele>437.399993896484375</ele>
        <time>2026-09-12T11:49:31.000Z</time>
        <extensions>
          <ns3:TrackPointExtension>
            <ns3:hr>134</ns3:hr>
            <ns3:cad>86</ns3:cad>
          </ns3:TrackPointExtension>
        </extensions>
      </trkpt>
      <trkpt lat="34.181748814880847930908203125" lon="108.93457836471498012542724609375">
        <ele>437.399993896484375</ele>
        <time>2026-09-12T11:49:32.000Z</time>
        <extensions>
          <ns3:TrackPointExtension>
            <ns3:hr>135</ns3:hr>
            <ns3:cad>86</ns3:cad>
          </ns3:TrackPointExtension>
        </extensions>
      </trkpt>
      <trkpt lat="34.1817664168775081634521484375" lon="108.93457534722983837127685546875">
        <ele>437.399993896484375</ele>
        <time>2026-09-12T11:49:33.000Z</time>
        <extensions>
          <ns3:TrackPointExtension>
            <ns3:hr>135</ns3:hr>
            <ns3:cad>86</ns3:cad>
          </ns3:TrackPointExtension>
        </extensions>
      </trkpt>
      <trkpt lat="34.18179416097700595855712890625" lon="108.93457165919244289398193359375">
        <ele>437.399993896484375</ele>
        <time>2026-09-12T11:49:34.000Z</time>
        <extensions>
          <ns3:TrackPointExtension>
            <ns3:hr>135</ns3:hr>
            <ns3:cad>86</ns3:cad>
          </ns3:TrackPointExtension>
        </extensions>
      </trkpt>
      <trkpt lat="34.181816540658473968505859375" lon="108.9345719106495380401611328125">
        <ele>437.399993896484375</ele>
        <time>2026-09-12T11:49:35.000Z</time>
        <extensions>
          <ns3:TrackPointExtension>
            <ns3:hr>135</ns3:hr>
            <ns3:cad>86</ns3:cad>
          </ns3:TrackPointExtension>
        </extensions>
      </trkpt>
      <trkpt lat="34.181843698024749755859375" lon="108.9345715753734111785888671875">
        <ele>437.399993896484375</ele>
        <time>2026-09-12T11:49:36.000Z</time>
        <extensions>
          <ns3:TrackPointExtension>
            <ns3:hr>135</ns3:hr>
            <ns3:cad>86</ns3:cad>
          </ns3:TrackPointExtension>
        </extensions>
      </trkpt>
      <trkpt lat="34.18186523951590061187744140625" lon="108.9345766045153141021728515625">
        <ele>437.399993896484375</ele>
        <time>2026-09-12T11:49:37.000Z</time>
        <extensions>
          <ns3:TrackPointExtension>
            <ns3:hr>135</ns3:hr>
            <ns3:cad>86</ns3:cad>
          </ns3:TrackPointExtension>
        </extensions>
      </trkpt>
      <trkpt lat="34.1818861104547977447509765625" lon="108.9345806278288364410400390625">
        <ele>437.20001220703125</ele>
        <time>2026-09-12T11:49:38.000Z</time>
        <extensions>
          <ns3:TrackPointExtension>
            <ns3:hr>135</ns3:hr>
            <ns3:cad>86</ns3:cad>
          </ns3:TrackPointExtension>
        </extensions>
      </trkpt>
      <trkpt lat="34.18191234581172466278076171875" lon="108.9345839805901050567626953125">
        <ele>437.20001220703125</ele>
        <time>2026-09-12T11:49:39.000Z</time>
        <extensions>
          <ns3:TrackPointExtension>
            <ns3:hr>135</ns3:hr>
            <ns3:cad>86</ns3:cad>
          </ns3:TrackPointExtension>
        </extensions>
      </trkpt>
      <trkpt lat="34.18192793615162372589111328125" lon="108.93458724953234195709228515625">
        <ele>437.20001220703125</ele>
        <time>2026-09-12T11:49:40.000Z</time>
        <extensions>
          <ns3:TrackPointExtension>
            <ns3:hr>135</ns3:hr>
            <ns3:cad>85</ns3:cad>
          </ns3:TrackPointExtension>
        </extensions>
      </trkpt>
      <trkpt lat="34.18195425532758235931396484375" lon="108.93458993174135684967041015625">
        <ele>437.20001220703125</ele>
        <time>2026-09-12T11:49:41.000Z</time>
        <extensions>
          <ns3:TrackPointExtension>
            <ns3:hr>135</ns3:hr>
            <ns3:cad>85</ns3:cad>
          </ns3:TrackPointExtension>
        </extensions>
      </trkpt>
      <trkpt lat="34.18197453953325748443603515625" lon="108.934597559273242950439453125">
        <ele>437</ele>
        <time>2026-09-12T11:49:42.000Z</time>
        <extensions>
          <ns3:TrackPointExtension>
            <ns3:hr>134</ns3:hr>
            <ns3:cad>85</ns3:cad>
          </ns3:TrackPointExtension>
        </extensions>
      </trkpt>
      <trkpt lat="34.182000942528247833251953125" lon="108.93460066057741641998291015625">
        <ele>437</ele>
        <time>2026-09-12T11:49:43.000Z</time>
        <extensions>
          <ns3:TrackPointExtension>
            <ns3:hr>134</ns3:hr>
            <ns3:cad>86</ns3:cad>
          </ns3:TrackPointExtension>
        </extensions>
      </trkpt>
      <trkpt lat="34.182022400200366973876953125" lon="108.9346017502248287200927734375">
        <ele>437</ele>
        <time>2026-09-12T11:49:44.000Z</time>
        <extensions>
          <ns3:TrackPointExtension>
            <ns3:hr>134</ns3:hr>
            <ns3:cad>86</ns3:cad>
          </ns3:TrackPointExtension>
        </extensions>
      </trkpt>
      <trkpt lat="34.1820436902344226837158203125" lon="108.9345999062061309814453125">
        <ele>437</ele>
        <time>2026-09-12T11:49:45.000Z</time>
        <extensions>
          <ns3:TrackPointExtension>
            <ns3:hr>134</ns3:hr>
            <ns3:cad>86</ns3:cad>
          </ns3:TrackPointExtension>
        </extensions>
      </trkpt>
      <trkpt lat="34.18206539936363697052001953125" lon="108.9346077851951122283935546875">
        <ele>437</ele>
        <time>2026-09-12T11:49:46.000Z</time>
        <extensions>
          <ns3:TrackPointExtension>
            <ns3:hr>133</ns3:hr>
            <ns3:cad>85</ns3:cad>
          </ns3:TrackPointExtension>
        </extensions>
      </trkpt>
      <trkpt lat="34.182081408798694610595703125" lon="108.934608958661556243896484375">
        <ele>437</ele>
        <time>2026-09-12T11:49:47.000Z</time>
        <extensions>
          <ns3:TrackPointExtension>
            <ns3:hr>133</ns3:hr>
            <ns3:cad>86</ns3:cad>
          </ns3:TrackPointExtension>
        </extensions>
      </trkpt>
      <trkpt lat="34.1821080632507801055908203125" lon="108.93461926840245723724365234375">
        <ele>437</ele>
        <time>2026-09-12T11:49:48.000Z</time>
        <extensions>
          <ns3:TrackPointExtension>
            <ns3:hr>133</ns3:hr>
            <ns3:cad>86</ns3:cad>
          </ns3:TrackPointExtension>
        </extensions>
      </trkpt>
      <trkpt lat="34.18212826363742351531982421875" lon="108.93462580628693103790283203125">
        <ele>437</ele>
        <time>2026-09-12T11:49:49.000Z</time>
        <extensions>
          <ns3:TrackPointExtension>
            <ns3:hr>133</ns3:hr>
            <ns3:cad>86</ns3:cad>
          </ns3:TrackPointExtension>
        </extensions>
      </trkpt>
      <trkpt lat="34.182152487337589263916015625" lon="108.93462932668626308441162109375">
        <ele>437</ele>
        <time>2026-09-12T11:49:50.000Z</time>
        <extensions>
          <ns3:TrackPointExtension>
            <ns3:hr>133</ns3:hr>
            <ns3:cad>86</ns3:cad>
          </ns3:TrackPointExtension>
        </extensions>
      </trkpt>
      <trkpt lat="34.18217319063842296600341796875" lon="108.9346352778375148773193359375">
        <ele>437</ele>
        <time>2026-09-12T11:49:51.000Z</time>
        <extensions>
          <ns3:TrackPointExtension>
            <ns3:hr>133</ns3:hr>
            <ns3:cad>85</ns3:cad>
          </ns3:TrackPointExtension>
        </extensions>
      </trkpt>
      <trkpt lat="34.18219498358666896820068359375" lon="108.934635110199451446533203125">
        <ele>437</ele>
        <time>2026-09-12T11:49:52.000Z</time>
        <extensions>
          <ns3:TrackPointExtension>
            <ns3:hr>132</ns3:hr>
            <ns3:cad>85</ns3:cad>
          </ns3:TrackPointExtension>
        </extensions>
      </trkpt>
      <trkpt lat="34.18221660889685153961181640625" lon="108.934642486274242401123046875">
        <ele>437</ele>
        <time>2026-09-12T11:49:53.000Z</time>
        <extensions>
          <ns3:TrackPointExtension>
            <ns3:hr>132</ns3:hr>
            <ns3:cad>85</ns3:cad>
          </ns3:TrackPointExtension>
        </extensions>
      </trkpt>
      <trkpt lat="34.18223555199801921844482421875" lon="108.93464458175003528594970703125">
        <ele>437</ele>
        <time>2026-09-12T11:49:54.000Z</time>
        <extensions>
          <ns3:TrackPointExtension>
            <ns3:hr>132</ns3:hr>
            <ns3:cad>85</ns3:cad>
          </ns3:TrackPointExtension>
        </extensions>
      </trkpt>
      <trkpt lat="34.1822649724781513214111328125" lon="108.93464391119778156280517578125">
        <ele>437</ele>
        <time>2026-09-12T11:49:55.000Z</time>
        <extensions>
          <ns3:TrackPointExtension>
            <ns3:hr>132</ns3:hr>
            <ns3:cad>84</ns3:cad>
          </ns3:TrackPointExtension>
        </extensions>
      </trkpt>
      <trkpt lat="34.182285256683826446533203125" lon="108.93464089371263980865478515625">
        <ele>437</ele>
        <time>2026-09-12T11:49:56.000Z</time>
        <extensions>
          <ns3:TrackPointExtension>
            <ns3:hr>133</ns3:hr>
            <ns3:cad>85</ns3:cad>
          </ns3:TrackPointExtension>
        </extensions>
      </trkpt>
      <trkpt lat="34.1823092289268970489501953125" lon="108.934635110199451446533203125">
        <ele>437</ele>
        <time>2026-09-12T11:49:57.000Z</time>
        <extensions>
          <ns3:TrackPointExtension>
            <ns3:hr>133</ns3:hr>
            <ns3:cad>85</ns3:cad>
          </ns3:TrackPointExtension>
        </extensions>
      </trkpt>
      <trkpt lat="34.18233177624642848968505859375" lon="108.934639804065227508544921875">
        <ele>437</ele>
        <time>2026-09-12T11:49:58.000Z</time>
        <extensions>
          <ns3:TrackPointExtension>
            <ns3:hr>133</ns3:hr>
            <ns3:cad>85</ns3:cad>
          </ns3:TrackPointExtension>
        </extensions>
      </trkpt>
      <trkpt lat="34.18235356919467449188232421875" lon="108.9346393011510372161865234375">
        <ele>437</ele>
        <time>2026-09-12T11:49:59.000Z</time>
        <extensions>
          <ns3:TrackPointExtension>
            <ns3:hr>133</ns3:hr>
            <ns3:cad>85</ns3:cad>
          </ns3:TrackPointExtension>
        </extensions>
      </trkpt>
      <trkpt lat="34.18237888254225254058837890625" lon="108.93464751541614532470703125">
        <ele>437</ele>
        <time>2026-09-12T11:50:00.000Z</time>
        <extensions>
          <ns3:TrackPointExtension>
            <ns3:hr>133</ns3:hr>
            <ns3:cad>85</ns3:cad>
          </ns3:TrackPointExtension>
        </extensions>
      </trkpt>
      <trkpt lat="34.18240092694759368896484375" lon="108.934647850692272186279296875">
        <ele>436.79998779296875</ele>
        <time>2026-09-12T11:50:01.000Z</time>
        <extensions>
          <ns3:TrackPointExtension>
            <ns3:hr>133</ns3:hr>
            <ns3:cad>85</ns3:cad>
          </ns3:TrackPointExtension>
        </extensions>
      </trkpt>
      <trkpt lat="34.1824292577803134918212890625" lon="108.93464508466422557830810546875">
        <ele>436.79998779296875</ele>
        <time>2026-09-12T11:50:02.000Z</time>
        <extensions>
          <ns3:TrackPointExtension>
            <ns3:hr>133</ns3:hr>
            <ns3:cad>85</ns3:cad>
          </ns3:TrackPointExtension>
        </extensions>
      </trkpt>
      <trkpt lat="34.18245214037597179412841796875" lon="108.93464391119778156280517578125">
        <ele>436.600006103515625</ele>
        <time>2026-09-12T11:50:03.000Z</time>
        <extensions>
          <ns3:TrackPointExtension>
            <ns3:hr>133</ns3:hr>
            <ns3:cad>85</ns3:cad>
          </ns3:TrackPointExtension>
        </extensions>
      </trkpt>
      <trkpt lat="34.18247628025710582733154296875" lon="108.93464072607457637786865234375">
        <ele>436.600006103515625</ele>
        <time>2026-09-12T11:50:04.000Z</time>
        <extensions>
          <ns3:TrackPointExtension>
            <ns3:hr>133</ns3:hr>
            <ns3:cad>85</ns3:cad>
          </ns3:TrackPointExtension>
        </extensions>
      </trkpt>
      <trkpt lat="34.1824976541101932525634765625" lon="108.934649862349033355712890625">
        <ele>436.600006103515625</ele>
        <time>2026-09-12T11:50:05.000Z</time>
        <extensions>
          <ns3:TrackPointExtension>
            <ns3:hr>133</ns3:hr>
            <ns3:cad>85</ns3:cad>
          </ns3:TrackPointExtension>
        </extensions>
      </trkpt>
      <trkpt lat="34.1825207881629467010498046875" lon="108.934658579528331756591796875">
        <ele>436.600006103515625</ele>
        <time>2026-09-12T11:50:06.000Z</time>
        <extensions>
          <ns3:TrackPointExtension>
            <ns3:hr>133</ns3:hr>
            <ns3:cad>85</ns3:cad>
          </ns3:TrackPointExtension>
        </extensions>
      </trkpt>
      <trkpt lat="34.18255171738564968109130859375" lon="108.9346694760024547576904296875">
        <ele>436.600006103515625</ele>
        <time>2026-09-12T11:50:07.000Z</time>
        <extensions>
          <ns3:TrackPointExtension>
            <ns3:hr>134</ns3:hr>
            <ns3:cad>85</ns3:cad>
          </ns3:TrackPointExtension>
        </extensions>
      </trkpt>
      <trkpt lat="34.18257283978164196014404296875" lon="108.93467090092599391937255859375">
        <ele>436.399993896484375</ele>
        <time>2026-09-12T11:50:08.000Z</time>
        <extensions>
          <ns3:TrackPointExtension>
            <ns3:hr>134</ns3:hr>
            <ns3:cad>85</ns3:cad>
          </ns3:TrackPointExtension>
        </extensions>
      </trkpt>
      <trkpt lat="34.18259697966277599334716796875" lon="108.934668637812137603759765625">
        <ele>436.399993896484375</ele>
        <time>2026-09-12T11:50:09.000Z</time>
        <extensions>
          <ns3:TrackPointExtension>
            <ns3:hr>135</ns3:hr>
            <ns3:cad>85</ns3:cad>
          </ns3:TrackPointExtension>
        </extensions>
      </trkpt>
      <trkpt lat="34.18261977843940258026123046875" lon="108.93467324785888195037841796875">
        <ele>436.399993896484375</ele>
        <time>2026-09-12T11:50:10.000Z</time>
        <extensions>
          <ns3:TrackPointExtension>
            <ns3:hr>136</ns3:hr>
            <ns3:cad>85</ns3:cad>
          </ns3:TrackPointExtension>
        </extensions>
      </trkpt>
      <trkpt lat="34.182640649378299713134765625" lon="108.9346741698682308197021484375">
        <ele>436.399993896484375</ele>
        <time>2026-09-12T11:50:11.000Z</time>
        <extensions>
          <ns3:TrackPointExtension>
            <ns3:hr>136</ns3:hr>
            <ns3:cad>85</ns3:cad>
          </ns3:TrackPointExtension>
        </extensions>
      </trkpt>
      <trkpt lat="34.1826617717742919921875" lon="108.9346781931817531585693359375">
        <ele>436.399993896484375</ele>
        <time>2026-09-12T11:50:12.000Z</time>
        <extensions>
          <ns3:TrackPointExtension>
            <ns3:hr>136</ns3:hr>
            <ns3:cad>85</ns3:cad>
          </ns3:TrackPointExtension>
        </extensions>
      </trkpt>
      <trkpt lat="34.18267861939966678619384765625" lon="108.93467710353434085845947265625">
        <ele>436.399993896484375</ele>
        <time>2026-09-12T11:50:13.000Z</time>
        <extensions>
          <ns3:TrackPointExtension>
            <ns3:hr>137</ns3:hr>
            <ns3:cad>85</ns3:cad>
          </ns3:TrackPointExtension>
        </extensions>
      </trkpt>
      <trkpt lat="34.18270527385175228118896484375" lon="108.9346755109727382659912109375">
        <ele>436.399993896484375</ele>
        <time>2026-09-12T11:50:14.000Z</time>
        <extensions>
          <ns3:TrackPointExtension>
            <ns3:hr>137</ns3:hr>
            <ns3:cad>85</ns3:cad>
          </ns3:TrackPointExtension>
        </extensions>
      </trkpt>
      <trkpt lat="34.182725138962268829345703125" lon="108.9346805401146411895751953125">
        <ele>436.20001220703125</ele>
        <time>2026-09-12T11:50:15.000Z</time>
        <extensions>
          <ns3:TrackPointExtension>
            <ns3:hr>138</ns3:hr>
            <ns3:cad>84</ns3:cad>
          </ns3:TrackPointExtension>
        </extensions>
      </trkpt>
      <trkpt lat="34.18274684809148311614990234375" lon="108.93468045629560947418212890625">
        <ele>436.20001220703125</ele>
        <time>2026-09-12T11:50:16.000Z</time>
        <extensions>
          <ns3:TrackPointExtension>
            <ns3:hr>138</ns3:hr>
            <ns3:cad>84</ns3:cad>
          </ns3:TrackPointExtension>
        </extensions>
      </trkpt>
      <trkpt lat="34.18276763521134853363037109375" lon="108.93468162976205348968505859375">
        <ele>436.20001220703125</ele>
        <time>2026-09-12T11:50:17.000Z</time>
        <extensions>
          <ns3:TrackPointExtension>
            <ns3:hr>138</ns3:hr>
            <ns3:cad>84</ns3:cad>
          </ns3:TrackPointExtension>
        </extensions>
      </trkpt>
      <trkpt lat="34.1827863268554210662841796875" lon="108.9346795342862606048583984375">
        <ele>436.20001220703125</ele>
        <time>2026-09-12T11:50:18.000Z</time>
        <extensions>
          <ns3:TrackPointExtension>
            <ns3:hr>138</ns3:hr>
            <ns3:cad>85</ns3:cad>
          </ns3:TrackPointExtension>
        </extensions>
      </trkpt>
      <trkpt lat="34.18281641788780689239501953125" lon="108.93468364141881465911865234375">
        <ele>436</ele>
        <time>2026-09-12T11:50:19.000Z</time>
        <extensions>
          <ns3:TrackPointExtension>
            <ns3:hr>138</ns3:hr>
            <ns3:cad>85</ns3:cad>
          </ns3:TrackPointExtension>
        </extensions>
      </trkpt>
      <trkpt lat="34.18283804319798946380615234375" lon="108.93468112684786319732666015625">
        <ele>436</ele>
        <time>2026-09-12T11:50:20.000Z</time>
        <extensions>
          <ns3:TrackPointExtension>
            <ns3:hr>138</ns3:hr>
            <ns3:cad>85</ns3:cad>
          </ns3:TrackPointExtension>
        </extensions>
      </trkpt>
      <trkpt lat="34.1828651167452335357666015625" lon="108.93468372523784637451171875">
        <ele>436</ele>
        <time>2026-09-12T11:50:21.000Z</time>
        <extensions>
          <ns3:TrackPointExtension>
            <ns3:hr>138</ns3:hr>
            <ns3:cad>85</ns3:cad>
          </ns3:TrackPointExtension>
        </extensions>
      </trkpt>
      <trkpt lat="34.1828902624547481536865234375" lon="108.93468766473233699798583984375">
        <ele>436</ele>
        <time>2026-09-12T11:50:22.000Z</time>
        <extensions>
          <ns3:TrackPointExtension>
            <ns3:hr>138</ns3:hr>
            <ns3:cad>85</ns3:cad>
          </ns3:TrackPointExtension>
        </extensions>
      </trkpt>
      <trkpt lat="34.1829113848507404327392578125" lon="108.934687077999114990234375">
        <ele>436</ele>
        <time>2026-09-12T11:50:23.000Z</time>
        <extensions>
          <ns3:TrackPointExtension>
            <ns3:hr>138</ns3:hr>
            <ns3:cad>85</ns3:cad>
          </ns3:TrackPointExtension>
        </extensions>
      </trkpt>
      <trkpt lat="34.1829311661422252655029296875" lon="108.9346922747790813446044921875">
        <ele>436</ele>
        <time>2026-09-12T11:50:24.000Z</time>
        <extensions>
          <ns3:TrackPointExtension>
            <ns3:hr>138</ns3:hr>
            <ns3:cad>85</ns3:cad>
          </ns3:TrackPointExtension>
        </extensions>
      </trkpt>
      <trkpt lat="34.1829492710530757904052734375" lon="108.934692777693271636962890625">
        <ele>436</ele>
        <time>2026-09-12T11:50:25.000Z</time>
        <extensions>
          <ns3:TrackPointExtension>
            <ns3:hr>138</ns3:hr>
            <ns3:cad>85</ns3:cad>
          </ns3:TrackPointExtension>
        </extensions>
      </trkpt>
      <trkpt lat="34.18297223746776580810546875" lon="108.934696130454540252685546875">
        <ele>436</ele>
        <time>2026-09-12T11:50:26.000Z</time>
        <extensions>
          <ns3:TrackPointExtension>
            <ns3:hr>138</ns3:hr>
            <ns3:cad>85</ns3:cad>
          </ns3:TrackPointExtension>
        </extensions>
      </trkpt>
      <trkpt lat="34.1829908452928066253662109375" lon="108.934690766036510467529296875">
        <ele>436</ele>
        <time>2026-09-12T11:50:27.000Z</time>
        <extensions>
          <ns3:TrackPointExtension>
            <ns3:hr>138</ns3:hr>
            <ns3:cad>86</ns3:cad>
          </ns3:TrackPointExtension>
        </extensions>
      </trkpt>
      <trkpt lat="34.18300920166075229644775390625" lon="108.93468908965587615966796875">
        <ele>436</ele>
        <time>2026-09-12T11:50:28.000Z</time>
        <extensions>
          <ns3:TrackPointExtension>
            <ns3:hr>138</ns3:hr>
            <ns3:cad>86</ns3:cad>
          </ns3:TrackPointExtension>
        </extensions>
      </trkpt>
      <trkpt lat="34.18302546255290508270263671875" lon="108.93468883819878101348876953125">
        <ele>435.79998779296875</ele>
        <time>2026-09-12T11:50:29.000Z</time>
        <extensions>
          <ns3:TrackPointExtension>
            <ns3:hr>138</ns3:hr>
            <ns3:cad>86</ns3:cad>
          </ns3:TrackPointExtension>
        </extensions>
      </trkpt>
      <trkpt lat="34.18303920887410640716552734375" lon="108.93468464724719524383544921875">
        <ele>435.79998779296875</ele>
        <time>2026-09-12T11:50:30.000Z</time>
        <extensions>
          <ns3:TrackPointExtension>
            <ns3:hr>138</ns3:hr>
            <ns3:cad>86</ns3:cad>
          </ns3:TrackPointExtension>
        </extensions>
      </trkpt>
      <trkpt lat="34.18305940926074981689453125" lon="108.93468800000846385955810546875">
        <ele>435.600006103515625</ele>
        <time>2026-09-12T11:50:31.000Z</time>
        <extensions>
          <ns3:TrackPointExtension>
            <ns3:hr>137</ns3:hr>
            <ns3:cad>86</ns3:cad>
          </ns3:TrackPointExtension>
        </extensions>
      </trkpt>
      <trkpt lat="34.1830716468393802642822265625" lon="108.93468598835170269012451171875">
        <ele>435.600006103515625</ele>
        <time>2026-09-12T11:50:32.000Z</time>
        <extensions>
          <ns3:TrackPointExtension>
            <ns3:hr>138</ns3:hr>
            <ns3:cad>85</ns3:cad>
          </ns3:TrackPointExtension>
        </extensions>
      </trkpt>
      <trkpt lat="34.18308950029313564300537109375" lon="108.9346865750849246978759765625">
        <ele>435.600006103515625</ele>
        <time>2026-09-12T11:50:33.000Z</time>
        <extensions>
          <ns3:TrackPointExtension>
            <ns3:hr>138</ns3:hr>
            <ns3:cad>85</ns3:cad>
          </ns3:TrackPointExtension>
        </extensions>
      </trkpt>
      <trkpt lat="34.1831088624894618988037109375" lon="108.93468833528459072113037109375">
        <ele>435.600006103515625</ele>
        <time>2026-09-12T11:50:34.000Z</time>
        <extensions>
          <ns3:TrackPointExtension>
            <ns3:hr>138</ns3:hr>
            <ns3:cad>85</ns3:cad>
          </ns3:TrackPointExtension>
        </extensions>
      </trkpt>
      <trkpt lat="34.18312512338161468505859375" lon="108.934684060513973236083984375">
        <ele>435.600006103515625</ele>
        <time>2026-09-12T11:50:35.000Z</time>
        <extensions>
          <ns3:TrackPointExtension>
            <ns3:hr>137</ns3:hr>
            <ns3:cad>84</ns3:cad>
          </ns3:TrackPointExtension>
        </extensions>
      </trkpt>
      <trkpt lat="34.1831527836620807647705078125" lon="108.9346889220178127288818359375">
        <ele>435.600006103515625</ele>
        <time>2026-09-12T11:50:36.000Z</time>
        <extensions>
          <ns3:TrackPointExtension>
            <ns3:hr>137</ns3:hr>
            <ns3:cad>84</ns3:cad>
          </ns3:TrackPointExtension>
        </extensions>
      </trkpt>
      <trkpt lat="34.18317340314388275146484375" lon="108.934689424932003021240234375">
        <ele>435.600006103515625</ele>
        <time>2026-09-12T11:50:37.000Z</time>
        <extensions>
          <ns3:TrackPointExtension>
            <ns3:hr>137</ns3:hr>
            <ns3:cad>84</ns3:cad>
          </ns3:TrackPointExtension>
        </extensions>
      </trkpt>
      <trkpt lat="34.18319712392985820770263671875" lon="108.93469152040779590606689453125">
        <ele>435.600006103515625</ele>
        <time>2026-09-12T11:50:38.000Z</time>
        <extensions>
          <ns3:TrackPointExtension>
            <ns3:hr>137</ns3:hr>
            <ns3:cad>84</ns3:cad>
          </ns3:TrackPointExtension>
        </extensions>
      </trkpt>
      <trkpt lat="34.18321640230715274810791015625" lon="108.93469571135938167572021484375">
        <ele>435.600006103515625</ele>
        <time>2026-09-12T11:50:39.000Z</time>
        <extensions>
          <ns3:TrackPointExtension>
            <ns3:hr>137</ns3:hr>
            <ns3:cad>84</ns3:cad>
          </ns3:TrackPointExtension>
        </extensions>
      </trkpt>
      <trkpt lat="34.18323819525539875030517578125" lon="108.934693448245525360107421875">
        <ele>435.600006103515625</ele>
        <time>2026-09-12T11:50:40.000Z</time>
        <extensions>
          <ns3:TrackPointExtension>
            <ns3:hr>137</ns3:hr>
            <ns3:cad>84</ns3:cad>
          </ns3:TrackPointExtension>
        </extensions>
      </trkpt>
      <trkpt lat="34.1832640953361988067626953125" lon="108.93469654954969882965087890625">
        <ele>435.600006103515625</ele>
        <time>2026-09-12T11:50:41.000Z</time>
        <extensions>
          <ns3:TrackPointExtension>
            <ns3:hr>136</ns3:hr>
            <ns3:cad>84</ns3:cad>
          </ns3:TrackPointExtension>
        </extensions>
      </trkpt>
      <trkpt lat="34.1832838766276836395263671875" lon="108.934697471559047698974609375">
        <ele>435.600006103515625</ele>
        <time>2026-09-12T11:50:42.000Z</time>
        <extensions>
          <ns3:TrackPointExtension>
            <ns3:hr>136</ns3:hr>
            <ns3:cad>84</ns3:cad>
          </ns3:TrackPointExtension>
        </extensions>
      </trkpt>
      <trkpt lat="34.183307178318500518798828125" lon="108.93469822593033313751220703125">
        <ele>435.600006103515625</ele>
        <time>2026-09-12T11:50:43.000Z</time>
        <extensions>
          <ns3:TrackPointExtension>
            <ns3:hr>136</ns3:hr>
            <ns3:cad>84</ns3:cad>
          </ns3:TrackPointExtension>
        </extensions>
      </trkpt>
      <trkpt lat="34.18333224020898342132568359375" lon="108.9346996508538722991943359375">
        <ele>435.600006103515625</ele>
        <time>2026-09-12T11:50:44.000Z</time>
        <extensions>
          <ns3:TrackPointExtension>
            <ns3:hr>136</ns3:hr>
            <ns3:cad>84</ns3:cad>
          </ns3:TrackPointExtension>
        </extensions>
      </trkpt>
      <trkpt lat="34.18335587717592716217041015625" lon="108.93469789065420627593994140625">
        <ele>435.399993896484375</ele>
        <time>2026-09-12T11:50:45.000Z</time>
        <extensions>
          <ns3:TrackPointExtension>
            <ns3:hr>136</ns3:hr>
            <ns3:cad>84</ns3:cad>
          </ns3:TrackPointExtension>
        </extensions>
      </trkpt>
      <trkpt lat="34.18337733484804630279541015625" lon="108.9346983097493648529052734375">
        <ele>435.399993896484375</ele>
        <time>2026-09-12T11:50:46.000Z</time>
        <extensions>
          <ns3:TrackPointExtension>
            <ns3:hr>135</ns3:hr>
            <ns3:cad>84</ns3:cad>
          </ns3:TrackPointExtension>
        </extensions>
      </trkpt>
      <trkpt lat="34.18339611031115055084228515625" lon="108.9346969686448574066162109375">
        <ele>435.399993896484375</ele>
        <time>2026-09-12T11:50:47.000Z</time>
        <extensions>
          <ns3:TrackPointExtension>
            <ns3:hr>135</ns3:hr>
            <ns3:cad>84</ns3:cad>
          </ns3:TrackPointExtension>
        </extensions>
      </trkpt>
      <trkpt lat="34.18341907672584056854248046875" lon="108.93469101749360561370849609375">
        <ele>435.399993896484375</ele>
        <time>2026-09-12T11:50:48.000Z</time>
        <extensions>
          <ns3:TrackPointExtension>
            <ns3:hr>135</ns3:hr>
            <ns3:cad>84</ns3:cad>
          </ns3:TrackPointExtension>
        </extensions>
      </trkpt>
      <trkpt lat="34.18344120495021343231201171875" lon="108.934690766036510467529296875">
        <ele>435.399993896484375</ele>
        <time>2026-09-12T11:50:49.000Z</time>
        <extensions>
          <ns3:TrackPointExtension>
            <ns3:hr>135</ns3:hr>
            <ns3:cad>84</ns3:cad>
          </ns3:TrackPointExtension>
        </extensions>
      </trkpt>
      <trkpt lat="34.18346081860363483428955078125" lon="108.93468372523784637451171875">
        <ele>435.399993896484375</ele>
        <time>2026-09-12T11:50:50.000Z</time>
        <extensions>
          <ns3:TrackPointExtension>
            <ns3:hr>136</ns3:hr>
            <ns3:cad>85</ns3:cad>
          </ns3:TrackPointExtension>
        </extensions>
      </trkpt>
      <trkpt lat="34.1834826953709125518798828125" lon="108.93467676825821399688720703125">
        <ele>435.399993896484375</ele>
        <time>2026-09-12T11:50:51.000Z</time>
        <extensions>
          <ns3:TrackPointExtension>
            <ns3:hr>135</ns3:hr>
            <ns3:cad>85</ns3:cad>
          </ns3:TrackPointExtension>
        </extensions>
      </trkpt>
      <trkpt lat="34.183500967919826507568359375" lon="108.93467140384018421173095703125">
        <ele>435.399993896484375</ele>
        <time>2026-09-12T11:50:52.000Z</time>
        <extensions>
          <ns3:TrackPointExtension>
            <ns3:hr>135</ns3:hr>
            <ns3:cad>85</ns3:cad>
          </ns3:TrackPointExtension>
        </extensions>
      </trkpt>
      <trkpt lat="34.1835262812674045562744140625" lon="108.93466226756572723388671875">
        <ele>435.399993896484375</ele>
        <time>2026-09-12T11:50:53.000Z</time>
        <extensions>
          <ns3:TrackPointExtension>
            <ns3:hr>135</ns3:hr>
            <ns3:cad>85</ns3:cad>
          </ns3:TrackPointExtension>
        </extensions>
      </trkpt>
      <trkpt lat="34.18353818356990814208984375" lon="108.93464961089193820953369140625">
        <ele>435.399993896484375</ele>
        <time>2026-09-12T11:50:54.000Z</time>
        <extensions>
          <ns3:TrackPointExtension>
            <ns3:hr>135</ns3:hr>
            <ns3:cad>85</ns3:cad>
          </ns3:TrackPointExtension>
        </extensions>
      </trkpt>
      <trkpt lat="34.18356374837458133697509765625" lon="108.93464541994035243988037109375">
        <ele>435.20001220703125</ele>
        <time>2026-09-12T11:50:55.000Z</time>
        <extensions>
          <ns3:TrackPointExtension>
            <ns3:hr>134</ns3:hr>
            <ns3:cad>85</ns3:cad>
          </ns3:TrackPointExtension>
        </extensions>
      </trkpt>
      <trkpt lat="34.1835859604179859161376953125" lon="108.934643827378749847412109375">
        <ele>435.20001220703125</ele>
        <time>2026-09-12T11:50:56.000Z</time>
        <extensions>
          <ns3:TrackPointExtension>
            <ns3:hr>134</ns3:hr>
            <ns3:cad>84</ns3:cad>
          </ns3:TrackPointExtension>
        </extensions>
      </trkpt>
      <trkpt lat="34.1836037300527095794677734375" lon="108.93463754095137119293212890625">
        <ele>435.20001220703125</ele>
        <time>2026-09-12T11:50:57.000Z</time>
        <extensions>
          <ns3:TrackPointExtension>
            <ns3:hr>134</ns3:hr>
            <ns3:cad>84</ns3:cad>
          </ns3:TrackPointExtension>
        </extensions>
      </trkpt>
      <trkpt lat="34.1836245171725749969482421875" lon="108.934637121856212615966796875">
        <ele>435.20001220703125</ele>
        <time>2026-09-12T11:50:58.000Z</time>
        <extensions>
          <ns3:TrackPointExtension>
            <ns3:hr>134</ns3:hr>
            <ns3:cad>84</ns3:cad>
          </ns3:TrackPointExtension>
        </extensions>
      </trkpt>
      <trkpt lat="34.1836406104266643524169921875" lon="108.93463703803718090057373046875">
        <ele>435.399993896484375</ele>
        <time>2026-09-12T11:50:59.000Z</time>
        <extensions>
          <ns3:TrackPointExtension>
            <ns3:hr>135</ns3:hr>
            <ns3:cad>84</ns3:cad>
          </ns3:TrackPointExtension>
        </extensions>
      </trkpt>
      <trkpt lat="34.18366651050746440887451171875" lon="108.93463703803718090057373046875">
        <ele>435.399993896484375</ele>
        <time>2026-09-12T11:51:00.000Z</time>
        <extensions>
          <ns3:TrackPointExtension>
            <ns3:hr>134</ns3:hr>
            <ns3:cad>85</ns3:cad>
          </ns3:TrackPointExtension>
        </extensions>
      </trkpt>
      <trkpt lat="34.183685369789600372314453125" lon="108.93464189954102039337158203125">
        <ele>435.399993896484375</ele>
        <time>2026-09-12T11:51:01.000Z</time>
        <extensions>
          <ns3:TrackPointExtension>
            <ns3:hr>134</ns3:hr>
            <ns3:cad>85</ns3:cad>
          </ns3:TrackPointExtension>
        </extensions>
      </trkpt>
      <trkpt lat="34.1837069950997829437255859375" lon="108.934642486274242401123046875">
        <ele>435.399993896484375</ele>
        <time>2026-09-12T11:51:02.000Z</time>
        <extensions>
          <ns3:TrackPointExtension>
            <ns3:hr>134</ns3:hr>
            <ns3:cad>85</ns3:cad>
          </ns3:TrackPointExtension>
        </extensions>
      </trkpt>
      <trkpt lat="34.18372987769544124603271484375" lon="108.9346346072852611541748046875">
        <ele>435.20001220703125</ele>
        <time>2026-09-12T11:51:03.000Z</time>
        <extensions>
          <ns3:TrackPointExtension>
            <ns3:hr>134</ns3:hr>
            <ns3:cad>85</ns3:cad>
          </ns3:TrackPointExtension>
        </extensions>
      </trkpt>
      <trkpt lat="34.18375007808208465576171875" lon="108.93462982960045337677001953125">
        <ele>435.20001220703125</ele>
        <time>2026-09-12T11:51:04.000Z</time>
        <extensions>
          <ns3:TrackPointExtension>
            <ns3:hr>134</ns3:hr>
            <ns3:cad>85</ns3:cad>
          </ns3:TrackPointExtension>
        </extensions>
      </trkpt>
      <trkpt lat="34.1837815940380096435546875" lon="108.9346396364271640777587890625">
        <ele>435.20001220703125</ele>
        <time>2026-09-12T11:51:05.000Z</time>
        <extensions>
          <ns3:TrackPointExtension>
            <ns3:hr>134</ns3:hr>
            <ns3:cad>85</ns3:cad>
          </ns3:TrackPointExtension>
        </extensions>
      </trkpt>
      <trkpt lat="34.18379978276789188385009765625" lon="108.93464877270162105560302734375">
        <ele>435.20001220703125</ele>
        <time>2026-09-12T11:51:06.000Z</time>
        <extensions>
          <ns3:TrackPointExtension>
            <ns3:hr>134</ns3:hr>
            <ns3:cad>85</ns3:cad>
          </ns3:TrackPointExtension>
        </extensions>
      </trkpt>
      <trkpt lat="34.18382224626839160919189453125" lon="108.93466050736606121063232421875">
        <ele>435.20001220703125</ele>
        <time>2026-09-12T11:51:07.000Z</time>
        <extensions>
          <ns3:TrackPointExtension>
            <ns3:hr>133</ns3:hr>
            <ns3:cad>85</ns3:cad>
          </ns3:TrackPointExtension>
        </extensions>
      </trkpt>
      <trkpt lat="34.183845631778240203857421875" lon="108.93466704525053501129150390625">
        <ele>435</ele>
        <time>2026-09-12T11:51:08.000Z</time>
        <extensions>
          <ns3:TrackPointExtension>
            <ns3:hr>133</ns3:hr>
            <ns3:cad>86</ns3:cad>
          </ns3:TrackPointExtension>
        </extensions>
      </trkpt>
      <trkpt lat="34.1838679276406764984130859375" lon="108.93466620706021785736083984375">
        <ele>435</ele>
        <time>2026-09-12T11:51:09.000Z</time>
        <extensions>
          <ns3:TrackPointExtension>
            <ns3:hr>133</ns3:hr>
            <ns3:cad>86</ns3:cad>
          </ns3:TrackPointExtension>
        </extensions>
      </trkpt>
      <trkpt lat="34.18388779275119304656982421875" lon="108.9346714876592159271240234375">
        <ele>435</ele>
        <time>2026-09-12T11:51:10.000Z</time>
        <extensions>
          <ns3:TrackPointExtension>
            <ns3:hr>133</ns3:hr>
            <ns3:cad>86</ns3:cad>
          </ns3:TrackPointExtension>
        </extensions>
      </trkpt>
      <trkpt lat="34.1839081607758998870849609375" lon="108.934667967259883880615234375">
        <ele>435</ele>
        <time>2026-09-12T11:51:11.000Z</time>
        <extensions>
          <ns3:TrackPointExtension>
            <ns3:hr>133</ns3:hr>
            <ns3:cad>86</ns3:cad>
          </ns3:TrackPointExtension>
        </extensions>
      </trkpt>
      <trkpt lat="34.183933474123477935791015625" lon="108.9346765168011188507080078125">
        <ele>435</ele>
        <time>2026-09-12T11:51:12.000Z</time>
        <extensions>
          <ns3:TrackPointExtension>
            <ns3:hr>133</ns3:hr>
            <ns3:cad>85</ns3:cad>
          </ns3:TrackPointExtension>
        </extensions>
      </trkpt>
      <trkpt lat="34.18395099230110645294189453125" lon="108.9346714876592159271240234375">
        <ele>435</ele>
        <time>2026-09-12T11:51:13.000Z</time>
        <extensions>
          <ns3:TrackPointExtension>
            <ns3:hr>132</ns3:hr>
            <ns3:cad>85</ns3:cad>
          </ns3:TrackPointExtension>
        </extensions>
      </trkpt>
      <trkpt lat="34.1839738748967647552490234375" lon="108.93467291258275508880615234375">
        <ele>435</ele>
        <time>2026-09-12T11:51:14.000Z</time>
        <extensions>
          <ns3:TrackPointExtension>
            <ns3:hr>132</ns3:hr>
            <ns3:cad>85</ns3:cad>
          </ns3:TrackPointExtension>
        </extensions>
      </trkpt>
      <trkpt lat="34.18399591930210590362548828125" lon="108.9346696436405181884765625">
        <ele>435</ele>
        <time>2026-09-12T11:51:15.000Z</time>
        <extensions>
          <ns3:TrackPointExtension>
            <ns3:hr>133</ns3:hr>
            <ns3:cad>85</ns3:cad>
          </ns3:TrackPointExtension>
        </extensions>
      </trkpt>
      <trkpt lat="34.18401503004133701324462890625" lon="108.93466922454535961151123046875">
        <ele>435</ele>
        <time>2026-09-12T11:51:16.000Z</time>
        <extensions>
          <ns3:TrackPointExtension>
            <ns3:hr>133</ns3:hr>
            <ns3:cad>85</ns3:cad>
          </ns3:TrackPointExtension>
        </extensions>
      </trkpt>
      <trkpt lat="34.1840338893234729766845703125" lon="108.93467341549694538116455078125">
        <ele>435</ele>
        <time>2026-09-12T11:51:17.000Z</time>
        <extensions>
          <ns3:TrackPointExtension>
            <ns3:hr>133</ns3:hr>
            <ns3:cad>84</ns3:cad>
          </ns3:TrackPointExtension>
        </extensions>
      </trkpt>
      <trkpt lat="34.1840551793575286865234375" lon="108.93467257730662822723388671875">
        <ele>435.20001220703125</ele>
        <time>2026-09-12T11:51:18.000Z</time>
        <extensions>
          <ns3:TrackPointExtension>
            <ns3:hr>134</ns3:hr>
            <ns3:cad>84</ns3:cad>
          </ns3:TrackPointExtension>
        </extensions>
      </trkpt>
      <trkpt lat="34.18407018296420574188232421875" lon="108.93466771580278873443603515625">
        <ele>435</ele>
        <time>2026-09-12T11:51:19.000Z</time>
        <extensions>
          <ns3:TrackPointExtension>
            <ns3:hr>134</ns3:hr>
            <ns3:cad>84</ns3:cad>
          </ns3:TrackPointExtension>
        </extensions>
      </trkpt>
      <trkpt lat="34.18408778496086597442626953125" lon="108.9346671290695667266845703125">
        <ele>435</ele>
        <time>2026-09-12T11:51:20.000Z</time>
        <extensions>
          <ns3:TrackPointExtension>
            <ns3:hr>134</ns3:hr>
            <ns3:cad>84</ns3:cad>
          </ns3:TrackPointExtension>
        </extensions>
      </trkpt>
      <trkpt lat="34.18410790152847766876220703125" lon="108.934666626155376434326171875">
        <ele>435</ele>
        <time>2026-09-12T11:51:21.000Z</time>
        <extensions>
          <ns3:TrackPointExtension>
            <ns3:hr>134</ns3:hr>
            <ns3:cad>84</ns3:cad>
          </ns3:TrackPointExtension>
        </extensions>
      </trkpt>
      <trkpt lat="34.18413002975285053253173828125" lon="108.9346788637340068817138671875">
        <ele>435</ele>
        <time>2026-09-12T11:51:22.000Z</time>
        <extensions>
          <ns3:TrackPointExtension>
            <ns3:hr>134</ns3:hr>
            <ns3:cad>85</ns3:cad>
          </ns3:TrackPointExtension>
        </extensions>
      </trkpt>
      <trkpt lat="34.18414813466370105743408203125" lon="108.93467928282916545867919921875">
        <ele>435</ele>
        <time>2026-09-12T11:51:23.000Z</time>
        <extensions>
          <ns3:TrackPointExtension>
            <ns3:hr>134</ns3:hr>
            <ns3:cad>84</ns3:cad>
          </ns3:TrackPointExtension>
        </extensions>
      </trkpt>
      <trkpt lat="34.184174872934818267822265625" lon="108.934687413275241851806640625">
        <ele>435</ele>
        <time>2026-09-12T11:51:24.000Z</time>
        <extensions>
          <ns3:TrackPointExtension>
            <ns3:hr>134</ns3:hr>
            <ns3:cad>84</ns3:cad>
          </ns3:TrackPointExtension>
        </extensions>
      </trkpt>
      <trkpt lat="34.18419272638857364654541015625" lon="108.93470090813934803009033203125">
        <ele>435</ele>
        <time>2026-09-12T11:51:25.000Z</time>
        <extensions>
          <ns3:TrackPointExtension>
            <ns3:hr>134</ns3:hr>
            <ns3:cad>83</ns3:cad>
          </ns3:TrackPointExtension>
        </extensions>
      </trkpt>
      <trkpt lat="34.1842125914990901947021484375" lon="108.93471264280378818511962890625">
        <ele>435</ele>
        <time>2026-09-12T11:51:26.000Z</time>
        <extensions>
          <ns3:TrackPointExtension>
            <ns3:hr>134</ns3:hr>
            <ns3:cad>83</ns3:cad>
          </ns3:TrackPointExtension>
        </extensions>
      </trkpt>
      <trkpt lat="34.1842214763164520263671875" lon="108.9347268082201480865478515625">
        <ele>435</ele>
        <time>2026-09-12T11:51:27.000Z</time>
        <extensions>
          <ns3:TrackPointExtension>
            <ns3:hr>134</ns3:hr>
            <ns3:cad>83</ns3:cad>
          </ns3:TrackPointExtension>
        </extensions>
      </trkpt>
      <trkpt lat="34.184211082756519317626953125" lon="108.9347294904291629791259765625">
        <ele>435.20001220703125</ele>
        <time>2026-09-12T11:51:28.000Z</time>
        <extensions>
          <ns3:TrackPointExtension>
            <ns3:hr>134</ns3:hr>
            <ns3:cad>83</ns3:cad>
          </ns3:TrackPointExtension>
        </extensions>
      </trkpt>
      <trkpt lat="34.18419557623565196990966796875" lon="108.934724964201450347900390625">
        <ele>435.20001220703125</ele>
        <time>2026-09-12T11:51:29.000Z</time>
        <extensions>
          <ns3:TrackPointExtension>
            <ns3:hr>134</ns3:hr>
            <ns3:cad>83</ns3:cad>
          </ns3:TrackPointExtension>
        </extensions>
      </trkpt>
      <trkpt lat="34.18417252600193023681640625" lon="108.93471482209861278533935546875">
        <ele>435.20001220703125</ele>
        <time>2026-09-12T11:51:30.000Z</time>
        <extensions>
          <ns3:TrackPointExtension>
            <ns3:hr>134</ns3:hr>
            <ns3:cad>83</ns3:cad>
          </ns3:TrackPointExtension>
        </extensions>
      </trkpt>
      <trkpt lat="34.184156097471714019775390625" lon="108.93471046350896358489990234375">
        <ele>435.20001220703125</ele>
        <time>2026-09-12T11:51:31.000Z</time>
        <extensions>
          <ns3:TrackPointExtension>
            <ns3:hr>135</ns3:hr>
            <ns3:cad>82</ns3:cad>
          </ns3:TrackPointExtension>
        </extensions>
      </trkpt>
      <trkpt lat="34.18413053266704082489013671875" lon="108.934700153768062591552734375">
        <ele>435.20001220703125</ele>
        <time>2026-09-12T11:51:32.000Z</time>
        <extensions>
          <ns3:TrackPointExtension>
            <ns3:hr>135</ns3:hr>
            <ns3:cad>81</ns3:cad>
          </ns3:TrackPointExtension>
        </extensions>
      </trkpt>
      <trkpt lat="34.18411108665168285369873046875" lon="108.9346973039209842681884765625">
        <ele>435.20001220703125</ele>
        <time>2026-09-12T11:51:33.000Z</time>
        <extensions>
          <ns3:TrackPointExtension>
            <ns3:hr>135</ns3:hr>
            <ns3:cad>81</ns3:cad>
          </ns3:TrackPointExtension>
        </extensions>
      </trkpt>
      <trkpt lat="34.18409080244600772857666015625" lon="108.9346976391971111297607421875">
        <ele>435.20001220703125</ele>
        <time>2026-09-12T11:51:34.000Z</time>
        <extensions>
          <ns3:TrackPointExtension>
            <ns3:hr>135</ns3:hr>
            <ns3:cad>81</ns3:cad>
          </ns3:TrackPointExtension>
        </extensions>
      </trkpt>
      <trkpt lat="34.18406683020293712615966796875" lon="108.9346996508538722991943359375">
        <ele>435.20001220703125</ele>
        <time>2026-09-12T11:51:35.000Z</time>
        <extensions>
          <ns3:TrackPointExtension>
            <ns3:hr>136</ns3:hr>
            <ns3:cad>83</ns3:cad>
          </ns3:TrackPointExtension>
        </extensions>
      </trkpt>
      <trkpt lat="34.184048473834991455078125" lon="108.93470291979610919952392578125">
        <ele>435.20001220703125</ele>
        <time>2026-09-12T11:51:36.000Z</time>
        <extensions>
          <ns3:TrackPointExtension>
            <ns3:hr>136</ns3:hr>
            <ns3:cad>83</ns3:cad>
          </ns3:TrackPointExtension>
        </extensions>
      </trkpt>
      <trkpt lat="34.18402458541095256805419921875" lon="108.93470476381480693817138671875">
        <ele>435.20001220703125</ele>
        <time>2026-09-12T11:51:37.000Z</time>
        <extensions>
          <ns3:TrackPointExtension>
            <ns3:hr>136</ns3:hr>
            <ns3:cad>83</ns3:cad>
          </ns3:TrackPointExtension>
        </extensions>
      </trkpt>
      <trkpt lat="34.18400698341429233551025390625" lon="108.93471113406121730804443359375">
        <ele>435.20001220703125</ele>
        <time>2026-09-12T11:51:38.000Z</time>
        <extensions>
          <ns3:TrackPointExtension>
            <ns3:hr>136</ns3:hr>
            <ns3:cad>83</ns3:cad>
          </ns3:TrackPointExtension>
        </extensions>
      </trkpt>
      <trkpt lat="34.183987118303775787353515625" lon="108.934716917574405670166015625">
        <ele>435.20001220703125</ele>
        <time>2026-09-12T11:51:39.000Z</time>
        <extensions>
          <ns3:TrackPointExtension>
            <ns3:hr>136</ns3:hr>
            <ns3:cad>83</ns3:cad>
          </ns3:TrackPointExtension>
        </extensions>
      </trkpt>
      <trkpt lat="34.183964319527149200439453125" lon="108.934713900089263916015625">
        <ele>435.20001220703125</ele>
        <time>2026-09-12T11:51:40.000Z</time>
        <extensions>
          <ns3:TrackPointExtension>
            <ns3:hr>136</ns3:hr>
            <ns3:cad>84</ns3:cad>
          </ns3:TrackPointExtension>
        </extensions>
      </trkpt>
      <trkpt lat="34.18394596315920352935791015625" lon="108.9347137324512004852294921875">
        <ele>435.20001220703125</ele>
        <time>2026-09-12T11:51:41.000Z</time>
        <extensions>
          <ns3:TrackPointExtension>
            <ns3:hr>136</ns3:hr>
            <ns3:cad>84</ns3:cad>
          </ns3:TrackPointExtension>
        </extensions>
      </trkpt>
      <trkpt lat="34.18392081744968891143798828125" lon="108.93470996059477329254150390625">
        <ele>435.20001220703125</ele>
        <time>2026-09-12T11:51:42.000Z</time>
        <extensions>
          <ns3:TrackPointExtension>
            <ns3:hr>136</ns3:hr>
            <ns3:cad>84</ns3:cad>
          </ns3:TrackPointExtension>
        </extensions>
      </trkpt>
      <trkpt lat="34.1839038021862506866455078125" lon="108.93471146933734416961669921875">
        <ele>435.20001220703125</ele>
        <time>2026-09-12T11:51:43.000Z</time>
        <extensions>
          <ns3:TrackPointExtension>
            <ns3:hr>137</ns3:hr>
            <ns3:cad>84</ns3:cad>
          </ns3:TrackPointExtension>
        </extensions>
      </trkpt>
      <trkpt lat="34.1838823445141315460205078125" lon="108.934715576469898223876953125">
        <ele>435.20001220703125</ele>
        <time>2026-09-12T11:51:44.000Z</time>
        <extensions>
          <ns3:TrackPointExtension>
            <ns3:hr>137</ns3:hr>
            <ns3:cad>84</ns3:cad>
          </ns3:TrackPointExtension>
        </extensions>
      </trkpt>
      <trkpt lat="34.183861725032329559326171875" lon="108.93471482209861278533935546875">
        <ele>435.20001220703125</ele>
        <time>2026-09-12T11:51:45.000Z</time>
        <extensions>
          <ns3:TrackPointExtension>
            <ns3:hr>137</ns3:hr>
            <ns3:cad>84</ns3:cad>
          </ns3:TrackPointExtension>
        </extensions>
      </trkpt>
      <trkpt lat="34.18384420685470104217529296875" lon="108.9347127266228199005126953125">
        <ele>435.20001220703125</ele>
        <time>2026-09-12T11:51:46.000Z</time>
        <extensions>
          <ns3:TrackPointExtension>
            <ns3:hr>137</ns3:hr>
            <ns3:cad>84</ns3:cad>
          </ns3:TrackPointExtension>
        </extensions>
      </trkpt>
      <trkpt lat="34.183820821344852447509765625" lon="108.9347080327570438385009765625">
        <ele>435.20001220703125</ele>
        <time>2026-09-12T11:51:47.000Z</time>
        <extensions>
          <ns3:TrackPointExtension>
            <ns3:hr>136</ns3:hr>
            <ns3:cad>83</ns3:cad>
          </ns3:TrackPointExtension>
        </extensions>
      </trkpt>
      <trkpt lat="34.18380598537623882293701171875" lon="108.9347019977867603302001953125">
        <ele>435.20001220703125</ele>
        <time>2026-09-12T11:51:48.000Z</time>
        <extensions>
          <ns3:TrackPointExtension>
            <ns3:hr>137</ns3:hr>
            <ns3:cad>83</ns3:cad>
          </ns3:TrackPointExtension>
        </extensions>
      </trkpt>
      <trkpt lat="34.18378628790378570556640625" lon="108.934697471559047698974609375">
        <ele>435.20001220703125</ele>
        <time>2026-09-12T11:51:49.000Z</time>
        <extensions>
          <ns3:TrackPointExtension>
            <ns3:hr>137</ns3:hr>
            <ns3:cad>84</ns3:cad>
          </ns3:TrackPointExtension>
        </extensions>
      </trkpt>
      <trkpt lat="34.1837646625936031341552734375" lon="108.93468640744686126708984375">
        <ele>435.20001220703125</ele>
        <time>2026-09-12T11:51:50.000Z</time>
        <extensions>
          <ns3:TrackPointExtension>
            <ns3:hr>137</ns3:hr>
            <ns3:cad>84</ns3:cad>
          </ns3:TrackPointExtension>
        </extensions>
      </trkpt>
      <trkpt lat="34.1837495751678943634033203125" lon="108.9346822164952754974365234375">
        <ele>435.20001220703125</ele>
        <time>2026-09-12T11:51:51.000Z</time>
        <extensions>
          <ns3:TrackPointExtension>
            <ns3:hr>136</ns3:hr>
            <ns3:cad>84</ns3:cad>
          </ns3:TrackPointExtension>
        </extensions>
      </trkpt>
      <trkpt lat="34.183735661208629608154296875" lon="108.93469554372131824493408203125">
        <ele>435.20001220703125</ele>
        <time>2026-09-12T11:51:52.000Z</time>
        <extensions>
          <ns3:TrackPointExtension>
            <ns3:hr>137</ns3:hr>
            <ns3:cad>84</ns3:cad>
          </ns3:TrackPointExtension>
        </extensions>
      </trkpt>
      <trkpt lat="34.18374001979827880859375" lon="108.9347093738615512847900390625">
        <ele>435.20001220703125</ele>
        <time>2026-09-12T11:51:53.000Z</time>
        <extensions>
          <ns3:TrackPointExtension>
            <ns3:hr>137</ns3:hr>
            <ns3:cad>84</ns3:cad>
          </ns3:TrackPointExtension>
        </extensions>
      </trkpt>
      <trkpt lat="34.183757118880748748779296875" lon="108.9347071945667266845703125">
        <ele>435.20001220703125</ele>
        <time>2026-09-12T11:51:54.000Z</time>
        <extensions>
          <ns3:TrackPointExtension>
            <ns3:hr>136</ns3:hr>
            <ns3:cad>84</ns3:cad>
          </ns3:TrackPointExtension>
        </extensions>
      </trkpt>
      <trkpt lat="34.1837820969521999359130859375" lon="108.9347063563764095306396484375">
        <ele>435.20001220703125</ele>
        <time>2026-09-12T11:51:55.000Z</time>
        <extensions>
          <ns3:TrackPointExtension>
            <ns3:hr>137</ns3:hr>
            <ns3:cad>84</ns3:cad>
          </ns3:TrackPointExtension>
        </extensions>
      </trkpt>
      <trkpt lat="34.183795340359210968017578125" lon="108.9347066916525363922119140625">
        <ele>435.20001220703125</ele>
        <time>2026-09-12T11:51:56.000Z</time>
        <extensions>
          <ns3:TrackPointExtension>
            <ns3:hr>137</ns3:hr>
            <ns3:cad>82</ns3:cad>
          </ns3:TrackPointExtension>
        </extensions>
      </trkpt>
      <trkpt lat="34.183814115822315216064453125" lon="108.934706859290599822998046875">
        <ele>435.20001220703125</ele>
        <time>2026-09-12T11:51:57.000Z</time>
        <extensions>
          <ns3:TrackPointExtension>
            <ns3:hr>136</ns3:hr>
            <ns3:cad>82</ns3:cad>
          </ns3:TrackPointExtension>
        </extensions>
      </trkpt>
      <trkpt lat="34.1838330589234828948974609375" lon="108.93471046350896358489990234375">
        <ele>435.20001220703125</ele>
        <time>2026-09-12T11:51:58.000Z</time>
        <extensions>
          <ns3:TrackPointExtension>
            <ns3:hr>136</ns3:hr>
            <ns3:cad>83</ns3:cad>
          </ns3:TrackPointExtension>
        </extensions>
      </trkpt>
      <trkpt lat="34.18384856544435024261474609375" lon="108.934703506529331207275390625">
        <ele>435.20001220703125</ele>
        <time>2026-09-12T11:51:59.000Z</time>
        <extensions>
          <ns3:TrackPointExtension>
            <ns3:hr>136</ns3:hr>
            <ns3:cad>83</ns3:cad>
          </ns3:TrackPointExtension>
        </extensions>
      </trkpt>
      <trkpt lat="34.1838620603084564208984375" lon="108.9347036741673946380615234375">
        <ele>435.20001220703125</ele>
        <time>2026-09-12T11:52:00.000Z</time>
        <extensions>
          <ns3:TrackPointExtension>
            <ns3:hr>136</ns3:hr>
            <ns3:cad>83</ns3:cad>
          </ns3:TrackPointExtension>
        </extensions>
      </trkpt>
      <trkpt lat="34.18387857265770435333251953125" lon="108.93470090813934803009033203125">
        <ele>435.20001220703125</ele>
        <time>2026-09-12T11:52:01.000Z</time>
        <extensions>
          <ns3:TrackPointExtension>
            <ns3:hr>136</ns3:hr>
            <ns3:cad>84</ns3:cad>
          </ns3:TrackPointExtension>
        </extensions>
      </trkpt>
      <trkpt lat="34.183900617063045501708984375" lon="108.934699483215808868408203125">
        <ele>435.20001220703125</ele>
        <time>2026-09-12T11:52:02.000Z</time>
        <extensions>
          <ns3:TrackPointExtension>
            <ns3:hr>135</ns3:hr>
            <ns3:cad>85</ns3:cad>
          </ns3:TrackPointExtension>
        </extensions>
      </trkpt>
      <trkpt lat="34.18392165564000606536865234375" lon="108.93469856120645999908447265625">
        <ele>435.20001220703125</ele>
        <time>2026-09-12T11:52:03.000Z</time>
        <extensions>
          <ns3:TrackPointExtension>
            <ns3:hr>135</ns3:hr>
            <ns3:cad>85</ns3:cad>
          </ns3:TrackPointExtension>
        </extensions>
      </trkpt>
      <trkpt lat="34.183943532407283782958984375" lon="108.93469504080712795257568359375">
        <ele>435.20001220703125</ele>
        <time>2026-09-12T11:52:04.000Z</time>
        <extensions>
          <ns3:TrackPointExtension>
            <ns3:hr>135</ns3:hr>
            <ns3:cad>85</ns3:cad>
          </ns3:TrackPointExtension>
        </extensions>
      </trkpt>
      <trkpt lat="34.18396457098424434661865234375" lon="108.934699483215808868408203125">
        <ele>435</ele>
        <time>2026-09-12T11:52:05.000Z</time>
        <extensions>
          <ns3:TrackPointExtension>
            <ns3:hr>134</ns3:hr>
            <ns3:cad>85</ns3:cad>
          </ns3:TrackPointExtension>
        </extensions>
      </trkpt>
      <trkpt lat="34.18398569338023662567138671875" lon="108.93469369970262050628662109375">
        <ele>435</ele>
        <time>2026-09-12T11:52:06.000Z</time>
        <extensions>
          <ns3:TrackPointExtension>
            <ns3:hr>134</ns3:hr>
            <ns3:cad>85</ns3:cad>
          </ns3:TrackPointExtension>
        </extensions>
      </trkpt>
      <trkpt lat="34.1840120963752269744873046875" lon="108.934690766036510467529296875">
        <ele>435</ele>
        <time>2026-09-12T11:52:07.000Z</time>
        <extensions>
          <ns3:TrackPointExtension>
            <ns3:hr>134</ns3:hr>
            <ns3:cad>85</ns3:cad>
          </ns3:TrackPointExtension>
        </extensions>
      </trkpt>
      <trkpt lat="34.1840338893234729766845703125" lon="108.9346909336745738983154296875">
        <ele>435</ele>
        <time>2026-09-12T11:52:08.000Z</time>
        <extensions>
          <ns3:TrackPointExtension>
            <ns3:hr>134</ns3:hr>
            <ns3:cad>84</ns3:cad>
          </ns3:TrackPointExtension>
        </extensions>
      </trkpt>
      <trkpt lat="34.18405375443398952484130859375" lon="108.934692777693271636962890625">
        <ele>435</ele>
        <time>2026-09-12T11:52:09.000Z</time>
        <extensions>
          <ns3:TrackPointExtension>
            <ns3:hr>134</ns3:hr>
            <ns3:cad>84</ns3:cad>
          </ns3:TrackPointExtension>
        </extensions>
      </trkpt>
      <trkpt lat="34.18407487682998180389404296875" lon="108.93469872884452342987060546875">
        <ele>435</ele>
        <time>2026-09-12T11:52:10.000Z</time>
        <extensions>
          <ns3:TrackPointExtension>
            <ns3:hr>134</ns3:hr>
            <ns3:cad>84</ns3:cad>
          </ns3:TrackPointExtension>
        </extensions>
      </trkpt>
      <trkpt lat="34.18408979661762714385986328125" lon="108.93469353206455707550048828125">
        <ele>435</ele>
        <time>2026-09-12T11:52:11.000Z</time>
        <extensions>
          <ns3:TrackPointExtension>
            <ns3:hr>134</ns3:hr>
            <ns3:cad>84</ns3:cad>
          </ns3:TrackPointExtension>
        </extensions>
      </trkpt>
      <trkpt lat="34.184106476604938507080078125" lon="108.93469084985554218292236328125">
        <ele>435</ele>
        <time>2026-09-12T11:52:12.000Z</time>
        <extensions>
          <ns3:TrackPointExtension>
            <ns3:hr>134</ns3:hr>
            <ns3:cad>83</ns3:cad>
          </ns3:TrackPointExtension>
        </extensions>
      </trkpt>
      <trkpt lat="34.18412382714450359344482421875" lon="108.93469168804585933685302734375">
        <ele>435</ele>
        <time>2026-09-12T11:52:13.000Z</time>
        <extensions>
          <ns3:TrackPointExtension>
            <ns3:hr>133</ns3:hr>
            <ns3:cad>83</ns3:cad>
          </ns3:TrackPointExtension>
        </extensions>
      </trkpt>
      <trkpt lat="34.1841329634189605712890625" lon="108.9346842281520366668701171875">
        <ele>435</ele>
        <time>2026-09-12T11:52:14.000Z</time>
        <extensions>
          <ns3:TrackPointExtension>
            <ns3:hr>133</ns3:hr>
            <ns3:cad>83</ns3:cad>
          </ns3:TrackPointExtension>
        </extensions>
      </trkpt>
      <trkpt lat="34.184147380292415618896484375" lon="108.93466503359377384185791015625">
        <ele>434.79998779296875</ele>
        <time>2026-09-12T11:52:15.000Z</time>
        <extensions>
          <ns3:TrackPointExtension>
            <ns3:hr>133</ns3:hr>
            <ns3:cad>83</ns3:cad>
          </ns3:TrackPointExtension>
        </extensions>
      </trkpt>
      <trkpt lat="34.1841462068259716033935546875" lon="108.9346500299870967864990234375">
        <ele>434.79998779296875</ele>
        <time>2026-09-12T11:52:16.000Z</time>
        <extensions>
          <ns3:TrackPointExtension>
            <ns3:hr>133</ns3:hr>
            <ns3:cad>0</ns3:cad>
          </ns3:TrackPointExtension>
        </extensions>
      </trkpt>
      <trkpt lat="34.18414846993982791900634765625" lon="108.93465413711965084075927734375">
        <ele>434.600006103515625</ele>
        <time>2026-09-12T11:52:17.000Z</time>
        <extensions>
          <ns3:TrackPointExtension>
            <ns3:hr>133</ns3:hr>
            <ns3:cad>0</ns3:cad>
          </ns3:TrackPointExtension>
        </extensions>
      </trkpt>
      <trkpt lat="34.18415048159658908843994140625" lon="108.93465111963450908660888671875">
        <ele>434.600006103515625</ele>
        <time>2026-09-12T11:52:18.000Z</time>
        <extensions>
          <ns3:TrackPointExtension>
            <ns3:hr>133</ns3:hr>
            <ns3:cad>0</ns3:cad>
          </ns3:TrackPointExtension>
        </extensions>
      </trkpt>
      <trkpt lat="34.18415131978690624237060546875" lon="108.93464944325387477874755859375">
        <ele>434.600006103515625</ele>
        <time>2026-09-12T11:52:19.000Z</time>
        <extensions>
          <ns3:TrackPointExtension>
            <ns3:hr>133</ns3:hr>
            <ns3:cad>0</ns3:cad>
          </ns3:TrackPointExtension>
        </extensions>
      </trkpt>
      <trkpt lat="34.184151403605937957763671875" lon="108.93464944325387477874755859375">
        <ele>434.600006103515625</ele>
        <time>2026-09-12T11:52:20.000Z</time>
        <extensions>
          <ns3:TrackPointExtension>
            <ns3:hr>133</ns3:hr>
            <ns3:cad>0</ns3:cad>
          </ns3:TrackPointExtension>
        </extensions>
      </trkpt>
      <trkpt lat="34.184151403605937957763671875" lon="108.93464944325387477874755859375">
        <ele>434.600006103515625</ele>
        <time>2026-09-12T11:52:21.000Z</time>
        <extensions>
          <ns3:TrackPointExtension>
            <ns3:hr>132</ns3:hr>
            <ns3:cad>0</ns3:cad>
          </ns3:TrackPointExtension>
        </extensions>
      </trkpt>
      <trkpt lat="34.184151403605937957763671875" lon="108.93464944325387477874755859375">
        <ele>434.600006103515625</ele>
        <time>2026-09-12T11:52:22.000Z</time>
        <extensions>
          <ns3:TrackPointExtension>
            <ns3:hr>131</ns3:hr>
            <ns3:cad>0</ns3:cad>
          </ns3:TrackPointExtension>
        </extensions>
      </trkpt>
      <trkpt lat="34.184151403605937957763671875" lon="108.93464944325387477874755859375">
        <ele>434.79998779296875</ele>
        <time>2026-09-12T11:52:23.000Z</time>
        <extensions>
          <ns3:TrackPointExtension>
            <ns3:hr>130</ns3:hr>
            <ns3:cad>0</ns3:cad>
          </ns3:TrackPointExtension>
        </extensions>
      </trkpt>
      <trkpt lat="34.184151403605937957763671875" lon="108.93464944325387477874755859375">
        <ele>434.600006103515625</ele>
        <time>2026-09-12T11:52:24.000Z</time>
        <extensions>
          <ns3:TrackPointExtension>
            <ns3:hr>130</ns3:hr>
            <ns3:cad>0</ns3:cad>
          </ns3:TrackPointExtension>
        </extensions>
      </trkpt>
      <trkpt lat="34.184151403605937957763671875" lon="108.93464944325387477874755859375">
        <ele>434.600006103515625</ele>
        <time>2026-09-12T11:52:25.000Z</time>
        <extensions>
          <ns3:TrackPointExtension>
            <ns3:hr>129</ns3:hr>
            <ns3:cad>0</ns3:cad>
          </ns3:TrackPointExtension>
        </extensions>
      </trkpt>
      <trkpt lat="34.184151403605937957763671875" lon="108.93464944325387477874755859375">
        <ele>434.600006103515625</ele>
        <time>2026-09-12T11:52:26.000Z</time>
        <extensions>
          <ns3:TrackPointExtension>
            <ns3:hr>128</ns3:hr>
            <ns3:cad>0</ns3:cad>
          </ns3:TrackPointExtension>
        </extensions>
      </trkpt>
      <trkpt lat="34.184151403605937957763671875" lon="108.93464944325387477874755859375">
        <ele>434.600006103515625</ele>
        <time>2026-09-12T11:52:27.000Z</time>
        <extensions>
          <ns3:TrackPointExtension>
            <ns3:hr>127</ns3:hr>
            <ns3:cad>0</ns3:cad>
          </ns3:TrackPointExtension>
        </extensions>
      </trkpt>
      <trkpt lat="34.184151403605937957763671875" lon="108.93464944325387477874755859375">
        <ele>434.600006103515625</ele>
        <time>2026-09-12T11:52:28.000Z</time>
        <extensions>
          <ns3:TrackPointExtension>
            <ns3:hr>121</ns3:hr>
            <ns3:cad>0</ns3:cad>
          </ns3:TrackPointExtension>
        </extensions>
      </trkpt>
      <trkpt lat="34.184151403605937957763671875" lon="108.93464944325387477874755859375">
        <ele>434.79998779296875</ele>
        <time>2026-09-12T11:52:29.000Z</time>
        <extensions>
          <ns3:TrackPointExtension>
            <ns3:hr>117</ns3:hr>
            <ns3:cad>0</ns3:cad>
          </ns3:TrackPointExtension>
        </extensions>
      </trkpt>
      <trkpt lat="34.184151403605937957763671875" lon="108.93464944325387477874755859375">
        <ele>434.79998779296875</ele>
        <time>2026-09-12T11:52:30.000Z</time>
        <extensions>
          <ns3:TrackPointExtension>
            <ns3:hr>116</ns3:hr>
            <ns3:cad>0</ns3:cad>
          </ns3:TrackPointExtension>
        </extensions>
      </trkpt>
      <trkpt lat="34.184151403605937957763671875" lon="108.93464944325387477874755859375">
        <ele>434.600006103515625</ele>
        <time>2026-09-12T11:52:31.000Z</time>
        <extensions>
          <ns3:TrackPointExtension>
            <ns3:hr>116</ns3:hr>
            <ns3:cad>0</ns3:cad>
          </ns3:TrackPointExtension>
        </extensions>
      </trkpt>
      <trkpt lat="34.184151403605937957763671875" lon="108.93464944325387477874755859375">
        <ele>434.600006103515625</ele>
        <time>2026-09-12T11:52:32.000Z</time>
        <extensions>
          <ns3:TrackPointExtension>
            <ns3:hr>116</ns3:hr>
            <ns3:cad>0</ns3:cad>
          </ns3:TrackPointExtension>
        </extensions>
      </trkpt>
      <trkpt lat="34.184151403605937957763671875" lon="108.93464944325387477874755859375">
        <ele>434.600006103515625</ele>
        <time>2026-09-12T11:52:33.000Z</time>
        <extensions>
          <ns3:TrackPointExtension>
            <ns3:hr>115</ns3:hr>
            <ns3:cad>0</ns3:cad>
          </ns3:TrackPointExtension>
        </extensions>
      </trkpt>
      <trkpt lat="34.184151403605937957763671875" lon="108.93464944325387477874755859375">
        <ele>434.600006103515625</ele>
        <time>2026-09-12T11:52:34.000Z</time>
        <extensions>
          <ns3:TrackPointExtension>
            <ns3:hr>115</ns3:hr>
            <ns3:cad>0</ns3:cad>
          </ns3:TrackPointExtension>
        </extensions>
      </trkpt>
      <trkpt lat="34.184151403605937957763671875" lon="108.93464944325387477874755859375">
        <ele>434.600006103515625</ele>
        <time>2026-09-12T11:52:35.000Z</time>
        <extensions>
          <ns3:TrackPointExtension>
            <ns3:hr>115</ns3:hr>
            <ns3:cad>0</ns3:cad>
          </ns3:TrackPointExtension>
        </extensions>
      </trkpt>
      <trkpt lat="34.184151403605937957763671875" lon="108.93464944325387477874755859375">
        <ele>434.79998779296875</ele>
        <time>2026-09-12T11:52:36.000Z</time>
        <extensions>
          <ns3:TrackPointExtension>
            <ns3:hr>114</ns3:hr>
            <ns3:cad>0</ns3:cad>
          </ns3:TrackPointExtension>
        </extensions>
      </trkpt>
      <trkpt lat="34.184151403605937957763671875" lon="108.93464944325387477874755859375">
        <ele>434.79998779296875</ele>
        <time>2026-09-12T11:52:37.000Z</time>
        <extensions>
          <ns3:TrackPointExtension>
            <ns3:hr>112</ns3:hr>
            <ns3:cad>0</ns3:cad>
          </ns3:TrackPointExtension>
        </extensions>
      </trkpt>
      <trkpt lat="34.184151403605937957763671875" lon="108.93464944325387477874755859375">
        <ele>434.79998779296875</ele>
        <time>2026-09-12T11:52:38.000Z</time>
        <extensions>
          <ns3:TrackPointExtension>
            <ns3:hr>111</ns3:hr>
            <ns3:cad>0</ns3:cad>
          </ns3:TrackPointExtension>
        </extensions>
      </trkpt>
      <trkpt lat="34.184151403605937957763671875" lon="108.93464944325387477874755859375">
        <ele>434.79998779296875</ele>
        <time>2026-09-12T11:52:39.000Z</time>
        <extensions>
          <ns3:TrackPointExtension>
            <ns3:hr>111</ns3:hr>
            <ns3:cad>0</ns3:cad>
          </ns3:TrackPointExtension>
        </extensions>
      </trkpt>
      <trkpt lat="34.184151403605937957763671875" lon="108.93464944325387477874755859375">
        <ele>435</ele>
        <time>2026-09-12T11:52:40.000Z</time>
        <extensions>
          <ns3:TrackPointExtension>
            <ns3:hr>111</ns3:hr>
            <ns3:cad>0</ns3:cad>
          </ns3:TrackPointExtension>
        </extensions>
      </trkpt>
      <trkpt lat="34.184151403605937957763671875" lon="108.93464944325387477874755859375">
        <ele>435</ele>
        <time>2026-09-12T11:52:41.000Z</time>
        <extensions>
          <ns3:TrackPointExtension>
            <ns3:hr>112</ns3:hr>
            <ns3:cad>0</ns3:cad>
          </ns3:TrackPointExtension>
        </extensions>
      </trkpt>
      <trkpt lat="34.184151403605937957763671875" lon="108.93464944325387477874755859375">
        <ele>435</ele>
        <time>2026-09-12T11:52:42.000Z</time>
        <extensions>
          <ns3:TrackPointExtension>
            <ns3:hr>112</ns3:hr>
            <ns3:cad>0</ns3:cad>
          </ns3:TrackPointExtension>
        </extensions>
      </trkpt>
      <trkpt lat="34.18415115214884281158447265625" lon="108.934649191796779632568359375">
        <ele>434.79998779296875</ele>
        <time>2026-09-12T11:52:43.000Z</time>
        <extensions>
          <ns3:TrackPointExtension>
            <ns3:hr>111</ns3:hr>
            <ns3:cad>0</ns3:cad>
          </ns3:TrackPointExtension>
        </extensions>
      </trkpt>
      <trkpt lat="34.184149391949176788330078125" lon="108.9346439950168132781982421875">
        <ele>434.79998779296875</ele>
        <time>2026-09-12T11:52:44.000Z</time>
        <extensions>
          <ns3:TrackPointExtension>
            <ns3:hr>108</ns3:hr>
            <ns3:cad>0</ns3:cad>
          </ns3:TrackPointExtension>
        </extensions>
      </trkpt>
      <trkpt lat="34.18414511717855930328369140625" lon="108.9346396364271640777587890625">
        <ele>434.79998779296875</ele>
        <time>2026-09-12T11:52:45.000Z</time>
        <extensions>
          <ns3:TrackPointExtension>
            <ns3:hr>106</ns3:hr>
            <ns3:cad>0</ns3:cad>
          </ns3:TrackPointExtension>
        </extensions>
      </trkpt>
      <trkpt lat="34.1841436922550201416015625" lon="108.93462480045855045318603515625">
        <ele>434.600006103515625</ele>
        <time>2026-09-12T11:52:46.000Z</time>
        <extensions>
          <ns3:TrackPointExtension>
            <ns3:hr>105</ns3:hr>
            <ns3:cad>0</ns3:cad>
          </ns3:TrackPointExtension>
        </extensions>
      </trkpt>
      <trkpt lat="34.18414612300693988800048828125" lon="108.93461440689861774444580078125">
        <ele>434.600006103515625</ele>
        <time>2026-09-12T11:52:47.000Z</time>
        <extensions>
          <ns3:TrackPointExtension>
            <ns3:hr>104</ns3:hr>
            <ns3:cad>0</ns3:cad>
          </ns3:TrackPointExtension>
        </extensions>
      </trkpt>
      <trkpt lat="34.18415098451077938079833984375" lon="108.93458808772265911102294921875">
        <ele>434.399993896484375</ele>
        <time>2026-09-12T11:52:48.000Z</time>
        <extensions>
          <ns3:TrackPointExtension>
            <ns3:hr>103</ns3:hr>
            <ns3:cad>0</ns3:cad>
          </ns3:TrackPointExtension>
        </extensions>
      </trkpt>
      <trkpt lat="34.18414914049208164215087890625" lon="108.9345491118729114532470703125">
        <ele>434.600006103515625</ele>
        <time>2026-09-12T11:52:49.000Z</time>
        <extensions>
          <ns3:TrackPointExtension>
            <ns3:hr>103</ns3:hr>
            <ns3:cad>0</ns3:cad>
          </ns3:TrackPointExtension>
        </extensions>
      </trkpt>
      <trkpt lat="34.18414562009274959564208984375" lon="108.9345175959169864654541015625">
        <ele>434.600006103515625</ele>
        <time>2026-09-12T11:52:50.000Z</time>
        <extensions>
          <ns3:TrackPointExtension>
            <ns3:hr>103</ns3:hr>
            <ns3:cad>0</ns3:cad>
          </ns3:TrackPointExtension>
        </extensions>
      </trkpt>
      <trkpt lat="34.1841401718556880950927734375" lon="108.93445841968059539794921875">
        <ele>434.600006103515625</ele>
        <time>2026-09-12T11:52:51.000Z</time>
        <extensions>
          <ns3:TrackPointExtension>
            <ns3:hr>102</ns3:hr>
            <ns3:cad>0</ns3:cad>
          </ns3:TrackPointExtension>
        </extensions>
      </trkpt>
      <trkpt lat="34.18413355015218257904052734375" lon="108.93442329950630664825439453125">
        <ele>434.600006103515625</ele>
        <time>2026-09-12T11:52:52.000Z</time>
        <extensions>
          <ns3:TrackPointExtension>
            <ns3:hr>104</ns3:hr>
            <ns3:cad>88</ns3:cad>
          </ns3:TrackPointExtension>
        </extensions>
      </trkpt>
      <trkpt lat="34.18412650935351848602294921875" lon="108.93438323400914669036865234375">
        <ele>434.600006103515625</ele>
        <time>2026-09-12T11:52:53.000Z</time>
        <extensions>
          <ns3:TrackPointExtension>
            <ns3:hr>105</ns3:hr>
            <ns3:cad>88</ns3:cad>
          </ns3:TrackPointExtension>
        </extensions>
      </trkpt>
      <trkpt lat="34.18412064202129840850830078125" lon="108.934346102178096771240234375">
        <ele>434.600006103515625</ele>
        <time>2026-09-12T11:52:54.000Z</time>
        <extensions>
          <ns3:TrackPointExtension>
            <ns3:hr>106</ns3:hr>
            <ns3:cad>89</ns3:cad>
          </ns3:TrackPointExtension>
        </extensions>
      </trkpt>
      <trkpt lat="34.18411360122263431549072265625" lon="108.934303857386112213134765625">
        <ele>434.79998779296875</ele>
        <time>2026-09-12T11:52:55.000Z</time>
        <extensions>
          <ns3:TrackPointExtension>
            <ns3:hr>108</ns3:hr>
            <ns3:cad>89</ns3:cad>
          </ns3:TrackPointExtension>
        </extensions>
      </trkpt>
      <trkpt lat="34.18411309830844402313232421875" lon="108.9342674799263477325439453125">
        <ele>434.79998779296875</ele>
        <time>2026-09-12T11:52:56.000Z</time>
        <extensions>
          <ns3:TrackPointExtension>
            <ns3:hr>109</ns3:hr>
            <ns3:cad>89</ns3:cad>
          </ns3:TrackPointExtension>
        </extensions>
      </trkpt>
      <trkpt lat="34.1841103322803974151611328125" lon="108.9342329464852809906005859375">
        <ele>434.79998779296875</ele>
        <time>2026-09-12T11:52:57.000Z</time>
        <extensions>
          <ns3:TrackPointExtension>
            <ns3:hr>110</ns3:hr>
            <ns3:cad>89</ns3:cad>
          </ns3:TrackPointExtension>
        </extensions>
      </trkpt>
      <trkpt lat="34.1841150261461734771728515625" lon="108.934203274548053741455078125">
        <ele>434.600006103515625</ele>
        <time>2026-09-12T11:52:58.000Z</time>
        <extensions>
          <ns3:TrackPointExtension>
            <ns3:hr>110</ns3:hr>
            <ns3:cad>89</ns3:cad>
          </ns3:TrackPointExtension>
        </extensions>
      </trkpt>
      <trkpt lat="34.18412625789642333984375" lon="108.93417008221149444580078125">
        <ele>434.600006103515625</ele>
        <time>2026-09-12T11:52:59.000Z</time>
        <extensions>
          <ns3:TrackPointExtension>
            <ns3:hr>111</ns3:hr>
            <ns3:cad>89</ns3:cad>
          </ns3:TrackPointExtension>
        </extensions>
      </trkpt>
      <trkpt lat="34.18414696119725704193115234375" lon="108.93413948826491832733154296875">
        <ele>434.399993896484375</ele>
        <time>2026-09-12T11:53:00.000Z</time>
        <extensions>
          <ns3:TrackPointExtension>
            <ns3:hr>112</ns3:hr>
            <ns3:cad>89</ns3:cad>
          </ns3:TrackPointExtension>
        </extensions>
      </trkpt>
      <trkpt lat="34.18415844440460205078125" lon="108.93410663120448589324951171875">
        <ele>434.399993896484375</ele>
        <time>2026-09-12T11:53:01.000Z</time>
        <extensions>
          <ns3:TrackPointExtension>
            <ns3:hr>112</ns3:hr>
            <ns3:cad>88</ns3:cad>
          </ns3:TrackPointExtension>
        </extensions>
      </trkpt>
      <trkpt lat="34.18416892178356647491455078125" lon="108.93406723625957965850830078125">
        <ele>434.20001220703125</ele>
        <time>2026-09-12T11:53:02.000Z</time>
        <extensions>
          <ns3:TrackPointExtension>
            <ns3:hr>113</ns3:hr>
            <ns3:cad>87</ns3:cad>
          </ns3:TrackPointExtension>
        </extensions>
      </trkpt>
      <trkpt lat="34.18417009525001049041748046875" lon="108.93403488211333751678466796875">
        <ele>434</ele>
        <time>2026-09-12T11:53:03.000Z</time>
        <extensions>
          <ns3:TrackPointExtension>
            <ns3:hr>114</ns3:hr>
            <ns3:cad>87</ns3:cad>
          </ns3:TrackPointExtension>
        </extensions>
      </trkpt>
      <trkpt lat="34.18416942469775676727294921875" lon="108.93399414606392383575439453125">
        <ele>434</ele>
        <time>2026-09-12T11:53:04.000Z</time>
        <extensions>
          <ns3:TrackPointExtension>
            <ns3:hr>115</ns3:hr>
            <ns3:cad>87</ns3:cad>
          </ns3:TrackPointExtension>
        </extensions>
      </trkpt>
      <trkpt lat="34.18416674248874187469482421875" lon="108.93396279774606227874755859375">
        <ele>434</ele>
        <time>2026-09-12T11:53:05.000Z</time>
        <extensions>
          <ns3:TrackPointExtension>
            <ns3:hr>116</ns3:hr>
            <ns3:cad>87</ns3:cad>
          </ns3:TrackPointExtension>
        </extensions>
      </trkpt>
      <trkpt lat="34.184166491031646728515625" lon="108.9339266717433929443359375">
        <ele>433.79998779296875</ele>
        <time>2026-09-12T11:53:06.000Z</time>
        <extensions>
          <ns3:TrackPointExtension>
            <ns3:hr>116</ns3:hr>
            <ns3:cad>89</ns3:cad>
          </ns3:TrackPointExtension>
        </extensions>
      </trkpt>
      <trkpt lat="34.18415986932814121246337890625" lon="108.93390345387160778045654296875">
        <ele>433.79998779296875</ele>
        <time>2026-09-12T11:53:07.000Z</time>
        <extensions>
          <ns3:TrackPointExtension>
            <ns3:hr>117</ns3:hr>
            <ns3:cad>89</ns3:cad>
          </ns3:TrackPointExtension>
        </extensions>
      </trkpt>
      <trkpt lat="34.184149391949176788330078125" lon="108.93386355601251125335693359375">
        <ele>433.79998779296875</ele>
        <time>2026-09-12T11:53:08.000Z</time>
        <extensions>
          <ns3:TrackPointExtension>
            <ns3:hr>118</ns3:hr>
            <ns3:cad>89</ns3:cad>
          </ns3:TrackPointExtension>
        </extensions>
      </trkpt>
      <trkpt lat="34.18414729647338390350341796875" lon="108.933836482465267181396484375">
        <ele>433.600006103515625</ele>
        <time>2026-09-12T11:53:09.000Z</time>
        <extensions>
          <ns3:TrackPointExtension>
            <ns3:hr>118</ns3:hr>
            <ns3:cad>89</ns3:cad>
          </ns3:TrackPointExtension>
        </extensions>
      </trkpt>
      <trkpt lat="34.18414176441729068756103515625" lon="108.9337944053113460540771484375">
        <ele>433.600006103515625</ele>
        <time>2026-09-12T11:53:10.000Z</time>
        <extensions>
          <ns3:TrackPointExtension>
            <ns3:hr>119</ns3:hr>
            <ns3:cad>89</ns3:cad>
          </ns3:TrackPointExtension>
        </extensions>
      </trkpt>
      <trkpt lat="34.18414570391178131103515625" lon="108.933765403926372528076171875">
        <ele>433.600006103515625</ele>
        <time>2026-09-12T11:53:11.000Z</time>
        <extensions>
          <ns3:TrackPointExtension>
            <ns3:hr>119</ns3:hr>
            <ns3:cad>88</ns3:cad>
          </ns3:TrackPointExtension>
        </extensions>
      </trkpt>
      <trkpt lat="34.1841468773782253265380859375" lon="108.93372793681919574737548828125">
        <ele>433.600006103515625</ele>
        <time>2026-09-12T11:53:12.000Z</time>
        <extensions>
          <ns3:TrackPointExtension>
            <ns3:hr>119</ns3:hr>
            <ns3:cad>88</ns3:cad>
          </ns3:TrackPointExtension>
        </extensions>
      </trkpt>
      <trkpt lat="34.18415048159658908843994140625" lon="108.933697007596492767333984375">
        <ele>433.600006103515625</ele>
        <time>2026-09-12T11:53:13.000Z</time>
        <extensions>
          <ns3:TrackPointExtension>
            <ns3:hr>120</ns3:hr>
            <ns3:cad>88</ns3:cad>
          </ns3:TrackPointExtension>
        </extensions>
      </trkpt>
      <trkpt lat="34.18415098451077938079833984375" lon="108.9336656592786312103271484375">
        <ele>433.399993896484375</ele>
        <time>2026-09-12T11:53:14.000Z</time>
        <extensions>
          <ns3:TrackPointExtension>
            <ns3:hr>121</ns3:hr>
            <ns3:cad>88</ns3:cad>
          </ns3:TrackPointExtension>
        </extensions>
      </trkpt>
      <trkpt lat="34.18415601365268230438232421875" lon="108.93363095819950103759765625">
        <ele>433.399993896484375</ele>
        <time>2026-09-12T11:53:15.000Z</time>
        <extensions>
          <ns3:TrackPointExtension>
            <ns3:hr>123</ns3:hr>
            <ns3:cad>88</ns3:cad>
          </ns3:TrackPointExtension>
        </extensions>
      </trkpt>
      <trkpt lat="34.18415400199592113494873046875" lon="108.93360254354774951934814453125">
        <ele>433.399993896484375</ele>
        <time>2026-09-12T11:53:16.000Z</time>
        <extensions>
          <ns3:TrackPointExtension>
            <ns3:hr>124</ns3:hr>
            <ns3:cad>87</ns3:cad>
          </ns3:TrackPointExtension>
        </extensions>
      </trkpt>
      <trkpt lat="34.1841545887291431427001953125" lon="108.93356926739215850830078125">
        <ele>433.399993896484375</ele>
        <time>2026-09-12T11:53:17.000Z</time>
        <extensions>
          <ns3:TrackPointExtension>
            <ns3:hr>125</ns3:hr>
            <ns3:cad>87</ns3:cad>
          </ns3:TrackPointExtension>
        </extensions>
      </trkpt>
      <trkpt lat="34.18415048159658908843994140625" lon="108.933544456958770751953125">
        <ele>433.20001220703125</ele>
        <time>2026-09-12T11:53:18.000Z</time>
        <extensions>
          <ns3:TrackPointExtension>
            <ns3:hr>126</ns3:hr>
            <ns3:cad>87</ns3:cad>
          </ns3:TrackPointExtension>
        </extensions>
      </trkpt>
      <trkpt lat="34.18415165506303310394287109375" lon="108.9335104264318943023681640625">
        <ele>433.20001220703125</ele>
        <time>2026-09-12T11:53:19.000Z</time>
        <extensions>
          <ns3:TrackPointExtension>
            <ns3:hr>128</ns3:hr>
            <ns3:cad>87</ns3:cad>
          </ns3:TrackPointExtension>
        </extensions>
      </trkpt>
      <trkpt lat="34.18415115214884281158447265625" lon="108.933489136397838592529296875">
        <ele>433.20001220703125</ele>
        <time>2026-09-12T11:53:20.000Z</time>
        <extensions>
          <ns3:TrackPointExtension>
            <ns3:hr>129</ns3:hr>
            <ns3:cad>87</ns3:cad>
          </ns3:TrackPointExtension>
        </extensions>
      </trkpt>
      <trkpt lat="34.184150397777557373046875" lon="108.93345904536545276641845703125">
        <ele>433.20001220703125</ele>
        <time>2026-09-12T11:53:21.000Z</time>
        <extensions>
          <ns3:TrackPointExtension>
            <ns3:hr>130</ns3:hr>
            <ns3:cad>87</ns3:cad>
          </ns3:TrackPointExtension>
        </extensions>
      </trkpt>
      <trkpt lat="34.1841465421020984649658203125" lon="108.93343507312238216400146484375">
        <ele>433</ele>
        <time>2026-09-12T11:53:22.000Z</time>
        <extensions>
          <ns3:TrackPointExtension>
            <ns3:hr>130</ns3:hr>
            <ns3:cad>87</ns3:cad>
          </ns3:TrackPointExtension>
        </extensions>
      </trkpt>
      <trkpt lat="34.18415148742496967315673828125" lon="108.9334011264145374298095703125">
        <ele>433</ele>
        <time>2026-09-12T11:53:23.000Z</time>
        <extensions>
          <ns3:TrackPointExtension>
            <ns3:hr>131</ns3:hr>
            <ns3:cad>87</ns3:cad>
          </ns3:TrackPointExtension>
        </extensions>
      </trkpt>
      <trkpt lat="34.18415534310042858123779296875" lon="108.93337606452405452728271484375">
        <ele>433</ele>
        <time>2026-09-12T11:53:24.000Z</time>
        <extensions>
          <ns3:TrackPointExtension>
            <ns3:hr>131</ns3:hr>
            <ns3:cad>87</ns3:cad>
          </ns3:TrackPointExtension>
        </extensions>
      </trkpt>
      <trkpt lat="34.18415836058557033538818359375" lon="108.93335008062422275543212890625">
        <ele>432.79998779296875</ele>
        <time>2026-09-12T11:53:25.000Z</time>
        <extensions>
          <ns3:TrackPointExtension>
            <ns3:hr>131</ns3:hr>
            <ns3:cad>87</ns3:cad>
          </ns3:TrackPointExtension>
        </extensions>
      </trkpt>
      <trkpt lat="34.1841545887291431427001953125" lon="108.933324180543422698974609375">
        <ele>432.79998779296875</ele>
        <time>2026-09-12T11:53:26.000Z</time>
        <extensions>
          <ns3:TrackPointExtension>
            <ns3:hr>132</ns3:hr>
            <ns3:cad>87</ns3:cad>
          </ns3:TrackPointExtension>
        </extensions>
      </trkpt>
      <trkpt lat="34.18415182270109653472900390625" lon="108.93330037593841552734375">
        <ele>432.79998779296875</ele>
        <time>2026-09-12T11:53:27.000Z</time>
        <extensions>
          <ns3:TrackPointExtension>
            <ns3:hr>132</ns3:hr>
            <ns3:cad>87</ns3:cad>
          </ns3:TrackPointExtension>
        </extensions>
      </trkpt>
      <trkpt lat="34.18415232561528682708740234375" lon="108.9332713745534420013427734375">
        <ele>432.79998779296875</ele>
        <time>2026-09-12T11:53:28.000Z</time>
        <extensions>
          <ns3:TrackPointExtension>
            <ns3:hr>132</ns3:hr>
            <ns3:cad>87</ns3:cad>
          </ns3:TrackPointExtension>
        </extensions>
      </trkpt>
      <trkpt lat="34.18414696119725704193115234375" lon="108.9332507550716400146484375">
        <ele>432.79998779296875</ele>
        <time>2026-09-12T11:53:29.000Z</time>
        <extensions>
          <ns3:TrackPointExtension>
            <ns3:hr>133</ns3:hr>
            <ns3:cad>87</ns3:cad>
          </ns3:TrackPointExtension>
        </extensions>
      </trkpt>
      <trkpt lat="34.1841455362737178802490234375" lon="108.93321898765861988067626953125">
        <ele>432.79998779296875</ele>
        <time>2026-09-12T11:53:30.000Z</time>
        <extensions>
          <ns3:TrackPointExtension>
            <ns3:hr>133</ns3:hr>
            <ns3:cad>87</ns3:cad>
          </ns3:TrackPointExtension>
        </extensions>
      </trkpt>
      <trkpt lat="34.18414209969341754913330078125" lon="108.93319434486329555511474609375">
        <ele>432.600006103515625</ele>
        <time>2026-09-12T11:53:31.000Z</time>
        <extensions>
          <ns3:TrackPointExtension>
            <ns3:hr>133</ns3:hr>
            <ns3:cad>87</ns3:cad>
          </ns3:TrackPointExtension>
        </extensions>
      </trkpt>
      <trkpt lat="34.184138663113117218017578125" lon="108.93316349945962429046630859375">
        <ele>432.600006103515625</ele>
        <time>2026-09-12T11:53:32.000Z</time>
        <extensions>
          <ns3:TrackPointExtension>
            <ns3:hr>133</ns3:hr>
            <ns3:cad>87</ns3:cad>
          </ns3:TrackPointExtension>
        </extensions>
      </trkpt>
      <trkpt lat="34.18413841165602207183837890625" lon="108.93313617445528507232666015625">
        <ele>432.600006103515625</ele>
        <time>2026-09-12T11:53:33.000Z</time>
        <extensions>
          <ns3:TrackPointExtension>
            <ns3:hr>132</ns3:hr>
            <ns3:cad>87</ns3:cad>
          </ns3:TrackPointExtension>
        </extensions>
      </trkpt>
      <trkpt lat="34.18413639999926090240478515625" lon="108.93310650251805782318115234375">
        <ele>432.399993896484375</ele>
        <time>2026-09-12T11:53:34.000Z</time>
        <extensions>
          <ns3:TrackPointExtension>
            <ns3:hr>133</ns3:hr>
            <ns3:cad>87</ns3:cad>
          </ns3:TrackPointExtension>
        </extensions>
      </trkpt>
      <trkpt lat="34.18413975276052951812744140625" lon="108.93308378756046295166015625">
        <ele>432.399993896484375</ele>
        <time>2026-09-12T11:53:35.000Z</time>
        <extensions>
          <ns3:TrackPointExtension>
            <ns3:hr>133</ns3:hr>
            <ns3:cad>88</ns3:cad>
          </ns3:TrackPointExtension>
        </extensions>
      </trkpt>
      <trkpt lat="34.18413765728473663330078125" lon="108.93305185250937938690185546875">
        <ele>432.399993896484375</ele>
        <time>2026-09-12T11:53:36.000Z</time>
        <extensions>
          <ns3:TrackPointExtension>
            <ns3:hr>133</ns3:hr>
            <ns3:cad>88</ns3:cad>
          </ns3:TrackPointExtension>
        </extensions>
      </trkpt>
      <trkpt lat="34.18414008803665637969970703125" lon="108.93302209675312042236328125">
        <ele>432.399993896484375</ele>
        <time>2026-09-12T11:53:37.000Z</time>
        <extensions>
          <ns3:TrackPointExtension>
            <ns3:hr>132</ns3:hr>
            <ns3:cad>87</ns3:cad>
          </ns3:TrackPointExtension>
        </extensions>
      </trkpt>
      <trkpt lat="34.1841354779899120330810546875" lon="108.93298856914043426513671875">
        <ele>432.399993896484375</ele>
        <time>2026-09-12T11:53:38.000Z</time>
        <extensions>
          <ns3:TrackPointExtension>
            <ns3:hr>133</ns3:hr>
            <ns3:cad>87</ns3:cad>
          </ns3:TrackPointExtension>
        </extensions>
      </trkpt>
      <trkpt lat="34.1841324605047702789306640625" lon="108.93295797519385814666748046875">
        <ele>432.399993896484375</ele>
        <time>2026-09-12T11:53:39.000Z</time>
        <extensions>
          <ns3:TrackPointExtension>
            <ns3:hr>133</ns3:hr>
            <ns3:cad>87</ns3:cad>
          </ns3:TrackPointExtension>
        </extensions>
      </trkpt>
      <trkpt lat="34.18412902392446994781494140625" lon="108.9329337514936923980712890625">
        <ele>432.20001220703125</ele>
        <time>2026-09-12T11:53:40.000Z</time>
        <extensions>
          <ns3:TrackPointExtension>
            <ns3:hr>133</ns3:hr>
            <ns3:cad>87</ns3:cad>
          </ns3:TrackPointExtension>
        </extensions>
      </trkpt>
      <trkpt lat="34.18413229286670684814453125" lon="108.93290801905095577239990234375">
        <ele>432.20001220703125</ele>
        <time>2026-09-12T11:53:41.000Z</time>
        <extensions>
          <ns3:TrackPointExtension>
            <ns3:hr>133</ns3:hr>
            <ns3:cad>87</ns3:cad>
          </ns3:TrackPointExtension>
        </extensions>
      </trkpt>
      <trkpt lat="34.184128604829311370849609375" lon="108.932885639369487762451171875">
        <ele>432.20001220703125</ele>
        <time>2026-09-12T11:53:42.000Z</time>
        <extensions>
          <ns3:TrackPointExtension>
            <ns3:hr>133</ns3:hr>
            <ns3:cad>87</ns3:cad>
          </ns3:TrackPointExtension>
        </extensions>
      </trkpt>
      <trkpt lat="34.18412567116320133209228515625" lon="108.93285487778484821319580078125">
        <ele>432.20001220703125</ele>
        <time>2026-09-12T11:53:43.000Z</time>
        <extensions>
          <ns3:TrackPointExtension>
            <ns3:hr>133</ns3:hr>
            <ns3:cad>87</ns3:cad>
          </ns3:TrackPointExtension>
        </extensions>
      </trkpt>
      <trkpt lat="34.18412365950644016265869140625" lon="108.93282637931406497955322265625">
        <ele>432.20001220703125</ele>
        <time>2026-09-12T11:53:44.000Z</time>
        <extensions>
          <ns3:TrackPointExtension>
            <ns3:hr>132</ns3:hr>
            <ns3:cad>87</ns3:cad>
          </ns3:TrackPointExtension>
        </extensions>
      </trkpt>
      <trkpt lat="34.1841222345829010009765625" lon="108.93279142677783966064453125">
        <ele>432.20001220703125</ele>
        <time>2026-09-12T11:53:45.000Z</time>
        <extensions>
          <ns3:TrackPointExtension>
            <ns3:hr>133</ns3:hr>
            <ns3:cad>87</ns3:cad>
          </ns3:TrackPointExtension>
        </extensions>
      </trkpt>
      <trkpt lat="34.1841267608106136322021484375" lon="108.93276217393577098846435546875">
        <ele>432.20001220703125</ele>
        <time>2026-09-12T11:53:46.000Z</time>
        <extensions>
          <ns3:TrackPointExtension>
            <ns3:hr>133</ns3:hr>
            <ns3:cad>87</ns3:cad>
          </ns3:TrackPointExtension>
        </extensions>
      </trkpt>
      <trkpt lat="34.1841264255344867706298828125" lon="108.9327277243137359619140625">
        <ele>432.20001220703125</ele>
        <time>2026-09-12T11:53:47.000Z</time>
        <extensions>
          <ns3:TrackPointExtension>
            <ns3:hr>132</ns3:hr>
            <ns3:cad>87</ns3:cad>
          </ns3:TrackPointExtension>
        </extensions>
      </trkpt>
      <trkpt lat="34.1841277666389942169189453125" lon="108.9327000640332698822021484375">
        <ele>432.20001220703125</ele>
        <time>2026-09-12T11:53:48.000Z</time>
        <extensions>
          <ns3:TrackPointExtension>
            <ns3:hr>132</ns3:hr>
            <ns3:cad>89</ns3:cad>
          </ns3:TrackPointExtension>
        </extensions>
      </trkpt>
      <trkpt lat="34.18412818573415279388427734375" lon="108.9326635189354419708251953125">
        <ele>432.20001220703125</ele>
        <time>2026-09-12T11:53:49.000Z</time>
        <extensions>
          <ns3:TrackPointExtension>
            <ns3:hr>132</ns3:hr>
            <ns3:cad>89</ns3:cad>
          </ns3:TrackPointExtension>
        </extensions>
      </trkpt>
      <trkpt lat="34.184128940105438232421875" lon="108.9326356910169124603271484375">
        <ele>432.20001220703125</ele>
        <time>2026-09-12T11:53:50.000Z</time>
        <extensions>
          <ns3:TrackPointExtension>
            <ns3:hr>133</ns3:hr>
            <ns3:cad>89</ns3:cad>
          </ns3:TrackPointExtension>
        </extensions>
      </trkpt>
      <trkpt lat="34.18412365950644016265869140625" lon="108.93260098993778228759765625">
        <ele>432.20001220703125</ele>
        <time>2026-09-12T11:53:51.000Z</time>
        <extensions>
          <ns3:TrackPointExtension>
            <ns3:hr>132</ns3:hr>
            <ns3:cad>89</ns3:cad>
          </ns3:TrackPointExtension>
        </extensions>
      </trkpt>
      <trkpt lat="34.184119217097759246826171875" lon="108.93257693387567996978759765625">
        <ele>432</ele>
        <time>2026-09-12T11:53:52.000Z</time>
        <extensions>
          <ns3:TrackPointExtension>
            <ns3:hr>132</ns3:hr>
            <ns3:cad>88</ns3:cad>
          </ns3:TrackPointExtension>
        </extensions>
      </trkpt>
      <trkpt lat="34.18411460705101490020751953125" lon="108.9325522072613239288330078125">
        <ele>432</ele>
        <time>2026-09-12T11:53:53.000Z</time>
        <extensions>
          <ns3:TrackPointExtension>
            <ns3:hr>132</ns3:hr>
            <ns3:cad>89</ns3:cad>
          </ns3:TrackPointExtension>
        </extensions>
      </trkpt>
      <trkpt lat="34.18411544524133205413818359375" lon="108.93253033049404621124267578125">
        <ele>432</ele>
        <time>2026-09-12T11:53:54.000Z</time>
        <extensions>
          <ns3:TrackPointExtension>
            <ns3:hr>133</ns3:hr>
            <ns3:cad>89</ns3:cad>
          </ns3:TrackPointExtension>
        </extensions>
      </trkpt>
      <trkpt lat="34.18411410413682460784912109375" lon="108.932503424584865570068359375">
        <ele>432</ele>
        <time>2026-09-12T11:53:55.000Z</time>
        <extensions>
          <ns3:TrackPointExtension>
            <ns3:hr>132</ns3:hr>
            <ns3:cad>89</ns3:cad>
          </ns3:TrackPointExtension>
        </extensions>
      </trkpt>
      <trkpt lat="34.18411527760326862335205078125" lon="108.93248121254146099090576171875">
        <ele>431.79998779296875</ele>
        <time>2026-09-12T11:53:56.000Z</time>
        <extensions>
          <ns3:TrackPointExtension>
            <ns3:hr>132</ns3:hr>
            <ns3:cad>89</ns3:cad>
          </ns3:TrackPointExtension>
        </extensions>
      </trkpt>
      <trkpt lat="34.18410957790911197662353515625" lon="108.93245757557451725006103515625">
        <ele>432</ele>
        <time>2026-09-12T11:53:57.000Z</time>
        <extensions>
          <ns3:TrackPointExtension>
            <ns3:hr>132</ns3:hr>
            <ns3:cad>88</ns3:cad>
          </ns3:TrackPointExtension>
        </extensions>
      </trkpt>
      <trkpt lat="34.18410773389041423797607421875" lon="108.932427652180194854736328125">
        <ele>432</ele>
        <time>2026-09-12T11:53:58.000Z</time>
        <extensions>
          <ns3:TrackPointExtension>
            <ns3:hr>132</ns3:hr>
            <ns3:cad>88</ns3:cad>
          </ns3:TrackPointExtension>
        </extensions>
      </trkpt>
      <trkpt lat="34.1841083206236362457275390625" lon="108.93240594305098056793212890625">
        <ele>431.79998779296875</ele>
        <time>2026-09-12T11:53:59.000Z</time>
        <extensions>
          <ns3:TrackPointExtension>
            <ns3:hr>132</ns3:hr>
            <ns3:cad>88</ns3:cad>
          </ns3:TrackPointExtension>
        </extensions>
      </trkpt>
      <trkpt lat="34.18410622514784336090087890625" lon="108.9323771931231021881103515625">
        <ele>431.79998779296875</ele>
        <time>2026-09-12T11:54:00.000Z</time>
        <extensions>
          <ns3:TrackPointExtension>
            <ns3:hr>132</ns3:hr>
            <ns3:cad>87</ns3:cad>
          </ns3:TrackPointExtension>
        </extensions>
      </trkpt>
      <trkpt lat="34.184103123843669891357421875" lon="108.93235514871776103973388671875">
        <ele>431.79998779296875</ele>
        <time>2026-09-12T11:54:01.000Z</time>
        <extensions>
          <ns3:TrackPointExtension>
            <ns3:hr>132</ns3:hr>
            <ns3:cad>87</ns3:cad>
          </ns3:TrackPointExtension>
        </extensions>
      </trkpt>
      <trkpt lat="34.1841029562056064605712890625" lon="108.93232698552310466766357421875">
        <ele>431.79998779296875</ele>
        <time>2026-09-12T11:54:02.000Z</time>
        <extensions>
          <ns3:TrackPointExtension>
            <ns3:hr>132</ns3:hr>
            <ns3:cad>86</ns3:cad>
          </ns3:TrackPointExtension>
        </extensions>
      </trkpt>
      <trkpt lat="34.18410102836787700653076171875" lon="108.9323071204125881195068359375">
        <ele>431.79998779296875</ele>
        <time>2026-09-12T11:54:03.000Z</time>
        <extensions>
          <ns3:TrackPointExtension>
            <ns3:hr>132</ns3:hr>
            <ns3:cad>88</ns3:cad>
          </ns3:TrackPointExtension>
        </extensions>
      </trkpt>
      <trkpt lat="34.1840996034443378448486328125" lon="108.9322725869715213775634765625">
        <ele>431.79998779296875</ele>
        <time>2026-09-12T11:54:04.000Z</time>
        <extensions>
          <ns3:TrackPointExtension>
            <ns3:hr>131</ns3:hr>
            <ns3:cad>88</ns3:cad>
          </ns3:TrackPointExtension>
        </extensions>
      </trkpt>
      <trkpt lat="34.184096753597259521484375" lon="108.93225020729005336761474609375">
        <ele>431.79998779296875</ele>
        <time>2026-09-12T11:54:05.000Z</time>
        <extensions>
          <ns3:TrackPointExtension>
            <ns3:hr>131</ns3:hr>
            <ns3:cad>88</ns3:cad>
          </ns3:TrackPointExtension>
        </extensions>
      </trkpt>
      <trkpt lat="34.18409398756921291351318359375" lon="108.93222145736217498779296875">
        <ele>431.79998779296875</ele>
        <time>2026-09-12T11:54:06.000Z</time>
        <extensions>
          <ns3:TrackPointExtension>
            <ns3:hr>131</ns3:hr>
            <ns3:cad>88</ns3:cad>
          </ns3:TrackPointExtension>
        </extensions>
      </trkpt>
      <trkpt lat="34.1840965859591960906982421875" lon="108.93219731748104095458984375">
        <ele>431.79998779296875</ele>
        <time>2026-09-12T11:54:07.000Z</time>
        <extensions>
          <ns3:TrackPointExtension>
            <ns3:hr>131</ns3:hr>
            <ns3:cad>88</ns3:cad>
          </ns3:TrackPointExtension>
        </extensions>
      </trkpt>
      <trkpt lat="34.18409482575953006744384765625" lon="108.93217108212411403656005859375">
        <ele>431.79998779296875</ele>
        <time>2026-09-12T11:54:08.000Z</time>
        <extensions>
          <ns3:TrackPointExtension>
            <ns3:hr>132</ns3:hr>
            <ns3:cad>87</ns3:cad>
          </ns3:TrackPointExtension>
        </extensions>
      </trkpt>
      <trkpt lat="34.18409499339759349822998046875" lon="108.93214224837720394134521484375">
        <ele>431.79998779296875</ele>
        <time>2026-09-12T11:54:09.000Z</time>
        <extensions>
          <ns3:TrackPointExtension>
            <ns3:hr>131</ns3:hr>
            <ns3:cad>87</ns3:cad>
          </ns3:TrackPointExtension>
        </extensions>
      </trkpt>
      <trkpt lat="34.18409381993114948272705078125" lon="108.93211760558187961578369140625">
        <ele>431.600006103515625</ele>
        <time>2026-09-12T11:54:10.000Z</time>
        <extensions>
          <ns3:TrackPointExtension>
            <ns3:hr>131</ns3:hr>
            <ns3:cad>87</ns3:cad>
          </ns3:TrackPointExtension>
        </extensions>
      </trkpt>
      <trkpt lat="34.18409080244600772857666015625" lon="108.9320871792733669281005859375">
        <ele>431.79998779296875</ele>
        <time>2026-09-12T11:54:11.000Z</time>
        <extensions>
          <ns3:TrackPointExtension>
            <ns3:hr>131</ns3:hr>
            <ns3:cad>88</ns3:cad>
          </ns3:TrackPointExtension>
        </extensions>
      </trkpt>
      <trkpt lat="34.18408342637121677398681640625" lon="108.93206060864031314849853515625">
        <ele>431.79998779296875</ele>
        <time>2026-09-12T11:54:12.000Z</time>
        <extensions>
          <ns3:TrackPointExtension>
            <ns3:hr>131</ns3:hr>
            <ns3:cad>88</ns3:cad>
          </ns3:TrackPointExtension>
        </extensions>
      </trkpt>
      <trkpt lat="34.1840766370296478271484375" lon="108.932027332484722137451171875">
        <ele>431.79998779296875</ele>
        <time>2026-09-12T11:54:13.000Z</time>
        <extensions>
          <ns3:TrackPointExtension>
            <ns3:hr>131</ns3:hr>
            <ns3:cad>88</ns3:cad>
          </ns3:TrackPointExtension>
        </extensions>
      </trkpt>
      <trkpt lat="34.1840737871825695037841796875" lon="108.932004533708095550537109375">
        <ele>431.79998779296875</ele>
        <time>2026-09-12T11:54:14.000Z</time>
        <extensions>
          <ns3:TrackPointExtension>
            <ns3:hr>131</ns3:hr>
            <ns3:cad>87</ns3:cad>
          </ns3:TrackPointExtension>
        </extensions>
      </trkpt>
      <trkpt lat="34.184070266783237457275390625" lon="108.931972347199916839599609375">
        <ele>431.79998779296875</ele>
        <time>2026-09-12T11:54:15.000Z</time>
        <extensions>
          <ns3:TrackPointExtension>
            <ns3:hr>131</ns3:hr>
            <ns3:cad>87</ns3:cad>
          </ns3:TrackPointExtension>
        </extensions>
      </trkpt>
      <trkpt lat="34.1840670816600322723388671875" lon="108.93195591866970062255859375">
        <ele>431.600006103515625</ele>
        <time>2026-09-12T11:54:16.000Z</time>
        <extensions>
          <ns3:TrackPointExtension>
            <ns3:hr>132</ns3:hr>
            <ns3:cad>86</ns3:cad>
          </ns3:TrackPointExtension>
        </extensions>
      </trkpt>
      <trkpt lat="34.18406523764133453369140625" lon="108.93192800693213939666748046875">
        <ele>431.600006103515625</ele>
        <time>2026-09-12T11:54:17.000Z</time>
        <extensions>
          <ns3:TrackPointExtension>
            <ns3:hr>132</ns3:hr>
            <ns3:cad>86</ns3:cad>
          </ns3:TrackPointExtension>
        </extensions>
      </trkpt>
      <trkpt lat="34.18406716547906398773193359375" lon="108.931895904242992401123046875">
        <ele>431.600006103515625</ele>
        <time>2026-09-12T11:54:18.000Z</time>
        <extensions>
          <ns3:TrackPointExtension>
            <ns3:hr>132</ns3:hr>
            <ns3:cad>86</ns3:cad>
          </ns3:TrackPointExtension>
        </extensions>
      </trkpt>
      <trkpt lat="34.18406481854617595672607421875" lon="108.931869752705097198486328125">
        <ele>431.600006103515625</ele>
        <time>2026-09-12T11:54:19.000Z</time>
        <extensions>
          <ns3:TrackPointExtension>
            <ns3:hr>132</ns3:hr>
            <ns3:cad>87</ns3:cad>
          </ns3:TrackPointExtension>
        </extensions>
      </trkpt>
      <trkpt lat="34.18406414799392223358154296875" lon="108.93183697946369647979736328125">
        <ele>431.600006103515625</ele>
        <time>2026-09-12T11:54:20.000Z</time>
        <extensions>
          <ns3:TrackPointExtension>
            <ns3:hr>132</ns3:hr>
            <ns3:cad>87</ns3:cad>
          </ns3:TrackPointExtension>
        </extensions>
      </trkpt>
      <trkpt lat="34.18406364507973194122314453125" lon="108.93181107938289642333984375">
        <ele>431.600006103515625</ele>
        <time>2026-09-12T11:54:21.000Z</time>
        <extensions>
          <ns3:TrackPointExtension>
            <ns3:hr>132</ns3:hr>
            <ns3:cad>87</ns3:cad>
          </ns3:TrackPointExtension>
        </extensions>
      </trkpt>
      <trkpt lat="34.1840627230703830718994140625" lon="108.93177696503698825836181640625">
        <ele>431.600006103515625</ele>
        <time>2026-09-12T11:54:22.000Z</time>
        <extensions>
          <ns3:TrackPointExtension>
            <ns3:hr>132</ns3:hr>
            <ns3:cad>87</ns3:cad>
          </ns3:TrackPointExtension>
        </extensions>
      </trkpt>
      <trkpt lat="34.18405861593782901763916015625" lon="108.9317545853555202484130859375">
        <ele>431.600006103515625</ele>
        <time>2026-09-12T11:54:23.000Z</time>
        <extensions>
          <ns3:TrackPointExtension>
            <ns3:hr>132</ns3:hr>
            <ns3:cad>87</ns3:cad>
          </ns3:TrackPointExtension>
        </extensions>
      </trkpt>
      <trkpt lat="34.18405241332948207855224609375" lon="108.931728266179561614990234375">
        <ele>431.600006103515625</ele>
        <time>2026-09-12T11:54:24.000Z</time>
        <extensions>
          <ns3:TrackPointExtension>
            <ns3:hr>132</ns3:hr>
            <ns3:cad>87</ns3:cad>
          </ns3:TrackPointExtension>
        </extensions>
      </trkpt>
      <trkpt lat="34.1840523295104503631591796875" lon="108.93170538358390331268310546875">
        <ele>431.600006103515625</ele>
        <time>2026-09-12T11:54:25.000Z</time>
        <extensions>
          <ns3:TrackPointExtension>
            <ns3:hr>132</ns3:hr>
            <ns3:cad>88</ns3:cad>
          </ns3:TrackPointExtension>
        </extensions>
      </trkpt>
      <trkpt lat="34.18404646217823028564453125" lon="108.93167822621762752532958984375">
        <ele>431.600006103515625</ele>
        <time>2026-09-12T11:54:26.000Z</time>
        <extensions>
          <ns3:TrackPointExtension>
            <ns3:hr>132</ns3:hr>
            <ns3:cad>88</ns3:cad>
          </ns3:TrackPointExtension>
        </extensions>
      </trkpt>
      <trkpt lat="34.1840462945401668548583984375" lon="108.93165559507906436920166015625">
        <ele>431.600006103515625</ele>
        <time>2026-09-12T11:54:27.000Z</time>
        <extensions>
          <ns3:TrackPointExtension>
            <ns3:hr>132</ns3:hr>
            <ns3:cad>88</ns3:cad>
          </ns3:TrackPointExtension>
        </extensions>
      </trkpt>
      <trkpt lat="34.18404369615018367767333984375" lon="108.931629024446010589599609375">
        <ele>431.600006103515625</ele>
        <time>2026-09-12T11:54:28.000Z</time>
        <extensions>
          <ns3:TrackPointExtension>
            <ns3:hr>132</ns3:hr>
            <ns3:cad>88</ns3:cad>
          </ns3:TrackPointExtension>
        </extensions>
      </trkpt>
      <trkpt lat="34.18404520489275455474853515625" lon="108.93160463310778141021728515625">
        <ele>431.600006103515625</ele>
        <time>2026-09-12T11:54:29.000Z</time>
        <extensions>
          <ns3:TrackPointExtension>
            <ns3:hr>132</ns3:hr>
            <ns3:cad>88</ns3:cad>
          </ns3:TrackPointExtension>
        </extensions>
      </trkpt>
      <trkpt lat="34.184041433036327362060546875" lon="108.93158384598791599273681640625">
        <ele>431.600006103515625</ele>
        <time>2026-09-12T11:54:30.000Z</time>
        <extensions>
          <ns3:TrackPointExtension>
            <ns3:hr>132</ns3:hr>
            <ns3:cad>87</ns3:cad>
          </ns3:TrackPointExtension>
        </extensions>
      </trkpt>
      <trkpt lat="34.1840412653982639312744140625" lon="108.9315561018884181976318359375">
        <ele>431.600006103515625</ele>
        <time>2026-09-12T11:54:31.000Z</time>
        <extensions>
          <ns3:TrackPointExtension>
            <ns3:hr>132</ns3:hr>
            <ns3:cad>87</ns3:cad>
          </ns3:TrackPointExtension>
        </extensions>
      </trkpt>
      <trkpt lat="34.1840390861034393310546875" lon="108.9315322972834110260009765625">
        <ele>431.600006103515625</ele>
        <time>2026-09-12T11:54:32.000Z</time>
        <extensions>
          <ns3:TrackPointExtension>
            <ns3:hr>132</ns3:hr>
            <ns3:cad>87</ns3:cad>
          </ns3:TrackPointExtension>
        </extensions>
      </trkpt>
      <trkpt lat="34.18404243886470794677734375" lon="108.93149751238524913787841796875">
        <ele>431.600006103515625</ele>
        <time>2026-09-12T11:54:33.000Z</time>
        <extensions>
          <ns3:TrackPointExtension>
            <ns3:hr>132</ns3:hr>
            <ns3:cad>87</ns3:cad>
          </ns3:TrackPointExtension>
        </extensions>
      </trkpt>
      <trkpt lat="34.18404453434050083160400390625" lon="108.9314712770283222198486328125">
        <ele>431.399993896484375</ele>
        <time>2026-09-12T11:54:34.000Z</time>
        <extensions>
          <ns3:TrackPointExtension>
            <ns3:hr>132</ns3:hr>
            <ns3:cad>87</ns3:cad>
          </ns3:TrackPointExtension>
        </extensions>
      </trkpt>
      <trkpt lat="34.184045456349849700927734375" lon="108.93143448047339916229248046875">
        <ele>431.399993896484375</ele>
        <time>2026-09-12T11:54:35.000Z</time>
        <extensions>
          <ns3:TrackPointExtension>
            <ns3:hr>131</ns3:hr>
            <ns3:cad>87</ns3:cad>
          </ns3:TrackPointExtension>
        </extensions>
      </trkpt>
      <trkpt lat="34.18404788710176944732666015625" lon="108.93140950240194797515869140625">
        <ele>431.399993896484375</ele>
        <time>2026-09-12T11:54:36.000Z</time>
        <extensions>
          <ns3:TrackPointExtension>
            <ns3:hr>132</ns3:hr>
            <ns3:cad>87</ns3:cad>
          </ns3:TrackPointExtension>
        </extensions>
      </trkpt>
      <trkpt lat="34.184049479663372039794921875" lon="108.9313834346830844879150390625">
        <ele>431.399993896484375</ele>
        <time>2026-09-12T11:54:37.000Z</time>
        <extensions>
          <ns3:TrackPointExtension>
            <ns3:hr>133</ns3:hr>
            <ns3:cad>87</ns3:cad>
          </ns3:TrackPointExtension>
        </extensions>
      </trkpt>
      <trkpt lat="34.18405006639659404754638671875" lon="108.93135644495487213134765625">
        <ele>431.399993896484375</ele>
        <time>2026-09-12T11:54:38.000Z</time>
        <extensions>
          <ns3:TrackPointExtension>
            <ns3:hr>133</ns3:hr>
            <ns3:cad>87</ns3:cad>
          </ns3:TrackPointExtension>
        </extensions>
      </trkpt>
      <trkpt lat="34.18405090458691120147705078125" lon="108.93132962286472320556640625">
        <ele>431.399993896484375</ele>
        <time>2026-09-12T11:54:39.000Z</time>
        <extensions>
          <ns3:TrackPointExtension>
            <ns3:hr>134</ns3:hr>
            <ns3:cad>89</ns3:cad>
          </ns3:TrackPointExtension>
        </extensions>
      </trkpt>
      <trkpt lat="34.18405576609075069427490234375" lon="108.93129718489944934844970703125">
        <ele>431.399993896484375</ele>
        <time>2026-09-12T11:54:40.000Z</time>
        <extensions>
          <ns3:TrackPointExtension>
            <ns3:hr>135</ns3:hr>
            <ns3:cad>89</ns3:cad>
          </ns3:TrackPointExtension>
        </extensions>
      </trkpt>
      <trkpt lat="34.18405895121395587921142578125" lon="108.9312657527625560760498046875">
        <ele>431.399993896484375</ele>
        <time>2026-09-12T11:54:41.000Z</time>
        <extensions>
          <ns3:TrackPointExtension>
            <ns3:hr>135</ns3:hr>
            <ns3:cad>89</ns3:cad>
          </ns3:TrackPointExtension>
        </extensions>
      </trkpt>
      <trkpt lat="34.18405987322330474853515625" lon="108.93124018795788288116455078125">
        <ele>431.399993896484375</ele>
        <time>2026-09-12T11:54:42.000Z</time>
        <extensions>
          <ns3:TrackPointExtension>
            <ns3:hr>135</ns3:hr>
            <ns3:cad>89</ns3:cad>
          </ns3:TrackPointExtension>
        </extensions>
      </trkpt>
      <trkpt lat="34.1840586997568607330322265625" lon="108.9312094263732433319091796875">
        <ele>431.399993896484375</ele>
        <time>2026-09-12T11:54:43.000Z</time>
        <extensions>
          <ns3:TrackPointExtension>
            <ns3:hr>136</ns3:hr>
            <ns3:cad>89</ns3:cad>
          </ns3:TrackPointExtension>
        </extensions>
      </trkpt>
      <trkpt lat="34.18405995704233646392822265625" lon="108.9311779104173183441162109375">
        <ele>431.399993896484375</ele>
        <time>2026-09-12T11:54:44.000Z</time>
        <extensions>
          <ns3:TrackPointExtension>
            <ns3:hr>135</ns3:hr>
            <ns3:cad>87</ns3:cad>
          </ns3:TrackPointExtension>
        </extensions>
      </trkpt>
      <trkpt lat="34.18405408971011638641357421875" lon="108.9311520941555500030517578125">
        <ele>431.399993896484375</ele>
        <time>2026-09-12T11:54:45.000Z</time>
        <extensions>
          <ns3:TrackPointExtension>
            <ns3:hr>136</ns3:hr>
            <ns3:cad>86</ns3:cad>
          </ns3:TrackPointExtension>
        </extensions>
      </trkpt>
      <trkpt lat="34.18405023403465747833251953125" lon="108.9311229251325130462646484375">
        <ele>431.399993896484375</ele>
        <time>2026-09-12T11:54:46.000Z</time>
        <extensions>
          <ns3:TrackPointExtension>
            <ns3:hr>136</ns3:hr>
            <ns3:cad>86</ns3:cad>
          </ns3:TrackPointExtension>
        </extensions>
      </trkpt>
      <trkpt lat="34.18404503725469112396240234375" lon="108.93109920434653759002685546875">
        <ele>431.399993896484375</ele>
        <time>2026-09-12T11:54:47.000Z</time>
        <extensions>
          <ns3:TrackPointExtension>
            <ns3:hr>136</ns3:hr>
            <ns3:cad>86</ns3:cad>
          </ns3:TrackPointExtension>
        </extensions>
      </trkpt>
      <trkpt lat="34.1840369068086147308349609375" lon="108.931069783866405487060546875">
        <ele>431.399993896484375</ele>
        <time>2026-09-12T11:54:48.000Z</time>
        <extensions>
          <ns3:TrackPointExtension>
            <ns3:hr>135</ns3:hr>
            <ns3:cad>87</ns3:cad>
          </ns3:TrackPointExtension>
        </extensions>
      </trkpt>
      <trkpt lat="34.18402634561061859130859375" lon="108.93104757182300090789794921875">
        <ele>431.399993896484375</ele>
        <time>2026-09-12T11:54:49.000Z</time>
        <extensions>
          <ns3:TrackPointExtension>
            <ns3:hr>136</ns3:hr>
            <ns3:cad>87</ns3:cad>
          </ns3:TrackPointExtension>
        </extensions>
      </trkpt>
      <trkpt lat="34.18401402421295642852783203125" lon="108.931016810238361358642578125">
        <ele>431.399993896484375</ele>
        <time>2026-09-12T11:54:50.000Z</time>
        <extensions>
          <ns3:TrackPointExtension>
            <ns3:hr>136</ns3:hr>
            <ns3:cad>87</ns3:cad>
          </ns3:TrackPointExtension>
        </extensions>
      </trkpt>
      <trkpt lat="34.1839986853301525115966796875" lon="108.93099526874721050262451171875">
        <ele>431.399993896484375</ele>
        <time>2026-09-12T11:54:51.000Z</time>
        <extensions>
          <ns3:TrackPointExtension>
            <ns3:hr>135</ns3:hr>
            <ns3:cad>87</ns3:cad>
          </ns3:TrackPointExtension>
        </extensions>
      </trkpt>
      <trkpt lat="34.1839809156954288482666015625" lon="108.9309757389128208160400390625">
        <ele>431.399993896484375</ele>
        <time>2026-09-12T11:54:52.000Z</time>
        <extensions>
          <ns3:TrackPointExtension>
            <ns3:hr>135</ns3:hr>
            <ns3:cad>87</ns3:cad>
          </ns3:TrackPointExtension>
        </extensions>
      </trkpt>
      <trkpt lat="34.18396088294684886932373046875" lon="108.93095771782100200653076171875">
        <ele>431.399993896484375</ele>
        <time>2026-09-12T11:54:53.000Z</time>
        <extensions>
          <ns3:TrackPointExtension>
            <ns3:hr>135</ns3:hr>
            <ns3:cad>86</ns3:cad>
          </ns3:TrackPointExtension>
        </extensions>
      </trkpt>
      <trkpt lat="34.1839390061795711517333984375" lon="108.93095101229846477508544921875">
        <ele>431.399993896484375</ele>
        <time>2026-09-12T11:54:54.000Z</time>
        <extensions>
          <ns3:TrackPointExtension>
            <ns3:hr>135</ns3:hr>
            <ns3:cad>86</ns3:cad>
          </ns3:TrackPointExtension>
        </extensions>
      </trkpt>
      <trkpt lat="34.18391495011746883392333984375" lon="108.9309338293969631195068359375">
        <ele>431.399993896484375</ele>
        <time>2026-09-12T11:54:55.000Z</time>
        <extensions>
          <ns3:TrackPointExtension>
            <ns3:hr>136</ns3:hr>
            <ns3:cad>86</ns3:cad>
          </ns3:TrackPointExtension>
        </extensions>
      </trkpt>
      <trkpt lat="34.18389902450144290924072265625" lon="108.93092620186507701873779296875">
        <ele>431.399993896484375</ele>
        <time>2026-09-12T11:54:56.000Z</time>
        <extensions>
          <ns3:TrackPointExtension>
            <ns3:hr>135</ns3:hr>
            <ns3:cad>86</ns3:cad>
          </ns3:TrackPointExtension>
        </extensions>
      </trkpt>
      <trkpt lat="34.183871112763881683349609375" lon="108.93091781996190547943115234375">
        <ele>431.399993896484375</ele>
        <time>2026-09-12T11:54:57.000Z</time>
        <extensions>
          <ns3:TrackPointExtension>
            <ns3:hr>135</ns3:hr>
            <ns3:cad>86</ns3:cad>
          </ns3:TrackPointExtension>
        </extensions>
      </trkpt>
      <trkpt lat="34.18385359458625316619873046875" lon="108.93091681413352489471435546875">
        <ele>431.399993896484375</ele>
        <time>2026-09-12T11:54:58.000Z</time>
        <extensions>
          <ns3:TrackPointExtension>
            <ns3:hr>136</ns3:hr>
            <ns3:cad>86</ns3:cad>
          </ns3:TrackPointExtension>
        </extensions>
      </trkpt>
      <trkpt lat="34.18382576666772365570068359375" lon="108.930914886295795440673828125">
        <ele>431.399993896484375</ele>
        <time>2026-09-12T11:54:59.000Z</time>
        <extensions>
          <ns3:TrackPointExtension>
            <ns3:hr>135</ns3:hr>
            <ns3:cad>86</ns3:cad>
          </ns3:TrackPointExtension>
        </extensions>
      </trkpt>
      <trkpt lat="34.183807410299777984619140625" lon="108.930919580161571502685546875">
        <ele>431.399993896484375</ele>
        <time>2026-09-12T11:55:00.000Z</time>
        <extensions>
          <ns3:TrackPointExtension>
            <ns3:hr>135</ns3:hr>
            <ns3:cad>86</ns3:cad>
          </ns3:TrackPointExtension>
        </extensions>
      </trkpt>
      <trkpt lat="34.1837817616760730743408203125" lon="108.9309180714190006256103515625">
        <ele>431.399993896484375</ele>
        <time>2026-09-12T11:55:01.000Z</time>
        <extensions>
          <ns3:TrackPointExtension>
            <ns3:hr>135</ns3:hr>
            <ns3:cad>87</ns3:cad>
          </ns3:TrackPointExtension>
        </extensions>
      </trkpt>
      <trkpt lat="34.18376189656555652618408203125" lon="108.930915556848049163818359375">
        <ele>431.399993896484375</ele>
        <time>2026-09-12T11:55:02.000Z</time>
        <extensions>
          <ns3:TrackPointExtension>
            <ns3:hr>135</ns3:hr>
            <ns3:cad>88</ns3:cad>
          </ns3:TrackPointExtension>
        </extensions>
      </trkpt>
      <trkpt lat="34.18374312110245227813720703125" lon="108.93091597594320774078369140625">
        <ele>431.399993896484375</ele>
        <time>2026-09-12T11:55:03.000Z</time>
        <extensions>
          <ns3:TrackPointExtension>
            <ns3:hr>136</ns3:hr>
            <ns3:cad>88</ns3:cad>
          </ns3:TrackPointExtension>
        </extensions>
      </trkpt>
      <trkpt lat="34.183720909059047698974609375" lon="108.9309132099151611328125">
        <ele>431.399993896484375</ele>
        <time>2026-09-12T11:55:04.000Z</time>
        <extensions>
          <ns3:TrackPointExtension>
            <ns3:hr>135</ns3:hr>
            <ns3:cad>87</ns3:cad>
          </ns3:TrackPointExtension>
        </extensions>
      </trkpt>
      <trkpt lat="34.183702133595943450927734375" lon="108.9309172332286834716796875">
        <ele>431.399993896484375</ele>
        <time>2026-09-12T11:55:05.000Z</time>
        <extensions>
          <ns3:TrackPointExtension>
            <ns3:hr>135</ns3:hr>
            <ns3:cad>87</ns3:cad>
          </ns3:TrackPointExtension>
        </extensions>
      </trkpt>
      <trkpt lat="34.18367824517190456390380859375" lon="108.93091924488544464111328125">
        <ele>431.600006103515625</ele>
        <time>2026-09-12T11:55:06.000Z</time>
        <extensions>
          <ns3:TrackPointExtension>
            <ns3:hr>135</ns3:hr>
            <ns3:cad>87</ns3:cad>
          </ns3:TrackPointExtension>
        </extensions>
      </trkpt>
      <trkpt lat="34.183661900460720062255859375" lon="108.9309254474937915802001953125">
        <ele>431.600006103515625</ele>
        <time>2026-09-12T11:55:07.000Z</time>
        <extensions>
          <ns3:TrackPointExtension>
            <ns3:hr>135</ns3:hr>
            <ns3:cad>87</ns3:cad>
          </ns3:TrackPointExtension>
        </extensions>
      </trkpt>
      <trkpt lat="34.18363683857023715972900390625" lon="108.93092804588377475738525390625">
        <ele>431.600006103515625</ele>
        <time>2026-09-12T11:55:08.000Z</time>
        <extensions>
          <ns3:TrackPointExtension>
            <ns3:hr>135</ns3:hr>
            <ns3:cad>89</ns3:cad>
          </ns3:TrackPointExtension>
        </extensions>
      </trkpt>
      <trkpt lat="34.18361487798392772674560546875" lon="108.9309288002550601959228515625">
        <ele>431.600006103515625</ele>
        <time>2026-09-12T11:55:09.000Z</time>
        <extensions>
          <ns3:TrackPointExtension>
            <ns3:hr>135</ns3:hr>
            <ns3:cad>89</ns3:cad>
          </ns3:TrackPointExtension>
        </extensions>
      </trkpt>
      <trkpt lat="34.18358989991247653961181640625" lon="108.93092921935021877288818359375">
        <ele>431.600006103515625</ele>
        <time>2026-09-12T11:55:10.000Z</time>
        <extensions>
          <ns3:TrackPointExtension>
            <ns3:hr>135</ns3:hr>
            <ns3:cad>89</ns3:cad>
          </ns3:TrackPointExtension>
        </extensions>
      </trkpt>
      <trkpt lat="34.1835725493729114532470703125" lon="108.9309346675872802734375">
        <ele>431.600006103515625</ele>
        <time>2026-09-12T11:55:11.000Z</time>
        <extensions>
          <ns3:TrackPointExtension>
            <ns3:hr>135</ns3:hr>
            <ns3:cad>89</ns3:cad>
          </ns3:TrackPointExtension>
        </extensions>
      </trkpt>
      <trkpt lat="34.18354765512049198150634765625" lon="108.93093760125339031219482421875">
        <ele>431.600006103515625</ele>
        <time>2026-09-12T11:55:12.000Z</time>
        <extensions>
          <ns3:TrackPointExtension>
            <ns3:hr>135</ns3:hr>
            <ns3:cad>88</ns3:cad>
          </ns3:TrackPointExtension>
        </extensions>
      </trkpt>
      <trkpt lat="34.1835249401628971099853515625" lon="108.93093927763402462005615234375">
        <ele>431.600006103515625</ele>
        <time>2026-09-12T11:55:13.000Z</time>
        <extensions>
          <ns3:TrackPointExtension>
            <ns3:hr>135</ns3:hr>
            <ns3:cad>87</ns3:cad>
          </ns3:TrackPointExtension>
        </extensions>
      </trkpt>
      <trkpt lat="34.1835058294236660003662109375" lon="108.93094179220497608184814453125">
        <ele>431.600006103515625</ele>
        <time>2026-09-12T11:55:14.000Z</time>
        <extensions>
          <ns3:TrackPointExtension>
            <ns3:hr>135</ns3:hr>
            <ns3:cad>87</ns3:cad>
          </ns3:TrackPointExtension>
        </extensions>
      </trkpt>
      <trkpt lat="34.18348646722733974456787109375" lon="108.9309455640614032745361328125">
        <ele>431.600006103515625</ele>
        <time>2026-09-12T11:55:15.000Z</time>
        <extensions>
          <ns3:TrackPointExtension>
            <ns3:hr>135</ns3:hr>
            <ns3:cad>86</ns3:cad>
          </ns3:TrackPointExtension>
        </extensions>
      </trkpt>
      <trkpt lat="34.183466099202632904052734375" lon="108.930946402251720428466796875">
        <ele>431.600006103515625</ele>
        <time>2026-09-12T11:55:16.000Z</time>
        <extensions>
          <ns3:TrackPointExtension>
            <ns3:hr>135</ns3:hr>
            <ns3:cad>86</ns3:cad>
          </ns3:TrackPointExtension>
        </extensions>
      </trkpt>
      <trkpt lat="34.1834441386163234710693359375" lon="108.93094296567142009735107421875">
        <ele>431.600006103515625</ele>
        <time>2026-09-12T11:55:17.000Z</time>
        <extensions>
          <ns3:TrackPointExtension>
            <ns3:hr>135</ns3:hr>
            <ns3:cad>87</ns3:cad>
          </ns3:TrackPointExtension>
        </extensions>
      </trkpt>
      <trkpt lat="34.183424524962902069091796875" lon="108.9309398643672466278076171875">
        <ele>431.79998779296875</ele>
        <time>2026-09-12T11:55:18.000Z</time>
        <extensions>
          <ns3:TrackPointExtension>
            <ns3:hr>134</ns3:hr>
            <ns3:cad>88</ns3:cad>
          </ns3:TrackPointExtension>
        </extensions>
      </trkpt>
      <trkpt lat="34.1834032349288463592529296875" lon="108.9309415407478809356689453125">
        <ele>431.79998779296875</ele>
        <time>2026-09-12T11:55:19.000Z</time>
        <extensions>
          <ns3:TrackPointExtension>
            <ns3:hr>135</ns3:hr>
            <ns3:cad>88</ns3:cad>
          </ns3:TrackPointExtension>
        </extensions>
      </trkpt>
      <trkpt lat="34.183384291827678680419921875" lon="108.930946402251720428466796875">
        <ele>431.79998779296875</ele>
        <time>2026-09-12T11:55:20.000Z</time>
        <extensions>
          <ns3:TrackPointExtension>
            <ns3:hr>134</ns3:hr>
            <ns3:cad>88</ns3:cad>
          </ns3:TrackPointExtension>
        </extensions>
      </trkpt>
      <trkpt lat="34.1833599843084812164306640625" lon="108.93094816245138645172119140625">
        <ele>431.79998779296875</ele>
        <time>2026-09-12T11:55:21.000Z</time>
        <extensions>
          <ns3:TrackPointExtension>
            <ns3:hr>134</ns3:hr>
            <ns3:cad>87</ns3:cad>
          </ns3:TrackPointExtension>
        </extensions>
      </trkpt>
      <trkpt lat="34.1833425499498844146728515625" lon="108.930943720042705535888671875">
        <ele>431.79998779296875</ele>
        <time>2026-09-12T11:55:22.000Z</time>
        <extensions>
          <ns3:TrackPointExtension>
            <ns3:hr>134</ns3:hr>
            <ns3:cad>86</ns3:cad>
          </ns3:TrackPointExtension>
        </extensions>
      </trkpt>
      <trkpt lat="34.18331681750714778900146484375" lon="108.9309412054717540740966796875">
        <ele>431.79998779296875</ele>
        <time>2026-09-12T11:55:23.000Z</time>
        <extensions>
          <ns3:TrackPointExtension>
            <ns3:hr>135</ns3:hr>
            <ns3:cad>86</ns3:cad>
          </ns3:TrackPointExtension>
        </extensions>
      </trkpt>
      <trkpt lat="34.1832962818443775177001953125" lon="108.9309418760240077972412109375">
        <ele>431.79998779296875</ele>
        <time>2026-09-12T11:55:24.000Z</time>
        <extensions>
          <ns3:TrackPointExtension>
            <ns3:hr>134</ns3:hr>
            <ns3:cad>86</ns3:cad>
          </ns3:TrackPointExtension>
        </extensions>
      </trkpt>
      <trkpt lat="34.18327457271516323089599609375" lon="108.930944390594959259033203125">
        <ele>431.79998779296875</ele>
        <time>2026-09-12T11:55:25.000Z</time>
        <extensions>
          <ns3:TrackPointExtension>
            <ns3:hr>134</ns3:hr>
            <ns3:cad>87</ns3:cad>
          </ns3:TrackPointExtension>
        </extensions>
      </trkpt>
      <trkpt lat="34.18325143866240978240966796875" lon="108.93094330094754695892333984375">
        <ele>432</ele>
        <time>2026-09-12T11:55:26.000Z</time>
        <extensions>
          <ns3:TrackPointExtension>
            <ns3:hr>134</ns3:hr>
            <ns3:cad>87</ns3:cad>
          </ns3:TrackPointExtension>
        </extensions>
      </trkpt>
      <trkpt lat="34.18322981335222721099853515625" lon="108.930946402251720428466796875">
        <ele>432</ele>
        <time>2026-09-12T11:55:27.000Z</time>
        <extensions>
          <ns3:TrackPointExtension>
            <ns3:hr>135</ns3:hr>
            <ns3:cad>87</ns3:cad>
          </ns3:TrackPointExtension>
        </extensions>
      </trkpt>
      <trkpt lat="34.183206260204315185546875" lon="108.9309435524046421051025390625">
        <ele>432</ele>
        <time>2026-09-12T11:55:28.000Z</time>
        <extensions>
          <ns3:TrackPointExtension>
            <ns3:hr>134</ns3:hr>
            <ns3:cad>87</ns3:cad>
          </ns3:TrackPointExtension>
        </extensions>
      </trkpt>
      <trkpt lat="34.183188490569591522216796875" lon="108.93094732426106929779052734375">
        <ele>432</ele>
        <time>2026-09-12T11:55:29.000Z</time>
        <extensions>
          <ns3:TrackPointExtension>
            <ns3:hr>134</ns3:hr>
            <ns3:cad>87</ns3:cad>
          </ns3:TrackPointExtension>
        </extensions>
      </trkpt>
      <trkpt lat="34.18316493742167949676513671875" lon="108.9309435524046421051025390625">
        <ele>432</ele>
        <time>2026-09-12T11:55:30.000Z</time>
        <extensions>
          <ns3:TrackPointExtension>
            <ns3:hr>135</ns3:hr>
            <ns3:cad>87</ns3:cad>
          </ns3:TrackPointExtension>
        </extensions>
      </trkpt>
      <trkpt lat="34.183148927986621856689453125" lon="108.9309440553188323974609375">
        <ele>432</ele>
        <time>2026-09-12T11:55:31.000Z</time>
        <extensions>
          <ns3:TrackPointExtension>
            <ns3:hr>135</ns3:hr>
            <ns3:cad>87</ns3:cad>
          </ns3:TrackPointExtension>
        </extensions>
      </trkpt>
      <trkpt lat="34.18312436901032924652099609375" lon="108.93094539642333984375">
        <ele>432</ele>
        <time>2026-09-12T11:55:32.000Z</time>
        <extensions>
          <ns3:TrackPointExtension>
            <ns3:hr>135</ns3:hr>
            <ns3:cad>87</ns3:cad>
          </ns3:TrackPointExtension>
        </extensions>
      </trkpt>
      <trkpt lat="34.18310224078595638275146484375" lon="108.93094648607075214385986328125">
        <ele>432.20001220703125</ele>
        <time>2026-09-12T11:55:33.000Z</time>
        <extensions>
          <ns3:TrackPointExtension>
            <ns3:hr>135</ns3:hr>
            <ns3:cad>87</ns3:cad>
          </ns3:TrackPointExtension>
        </extensions>
      </trkpt>
      <trkpt lat="34.18308313004672527313232421875" lon="108.93095143139362335205078125">
        <ele>432.20001220703125</ele>
        <time>2026-09-12T11:55:34.000Z</time>
        <extensions>
          <ns3:TrackPointExtension>
            <ns3:hr>135</ns3:hr>
            <ns3:cad>87</ns3:cad>
          </ns3:TrackPointExtension>
        </extensions>
      </trkpt>
      <trkpt lat="34.18305831961333751678466796875" lon="108.930949755012989044189453125">
        <ele>432.20001220703125</ele>
        <time>2026-09-12T11:55:35.000Z</time>
        <extensions>
          <ns3:TrackPointExtension>
            <ns3:hr>135</ns3:hr>
            <ns3:cad>86</ns3:cad>
          </ns3:TrackPointExtension>
        </extensions>
      </trkpt>
      <trkpt lat="34.18304071761667728424072265625" lon="108.930949755012989044189453125">
        <ele>432.20001220703125</ele>
        <time>2026-09-12T11:55:36.000Z</time>
        <extensions>
          <ns3:TrackPointExtension>
            <ns3:hr>135</ns3:hr>
            <ns3:cad>86</ns3:cad>
          </ns3:TrackPointExtension>
        </extensions>
      </trkpt>
      <trkpt lat="34.18301942758262157440185546875" lon="108.93094330094754695892333984375">
        <ele>432.20001220703125</ele>
        <time>2026-09-12T11:55:37.000Z</time>
        <extensions>
          <ns3:TrackPointExtension>
            <ns3:hr>134</ns3:hr>
            <ns3:cad>86</ns3:cad>
          </ns3:TrackPointExtension>
        </extensions>
      </trkpt>
      <trkpt lat="34.1830055974423885345458984375" lon="108.93093894235789775848388671875">
        <ele>432.20001220703125</ele>
        <time>2026-09-12T11:55:38.000Z</time>
        <extensions>
          <ns3:TrackPointExtension>
            <ns3:hr>135</ns3:hr>
            <ns3:cad>86</ns3:cad>
          </ns3:TrackPointExtension>
        </extensions>
      </trkpt>
      <trkpt lat="34.18298237957060337066650390625" lon="108.93093760125339031219482421875">
        <ele>432.20001220703125</ele>
        <time>2026-09-12T11:55:39.000Z</time>
        <extensions>
          <ns3:TrackPointExtension>
            <ns3:hr>135</ns3:hr>
            <ns3:cad>86</ns3:cad>
          </ns3:TrackPointExtension>
        </extensions>
      </trkpt>
      <trkpt lat="34.182959496974945068359375" lon="108.9309346675872802734375">
        <ele>432.399993896484375</ele>
        <time>2026-09-12T11:55:40.000Z</time>
        <extensions>
          <ns3:TrackPointExtension>
            <ns3:hr>135</ns3:hr>
            <ns3:cad>86</ns3:cad>
          </ns3:TrackPointExtension>
        </extensions>
      </trkpt>
      <trkpt lat="34.1829407215118408203125" lon="108.93093843944370746612548828125">
        <ele>432.399993896484375</ele>
        <time>2026-09-12T11:55:41.000Z</time>
        <extensions>
          <ns3:TrackPointExtension>
            <ns3:hr>135</ns3:hr>
            <ns3:cad>85</ns3:cad>
          </ns3:TrackPointExtension>
        </extensions>
      </trkpt>
      <trkpt lat="34.18291859328746795654296875" lon="108.93093408085405826568603515625">
        <ele>432.399993896484375</ele>
        <time>2026-09-12T11:55:42.000Z</time>
        <extensions>
          <ns3:TrackPointExtension>
            <ns3:hr>135</ns3:hr>
            <ns3:cad>85</ns3:cad>
          </ns3:TrackPointExtension>
        </extensions>
      </trkpt>
      <trkpt lat="34.182900488376617431640625" lon="108.930935002863407135009765625">
        <ele>432.399993896484375</ele>
        <time>2026-09-12T11:55:43.000Z</time>
        <extensions>
          <ns3:TrackPointExtension>
            <ns3:hr>135</ns3:hr>
            <ns3:cad>85</ns3:cad>
          </ns3:TrackPointExtension>
        </extensions>
      </trkpt>
      <trkpt lat="34.1828745044767856597900390625" lon="108.93093273974955081939697265625">
        <ele>432.600006103515625</ele>
        <time>2026-09-12T11:55:44.000Z</time>
        <extensions>
          <ns3:TrackPointExtension>
            <ns3:hr>134</ns3:hr>
            <ns3:cad>86</ns3:cad>
          </ns3:TrackPointExtension>
        </extensions>
      </trkpt>
      <trkpt lat="34.18285815976560115814208984375" lon="108.93093257211148738861083984375">
        <ele>432.600006103515625</ele>
        <time>2026-09-12T11:55:45.000Z</time>
        <extensions>
          <ns3:TrackPointExtension>
            <ns3:hr>134</ns3:hr>
            <ns3:cad>86</ns3:cad>
          </ns3:TrackPointExtension>
        </extensions>
      </trkpt>
      <trkpt lat="34.182835780084133148193359375" lon="108.93092720769345760345458984375">
        <ele>432.600006103515625</ele>
        <time>2026-09-12T11:55:46.000Z</time>
        <extensions>
          <ns3:TrackPointExtension>
            <ns3:hr>134</ns3:hr>
            <ns3:cad>86</ns3:cad>
          </ns3:TrackPointExtension>
        </extensions>
      </trkpt>
      <trkpt lat="34.18282060883939266204833984375" lon="108.93092058598995208740234375">
        <ele>432.79998779296875</ele>
        <time>2026-09-12T11:55:47.000Z</time>
        <extensions>
          <ns3:TrackPointExtension>
            <ns3:hr>134</ns3:hr>
            <ns3:cad>87</ns3:cad>
          </ns3:TrackPointExtension>
        </extensions>
      </trkpt>
      <trkpt lat="34.18279596604406833648681640625" lon="108.93091714940965175628662109375">
        <ele>432.79998779296875</ele>
        <time>2026-09-12T11:55:48.000Z</time>
        <extensions>
          <ns3:TrackPointExtension>
            <ns3:hr>134</ns3:hr>
            <ns3:cad>87</ns3:cad>
          </ns3:TrackPointExtension>
        </extensions>
      </trkpt>
      <trkpt lat="34.182777106761932373046875" lon="108.93091388046741485595703125">
        <ele>432.79998779296875</ele>
        <time>2026-09-12T11:55:49.000Z</time>
        <extensions>
          <ns3:TrackPointExtension>
            <ns3:hr>135</ns3:hr>
            <ns3:cad>87</ns3:cad>
          </ns3:TrackPointExtension>
        </extensions>
      </trkpt>
      <trkpt lat="34.1827551461756229400634765625" lon="108.93091228790581226348876953125">
        <ele>432.79998779296875</ele>
        <time>2026-09-12T11:55:50.000Z</time>
        <extensions>
          <ns3:TrackPointExtension>
            <ns3:hr>135</ns3:hr>
            <ns3:cad>87</ns3:cad>
          </ns3:TrackPointExtension>
        </extensions>
      </trkpt>
      <trkpt lat="34.182731844484806060791015625" lon="108.930915892124176025390625">
        <ele>432.79998779296875</ele>
        <time>2026-09-12T11:55:51.000Z</time>
        <extensions>
          <ns3:TrackPointExtension>
            <ns3:hr>135</ns3:hr>
            <ns3:cad>87</ns3:cad>
          </ns3:TrackPointExtension>
        </extensions>
      </trkpt>
      <trkpt lat="34.182709716260433197021484375" lon="108.93092268146574497222900390625">
        <ele>432.79998779296875</ele>
        <time>2026-09-12T11:55:52.000Z</time>
        <extensions>
          <ns3:TrackPointExtension>
            <ns3:hr>135</ns3:hr>
            <ns3:cad>87</ns3:cad>
          </ns3:TrackPointExtension>
        </extensions>
      </trkpt>
      <trkpt lat="34.18268867768347263336181640625" lon="108.9309244416654109954833984375">
        <ele>432.79998779296875</ele>
        <time>2026-09-12T11:55:53.000Z</time>
        <extensions>
          <ns3:TrackPointExtension>
            <ns3:hr>136</ns3:hr>
            <ns3:cad>88</ns3:cad>
          </ns3:TrackPointExtension>
        </extensions>
      </trkpt>
      <trkpt lat="34.18266973458230495452880859375" lon="108.9309291355311870574951171875">
        <ele>432.79998779296875</ele>
        <time>2026-09-12T11:55:54.000Z</time>
        <extensions>
          <ns3:TrackPointExtension>
            <ns3:hr>136</ns3:hr>
            <ns3:cad>89</ns3:cad>
          </ns3:TrackPointExtension>
        </extensions>
      </trkpt>
      <trkpt lat="34.1826475225389003753662109375" lon="108.9309279620647430419921875">
        <ele>433</ele>
        <time>2026-09-12T11:55:55.000Z</time>
        <extensions>
          <ns3:TrackPointExtension>
            <ns3:hr>136</ns3:hr>
            <ns3:cad>88</ns3:cad>
          </ns3:TrackPointExtension>
        </extensions>
      </trkpt>
      <trkpt lat="34.18263318948447704315185546875" lon="108.93093206919729709625244140625">
        <ele>433</ele>
        <time>2026-09-12T11:55:56.000Z</time>
        <extensions>
          <ns3:TrackPointExtension>
            <ns3:hr>136</ns3:hr>
            <ns3:cad>87</ns3:cad>
          </ns3:TrackPointExtension>
        </extensions>
      </trkpt>
      <trkpt lat="34.18260418809950351715087890625" lon="108.930926285684108734130859375">
        <ele>433</ele>
        <time>2026-09-12T11:55:57.000Z</time>
        <extensions>
          <ns3:TrackPointExtension>
            <ns3:hr>136</ns3:hr>
            <ns3:cad>87</ns3:cad>
          </ns3:TrackPointExtension>
        </extensions>
      </trkpt>
      <trkpt lat="34.18258868157863616943359375" lon="108.9309241063892841339111328125">
        <ele>433</ele>
        <time>2026-09-12T11:55:58.000Z</time>
        <extensions>
          <ns3:TrackPointExtension>
            <ns3:hr>136</ns3:hr>
            <ns3:cad>87</ns3:cad>
          </ns3:TrackPointExtension>
        </extensions>
      </trkpt>
      <trkpt lat="34.1825613565742969512939453125" lon="108.93092150799930095672607421875">
        <ele>433</ele>
        <time>2026-09-12T11:55:59.000Z</time>
        <extensions>
          <ns3:TrackPointExtension>
            <ns3:hr>137</ns3:hr>
            <ns3:cad>87</ns3:cad>
          </ns3:TrackPointExtension>
        </extensions>
      </trkpt>
      <trkpt lat="34.18254182673990726470947265625" lon="108.93092368729412555694580078125">
        <ele>433.20001220703125</ele>
        <time>2026-09-12T11:56:00.000Z</time>
        <extensions>
          <ns3:TrackPointExtension>
            <ns3:hr>136</ns3:hr>
            <ns3:cad>88</ns3:cad>
          </ns3:TrackPointExtension>
        </extensions>
      </trkpt>
      <trkpt lat="34.1825160942971706390380859375" lon="108.930920250713825225830078125">
        <ele>433.20001220703125</ele>
        <time>2026-09-12T11:56:01.000Z</time>
        <extensions>
          <ns3:TrackPointExtension>
            <ns3:hr>136</ns3:hr>
            <ns3:cad>88</ns3:cad>
          </ns3:TrackPointExtension>
        </extensions>
      </trkpt>
      <trkpt lat="34.18249346315860748291015625" lon="108.93091999925673007965087890625">
        <ele>433.20001220703125</ele>
        <time>2026-09-12T11:56:02.000Z</time>
        <extensions>
          <ns3:TrackPointExtension>
            <ns3:hr>137</ns3:hr>
            <ns3:cad>87</ns3:cad>
          </ns3:TrackPointExtension>
        </extensions>
      </trkpt>
      <trkpt lat="34.1824686527252197265625" lon="108.930926620960235595703125">
        <ele>433.20001220703125</ele>
        <time>2026-09-12T11:56:03.000Z</time>
        <extensions>
          <ns3:TrackPointExtension>
            <ns3:hr>137</ns3:hr>
            <ns3:cad>87</ns3:cad>
          </ns3:TrackPointExtension>
        </extensions>
      </trkpt>
      <trkpt lat="34.1824351251125335693359375" lon="108.9309348352253437042236328125">
        <ele>433.399993896484375</ele>
        <time>2026-09-12T11:56:04.000Z</time>
        <extensions>
          <ns3:TrackPointExtension>
            <ns3:hr>137</ns3:hr>
            <ns3:cad>87</ns3:cad>
          </ns3:TrackPointExtension>
        </extensions>
      </trkpt>
      <trkpt lat="34.1824138350784778594970703125" lon="108.9309418760240077972412109375">
        <ele>433.399993896484375</ele>
        <time>2026-09-12T11:56:05.000Z</time>
        <extensions>
          <ns3:TrackPointExtension>
            <ns3:hr>137</ns3:hr>
            <ns3:cad>87</ns3:cad>
          </ns3:TrackPointExtension>
        </extensions>
      </trkpt>
      <trkpt lat="34.1823850013315677642822265625" lon="108.930951096117496490478515625">
        <ele>433.399993896484375</ele>
        <time>2026-09-12T11:56:06.000Z</time>
        <extensions>
          <ns3:TrackPointExtension>
            <ns3:hr>137</ns3:hr>
            <ns3:cad>87</ns3:cad>
          </ns3:TrackPointExtension>
        </extensions>
      </trkpt>
      <trkpt lat="34.182365722954273223876953125" lon="108.93095738254487514495849609375">
        <ele>433.399993896484375</ele>
        <time>2026-09-12T11:56:07.000Z</time>
        <extensions>
          <ns3:TrackPointExtension>
            <ns3:hr>137</ns3:hr>
            <ns3:cad>87</ns3:cad>
          </ns3:TrackPointExtension>
        </extensions>
      </trkpt>
      <trkpt lat="34.1823397390544414520263671875" lon="108.930974565446376800537109375">
        <ele>433.399993896484375</ele>
        <time>2026-09-12T11:56:08.000Z</time>
        <extensions>
          <ns3:TrackPointExtension>
            <ns3:hr>136</ns3:hr>
            <ns3:cad>86</ns3:cad>
          </ns3:TrackPointExtension>
        </extensions>
      </trkpt>
      <trkpt lat="34.1823219694197177886962890625" lon="108.93099778331816196441650390625">
        <ele>433.399993896484375</ele>
        <time>2026-09-12T11:56:09.000Z</time>
        <extensions>
          <ns3:TrackPointExtension>
            <ns3:hr>137</ns3:hr>
            <ns3:cad>86</ns3:cad>
          </ns3:TrackPointExtension>
        </extensions>
      </trkpt>
      <trkpt lat="34.18230780400335788726806640625" lon="108.93102611415088176727294921875">
        <ele>433.399993896484375</ele>
        <time>2026-09-12T11:56:10.000Z</time>
        <extensions>
          <ns3:TrackPointExtension>
            <ns3:hr>137</ns3:hr>
            <ns3:cad>86</ns3:cad>
          </ns3:TrackPointExtension>
        </extensions>
      </trkpt>
      <trkpt lat="34.18227964080870151519775390625" lon="108.93103684298694133758544921875">
        <ele>433.399993896484375</ele>
        <time>2026-09-12T11:56:11.000Z</time>
        <extensions>
          <ns3:TrackPointExtension>
            <ns3:hr>136</ns3:hr>
            <ns3:cad>86</ns3:cad>
          </ns3:TrackPointExtension>
        </extensions>
      </trkpt>
      <trkpt lat="34.18225499801337718963623046875" lon="108.93105226568877696990966796875">
        <ele>433.399993896484375</ele>
        <time>2026-09-12T11:56:12.000Z</time>
        <extensions>
          <ns3:TrackPointExtension>
            <ns3:hr>137</ns3:hr>
            <ns3:cad>86</ns3:cad>
          </ns3:TrackPointExtension>
        </extensions>
      </trkpt>
      <trkpt lat="34.18222432024776935577392578125" lon="108.93105058930814266204833984375">
        <ele>433.600006103515625</ele>
        <time>2026-09-12T11:56:13.000Z</time>
        <extensions>
          <ns3:TrackPointExtension>
            <ns3:hr>137</ns3:hr>
            <ns3:cad>86</ns3:cad>
          </ns3:TrackPointExtension>
        </extensions>
      </trkpt>
      <trkpt lat="34.18220269493758678436279296875" lon="108.93105427734553813934326171875">
        <ele>433.600006103515625</ele>
        <time>2026-09-12T11:56:14.000Z</time>
        <extensions>
          <ns3:TrackPointExtension>
            <ns3:hr>137</ns3:hr>
            <ns3:cad>86</ns3:cad>
          </ns3:TrackPointExtension>
        </extensions>
      </trkpt>
      <trkpt lat="34.18217134661972522735595703125" lon="108.93104472197592258453369140625">
        <ele>433.600006103515625</ele>
        <time>2026-09-12T11:56:15.000Z</time>
        <extensions>
          <ns3:TrackPointExtension>
            <ns3:hr>136</ns3:hr>
            <ns3:cad>86</ns3:cad>
          </ns3:TrackPointExtension>
        </extensions>
      </trkpt>
      <trkpt lat="34.18214804492890834808349609375" lon="108.93103030510246753692626953125">
        <ele>433.79998779296875</ele>
        <time>2026-09-12T11:56:16.000Z</time>
        <extensions>
          <ns3:TrackPointExtension>
            <ns3:hr>137</ns3:hr>
            <ns3:cad>86</ns3:cad>
          </ns3:TrackPointExtension>
        </extensions>
      </trkpt>
      <trkpt lat="34.18211619369685649871826171875" lon="108.9310169778764247894287109375">
        <ele>433.79998779296875</ele>
        <time>2026-09-12T11:56:17.000Z</time>
        <extensions>
          <ns3:TrackPointExtension>
            <ns3:hr>137</ns3:hr>
            <ns3:cad>86</ns3:cad>
          </ns3:TrackPointExtension>
        </extensions>
      </trkpt>
      <trkpt lat="34.1820949874818325042724609375" lon="108.93100599758327007293701171875">
        <ele>433.79998779296875</ele>
        <time>2026-09-12T11:56:18.000Z</time>
        <extensions>
          <ns3:TrackPointExtension>
            <ns3:hr>137</ns3:hr>
            <ns3:cad>87</ns3:cad>
          </ns3:TrackPointExtension>
        </extensions>
      </trkpt>
      <trkpt lat="34.18207059614360332489013671875" lon="108.93099040724337100982666015625">
        <ele>433.79998779296875</ele>
        <time>2026-09-12T11:56:19.000Z</time>
        <extensions>
          <ns3:TrackPointExtension>
            <ns3:hr>138</ns3:hr>
            <ns3:cad>87</ns3:cad>
          </ns3:TrackPointExtension>
        </extensions>
      </trkpt>
      <trkpt lat="34.1820488870143890380859375" lon="108.93097531981766223907470703125">
        <ele>433.79998779296875</ele>
        <time>2026-09-12T11:56:20.000Z</time>
        <extensions>
          <ns3:TrackPointExtension>
            <ns3:hr>138</ns3:hr>
            <ns3:cad>87</ns3:cad>
          </ns3:TrackPointExtension>
        </extensions>
      </trkpt>
      <trkpt lat="34.1820346377789974212646484375" lon="108.9309730567038059234619140625">
        <ele>433.79998779296875</ele>
        <time>2026-09-12T11:56:21.000Z</time>
        <extensions>
          <ns3:TrackPointExtension>
            <ns3:hr>138</ns3:hr>
            <ns3:cad>87</ns3:cad>
          </ns3:TrackPointExtension>
        </extensions>
      </trkpt>
      <trkpt lat="34.1820118390023708343505859375" lon="108.93095939420163631439208984375">
        <ele>434</ele>
        <time>2026-09-12T11:56:22.000Z</time>
        <extensions>
          <ns3:TrackPointExtension>
            <ns3:hr>139</ns3:hr>
            <ns3:cad>86</ns3:cad>
          </ns3:TrackPointExtension>
        </extensions>
      </trkpt>
      <trkpt lat="34.18199700303375720977783203125" lon="108.9309613220393657684326171875">
        <ele>433.79998779296875</ele>
        <time>2026-09-12T11:56:23.000Z</time>
        <extensions>
          <ns3:TrackPointExtension>
            <ns3:hr>139</ns3:hr>
            <ns3:cad>87</ns3:cad>
          </ns3:TrackPointExtension>
        </extensions>
      </trkpt>
      <trkpt lat="34.18198912404477596282958984375" lon="108.930951096117496490478515625">
        <ele>433.79998779296875</ele>
        <time>2026-09-12T11:56:24.000Z</time>
        <extensions>
          <ns3:TrackPointExtension>
            <ns3:hr>139</ns3:hr>
            <ns3:cad>87</ns3:cad>
          </ns3:TrackPointExtension>
        </extensions>
      </trkpt>
      <trkpt lat="34.18199247680604457855224609375" lon="108.9309314824640750885009765625">
        <ele>433.79998779296875</ele>
        <time>2026-09-12T11:56:25.000Z</time>
        <extensions>
          <ns3:TrackPointExtension>
            <ns3:hr>139</ns3:hr>
            <ns3:cad>87</ns3:cad>
          </ns3:TrackPointExtension>
        </extensions>
      </trkpt>
      <trkpt lat="34.1820024512708187103271484375" lon="108.93091446720063686370849609375">
        <ele>433.79998779296875</ele>
        <time>2026-09-12T11:56:26.000Z</time>
        <extensions>
          <ns3:TrackPointExtension>
            <ns3:hr>139</ns3:hr>
            <ns3:cad>87</ns3:cad>
          </ns3:TrackPointExtension>
        </extensions>
      </trkpt>
      <trkpt lat="34.18201426975429058074951171875" lon="108.9308808557689189910888671875">
        <ele>433.600006103515625</ele>
        <time>2026-09-12T11:56:27.000Z</time>
        <extensions>
          <ns3:TrackPointExtension>
            <ns3:hr>139</ns3:hr>
            <ns3:cad>86</ns3:cad>
          </ns3:TrackPointExtension>
        </extensions>
      </trkpt>
      <trkpt lat="34.18201829306781291961669921875" lon="108.930853195488452911376953125">
        <ele>433.79998779296875</ele>
        <time>2026-09-12T11:56:28.000Z</time>
        <extensions>
          <ns3:TrackPointExtension>
            <ns3:hr>139</ns3:hr>
            <ns3:cad>85</ns3:cad>
          </ns3:TrackPointExtension>
        </extensions>
      </trkpt>
      <trkpt lat="34.1820208914577960968017578125" lon="108.930815644562244415283203125">
        <ele>433.79998779296875</ele>
        <time>2026-09-12T11:56:29.000Z</time>
        <extensions>
          <ns3:TrackPointExtension>
            <ns3:hr>139</ns3:hr>
            <ns3:cad>84</ns3:cad>
          </ns3:TrackPointExtension>
        </extensions>
      </trkpt>
      <trkpt lat="34.18202784843742847442626953125" lon="108.93078102730214595794677734375">
        <ele>434</ele>
        <time>2026-09-12T11:56:30.000Z</time>
        <extensions>
          <ns3:TrackPointExtension>
            <ns3:hr>139</ns3:hr>
            <ns3:cad>84</ns3:cad>
          </ns3:TrackPointExtension>
        </extensions>
      </trkpt>
      <trkpt lat="34.1820309497416019439697265625" lon="108.93074263818562030792236328125">
        <ele>434</ele>
        <time>2026-09-12T11:56:31.000Z</time>
        <extensions>
          <ns3:TrackPointExtension>
            <ns3:hr>139</ns3:hr>
            <ns3:cad>84</ns3:cad>
          </ns3:TrackPointExtension>
        </extensions>
      </trkpt>
      <trkpt lat="34.182036481797695159912109375" lon="108.93070559017360210418701171875">
        <ele>434</ele>
        <time>2026-09-12T11:56:32.000Z</time>
        <extensions>
          <ns3:TrackPointExtension>
            <ns3:hr>139</ns3:hr>
            <ns3:cad>85</ns3:cad>
          </ns3:TrackPointExtension>
        </extensions>
      </trkpt>
      <trkpt lat="34.18203019537031650543212890625" lon="108.93067223019897937774658203125">
        <ele>434</ele>
        <time>2026-09-12T11:56:33.000Z</time>
        <extensions>
          <ns3:TrackPointExtension>
            <ns3:hr>138</ns3:hr>
            <ns3:cad>87</ns3:cad>
          </ns3:TrackPointExtension>
        </extensions>
      </trkpt>
      <trkpt lat="34.1820208914577960968017578125" lon="108.930644989013671875">
        <ele>434</ele>
        <time>2026-09-12T11:56:34.000Z</time>
        <extensions>
          <ns3:TrackPointExtension>
            <ns3:hr>139</ns3:hr>
            <ns3:cad>87</ns3:cad>
          </ns3:TrackPointExtension>
        </extensions>
      </trkpt>
      <trkpt lat="34.1820086538791656494140625" lon="108.9306357689201831817626953125">
        <ele>434</ele>
        <time>2026-09-12T11:56:35.000Z</time>
        <extensions>
          <ns3:TrackPointExtension>
            <ns3:hr>139</ns3:hr>
            <ns3:cad>87</ns3:cad>
          </ns3:TrackPointExtension>
        </extensions>
      </trkpt>
      <trkpt lat="34.18198929168283939361572265625" lon="108.93062076531350612640380859375">
        <ele>434</ele>
        <time>2026-09-12T11:56:36.000Z</time>
        <extensions>
          <ns3:TrackPointExtension>
            <ns3:hr>139</ns3:hr>
            <ns3:cad>87</ns3:cad>
          </ns3:TrackPointExtension>
        </extensions>
      </trkpt>
      <trkpt lat="34.181975461542606353759765625" lon="108.9306186698377132415771484375">
        <ele>434</ele>
        <time>2026-09-12T11:56:37.000Z</time>
        <extensions>
          <ns3:TrackPointExtension>
            <ns3:hr>140</ns3:hr>
            <ns3:cad>86</ns3:cad>
          </ns3:TrackPointExtension>
        </extensions>
      </trkpt>
      <trkpt lat="34.18194939382374286651611328125" lon="108.9306116290390491485595703125">
        <ele>434.20001220703125</ele>
        <time>2026-09-12T11:56:38.000Z</time>
        <extensions>
          <ns3:TrackPointExtension>
            <ns3:hr>140</ns3:hr>
            <ns3:cad>86</ns3:cad>
          </ns3:TrackPointExtension>
        </extensions>
      </trkpt>
      <trkpt lat="34.18193279765546321868896484375" lon="108.93061079084873199462890625">
        <ele>434.20001220703125</ele>
        <time>2026-09-12T11:56:39.000Z</time>
        <extensions>
          <ns3:TrackPointExtension>
            <ns3:hr>140</ns3:hr>
            <ns3:cad>87</ns3:cad>
          </ns3:TrackPointExtension>
        </extensions>
      </trkpt>
      <trkpt lat="34.181906394660472869873046875" lon="108.9306065998971462249755859375">
        <ele>434.20001220703125</ele>
        <time>2026-09-12T11:56:40.000Z</time>
        <extensions>
          <ns3:TrackPointExtension>
            <ns3:hr>139</ns3:hr>
            <ns3:cad>87</ns3:cad>
          </ns3:TrackPointExtension>
        </extensions>
      </trkpt>
      <trkpt lat="34.181882925331592559814453125" lon="108.930611126124858856201171875">
        <ele>434.20001220703125</ele>
        <time>2026-09-12T11:56:41.000Z</time>
        <extensions>
          <ns3:TrackPointExtension>
            <ns3:hr>140</ns3:hr>
            <ns3:cad>87</ns3:cad>
          </ns3:TrackPointExtension>
        </extensions>
      </trkpt>
      <trkpt lat="34.181857444345951080322265625" lon="108.93061213195323944091796875">
        <ele>434.20001220703125</ele>
        <time>2026-09-12T11:56:42.000Z</time>
        <extensions>
          <ns3:TrackPointExtension>
            <ns3:hr>140</ns3:hr>
            <ns3:cad>87</ns3:cad>
          </ns3:TrackPointExtension>
        </extensions>
      </trkpt>
      <trkpt lat="34.181835986673831939697265625" lon="108.9306086115539073944091796875">
        <ele>434.20001220703125</ele>
        <time>2026-09-12T11:56:43.000Z</time>
        <extensions>
          <ns3:TrackPointExtension>
            <ns3:hr>141</ns3:hr>
            <ns3:cad>88</ns3:cad>
          </ns3:TrackPointExtension>
        </extensions>
      </trkpt>
      <trkpt lat="34.18181218206882476806640625" lon="108.9306166581809520721435546875">
        <ele>434.20001220703125</ele>
        <time>2026-09-12T11:56:44.000Z</time>
        <extensions>
          <ns3:TrackPointExtension>
            <ns3:hr>141</ns3:hr>
            <ns3:cad>88</ns3:cad>
          </ns3:TrackPointExtension>
        </extensions>
      </trkpt>
      <trkpt lat="34.1817860305309295654296875" lon="108.93061875365674495697021484375">
        <ele>434.399993896484375</ele>
        <time>2026-09-12T11:56:45.000Z</time>
        <extensions>
          <ns3:TrackPointExtension>
            <ns3:hr>141</ns3:hr>
            <ns3:cad>88</ns3:cad>
          </ns3:TrackPointExtension>
        </extensions>
      </trkpt>
      <trkpt lat="34.1817644052207469940185546875" lon="108.930625207722187042236328125">
        <ele>434.399993896484375</ele>
        <time>2026-09-12T11:56:46.000Z</time>
        <extensions>
          <ns3:TrackPointExtension>
            <ns3:hr>142</ns3:hr>
            <ns3:cad>88</ns3:cad>
          </ns3:TrackPointExtension>
        </extensions>
      </trkpt>
      <trkpt lat="34.181740097701549530029296875" lon="108.93063534982502460479736328125">
        <ele>434.399993896484375</ele>
        <time>2026-09-12T11:56:47.000Z</time>
        <extensions>
          <ns3:TrackPointExtension>
            <ns3:hr>142</ns3:hr>
            <ns3:cad>87</ns3:cad>
          </ns3:TrackPointExtension>
        </extensions>
      </trkpt>
      <trkpt lat="34.1817176342010498046875" lon="108.93064239062368869781494140625">
        <ele>434.600006103515625</ele>
        <time>2026-09-12T11:56:48.000Z</time>
        <extensions>
          <ns3:TrackPointExtension>
            <ns3:hr>142</ns3:hr>
            <ns3:cad>87</ns3:cad>
          </ns3:TrackPointExtension>
        </extensions>
      </trkpt>
      <trkpt lat="34.18169206939637660980224609375" lon="108.93064624629914760589599609375">
        <ele>434.600006103515625</ele>
        <time>2026-09-12T11:56:49.000Z</time>
        <extensions>
          <ns3:TrackPointExtension>
            <ns3:hr>142</ns3:hr>
            <ns3:cad>87</ns3:cad>
          </ns3:TrackPointExtension>
        </extensions>
      </trkpt>
      <trkpt lat="34.181671030819416046142578125" lon="108.93065278418362140655517578125">
        <ele>434.600006103515625</ele>
        <time>2026-09-12T11:56:50.000Z</time>
        <extensions>
          <ns3:TrackPointExtension>
            <ns3:hr>142</ns3:hr>
            <ns3:cad>87</ns3:cad>
          </ns3:TrackPointExtension>
        </extensions>
      </trkpt>
      <trkpt lat="34.1816470585763454437255859375" lon="108.93065764568746089935302734375">
        <ele>434.600006103515625</ele>
        <time>2026-09-12T11:56:51.000Z</time>
        <extensions>
          <ns3:TrackPointExtension>
            <ns3:hr>142</ns3:hr>
            <ns3:cad>87</ns3:cad>
          </ns3:TrackPointExtension>
        </extensions>
      </trkpt>
      <trkpt lat="34.18162585236132144927978515625" lon="108.9306635968387126922607421875">
        <ele>434.399993896484375</ele>
        <time>2026-09-12T11:56:52.000Z</time>
        <extensions>
          <ns3:TrackPointExtension>
            <ns3:hr>142</ns3:hr>
            <ns3:cad>86</ns3:cad>
          </ns3:TrackPointExtension>
        </extensions>
      </trkpt>
      <trkpt lat="34.18160657398402690887451171875" lon="108.9306696318089962005615234375">
        <ele>434.399993896484375</ele>
        <time>2026-09-12T11:56:53.000Z</time>
        <extensions>
          <ns3:TrackPointExtension>
            <ns3:hr>142</ns3:hr>
            <ns3:cad>86</ns3:cad>
          </ns3:TrackPointExtension>
        </extensions>
      </trkpt>
      <trkpt lat="34.1815786622464656829833984375" lon="108.93067642115056514739990234375">
        <ele>434.600006103515625</ele>
        <time>2026-09-12T11:56:54.000Z</time>
        <extensions>
          <ns3:TrackPointExtension>
            <ns3:hr>142</ns3:hr>
            <ns3:cad>86</ns3:cad>
          </ns3:TrackPointExtension>
        </extensions>
      </trkpt>
      <trkpt lat="34.18156139552593231201171875" lon="108.93067876808345317840576171875">
        <ele>434.600006103515625</ele>
        <time>2026-09-12T11:56:55.000Z</time>
        <extensions>
          <ns3:TrackPointExtension>
            <ns3:hr>142</ns3:hr>
            <ns3:cad>86</ns3:cad>
          </ns3:TrackPointExtension>
        </extensions>
      </trkpt>
      <trkpt lat="34.18153457343578338623046875" lon="108.93067650496959686279296875">
        <ele>434.600006103515625</ele>
        <time>2026-09-12T11:56:56.000Z</time>
        <extensions>
          <ns3:TrackPointExtension>
            <ns3:hr>142</ns3:hr>
            <ns3:cad>86</ns3:cad>
          </ns3:TrackPointExtension>
        </extensions>
      </trkpt>
      <trkpt lat="34.1815139539539813995361328125" lon="108.93067943863570690155029296875">
        <ele>434.600006103515625</ele>
        <time>2026-09-12T11:56:57.000Z</time>
        <extensions>
          <ns3:TrackPointExtension>
            <ns3:hr>142</ns3:hr>
            <ns3:cad>86</ns3:cad>
          </ns3:TrackPointExtension>
        </extensions>
      </trkpt>
      <trkpt lat="34.1814891435205936431884765625" lon="108.93068245612084865570068359375">
        <ele>434.79998779296875</ele>
        <time>2026-09-12T11:56:58.000Z</time>
        <extensions>
          <ns3:TrackPointExtension>
            <ns3:hr>142</ns3:hr>
            <ns3:cad>85</ns3:cad>
          </ns3:TrackPointExtension>
        </extensions>
      </trkpt>
      <trkpt lat="34.18146927841007709503173828125" lon="108.9306865632534027099609375">
        <ele>434.600006103515625</ele>
        <time>2026-09-12T11:56:59.000Z</time>
        <extensions>
          <ns3:TrackPointExtension>
            <ns3:hr>142</ns3:hr>
            <ns3:cad>85</ns3:cad>
          </ns3:TrackPointExtension>
        </extensions>
      </trkpt>
      <trkpt lat="34.18145251460373401641845703125" lon="108.93069100566208362579345703125">
        <ele>434.600006103515625</ele>
        <time>2026-09-12T11:57:00.000Z</time>
        <extensions>
          <ns3:TrackPointExtension>
            <ns3:hr>142</ns3:hr>
            <ns3:cad>85</ns3:cad>
          </ns3:TrackPointExtension>
        </extensions>
      </trkpt>
      <trkpt lat="34.18143130838871002197265625" lon="108.9306880719959735870361328125">
        <ele>434.600006103515625</ele>
        <time>2026-09-12T11:57:01.000Z</time>
        <extensions>
          <ns3:TrackPointExtension>
            <ns3:hr>141</ns3:hr>
            <ns3:cad>86</ns3:cad>
          </ns3:TrackPointExtension>
        </extensions>
      </trkpt>
      <trkpt lat="34.1814143769443035125732421875" lon="108.930690251290798187255859375">
        <ele>434.79998779296875</ele>
        <time>2026-09-12T11:57:02.000Z</time>
        <extensions>
          <ns3:TrackPointExtension>
            <ns3:hr>140</ns3:hr>
            <ns3:cad>87</ns3:cad>
          </ns3:TrackPointExtension>
        </extensions>
      </trkpt>
      <trkpt lat="34.1813909076154232025146484375" lon="108.9306910894811153411865234375">
        <ele>434.79998779296875</ele>
        <time>2026-09-12T11:57:03.000Z</time>
        <extensions>
          <ns3:TrackPointExtension>
            <ns3:hr>140</ns3:hr>
            <ns3:cad>87</ns3:cad>
          </ns3:TrackPointExtension>
        </extensions>
      </trkpt>
      <trkpt lat="34.18136961758136749267578125" lon="108.9306910894811153411865234375">
        <ele>434.79998779296875</ele>
        <time>2026-09-12T11:57:04.000Z</time>
        <extensions>
          <ns3:TrackPointExtension>
            <ns3:hr>140</ns3:hr>
            <ns3:cad>87</ns3:cad>
          </ns3:TrackPointExtension>
        </extensions>
      </trkpt>
      <trkpt lat="34.18134623207151889801025390625" lon="108.93069318495690822601318359375">
        <ele>434.79998779296875</ele>
        <time>2026-09-12T11:57:05.000Z</time>
        <extensions>
          <ns3:TrackPointExtension>
            <ns3:hr>139</ns3:hr>
            <ns3:cad>86</ns3:cad>
          </ns3:TrackPointExtension>
        </extensions>
      </trkpt>
      <trkpt lat="34.1813221760094165802001953125" lon="108.93069050274789333343505859375">
        <ele>434.79998779296875</ele>
        <time>2026-09-12T11:57:06.000Z</time>
        <extensions>
          <ns3:TrackPointExtension>
            <ns3:hr>139</ns3:hr>
            <ns3:cad>86</ns3:cad>
          </ns3:TrackPointExtension>
        </extensions>
      </trkpt>
      <trkpt lat="34.18129996396601200103759765625" lon="108.9306947775185108184814453125">
        <ele>434.79998779296875</ele>
        <time>2026-09-12T11:57:07.000Z</time>
        <extensions>
          <ns3:TrackPointExtension>
            <ns3:hr>139</ns3:hr>
            <ns3:cad>86</ns3:cad>
          </ns3:TrackPointExtension>
        </extensions>
      </trkpt>
      <trkpt lat="34.18127297423779964447021484375" lon="108.93069486133754253387451171875">
        <ele>435</ele>
        <time>2026-09-12T11:57:08.000Z</time>
        <extensions>
          <ns3:TrackPointExtension>
            <ns3:hr>139</ns3:hr>
            <ns3:cad>86</ns3:cad>
          </ns3:TrackPointExtension>
        </extensions>
      </trkpt>
      <trkpt lat="34.18125084601342678070068359375" lon="108.9307038299739360809326171875">
        <ele>435</ele>
        <time>2026-09-12T11:57:09.000Z</time>
        <extensions>
          <ns3:TrackPointExtension>
            <ns3:hr>138</ns3:hr>
            <ns3:cad>86</ns3:cad>
          </ns3:TrackPointExtension>
        </extensions>
      </trkpt>
      <trkpt lat="34.1812259517610073089599609375" lon="108.930701315402984619140625">
        <ele>435</ele>
        <time>2026-09-12T11:57:10.000Z</time>
        <extensions>
          <ns3:TrackPointExtension>
            <ns3:hr>139</ns3:hr>
            <ns3:cad>86</ns3:cad>
          </ns3:TrackPointExtension>
        </extensions>
      </trkpt>
      <trkpt lat="34.18120910413563251495361328125" lon="108.930700980126857757568359375">
        <ele>435</ele>
        <time>2026-09-12T11:57:11.000Z</time>
        <extensions>
          <ns3:TrackPointExtension>
            <ns3:hr>139</ns3:hr>
            <ns3:cad>87</ns3:cad>
          </ns3:TrackPointExtension>
        </extensions>
      </trkpt>
      <trkpt lat="34.18118613772094249725341796875" lon="108.93069871701300144195556640625">
        <ele>435</ele>
        <time>2026-09-12T11:57:12.000Z</time>
        <extensions>
          <ns3:TrackPointExtension>
            <ns3:hr>139</ns3:hr>
            <ns3:cad>86</ns3:cad>
          </ns3:TrackPointExtension>
        </extensions>
      </trkpt>
      <trkpt lat="34.18116585351526737213134765625" lon="108.93069804646074771881103515625">
        <ele>435.20001220703125</ele>
        <time>2026-09-12T11:57:13.000Z</time>
        <extensions>
          <ns3:TrackPointExtension>
            <ns3:hr>138</ns3:hr>
            <ns3:cad>86</ns3:cad>
          </ns3:TrackPointExtension>
        </extensions>
      </trkpt>
      <trkpt lat="34.18114489875733852386474609375" lon="108.9307001419365406036376953125">
        <ele>435.20001220703125</ele>
        <time>2026-09-12T11:57:14.000Z</time>
        <extensions>
          <ns3:TrackPointExtension>
            <ns3:hr>139</ns3:hr>
            <ns3:cad>86</ns3:cad>
          </ns3:TrackPointExtension>
        </extensions>
      </trkpt>
      <trkpt lat="34.18112746439874172210693359375" lon="108.9307008124887943267822265625">
        <ele>435.20001220703125</ele>
        <time>2026-09-12T11:57:15.000Z</time>
        <extensions>
          <ns3:TrackPointExtension>
            <ns3:hr>139</ns3:hr>
            <ns3:cad>87</ns3:cad>
          </ns3:TrackPointExtension>
        </extensions>
      </trkpt>
      <trkpt lat="34.18110986240208148956298828125" lon="108.9307048358023166656494140625">
        <ele>435.20001220703125</ele>
        <time>2026-09-12T11:57:16.000Z</time>
        <extensions>
          <ns3:TrackPointExtension>
            <ns3:hr>138</ns3:hr>
            <ns3:cad>87</ns3:cad>
          </ns3:TrackPointExtension>
        </extensions>
      </trkpt>
      <trkpt lat="34.1810940206050872802734375" lon="108.9307026565074920654296875">
        <ele>435.20001220703125</ele>
        <time>2026-09-12T11:57:17.000Z</time>
        <extensions>
          <ns3:TrackPointExtension>
            <ns3:hr>138</ns3:hr>
            <ns3:cad>87</ns3:cad>
          </ns3:TrackPointExtension>
        </extensions>
      </trkpt>
      <trkpt lat="34.18107817880809307098388671875" lon="108.9307080209255218505859375">
        <ele>435.20001220703125</ele>
        <time>2026-09-12T11:57:18.000Z</time>
        <extensions>
          <ns3:TrackPointExtension>
            <ns3:hr>138</ns3:hr>
            <ns3:cad>87</ns3:cad>
          </ns3:TrackPointExtension>
        </extensions>
      </trkpt>
      <trkpt lat="34.1810556314885616302490234375" lon="108.9307075180113315582275390625">
        <ele>435.20001220703125</ele>
        <time>2026-09-12T11:57:19.000Z</time>
        <extensions>
          <ns3:TrackPointExtension>
            <ns3:hr>138</ns3:hr>
            <ns3:cad>87</ns3:cad>
          </ns3:TrackPointExtension>
        </extensions>
      </trkpt>
      <trkpt lat="34.1810415498912334442138671875" lon="108.930713720619678497314453125">
        <ele>435.20001220703125</ele>
        <time>2026-09-12T11:57:20.000Z</time>
        <extensions>
          <ns3:TrackPointExtension>
            <ns3:hr>139</ns3:hr>
            <ns3:cad>87</ns3:cad>
          </ns3:TrackPointExtension>
        </extensions>
      </trkpt>
      <trkpt lat="34.18101464398205280303955078125" lon="108.930704332888126373291015625">
        <ele>435.399993896484375</ele>
        <time>2026-09-12T11:57:21.000Z</time>
        <extensions>
          <ns3:TrackPointExtension>
            <ns3:hr>138</ns3:hr>
            <ns3:cad>87</ns3:cad>
          </ns3:TrackPointExtension>
        </extensions>
      </trkpt>
      <trkpt lat="34.18099486269056797027587890625" lon="108.93069938756525516510009765625">
        <ele>435.20001220703125</ele>
        <time>2026-09-12T11:57:22.000Z</time>
        <extensions>
          <ns3:TrackPointExtension>
            <ns3:hr>138</ns3:hr>
            <ns3:cad>87</ns3:cad>
          </ns3:TrackPointExtension>
        </extensions>
      </trkpt>
      <trkpt lat="34.18097198009490966796875" lon="108.93067759461700916290283203125">
        <ele>435.20001220703125</ele>
        <time>2026-09-12T11:57:23.000Z</time>
        <extensions>
          <ns3:TrackPointExtension>
            <ns3:hr>139</ns3:hr>
            <ns3:cad>87</ns3:cad>
          </ns3:TrackPointExtension>
        </extensions>
      </trkpt>
      <trkpt lat="34.18095655739307403564453125" lon="108.93065932206809520721435546875">
        <ele>435.20001220703125</ele>
        <time>2026-09-12T11:57:24.000Z</time>
        <extensions>
          <ns3:TrackPointExtension>
            <ns3:hr>138</ns3:hr>
            <ns3:cad>87</ns3:cad>
          </ns3:TrackPointExtension>
        </extensions>
      </trkpt>
      <trkpt lat="34.1809413023293018341064453125" lon="108.93064473755657672882080078125">
        <ele>435.20001220703125</ele>
        <time>2026-09-12T11:57:25.000Z</time>
        <extensions>
          <ns3:TrackPointExtension>
            <ns3:hr>138</ns3:hr>
            <ns3:cad>86</ns3:cad>
          </ns3:TrackPointExtension>
        </extensions>
      </trkpt>
      <trkpt lat="34.18093032203614711761474609375" lon="108.93062093295156955718994140625">
        <ele>435.20001220703125</ele>
        <time>2026-09-12T11:57:26.000Z</time>
        <extensions>
          <ns3:TrackPointExtension>
            <ns3:hr>139</ns3:hr>
            <ns3:cad>86</ns3:cad>
          </ns3:TrackPointExtension>
        </extensions>
      </trkpt>
      <trkpt lat="34.1809205152094364166259765625" lon="108.9306076057255268096923828125">
        <ele>435</ele>
        <time>2026-09-12T11:57:27.000Z</time>
        <extensions>
          <ns3:TrackPointExtension>
            <ns3:hr>138</ns3:hr>
            <ns3:cad>86</ns3:cad>
          </ns3:TrackPointExtension>
        </extensions>
      </trkpt>
      <trkpt lat="34.180913306772708892822265625" lon="108.9305747486650943756103515625">
        <ele>435.20001220703125</ele>
        <time>2026-09-12T11:57:28.000Z</time>
        <extensions>
          <ns3:TrackPointExtension>
            <ns3:hr>138</ns3:hr>
            <ns3:cad>86</ns3:cad>
          </ns3:TrackPointExtension>
        </extensions>
      </trkpt>
      <trkpt lat="34.18091439642012119293212890625" lon="108.9305444061756134033203125">
        <ele>435.20001220703125</ele>
        <time>2026-09-12T11:57:29.000Z</time>
        <extensions>
          <ns3:TrackPointExtension>
            <ns3:hr>138</ns3:hr>
            <ns3:cad>86</ns3:cad>
          </ns3:TrackPointExtension>
        </extensions>
      </trkpt>
      <trkpt lat="34.18091523461043834686279296875" lon="108.93051180057227611541748046875">
        <ele>435.20001220703125</ele>
        <time>2026-09-12T11:57:30.000Z</time>
        <extensions>
          <ns3:TrackPointExtension>
            <ns3:hr>138</ns3:hr>
            <ns3:cad>85</ns3:cad>
          </ns3:TrackPointExtension>
        </extensions>
      </trkpt>
      <trkpt lat="34.18092680163681507110595703125" lon="108.9304718188941478729248046875">
        <ele>435.20001220703125</ele>
        <time>2026-09-12T11:57:31.000Z</time>
        <extensions>
          <ns3:TrackPointExtension>
            <ns3:hr>138</ns3:hr>
            <ns3:cad>84</ns3:cad>
          </ns3:TrackPointExtension>
        </extensions>
      </trkpt>
      <trkpt lat="34.18093317188322544097900390625" lon="108.9304473437368869781494140625">
        <ele>435.20001220703125</ele>
        <time>2026-09-12T11:57:32.000Z</time>
        <extensions>
          <ns3:TrackPointExtension>
            <ns3:hr>137</ns3:hr>
            <ns3:cad>84</ns3:cad>
          </ns3:TrackPointExtension>
        </extensions>
      </trkpt>
      <trkpt lat="34.1809362731873989105224609375" lon="108.93042814917862415313720703125">
        <ele>435.20001220703125</ele>
        <time>2026-09-12T11:57:33.000Z</time>
        <extensions>
          <ns3:TrackPointExtension>
            <ns3:hr>137</ns3:hr>
            <ns3:cad>84</ns3:cad>
          </ns3:TrackPointExtension>
        </extensions>
      </trkpt>
      <trkpt lat="34.18093266896903514862060546875" lon="108.9304218627512454986572265625">
        <ele>435.20001220703125</ele>
        <time>2026-09-12T11:57:34.000Z</time>
        <extensions>
          <ns3:TrackPointExtension>
            <ns3:hr>137</ns3:hr>
            <ns3:cad>84</ns3:cad>
          </ns3:TrackPointExtension>
        </extensions>
      </trkpt>
      <trkpt lat="34.18093401007354259490966796875" lon="108.930423371493816375732421875">
        <ele>435</ele>
        <time>2026-09-12T11:57:35.000Z</time>
        <extensions>
          <ns3:TrackPointExtension>
            <ns3:hr>137</ns3:hr>
            <ns3:cad>84</ns3:cad>
          </ns3:TrackPointExtension>
        </extensions>
      </trkpt>
      <trkpt lat="34.18093250133097171783447265625" lon="108.93043368123471736907958984375">
        <ele>434.79998779296875</ele>
        <time>2026-09-12T11:57:36.000Z</time>
        <extensions>
          <ns3:TrackPointExtension>
            <ns3:hr>137</ns3:hr>
            <ns3:cad>83</ns3:cad>
          </ns3:TrackPointExtension>
        </extensions>
      </trkpt>
      <trkpt lat="34.18092302978038787841796875" lon="108.930446170270442962646484375">
        <ele>434.79998779296875</ele>
        <time>2026-09-12T11:57:37.000Z</time>
        <extensions>
          <ns3:TrackPointExtension>
            <ns3:hr>136</ns3:hr>
            <ns3:cad>83</ns3:cad>
          </ns3:TrackPointExtension>
        </extensions>
      </trkpt>
      <trkpt lat="34.18091230094432830810546875" lon="108.9304550550878047943115234375">
        <ele>434.79998779296875</ele>
        <time>2026-09-12T11:57:38.000Z</time>
        <extensions>
          <ns3:TrackPointExtension>
            <ns3:hr>136</ns3:hr>
            <ns3:cad>83</ns3:cad>
          </ns3:TrackPointExtension>
        </extensions>
      </trkpt>
      <trkpt lat="34.1808826290071010589599609375" lon="108.930454887449741363525390625">
        <ele>434.79998779296875</ele>
        <time>2026-09-12T11:57:39.000Z</time>
        <extensions>
          <ns3:TrackPointExtension>
            <ns3:hr>136</ns3:hr>
            <ns3:cad>82</ns3:cad>
          </ns3:TrackPointExtension>
        </extensions>
      </trkpt>
      <trkpt lat="34.1808553040027618408203125" lon="108.9304570667445659637451171875">
        <ele>435</ele>
        <time>2026-09-12T11:57:40.000Z</time>
        <extensions>
          <ns3:TrackPointExtension>
            <ns3:hr>135</ns3:hr>
            <ns3:cad>81</ns3:cad>
          </ns3:TrackPointExtension>
        </extensions>
      </trkpt>
      <trkpt lat="34.1808212734758853912353515625" lon="108.93045379780232906341552734375">
        <ele>435.20001220703125</ele>
        <time>2026-09-12T11:57:41.000Z</time>
        <extensions>
          <ns3:TrackPointExtension>
            <ns3:hr>135</ns3:hr>
            <ns3:cad>81</ns3:cad>
          </ns3:TrackPointExtension>
        </extensions>
      </trkpt>
      <trkpt lat="34.1807978041470050811767578125" lon="108.93045212142169475555419921875">
        <ele>435.399993896484375</ele>
        <time>2026-09-12T11:57:42.000Z</time>
        <extensions>
          <ns3:TrackPointExtension>
            <ns3:hr>134</ns3:hr>
            <ns3:cad>81</ns3:cad>
          </ns3:TrackPointExtension>
        </extensions>
      </trkpt>
      <trkpt lat="34.1807693056762218475341796875" lon="108.93044893629848957061767578125">
        <ele>435.399993896484375</ele>
        <time>2026-09-12T11:57:43.000Z</time>
        <extensions>
          <ns3:TrackPointExtension>
            <ns3:hr>134</ns3:hr>
            <ns3:cad>82</ns3:cad>
          </ns3:TrackPointExtension>
        </extensions>
      </trkpt>
      <trkpt lat="34.180744327604770660400390625" lon="108.93044650554656982421875">
        <ele>435.399993896484375</ele>
        <time>2026-09-12T11:57:44.000Z</time>
        <extensions>
          <ns3:TrackPointExtension>
            <ns3:hr>135</ns3:hr>
            <ns3:cad>86</ns3:cad>
          </ns3:TrackPointExtension>
        </extensions>
      </trkpt>
      <trkpt lat="34.1807220317423343658447265625" lon="108.930445499718189239501953125">
        <ele>435.399993896484375</ele>
        <time>2026-09-12T11:57:45.000Z</time>
        <extensions>
          <ns3:TrackPointExtension>
            <ns3:hr>135</ns3:hr>
            <ns3:cad>86</ns3:cad>
          </ns3:TrackPointExtension>
        </extensions>
      </trkpt>
      <trkpt lat="34.1806982271373271942138671875" lon="108.93043418414890766143798828125">
        <ele>435.600006103515625</ele>
        <time>2026-09-12T11:57:46.000Z</time>
        <extensions>
          <ns3:TrackPointExtension>
            <ns3:hr>135</ns3:hr>
            <ns3:cad>86</ns3:cad>
          </ns3:TrackPointExtension>
        </extensions>
      </trkpt>
      <trkpt lat="34.1806767694652080535888671875" lon="108.93042831681668758392333984375">
        <ele>435.600006103515625</ele>
        <time>2026-09-12T11:57:47.000Z</time>
        <extensions>
          <ns3:TrackPointExtension>
            <ns3:hr>135</ns3:hr>
            <ns3:cad>86</ns3:cad>
          </ns3:TrackPointExtension>
        </extensions>
      </trkpt>
      <trkpt lat="34.180656485259532928466796875" lon="108.9304094575345516204833984375">
        <ele>435.399993896484375</ele>
        <time>2026-09-12T11:57:48.000Z</time>
        <extensions>
          <ns3:TrackPointExtension>
            <ns3:hr>135</ns3:hr>
            <ns3:cad>86</ns3:cad>
          </ns3:TrackPointExtension>
        </extensions>
      </trkpt>
      <trkpt lat="34.18064449913799762725830078125" lon="108.93039076589047908782958984375">
        <ele>435.399993896484375</ele>
        <time>2026-09-12T11:57:49.000Z</time>
        <extensions>
          <ns3:TrackPointExtension>
            <ns3:hr>136</ns3:hr>
            <ns3:cad>86</ns3:cad>
          </ns3:TrackPointExtension>
        </extensions>
      </trkpt>
      <trkpt lat="34.18064349330961704254150390625" lon="108.9303553104400634765625">
        <ele>435.399993896484375</ele>
        <time>2026-09-12T11:57:50.000Z</time>
        <extensions>
          <ns3:TrackPointExtension>
            <ns3:hr>135</ns3:hr>
            <ns3:cad>86</ns3:cad>
          </ns3:TrackPointExtension>
        </extensions>
      </trkpt>
      <trkpt lat="34.180644415318965911865234375" lon="108.93032991327345371246337890625">
        <ele>435.20001220703125</ele>
        <time>2026-09-12T11:57:51.000Z</time>
        <extensions>
          <ns3:TrackPointExtension>
            <ns3:hr>135</ns3:hr>
            <ns3:cad>86</ns3:cad>
          </ns3:TrackPointExtension>
        </extensions>
      </trkpt>
      <trkpt lat="34.18064600788056850433349609375" lon="108.93029537983238697052001953125">
        <ele>435.20001220703125</ele>
        <time>2026-09-12T11:57:52.000Z</time>
        <extensions>
          <ns3:TrackPointExtension>
            <ns3:hr>135</ns3:hr>
            <ns3:cad>86</ns3:cad>
          </ns3:TrackPointExtension>
        </extensions>
      </trkpt>
      <trkpt lat="34.1806434094905853271484375" lon="108.93026721663773059844970703125">
        <ele>435.20001220703125</ele>
        <time>2026-09-12T11:57:53.000Z</time>
        <extensions>
          <ns3:TrackPointExtension>
            <ns3:hr>135</ns3:hr>
            <ns3:cad>86</ns3:cad>
          </ns3:TrackPointExtension>
        </extensions>
      </trkpt>
      <trkpt lat="34.18064148165285587310791015625" lon="108.93023553304374217987060546875">
        <ele>435.20001220703125</ele>
        <time>2026-09-12T11:57:54.000Z</time>
        <extensions>
          <ns3:TrackPointExtension>
            <ns3:hr>135</ns3:hr>
            <ns3:cad>86</ns3:cad>
          </ns3:TrackPointExtension>
        </extensions>
      </trkpt>
      <trkpt lat="34.18064634315669536590576171875" lon="108.9302096329629421234130859375">
        <ele>435.20001220703125</ele>
        <time>2026-09-12T11:57:55.000Z</time>
        <extensions>
          <ns3:TrackPointExtension>
            <ns3:hr>134</ns3:hr>
            <ns3:cad>86</ns3:cad>
          </ns3:TrackPointExtension>
        </extensions>
      </trkpt>
      <trkpt lat="34.1806476004421710968017578125" lon="108.93018658272922039031982421875">
        <ele>435.20001220703125</ele>
        <time>2026-09-12T11:57:56.000Z</time>
        <extensions>
          <ns3:TrackPointExtension>
            <ns3:hr>135</ns3:hr>
            <ns3:cad>86</ns3:cad>
          </ns3:TrackPointExtension>
        </extensions>
      </trkpt>
      <trkpt lat="34.18065053410828113555908203125" lon="108.9301635324954986572265625">
        <ele>435.20001220703125</ele>
        <time>2026-09-12T11:57:57.000Z</time>
        <extensions>
          <ns3:TrackPointExtension>
            <ns3:hr>135</ns3:hr>
            <ns3:cad>87</ns3:cad>
          </ns3:TrackPointExtension>
        </extensions>
      </trkpt>
      <trkpt lat="34.18065019883215427398681640625" lon="108.93014165572822093963623046875">
        <ele>435.20001220703125</ele>
        <time>2026-09-12T11:57:58.000Z</time>
        <extensions>
          <ns3:TrackPointExtension>
            <ns3:hr>135</ns3:hr>
            <ns3:cad>87</ns3:cad>
          </ns3:TrackPointExtension>
        </extensions>
      </trkpt>
      <trkpt lat="34.1806533001363277435302734375" lon="108.930112905800342559814453125">
        <ele>435.20001220703125</ele>
        <time>2026-09-12T11:57:59.000Z</time>
        <extensions>
          <ns3:TrackPointExtension>
            <ns3:hr>135</ns3:hr>
            <ns3:cad>87</ns3:cad>
          </ns3:TrackPointExtension>
        </extensions>
      </trkpt>
      <trkpt lat="34.180650450289249420166015625" lon="108.93009102903306484222412109375">
        <ele>435.20001220703125</ele>
        <time>2026-09-12T11:58:00.000Z</time>
        <extensions>
          <ns3:TrackPointExtension>
            <ns3:hr>135</ns3:hr>
            <ns3:cad>87</ns3:cad>
          </ns3:TrackPointExtension>
        </extensions>
      </trkpt>
      <trkpt lat="34.1806533001363277435302734375" lon="108.930060602724552154541015625">
        <ele>435.20001220703125</ele>
        <time>2026-09-12T11:58:01.000Z</time>
        <extensions>
          <ns3:TrackPointExtension>
            <ns3:hr>135</ns3:hr>
            <ns3:cad>87</ns3:cad>
          </ns3:TrackPointExtension>
        </extensions>
      </trkpt>
      <trkpt lat="34.1806648671627044677734375" lon="108.93004216253757476806640625">
        <ele>435.20001220703125</ele>
        <time>2026-09-12T11:58:02.000Z</time>
        <extensions>
          <ns3:TrackPointExtension>
            <ns3:hr>135</ns3:hr>
            <ns3:cad>87</ns3:cad>
          </ns3:TrackPointExtension>
        </extensions>
      </trkpt>
      <trkpt lat="34.18066880665719509124755859375" lon="108.93001341260969638824462890625">
        <ele>435.20001220703125</ele>
        <time>2026-09-12T11:58:03.000Z</time>
        <extensions>
          <ns3:TrackPointExtension>
            <ns3:hr>135</ns3:hr>
            <ns3:cad>88</ns3:cad>
          </ns3:TrackPointExtension>
        </extensions>
      </trkpt>
      <trkpt lat="34.18067626655101776123046875" lon="108.9299876801669597625732421875">
        <ele>435.20001220703125</ele>
        <time>2026-09-12T11:58:04.000Z</time>
        <extensions>
          <ns3:TrackPointExtension>
            <ns3:hr>135</ns3:hr>
            <ns3:cad>88</ns3:cad>
          </ns3:TrackPointExtension>
        </extensions>
      </trkpt>
      <trkpt lat="34.18068297207355499267578125" lon="108.92996161244809627532958984375">
        <ele>435.20001220703125</ele>
        <time>2026-09-12T11:58:05.000Z</time>
        <extensions>
          <ns3:TrackPointExtension>
            <ns3:hr>135</ns3:hr>
            <ns3:cad>87</ns3:cad>
          </ns3:TrackPointExtension>
        </extensions>
      </trkpt>
      <trkpt lat="34.18069076724350452423095703125" lon="108.9299316890537738800048828125">
        <ele>435.399993896484375</ele>
        <time>2026-09-12T11:58:06.000Z</time>
        <extensions>
          <ns3:TrackPointExtension>
            <ns3:hr>135</ns3:hr>
            <ns3:cad>87</ns3:cad>
          </ns3:TrackPointExtension>
        </extensions>
      </trkpt>
      <trkpt lat="34.1806982271373271942138671875" lon="108.92990880645811557769775390625">
        <ele>435.399993896484375</ele>
        <time>2026-09-12T11:58:07.000Z</time>
        <extensions>
          <ns3:TrackPointExtension>
            <ns3:hr>135</ns3:hr>
            <ns3:cad>87</ns3:cad>
          </ns3:TrackPointExtension>
        </extensions>
      </trkpt>
      <trkpt lat="34.18071289546787738800048828125" lon="108.929881565272808074951171875">
        <ele>435.399993896484375</ele>
        <time>2026-09-12T11:58:08.000Z</time>
        <extensions>
          <ns3:TrackPointExtension>
            <ns3:hr>135</ns3:hr>
            <ns3:cad>88</ns3:cad>
          </ns3:TrackPointExtension>
        </extensions>
      </trkpt>
      <trkpt lat="34.18072228319942951202392578125" lon="108.92986371181905269622802734375">
        <ele>435.399993896484375</ele>
        <time>2026-09-12T11:58:09.000Z</time>
        <extensions>
          <ns3:TrackPointExtension>
            <ns3:hr>135</ns3:hr>
            <ns3:cad>88</ns3:cad>
          </ns3:TrackPointExtension>
        </extensions>
      </trkpt>
      <trkpt lat="34.18072865344583988189697265625" lon="108.92983454279601573944091796875">
        <ele>435.399993896484375</ele>
        <time>2026-09-12T11:58:10.000Z</time>
        <extensions>
          <ns3:TrackPointExtension>
            <ns3:hr>135</ns3:hr>
            <ns3:cad>87</ns3:cad>
          </ns3:TrackPointExtension>
        </extensions>
      </trkpt>
      <trkpt lat="34.1807334311306476593017578125" lon="108.929813839495182037353515625">
        <ele>435.20001220703125</ele>
        <time>2026-09-12T11:58:11.000Z</time>
        <extensions>
          <ns3:TrackPointExtension>
            <ns3:hr>135</ns3:hr>
            <ns3:cad>87</ns3:cad>
          </ns3:TrackPointExtension>
        </extensions>
      </trkpt>
      <trkpt lat="34.1807346045970916748046875" lon="108.9297838322818279266357421875">
        <ele>435.20001220703125</ele>
        <time>2026-09-12T11:58:12.000Z</time>
        <extensions>
          <ns3:TrackPointExtension>
            <ns3:hr>135</ns3:hr>
            <ns3:cad>87</ns3:cad>
          </ns3:TrackPointExtension>
        </extensions>
      </trkpt>
      <trkpt lat="34.18073586188256740570068359375" lon="108.92975944094359874725341796875">
        <ele>435.20001220703125</ele>
        <time>2026-09-12T11:58:13.000Z</time>
        <extensions>
          <ns3:TrackPointExtension>
            <ns3:hr>135</ns3:hr>
            <ns3:cad>87</ns3:cad>
          </ns3:TrackPointExtension>
        </extensions>
      </trkpt>
      <trkpt lat="34.1807367838919162750244140625" lon="108.9297338761389255523681640625">
        <ele>435.20001220703125</ele>
        <time>2026-09-12T11:58:14.000Z</time>
        <extensions>
          <ns3:TrackPointExtension>
            <ns3:hr>134</ns3:hr>
            <ns3:cad>86</ns3:cad>
          </ns3:TrackPointExtension>
        </extensions>
      </trkpt>
      <trkpt lat="34.1807424835860729217529296875" lon="108.92970898188650608062744140625">
        <ele>435.20001220703125</ele>
        <time>2026-09-12T11:58:15.000Z</time>
        <extensions>
          <ns3:TrackPointExtension>
            <ns3:hr>135</ns3:hr>
            <ns3:cad>86</ns3:cad>
          </ns3:TrackPointExtension>
        </extensions>
      </trkpt>
      <trkpt lat="34.1807418130338191986083984375" lon="108.92969070933759212493896484375">
        <ele>435.20001220703125</ele>
        <time>2026-09-12T11:58:16.000Z</time>
        <extensions>
          <ns3:TrackPointExtension>
            <ns3:hr>135</ns3:hr>
            <ns3:cad>87</ns3:cad>
          </ns3:TrackPointExtension>
        </extensions>
      </trkpt>
      <trkpt lat="34.18074558489024639129638671875" lon="108.9296607859432697296142578125">
        <ele>435.399993896484375</ele>
        <time>2026-09-12T11:58:17.000Z</time>
        <extensions>
          <ns3:TrackPointExtension>
            <ns3:hr>134</ns3:hr>
            <ns3:cad>87</ns3:cad>
          </ns3:TrackPointExtension>
        </extensions>
      </trkpt>
      <trkpt lat="34.18074600398540496826171875" lon="108.92963605932891368865966796875">
        <ele>435.399993896484375</ele>
        <time>2026-09-12T11:58:18.000Z</time>
        <extensions>
          <ns3:TrackPointExtension>
            <ns3:hr>135</ns3:hr>
            <ns3:cad>88</ns3:cad>
          </ns3:TrackPointExtension>
        </extensions>
      </trkpt>
      <trkpt lat="34.18075229041278362274169921875" lon="108.92960471101105213165283203125">
        <ele>435.600006103515625</ele>
        <time>2026-09-12T11:58:19.000Z</time>
        <extensions>
          <ns3:TrackPointExtension>
            <ns3:hr>134</ns3:hr>
            <ns3:cad>87</ns3:cad>
          </ns3:TrackPointExtension>
        </extensions>
      </trkpt>
      <trkpt lat="34.18075480498373508453369140625" lon="108.92957956530153751373291015625">
        <ele>435.600006103515625</ele>
        <time>2026-09-12T11:58:20.000Z</time>
        <extensions>
          <ns3:TrackPointExtension>
            <ns3:hr>134</ns3:hr>
            <ns3:cad>87</ns3:cad>
          </ns3:TrackPointExtension>
        </extensions>
      </trkpt>
      <trkpt lat="34.180757738649845123291015625" lon="108.929556347429752349853515625">
        <ele>435.399993896484375</ele>
        <time>2026-09-12T11:58:21.000Z</time>
        <extensions>
          <ns3:TrackPointExtension>
            <ns3:hr>134</ns3:hr>
            <ns3:cad>87</ns3:cad>
          </ns3:TrackPointExtension>
        </extensions>
      </trkpt>
      <trkpt lat="34.18076067231595516204833984375" lon="108.92953061498701572418212890625">
        <ele>435.399993896484375</ele>
        <time>2026-09-12T11:58:22.000Z</time>
        <extensions>
          <ns3:TrackPointExtension>
            <ns3:hr>134</ns3:hr>
            <ns3:cad>87</ns3:cad>
          </ns3:TrackPointExtension>
        </extensions>
      </trkpt>
      <trkpt lat="34.180765114724636077880859375" lon="108.92950647510588169097900390625">
        <ele>435.399993896484375</ele>
        <time>2026-09-12T11:58:23.000Z</time>
        <extensions>
          <ns3:TrackPointExtension>
            <ns3:hr>134</ns3:hr>
            <ns3:cad>86</ns3:cad>
          </ns3:TrackPointExtension>
        </extensions>
      </trkpt>
      <trkpt lat="34.18077659793198108673095703125" lon="108.9294834248721599578857421875">
        <ele>435.20001220703125</ele>
        <time>2026-09-12T11:58:24.000Z</time>
        <extensions>
          <ns3:TrackPointExtension>
            <ns3:hr>134</ns3:hr>
            <ns3:cad>87</ns3:cad>
          </ns3:TrackPointExtension>
        </extensions>
      </trkpt>
      <trkpt lat="34.18078296817839145660400390625" lon="108.92946322448551654815673828125">
        <ele>435.20001220703125</ele>
        <time>2026-09-12T11:58:25.000Z</time>
        <extensions>
          <ns3:TrackPointExtension>
            <ns3:hr>134</ns3:hr>
            <ns3:cad>87</ns3:cad>
          </ns3:TrackPointExtension>
        </extensions>
      </trkpt>
      <trkpt lat="34.18079285882413387298583984375" lon="108.92944126389920711517333984375">
        <ele>435.399993896484375</ele>
        <time>2026-09-12T11:58:26.000Z</time>
        <extensions>
          <ns3:TrackPointExtension>
            <ns3:hr>134</ns3:hr>
            <ns3:cad>87</ns3:cad>
          </ns3:TrackPointExtension>
        </extensions>
      </trkpt>
      <trkpt lat="34.18079470284283161163330078125" lon="108.9294190518558025360107421875">
        <ele>435.399993896484375</ele>
        <time>2026-09-12T11:58:27.000Z</time>
        <extensions>
          <ns3:TrackPointExtension>
            <ns3:hr>134</ns3:hr>
            <ns3:cad>88</ns3:cad>
          </ns3:TrackPointExtension>
        </extensions>
      </trkpt>
      <trkpt lat="34.18079554103314876556396484375" lon="108.929394073784351348876953125">
        <ele>435.399993896484375</ele>
        <time>2026-09-12T11:58:28.000Z</time>
        <extensions>
          <ns3:TrackPointExtension>
            <ns3:hr>134</ns3:hr>
            <ns3:cad>88</ns3:cad>
          </ns3:TrackPointExtension>
        </extensions>
      </trkpt>
      <trkpt lat="34.1807978041470050811767578125" lon="108.929373957216739654541015625">
        <ele>435.399993896484375</ele>
        <time>2026-09-12T11:58:29.000Z</time>
        <extensions>
          <ns3:TrackPointExtension>
            <ns3:hr>134</ns3:hr>
            <ns3:cad>87</ns3:cad>
          </ns3:TrackPointExtension>
        </extensions>
      </trkpt>
      <trkpt lat="34.1808031685650348663330078125" lon="108.929345794022083282470703125">
        <ele>435.399993896484375</ele>
        <time>2026-09-12T11:58:30.000Z</time>
        <extensions>
          <ns3:TrackPointExtension>
            <ns3:hr>134</ns3:hr>
            <ns3:cad>87</ns3:cad>
          </ns3:TrackPointExtension>
        </extensions>
      </trkpt>
      <trkpt lat="34.180804677307605743408203125" lon="108.9293251745402812957763671875">
        <ele>435.399993896484375</ele>
        <time>2026-09-12T11:58:31.000Z</time>
        <extensions>
          <ns3:TrackPointExtension>
            <ns3:hr>133</ns3:hr>
            <ns3:cad>88</ns3:cad>
          </ns3:TrackPointExtension>
        </extensions>
      </trkpt>
      <trkpt lat="34.18080811388790607452392578125" lon="108.929301202297210693359375">
        <ele>435.399993896484375</ele>
        <time>2026-09-12T11:58:32.000Z</time>
        <extensions>
          <ns3:TrackPointExtension>
            <ns3:hr>133</ns3:hr>
            <ns3:cad>87</ns3:cad>
          </ns3:TrackPointExtension>
        </extensions>
      </trkpt>
      <trkpt lat="34.1808112151920795440673828125" lon="108.92927312292158603668212890625">
        <ele>435.399993896484375</ele>
        <time>2026-09-12T11:58:33.000Z</time>
        <extensions>
          <ns3:TrackPointExtension>
            <ns3:hr>133</ns3:hr>
            <ns3:cad>86</ns3:cad>
          </ns3:TrackPointExtension>
        </extensions>
      </trkpt>
      <trkpt lat="34.180814065039157867431640625" lon="108.9292457140982151031494140625">
        <ele>435.399993896484375</ele>
        <time>2026-09-12T11:58:34.000Z</time>
        <extensions>
          <ns3:TrackPointExtension>
            <ns3:hr>133</ns3:hr>
            <ns3:cad>86</ns3:cad>
          </ns3:TrackPointExtension>
        </extensions>
      </trkpt>
      <trkpt lat="34.18081565760076045989990234375" lon="108.929218389093875885009765625">
        <ele>435.399993896484375</ele>
        <time>2026-09-12T11:58:35.000Z</time>
        <extensions>
          <ns3:TrackPointExtension>
            <ns3:hr>133</ns3:hr>
            <ns3:cad>86</ns3:cad>
          </ns3:TrackPointExtension>
        </extensions>
      </trkpt>
      <trkpt lat="34.1808179207146167755126953125" lon="108.92919324338436126708984375">
        <ele>435.399993896484375</ele>
        <time>2026-09-12T11:58:36.000Z</time>
        <extensions>
          <ns3:TrackPointExtension>
            <ns3:hr>133</ns3:hr>
            <ns3:cad>86</ns3:cad>
          </ns3:TrackPointExtension>
        </extensions>
      </trkpt>
      <trkpt lat="34.18082378804683685302734375" lon="108.9291655831038951873779296875">
        <ele>435.399993896484375</ele>
        <time>2026-09-12T11:58:37.000Z</time>
        <extensions>
          <ns3:TrackPointExtension>
            <ns3:hr>132</ns3:hr>
            <ns3:cad>86</ns3:cad>
          </ns3:TrackPointExtension>
        </extensions>
      </trkpt>
      <trkpt lat="34.18082454241812229156494140625" lon="108.92913959920406341552734375">
        <ele>435.399993896484375</ele>
        <time>2026-09-12T11:58:38.000Z</time>
        <extensions>
          <ns3:TrackPointExtension>
            <ns3:hr>132</ns3:hr>
            <ns3:cad>86</ns3:cad>
          </ns3:TrackPointExtension>
        </extensions>
      </trkpt>
      <trkpt lat="34.18082856573164463043212890625" lon="108.92911420203745365142822265625">
        <ele>435.399993896484375</ele>
        <time>2026-09-12T11:58:39.000Z</time>
        <extensions>
          <ns3:TrackPointExtension>
            <ns3:hr>132</ns3:hr>
            <ns3:cad>86</ns3:cad>
          </ns3:TrackPointExtension>
        </extensions>
      </trkpt>
      <trkpt lat="34.18082990683615207672119140625" lon="108.92909073270857334136962890625">
        <ele>435.399993896484375</ele>
        <time>2026-09-12T11:58:40.000Z</time>
        <extensions>
          <ns3:TrackPointExtension>
            <ns3:hr>132</ns3:hr>
            <ns3:cad>87</ns3:cad>
          </ns3:TrackPointExtension>
        </extensions>
      </trkpt>
      <trkpt lat="34.1808303259313106536865234375" lon="108.92906256951391696929931640625">
        <ele>435.399993896484375</ele>
        <time>2026-09-12T11:58:41.000Z</time>
        <extensions>
          <ns3:TrackPointExtension>
            <ns3:hr>132</ns3:hr>
            <ns3:cad>88</ns3:cad>
          </ns3:TrackPointExtension>
        </extensions>
      </trkpt>
      <trkpt lat="34.18083191849291324615478515625" lon="108.92903910018503665924072265625">
        <ele>435.399993896484375</ele>
        <time>2026-09-12T11:58:42.000Z</time>
        <extensions>
          <ns3:TrackPointExtension>
            <ns3:hr>132</ns3:hr>
            <ns3:cad>88</ns3:cad>
          </ns3:TrackPointExtension>
        </extensions>
      </trkpt>
      <trkpt lat="34.18083594180643558502197265625" lon="108.9290086738765239715576171875">
        <ele>435.399993896484375</ele>
        <time>2026-09-12T11:58:43.000Z</time>
        <extensions>
          <ns3:TrackPointExtension>
            <ns3:hr>132</ns3:hr>
            <ns3:cad>87</ns3:cad>
          </ns3:TrackPointExtension>
        </extensions>
      </trkpt>
      <trkpt lat="34.18083778582513332366943359375" lon="108.92898394726216793060302734375">
        <ele>435.399993896484375</ele>
        <time>2026-09-12T11:58:44.000Z</time>
        <extensions>
          <ns3:TrackPointExtension>
            <ns3:hr>132</ns3:hr>
            <ns3:cad>87</ns3:cad>
          </ns3:TrackPointExtension>
        </extensions>
      </trkpt>
      <trkpt lat="34.1808413900434970855712890625" lon="108.9289560355246067047119140625">
        <ele>435.399993896484375</ele>
        <time>2026-09-12T11:58:45.000Z</time>
        <extensions>
          <ns3:TrackPointExtension>
            <ns3:hr>132</ns3:hr>
            <ns3:cad>87</ns3:cad>
          </ns3:TrackPointExtension>
        </extensions>
      </trkpt>
      <trkpt lat="34.1808480955660343170166015625" lon="108.92892762087285518646240234375">
        <ele>435.399993896484375</ele>
        <time>2026-09-12T11:58:46.000Z</time>
        <extensions>
          <ns3:TrackPointExtension>
            <ns3:hr>132</ns3:hr>
            <ns3:cad>87</ns3:cad>
          </ns3:TrackPointExtension>
        </extensions>
      </trkpt>
      <trkpt lat="34.18084985576570034027099609375" lon="108.9289054088294506072998046875">
        <ele>435.399993896484375</ele>
        <time>2026-09-12T11:58:47.000Z</time>
        <extensions>
          <ns3:TrackPointExtension>
            <ns3:hr>132</ns3:hr>
            <ns3:cad>87</ns3:cad>
          </ns3:TrackPointExtension>
        </extensions>
      </trkpt>
      <trkpt lat="34.1808514483273029327392578125" lon="108.9288742281496524810791015625">
        <ele>435.399993896484375</ele>
        <time>2026-09-12T11:58:48.000Z</time>
        <extensions>
          <ns3:TrackPointExtension>
            <ns3:hr>132</ns3:hr>
            <ns3:cad>87</ns3:cad>
          </ns3:TrackPointExtension>
        </extensions>
      </trkpt>
      <trkpt lat="34.1808544658124446868896484375" lon="108.92885184846818447113037109375">
        <ele>435.399993896484375</ele>
        <time>2026-09-12T11:58:49.000Z</time>
        <extensions>
          <ns3:TrackPointExtension>
            <ns3:hr>133</ns3:hr>
            <ns3:cad>87</ns3:cad>
          </ns3:TrackPointExtension>
        </extensions>
      </trkpt>
      <trkpt lat="34.180856980383396148681640625" lon="108.9288222603499889373779296875">
        <ele>435.399993896484375</ele>
        <time>2026-09-12T11:58:50.000Z</time>
        <extensions>
          <ns3:TrackPointExtension>
            <ns3:hr>132</ns3:hr>
            <ns3:cad>87</ns3:cad>
          </ns3:TrackPointExtension>
        </extensions>
      </trkpt>
      <trkpt lat="34.18085924349725246429443359375" lon="108.92879669554531574249267578125">
        <ele>435.399993896484375</ele>
        <time>2026-09-12T11:58:51.000Z</time>
        <extensions>
          <ns3:TrackPointExtension>
            <ns3:hr>132</ns3:hr>
            <ns3:cad>87</ns3:cad>
          </ns3:TrackPointExtension>
        </extensions>
      </trkpt>
      <trkpt lat="34.18086796067655086517333984375" lon="108.92877507023513317108154296875">
        <ele>435.600006103515625</ele>
        <time>2026-09-12T11:58:52.000Z</time>
        <extensions>
          <ns3:TrackPointExtension>
            <ns3:hr>132</ns3:hr>
            <ns3:cad>86</ns3:cad>
          </ns3:TrackPointExtension>
        </extensions>
      </trkpt>
      <trkpt lat="34.1808725707232952117919921875" lon="108.92875579185783863067626953125">
        <ele>435.399993896484375</ele>
        <time>2026-09-12T11:58:53.000Z</time>
        <extensions>
          <ns3:TrackPointExtension>
            <ns3:hr>132</ns3:hr>
            <ns3:cad>86</ns3:cad>
          </ns3:TrackPointExtension>
        </extensions>
      </trkpt>
      <trkpt lat="34.18087743222713470458984375" lon="108.92873198725283145904541015625">
        <ele>435.399993896484375</ele>
        <time>2026-09-12T11:58:54.000Z</time>
        <extensions>
          <ns3:TrackPointExtension>
            <ns3:hr>132</ns3:hr>
            <ns3:cad>86</ns3:cad>
          </ns3:TrackPointExtension>
        </extensions>
      </trkpt>
      <trkpt lat="34.1808812879025936126708984375" lon="108.92871589399874210357666015625">
        <ele>435.399993896484375</ele>
        <time>2026-09-12T11:58:55.000Z</time>
        <extensions>
          <ns3:TrackPointExtension>
            <ns3:hr>132</ns3:hr>
            <ns3:cad>88</ns3:cad>
          </ns3:TrackPointExtension>
        </extensions>
      </trkpt>
      <trkpt lat="34.18088422156870365142822265625" lon="108.92869301140308380126953125">
        <ele>435.399993896484375</ele>
        <time>2026-09-12T11:58:56.000Z</time>
        <extensions>
          <ns3:TrackPointExtension>
            <ns3:hr>132</ns3:hr>
            <ns3:cad>88</ns3:cad>
          </ns3:TrackPointExtension>
        </extensions>
      </trkpt>
      <trkpt lat="34.180887155234813690185546875" lon="108.92866811715066432952880859375">
        <ele>435.20001220703125</ele>
        <time>2026-09-12T11:58:57.000Z</time>
        <extensions>
          <ns3:TrackPointExtension>
            <ns3:hr>131</ns3:hr>
            <ns3:cad>87</ns3:cad>
          </ns3:TrackPointExtension>
        </extensions>
      </trkpt>
      <trkpt lat="34.180888496339321136474609375" lon="108.92864783294498920440673828125">
        <ele>435.399993896484375</ele>
        <time>2026-09-12T11:58:58.000Z</time>
        <extensions>
          <ns3:TrackPointExtension>
            <ns3:hr>131</ns3:hr>
            <ns3:cad>87</ns3:cad>
          </ns3:TrackPointExtension>
        </extensions>
      </trkpt>
      <trkpt lat="34.180888496339321136474609375" lon="108.9286194182932376861572265625">
        <ele>435.399993896484375</ele>
        <time>2026-09-12T11:58:59.000Z</time>
        <extensions>
          <ns3:TrackPointExtension>
            <ns3:hr>131</ns3:hr>
            <ns3:cad>87</ns3:cad>
          </ns3:TrackPointExtension>
        </extensions>
      </trkpt>
      <trkpt lat="34.180891849100589752197265625" lon="108.9285956136882305145263671875">
        <ele>435.399993896484375</ele>
        <time>2026-09-12T11:59:00.000Z</time>
        <extensions>
          <ns3:TrackPointExtension>
            <ns3:hr>130</ns3:hr>
            <ns3:cad>87</ns3:cad>
          </ns3:TrackPointExtension>
        </extensions>
      </trkpt>
      <trkpt lat="34.1808943636715412139892578125" lon="108.92856686376035213470458984375">
        <ele>435.600006103515625</ele>
        <time>2026-09-12T11:59:01.000Z</time>
        <extensions>
          <ns3:TrackPointExtension>
            <ns3:hr>130</ns3:hr>
            <ns3:cad>87</ns3:cad>
          </ns3:TrackPointExtension>
        </extensions>
      </trkpt>
      <trkpt lat="34.18089662678539752960205078125" lon="108.9285453222692012786865234375">
        <ele>435.600006103515625</ele>
        <time>2026-09-12T11:59:02.000Z</time>
        <extensions>
          <ns3:TrackPointExtension>
            <ns3:hr>130</ns3:hr>
            <ns3:cad>87</ns3:cad>
          </ns3:TrackPointExtension>
        </extensions>
      </trkpt>
      <trkpt lat="34.18089780025184154510498046875" lon="108.9285168237984180450439453125">
        <ele>435.600006103515625</ele>
        <time>2026-09-12T11:59:03.000Z</time>
        <extensions>
          <ns3:TrackPointExtension>
            <ns3:hr>130</ns3:hr>
            <ns3:cad>87</ns3:cad>
          </ns3:TrackPointExtension>
        </extensions>
      </trkpt>
      <trkpt lat="34.180903248488903045654296875" lon="108.9284926839172840118408203125">
        <ele>435.600006103515625</ele>
        <time>2026-09-12T11:59:04.000Z</time>
        <extensions>
          <ns3:TrackPointExtension>
            <ns3:hr>130</ns3:hr>
            <ns3:cad>87</ns3:cad>
          </ns3:TrackPointExtension>
        </extensions>
      </trkpt>
      <trkpt lat="34.1809022426605224609375" lon="108.92846862785518169403076171875">
        <ele>435.600006103515625</ele>
        <time>2026-09-12T11:59:05.000Z</time>
        <extensions>
          <ns3:TrackPointExtension>
            <ns3:hr>131</ns3:hr>
            <ns3:cad>87</ns3:cad>
          </ns3:TrackPointExtension>
        </extensions>
      </trkpt>
      <trkpt lat="34.1809089481830596923828125" lon="108.92844649963080883026123046875">
        <ele>435.600006103515625</ele>
        <time>2026-09-12T11:59:06.000Z</time>
        <extensions>
          <ns3:TrackPointExtension>
            <ns3:hr>130</ns3:hr>
            <ns3:cad>87</ns3:cad>
          </ns3:TrackPointExtension>
        </extensions>
      </trkpt>
      <trkpt lat="34.18091054074466228485107421875" lon="108.928425125777721405029296875">
        <ele>435.600006103515625</ele>
        <time>2026-09-12T11:59:07.000Z</time>
        <extensions>
          <ns3:TrackPointExtension>
            <ns3:hr>130</ns3:hr>
            <ns3:cad>87</ns3:cad>
          </ns3:TrackPointExtension>
        </extensions>
      </trkpt>
      <trkpt lat="34.180917330086231231689453125" lon="108.9283957891166210174560546875">
        <ele>435.600006103515625</ele>
        <time>2026-09-12T11:59:08.000Z</time>
        <extensions>
          <ns3:TrackPointExtension>
            <ns3:hr>131</ns3:hr>
            <ns3:cad>87</ns3:cad>
          </ns3:TrackPointExtension>
        </extensions>
      </trkpt>
      <trkpt lat="34.18091707862913608551025390625" lon="108.92837357707321643829345703125">
        <ele>435.600006103515625</ele>
        <time>2026-09-12T11:59:09.000Z</time>
        <extensions>
          <ns3:TrackPointExtension>
            <ns3:hr>131</ns3:hr>
            <ns3:cad>86</ns3:cad>
          </ns3:TrackPointExtension>
        </extensions>
      </trkpt>
      <trkpt lat="34.180922694504261016845703125" lon="108.92834625206887722015380859375">
        <ele>435.600006103515625</ele>
        <time>2026-09-12T11:59:10.000Z</time>
        <extensions>
          <ns3:TrackPointExtension>
            <ns3:hr>131</ns3:hr>
            <ns3:cad>86</ns3:cad>
          </ns3:TrackPointExtension>
        </extensions>
      </trkpt>
      <trkpt lat="34.18092378415167331695556640625" lon="108.928323872387409210205078125">
        <ele>435.600006103515625</ele>
        <time>2026-09-12T11:59:11.000Z</time>
        <extensions>
          <ns3:TrackPointExtension>
            <ns3:hr>131</ns3:hr>
            <ns3:cad>86</ns3:cad>
          </ns3:TrackPointExtension>
        </extensions>
      </trkpt>
      <trkpt lat="34.1809265501797199249267578125" lon="108.92828942276537418365478515625">
        <ele>435.600006103515625</ele>
        <time>2026-09-12T11:59:12.000Z</time>
        <extensions>
          <ns3:TrackPointExtension>
            <ns3:hr>132</ns3:hr>
            <ns3:cad>87</ns3:cad>
          </ns3:TrackPointExtension>
        </extensions>
      </trkpt>
      <trkpt lat="34.180930070579051971435546875" lon="108.92826913855969905853271484375">
        <ele>435.600006103515625</ele>
        <time>2026-09-12T11:59:13.000Z</time>
        <extensions>
          <ns3:TrackPointExtension>
            <ns3:hr>132</ns3:hr>
            <ns3:cad>87</ns3:cad>
          </ns3:TrackPointExtension>
        </extensions>
      </trkpt>
      <trkpt lat="34.18093166314065456390380859375" lon="108.92824064008891582489013671875">
        <ele>435.600006103515625</ele>
        <time>2026-09-12T11:59:14.000Z</time>
        <extensions>
          <ns3:TrackPointExtension>
            <ns3:hr>132</ns3:hr>
            <ns3:cad>87</ns3:cad>
          </ns3:TrackPointExtension>
        </extensions>
      </trkpt>
      <trkpt lat="34.18093669228255748748779296875" lon="108.92821482382714748382568359375">
        <ele>435.600006103515625</ele>
        <time>2026-09-12T11:59:15.000Z</time>
        <extensions>
          <ns3:TrackPointExtension>
            <ns3:hr>132</ns3:hr>
            <ns3:cad>87</ns3:cad>
          </ns3:TrackPointExtension>
        </extensions>
      </trkpt>
      <trkpt lat="34.18093820102512836456298828125" lon="108.92818599008023738861083984375">
        <ele>435.600006103515625</ele>
        <time>2026-09-12T11:59:16.000Z</time>
        <extensions>
          <ns3:TrackPointExtension>
            <ns3:hr>132</ns3:hr>
            <ns3:cad>87</ns3:cad>
          </ns3:TrackPointExtension>
        </extensions>
      </trkpt>
      <trkpt lat="34.180942475795745849609375" lon="108.9281614311039447784423828125">
        <ele>435.600006103515625</ele>
        <time>2026-09-12T11:59:17.000Z</time>
        <extensions>
          <ns3:TrackPointExtension>
            <ns3:hr>133</ns3:hr>
            <ns3:cad>88</ns3:cad>
          </ns3:TrackPointExtension>
        </extensions>
      </trkpt>
      <trkpt lat="34.1809443198144435882568359375" lon="108.9281384646892547607421875">
        <ele>435.600006103515625</ele>
        <time>2026-09-12T11:59:18.000Z</time>
        <extensions>
          <ns3:TrackPointExtension>
            <ns3:hr>133</ns3:hr>
            <ns3:cad>88</ns3:cad>
          </ns3:TrackPointExtension>
        </extensions>
      </trkpt>
      <trkpt lat="34.18095379136502742767333984375" lon="108.92811231315135955810546875">
        <ele>435.600006103515625</ele>
        <time>2026-09-12T11:59:19.000Z</time>
        <extensions>
          <ns3:TrackPointExtension>
            <ns3:hr>132</ns3:hr>
            <ns3:cad>88</ns3:cad>
          </ns3:TrackPointExtension>
        </extensions>
      </trkpt>
      <trkpt lat="34.1809563897550106048583984375" lon="108.9280903525650501251220703125">
        <ele>435.600006103515625</ele>
        <time>2026-09-12T11:59:20.000Z</time>
        <extensions>
          <ns3:TrackPointExtension>
            <ns3:hr>133</ns3:hr>
            <ns3:cad>88</ns3:cad>
          </ns3:TrackPointExtension>
        </extensions>
      </trkpt>
      <trkpt lat="34.18096066452562808990478515625" lon="108.9280660450458526611328125">
        <ele>435.600006103515625</ele>
        <time>2026-09-12T11:59:21.000Z</time>
        <extensions>
          <ns3:TrackPointExtension>
            <ns3:hr>133</ns3:hr>
            <ns3:cad>87</ns3:cad>
          </ns3:TrackPointExtension>
        </extensions>
      </trkpt>
      <trkpt lat="34.18095982633531093597412109375" lon="108.92804316245019435882568359375">
        <ele>435.600006103515625</ele>
        <time>2026-09-12T11:59:22.000Z</time>
        <extensions>
          <ns3:TrackPointExtension>
            <ns3:hr>133</ns3:hr>
            <ns3:cad>87</ns3:cad>
          </ns3:TrackPointExtension>
        </extensions>
      </trkpt>
      <trkpt lat="34.18096485547721385955810546875" lon="108.92801466397941112518310546875">
        <ele>435.600006103515625</ele>
        <time>2026-09-12T11:59:23.000Z</time>
        <extensions>
          <ns3:TrackPointExtension>
            <ns3:hr>133</ns3:hr>
            <ns3:cad>87</ns3:cad>
          </ns3:TrackPointExtension>
        </extensions>
      </trkpt>
      <trkpt lat="34.1809664480388164520263671875" lon="108.927994631230831146240234375">
        <ele>435.600006103515625</ele>
        <time>2026-09-12T11:59:24.000Z</time>
        <extensions>
          <ns3:TrackPointExtension>
            <ns3:hr>133</ns3:hr>
            <ns3:cad>87</ns3:cad>
          </ns3:TrackPointExtension>
        </extensions>
      </trkpt>
      <trkpt lat="34.1809708066284656524658203125" lon="108.9279703237116336822509765625">
        <ele>435.600006103515625</ele>
        <time>2026-09-12T11:59:25.000Z</time>
        <extensions>
          <ns3:TrackPointExtension>
            <ns3:hr>134</ns3:hr>
            <ns3:cad>88</ns3:cad>
          </ns3:TrackPointExtension>
        </extensions>
      </trkpt>
      <trkpt lat="34.1809761710464954376220703125" lon="108.92794744111597537994384765625">
        <ele>435.600006103515625</ele>
        <time>2026-09-12T11:59:26.000Z</time>
        <extensions>
          <ns3:TrackPointExtension>
            <ns3:hr>134</ns3:hr>
            <ns3:cad>88</ns3:cad>
          </ns3:TrackPointExtension>
        </extensions>
      </trkpt>
      <trkpt lat="34.18097726069390773773193359375" lon="108.92792187631130218505859375">
        <ele>435.600006103515625</ele>
        <time>2026-09-12T11:59:27.000Z</time>
        <extensions>
          <ns3:TrackPointExtension>
            <ns3:hr>134</ns3:hr>
            <ns3:cad>88</ns3:cad>
          </ns3:TrackPointExtension>
        </extensions>
      </trkpt>
      <trkpt lat="34.18097943998873233795166015625" lon="108.92790385521948337554931640625">
        <ele>435.79998779296875</ele>
        <time>2026-09-12T11:59:28.000Z</time>
        <extensions>
          <ns3:TrackPointExtension>
            <ns3:hr>133</ns3:hr>
            <ns3:cad>88</ns3:cad>
          </ns3:TrackPointExtension>
        </extensions>
      </trkpt>
      <trkpt lat="34.18097994290292263031005859375" lon="108.92787971533834934234619140625">
        <ele>435.79998779296875</ele>
        <time>2026-09-12T11:59:29.000Z</time>
        <extensions>
          <ns3:TrackPointExtension>
            <ns3:hr>133</ns3:hr>
            <ns3:cad>87</ns3:cad>
          </ns3:TrackPointExtension>
        </extensions>
      </trkpt>
      <trkpt lat="34.1809862293303012847900390625" lon="108.9278479479253292083740234375">
        <ele>435.79998779296875</ele>
        <time>2026-09-12T11:59:30.000Z</time>
        <extensions>
          <ns3:TrackPointExtension>
            <ns3:hr>133</ns3:hr>
            <ns3:cad>86</ns3:cad>
          </ns3:TrackPointExtension>
        </extensions>
      </trkpt>
      <trkpt lat="34.18098547495901584625244140625" lon="108.92782355658710002899169921875">
        <ele>435.79998779296875</ele>
        <time>2026-09-12T11:59:31.000Z</time>
        <extensions>
          <ns3:TrackPointExtension>
            <ns3:hr>133</ns3:hr>
            <ns3:cad>86</ns3:cad>
          </ns3:TrackPointExtension>
        </extensions>
      </trkpt>
      <trkpt lat="34.1809858940541744232177734375" lon="108.92779472284018993377685546875">
        <ele>435.79998779296875</ele>
        <time>2026-09-12T11:59:32.000Z</time>
        <extensions>
          <ns3:TrackPointExtension>
            <ns3:hr>132</ns3:hr>
            <ns3:cad>86</ns3:cad>
          </ns3:TrackPointExtension>
        </extensions>
      </trkpt>
      <trkpt lat="34.18098715133965015411376953125" lon="108.92777544446289539337158203125">
        <ele>435.79998779296875</ele>
        <time>2026-09-12T11:59:33.000Z</time>
        <extensions>
          <ns3:TrackPointExtension>
            <ns3:hr>132</ns3:hr>
            <ns3:cad>86</ns3:cad>
          </ns3:TrackPointExtension>
        </extensions>
      </trkpt>
      <trkpt lat="34.1809880733489990234375" lon="108.9277497120201587677001953125">
        <ele>435.600006103515625</ele>
        <time>2026-09-12T11:59:34.000Z</time>
        <extensions>
          <ns3:TrackPointExtension>
            <ns3:hr>133</ns3:hr>
            <ns3:cad>86</ns3:cad>
          </ns3:TrackPointExtension>
        </extensions>
      </trkpt>
      <trkpt lat="34.1809922643005847930908203125" lon="108.92772138118743896484375">
        <ele>435.600006103515625</ele>
        <time>2026-09-12T11:59:35.000Z</time>
        <extensions>
          <ns3:TrackPointExtension>
            <ns3:hr>133</ns3:hr>
            <ns3:cad>86</ns3:cad>
          </ns3:TrackPointExtension>
        </extensions>
      </trkpt>
      <trkpt lat="34.18099335394799709320068359375" lon="108.92769481055438518524169921875">
        <ele>435.600006103515625</ele>
        <time>2026-09-12T11:59:36.000Z</time>
        <extensions>
          <ns3:TrackPointExtension>
            <ns3:hr>133</ns3:hr>
            <ns3:cad>86</ns3:cad>
          </ns3:TrackPointExtension>
        </extensions>
      </trkpt>
      <trkpt lat="34.18100089766085147857666015625" lon="108.9276611991226673126220703125">
        <ele>435.79998779296875</ele>
        <time>2026-09-12T11:59:37.000Z</time>
        <extensions>
          <ns3:TrackPointExtension>
            <ns3:hr>134</ns3:hr>
            <ns3:cad>86</ns3:cad>
          </ns3:TrackPointExtension>
        </extensions>
      </trkpt>
      <trkpt lat="34.18100475333631038665771484375" lon="108.92763890326023101806640625">
        <ele>435.79998779296875</ele>
        <time>2026-09-12T11:59:38.000Z</time>
        <extensions>
          <ns3:TrackPointExtension>
            <ns3:hr>134</ns3:hr>
            <ns3:cad>86</ns3:cad>
          </ns3:TrackPointExtension>
        </extensions>
      </trkpt>
      <trkpt lat="34.18100827373564243316650390625" lon="108.92760948278009891510009765625">
        <ele>435.79998779296875</ele>
        <time>2026-09-12T11:59:39.000Z</time>
        <extensions>
          <ns3:TrackPointExtension>
            <ns3:hr>134</ns3:hr>
            <ns3:cad>86</ns3:cad>
          </ns3:TrackPointExtension>
        </extensions>
      </trkpt>
      <trkpt lat="34.18101028539240360260009765625" lon="108.92758391797542572021484375">
        <ele>435.600006103515625</ele>
        <time>2026-09-12T11:59:40.000Z</time>
        <extensions>
          <ns3:TrackPointExtension>
            <ns3:hr>134</ns3:hr>
            <ns3:cad>85</ns3:cad>
          </ns3:TrackPointExtension>
        </extensions>
      </trkpt>
      <trkpt lat="34.18101288378238677978515625" lon="108.92755818553268909454345703125">
        <ele>435.600006103515625</ele>
        <time>2026-09-12T11:59:41.000Z</time>
        <extensions>
          <ns3:TrackPointExtension>
            <ns3:hr>135</ns3:hr>
            <ns3:cad>85</ns3:cad>
          </ns3:TrackPointExtension>
        </extensions>
      </trkpt>
      <trkpt lat="34.18101833201944828033447265625" lon="108.92753253690898418426513671875">
        <ele>435.600006103515625</ele>
        <time>2026-09-12T11:59:42.000Z</time>
        <extensions>
          <ns3:TrackPointExtension>
            <ns3:hr>135</ns3:hr>
            <ns3:cad>85</ns3:cad>
          </ns3:TrackPointExtension>
        </extensions>
      </trkpt>
      <trkpt lat="34.18101682327687740325927734375" lon="108.9275054633617401123046875">
        <ele>435.600006103515625</ele>
        <time>2026-09-12T11:59:43.000Z</time>
        <extensions>
          <ns3:TrackPointExtension>
            <ns3:hr>135</ns3:hr>
            <ns3:cad>85</ns3:cad>
          </ns3:TrackPointExtension>
        </extensions>
      </trkpt>
      <trkpt lat="34.18101849965751171112060546875" lon="108.927471600472927093505859375">
        <ele>435.399993896484375</ele>
        <time>2026-09-12T11:59:44.000Z</time>
        <extensions>
          <ns3:TrackPointExtension>
            <ns3:hr>135</ns3:hr>
            <ns3:cad>85</ns3:cad>
          </ns3:TrackPointExtension>
        </extensions>
      </trkpt>
      <trkpt lat="34.18101489543914794921875" lon="108.92744310200214385986328125">
        <ele>435.399993896484375</ele>
        <time>2026-09-12T11:59:45.000Z</time>
        <extensions>
          <ns3:TrackPointExtension>
            <ns3:hr>134</ns3:hr>
            <ns3:cad>86</ns3:cad>
          </ns3:TrackPointExtension>
        </extensions>
      </trkpt>
      <trkpt lat="34.18101816438138484954833984375" lon="108.9274171181023120880126953125">
        <ele>435.399993896484375</ele>
        <time>2026-09-12T11:59:46.000Z</time>
        <extensions>
          <ns3:TrackPointExtension>
            <ns3:hr>135</ns3:hr>
            <ns3:cad>86</ns3:cad>
          </ns3:TrackPointExtension>
        </extensions>
      </trkpt>
      <trkpt lat="34.18102352879941463470458984375" lon="108.92739272676408290863037109375">
        <ele>435.399993896484375</ele>
        <time>2026-09-12T11:59:47.000Z</time>
        <extensions>
          <ns3:TrackPointExtension>
            <ns3:hr>135</ns3:hr>
            <ns3:cad>86</ns3:cad>
          </ns3:TrackPointExtension>
        </extensions>
      </trkpt>
      <trkpt lat="34.18103157542645931243896484375" lon="108.92736758105456829071044921875">
        <ele>435.399993896484375</ele>
        <time>2026-09-12T11:59:48.000Z</time>
        <extensions>
          <ns3:TrackPointExtension>
            <ns3:hr>135</ns3:hr>
            <ns3:cad>86</ns3:cad>
          </ns3:TrackPointExtension>
        </extensions>
      </trkpt>
      <trkpt lat="34.1810368560254573822021484375" lon="108.9273472130298614501953125">
        <ele>435.399993896484375</ele>
        <time>2026-09-12T11:59:49.000Z</time>
        <extensions>
          <ns3:TrackPointExtension>
            <ns3:hr>135</ns3:hr>
            <ns3:cad>87</ns3:cad>
          </ns3:TrackPointExtension>
        </extensions>
      </trkpt>
      <trkpt lat="34.1810331679880619049072265625" lon="108.92733120359480381011962890625">
        <ele>435.399993896484375</ele>
        <time>2026-09-12T11:59:50.000Z</time>
        <extensions>
          <ns3:TrackPointExtension>
            <ns3:hr>136</ns3:hr>
            <ns3:cad>87</ns3:cad>
          </ns3:TrackPointExtension>
        </extensions>
      </trkpt>
      <trkpt lat="34.1810341738164424896240234375" lon="108.9273064769804477691650390625">
        <ele>435.20001220703125</ele>
        <time>2026-09-12T11:59:51.000Z</time>
        <extensions>
          <ns3:TrackPointExtension>
            <ns3:hr>136</ns3:hr>
            <ns3:cad>87</ns3:cad>
          </ns3:TrackPointExtension>
        </extensions>
      </trkpt>
      <trkpt lat="34.1810321621596813201904296875" lon="108.9272860251367092132568359375">
        <ele>435.20001220703125</ele>
        <time>2026-09-12T11:59:52.000Z</time>
        <extensions>
          <ns3:TrackPointExtension>
            <ns3:hr>136</ns3:hr>
            <ns3:cad>87</ns3:cad>
          </ns3:TrackPointExtension>
        </extensions>
      </trkpt>
      <trkpt lat="34.181038700044155120849609375" lon="108.927250988781452178955078125">
        <ele>435.20001220703125</ele>
        <time>2026-09-12T11:59:53.000Z</time>
        <extensions>
          <ns3:TrackPointExtension>
            <ns3:hr>136</ns3:hr>
            <ns3:cad>86</ns3:cad>
          </ns3:TrackPointExtension>
        </extensions>
      </trkpt>
      <trkpt lat="34.18104104697704315185546875" lon="108.927230201661586761474609375">
        <ele>435.20001220703125</ele>
        <time>2026-09-12T11:59:54.000Z</time>
        <extensions>
          <ns3:TrackPointExtension>
            <ns3:hr>136</ns3:hr>
            <ns3:cad>86</ns3:cad>
          </ns3:TrackPointExtension>
        </extensions>
      </trkpt>
      <trkpt lat="34.18103970587253570556640625" lon="108.92720195464789867401123046875">
        <ele>435</ele>
        <time>2026-09-12T11:59:55.000Z</time>
        <extensions>
          <ns3:TrackPointExtension>
            <ns3:hr>136</ns3:hr>
            <ns3:cad>86</ns3:cad>
          </ns3:TrackPointExtension>
        </extensions>
      </trkpt>
      <trkpt lat="34.1810269653797149658203125" lon="108.9271864481270313262939453125">
        <ele>435.20001220703125</ele>
        <time>2026-09-12T11:59:56.000Z</time>
        <extensions>
          <ns3:TrackPointExtension>
            <ns3:hr>136</ns3:hr>
            <ns3:cad>86</ns3:cad>
          </ns3:TrackPointExtension>
        </extensions>
      </trkpt>
      <trkpt lat="34.18101011775434017181396484375" lon="108.92717882059514522552490234375">
        <ele>435</ele>
        <time>2026-09-12T11:59:57.000Z</time>
        <extensions>
          <ns3:TrackPointExtension>
            <ns3:hr>135</ns3:hr>
            <ns3:cad>86</ns3:cad>
          </ns3:TrackPointExtension>
        </extensions>
      </trkpt>
      <trkpt lat="34.180984385311603546142578125" lon="108.92715610563755035400390625">
        <ele>435</ele>
        <time>2026-09-12T11:59:58.000Z</time>
        <extensions>
          <ns3:TrackPointExtension>
            <ns3:hr>135</ns3:hr>
            <ns3:cad>86</ns3:cad>
          </ns3:TrackPointExtension>
        </extensions>
      </trkpt>
      <trkpt lat="34.18097172863781452178955078125" lon="108.92713624052703380584716796875">
        <ele>435</ele>
        <time>2026-09-12T11:59:59.000Z</time>
        <extensions>
          <ns3:TrackPointExtension>
            <ns3:hr>135</ns3:hr>
            <ns3:cad>85</ns3:cad>
          </ns3:TrackPointExtension>
        </extensions>
      </trkpt>
      <trkpt lat="34.180952198803424835205078125" lon="108.9271187223494052886962890625">
        <ele>435</ele>
        <time>2026-09-12T12:00:00.000Z</time>
        <extensions>
          <ns3:TrackPointExtension>
            <ns3:hr>135</ns3:hr>
            <ns3:cad>84</ns3:cad>
          </ns3:TrackPointExtension>
        </extensions>
      </trkpt>
      <trkpt lat="34.1809325851500034332275390625" lon="108.92710019834339618682861328125">
        <ele>435</ele>
        <time>2026-09-12T12:00:01.000Z</time>
        <extensions>
          <ns3:TrackPointExtension>
            <ns3:hr>135</ns3:hr>
            <ns3:cad>84</ns3:cad>
          </ns3:TrackPointExtension>
        </extensions>
      </trkpt>
      <trkpt lat="34.18092093430459499359130859375" lon="108.92708645202219486236572265625">
        <ele>435</ele>
        <time>2026-09-12T12:00:02.000Z</time>
        <extensions>
          <ns3:TrackPointExtension>
            <ns3:hr>135</ns3:hr>
            <ns3:cad>84</ns3:cad>
          </ns3:TrackPointExtension>
        </extensions>
      </trkpt>
      <trkpt lat="34.1809064336121082305908203125" lon="108.9270744659006595611572265625">
        <ele>434.79998779296875</ele>
        <time>2026-09-12T12:00:03.000Z</time>
        <extensions>
          <ns3:TrackPointExtension>
            <ns3:hr>135</ns3:hr>
            <ns3:cad>83</ns3:cad>
          </ns3:TrackPointExtension>
        </extensions>
      </trkpt>
      <trkpt lat="34.18088958598673343658447265625" lon="108.92706901766359806060791015625">
        <ele>434.79998779296875</ele>
        <time>2026-09-12T12:00:04.000Z</time>
        <extensions>
          <ns3:TrackPointExtension>
            <ns3:hr>135</ns3:hr>
            <ns3:cad>83</ns3:cad>
          </ns3:TrackPointExtension>
        </extensions>
      </trkpt>
      <trkpt lat="34.18087533675134181976318359375" lon="108.92707203514873981475830078125">
        <ele>434.79998779296875</ele>
        <time>2026-09-12T12:00:05.000Z</time>
        <extensions>
          <ns3:TrackPointExtension>
            <ns3:hr>135</ns3:hr>
            <ns3:cad>83</ns3:cad>
          </ns3:TrackPointExtension>
        </extensions>
      </trkpt>
      <trkpt lat="34.18085061013698577880859375" lon="108.92707354389131069183349609375">
        <ele>434.79998779296875</ele>
        <time>2026-09-12T12:00:06.000Z</time>
        <extensions>
          <ns3:TrackPointExtension>
            <ns3:hr>135</ns3:hr>
            <ns3:cad>83</ns3:cad>
          </ns3:TrackPointExtension>
        </extensions>
      </trkpt>
      <trkpt lat="34.18083585798740386962890625" lon="108.92707790248095989227294921875">
        <ele>435</ele>
        <time>2026-09-12T12:00:07.000Z</time>
        <extensions>
          <ns3:TrackPointExtension>
            <ns3:hr>135</ns3:hr>
            <ns3:cad>82</ns3:cad>
          </ns3:TrackPointExtension>
        </extensions>
      </trkpt>
      <trkpt lat="34.180816747248172760009765625" lon="108.927077986299991607666015625">
        <ele>435</ele>
        <time>2026-09-12T12:00:08.000Z</time>
        <extensions>
          <ns3:TrackPointExtension>
            <ns3:hr>134</ns3:hr>
            <ns3:cad>82</ns3:cad>
          </ns3:TrackPointExtension>
        </extensions>
      </trkpt>
      <trkpt lat="34.1807951219379901885986328125" lon="108.92707572318613529205322265625">
        <ele>435</ele>
        <time>2026-09-12T12:00:09.000Z</time>
        <extensions>
          <ns3:TrackPointExtension>
            <ns3:hr>134</ns3:hr>
            <ns3:cad>82</ns3:cad>
          </ns3:TrackPointExtension>
        </extensions>
      </trkpt>
      <trkpt lat="34.18077827431261539459228515625" lon="108.927079327404499053955078125">
        <ele>435</ele>
        <time>2026-09-12T12:00:10.000Z</time>
        <extensions>
          <ns3:TrackPointExtension>
            <ns3:hr>133</ns3:hr>
            <ns3:cad>84</ns3:cad>
          </ns3:TrackPointExtension>
        </extensions>
      </trkpt>
      <trkpt lat="34.18075530789792537689208984375" lon="108.9270811714231967926025390625">
        <ele>435</ele>
        <time>2026-09-12T12:00:11.000Z</time>
        <extensions>
          <ns3:TrackPointExtension>
            <ns3:hr>133</ns3:hr>
            <ns3:cad>84</ns3:cad>
          </ns3:TrackPointExtension>
        </extensions>
      </trkpt>
      <trkpt lat="34.18074290268123149871826171875" lon="108.9270815066993236541748046875">
        <ele>435</ele>
        <time>2026-09-12T12:00:12.000Z</time>
        <extensions>
          <ns3:TrackPointExtension>
            <ns3:hr>133</ns3:hr>
            <ns3:cad>85</ns3:cad>
          </ns3:TrackPointExtension>
        </extensions>
      </trkpt>
      <trkpt lat="34.18073049746453762054443359375" lon="108.92708142288029193878173828125">
        <ele>435</ele>
        <time>2026-09-12T12:00:13.000Z</time>
        <extensions>
          <ns3:TrackPointExtension>
            <ns3:hr>133</ns3:hr>
            <ns3:cad>85</ns3:cad>
          </ns3:TrackPointExtension>
        </extensions>
      </trkpt>
      <trkpt lat="34.1807478480041027069091796875" lon="108.92708142288029193878173828125">
        <ele>435.20001220703125</ele>
        <time>2026-09-12T12:00:14.000Z</time>
        <extensions>
          <ns3:TrackPointExtension>
            <ns3:hr>133</ns3:hr>
            <ns3:cad>83</ns3:cad>
          </ns3:TrackPointExtension>
        </extensions>
      </trkpt>
      <trkpt lat="34.1807686351239681243896484375" lon="108.92707941122353076934814453125">
        <ele>435.20001220703125</ele>
        <time>2026-09-12T12:00:15.000Z</time>
        <extensions>
          <ns3:TrackPointExtension>
            <ns3:hr>133</ns3:hr>
            <ns3:cad>83</ns3:cad>
          </ns3:TrackPointExtension>
        </extensions>
      </trkpt>
      <trkpt lat="34.180795960128307342529296875" lon="108.92707874067127704620361328125">
        <ele>435.20001220703125</ele>
        <time>2026-09-12T12:00:16.000Z</time>
        <extensions>
          <ns3:TrackPointExtension>
            <ns3:hr>133</ns3:hr>
            <ns3:cad>83</ns3:cad>
          </ns3:TrackPointExtension>
        </extensions>
      </trkpt>
      <trkpt lat="34.1808155737817287445068359375" lon="108.9270788244903087615966796875">
        <ele>435.20001220703125</ele>
        <time>2026-09-12T12:00:17.000Z</time>
        <extensions>
          <ns3:TrackPointExtension>
            <ns3:hr>133</ns3:hr>
            <ns3:cad>82</ns3:cad>
          </ns3:TrackPointExtension>
        </extensions>
      </trkpt>
      <trkpt lat="34.1808474250137805938720703125" lon="108.9270754717290401458740234375">
        <ele>435</ele>
        <time>2026-09-12T12:00:18.000Z</time>
        <extensions>
          <ns3:TrackPointExtension>
            <ns3:hr>133</ns3:hr>
            <ns3:cad>82</ns3:cad>
          </ns3:TrackPointExtension>
        </extensions>
      </trkpt>
      <trkpt lat="34.18086863122880458831787109375" lon="108.9270731247961521148681640625">
        <ele>435</ele>
        <time>2026-09-12T12:00:19.000Z</time>
        <extensions>
          <ns3:TrackPointExtension>
            <ns3:hr>133</ns3:hr>
            <ns3:cad>83</ns3:cad>
          </ns3:TrackPointExtension>
        </extensions>
      </trkpt>
      <trkpt lat="34.18088874779641628265380859375" lon="108.9270684309303760528564453125">
        <ele>435</ele>
        <time>2026-09-12T12:00:20.000Z</time>
        <extensions>
          <ns3:TrackPointExtension>
            <ns3:hr>133</ns3:hr>
            <ns3:cad>85</ns3:cad>
          </ns3:TrackPointExtension>
        </extensions>
      </trkpt>
      <trkpt lat="34.1809062659740447998046875" lon="108.927056528627872467041015625">
        <ele>435</ele>
        <time>2026-09-12T12:00:21.000Z</time>
        <extensions>
          <ns3:TrackPointExtension>
            <ns3:hr>132</ns3:hr>
            <ns3:cad>85</ns3:cad>
          </ns3:TrackPointExtension>
        </extensions>
      </trkpt>
      <trkpt lat="34.1809114627540111541748046875" lon="108.9270332269370555877685546875">
        <ele>435</ele>
        <time>2026-09-12T12:00:22.000Z</time>
        <extensions>
          <ns3:TrackPointExtension>
            <ns3:hr>133</ns3:hr>
            <ns3:cad>86</ns3:cad>
          </ns3:TrackPointExtension>
        </extensions>
      </trkpt>
      <trkpt lat="34.180918000638484954833984375" lon="108.92699810676276683807373046875">
        <ele>434.79998779296875</ele>
        <time>2026-09-12T12:00:23.000Z</time>
        <extensions>
          <ns3:TrackPointExtension>
            <ns3:hr>133</ns3:hr>
            <ns3:cad>86</ns3:cad>
          </ns3:TrackPointExtension>
        </extensions>
      </trkpt>
      <trkpt lat="34.18093082495033740997314453125" lon="108.926975727081298828125">
        <ele>434.79998779296875</ele>
        <time>2026-09-12T12:00:24.000Z</time>
        <extensions>
          <ns3:TrackPointExtension>
            <ns3:hr>132</ns3:hr>
            <ns3:cad>85</ns3:cad>
          </ns3:TrackPointExtension>
        </extensions>
      </trkpt>
      <trkpt lat="34.18094658292829990386962890625" lon="108.926957286894321441650390625">
        <ele>434.79998779296875</ele>
        <time>2026-09-12T12:00:25.000Z</time>
        <extensions>
          <ns3:TrackPointExtension>
            <ns3:hr>133</ns3:hr>
            <ns3:cad>84</ns3:cad>
          </ns3:TrackPointExtension>
        </extensions>
      </trkpt>
      <trkpt lat="34.18096301145851612091064453125" lon="108.92693993635475635528564453125">
        <ele>434.79998779296875</ele>
        <time>2026-09-12T12:00:26.000Z</time>
        <extensions>
          <ns3:TrackPointExtension>
            <ns3:hr>133</ns3:hr>
            <ns3:cad>84</ns3:cad>
          </ns3:TrackPointExtension>
        </extensions>
      </trkpt>
      <trkpt lat="34.1809733211994171142578125" lon="108.9269266091287136077880859375">
        <ele>434.600006103515625</ele>
        <time>2026-09-12T12:00:27.000Z</time>
        <extensions>
          <ns3:TrackPointExtension>
            <ns3:hr>132</ns3:hr>
            <ns3:cad>84</ns3:cad>
          </ns3:TrackPointExtension>
        </extensions>
      </trkpt>
      <trkpt lat="34.18098128400743007659912109375" lon="108.926905654370784759521484375">
        <ele>434.600006103515625</ele>
        <time>2026-09-12T12:00:28.000Z</time>
        <extensions>
          <ns3:TrackPointExtension>
            <ns3:hr>133</ns3:hr>
            <ns3:cad>84</ns3:cad>
          </ns3:TrackPointExtension>
        </extensions>
      </trkpt>
      <trkpt lat="34.18098899535834789276123046875" lon="108.926888890564441680908203125">
        <ele>434.600006103515625</ele>
        <time>2026-09-12T12:00:29.000Z</time>
        <extensions>
          <ns3:TrackPointExtension>
            <ns3:hr>132</ns3:hr>
            <ns3:cad>85</ns3:cad>
          </ns3:TrackPointExtension>
        </extensions>
      </trkpt>
      <trkpt lat="34.1810036636888980865478515625" lon="108.9268632419407367706298828125">
        <ele>434.600006103515625</ele>
        <time>2026-09-12T12:00:30.000Z</time>
        <extensions>
          <ns3:TrackPointExtension>
            <ns3:hr>132</ns3:hr>
            <ns3:cad>86</ns3:cad>
          </ns3:TrackPointExtension>
        </extensions>
      </trkpt>
      <trkpt lat="34.18101690709590911865234375" lon="108.9268401078879833221435546875">
        <ele>434.399993896484375</ele>
        <time>2026-09-12T12:00:31.000Z</time>
        <extensions>
          <ns3:TrackPointExtension>
            <ns3:hr>132</ns3:hr>
            <ns3:cad>86</ns3:cad>
          </ns3:TrackPointExtension>
        </extensions>
      </trkpt>
      <trkpt lat="34.18103241361677646636962890625" lon="108.9268173091113567352294921875">
        <ele>434.399993896484375</ele>
        <time>2026-09-12T12:00:32.000Z</time>
        <extensions>
          <ns3:TrackPointExtension>
            <ns3:hr>133</ns3:hr>
            <ns3:cad>86</ns3:cad>
          </ns3:TrackPointExtension>
        </extensions>
      </trkpt>
      <trkpt lat="34.18104146607220172882080078125" lon="108.9268000423908233642578125">
        <ele>434.399993896484375</ele>
        <time>2026-09-12T12:00:33.000Z</time>
        <extensions>
          <ns3:TrackPointExtension>
            <ns3:hr>132</ns3:hr>
            <ns3:cad>85</ns3:cad>
          </ns3:TrackPointExtension>
        </extensions>
      </trkpt>
      <trkpt lat="34.18104968033730983734130859375" lon="108.9267839491367340087890625">
        <ele>434.20001220703125</ele>
        <time>2026-09-12T12:00:34.000Z</time>
        <extensions>
          <ns3:TrackPointExtension>
            <ns3:hr>132</ns3:hr>
            <ns3:cad>84</ns3:cad>
          </ns3:TrackPointExtension>
        </extensions>
      </trkpt>
      <trkpt lat="34.18105781078338623046875" lon="108.9267629943788051605224609375">
        <ele>434.20001220703125</ele>
        <time>2026-09-12T12:00:35.000Z</time>
        <extensions>
          <ns3:TrackPointExtension>
            <ns3:hr>133</ns3:hr>
            <ns3:cad>84</ns3:cad>
          </ns3:TrackPointExtension>
        </extensions>
      </trkpt>
      <trkpt lat="34.1810593195259571075439453125" lon="108.92674078233540058135986328125">
        <ele>434</ele>
        <time>2026-09-12T12:00:36.000Z</time>
        <extensions>
          <ns3:TrackPointExtension>
            <ns3:hr>133</ns3:hr>
            <ns3:cad>84</ns3:cad>
          </ns3:TrackPointExtension>
        </extensions>
      </trkpt>
      <trkpt lat="34.18106409721076488494873046875" lon="108.92672033049166202545166015625">
        <ele>434</ele>
        <time>2026-09-12T12:00:37.000Z</time>
        <extensions>
          <ns3:TrackPointExtension>
            <ns3:hr>133</ns3:hr>
            <ns3:cad>84</ns3:cad>
          </ns3:TrackPointExtension>
        </extensions>
      </trkpt>
      <trkpt lat="34.181072898209095001220703125" lon="108.9266912452876567840576171875">
        <ele>434</ele>
        <time>2026-09-12T12:00:38.000Z</time>
        <extensions>
          <ns3:TrackPointExtension>
            <ns3:hr>133</ns3:hr>
            <ns3:cad>83</ns3:cad>
          </ns3:TrackPointExtension>
        </extensions>
      </trkpt>
      <trkpt lat="34.1810734011232852935791015625" lon="108.9266728051006793975830078125">
        <ele>434</ele>
        <time>2026-09-12T12:00:39.000Z</time>
        <extensions>
          <ns3:TrackPointExtension>
            <ns3:hr>132</ns3:hr>
            <ns3:cad>82</ns3:cad>
          </ns3:TrackPointExtension>
        </extensions>
      </trkpt>
      <trkpt lat="34.1810797713696956634521484375" lon="108.926642127335071563720703125">
        <ele>433.79998779296875</ele>
        <time>2026-09-12T12:00:40.000Z</time>
        <extensions>
          <ns3:TrackPointExtension>
            <ns3:hr>133</ns3:hr>
            <ns3:cad>82</ns3:cad>
          </ns3:TrackPointExtension>
        </extensions>
      </trkpt>
      <trkpt lat="34.18107901699841022491455078125" lon="108.92661631107330322265625">
        <ele>433.79998779296875</ele>
        <time>2026-09-12T12:00:41.000Z</time>
        <extensions>
          <ns3:TrackPointExtension>
            <ns3:hr>133</ns3:hr>
            <ns3:cad>82</ns3:cad>
          </ns3:TrackPointExtension>
        </extensions>
      </trkpt>
      <trkpt lat="34.18107499368488788604736328125" lon="108.9265926741063594818115234375">
        <ele>433.79998779296875</ele>
        <time>2026-09-12T12:00:42.000Z</time>
        <extensions>
          <ns3:TrackPointExtension>
            <ns3:hr>133</ns3:hr>
            <ns3:cad>84</ns3:cad>
          </ns3:TrackPointExtension>
        </extensions>
      </trkpt>
      <trkpt lat="34.18107583187520503997802734375" lon="108.9265658520162105560302734375">
        <ele>433.600006103515625</ele>
        <time>2026-09-12T12:00:43.000Z</time>
        <extensions>
          <ns3:TrackPointExtension>
            <ns3:hr>132</ns3:hr>
            <ns3:cad>85</ns3:cad>
          </ns3:TrackPointExtension>
        </extensions>
      </trkpt>
      <trkpt lat="34.181078933179378509521484375" lon="108.92653995193541049957275390625">
        <ele>433.600006103515625</ele>
        <time>2026-09-12T12:00:44.000Z</time>
        <extensions>
          <ns3:TrackPointExtension>
            <ns3:hr>133</ns3:hr>
            <ns3:cad>85</ns3:cad>
          </ns3:TrackPointExtension>
        </extensions>
      </trkpt>
      <trkpt lat="34.1810837946832180023193359375" lon="108.926514051854610443115234375">
        <ele>433.399993896484375</ele>
        <time>2026-09-12T12:00:45.000Z</time>
        <extensions>
          <ns3:TrackPointExtension>
            <ns3:hr>133</ns3:hr>
            <ns3:cad>85</ns3:cad>
          </ns3:TrackPointExtension>
        </extensions>
      </trkpt>
      <trkpt lat="34.1810868121683597564697265625" lon="108.926495611667633056640625">
        <ele>433.399993896484375</ele>
        <time>2026-09-12T12:00:46.000Z</time>
        <extensions>
          <ns3:TrackPointExtension>
            <ns3:hr>133</ns3:hr>
            <ns3:cad>85</ns3:cad>
          </ns3:TrackPointExtension>
        </extensions>
      </trkpt>
      <trkpt lat="34.18109259568154811859130859375" lon="108.926464430987834930419921875">
        <ele>433.399993896484375</ele>
        <time>2026-09-12T12:00:47.000Z</time>
        <extensions>
          <ns3:TrackPointExtension>
            <ns3:hr>133</ns3:hr>
            <ns3:cad>85</ns3:cad>
          </ns3:TrackPointExtension>
        </extensions>
      </trkpt>
      <trkpt lat="34.18108932673931121826171875" lon="108.9264367707073688507080078125">
        <ele>433.399993896484375</ele>
        <time>2026-09-12T12:00:48.000Z</time>
        <extensions>
          <ns3:TrackPointExtension>
            <ns3:hr>132</ns3:hr>
            <ns3:cad>86</ns3:cad>
          </ns3:TrackPointExtension>
        </extensions>
      </trkpt>
      <trkpt lat="34.181078933179378509521484375" lon="108.92640852369368076324462890625">
        <ele>433.20001220703125</ele>
        <time>2026-09-12T12:00:49.000Z</time>
        <extensions>
          <ns3:TrackPointExtension>
            <ns3:hr>133</ns3:hr>
            <ns3:cad>86</ns3:cad>
          </ns3:TrackPointExtension>
        </extensions>
      </trkpt>
      <trkpt lat="34.18107264675199985504150390625" lon="108.92638237215578556060791015625">
        <ele>433.20001220703125</ele>
        <time>2026-09-12T12:00:50.000Z</time>
        <extensions>
          <ns3:TrackPointExtension>
            <ns3:hr>133</ns3:hr>
            <ns3:cad>86</ns3:cad>
          </ns3:TrackPointExtension>
        </extensions>
      </trkpt>
      <trkpt lat="34.1810645163059234619140625" lon="108.92636351287364959716796875">
        <ele>433.20001220703125</ele>
        <time>2026-09-12T12:00:51.000Z</time>
        <extensions>
          <ns3:TrackPointExtension>
            <ns3:hr>133</ns3:hr>
            <ns3:cad>85</ns3:cad>
          </ns3:TrackPointExtension>
        </extensions>
      </trkpt>
      <trkpt lat="34.18106426484882831573486328125" lon="108.9263351820409297943115234375">
        <ele>433.20001220703125</ele>
        <time>2026-09-12T12:00:52.000Z</time>
        <extensions>
          <ns3:TrackPointExtension>
            <ns3:hr>132</ns3:hr>
            <ns3:cad>85</ns3:cad>
          </ns3:TrackPointExtension>
        </extensions>
      </trkpt>
      <trkpt lat="34.18105571530759334564208984375" lon="108.926313221454620361328125">
        <ele>433.20001220703125</ele>
        <time>2026-09-12T12:00:53.000Z</time>
        <extensions>
          <ns3:TrackPointExtension>
            <ns3:hr>132</ns3:hr>
            <ns3:cad>85</ns3:cad>
          </ns3:TrackPointExtension>
        </extensions>
      </trkpt>
      <trkpt lat="34.18105303309857845306396484375" lon="108.9262862317264080047607421875">
        <ele>433.20001220703125</ele>
        <time>2026-09-12T12:00:54.000Z</time>
        <extensions>
          <ns3:TrackPointExtension>
            <ns3:hr>131</ns3:hr>
            <ns3:cad>84</ns3:cad>
          </ns3:TrackPointExtension>
        </extensions>
      </trkpt>
      <trkpt lat="34.1810576431453227996826171875" lon="108.926260583102703094482421875">
        <ele>433.20001220703125</ele>
        <time>2026-09-12T12:00:55.000Z</time>
        <extensions>
          <ns3:TrackPointExtension>
            <ns3:hr>131</ns3:hr>
            <ns3:cad>84</ns3:cad>
          </ns3:TrackPointExtension>
        </extensions>
      </trkpt>
      <trkpt lat="34.181063175201416015625" lon="108.92623870633542537689208984375">
        <ele>433</ele>
        <time>2026-09-12T12:00:56.000Z</time>
        <extensions>
          <ns3:TrackPointExtension>
            <ns3:hr>131</ns3:hr>
            <ns3:cad>84</ns3:cad>
          </ns3:TrackPointExtension>
        </extensions>
      </trkpt>
      <trkpt lat="34.1810633428394794464111328125" lon="108.92621255479753017425537109375">
        <ele>433</ele>
        <time>2026-09-12T12:00:57.000Z</time>
        <extensions>
          <ns3:TrackPointExtension>
            <ns3:hr>131</ns3:hr>
            <ns3:cad>85</ns3:cad>
          </ns3:TrackPointExtension>
        </extensions>
      </trkpt>
      <trkpt lat="34.181068874895572662353515625" lon="108.92618975602090358734130859375">
        <ele>433</ele>
        <time>2026-09-12T12:00:58.000Z</time>
        <extensions>
          <ns3:TrackPointExtension>
            <ns3:hr>131</ns3:hr>
            <ns3:cad>85</ns3:cad>
          </ns3:TrackPointExtension>
        </extensions>
      </trkpt>
      <trkpt lat="34.18107281439006328582763671875" lon="108.92615689896047115325927734375">
        <ele>432.79998779296875</ele>
        <time>2026-09-12T12:00:59.000Z</time>
        <extensions>
          <ns3:TrackPointExtension>
            <ns3:hr>131</ns3:hr>
            <ns3:cad>86</ns3:cad>
          </ns3:TrackPointExtension>
        </extensions>
      </trkpt>
      <trkpt lat="34.181078933179378509521484375" lon="108.92613527365028858184814453125">
        <ele>432.79998779296875</ele>
        <time>2026-09-12T12:01:00.000Z</time>
        <extensions>
          <ns3:TrackPointExtension>
            <ns3:hr>131</ns3:hr>
            <ns3:cad>86</ns3:cad>
          </ns3:TrackPointExtension>
        </extensions>
      </trkpt>
      <trkpt lat="34.18108371086418628692626953125" lon="108.92610157839953899383544921875">
        <ele>432.79998779296875</ele>
        <time>2026-09-12T12:01:01.000Z</time>
        <extensions>
          <ns3:TrackPointExtension>
            <ns3:hr>131</ns3:hr>
            <ns3:cad>86</ns3:cad>
          </ns3:TrackPointExtension>
        </extensions>
      </trkpt>
      <trkpt lat="34.1810859739780426025390625" lon="108.926075510680675506591796875">
        <ele>432.79998779296875</ele>
        <time>2026-09-12T12:01:02.000Z</time>
        <extensions>
          <ns3:TrackPointExtension>
            <ns3:hr>131</ns3:hr>
            <ns3:cad>87</ns3:cad>
          </ns3:TrackPointExtension>
        </extensions>
      </trkpt>
      <trkpt lat="34.1810911707580089569091796875" lon="108.92603435553610324859619140625">
        <ele>432.600006103515625</ele>
        <time>2026-09-12T12:01:03.000Z</time>
        <extensions>
          <ns3:TrackPointExtension>
            <ns3:hr>131</ns3:hr>
            <ns3:cad>88</ns3:cad>
          </ns3:TrackPointExtension>
        </extensions>
      </trkpt>
      <trkpt lat="34.18109737336635589599609375" lon="108.92600216902792453765869140625">
        <ele>432.600006103515625</ele>
        <time>2026-09-12T12:01:04.000Z</time>
        <extensions>
          <ns3:TrackPointExtension>
            <ns3:hr>132</ns3:hr>
            <ns3:cad>88</ns3:cad>
          </ns3:TrackPointExtension>
        </extensions>
      </trkpt>
      <trkpt lat="34.181105755269527435302734375" lon="108.92597802914679050445556640625">
        <ele>432.600006103515625</ele>
        <time>2026-09-12T12:01:05.000Z</time>
        <extensions>
          <ns3:TrackPointExtension>
            <ns3:hr>132</ns3:hr>
            <ns3:cad>88</ns3:cad>
          </ns3:TrackPointExtension>
        </extensions>
      </trkpt>
      <trkpt lat="34.18111346662044525146484375" lon="108.9259551465511322021484375">
        <ele>432.600006103515625</ele>
        <time>2026-09-12T12:01:06.000Z</time>
        <extensions>
          <ns3:TrackPointExtension>
            <ns3:hr>132</ns3:hr>
            <ns3:cad>88</ns3:cad>
          </ns3:TrackPointExtension>
        </extensions>
      </trkpt>
      <trkpt lat="34.18111405335366725921630859375" lon="108.92593226395547389984130859375">
        <ele>432.399993896484375</ele>
        <time>2026-09-12T12:01:07.000Z</time>
        <extensions>
          <ns3:TrackPointExtension>
            <ns3:hr>132</ns3:hr>
            <ns3:cad>88</ns3:cad>
          </ns3:TrackPointExtension>
        </extensions>
      </trkpt>
      <trkpt lat="34.181115143001079559326171875" lon="108.92590745352208614349365234375">
        <ele>432.399993896484375</ele>
        <time>2026-09-12T12:01:08.000Z</time>
        <extensions>
          <ns3:TrackPointExtension>
            <ns3:hr>132</ns3:hr>
            <ns3:cad>87</ns3:cad>
          </ns3:TrackPointExtension>
        </extensions>
      </trkpt>
      <trkpt lat="34.18110969476401805877685546875" lon="108.92589035443961620330810546875">
        <ele>432.20001220703125</ele>
        <time>2026-09-12T12:01:09.000Z</time>
        <extensions>
          <ns3:TrackPointExtension>
            <ns3:hr>133</ns3:hr>
            <ns3:cad>87</ns3:cad>
          </ns3:TrackPointExtension>
        </extensions>
      </trkpt>
      <trkpt lat="34.18110676109790802001953125" lon="108.9258574135601520538330078125">
        <ele>432.20001220703125</ele>
        <time>2026-09-12T12:01:10.000Z</time>
        <extensions>
          <ns3:TrackPointExtension>
            <ns3:hr>132</ns3:hr>
            <ns3:cad>87</ns3:cad>
          </ns3:TrackPointExtension>
        </extensions>
      </trkpt>
      <trkpt lat="34.18110634200274944305419921875" lon="108.92583419568836688995361328125">
        <ele>432</ele>
        <time>2026-09-12T12:01:11.000Z</time>
        <extensions>
          <ns3:TrackPointExtension>
            <ns3:hr>133</ns3:hr>
            <ns3:cad>86</ns3:cad>
          </ns3:TrackPointExtension>
        </extensions>
      </trkpt>
      <trkpt lat="34.18111120350658893585205078125" lon="108.925803601741790771484375">
        <ele>432</ele>
        <time>2026-09-12T12:01:12.000Z</time>
        <extensions>
          <ns3:TrackPointExtension>
            <ns3:hr>133</ns3:hr>
            <ns3:cad>85</ns3:cad>
          </ns3:TrackPointExtension>
        </extensions>
      </trkpt>
      <trkpt lat="34.18111355043947696685791015625" lon="108.925783149898052215576171875">
        <ele>431.79998779296875</ele>
        <time>2026-09-12T12:01:13.000Z</time>
        <extensions>
          <ns3:TrackPointExtension>
            <ns3:hr>133</ns3:hr>
            <ns3:cad>85</ns3:cad>
          </ns3:TrackPointExtension>
        </extensions>
      </trkpt>
      <trkpt lat="34.18111589737236499786376953125" lon="108.925755321979522705078125">
        <ele>431.79998779296875</ele>
        <time>2026-09-12T12:01:14.000Z</time>
        <extensions>
          <ns3:TrackPointExtension>
            <ns3:hr>132</ns3:hr>
            <ns3:cad>86</ns3:cad>
          </ns3:TrackPointExtension>
        </extensions>
      </trkpt>
      <trkpt lat="34.18112277053296566009521484375" lon="108.9257296733558177947998046875">
        <ele>431.79998779296875</ele>
        <time>2026-09-12T12:01:15.000Z</time>
        <extensions>
          <ns3:TrackPointExtension>
            <ns3:hr>133</ns3:hr>
            <ns3:cad>86</ns3:cad>
          </ns3:TrackPointExtension>
        </extensions>
      </trkpt>
      <trkpt lat="34.18112687766551971435546875" lon="108.92570561729371547698974609375">
        <ele>431.79998779296875</ele>
        <time>2026-09-12T12:01:16.000Z</time>
        <extensions>
          <ns3:TrackPointExtension>
            <ns3:hr>133</ns3:hr>
            <ns3:cad>86</ns3:cad>
          </ns3:TrackPointExtension>
        </extensions>
      </trkpt>
      <trkpt lat="34.18113383464515209197998046875" lon="108.9256756938993930816650390625">
        <ele>431.79998779296875</ele>
        <time>2026-09-12T12:01:17.000Z</time>
        <extensions>
          <ns3:TrackPointExtension>
            <ns3:hr>133</ns3:hr>
            <ns3:cad>86</ns3:cad>
          </ns3:TrackPointExtension>
        </extensions>
      </trkpt>
      <trkpt lat="34.181135594844818115234375" lon="108.92565180547535419464111328125">
        <ele>431.79998779296875</ele>
        <time>2026-09-12T12:01:18.000Z</time>
        <extensions>
          <ns3:TrackPointExtension>
            <ns3:hr>133</ns3:hr>
            <ns3:cad>87</ns3:cad>
          </ns3:TrackPointExtension>
        </extensions>
      </trkpt>
      <trkpt lat="34.1811428032815456390380859375" lon="108.92562531866133213043212890625">
        <ele>431.600006103515625</ele>
        <time>2026-09-12T12:01:19.000Z</time>
        <extensions>
          <ns3:TrackPointExtension>
            <ns3:hr>133</ns3:hr>
            <ns3:cad>87</ns3:cad>
          </ns3:TrackPointExtension>
        </extensions>
      </trkpt>
      <trkpt lat="34.18114389292895793914794921875" lon="108.92560687847435474395751953125">
        <ele>431.600006103515625</ele>
        <time>2026-09-12T12:01:20.000Z</time>
        <extensions>
          <ns3:TrackPointExtension>
            <ns3:hr>134</ns3:hr>
            <ns3:cad>87</ns3:cad>
          </ns3:TrackPointExtension>
        </extensions>
      </trkpt>
      <trkpt lat="34.181147329509258270263671875" lon="108.92557888291776180267333984375">
        <ele>431.399993896484375</ele>
        <time>2026-09-12T12:01:21.000Z</time>
        <extensions>
          <ns3:TrackPointExtension>
            <ns3:hr>135</ns3:hr>
            <ns3:cad>87</ns3:cad>
          </ns3:TrackPointExtension>
        </extensions>
      </trkpt>
      <trkpt lat="34.18114976026117801666259765625" lon="108.92556153237819671630859375">
        <ele>431.399993896484375</ele>
        <time>2026-09-12T12:01:22.000Z</time>
        <extensions>
          <ns3:TrackPointExtension>
            <ns3:hr>135</ns3:hr>
            <ns3:cad>87</ns3:cad>
          </ns3:TrackPointExtension>
        </extensions>
      </trkpt>
      <trkpt lat="34.181150011718273162841796875" lon="108.9255382306873798370361328125">
        <ele>431.399993896484375</ele>
        <time>2026-09-12T12:01:23.000Z</time>
        <extensions>
          <ns3:TrackPointExtension>
            <ns3:hr>135</ns3:hr>
            <ns3:cad>87</ns3:cad>
          </ns3:TrackPointExtension>
        </extensions>
      </trkpt>
      <trkpt lat="34.18114774860441684722900390625" lon="108.9255090616643428802490234375">
        <ele>431.399993896484375</ele>
        <time>2026-09-12T12:01:24.000Z</time>
        <extensions>
          <ns3:TrackPointExtension>
            <ns3:hr>135</ns3:hr>
            <ns3:cad>87</ns3:cad>
          </ns3:TrackPointExtension>
        </extensions>
      </trkpt>
      <trkpt lat="34.18114707805216312408447265625" lon="108.92548643052577972412109375">
        <ele>431.20001220703125</ele>
        <time>2026-09-12T12:01:25.000Z</time>
        <extensions>
          <ns3:TrackPointExtension>
            <ns3:hr>134</ns3:hr>
            <ns3:cad>87</ns3:cad>
          </ns3:TrackPointExtension>
        </extensions>
      </trkpt>
      <trkpt lat="34.181150682270526885986328125" lon="108.92545147798955440521240234375">
        <ele>431.20001220703125</ele>
        <time>2026-09-12T12:01:26.000Z</time>
        <extensions>
          <ns3:TrackPointExtension>
            <ns3:hr>135</ns3:hr>
            <ns3:cad>86</ns3:cad>
          </ns3:TrackPointExtension>
        </extensions>
      </trkpt>
      <trkpt lat="34.18115227483212947845458984375" lon="108.92542700283229351043701171875">
        <ele>431</ele>
        <time>2026-09-12T12:01:27.000Z</time>
        <extensions>
          <ns3:TrackPointExtension>
            <ns3:hr>134</ns3:hr>
            <ns3:cad>86</ns3:cad>
          </ns3:TrackPointExtension>
        </extensions>
      </trkpt>
      <trkpt lat="34.18115814216434955596923828125" lon="108.92539598979055881500244140625">
        <ele>431</ele>
        <time>2026-09-12T12:01:28.000Z</time>
        <extensions>
          <ns3:TrackPointExtension>
            <ns3:hr>134</ns3:hr>
            <ns3:cad>86</ns3:cad>
          </ns3:TrackPointExtension>
        </extensions>
      </trkpt>
      <trkpt lat="34.181156717240810394287109375" lon="108.925371430814266204833984375">
        <ele>431</ele>
        <time>2026-09-12T12:01:29.000Z</time>
        <extensions>
          <ns3:TrackPointExtension>
            <ns3:hr>134</ns3:hr>
            <ns3:cad>86</ns3:cad>
          </ns3:TrackPointExtension>
        </extensions>
      </trkpt>
      <trkpt lat="34.18115680105984210968017578125" lon="108.92534159123897552490234375">
        <ele>430.79998779296875</ele>
        <time>2026-09-12T12:01:30.000Z</time>
        <extensions>
          <ns3:TrackPointExtension>
            <ns3:hr>134</ns3:hr>
            <ns3:cad>86</ns3:cad>
          </ns3:TrackPointExtension>
        </extensions>
      </trkpt>
      <trkpt lat="34.181147329509258270263671875" lon="108.92532239668071269989013671875">
        <ele>430.79998779296875</ele>
        <time>2026-09-12T12:01:31.000Z</time>
        <extensions>
          <ns3:TrackPointExtension>
            <ns3:hr>134</ns3:hr>
            <ns3:cad>86</ns3:cad>
          </ns3:TrackPointExtension>
        </extensions>
      </trkpt>
      <trkpt lat="34.18114364147186279296875" lon="108.925297670066356658935546875">
        <ele>430.79998779296875</ele>
        <time>2026-09-12T12:01:32.000Z</time>
        <extensions>
          <ns3:TrackPointExtension>
            <ns3:hr>134</ns3:hr>
            <ns3:cad>86</ns3:cad>
          </ns3:TrackPointExtension>
        </extensions>
      </trkpt>
      <trkpt lat="34.18114573694765567779541015625" lon="108.92527185380458831787109375">
        <ele>430.600006103515625</ele>
        <time>2026-09-12T12:01:33.000Z</time>
        <extensions>
          <ns3:TrackPointExtension>
            <ns3:hr>133</ns3:hr>
            <ns3:cad>86</ns3:cad>
          </ns3:TrackPointExtension>
        </extensions>
      </trkpt>
      <trkpt lat="34.1811461560428142547607421875" lon="108.92524763010442256927490234375">
        <ele>430.600006103515625</ele>
        <time>2026-09-12T12:01:34.000Z</time>
        <extensions>
          <ns3:TrackPointExtension>
            <ns3:hr>133</ns3:hr>
            <ns3:cad>86</ns3:cad>
          </ns3:TrackPointExtension>
        </extensions>
      </trkpt>
      <trkpt lat="34.181149341166019439697265625" lon="108.92521552741527557373046875">
        <ele>430.600006103515625</ele>
        <time>2026-09-12T12:01:35.000Z</time>
        <extensions>
          <ns3:TrackPointExtension>
            <ns3:hr>133</ns3:hr>
            <ns3:cad>86</ns3:cad>
          </ns3:TrackPointExtension>
        </extensions>
      </trkpt>
      <trkpt lat="34.18114959262311458587646484375" lon="108.92518744803965091705322265625">
        <ele>430.600006103515625</ele>
        <time>2026-09-12T12:01:36.000Z</time>
        <extensions>
          <ns3:TrackPointExtension>
            <ns3:hr>134</ns3:hr>
            <ns3:cad>86</ns3:cad>
          </ns3:TrackPointExtension>
        </extensions>
      </trkpt>
      <trkpt lat="34.1811491735279560089111328125" lon="108.92516079358756542205810546875">
        <ele>430.399993896484375</ele>
        <time>2026-09-12T12:01:37.000Z</time>
        <extensions>
          <ns3:TrackPointExtension>
            <ns3:hr>133</ns3:hr>
            <ns3:cad>86</ns3:cad>
          </ns3:TrackPointExtension>
        </extensions>
      </trkpt>
      <trkpt lat="34.181149341166019439697265625" lon="108.9251322112977504730224609375">
        <ele>430.399993896484375</ele>
        <time>2026-09-12T12:01:38.000Z</time>
        <extensions>
          <ns3:TrackPointExtension>
            <ns3:hr>133</ns3:hr>
            <ns3:cad>86</ns3:cad>
          </ns3:TrackPointExtension>
        </extensions>
      </trkpt>
      <trkpt lat="34.1811488382518291473388671875" lon="108.92510287463665008544921875">
        <ele>430.20001220703125</ele>
        <time>2026-09-12T12:01:39.000Z</time>
        <extensions>
          <ns3:TrackPointExtension>
            <ns3:hr>134</ns3:hr>
            <ns3:cad>86</ns3:cad>
          </ns3:TrackPointExtension>
        </extensions>
      </trkpt>
      <trkpt lat="34.18114691041409969329833984375" lon="108.9250780642032623291015625">
        <ele>430.20001220703125</ele>
        <time>2026-09-12T12:01:40.000Z</time>
        <extensions>
          <ns3:TrackPointExtension>
            <ns3:hr>133</ns3:hr>
            <ns3:cad>86</ns3:cad>
          </ns3:TrackPointExtension>
        </extensions>
      </trkpt>
      <trkpt lat="34.18114473111927509307861328125" lon="108.92505132593214511871337890625">
        <ele>430.20001220703125</ele>
        <time>2026-09-12T12:01:41.000Z</time>
        <extensions>
          <ns3:TrackPointExtension>
            <ns3:hr>133</ns3:hr>
            <ns3:cad>86</ns3:cad>
          </ns3:TrackPointExtension>
        </extensions>
      </trkpt>
      <trkpt lat="34.1811461560428142547607421875" lon="108.92502081580460071563720703125">
        <ele>430</ele>
        <time>2026-09-12T12:01:42.000Z</time>
        <extensions>
          <ns3:TrackPointExtension>
            <ns3:hr>134</ns3:hr>
            <ns3:cad>86</ns3:cad>
          </ns3:TrackPointExtension>
        </extensions>
      </trkpt>
      <trkpt lat="34.18114255182445049285888671875" lon="108.92499625682830810546875">
        <ele>430</ele>
        <time>2026-09-12T12:01:43.000Z</time>
        <extensions>
          <ns3:TrackPointExtension>
            <ns3:hr>133</ns3:hr>
            <ns3:cad>86</ns3:cad>
          </ns3:TrackPointExtension>
        </extensions>
      </trkpt>
      <trkpt lat="34.1811441443860530853271484375" lon="108.92496071755886077880859375">
        <ele>430</ele>
        <time>2026-09-12T12:01:44.000Z</time>
        <extensions>
          <ns3:TrackPointExtension>
            <ns3:hr>133</ns3:hr>
            <ns3:cad>86</ns3:cad>
          </ns3:TrackPointExtension>
        </extensions>
      </trkpt>
      <trkpt lat="34.1811474971473217010498046875" lon="108.9249340631067752838134765625">
        <ele>430</ele>
        <time>2026-09-12T12:01:45.000Z</time>
        <extensions>
          <ns3:TrackPointExtension>
            <ns3:hr>133</ns3:hr>
            <ns3:cad>87</ns3:cad>
          </ns3:TrackPointExtension>
        </extensions>
      </trkpt>
      <trkpt lat="34.1811474971473217010498046875" lon="108.92490145750343799591064453125">
        <ele>429.79998779296875</ele>
        <time>2026-09-12T12:01:46.000Z</time>
        <extensions>
          <ns3:TrackPointExtension>
            <ns3:hr>133</ns3:hr>
            <ns3:cad>87</ns3:cad>
          </ns3:TrackPointExtension>
        </extensions>
      </trkpt>
      <trkpt lat="34.181150011718273162841796875" lon="108.9248784072697162628173828125">
        <ele>429.79998779296875</ele>
        <time>2026-09-12T12:01:47.000Z</time>
        <extensions>
          <ns3:TrackPointExtension>
            <ns3:hr>133</ns3:hr>
            <ns3:cad>87</ns3:cad>
          </ns3:TrackPointExtension>
        </extensions>
      </trkpt>
      <trkpt lat="34.18115177191793918609619140625" lon="108.92484538257122039794921875">
        <ele>429.79998779296875</ele>
        <time>2026-09-12T12:01:48.000Z</time>
        <extensions>
          <ns3:TrackPointExtension>
            <ns3:hr>133</ns3:hr>
            <ns3:cad>87</ns3:cad>
          </ns3:TrackPointExtension>
        </extensions>
      </trkpt>
      <trkpt lat="34.18115529231727123260498046875" lon="108.92481478862464427947998046875">
        <ele>429.600006103515625</ele>
        <time>2026-09-12T12:01:49.000Z</time>
        <extensions>
          <ns3:TrackPointExtension>
            <ns3:hr>133</ns3:hr>
            <ns3:cad>87</ns3:cad>
          </ns3:TrackPointExtension>
        </extensions>
      </trkpt>
      <trkpt lat="34.18116250075399875640869140625" lon="108.9247868768870830535888671875">
        <ele>429.600006103515625</ele>
        <time>2026-09-12T12:01:50.000Z</time>
        <extensions>
          <ns3:TrackPointExtension>
            <ns3:hr>133</ns3:hr>
            <ns3:cad>87</ns3:cad>
          </ns3:TrackPointExtension>
        </extensions>
      </trkpt>
      <trkpt lat="34.181173145771026611328125" lon="108.9247550256550312042236328125">
        <ele>429.600006103515625</ele>
        <time>2026-09-12T12:01:51.000Z</time>
        <extensions>
          <ns3:TrackPointExtension>
            <ns3:hr>133</ns3:hr>
            <ns3:cad>86</ns3:cad>
          </ns3:TrackPointExtension>
        </extensions>
      </trkpt>
      <trkpt lat="34.18117641471326351165771484375" lon="108.92473231069743633270263671875">
        <ele>429.600006103515625</ele>
        <time>2026-09-12T12:01:52.000Z</time>
        <extensions>
          <ns3:TrackPointExtension>
            <ns3:hr>132</ns3:hr>
            <ns3:cad>86</ns3:cad>
          </ns3:TrackPointExtension>
        </extensions>
      </trkpt>
      <trkpt lat="34.18118664063513278961181640625" lon="108.9246963523328304290771484375">
        <ele>429.399993896484375</ele>
        <time>2026-09-12T12:01:53.000Z</time>
        <extensions>
          <ns3:TrackPointExtension>
            <ns3:hr>132</ns3:hr>
            <ns3:cad>86</ns3:cad>
          </ns3:TrackPointExtension>
        </extensions>
      </trkpt>
      <trkpt lat="34.1811894066631793975830078125" lon="108.92467028461396694183349609375">
        <ele>429.399993896484375</ele>
        <time>2026-09-12T12:01:54.000Z</time>
        <extensions>
          <ns3:TrackPointExtension>
            <ns3:hr>132</ns3:hr>
            <ns3:cad>86</ns3:cad>
          </ns3:TrackPointExtension>
        </extensions>
      </trkpt>
      <trkpt lat="34.1811917535960674285888671875" lon="108.92463742755353450775146484375">
        <ele>429.399993896484375</ele>
        <time>2026-09-12T12:01:55.000Z</time>
        <extensions>
          <ns3:TrackPointExtension>
            <ns3:hr>132</ns3:hr>
            <ns3:cad>86</ns3:cad>
          </ns3:TrackPointExtension>
        </extensions>
      </trkpt>
      <trkpt lat="34.1812011413276195526123046875" lon="108.924609683454036712646484375">
        <ele>429.20001220703125</ele>
        <time>2026-09-12T12:01:56.000Z</time>
        <extensions>
          <ns3:TrackPointExtension>
            <ns3:hr>132</ns3:hr>
            <ns3:cad>86</ns3:cad>
          </ns3:TrackPointExtension>
        </extensions>
      </trkpt>
      <trkpt lat="34.181204326450824737548828125" lon="108.9245863817632198333740234375">
        <ele>429.20001220703125</ele>
        <time>2026-09-12T12:01:57.000Z</time>
        <extensions>
          <ns3:TrackPointExtension>
            <ns3:hr>132</ns3:hr>
            <ns3:cad>86</ns3:cad>
          </ns3:TrackPointExtension>
        </extensions>
      </trkpt>
      <trkpt lat="34.18120407499372959136962890625" lon="108.924558721482753753662109375">
        <ele>429.20001220703125</ele>
        <time>2026-09-12T12:01:58.000Z</time>
        <extensions>
          <ns3:TrackPointExtension>
            <ns3:hr>132</ns3:hr>
            <ns3:cad>86</ns3:cad>
          </ns3:TrackPointExtension>
        </extensions>
      </trkpt>
      <trkpt lat="34.18119636364281177520751953125" lon="108.92454422079026699066162109375">
        <ele>429.20001220703125</ele>
        <time>2026-09-12T12:01:59.000Z</time>
        <extensions>
          <ns3:TrackPointExtension>
            <ns3:hr>132</ns3:hr>
            <ns3:cad>86</ns3:cad>
          </ns3:TrackPointExtension>
        </extensions>
      </trkpt>
      <trkpt lat="34.18118261732161045074462890625" lon="108.9245233498513698577880859375">
        <ele>429</ele>
        <time>2026-09-12T12:02:00.000Z</time>
        <extensions>
          <ns3:TrackPointExtension>
            <ns3:hr>132</ns3:hr>
            <ns3:cad>86</ns3:cad>
          </ns3:TrackPointExtension>
        </extensions>
      </trkpt>
      <trkpt lat="34.1811713017523288726806640625" lon="108.9245112799108028411865234375">
        <ele>429</ele>
        <time>2026-09-12T12:02:01.000Z</time>
        <extensions>
          <ns3:TrackPointExtension>
            <ns3:hr>133</ns3:hr>
            <ns3:cad>86</ns3:cad>
          </ns3:TrackPointExtension>
        </extensions>
      </trkpt>
      <trkpt lat="34.18115629814565181732177734375" lon="108.92450398765504360198974609375">
        <ele>429</ele>
        <time>2026-09-12T12:02:02.000Z</time>
        <extensions>
          <ns3:TrackPointExtension>
            <ns3:hr>132</ns3:hr>
            <ns3:cad>85</ns3:cad>
          </ns3:TrackPointExtension>
        </extensions>
      </trkpt>
      <trkpt lat="34.1811394505202770233154296875" lon="108.92449577338993549346923828125">
        <ele>429</ele>
        <time>2026-09-12T12:02:03.000Z</time>
        <extensions>
          <ns3:TrackPointExtension>
            <ns3:hr>132</ns3:hr>
            <ns3:cad>85</ns3:cad>
          </ns3:TrackPointExtension>
        </extensions>
      </trkpt>
      <trkpt lat="34.18112444691359996795654296875" lon="108.92449158243834972381591796875">
        <ele>429</ele>
        <time>2026-09-12T12:02:04.000Z</time>
        <extensions>
          <ns3:TrackPointExtension>
            <ns3:hr>133</ns3:hr>
            <ns3:cad>85</ns3:cad>
          </ns3:TrackPointExtension>
        </extensions>
      </trkpt>
      <trkpt lat="34.1811079345643520355224609375" lon="108.9244780875742435455322265625">
        <ele>428.79998779296875</ele>
        <time>2026-09-12T12:02:05.000Z</time>
        <extensions>
          <ns3:TrackPointExtension>
            <ns3:hr>132</ns3:hr>
            <ns3:cad>85</ns3:cad>
          </ns3:TrackPointExtension>
        </extensions>
      </trkpt>
      <trkpt lat="34.18109544552862644195556640625" lon="108.92447498627007007598876953125">
        <ele>429</ele>
        <time>2026-09-12T12:02:06.000Z</time>
        <extensions>
          <ns3:TrackPointExtension>
            <ns3:hr>132</ns3:hr>
            <ns3:cad>85</ns3:cad>
          </ns3:TrackPointExtension>
        </extensions>
      </trkpt>
      <trkpt lat="34.18107834644615650177001953125" lon="108.9244670234620571136474609375">
        <ele>429</ele>
        <time>2026-09-12T12:02:07.000Z</time>
        <extensions>
          <ns3:TrackPointExtension>
            <ns3:hr>133</ns3:hr>
            <ns3:cad>85</ns3:cad>
          </ns3:TrackPointExtension>
        </extensions>
      </trkpt>
      <trkpt lat="34.1810680367052555084228515625" lon="108.92445738427340984344482421875">
        <ele>429</ele>
        <time>2026-09-12T12:02:08.000Z</time>
        <extensions>
          <ns3:TrackPointExtension>
            <ns3:hr>132</ns3:hr>
            <ns3:cad>85</ns3:cad>
          </ns3:TrackPointExtension>
        </extensions>
      </trkpt>
      <trkpt lat="34.18105454184114933013916015625" lon="108.92445621080696582794189453125">
        <ele>429</ele>
        <time>2026-09-12T12:02:09.000Z</time>
        <extensions>
          <ns3:TrackPointExtension>
            <ns3:hr>132</ns3:hr>
            <ns3:cad>85</ns3:cad>
          </ns3:TrackPointExtension>
        </extensions>
      </trkpt>
      <trkpt lat="34.18105177581310272216796875" lon="108.9244321547448635101318359375">
        <ele>429</ele>
        <time>2026-09-12T12:02:10.000Z</time>
        <extensions>
          <ns3:TrackPointExtension>
            <ns3:hr>132</ns3:hr>
            <ns3:cad>84</ns3:cad>
          </ns3:TrackPointExtension>
        </extensions>
      </trkpt>
      <trkpt lat="34.1810663603246212005615234375" lon="108.924422599375247955322265625">
        <ele>428.79998779296875</ele>
        <time>2026-09-12T12:02:11.000Z</time>
        <extensions>
          <ns3:TrackPointExtension>
            <ns3:hr>132</ns3:hr>
            <ns3:cad>84</ns3:cad>
          </ns3:TrackPointExtension>
        </extensions>
      </trkpt>
      <trkpt lat="34.18108739890158176422119140625" lon="108.92441832460463047027587890625">
        <ele>428.79998779296875</ele>
        <time>2026-09-12T12:02:12.000Z</time>
        <extensions>
          <ns3:TrackPointExtension>
            <ns3:hr>133</ns3:hr>
            <ns3:cad>84</ns3:cad>
          </ns3:TrackPointExtension>
        </extensions>
      </trkpt>
      <trkpt lat="34.1811106167733669281005859375" lon="108.92443072982132434844970703125">
        <ele>428.79998779296875</ele>
        <time>2026-09-12T12:02:13.000Z</time>
        <extensions>
          <ns3:TrackPointExtension>
            <ns3:hr>132</ns3:hr>
            <ns3:cad>83</ns3:cad>
          </ns3:TrackPointExtension>
        </extensions>
      </trkpt>
      <trkpt lat="34.1811303980648517608642578125" lon="108.924436680972576141357421875">
        <ele>428.79998779296875</ele>
        <time>2026-09-12T12:02:14.000Z</time>
        <extensions>
          <ns3:TrackPointExtension>
            <ns3:hr>132</ns3:hr>
            <ns3:cad>83</ns3:cad>
          </ns3:TrackPointExtension>
        </extensions>
      </trkpt>
      <trkpt lat="34.1811555437743663787841796875" lon="108.92444707453250885009765625">
        <ele>428.600006103515625</ele>
        <time>2026-09-12T12:02:15.000Z</time>
        <extensions>
          <ns3:TrackPointExtension>
            <ns3:hr>132</ns3:hr>
            <ns3:cad>82</ns3:cad>
          </ns3:TrackPointExtension>
        </extensions>
      </trkpt>
      <trkpt lat="34.181173481047153472900390625" lon="108.9244477450847625732421875">
        <ele>428.79998779296875</ele>
        <time>2026-09-12T12:02:16.000Z</time>
        <extensions>
          <ns3:TrackPointExtension>
            <ns3:hr>131</ns3:hr>
            <ns3:cad>83</ns3:cad>
          </ns3:TrackPointExtension>
        </extensions>
      </trkpt>
      <trkpt lat="34.18120357207953929901123046875" lon="108.92444045282900333404541015625">
        <ele>428.79998779296875</ele>
        <time>2026-09-12T12:02:17.000Z</time>
        <extensions>
          <ns3:TrackPointExtension>
            <ns3:hr>132</ns3:hr>
            <ns3:cad>84</ns3:cad>
          </ns3:TrackPointExtension>
        </extensions>
      </trkpt>
      <trkpt lat="34.18122067116200923919677734375" lon="108.9244314841926097869873046875">
        <ele>428.600006103515625</ele>
        <time>2026-09-12T12:02:18.000Z</time>
        <extensions>
          <ns3:TrackPointExtension>
            <ns3:hr>132</ns3:hr>
            <ns3:cad>85</ns3:cad>
          </ns3:TrackPointExtension>
        </extensions>
      </trkpt>
      <trkpt lat="34.18123492039740085601806640625" lon="108.9244120381772518157958984375">
        <ele>428.600006103515625</ele>
        <time>2026-09-12T12:02:19.000Z</time>
        <extensions>
          <ns3:TrackPointExtension>
            <ns3:hr>132</ns3:hr>
            <ns3:cad>85</ns3:cad>
          </ns3:TrackPointExtension>
        </extensions>
      </trkpt>
      <trkpt lat="34.1812484152615070343017578125" lon="108.9243932627141475677490234375">
        <ele>428.600006103515625</ele>
        <time>2026-09-12T12:02:20.000Z</time>
        <extensions>
          <ns3:TrackPointExtension>
            <ns3:hr>131</ns3:hr>
            <ns3:cad>86</ns3:cad>
          </ns3:TrackPointExtension>
        </extensions>
      </trkpt>
      <trkpt lat="34.18125185184180736541748046875" lon="108.92437398433685302734375">
        <ele>428.600006103515625</ele>
        <time>2026-09-12T12:02:21.000Z</time>
        <extensions>
          <ns3:TrackPointExtension>
            <ns3:hr>131</ns3:hr>
            <ns3:cad>86</ns3:cad>
          </ns3:TrackPointExtension>
        </extensions>
      </trkpt>
      <trkpt lat="34.18126308359205722808837890625" lon="108.92434204928576946258544921875">
        <ele>428.600006103515625</ele>
        <time>2026-09-12T12:02:22.000Z</time>
        <extensions>
          <ns3:TrackPointExtension>
            <ns3:hr>131</ns3:hr>
            <ns3:cad>85</ns3:cad>
          </ns3:TrackPointExtension>
        </extensions>
      </trkpt>
      <trkpt lat="34.18127096258103847503662109375" lon="108.92432008869946002960205078125">
        <ele>428.399993896484375</ele>
        <time>2026-09-12T12:02:23.000Z</time>
        <extensions>
          <ns3:TrackPointExtension>
            <ns3:hr>131</ns3:hr>
            <ns3:cad>85</ns3:cad>
          </ns3:TrackPointExtension>
        </extensions>
      </trkpt>
      <trkpt lat="34.18127146549522876739501953125" lon="108.92428890801966190338134765625">
        <ele>428.399993896484375</ele>
        <time>2026-09-12T12:02:24.000Z</time>
        <extensions>
          <ns3:TrackPointExtension>
            <ns3:hr>130</ns3:hr>
            <ns3:cad>85</ns3:cad>
          </ns3:TrackPointExtension>
        </extensions>
      </trkpt>
      <trkpt lat="34.18127347715198993682861328125" lon="108.92426258884370326995849609375">
        <ele>428.20001220703125</ele>
        <time>2026-09-12T12:02:25.000Z</time>
        <extensions>
          <ns3:TrackPointExtension>
            <ns3:hr>130</ns3:hr>
            <ns3:cad>85</ns3:cad>
          </ns3:TrackPointExtension>
        </extensions>
      </trkpt>
      <trkpt lat="34.181270711123943328857421875" lon="108.92423811368644237518310546875">
        <ele>428.20001220703125</ele>
        <time>2026-09-12T12:02:26.000Z</time>
        <extensions>
          <ns3:TrackPointExtension>
            <ns3:hr>130</ns3:hr>
            <ns3:cad>83</ns3:cad>
          </ns3:TrackPointExtension>
        </extensions>
      </trkpt>
      <trkpt lat="34.18126760981976985931396484375" lon="108.92420575954020023345947265625">
        <ele>428</ele>
        <time>2026-09-12T12:02:27.000Z</time>
        <extensions>
          <ns3:TrackPointExtension>
            <ns3:hr>130</ns3:hr>
            <ns3:cad>84</ns3:cad>
          </ns3:TrackPointExtension>
        </extensions>
      </trkpt>
      <trkpt lat="34.18126207776367664337158203125" lon="108.924184553325176239013671875">
        <ele>428</ele>
        <time>2026-09-12T12:02:28.000Z</time>
        <extensions>
          <ns3:TrackPointExtension>
            <ns3:hr>130</ns3:hr>
            <ns3:cad>84</ns3:cad>
          </ns3:TrackPointExtension>
        </extensions>
      </trkpt>
      <trkpt lat="34.18125017546117305755615234375" lon="108.92416167072951793670654296875">
        <ele>428</ele>
        <time>2026-09-12T12:02:29.000Z</time>
        <extensions>
          <ns3:TrackPointExtension>
            <ns3:hr>130</ns3:hr>
            <ns3:cad>84</ns3:cad>
          </ns3:TrackPointExtension>
        </extensions>
      </trkpt>
      <trkpt lat="34.1812373511493206024169921875" lon="108.92414272762835025787353515625">
        <ele>427.79998779296875</ele>
        <time>2026-09-12T12:02:30.000Z</time>
        <extensions>
          <ns3:TrackPointExtension>
            <ns3:hr>129</ns3:hr>
            <ns3:cad>84</ns3:cad>
          </ns3:TrackPointExtension>
        </extensions>
      </trkpt>
      <trkpt lat="34.1812266223132610321044921875" lon="108.92413049004971981048583984375">
        <ele>427.79998779296875</ele>
        <time>2026-09-12T12:02:31.000Z</time>
        <extensions>
          <ns3:TrackPointExtension>
            <ns3:hr>130</ns3:hr>
            <ns3:cad>84</ns3:cad>
          </ns3:TrackPointExtension>
        </extensions>
      </trkpt>
      <trkpt lat="34.1812249459326267242431640625" lon="108.92410769127309322357177734375">
        <ele>427.79998779296875</ele>
        <time>2026-09-12T12:02:32.000Z</time>
        <extensions>
          <ns3:TrackPointExtension>
            <ns3:hr>130</ns3:hr>
            <ns3:cad>84</ns3:cad>
          </ns3:TrackPointExtension>
        </extensions>
      </trkpt>
      <trkpt lat="34.1812279634177684783935546875" lon="108.92409478314220905303955078125">
        <ele>427.600006103515625</ele>
        <time>2026-09-12T12:02:33.000Z</time>
        <extensions>
          <ns3:TrackPointExtension>
            <ns3:hr>129</ns3:hr>
            <ns3:cad>84</ns3:cad>
          </ns3:TrackPointExtension>
        </extensions>
      </trkpt>
      <trkpt lat="34.1812241077423095703125" lon="108.92408204264938831329345703125">
        <ele>427.600006103515625</ele>
        <time>2026-09-12T12:02:34.000Z</time>
        <extensions>
          <ns3:TrackPointExtension>
            <ns3:hr>129</ns3:hr>
            <ns3:cad>84</ns3:cad>
          </ns3:TrackPointExtension>
        </extensions>
      </trkpt>
      <trkpt lat="34.18121279217302799224853515625" lon="108.9240682125091552734375">
        <ele>427.399993896484375</ele>
        <time>2026-09-12T12:02:35.000Z</time>
        <extensions>
          <ns3:TrackPointExtension>
            <ns3:hr>130</ns3:hr>
            <ns3:cad>83</ns3:cad>
          </ns3:TrackPointExtension>
        </extensions>
      </trkpt>
      <trkpt lat="34.18120793066918849945068359375" lon="108.92406159080564975738525390625">
        <ele>427.399993896484375</ele>
        <time>2026-09-12T12:02:36.000Z</time>
        <extensions>
          <ns3:TrackPointExtension>
            <ns3:hr>130</ns3:hr>
            <ns3:cad>83</ns3:cad>
          </ns3:TrackPointExtension>
        </extensions>
      </trkpt>
      <trkpt lat="34.18121027760207653045654296875" lon="108.924062512814998626708984375">
        <ele>427.399993896484375</ele>
        <time>2026-09-12T12:02:37.000Z</time>
        <extensions>
          <ns3:TrackPointExtension>
            <ns3:hr>129</ns3:hr>
            <ns3:cad>83</ns3:cad>
          </ns3:TrackPointExtension>
        </extensions>
      </trkpt>
      <trkpt lat="34.1812168993055820465087890625" lon="108.9240549691021442413330078125">
        <ele>427.20001220703125</ele>
        <time>2026-09-12T12:02:38.000Z</time>
        <extensions>
          <ns3:TrackPointExtension>
            <ns3:hr>129</ns3:hr>
            <ns3:cad>83</ns3:cad>
          </ns3:TrackPointExtension>
        </extensions>
      </trkpt>
      <trkpt lat="34.18122234754264354705810546875" lon="108.924051113426685333251953125">
        <ele>427.20001220703125</ele>
        <time>2026-09-12T12:02:39.000Z</time>
        <extensions>
          <ns3:TrackPointExtension>
            <ns3:hr>129</ns3:hr>
            <ns3:cad>83</ns3:cad>
          </ns3:TrackPointExtension>
        </extensions>
      </trkpt>
      <trkpt lat="34.18122502975165843963623046875" lon="108.9240496046841144561767578125">
        <ele>427.20001220703125</ele>
        <time>2026-09-12T12:02:40.000Z</time>
        <extensions>
          <ns3:TrackPointExtension>
            <ns3:hr>129</ns3:hr>
            <ns3:cad>0</ns3:cad>
          </ns3:TrackPointExtension>
        </extensions>
      </trkpt>
      <trkpt lat="34.1812222637236118316650390625" lon="108.9240583218634128570556640625">
        <ele>427.20001220703125</ele>
        <time>2026-09-12T12:02:41.000Z</time>
        <extensions>
          <ns3:TrackPointExtension>
            <ns3:hr>129</ns3:hr>
            <ns3:cad>0</ns3:cad>
          </ns3:TrackPointExtension>
        </extensions>
      </trkpt>
      <trkpt lat="34.1812011413276195526123046875" lon="108.9240636862814426422119140625">
        <ele>427.20001220703125</ele>
        <time>2026-09-12T12:02:42.000Z</time>
        <extensions>
          <ns3:TrackPointExtension>
            <ns3:hr>128</ns3:hr>
            <ns3:cad>0</ns3:cad>
          </ns3:TrackPointExtension>
        </extensions>
      </trkpt>
      <trkpt lat="34.181190915405750274658203125" lon="108.924062512814998626708984375">
        <ele>427.20001220703125</ele>
        <time>2026-09-12T12:02:43.000Z</time>
        <extensions>
          <ns3:TrackPointExtension>
            <ns3:hr>128</ns3:hr>
            <ns3:cad>0</ns3:cad>
          </ns3:TrackPointExtension>
        </extensions>
      </trkpt>
      <trkpt lat="34.18116509914398193359375" lon="108.9240656979382038116455078125">
        <ele>427.399993896484375</ele>
        <time>2026-09-12T12:02:44.000Z</time>
        <extensions>
          <ns3:TrackPointExtension>
            <ns3:hr>127</ns3:hr>
            <ns3:cad>0</ns3:cad>
          </ns3:TrackPointExtension>
        </extensions>
      </trkpt>
      <trkpt lat="34.1811461560428142547607421875" lon="108.92406460829079151153564453125">
        <ele>427.399993896484375</ele>
        <time>2026-09-12T12:02:45.000Z</time>
        <extensions>
          <ns3:TrackPointExtension>
            <ns3:hr>127</ns3:hr>
            <ns3:cad>0</ns3:cad>
          </ns3:TrackPointExtension>
        </extensions>
      </trkpt>
      <trkpt lat="34.18112578801810741424560546875" lon="108.92406326718628406524658203125">
        <ele>427.399993896484375</ele>
        <time>2026-09-12T12:02:46.000Z</time>
        <extensions>
          <ns3:TrackPointExtension>
            <ns3:hr>128</ns3:hr>
            <ns3:cad>0</ns3:cad>
          </ns3:TrackPointExtension>
        </extensions>
      </trkpt>
      <trkpt lat="34.18110684491693973541259765625" lon="108.924064524471759796142578125">
        <ele>427.399993896484375</ele>
        <time>2026-09-12T12:02:47.000Z</time>
        <extensions>
          <ns3:TrackPointExtension>
            <ns3:hr>129</ns3:hr>
            <ns3:cad>85</ns3:cad>
          </ns3:TrackPointExtension>
        </extensions>
      </trkpt>
      <trkpt lat="34.1810851357877254486083984375" lon="108.92406611703336238861083984375">
        <ele>427.399993896484375</ele>
        <time>2026-09-12T12:02:48.000Z</time>
        <extensions>
          <ns3:TrackPointExtension>
            <ns3:hr>130</ns3:hr>
            <ns3:cad>85</ns3:cad>
          </ns3:TrackPointExtension>
        </extensions>
      </trkpt>
      <trkpt lat="34.18106158263981342315673828125" lon="108.92406963743269443511962890625">
        <ele>427.399993896484375</ele>
        <time>2026-09-12T12:02:49.000Z</time>
        <extensions>
          <ns3:TrackPointExtension>
            <ns3:hr>132</ns3:hr>
            <ns3:cad>85</ns3:cad>
          </ns3:TrackPointExtension>
        </extensions>
      </trkpt>
      <trkpt lat="34.18104238808155059814453125" lon="108.92406946979463100433349609375">
        <ele>427.399993896484375</ele>
        <time>2026-09-12T12:02:50.000Z</time>
        <extensions>
          <ns3:TrackPointExtension>
            <ns3:hr>133</ns3:hr>
            <ns3:cad>85</ns3:cad>
          </ns3:TrackPointExtension>
        </extensions>
      </trkpt>
      <trkpt lat="34.18101866729557514190673828125" lon="108.92406460829079151153564453125">
        <ele>427.399993896484375</ele>
        <time>2026-09-12T12:02:51.000Z</time>
        <extensions>
          <ns3:TrackPointExtension>
            <ns3:hr>134</ns3:hr>
            <ns3:cad>86</ns3:cad>
          </ns3:TrackPointExtension>
        </extensions>
      </trkpt>
      <trkpt lat="34.18099905364215373992919921875" lon="108.92406511120498180389404296875">
        <ele>427.399993896484375</ele>
        <time>2026-09-12T12:02:52.000Z</time>
        <extensions>
          <ns3:TrackPointExtension>
            <ns3:hr>134</ns3:hr>
            <ns3:cad>85</ns3:cad>
          </ns3:TrackPointExtension>
        </extensions>
      </trkpt>
      <trkpt lat="34.18097474612295627593994140625" lon="108.9240668714046478271484375">
        <ele>427.399993896484375</ele>
        <time>2026-09-12T12:02:53.000Z</time>
        <extensions>
          <ns3:TrackPointExtension>
            <ns3:hr>135</ns3:hr>
            <ns3:cad>85</ns3:cad>
          </ns3:TrackPointExtension>
        </extensions>
      </trkpt>
      <trkpt lat="34.180950187146663665771484375" lon="108.9240700565278530120849609375">
        <ele>427.399993896484375</ele>
        <time>2026-09-12T12:02:54.000Z</time>
        <extensions>
          <ns3:TrackPointExtension>
            <ns3:hr>135</ns3:hr>
            <ns3:cad>85</ns3:cad>
          </ns3:TrackPointExtension>
        </extensions>
      </trkpt>
      <trkpt lat="34.18092914856970310211181640625" lon="108.9240750856697559356689453125">
        <ele>427.399993896484375</ele>
        <time>2026-09-12T12:02:55.000Z</time>
        <extensions>
          <ns3:TrackPointExtension>
            <ns3:hr>135</ns3:hr>
            <ns3:cad>85</ns3:cad>
          </ns3:TrackPointExtension>
        </extensions>
      </trkpt>
      <trkpt lat="34.1809057630598545074462890625" lon="108.924076594412326812744140625">
        <ele>427.399993896484375</ele>
        <time>2026-09-12T12:02:56.000Z</time>
        <extensions>
          <ns3:TrackPointExtension>
            <ns3:hr>135</ns3:hr>
            <ns3:cad>86</ns3:cad>
          </ns3:TrackPointExtension>
        </extensions>
      </trkpt>
      <trkpt lat="34.18088614940643310546875" lon="108.92407818697392940521240234375">
        <ele>427.399993896484375</ele>
        <time>2026-09-12T12:02:57.000Z</time>
        <extensions>
          <ns3:TrackPointExtension>
            <ns3:hr>135</ns3:hr>
            <ns3:cad>87</ns3:cad>
          </ns3:TrackPointExtension>
        </extensions>
      </trkpt>
      <trkpt lat="34.18086268007755279541015625" lon="108.92407600767910480499267578125">
        <ele>427.399993896484375</ele>
        <time>2026-09-12T12:02:58.000Z</time>
        <extensions>
          <ns3:TrackPointExtension>
            <ns3:hr>135</ns3:hr>
            <ns3:cad>87</ns3:cad>
          </ns3:TrackPointExtension>
        </extensions>
      </trkpt>
      <trkpt lat="34.18084348551928997039794921875" lon="108.92407156527042388916015625">
        <ele>427.399993896484375</ele>
        <time>2026-09-12T12:02:59.000Z</time>
        <extensions>
          <ns3:TrackPointExtension>
            <ns3:hr>136</ns3:hr>
            <ns3:cad>87</ns3:cad>
          </ns3:TrackPointExtension>
        </extensions>
      </trkpt>
      <trkpt lat="34.18081976473331451416015625" lon="108.92406997270882129669189453125">
        <ele>427.399993896484375</ele>
        <time>2026-09-12T12:03:00.000Z</time>
        <extensions>
          <ns3:TrackPointExtension>
            <ns3:hr>136</ns3:hr>
            <ns3:cad>87</ns3:cad>
          </ns3:TrackPointExtension>
        </extensions>
      </trkpt>
      <trkpt lat="34.18079537339508533477783203125" lon="108.92406997270882129669189453125">
        <ele>427.20001220703125</ele>
        <time>2026-09-12T12:03:01.000Z</time>
        <extensions>
          <ns3:TrackPointExtension>
            <ns3:hr>136</ns3:hr>
            <ns3:cad>86</ns3:cad>
          </ns3:TrackPointExtension>
        </extensions>
      </trkpt>
      <trkpt lat="34.1807716526091098785400390625" lon="108.92406997270882129669189453125">
        <ele>427.20001220703125</ele>
        <time>2026-09-12T12:03:02.000Z</time>
        <extensions>
          <ns3:TrackPointExtension>
            <ns3:hr>136</ns3:hr>
            <ns3:cad>86</ns3:cad>
          </ns3:TrackPointExtension>
        </extensions>
      </trkpt>
      <trkpt lat="34.180750362575054168701171875" lon="108.9240683801472187042236328125">
        <ele>427.20001220703125</ele>
        <time>2026-09-12T12:03:03.000Z</time>
        <extensions>
          <ns3:TrackPointExtension>
            <ns3:hr>136</ns3:hr>
            <ns3:cad>86</ns3:cad>
          </ns3:TrackPointExtension>
        </extensions>
      </trkpt>
      <trkpt lat="34.18072815053164958953857421875" lon="108.92406829632818698883056640625">
        <ele>427.20001220703125</ele>
        <time>2026-09-12T12:03:04.000Z</time>
        <extensions>
          <ns3:TrackPointExtension>
            <ns3:hr>136</ns3:hr>
            <ns3:cad>86</ns3:cad>
          </ns3:TrackPointExtension>
        </extensions>
      </trkpt>
      <trkpt lat="34.1807039268314838409423828125" lon="108.9240643568336963653564453125">
        <ele>427.20001220703125</ele>
        <time>2026-09-12T12:03:05.000Z</time>
        <extensions>
          <ns3:TrackPointExtension>
            <ns3:hr>136</ns3:hr>
            <ns3:cad>87</ns3:cad>
          </ns3:TrackPointExtension>
        </extensions>
      </trkpt>
      <trkpt lat="34.18068305589258670806884765625" lon="108.92406729049980640411376953125">
        <ele>427.20001220703125</ele>
        <time>2026-09-12T12:03:06.000Z</time>
        <extensions>
          <ns3:TrackPointExtension>
            <ns3:hr>136</ns3:hr>
            <ns3:cad>87</ns3:cad>
          </ns3:TrackPointExtension>
        </extensions>
      </trkpt>
      <trkpt lat="34.18065539561212062835693359375" lon="108.92406259663403034210205078125">
        <ele>427.20001220703125</ele>
        <time>2026-09-12T12:03:07.000Z</time>
        <extensions>
          <ns3:TrackPointExtension>
            <ns3:hr>136</ns3:hr>
            <ns3:cad>87</ns3:cad>
          </ns3:TrackPointExtension>
        </extensions>
      </trkpt>
      <trkpt lat="34.18063628487288951873779296875" lon="108.92406159080564975738525390625">
        <ele>427.20001220703125</ele>
        <time>2026-09-12T12:03:08.000Z</time>
        <extensions>
          <ns3:TrackPointExtension>
            <ns3:hr>136</ns3:hr>
            <ns3:cad>87</ns3:cad>
          </ns3:TrackPointExtension>
        </extensions>
      </trkpt>
      <trkpt lat="34.180605523288249969482421875" lon="108.924052454531192779541015625">
        <ele>427.20001220703125</ele>
        <time>2026-09-12T12:03:09.000Z</time>
        <extensions>
          <ns3:TrackPointExtension>
            <ns3:hr>137</ns3:hr>
            <ns3:cad>87</ns3:cad>
          </ns3:TrackPointExtension>
        </extensions>
      </trkpt>
      <trkpt lat="34.180584736168384552001953125" lon="108.9240522868931293487548828125">
        <ele>427.20001220703125</ele>
        <time>2026-09-12T12:03:10.000Z</time>
        <extensions>
          <ns3:TrackPointExtension>
            <ns3:hr>136</ns3:hr>
            <ns3:cad>87</ns3:cad>
          </ns3:TrackPointExtension>
        </extensions>
      </trkpt>
      <trkpt lat="34.18056000955402851104736328125" lon="108.9240405522286891937255859375">
        <ele>427.20001220703125</ele>
        <time>2026-09-12T12:03:11.000Z</time>
        <extensions>
          <ns3:TrackPointExtension>
            <ns3:hr>136</ns3:hr>
            <ns3:cad>87</ns3:cad>
          </ns3:TrackPointExtension>
        </extensions>
      </trkpt>
      <trkpt lat="34.18053905479609966278076171875" lon="108.92403694801032543182373046875">
        <ele>427.20001220703125</ele>
        <time>2026-09-12T12:03:12.000Z</time>
        <extensions>
          <ns3:TrackPointExtension>
            <ns3:hr>136</ns3:hr>
            <ns3:cad>87</ns3:cad>
          </ns3:TrackPointExtension>
        </extensions>
      </trkpt>
      <trkpt lat="34.18051675893366336822509765625" lon="108.92403946258127689361572265625">
        <ele>427.20001220703125</ele>
        <time>2026-09-12T12:03:13.000Z</time>
        <extensions>
          <ns3:TrackPointExtension>
            <ns3:hr>136</ns3:hr>
            <ns3:cad>87</ns3:cad>
          </ns3:TrackPointExtension>
        </extensions>
      </trkpt>
      <trkpt lat="34.18049982748925685882568359375" lon="108.92403996549546718597412109375">
        <ele>427.20001220703125</ele>
        <time>2026-09-12T12:03:14.000Z</time>
        <extensions>
          <ns3:TrackPointExtension>
            <ns3:hr>136</ns3:hr>
            <ns3:cad>87</ns3:cad>
          </ns3:TrackPointExtension>
        </extensions>
      </trkpt>
      <trkpt lat="34.18048172257840633392333984375" lon="108.92403627745807170867919921875">
        <ele>427.20001220703125</ele>
        <time>2026-09-12T12:03:15.000Z</time>
        <extensions>
          <ns3:TrackPointExtension>
            <ns3:hr>136</ns3:hr>
            <ns3:cad>87</ns3:cad>
          </ns3:TrackPointExtension>
        </extensions>
      </trkpt>
      <trkpt lat="34.18045875616371631622314453125" lon="108.92403325997292995452880859375">
        <ele>427.20001220703125</ele>
        <time>2026-09-12T12:03:16.000Z</time>
        <extensions>
          <ns3:TrackPointExtension>
            <ns3:hr>136</ns3:hr>
            <ns3:cad>87</ns3:cad>
          </ns3:TrackPointExtension>
        </extensions>
      </trkpt>
      <trkpt lat="34.1804420761764049530029296875" lon="108.9240321703255176544189453125">
        <ele>427.20001220703125</ele>
        <time>2026-09-12T12:03:17.000Z</time>
        <extensions>
          <ns3:TrackPointExtension>
            <ns3:hr>136</ns3:hr>
            <ns3:cad>87</ns3:cad>
          </ns3:TrackPointExtension>
        </extensions>
      </trkpt>
      <trkpt lat="34.1804159246385097503662109375" lon="108.9240274764597415924072265625">
        <ele>427.20001220703125</ele>
        <time>2026-09-12T12:03:18.000Z</time>
        <extensions>
          <ns3:TrackPointExtension>
            <ns3:hr>137</ns3:hr>
            <ns3:cad>87</ns3:cad>
          </ns3:TrackPointExtension>
        </extensions>
      </trkpt>
      <trkpt lat="34.180396981537342071533203125" lon="108.9240266382694244384765625">
        <ele>427.20001220703125</ele>
        <time>2026-09-12T12:03:19.000Z</time>
        <extensions>
          <ns3:TrackPointExtension>
            <ns3:hr>137</ns3:hr>
            <ns3:cad>87</ns3:cad>
          </ns3:TrackPointExtension>
        </extensions>
      </trkpt>
      <trkpt lat="34.180368483066558837890625" lon="108.9240167476236820220947265625">
        <ele>427.20001220703125</ele>
        <time>2026-09-12T12:03:20.000Z</time>
        <extensions>
          <ns3:TrackPointExtension>
            <ns3:hr>137</ns3:hr>
            <ns3:cad>87</ns3:cad>
          </ns3:TrackPointExtension>
        </extensions>
      </trkpt>
      <trkpt lat="34.18034777976572513580322265625" lon="108.92401917837560176849365234375">
        <ele>427.20001220703125</ele>
        <time>2026-09-12T12:03:21.000Z</time>
        <extensions>
          <ns3:TrackPointExtension>
            <ns3:hr>137</ns3:hr>
            <ns3:cad>87</ns3:cad>
          </ns3:TrackPointExtension>
        </extensions>
      </trkpt>
      <trkpt lat="34.18032179586589336395263671875" lon="108.92401716671884059906005859375">
        <ele>427.20001220703125</ele>
        <time>2026-09-12T12:03:22.000Z</time>
        <extensions>
          <ns3:TrackPointExtension>
            <ns3:hr>136</ns3:hr>
            <ns3:cad>87</ns3:cad>
          </ns3:TrackPointExtension>
        </extensions>
      </trkpt>
      <trkpt lat="34.180298410356044769287109375" lon="108.92401657998561859130859375">
        <ele>427.20001220703125</ele>
        <time>2026-09-12T12:03:23.000Z</time>
        <extensions>
          <ns3:TrackPointExtension>
            <ns3:hr>137</ns3:hr>
            <ns3:cad>87</ns3:cad>
          </ns3:TrackPointExtension>
        </extensions>
      </trkpt>
      <trkpt lat="34.180273599922657012939453125" lon="108.92401448450982570648193359375">
        <ele>427</ele>
        <time>2026-09-12T12:03:24.000Z</time>
        <extensions>
          <ns3:TrackPointExtension>
            <ns3:hr>137</ns3:hr>
            <ns3:cad>87</ns3:cad>
          </ns3:TrackPointExtension>
        </extensions>
      </trkpt>
      <trkpt lat="34.1802523098886013031005859375" lon="108.92401255667209625244140625">
        <ele>427</ele>
        <time>2026-09-12T12:03:25.000Z</time>
        <extensions>
          <ns3:TrackPointExtension>
            <ns3:hr>137</ns3:hr>
            <ns3:cad>87</ns3:cad>
          </ns3:TrackPointExtension>
        </extensions>
      </trkpt>
      <trkpt lat="34.18023110367357730865478515625" lon="108.92401800490915775299072265625">
        <ele>427</ele>
        <time>2026-09-12T12:03:26.000Z</time>
        <extensions>
          <ns3:TrackPointExtension>
            <ns3:hr>137</ns3:hr>
            <ns3:cad>87</ns3:cad>
          </ns3:TrackPointExtension>
        </extensions>
      </trkpt>
      <trkpt lat="34.18021023273468017578125" lon="108.92401264049112796783447265625">
        <ele>427</ele>
        <time>2026-09-12T12:03:27.000Z</time>
        <extensions>
          <ns3:TrackPointExtension>
            <ns3:hr>137</ns3:hr>
            <ns3:cad>87</ns3:cad>
          </ns3:TrackPointExtension>
        </extensions>
      </trkpt>
      <trkpt lat="34.18019120581448078155517578125" lon="108.92401599325239658355712890625">
        <ele>427</ele>
        <time>2026-09-12T12:03:28.000Z</time>
        <extensions>
          <ns3:TrackPointExtension>
            <ns3:hr>137</ns3:hr>
            <ns3:cad>87</ns3:cad>
          </ns3:TrackPointExtension>
        </extensions>
      </trkpt>
      <trkpt lat="34.18016522191464900970458984375" lon="108.92401213757693767547607421875">
        <ele>427</ele>
        <time>2026-09-12T12:03:29.000Z</time>
        <extensions>
          <ns3:TrackPointExtension>
            <ns3:hr>138</ns3:hr>
            <ns3:cad>87</ns3:cad>
          </ns3:TrackPointExtension>
        </extensions>
      </trkpt>
      <trkpt lat="34.18014745227992534637451171875" lon="108.92401331104338169097900390625">
        <ele>427</ele>
        <time>2026-09-12T12:03:30.000Z</time>
        <extensions>
          <ns3:TrackPointExtension>
            <ns3:hr>138</ns3:hr>
            <ns3:cad>87</ns3:cad>
          </ns3:TrackPointExtension>
        </extensions>
      </trkpt>
      <trkpt lat="34.18012264184653759002685546875" lon="108.9240083657205104827880859375">
        <ele>427</ele>
        <time>2026-09-12T12:03:31.000Z</time>
        <extensions>
          <ns3:TrackPointExtension>
            <ns3:hr>138</ns3:hr>
            <ns3:cad>87</ns3:cad>
          </ns3:TrackPointExtension>
        </extensions>
      </trkpt>
      <trkpt lat="34.1801044531166553497314453125" lon="108.9240073598921298980712890625">
        <ele>427</ele>
        <time>2026-09-12T12:03:32.000Z</time>
        <extensions>
          <ns3:TrackPointExtension>
            <ns3:hr>137</ns3:hr>
            <ns3:cad>87</ns3:cad>
          </ns3:TrackPointExtension>
        </extensions>
      </trkpt>
      <trkpt lat="34.18008190579712390899658203125" lon="108.92400593496859073638916015625">
        <ele>427</ele>
        <time>2026-09-12T12:03:33.000Z</time>
        <extensions>
          <ns3:TrackPointExtension>
            <ns3:hr>137</ns3:hr>
            <ns3:cad>87</ns3:cad>
          </ns3:TrackPointExtension>
        </extensions>
      </trkpt>
      <trkpt lat="34.1800591908395290374755859375" lon="108.92399822361767292022705078125">
        <ele>427</ele>
        <time>2026-09-12T12:03:34.000Z</time>
        <extensions>
          <ns3:TrackPointExtension>
            <ns3:hr>137</ns3:hr>
            <ns3:cad>87</ns3:cad>
          </ns3:TrackPointExtension>
        </extensions>
      </trkpt>
      <trkpt lat="34.1800384037196636199951171875" lon="108.92399252392351627349853515625">
        <ele>427</ele>
        <time>2026-09-12T12:03:35.000Z</time>
        <extensions>
          <ns3:TrackPointExtension>
            <ns3:hr>137</ns3:hr>
            <ns3:cad>86</ns3:cad>
          </ns3:TrackPointExtension>
        </extensions>
      </trkpt>
      <trkpt lat="34.18000864796340465545654296875" lon="108.92398866824805736541748046875">
        <ele>427</ele>
        <time>2026-09-12T12:03:36.000Z</time>
        <extensions>
          <ns3:TrackPointExtension>
            <ns3:hr>136</ns3:hr>
            <ns3:cad>86</ns3:cad>
          </ns3:TrackPointExtension>
        </extensions>
      </trkpt>
      <trkpt lat="34.17998559772968292236328125" lon="108.9239926077425479888916015625">
        <ele>427</ele>
        <time>2026-09-12T12:03:37.000Z</time>
        <extensions>
          <ns3:TrackPointExtension>
            <ns3:hr>136</ns3:hr>
            <ns3:cad>87</ns3:cad>
          </ns3:TrackPointExtension>
        </extensions>
      </trkpt>
      <trkpt lat="34.17995835654437541961669921875" lon="108.92398967407643795013427734375">
        <ele>427</ele>
        <time>2026-09-12T12:03:38.000Z</time>
        <extensions>
          <ns3:TrackPointExtension>
            <ns3:hr>136</ns3:hr>
            <ns3:cad>87</ns3:cad>
          </ns3:TrackPointExtension>
        </extensions>
      </trkpt>
      <trkpt lat="34.1799381561577320098876953125" lon="108.92399000935256481170654296875">
        <ele>427</ele>
        <time>2026-09-12T12:03:39.000Z</time>
        <extensions>
          <ns3:TrackPointExtension>
            <ns3:hr>136</ns3:hr>
            <ns3:cad>87</ns3:cad>
          </ns3:TrackPointExtension>
        </extensions>
      </trkpt>
      <trkpt lat="34.17991141788661479949951171875" lon="108.9239825494587421417236328125">
        <ele>427</ele>
        <time>2026-09-12T12:03:40.000Z</time>
        <extensions>
          <ns3:TrackPointExtension>
            <ns3:hr>135</ns3:hr>
            <ns3:cad>87</ns3:cad>
          </ns3:TrackPointExtension>
        </extensions>
      </trkpt>
      <trkpt lat="34.17989197187125682830810546875" lon="108.92397726885974407196044921875">
        <ele>427</ele>
        <time>2026-09-12T12:03:41.000Z</time>
        <extensions>
          <ns3:TrackPointExtension>
            <ns3:hr>135</ns3:hr>
            <ns3:cad>87</ns3:cad>
          </ns3:TrackPointExtension>
        </extensions>
      </trkpt>
      <trkpt lat="34.17987219057977199554443359375" lon="108.92397525720298290252685546875">
        <ele>427</ele>
        <time>2026-09-12T12:03:42.000Z</time>
        <extensions>
          <ns3:TrackPointExtension>
            <ns3:hr>134</ns3:hr>
            <ns3:cad>87</ns3:cad>
          </ns3:TrackPointExtension>
        </extensions>
      </trkpt>
      <trkpt lat="34.17985224165022373199462890625" lon="108.92397190444171428680419921875">
        <ele>427</ele>
        <time>2026-09-12T12:03:43.000Z</time>
        <extensions>
          <ns3:TrackPointExtension>
            <ns3:hr>134</ns3:hr>
            <ns3:cad>87</ns3:cad>
          </ns3:TrackPointExtension>
        </extensions>
      </trkpt>
      <trkpt lat="34.1798333823680877685546875" lon="108.9239729940891265869140625">
        <ele>426.79998779296875</ele>
        <time>2026-09-12T12:03:44.000Z</time>
        <extensions>
          <ns3:TrackPointExtension>
            <ns3:hr>133</ns3:hr>
            <ns3:cad>87</ns3:cad>
          </ns3:TrackPointExtension>
        </extensions>
      </trkpt>
      <trkpt lat="34.17981184087693691253662109375" lon="108.92396695911884307861328125">
        <ele>426.79998779296875</ele>
        <time>2026-09-12T12:03:45.000Z</time>
        <extensions>
          <ns3:TrackPointExtension>
            <ns3:hr>133</ns3:hr>
            <ns3:cad>86</ns3:cad>
          </ns3:TrackPointExtension>
        </extensions>
      </trkpt>
      <trkpt lat="34.17979457415640354156494140625" lon="108.9239691384136676788330078125">
        <ele>426.79998779296875</ele>
        <time>2026-09-12T12:03:46.000Z</time>
        <extensions>
          <ns3:TrackPointExtension>
            <ns3:hr>133</ns3:hr>
            <ns3:cad>86</ns3:cad>
          </ns3:TrackPointExtension>
        </extensions>
      </trkpt>
      <trkpt lat="34.17977035045623779296875" lon="108.9239604212343692779541015625">
        <ele>426.79998779296875</ele>
        <time>2026-09-12T12:03:47.000Z</time>
        <extensions>
          <ns3:TrackPointExtension>
            <ns3:hr>133</ns3:hr>
            <ns3:cad>86</ns3:cad>
          </ns3:TrackPointExtension>
        </extensions>
      </trkpt>
      <trkpt lat="34.179751574993133544921875" lon="108.92395933158695697784423828125">
        <ele>426.79998779296875</ele>
        <time>2026-09-12T12:03:48.000Z</time>
        <extensions>
          <ns3:TrackPointExtension>
            <ns3:hr>132</ns3:hr>
            <ns3:cad>86</ns3:cad>
          </ns3:TrackPointExtension>
        </extensions>
      </trkpt>
      <trkpt lat="34.1797306202352046966552734375" lon="108.92394776456058025360107421875">
        <ele>426.79998779296875</ele>
        <time>2026-09-12T12:03:49.000Z</time>
        <extensions>
          <ns3:TrackPointExtension>
            <ns3:hr>133</ns3:hr>
            <ns3:cad>86</ns3:cad>
          </ns3:TrackPointExtension>
        </extensions>
      </trkpt>
      <trkpt lat="34.1797088272869586944580078125" lon="108.92394558526575565338134765625">
        <ele>426.79998779296875</ele>
        <time>2026-09-12T12:03:50.000Z</time>
        <extensions>
          <ns3:TrackPointExtension>
            <ns3:hr>133</ns3:hr>
            <ns3:cad>86</ns3:cad>
          </ns3:TrackPointExtension>
        </extensions>
      </trkpt>
      <trkpt lat="34.179689548909664154052734375" lon="108.92394256778061389923095703125">
        <ele>426.79998779296875</ele>
        <time>2026-09-12T12:03:51.000Z</time>
        <extensions>
          <ns3:TrackPointExtension>
            <ns3:hr>132</ns3:hr>
            <ns3:cad>86</ns3:cad>
          </ns3:TrackPointExtension>
        </extensions>
      </trkpt>
      <trkpt lat="34.17966968379914760589599609375" lon="108.92393485642969608306884765625">
        <ele>427</ele>
        <time>2026-09-12T12:03:52.000Z</time>
        <extensions>
          <ns3:TrackPointExtension>
            <ns3:hr>132</ns3:hr>
            <ns3:cad>86</ns3:cad>
          </ns3:TrackPointExtension>
        </extensions>
      </trkpt>
      <trkpt lat="34.17965007014572620391845703125" lon="108.92393971793353557586669921875">
        <ele>427</ele>
        <time>2026-09-12T12:03:53.000Z</time>
        <extensions>
          <ns3:TrackPointExtension>
            <ns3:hr>132</ns3:hr>
            <ns3:cad>86</ns3:cad>
          </ns3:TrackPointExtension>
        </extensions>
      </trkpt>
      <trkpt lat="34.1796273551881313323974609375" lon="108.923934437334537506103515625">
        <ele>427</ele>
        <time>2026-09-12T12:03:54.000Z</time>
        <extensions>
          <ns3:TrackPointExtension>
            <ns3:hr>132</ns3:hr>
            <ns3:cad>87</ns3:cad>
          </ns3:TrackPointExtension>
        </extensions>
      </trkpt>
      <trkpt lat="34.179605059325695037841796875" lon="108.923934437334537506103515625">
        <ele>427</ele>
        <time>2026-09-12T12:03:55.000Z</time>
        <extensions>
          <ns3:TrackPointExtension>
            <ns3:hr>132</ns3:hr>
            <ns3:cad>87</ns3:cad>
          </ns3:TrackPointExtension>
        </extensions>
      </trkpt>
      <trkpt lat="34.1795804165303707122802734375" lon="108.92392949201166629791259765625">
        <ele>426.79998779296875</ele>
        <time>2026-09-12T12:03:56.000Z</time>
        <extensions>
          <ns3:TrackPointExtension>
            <ns3:hr>132</ns3:hr>
            <ns3:cad>87</ns3:cad>
          </ns3:TrackPointExtension>
        </extensions>
      </trkpt>
      <trkpt lat="34.1795597970485687255859375" lon="108.92393209040164947509765625">
        <ele>426.79998779296875</ele>
        <time>2026-09-12T12:03:57.000Z</time>
        <extensions>
          <ns3:TrackPointExtension>
            <ns3:hr>133</ns3:hr>
            <ns3:cad>87</ns3:cad>
          </ns3:TrackPointExtension>
        </extensions>
      </trkpt>
      <trkpt lat="34.17953289113938808441162109375" lon="108.9239285700023174285888671875">
        <ele>426.79998779296875</ele>
        <time>2026-09-12T12:03:58.000Z</time>
        <extensions>
          <ns3:TrackPointExtension>
            <ns3:hr>133</ns3:hr>
            <ns3:cad>87</ns3:cad>
          </ns3:TrackPointExtension>
        </extensions>
      </trkpt>
      <trkpt lat="34.17951428331434726715087890625" lon="108.9239332638680934906005859375">
        <ele>426.79998779296875</ele>
        <time>2026-09-12T12:03:59.000Z</time>
        <extensions>
          <ns3:TrackPointExtension>
            <ns3:hr>133</ns3:hr>
            <ns3:cad>87</ns3:cad>
          </ns3:TrackPointExtension>
        </extensions>
      </trkpt>
      <trkpt lat="34.179491735994815826416015625" lon="108.9239332638680934906005859375">
        <ele>426.79998779296875</ele>
        <time>2026-09-12T12:04:00.000Z</time>
        <extensions>
          <ns3:TrackPointExtension>
            <ns3:hr>134</ns3:hr>
            <ns3:cad>87</ns3:cad>
          </ns3:TrackPointExtension>
        </extensions>
      </trkpt>
      <trkpt lat="34.17947203852236270904541015625" lon="108.9239356108009815216064453125">
        <ele>426.79998779296875</ele>
        <time>2026-09-12T12:04:01.000Z</time>
        <extensions>
          <ns3:TrackPointExtension>
            <ns3:hr>134</ns3:hr>
            <ns3:cad>88</ns3:cad>
          </ns3:TrackPointExtension>
        </extensions>
      </trkpt>
      <trkpt lat="34.17944781482219696044921875" lon="108.9239372871816158294677734375">
        <ele>426.79998779296875</ele>
        <time>2026-09-12T12:04:02.000Z</time>
        <extensions>
          <ns3:TrackPointExtension>
            <ns3:hr>134</ns3:hr>
            <ns3:cad>88</ns3:cad>
          </ns3:TrackPointExtension>
        </extensions>
      </trkpt>
      <trkpt lat="34.17942459695041179656982421875" lon="108.92393737100064754486083984375">
        <ele>427</ele>
        <time>2026-09-12T12:04:03.000Z</time>
        <extensions>
          <ns3:TrackPointExtension>
            <ns3:hr>134</ns3:hr>
            <ns3:cad>88</ns3:cad>
          </ns3:TrackPointExtension>
        </extensions>
      </trkpt>
      <trkpt lat="34.1794017143547534942626953125" lon="108.92393753863871097564697265625">
        <ele>427</ele>
        <time>2026-09-12T12:04:04.000Z</time>
        <extensions>
          <ns3:TrackPointExtension>
            <ns3:hr>134</ns3:hr>
            <ns3:cad>88</ns3:cad>
          </ns3:TrackPointExtension>
        </extensions>
      </trkpt>
      <trkpt lat="34.17937732301652431488037109375" lon="108.923929743468761444091796875">
        <ele>427</ele>
        <time>2026-09-12T12:04:05.000Z</time>
        <extensions>
          <ns3:TrackPointExtension>
            <ns3:hr>134</ns3:hr>
            <ns3:cad>87</ns3:cad>
          </ns3:TrackPointExtension>
        </extensions>
      </trkpt>
      <trkpt lat="34.1793567873537540435791015625" lon="108.9239282347261905670166015625">
        <ele>427</ele>
        <time>2026-09-12T12:04:06.000Z</time>
        <extensions>
          <ns3:TrackPointExtension>
            <ns3:hr>134</ns3:hr>
            <ns3:cad>87</ns3:cad>
          </ns3:TrackPointExtension>
        </extensions>
      </trkpt>
      <trkpt lat="34.1793343238532543182373046875" lon="108.92392731271684169769287109375">
        <ele>427</ele>
        <time>2026-09-12T12:04:07.000Z</time>
        <extensions>
          <ns3:TrackPointExtension>
            <ns3:hr>135</ns3:hr>
            <ns3:cad>87</ns3:cad>
          </ns3:TrackPointExtension>
        </extensions>
      </trkpt>
      <trkpt lat="34.1793132014572620391845703125" lon="108.92392429523169994354248046875">
        <ele>427</ele>
        <time>2026-09-12T12:04:08.000Z</time>
        <extensions>
          <ns3:TrackPointExtension>
            <ns3:hr>135</ns3:hr>
            <ns3:cad>87</ns3:cad>
          </ns3:TrackPointExtension>
        </extensions>
      </trkpt>
      <trkpt lat="34.179287217557430267333984375" lon="108.923915326595306396484375">
        <ele>427</ele>
        <time>2026-09-12T12:04:09.000Z</time>
        <extensions>
          <ns3:TrackPointExtension>
            <ns3:hr>135</ns3:hr>
            <ns3:cad>88</ns3:cad>
          </ns3:TrackPointExtension>
        </extensions>
      </trkpt>
      <trkpt lat="34.1792706213891506195068359375" lon="108.92391264438629150390625">
        <ele>427</ele>
        <time>2026-09-12T12:04:10.000Z</time>
        <extensions>
          <ns3:TrackPointExtension>
            <ns3:hr>135</ns3:hr>
            <ns3:cad>88</ns3:cad>
          </ns3:TrackPointExtension>
        </extensions>
      </trkpt>
      <trkpt lat="34.17924723587930202484130859375" lon="108.92390887252986431121826171875">
        <ele>427</ele>
        <time>2026-09-12T12:04:11.000Z</time>
        <extensions>
          <ns3:TrackPointExtension>
            <ns3:hr>135</ns3:hr>
            <ns3:cad>87</ns3:cad>
          </ns3:TrackPointExtension>
        </extensions>
      </trkpt>
      <trkpt lat="34.17922787368297576904296875" lon="108.92390484921634197235107421875">
        <ele>427</ele>
        <time>2026-09-12T12:04:12.000Z</time>
        <extensions>
          <ns3:TrackPointExtension>
            <ns3:hr>135</ns3:hr>
            <ns3:cad>87</ns3:cad>
          </ns3:TrackPointExtension>
        </extensions>
      </trkpt>
      <trkpt lat="34.17920633219182491302490234375" lon="108.923905603587627410888671875">
        <ele>427</ele>
        <time>2026-09-12T12:04:13.000Z</time>
        <extensions>
          <ns3:TrackPointExtension>
            <ns3:hr>134</ns3:hr>
            <ns3:cad>87</ns3:cad>
          </ns3:TrackPointExtension>
        </extensions>
      </trkpt>
      <trkpt lat="34.1791871376335620880126953125" lon="108.9239059388637542724609375">
        <ele>427</ele>
        <time>2026-09-12T12:04:14.000Z</time>
        <extensions>
          <ns3:TrackPointExtension>
            <ns3:hr>135</ns3:hr>
            <ns3:cad>87</ns3:cad>
          </ns3:TrackPointExtension>
        </extensions>
      </trkpt>
      <trkpt lat="34.1791616566479206085205078125" lon="108.92390954308211803436279296875">
        <ele>427</ele>
        <time>2026-09-12T12:04:15.000Z</time>
        <extensions>
          <ns3:TrackPointExtension>
            <ns3:hr>134</ns3:hr>
            <ns3:cad>86</ns3:cad>
          </ns3:TrackPointExtension>
        </extensions>
      </trkpt>
      <trkpt lat="34.1791371814906597137451171875" lon="108.92391105182468891143798828125">
        <ele>427</ele>
        <time>2026-09-12T12:04:16.000Z</time>
        <extensions>
          <ns3:TrackPointExtension>
            <ns3:hr>134</ns3:hr>
            <ns3:cad>86</ns3:cad>
          </ns3:TrackPointExtension>
        </extensions>
      </trkpt>
      <trkpt lat="34.1791170649230480194091796875" lon="108.923912979662418365478515625">
        <ele>427</ele>
        <time>2026-09-12T12:04:17.000Z</time>
        <extensions>
          <ns3:TrackPointExtension>
            <ns3:hr>135</ns3:hr>
            <ns3:cad>86</ns3:cad>
          </ns3:TrackPointExtension>
        </extensions>
      </trkpt>
      <trkpt lat="34.179090075194835662841796875" lon="108.923902921378612518310546875">
        <ele>427</ele>
        <time>2026-09-12T12:04:18.000Z</time>
        <extensions>
          <ns3:TrackPointExtension>
            <ns3:hr>135</ns3:hr>
            <ns3:cad>87</ns3:cad>
          </ns3:TrackPointExtension>
        </extensions>
      </trkpt>
      <trkpt lat="34.17907138355076313018798828125" lon="108.9239000715315341949462890625">
        <ele>427</ele>
        <time>2026-09-12T12:04:19.000Z</time>
        <extensions>
          <ns3:TrackPointExtension>
            <ns3:hr>135</ns3:hr>
            <ns3:cad>87</ns3:cad>
          </ns3:TrackPointExtension>
        </extensions>
      </trkpt>
      <trkpt lat="34.17904405854642391204833984375" lon="108.9238990657031536102294921875">
        <ele>427</ele>
        <time>2026-09-12T12:04:20.000Z</time>
        <extensions>
          <ns3:TrackPointExtension>
            <ns3:hr>135</ns3:hr>
            <ns3:cad>87</ns3:cad>
          </ns3:TrackPointExtension>
        </extensions>
      </trkpt>
      <trkpt lat="34.17902897112071514129638671875" lon="108.92390065826475620269775390625">
        <ele>427</ele>
        <time>2026-09-12T12:04:21.000Z</time>
        <extensions>
          <ns3:TrackPointExtension>
            <ns3:hr>135</ns3:hr>
            <ns3:cad>87</ns3:cad>
          </ns3:TrackPointExtension>
        </extensions>
      </trkpt>
      <trkpt lat="34.1790084354579448699951171875" lon="108.92389562912285327911376953125">
        <ele>427.20001220703125</ele>
        <time>2026-09-12T12:04:22.000Z</time>
        <extensions>
          <ns3:TrackPointExtension>
            <ns3:hr>136</ns3:hr>
            <ns3:cad>87</ns3:cad>
          </ns3:TrackPointExtension>
        </extensions>
      </trkpt>
      <trkpt lat="34.1789911687374114990234375" lon="108.92389043234288692474365234375">
        <ele>427.20001220703125</ele>
        <time>2026-09-12T12:04:23.000Z</time>
        <extensions>
          <ns3:TrackPointExtension>
            <ns3:hr>136</ns3:hr>
            <ns3:cad>87</ns3:cad>
          </ns3:TrackPointExtension>
        </extensions>
      </trkpt>
      <trkpt lat="34.17896979488432407379150390625" lon="108.92388791777193546295166015625">
        <ele>427.20001220703125</ele>
        <time>2026-09-12T12:04:24.000Z</time>
        <extensions>
          <ns3:TrackPointExtension>
            <ns3:hr>136</ns3:hr>
            <ns3:cad>87</ns3:cad>
          </ns3:TrackPointExtension>
        </extensions>
      </trkpt>
      <trkpt lat="34.1789500974118709564208984375" lon="108.92388439737260341644287109375">
        <ele>427.20001220703125</ele>
        <time>2026-09-12T12:04:25.000Z</time>
        <extensions>
          <ns3:TrackPointExtension>
            <ns3:hr>136</ns3:hr>
            <ns3:cad>87</ns3:cad>
          </ns3:TrackPointExtension>
        </extensions>
      </trkpt>
      <trkpt lat="34.17893090285360813140869140625" lon="108.92388121224939823150634765625">
        <ele>427.20001220703125</ele>
        <time>2026-09-12T12:04:26.000Z</time>
        <extensions>
          <ns3:TrackPointExtension>
            <ns3:hr>136</ns3:hr>
            <ns3:cad>88</ns3:cad>
          </ns3:TrackPointExtension>
        </extensions>
      </trkpt>
      <trkpt lat="34.178911708295345306396484375" lon="108.92388473264873027801513671875">
        <ele>427.20001220703125</ele>
        <time>2026-09-12T12:04:27.000Z</time>
        <extensions>
          <ns3:TrackPointExtension>
            <ns3:hr>136</ns3:hr>
            <ns3:cad>88</ns3:cad>
          </ns3:TrackPointExtension>
        </extensions>
      </trkpt>
      <trkpt lat="34.17889284901320934295654296875" lon="108.92388104461133480072021484375">
        <ele>427.20001220703125</ele>
        <time>2026-09-12T12:04:28.000Z</time>
        <extensions>
          <ns3:TrackPointExtension>
            <ns3:hr>136</ns3:hr>
            <ns3:cad>88</ns3:cad>
          </ns3:TrackPointExtension>
        </extensions>
      </trkpt>
      <trkpt lat="34.17886854149401187896728515625" lon="108.9238792844116687774658203125">
        <ele>427.20001220703125</ele>
        <time>2026-09-12T12:04:29.000Z</time>
        <extensions>
          <ns3:TrackPointExtension>
            <ns3:hr>136</ns3:hr>
            <ns3:cad>87</ns3:cad>
          </ns3:TrackPointExtension>
        </extensions>
      </trkpt>
      <trkpt lat="34.1788475029170513153076171875" lon="108.92387400381267070770263671875">
        <ele>427.20001220703125</ele>
        <time>2026-09-12T12:04:30.000Z</time>
        <extensions>
          <ns3:TrackPointExtension>
            <ns3:hr>137</ns3:hr>
            <ns3:cad>86</ns3:cad>
          </ns3:TrackPointExtension>
        </extensions>
      </trkpt>
      <trkpt lat="34.178823865950107574462890625" lon="108.92386629246175289154052734375">
        <ele>427.20001220703125</ele>
        <time>2026-09-12T12:04:31.000Z</time>
        <extensions>
          <ns3:TrackPointExtension>
            <ns3:hr>137</ns3:hr>
            <ns3:cad>86</ns3:cad>
          </ns3:TrackPointExtension>
        </extensions>
      </trkpt>
      <trkpt lat="34.1788025759160518646240234375" lon="108.923862017691135406494140625">
        <ele>427.20001220703125</ele>
        <time>2026-09-12T12:04:32.000Z</time>
        <extensions>
          <ns3:TrackPointExtension>
            <ns3:hr>137</ns3:hr>
            <ns3:cad>86</ns3:cad>
          </ns3:TrackPointExtension>
        </extensions>
      </trkpt>
      <trkpt lat="34.1787770949304103851318359375" lon="108.92386143095791339874267578125">
        <ele>427.20001220703125</ele>
        <time>2026-09-12T12:04:33.000Z</time>
        <extensions>
          <ns3:TrackPointExtension>
            <ns3:hr>137</ns3:hr>
            <ns3:cad>88</ns3:cad>
          </ns3:TrackPointExtension>
        </extensions>
      </trkpt>
      <trkpt lat="34.178756810724735260009765625" lon="108.92386008985340595245361328125">
        <ele>427.20001220703125</ele>
        <time>2026-09-12T12:04:34.000Z</time>
        <extensions>
          <ns3:TrackPointExtension>
            <ns3:hr>137</ns3:hr>
            <ns3:cad>87</ns3:cad>
          </ns3:TrackPointExtension>
        </extensions>
      </trkpt>
      <trkpt lat="34.17873677797615528106689453125" lon="108.92385698854923248291015625">
        <ele>427.20001220703125</ele>
        <time>2026-09-12T12:04:35.000Z</time>
        <extensions>
          <ns3:TrackPointExtension>
            <ns3:hr>137</ns3:hr>
            <ns3:cad>87</ns3:cad>
          </ns3:TrackPointExtension>
        </extensions>
      </trkpt>
      <trkpt lat="34.178715236485004425048828125" lon="108.9238578267395496368408203125">
        <ele>427.20001220703125</ele>
        <time>2026-09-12T12:04:36.000Z</time>
        <extensions>
          <ns3:TrackPointExtension>
            <ns3:hr>137</ns3:hr>
            <ns3:cad>87</ns3:cad>
          </ns3:TrackPointExtension>
        </extensions>
      </trkpt>
      <trkpt lat="34.17869688011705875396728515625" lon="108.9238578267395496368408203125">
        <ele>427.20001220703125</ele>
        <time>2026-09-12T12:04:37.000Z</time>
        <extensions>
          <ns3:TrackPointExtension>
            <ns3:hr>137</ns3:hr>
            <ns3:cad>87</ns3:cad>
          </ns3:TrackPointExtension>
        </extensions>
      </trkpt>
      <trkpt lat="34.17867131531238555908203125" lon="108.923860676586627960205078125">
        <ele>427.20001220703125</ele>
        <time>2026-09-12T12:04:38.000Z</time>
        <extensions>
          <ns3:TrackPointExtension>
            <ns3:hr>137</ns3:hr>
            <ns3:cad>87</ns3:cad>
          </ns3:TrackPointExtension>
        </extensions>
      </trkpt>
      <trkpt lat="34.17865228839218616485595703125" lon="108.92385698854923248291015625">
        <ele>427.20001220703125</ele>
        <time>2026-09-12T12:04:39.000Z</time>
        <extensions>
          <ns3:TrackPointExtension>
            <ns3:hr>137</ns3:hr>
            <ns3:cad>87</ns3:cad>
          </ns3:TrackPointExtension>
        </extensions>
      </trkpt>
      <trkpt lat="34.1786289028823375701904296875" lon="108.92385707236826419830322265625">
        <ele>427.399993896484375</ele>
        <time>2026-09-12T12:04:40.000Z</time>
        <extensions>
          <ns3:TrackPointExtension>
            <ns3:hr>137</ns3:hr>
            <ns3:cad>87</ns3:cad>
          </ns3:TrackPointExtension>
        </extensions>
      </trkpt>
      <trkpt lat="34.17860786430537700653076171875" lon="108.9238522946834564208984375">
        <ele>427.20001220703125</ele>
        <time>2026-09-12T12:04:41.000Z</time>
        <extensions>
          <ns3:TrackPointExtension>
            <ns3:hr>138</ns3:hr>
            <ns3:cad>87</ns3:cad>
          </ns3:TrackPointExtension>
        </extensions>
      </trkpt>
      <trkpt lat="34.17858414351940155029296875" lon="108.92384986393153667449951171875">
        <ele>427.399993896484375</ele>
        <time>2026-09-12T12:04:42.000Z</time>
        <extensions>
          <ns3:TrackPointExtension>
            <ns3:hr>138</ns3:hr>
            <ns3:cad>87</ns3:cad>
          </ns3:TrackPointExtension>
        </extensions>
      </trkpt>
      <trkpt lat="34.17856394313275814056396484375" lon="108.9238474331796169281005859375">
        <ele>427.399993896484375</ele>
        <time>2026-09-12T12:04:43.000Z</time>
        <extensions>
          <ns3:TrackPointExtension>
            <ns3:hr>138</ns3:hr>
            <ns3:cad>86</ns3:cad>
          </ns3:TrackPointExtension>
        </extensions>
      </trkpt>
      <trkpt lat="34.17854667641222476959228515625" lon="108.92384936101734638214111328125">
        <ele>427.399993896484375</ele>
        <time>2026-09-12T12:04:44.000Z</time>
        <extensions>
          <ns3:TrackPointExtension>
            <ns3:hr>138</ns3:hr>
            <ns3:cad>86</ns3:cad>
          </ns3:TrackPointExtension>
        </extensions>
      </trkpt>
      <trkpt lat="34.1785239614546298980712890625" lon="108.923845924437046051025390625">
        <ele>427.399993896484375</ele>
        <time>2026-09-12T12:04:45.000Z</time>
        <extensions>
          <ns3:TrackPointExtension>
            <ns3:hr>137</ns3:hr>
            <ns3:cad>86</ns3:cad>
          </ns3:TrackPointExtension>
        </extensions>
      </trkpt>
      <trkpt lat="34.1785045154392719268798828125" lon="108.92384500242769718170166015625">
        <ele>427.399993896484375</ele>
        <time>2026-09-12T12:04:46.000Z</time>
        <extensions>
          <ns3:TrackPointExtension>
            <ns3:hr>138</ns3:hr>
            <ns3:cad>86</ns3:cad>
          </ns3:TrackPointExtension>
        </extensions>
      </trkpt>
      <trkpt lat="34.178480543196201324462890625" lon="108.92383695580065250396728515625">
        <ele>427.399993896484375</ele>
        <time>2026-09-12T12:04:47.000Z</time>
        <extensions>
          <ns3:TrackPointExtension>
            <ns3:hr>138</ns3:hr>
            <ns3:cad>86</ns3:cad>
          </ns3:TrackPointExtension>
        </extensions>
      </trkpt>
      <trkpt lat="34.17846201919019222259521484375" lon="108.92383427359163761138916015625">
        <ele>427.399993896484375</ele>
        <time>2026-09-12T12:04:48.000Z</time>
        <extensions>
          <ns3:TrackPointExtension>
            <ns3:hr>137</ns3:hr>
            <ns3:cad>86</ns3:cad>
          </ns3:TrackPointExtension>
        </extensions>
      </trkpt>
      <trkpt lat="34.17843787930905818939208984375" lon="108.92382706515491008758544921875">
        <ele>427.399993896484375</ele>
        <time>2026-09-12T12:04:49.000Z</time>
        <extensions>
          <ns3:TrackPointExtension>
            <ns3:hr>137</ns3:hr>
            <ns3:cad>86</ns3:cad>
          </ns3:TrackPointExtension>
        </extensions>
      </trkpt>
      <trkpt lat="34.17842027731239795684814453125" lon="108.923818767070770263671875">
        <ele>427.399993896484375</ele>
        <time>2026-09-12T12:04:50.000Z</time>
        <extensions>
          <ns3:TrackPointExtension>
            <ns3:hr>137</ns3:hr>
            <ns3:cad>86</ns3:cad>
          </ns3:TrackPointExtension>
        </extensions>
      </trkpt>
      <trkpt lat="34.17840049602091312408447265625" lon="108.92381801269948482513427734375">
        <ele>427.399993896484375</ele>
        <time>2026-09-12T12:04:51.000Z</time>
        <extensions>
          <ns3:TrackPointExtension>
            <ns3:hr>138</ns3:hr>
            <ns3:cad>86</ns3:cad>
          </ns3:TrackPointExtension>
        </extensions>
      </trkpt>
      <trkpt lat="34.17838272638618946075439453125" lon="108.92381465993821620941162109375">
        <ele>427.399993896484375</ele>
        <time>2026-09-12T12:04:52.000Z</time>
        <extensions>
          <ns3:TrackPointExtension>
            <ns3:hr>137</ns3:hr>
            <ns3:cad>86</ns3:cad>
          </ns3:TrackPointExtension>
        </extensions>
      </trkpt>
      <trkpt lat="34.17836026288568973541259765625" lon="108.9238155819475650787353515625">
        <ele>427.399993896484375</ele>
        <time>2026-09-12T12:04:53.000Z</time>
        <extensions>
          <ns3:TrackPointExtension>
            <ns3:hr>137</ns3:hr>
            <ns3:cad>87</ns3:cad>
          </ns3:TrackPointExtension>
        </extensions>
      </trkpt>
      <trkpt lat="34.178339727222919464111328125" lon="108.92381004989147186279296875">
        <ele>427.399993896484375</ele>
        <time>2026-09-12T12:04:54.000Z</time>
        <extensions>
          <ns3:TrackPointExtension>
            <ns3:hr>138</ns3:hr>
            <ns3:cad>87</ns3:cad>
          </ns3:TrackPointExtension>
        </extensions>
      </trkpt>
      <trkpt lat="34.1783207841217517852783203125" lon="108.92380795441567897796630859375">
        <ele>427.600006103515625</ele>
        <time>2026-09-12T12:04:55.000Z</time>
        <extensions>
          <ns3:TrackPointExtension>
            <ns3:hr>137</ns3:hr>
            <ns3:cad>87</ns3:cad>
          </ns3:TrackPointExtension>
        </extensions>
      </trkpt>
      <trkpt lat="34.17829890735447406768798828125" lon="108.923803679645061492919921875">
        <ele>427.399993896484375</ele>
        <time>2026-09-12T12:04:56.000Z</time>
        <extensions>
          <ns3:TrackPointExtension>
            <ns3:hr>137</ns3:hr>
            <ns3:cad>86</ns3:cad>
          </ns3:TrackPointExtension>
        </extensions>
      </trkpt>
      <trkpt lat="34.1782822273671627044677734375" lon="108.9237998239696025848388671875">
        <ele>427.399993896484375</ele>
        <time>2026-09-12T12:04:57.000Z</time>
        <extensions>
          <ns3:TrackPointExtension>
            <ns3:hr>138</ns3:hr>
            <ns3:cad>86</ns3:cad>
          </ns3:TrackPointExtension>
        </extensions>
      </trkpt>
      <trkpt lat="34.17826085351407527923583984375" lon="108.92379135824739933013916015625">
        <ele>427.600006103515625</ele>
        <time>2026-09-12T12:04:58.000Z</time>
        <extensions>
          <ns3:TrackPointExtension>
            <ns3:hr>137</ns3:hr>
            <ns3:cad>87</ns3:cad>
          </ns3:TrackPointExtension>
        </extensions>
      </trkpt>
      <trkpt lat="34.17824425734579563140869140625" lon="108.92378582619130611419677734375">
        <ele>427.600006103515625</ele>
        <time>2026-09-12T12:04:59.000Z</time>
        <extensions>
          <ns3:TrackPointExtension>
            <ns3:hr>137</ns3:hr>
            <ns3:cad>87</ns3:cad>
          </ns3:TrackPointExtension>
        </extensions>
      </trkpt>
      <trkpt lat="34.1782240569591522216796875" lon="108.92377845011651515960693359375">
        <ele>427.600006103515625</ele>
        <time>2026-09-12T12:05:00.000Z</time>
        <extensions>
          <ns3:TrackPointExtension>
            <ns3:hr>138</ns3:hr>
            <ns3:cad>87</ns3:cad>
          </ns3:TrackPointExtension>
        </extensions>
      </trkpt>
      <trkpt lat="34.17820268310606479644775390625" lon="108.9237770251929759979248046875">
        <ele>427.600006103515625</ele>
        <time>2026-09-12T12:05:01.000Z</time>
        <extensions>
          <ns3:TrackPointExtension>
            <ns3:hr>137</ns3:hr>
            <ns3:cad>87</ns3:cad>
          </ns3:TrackPointExtension>
        </extensions>
      </trkpt>
      <trkpt lat="34.1781826503574848175048828125" lon="108.92378054559230804443359375">
        <ele>427.600006103515625</ele>
        <time>2026-09-12T12:05:02.000Z</time>
        <extensions>
          <ns3:TrackPointExtension>
            <ns3:hr>137</ns3:hr>
            <ns3:cad>87</ns3:cad>
          </ns3:TrackPointExtension>
        </extensions>
      </trkpt>
      <trkpt lat="34.178158342838287353515625" lon="108.9237840659916400909423828125">
        <ele>427.600006103515625</ele>
        <time>2026-09-12T12:05:03.000Z</time>
        <extensions>
          <ns3:TrackPointExtension>
            <ns3:hr>138</ns3:hr>
            <ns3:cad>87</ns3:cad>
          </ns3:TrackPointExtension>
        </extensions>
      </trkpt>
      <trkpt lat="34.1781393997371196746826171875" lon="108.9237884245812892913818359375">
        <ele>427.600006103515625</ele>
        <time>2026-09-12T12:05:04.000Z</time>
        <extensions>
          <ns3:TrackPointExtension>
            <ns3:hr>137</ns3:hr>
            <ns3:cad>87</ns3:cad>
          </ns3:TrackPointExtension>
        </extensions>
      </trkpt>
      <trkpt lat="34.17811702005565166473388671875" lon="108.92378280870616436004638671875">
        <ele>427.600006103515625</ele>
        <time>2026-09-12T12:05:05.000Z</time>
        <extensions>
          <ns3:TrackPointExtension>
            <ns3:hr>137</ns3:hr>
            <ns3:cad>87</ns3:cad>
          </ns3:TrackPointExtension>
        </extensions>
      </trkpt>
      <trkpt lat="34.1780984960496425628662109375" lon="108.92378314398229122161865234375">
        <ele>427.600006103515625</ele>
        <time>2026-09-12T12:05:06.000Z</time>
        <extensions>
          <ns3:TrackPointExtension>
            <ns3:hr>137</ns3:hr>
            <ns3:cad>87</ns3:cad>
          </ns3:TrackPointExtension>
        </extensions>
      </trkpt>
      <trkpt lat="34.17807041667401790618896484375" lon="108.92378297634422779083251953125">
        <ele>427.600006103515625</ele>
        <time>2026-09-12T12:05:07.000Z</time>
        <extensions>
          <ns3:TrackPointExtension>
            <ns3:hr>138</ns3:hr>
            <ns3:cad>87</ns3:cad>
          </ns3:TrackPointExtension>
        </extensions>
      </trkpt>
      <trkpt lat="34.17804996483027935028076171875" lon="108.92378414981067180633544921875">
        <ele>427.600006103515625</ele>
        <time>2026-09-12T12:05:08.000Z</time>
        <extensions>
          <ns3:TrackPointExtension>
            <ns3:hr>137</ns3:hr>
            <ns3:cad>87</ns3:cad>
          </ns3:TrackPointExtension>
        </extensions>
      </trkpt>
      <trkpt lat="34.1780247353017330169677734375" lon="108.92378498800098896026611328125">
        <ele>427.79998779296875</ele>
        <time>2026-09-12T12:05:09.000Z</time>
        <extensions>
          <ns3:TrackPointExtension>
            <ns3:hr>137</ns3:hr>
            <ns3:cad>87</ns3:cad>
          </ns3:TrackPointExtension>
        </extensions>
      </trkpt>
      <trkpt lat="34.17799799703061580657958984375" lon="108.9237797074019908905029296875">
        <ele>427.79998779296875</ele>
        <time>2026-09-12T12:05:10.000Z</time>
        <extensions>
          <ns3:TrackPointExtension>
            <ns3:hr>137</ns3:hr>
            <ns3:cad>86</ns3:cad>
          </ns3:TrackPointExtension>
        </extensions>
      </trkpt>
      <trkpt lat="34.17797335423529148101806640625" lon="108.92377811484038829803466796875">
        <ele>427.79998779296875</ele>
        <time>2026-09-12T12:05:11.000Z</time>
        <extensions>
          <ns3:TrackPointExtension>
            <ns3:hr>137</ns3:hr>
            <ns3:cad>86</ns3:cad>
          </ns3:TrackPointExtension>
        </extensions>
      </trkpt>
      <trkpt lat="34.177949130535125732421875" lon="108.923776857554912567138671875">
        <ele>427.79998779296875</ele>
        <time>2026-09-12T12:05:12.000Z</time>
        <extensions>
          <ns3:TrackPointExtension>
            <ns3:hr>137</ns3:hr>
            <ns3:cad>86</ns3:cad>
          </ns3:TrackPointExtension>
        </extensions>
      </trkpt>
      <trkpt lat="34.1779258288443088531494140625" lon="108.92377761192619800567626953125">
        <ele>427.79998779296875</ele>
        <time>2026-09-12T12:05:13.000Z</time>
        <extensions>
          <ns3:TrackPointExtension>
            <ns3:hr>138</ns3:hr>
            <ns3:cad>86</ns3:cad>
          </ns3:TrackPointExtension>
        </extensions>
      </trkpt>
      <trkpt lat="34.1779010184109210968017578125" lon="108.92377275042235851287841796875">
        <ele>427.79998779296875</ele>
        <time>2026-09-12T12:05:14.000Z</time>
        <extensions>
          <ns3:TrackPointExtension>
            <ns3:hr>138</ns3:hr>
            <ns3:cad>87</ns3:cad>
          </ns3:TrackPointExtension>
        </extensions>
      </trkpt>
      <trkpt lat="34.1778805665671825408935546875" lon="108.92376772128045558929443359375">
        <ele>427.79998779296875</ele>
        <time>2026-09-12T12:05:15.000Z</time>
        <extensions>
          <ns3:TrackPointExtension>
            <ns3:hr>139</ns3:hr>
            <ns3:cad>87</ns3:cad>
          </ns3:TrackPointExtension>
        </extensions>
      </trkpt>
      <trkpt lat="34.177856259047985076904296875" lon="108.9237589202821254730224609375">
        <ele>427.79998779296875</ele>
        <time>2026-09-12T12:05:16.000Z</time>
        <extensions>
          <ns3:TrackPointExtension>
            <ns3:hr>140</ns3:hr>
            <ns3:cad>87</ns3:cad>
          </ns3:TrackPointExtension>
        </extensions>
      </trkpt>
      <trkpt lat="34.17783823795616626739501953125" lon="108.92375414259731769561767578125">
        <ele>427.79998779296875</ele>
        <time>2026-09-12T12:05:17.000Z</time>
        <extensions>
          <ns3:TrackPointExtension>
            <ns3:hr>140</ns3:hr>
            <ns3:cad>87</ns3:cad>
          </ns3:TrackPointExtension>
        </extensions>
      </trkpt>
      <trkpt lat="34.17781510390341281890869140625" lon="108.92374827526509761810302734375">
        <ele>427.79998779296875</ele>
        <time>2026-09-12T12:05:18.000Z</time>
        <extensions>
          <ns3:TrackPointExtension>
            <ns3:hr>140</ns3:hr>
            <ns3:cad>87</ns3:cad>
          </ns3:TrackPointExtension>
        </extensions>
      </trkpt>
      <trkpt lat="34.177794568240642547607421875" lon="108.92374140210449695587158203125">
        <ele>428</ele>
        <time>2026-09-12T12:05:19.000Z</time>
        <extensions>
          <ns3:TrackPointExtension>
            <ns3:hr>140</ns3:hr>
            <ns3:cad>86</ns3:cad>
          </ns3:TrackPointExtension>
        </extensions>
      </trkpt>
      <trkpt lat="34.17777520604431629180908203125" lon="108.92373737879097461700439453125">
        <ele>427.79998779296875</ele>
        <time>2026-09-12T12:05:20.000Z</time>
        <extensions>
          <ns3:TrackPointExtension>
            <ns3:hr>141</ns3:hr>
            <ns3:cad>86</ns3:cad>
          </ns3:TrackPointExtension>
        </extensions>
      </trkpt>
      <trkpt lat="34.17775223962962627410888671875" lon="108.92373352311551570892333984375">
        <ele>428</ele>
        <time>2026-09-12T12:05:21.000Z</time>
        <extensions>
          <ns3:TrackPointExtension>
            <ns3:hr>141</ns3:hr>
            <ns3:cad>86</ns3:cad>
          </ns3:TrackPointExtension>
        </extensions>
      </trkpt>
      <trkpt lat="34.1777306981384754180908203125" lon="108.9237327687442302703857421875">
        <ele>428</ele>
        <time>2026-09-12T12:05:22.000Z</time>
        <extensions>
          <ns3:TrackPointExtension>
            <ns3:hr>141</ns3:hr>
            <ns3:cad>86</ns3:cad>
          </ns3:TrackPointExtension>
        </extensions>
      </trkpt>
      <trkpt lat="34.17770496569573879241943359375" lon="108.92372279427945613861083984375">
        <ele>428</ele>
        <time>2026-09-12T12:05:23.000Z</time>
        <extensions>
          <ns3:TrackPointExtension>
            <ns3:hr>141</ns3:hr>
            <ns3:cad>86</ns3:cad>
          </ns3:TrackPointExtension>
        </extensions>
      </trkpt>
      <trkpt lat="34.17768719606101512908935546875" lon="108.92371726222336292266845703125">
        <ele>428</ele>
        <time>2026-09-12T12:05:24.000Z</time>
        <extensions>
          <ns3:TrackPointExtension>
            <ns3:hr>141</ns3:hr>
            <ns3:cad>86</ns3:cad>
          </ns3:TrackPointExtension>
        </extensions>
      </trkpt>
      <trkpt lat="34.17766523547470569610595703125" lon="108.9237079583108425140380859375">
        <ele>427.79998779296875</ele>
        <time>2026-09-12T12:05:25.000Z</time>
        <extensions>
          <ns3:TrackPointExtension>
            <ns3:hr>140</ns3:hr>
            <ns3:cad>87</ns3:cad>
          </ns3:TrackPointExtension>
        </extensions>
      </trkpt>
      <trkpt lat="34.1776539199054241180419921875" lon="108.923702426254749298095703125">
        <ele>427.79998779296875</ele>
        <time>2026-09-12T12:05:26.000Z</time>
        <extensions>
          <ns3:TrackPointExtension>
            <ns3:hr>141</ns3:hr>
            <ns3:cad>87</ns3:cad>
          </ns3:TrackPointExtension>
        </extensions>
      </trkpt>
      <trkpt lat="34.17763405479490756988525390625" lon="108.92369094304740428924560546875">
        <ele>427.79998779296875</ele>
        <time>2026-09-12T12:05:27.000Z</time>
        <extensions>
          <ns3:TrackPointExtension>
            <ns3:hr>141</ns3:hr>
            <ns3:cad>87</ns3:cad>
          </ns3:TrackPointExtension>
        </extensions>
      </trkpt>
      <trkpt lat="34.17761796154081821441650390625" lon="108.92369027249515056610107421875">
        <ele>427.79998779296875</ele>
        <time>2026-09-12T12:05:28.000Z</time>
        <extensions>
          <ns3:TrackPointExtension>
            <ns3:hr>141</ns3:hr>
            <ns3:cad>87</ns3:cad>
          </ns3:TrackPointExtension>
        </extensions>
      </trkpt>
      <trkpt lat="34.17759583331644535064697265625" lon="108.923684991896152496337890625">
        <ele>428</ele>
        <time>2026-09-12T12:05:29.000Z</time>
        <extensions>
          <ns3:TrackPointExtension>
            <ns3:hr>140</ns3:hr>
            <ns3:cad>87</ns3:cad>
          </ns3:TrackPointExtension>
        </extensions>
      </trkpt>
      <trkpt lat="34.17757487855851650238037109375" lon="108.92368532717227935791015625">
        <ele>428</ele>
        <time>2026-09-12T12:05:30.000Z</time>
        <extensions>
          <ns3:TrackPointExtension>
            <ns3:hr>141</ns3:hr>
            <ns3:cad>88</ns3:cad>
          </ns3:TrackPointExtension>
        </extensions>
      </trkpt>
      <trkpt lat="34.1775469668209552764892578125" lon="108.92368507571518421173095703125">
        <ele>428</ele>
        <time>2026-09-12T12:05:31.000Z</time>
        <extensions>
          <ns3:TrackPointExtension>
            <ns3:hr>141</ns3:hr>
            <ns3:cad>88</ns3:cad>
          </ns3:TrackPointExtension>
        </extensions>
      </trkpt>
      <trkpt lat="34.1775258444249629974365234375" lon="108.92368054948747158050537109375">
        <ele>428</ele>
        <time>2026-09-12T12:05:32.000Z</time>
        <extensions>
          <ns3:TrackPointExtension>
            <ns3:hr>141</ns3:hr>
            <ns3:cad>88</ns3:cad>
          </ns3:TrackPointExtension>
        </extensions>
      </trkpt>
      <trkpt lat="34.1775030456483364105224609375" lon="108.9236831478774547576904296875">
        <ele>428</ele>
        <time>2026-09-12T12:05:33.000Z</time>
        <extensions>
          <ns3:TrackPointExtension>
            <ns3:hr>140</ns3:hr>
            <ns3:cad>88</ns3:cad>
          </ns3:TrackPointExtension>
        </extensions>
      </trkpt>
      <trkpt lat="34.1774748824536800384521484375" lon="108.92367887310683727264404296875">
        <ele>428</ele>
        <time>2026-09-12T12:05:34.000Z</time>
        <extensions>
          <ns3:TrackPointExtension>
            <ns3:hr>140</ns3:hr>
            <ns3:cad>88</ns3:cad>
          </ns3:TrackPointExtension>
        </extensions>
      </trkpt>
      <trkpt lat="34.177453927695751190185546875" lon="108.923680968582630157470703125">
        <ele>428</ele>
        <time>2026-09-12T12:05:35.000Z</time>
        <extensions>
          <ns3:TrackPointExtension>
            <ns3:hr>140</ns3:hr>
            <ns3:cad>87</ns3:cad>
          </ns3:TrackPointExtension>
        </extensions>
      </trkpt>
      <trkpt lat="34.17742551304399967193603515625" lon="108.92367484979331493377685546875">
        <ele>428</ele>
        <time>2026-09-12T12:05:36.000Z</time>
        <extensions>
          <ns3:TrackPointExtension>
            <ns3:hr>140</ns3:hr>
            <ns3:cad>87</ns3:cad>
          </ns3:TrackPointExtension>
        </extensions>
      </trkpt>
      <trkpt lat="34.17740841396152973175048828125" lon="108.92367384396493434906005859375">
        <ele>428</ele>
        <time>2026-09-12T12:05:37.000Z</time>
        <extensions>
          <ns3:TrackPointExtension>
            <ns3:hr>140</ns3:hr>
            <ns3:cad>87</ns3:cad>
          </ns3:TrackPointExtension>
        </extensions>
      </trkpt>
      <trkpt lat="34.177378825843334197998046875" lon="108.92366982065141201019287109375">
        <ele>428.20001220703125</ele>
        <time>2026-09-12T12:05:38.000Z</time>
        <extensions>
          <ns3:TrackPointExtension>
            <ns3:hr>140</ns3:hr>
            <ns3:cad>88</ns3:cad>
          </ns3:TrackPointExtension>
        </extensions>
      </trkpt>
      <trkpt lat="34.17736105620861053466796875" lon="108.923673592507839202880859375">
        <ele>428.20001220703125</ele>
        <time>2026-09-12T12:05:39.000Z</time>
        <extensions>
          <ns3:TrackPointExtension>
            <ns3:hr>140</ns3:hr>
            <ns3:cad>88</ns3:cad>
          </ns3:TrackPointExtension>
        </extensions>
      </trkpt>
      <trkpt lat="34.17733347974717617034912109375" lon="108.92366831190884113311767578125">
        <ele>428.20001220703125</ele>
        <time>2026-09-12T12:05:40.000Z</time>
        <extensions>
          <ns3:TrackPointExtension>
            <ns3:hr>140</ns3:hr>
            <ns3:cad>88</ns3:cad>
          </ns3:TrackPointExtension>
        </extensions>
      </trkpt>
      <trkpt lat="34.1773142851889133453369140625" lon="108.9236694015562534332275390625">
        <ele>428</ele>
        <time>2026-09-12T12:05:41.000Z</time>
        <extensions>
          <ns3:TrackPointExtension>
            <ns3:hr>140</ns3:hr>
            <ns3:cad>87</ns3:cad>
          </ns3:TrackPointExtension>
        </extensions>
      </trkpt>
      <trkpt lat="34.1772888042032718658447265625" lon="108.92366680316627025604248046875">
        <ele>428</ele>
        <time>2026-09-12T12:05:42.000Z</time>
        <extensions>
          <ns3:TrackPointExtension>
            <ns3:hr>140</ns3:hr>
            <ns3:cad>87</ns3:cad>
          </ns3:TrackPointExtension>
        </extensions>
      </trkpt>
      <trkpt lat="34.17726910673081874847412109375" lon="108.9236687310039997100830078125">
        <ele>428</ele>
        <time>2026-09-12T12:05:43.000Z</time>
        <extensions>
          <ns3:TrackPointExtension>
            <ns3:hr>140</ns3:hr>
            <ns3:cad>87</ns3:cad>
          </ns3:TrackPointExtension>
        </extensions>
      </trkpt>
      <trkpt lat="34.1772450506687164306640625" lon="108.92366864718496799468994140625">
        <ele>428.20001220703125</ele>
        <time>2026-09-12T12:05:44.000Z</time>
        <extensions>
          <ns3:TrackPointExtension>
            <ns3:hr>140</ns3:hr>
            <ns3:cad>87</ns3:cad>
          </ns3:TrackPointExtension>
        </extensions>
      </trkpt>
      <trkpt lat="34.17722183279693126678466796875" lon="108.92367116175591945648193359375">
        <ele>428.20001220703125</ele>
        <time>2026-09-12T12:05:45.000Z</time>
        <extensions>
          <ns3:TrackPointExtension>
            <ns3:hr>139</ns3:hr>
            <ns3:cad>87</ns3:cad>
          </ns3:TrackPointExtension>
        </extensions>
      </trkpt>
      <trkpt lat="34.1771994531154632568359375" lon="108.9236725866794586181640625">
        <ele>428.20001220703125</ele>
        <time>2026-09-12T12:05:46.000Z</time>
        <extensions>
          <ns3:TrackPointExtension>
            <ns3:hr>139</ns3:hr>
            <ns3:cad>88</ns3:cad>
          </ns3:TrackPointExtension>
        </extensions>
      </trkpt>
      <trkpt lat="34.1771774925291538238525390625" lon="108.92366630025207996368408203125">
        <ele>428.20001220703125</ele>
        <time>2026-09-12T12:05:47.000Z</time>
        <extensions>
          <ns3:TrackPointExtension>
            <ns3:hr>139</ns3:hr>
            <ns3:cad>88</ns3:cad>
          </ns3:TrackPointExtension>
        </extensions>
      </trkpt>
      <trkpt lat="34.1771583817899227142333984375" lon="108.92366881482303142547607421875">
        <ele>428.20001220703125</ele>
        <time>2026-09-12T12:05:48.000Z</time>
        <extensions>
          <ns3:TrackPointExtension>
            <ns3:hr>139</ns3:hr>
            <ns3:cad>88</ns3:cad>
          </ns3:TrackPointExtension>
        </extensions>
      </trkpt>
      <trkpt lat="34.1771332360804080963134765625" lon="108.923662863671779632568359375">
        <ele>428.20001220703125</ele>
        <time>2026-09-12T12:05:49.000Z</time>
        <extensions>
          <ns3:TrackPointExtension>
            <ns3:hr>138</ns3:hr>
            <ns3:cad>88</ns3:cad>
          </ns3:TrackPointExtension>
        </extensions>
      </trkpt>
      <trkpt lat="34.1771131195127964019775390625" lon="108.9236643724143505096435546875">
        <ele>428.20001220703125</ele>
        <time>2026-09-12T12:05:50.000Z</time>
        <extensions>
          <ns3:TrackPointExtension>
            <ns3:hr>138</ns3:hr>
            <ns3:cad>87</ns3:cad>
          </ns3:TrackPointExtension>
        </extensions>
      </trkpt>
      <trkpt lat="34.1770889796316623687744140625" lon="108.923658169806003570556640625">
        <ele>428.20001220703125</ele>
        <time>2026-09-12T12:05:51.000Z</time>
        <extensions>
          <ns3:TrackPointExtension>
            <ns3:hr>138</ns3:hr>
            <ns3:cad>87</ns3:cad>
          </ns3:TrackPointExtension>
        </extensions>
      </trkpt>
      <trkpt lat="34.17707405984401702880859375" lon="108.92365640960633754730224609375">
        <ele>428.20001220703125</ele>
        <time>2026-09-12T12:05:52.000Z</time>
        <extensions>
          <ns3:TrackPointExtension>
            <ns3:hr>138</ns3:hr>
            <ns3:cad>87</ns3:cad>
          </ns3:TrackPointExtension>
        </extensions>
      </trkpt>
      <trkpt lat="34.1770546138286590576171875" lon="108.923657499253749847412109375">
        <ele>428.20001220703125</ele>
        <time>2026-09-12T12:05:53.000Z</time>
        <extensions>
          <ns3:TrackPointExtension>
            <ns3:hr>138</ns3:hr>
            <ns3:cad>87</ns3:cad>
          </ns3:TrackPointExtension>
        </extensions>
      </trkpt>
      <trkpt lat="34.17703650891780853271484375" lon="108.9236553199589252471923828125">
        <ele>428.20001220703125</ele>
        <time>2026-09-12T12:05:54.000Z</time>
        <extensions>
          <ns3:TrackPointExtension>
            <ns3:hr>138</ns3:hr>
            <ns3:cad>87</ns3:cad>
          </ns3:TrackPointExtension>
        </extensions>
      </trkpt>
      <trkpt lat="34.1770165599882602691650390625" lon="108.9236511290073394775390625">
        <ele>428.20001220703125</ele>
        <time>2026-09-12T12:05:55.000Z</time>
        <extensions>
          <ns3:TrackPointExtension>
            <ns3:hr>138</ns3:hr>
            <ns3:cad>87</ns3:cad>
          </ns3:TrackPointExtension>
        </extensions>
      </trkpt>
      <trkpt lat="34.17699652723968029022216796875" lon="108.92364769242703914642333984375">
        <ele>428.20001220703125</ele>
        <time>2026-09-12T12:05:56.000Z</time>
        <extensions>
          <ns3:TrackPointExtension>
            <ns3:hr>138</ns3:hr>
            <ns3:cad>87</ns3:cad>
          </ns3:TrackPointExtension>
        </extensions>
      </trkpt>
      <trkpt lat="34.17698127217590808868408203125" lon="108.92364450730383396148681640625">
        <ele>428.20001220703125</ele>
        <time>2026-09-12T12:05:57.000Z</time>
        <extensions>
          <ns3:TrackPointExtension>
            <ns3:hr>138</ns3:hr>
            <ns3:cad>87</ns3:cad>
          </ns3:TrackPointExtension>
        </extensions>
      </trkpt>
      <trkpt lat="34.1769548691809177398681640625" lon="108.92363838851451873779296875">
        <ele>428.20001220703125</ele>
        <time>2026-09-12T12:05:58.000Z</time>
        <extensions>
          <ns3:TrackPointExtension>
            <ns3:hr>138</ns3:hr>
            <ns3:cad>87</ns3:cad>
          </ns3:TrackPointExtension>
        </extensions>
      </trkpt>
      <trkpt lat="34.17693860828876495361328125" lon="108.92363897524774074554443359375">
        <ele>428.20001220703125</ele>
        <time>2026-09-12T12:05:59.000Z</time>
        <extensions>
          <ns3:TrackPointExtension>
            <ns3:hr>138</ns3:hr>
            <ns3:cad>87</ns3:cad>
          </ns3:TrackPointExtension>
        </extensions>
      </trkpt>
      <trkpt lat="34.17690902017056941986083984375" lon="108.92362941987812519073486328125">
        <ele>428.399993896484375</ele>
        <time>2026-09-12T12:06:00.000Z</time>
        <extensions>
          <ns3:TrackPointExtension>
            <ns3:hr>138</ns3:hr>
            <ns3:cad>86</ns3:cad>
          </ns3:TrackPointExtension>
        </extensions>
      </trkpt>
      <trkpt lat="34.17689301073551177978515625" lon="108.92362589947879314422607421875">
        <ele>428.399993896484375</ele>
        <time>2026-09-12T12:06:01.000Z</time>
        <extensions>
          <ns3:TrackPointExtension>
            <ns3:hr>138</ns3:hr>
            <ns3:cad>86</ns3:cad>
          </ns3:TrackPointExtension>
        </extensions>
      </trkpt>
      <trkpt lat="34.17686887085437774658203125" lon="108.92361483536660671234130859375">
        <ele>428.399993896484375</ele>
        <time>2026-09-12T12:06:02.000Z</time>
        <extensions>
          <ns3:TrackPointExtension>
            <ns3:hr>137</ns3:hr>
            <ns3:cad>86</ns3:cad>
          </ns3:TrackPointExtension>
        </extensions>
      </trkpt>
      <trkpt lat="34.1768485866487026214599609375" lon="108.92360678873956203460693359375">
        <ele>428.399993896484375</ele>
        <time>2026-09-12T12:06:03.000Z</time>
        <extensions>
          <ns3:TrackPointExtension>
            <ns3:hr>138</ns3:hr>
            <ns3:cad>87</ns3:cad>
          </ns3:TrackPointExtension>
        </extensions>
      </trkpt>
      <trkpt lat="34.17682771570980548858642578125" lon="108.9236056990921497344970703125">
        <ele>428.399993896484375</ele>
        <time>2026-09-12T12:06:04.000Z</time>
        <extensions>
          <ns3:TrackPointExtension>
            <ns3:hr>138</ns3:hr>
            <ns3:cad>87</ns3:cad>
          </ns3:TrackPointExtension>
        </extensions>
      </trkpt>
      <trkpt lat="34.17680718004703521728515625" lon="108.92360343597829341888427734375">
        <ele>428.399993896484375</ele>
        <time>2026-09-12T12:06:05.000Z</time>
        <extensions>
          <ns3:TrackPointExtension>
            <ns3:hr>138</ns3:hr>
            <ns3:cad>87</ns3:cad>
          </ns3:TrackPointExtension>
        </extensions>
      </trkpt>
      <trkpt lat="34.17678614147007465362548828125" lon="108.923606537282466888427734375">
        <ele>428.399993896484375</ele>
        <time>2026-09-12T12:06:06.000Z</time>
        <extensions>
          <ns3:TrackPointExtension>
            <ns3:hr>137</ns3:hr>
            <ns3:cad>87</ns3:cad>
          </ns3:TrackPointExtension>
        </extensions>
      </trkpt>
      <trkpt lat="34.17676166631281375885009765625" lon="108.9236013405025005340576171875">
        <ele>428.399993896484375</ele>
        <time>2026-09-12T12:06:07.000Z</time>
        <extensions>
          <ns3:TrackPointExtension>
            <ns3:hr>138</ns3:hr>
            <ns3:cad>87</ns3:cad>
          </ns3:TrackPointExtension>
        </extensions>
      </trkpt>
      <trkpt lat="34.17674481868743896484375" lon="108.92359857447445392608642578125">
        <ele>428.399993896484375</ele>
        <time>2026-09-12T12:06:08.000Z</time>
        <extensions>
          <ns3:TrackPointExtension>
            <ns3:hr>138</ns3:hr>
            <ns3:cad>86</ns3:cad>
          </ns3:TrackPointExtension>
        </extensions>
      </trkpt>
      <trkpt lat="34.17672076262533664703369140625" lon="108.92359002493321895599365234375">
        <ele>428.399993896484375</ele>
        <time>2026-09-12T12:06:09.000Z</time>
        <extensions>
          <ns3:TrackPointExtension>
            <ns3:hr>137</ns3:hr>
            <ns3:cad>86</ns3:cad>
          </ns3:TrackPointExtension>
        </extensions>
      </trkpt>
      <trkpt lat="34.17669729329645633697509765625" lon="108.9235845766961574554443359375">
        <ele>428.399993896484375</ele>
        <time>2026-09-12T12:06:10.000Z</time>
        <extensions>
          <ns3:TrackPointExtension>
            <ns3:hr>137</ns3:hr>
            <ns3:cad>88</ns3:cad>
          </ns3:TrackPointExtension>
        </extensions>
      </trkpt>
      <trkpt lat="34.176671393215656280517578125" lon="108.9235832355916500091552734375">
        <ele>428.399993896484375</ele>
        <time>2026-09-12T12:06:11.000Z</time>
        <extensions>
          <ns3:TrackPointExtension>
            <ns3:hr>137</ns3:hr>
            <ns3:cad>88</ns3:cad>
          </ns3:TrackPointExtension>
        </extensions>
      </trkpt>
      <trkpt lat="34.176648594439029693603515625" lon="108.9235787093639373779296875">
        <ele>428.399993896484375</ele>
        <time>2026-09-12T12:06:12.000Z</time>
        <extensions>
          <ns3:TrackPointExtension>
            <ns3:hr>137</ns3:hr>
            <ns3:cad>88</ns3:cad>
          </ns3:TrackPointExtension>
        </extensions>
      </trkpt>
      <trkpt lat="34.1766227781772613525390625" lon="108.92357937991619110107421875">
        <ele>428.399993896484375</ele>
        <time>2026-09-12T12:06:13.000Z</time>
        <extensions>
          <ns3:TrackPointExtension>
            <ns3:hr>137</ns3:hr>
            <ns3:cad>87</ns3:cad>
          </ns3:TrackPointExtension>
        </extensions>
      </trkpt>
      <trkpt lat="34.17659989558160305023193359375" lon="108.92357669770717620849609375">
        <ele>428.399993896484375</ele>
        <time>2026-09-12T12:06:14.000Z</time>
        <extensions>
          <ns3:TrackPointExtension>
            <ns3:hr>138</ns3:hr>
            <ns3:cad>87</ns3:cad>
          </ns3:TrackPointExtension>
        </extensions>
      </trkpt>
      <trkpt lat="34.17658112011849880218505859375" lon="108.9235755242407321929931640625">
        <ele>428.399993896484375</ele>
        <time>2026-09-12T12:06:15.000Z</time>
        <extensions>
          <ns3:TrackPointExtension>
            <ns3:hr>138</ns3:hr>
            <ns3:cad>86</ns3:cad>
          </ns3:TrackPointExtension>
        </extensions>
      </trkpt>
      <trkpt lat="34.17655597440898418426513671875" lon="108.9235688187181949615478515625">
        <ele>428.399993896484375</ele>
        <time>2026-09-12T12:06:16.000Z</time>
        <extensions>
          <ns3:TrackPointExtension>
            <ns3:hr>138</ns3:hr>
            <ns3:cad>86</ns3:cad>
          </ns3:TrackPointExtension>
        </extensions>
      </trkpt>
      <trkpt lat="34.17653870768845081329345703125" lon="108.92356420867145061492919921875">
        <ele>428.399993896484375</ele>
        <time>2026-09-12T12:06:17.000Z</time>
        <extensions>
          <ns3:TrackPointExtension>
            <ns3:hr>138</ns3:hr>
            <ns3:cad>86</ns3:cad>
          </ns3:TrackPointExtension>
        </extensions>
      </trkpt>
      <trkpt lat="34.1765166632831096649169921875" lon="108.92355565913021564483642578125">
        <ele>428.600006103515625</ele>
        <time>2026-09-12T12:06:18.000Z</time>
        <extensions>
          <ns3:TrackPointExtension>
            <ns3:hr>138</ns3:hr>
            <ns3:cad>86</ns3:cad>
          </ns3:TrackPointExtension>
        </extensions>
      </trkpt>
      <trkpt lat="34.17649797163903713226318359375" lon="108.92355364747345447540283203125">
        <ele>428.600006103515625</ele>
        <time>2026-09-12T12:06:19.000Z</time>
        <extensions>
          <ns3:TrackPointExtension>
            <ns3:hr>138</ns3:hr>
            <ns3:cad>86</ns3:cad>
          </ns3:TrackPointExtension>
        </extensions>
      </trkpt>
      <trkpt lat="34.1764767654240131378173828125" lon="108.92354928888380527496337890625">
        <ele>428.399993896484375</ele>
        <time>2026-09-12T12:06:20.000Z</time>
        <extensions>
          <ns3:TrackPointExtension>
            <ns3:hr>139</ns3:hr>
            <ns3:cad>86</ns3:cad>
          </ns3:TrackPointExtension>
        </extensions>
      </trkpt>
      <trkpt lat="34.176454804837703704833984375" lon="108.92354459501802921295166015625">
        <ele>428.600006103515625</ele>
        <time>2026-09-12T12:06:21.000Z</time>
        <extensions>
          <ns3:TrackPointExtension>
            <ns3:hr>139</ns3:hr>
            <ns3:cad>86</ns3:cad>
          </ns3:TrackPointExtension>
        </extensions>
      </trkpt>
      <trkpt lat="34.1764355264604091644287109375" lon="108.92354241572320461273193359375">
        <ele>428.600006103515625</ele>
        <time>2026-09-12T12:06:22.000Z</time>
        <extensions>
          <ns3:TrackPointExtension>
            <ns3:hr>139</ns3:hr>
            <ns3:cad>86</ns3:cad>
          </ns3:TrackPointExtension>
        </extensions>
      </trkpt>
      <trkpt lat="34.17641197331249713897705078125" lon="108.92352950759232044219970703125">
        <ele>428.600006103515625</ele>
        <time>2026-09-12T12:06:23.000Z</time>
        <extensions>
          <ns3:TrackPointExtension>
            <ns3:hr>139</ns3:hr>
            <ns3:cad>86</ns3:cad>
          </ns3:TrackPointExtension>
        </extensions>
      </trkpt>
      <trkpt lat="34.1763952933251857757568359375" lon="108.92352682538330554962158203125">
        <ele>428.600006103515625</ele>
        <time>2026-09-12T12:06:24.000Z</time>
        <extensions>
          <ns3:TrackPointExtension>
            <ns3:hr>138</ns3:hr>
            <ns3:cad>86</ns3:cad>
          </ns3:TrackPointExtension>
        </extensions>
      </trkpt>
      <trkpt lat="34.17637442238628864288330078125" lon="108.92352146096527576446533203125">
        <ele>428.600006103515625</ele>
        <time>2026-09-12T12:06:25.000Z</time>
        <extensions>
          <ns3:TrackPointExtension>
            <ns3:hr>139</ns3:hr>
            <ns3:cad>87</ns3:cad>
          </ns3:TrackPointExtension>
        </extensions>
      </trkpt>
      <trkpt lat="34.1763560660183429718017578125" lon="108.92352037131786346435546875">
        <ele>428.399993896484375</ele>
        <time>2026-09-12T12:06:26.000Z</time>
        <extensions>
          <ns3:TrackPointExtension>
            <ns3:hr>139</ns3:hr>
            <ns3:cad>87</ns3:cad>
          </ns3:TrackPointExtension>
        </extensions>
      </trkpt>
      <trkpt lat="34.17633351869881153106689453125" lon="108.923518024384975433349609375">
        <ele>428.600006103515625</ele>
        <time>2026-09-12T12:06:27.000Z</time>
        <extensions>
          <ns3:TrackPointExtension>
            <ns3:hr>139</ns3:hr>
            <ns3:cad>87</ns3:cad>
          </ns3:TrackPointExtension>
        </extensions>
      </trkpt>
      <trkpt lat="34.176314659416675567626953125" lon="108.92351525835692882537841796875">
        <ele>428.600006103515625</ele>
        <time>2026-09-12T12:06:28.000Z</time>
        <extensions>
          <ns3:TrackPointExtension>
            <ns3:hr>139</ns3:hr>
            <ns3:cad>87</ns3:cad>
          </ns3:TrackPointExtension>
        </extensions>
      </trkpt>
      <trkpt lat="34.17629580013453960418701171875" lon="108.92351006157696247100830078125">
        <ele>428.600006103515625</ele>
        <time>2026-09-12T12:06:29.000Z</time>
        <extensions>
          <ns3:TrackPointExtension>
            <ns3:hr>139</ns3:hr>
            <ns3:cad>87</ns3:cad>
          </ns3:TrackPointExtension>
        </extensions>
      </trkpt>
      <trkpt lat="34.17627518065273761749267578125" lon="108.92350201494991779327392578125">
        <ele>428.600006103515625</ele>
        <time>2026-09-12T12:06:30.000Z</time>
        <extensions>
          <ns3:TrackPointExtension>
            <ns3:hr>139</ns3:hr>
            <ns3:cad>87</ns3:cad>
          </ns3:TrackPointExtension>
        </extensions>
      </trkpt>
      <trkpt lat="34.17625322006642818450927734375" lon="108.92349648289382457733154296875">
        <ele>428.600006103515625</ele>
        <time>2026-09-12T12:06:31.000Z</time>
        <extensions>
          <ns3:TrackPointExtension>
            <ns3:hr>139</ns3:hr>
            <ns3:cad>87</ns3:cad>
          </ns3:TrackPointExtension>
        </extensions>
      </trkpt>
      <trkpt lat="34.176232516765594482421875" lon="108.9234860055148601531982421875">
        <ele>428.600006103515625</ele>
        <time>2026-09-12T12:06:32.000Z</time>
        <extensions>
          <ns3:TrackPointExtension>
            <ns3:hr>140</ns3:hr>
            <ns3:cad>87</ns3:cad>
          </ns3:TrackPointExtension>
        </extensions>
      </trkpt>
      <trkpt lat="34.176209382712841033935546875" lon="108.92348189838230609893798828125">
        <ele>428.600006103515625</ele>
        <time>2026-09-12T12:06:33.000Z</time>
        <extensions>
          <ns3:TrackPointExtension>
            <ns3:hr>139</ns3:hr>
            <ns3:cad>86</ns3:cad>
          </ns3:TrackPointExtension>
        </extensions>
      </trkpt>
      <trkpt lat="34.17618566192686557769775390625" lon="108.92347418703138828277587890625">
        <ele>428.600006103515625</ele>
        <time>2026-09-12T12:06:34.000Z</time>
        <extensions>
          <ns3:TrackPointExtension>
            <ns3:hr>139</ns3:hr>
            <ns3:cad>87</ns3:cad>
          </ns3:TrackPointExtension>
        </extensions>
      </trkpt>
      <trkpt lat="34.17616923339664936065673828125" lon="108.9234719239175319671630859375">
        <ele>428.600006103515625</ele>
        <time>2026-09-12T12:06:35.000Z</time>
        <extensions>
          <ns3:TrackPointExtension>
            <ns3:hr>140</ns3:hr>
            <ns3:cad>88</ns3:cad>
          </ns3:TrackPointExtension>
        </extensions>
      </trkpt>
      <trkpt lat="34.17614861391484737396240234375" lon="108.923468403518199920654296875">
        <ele>428.600006103515625</ele>
        <time>2026-09-12T12:06:36.000Z</time>
        <extensions>
          <ns3:TrackPointExtension>
            <ns3:hr>140</ns3:hr>
            <ns3:cad>88</ns3:cad>
          </ns3:TrackPointExtension>
        </extensions>
      </trkpt>
      <trkpt lat="34.176128916442394256591796875" lon="108.923468403518199920654296875">
        <ele>428.600006103515625</ele>
        <time>2026-09-12T12:06:37.000Z</time>
        <extensions>
          <ns3:TrackPointExtension>
            <ns3:hr>140</ns3:hr>
            <ns3:cad>88</ns3:cad>
          </ns3:TrackPointExtension>
        </extensions>
      </trkpt>
      <trkpt lat="34.1761039383709430694580078125" lon="108.92346379347145557403564453125">
        <ele>428.600006103515625</ele>
        <time>2026-09-12T12:06:38.000Z</time>
        <extensions>
          <ns3:TrackPointExtension>
            <ns3:hr>140</ns3:hr>
            <ns3:cad>88</ns3:cad>
          </ns3:TrackPointExtension>
        </extensions>
      </trkpt>
      <trkpt lat="34.1760858334600925445556640625" lon="108.92346161417663097381591796875">
        <ele>428.600006103515625</ele>
        <time>2026-09-12T12:06:39.000Z</time>
        <extensions>
          <ns3:TrackPointExtension>
            <ns3:hr>139</ns3:hr>
            <ns3:cad>88</ns3:cad>
          </ns3:TrackPointExtension>
        </extensions>
      </trkpt>
      <trkpt lat="34.17605591006577014923095703125" lon="108.92345759086310863494873046875">
        <ele>428.600006103515625</ele>
        <time>2026-09-12T12:06:40.000Z</time>
        <extensions>
          <ns3:TrackPointExtension>
            <ns3:hr>140</ns3:hr>
            <ns3:cad>87</ns3:cad>
          </ns3:TrackPointExtension>
        </extensions>
      </trkpt>
      <trkpt lat="34.17603562586009502410888671875" lon="108.92345708794891834259033203125">
        <ele>428.79998779296875</ele>
        <time>2026-09-12T12:06:41.000Z</time>
        <extensions>
          <ns3:TrackPointExtension>
            <ns3:hr>140</ns3:hr>
            <ns3:cad>87</ns3:cad>
          </ns3:TrackPointExtension>
        </extensions>
      </trkpt>
      <trkpt lat="34.17601081542670726776123046875" lon="108.92345407046377658843994140625">
        <ele>428.79998779296875</ele>
        <time>2026-09-12T12:06:42.000Z</time>
        <extensions>
          <ns3:TrackPointExtension>
            <ns3:hr>140</ns3:hr>
            <ns3:cad>87</ns3:cad>
          </ns3:TrackPointExtension>
        </extensions>
      </trkpt>
      <trkpt lat="34.175990112125873565673828125" lon="108.923449628055095672607421875">
        <ele>428.79998779296875</ele>
        <time>2026-09-12T12:06:43.000Z</time>
        <extensions>
          <ns3:TrackPointExtension>
            <ns3:hr>139</ns3:hr>
            <ns3:cad>88</ns3:cad>
          </ns3:TrackPointExtension>
        </extensions>
      </trkpt>
      <trkpt lat="34.17596790008246898651123046875" lon="108.9234464429318904876708984375">
        <ele>428.79998779296875</ele>
        <time>2026-09-12T12:06:44.000Z</time>
        <extensions>
          <ns3:TrackPointExtension>
            <ns3:hr>140</ns3:hr>
            <ns3:cad>88</ns3:cad>
          </ns3:TrackPointExtension>
        </extensions>
      </trkpt>
      <trkpt lat="34.1759468615055084228515625" lon="108.923441581428050994873046875">
        <ele>428.79998779296875</ele>
        <time>2026-09-12T12:06:45.000Z</time>
        <extensions>
          <ns3:TrackPointExtension>
            <ns3:hr>140</ns3:hr>
            <ns3:cad>87</ns3:cad>
          </ns3:TrackPointExtension>
        </extensions>
      </trkpt>
      <trkpt lat="34.175926744937896728515625" lon="108.92344049178063869476318359375">
        <ele>428.79998779296875</ele>
        <time>2026-09-12T12:06:46.000Z</time>
        <extensions>
          <ns3:TrackPointExtension>
            <ns3:hr>140</ns3:hr>
            <ns3:cad>87</ns3:cad>
          </ns3:TrackPointExtension>
        </extensions>
      </trkpt>
      <trkpt lat="34.175905622541904449462890625" lon="108.92343898303806781768798828125">
        <ele>428.79998779296875</ele>
        <time>2026-09-12T12:06:47.000Z</time>
        <extensions>
          <ns3:TrackPointExtension>
            <ns3:hr>140</ns3:hr>
            <ns3:cad>87</ns3:cad>
          </ns3:TrackPointExtension>
        </extensions>
      </trkpt>
      <trkpt lat="34.1758839972317218780517578125" lon="108.92343646846711635589599609375">
        <ele>428.79998779296875</ele>
        <time>2026-09-12T12:06:48.000Z</time>
        <extensions>
          <ns3:TrackPointExtension>
            <ns3:hr>140</ns3:hr>
            <ns3:cad>86</ns3:cad>
          </ns3:TrackPointExtension>
        </extensions>
      </trkpt>
      <trkpt lat="34.1758598573505878448486328125" lon="108.92343093641102313995361328125">
        <ele>428.79998779296875</ele>
        <time>2026-09-12T12:06:49.000Z</time>
        <extensions>
          <ns3:TrackPointExtension>
            <ns3:hr>140</ns3:hr>
            <ns3:cad>86</ns3:cad>
          </ns3:TrackPointExtension>
        </extensions>
      </trkpt>
      <trkpt lat="34.1758414171636104583740234375" lon="108.92342825420200824737548828125">
        <ele>428.79998779296875</ele>
        <time>2026-09-12T12:06:50.000Z</time>
        <extensions>
          <ns3:TrackPointExtension>
            <ns3:hr>140</ns3:hr>
            <ns3:cad>87</ns3:cad>
          </ns3:TrackPointExtension>
        </extensions>
      </trkpt>
      <trkpt lat="34.1758166067302227020263671875" lon="108.9234202913939952850341796875">
        <ele>428.79998779296875</ele>
        <time>2026-09-12T12:06:51.000Z</time>
        <extensions>
          <ns3:TrackPointExtension>
            <ns3:hr>140</ns3:hr>
            <ns3:cad>87</ns3:cad>
          </ns3:TrackPointExtension>
        </extensions>
      </trkpt>
      <trkpt lat="34.175799675285816192626953125" lon="108.9234169386327266693115234375">
        <ele>428.79998779296875</ele>
        <time>2026-09-12T12:06:52.000Z</time>
        <extensions>
          <ns3:TrackPointExtension>
            <ns3:hr>140</ns3:hr>
            <ns3:cad>87</ns3:cad>
          </ns3:TrackPointExtension>
        </extensions>
      </trkpt>
      <trkpt lat="34.1757783852517604827880859375" lon="108.9234139211475849151611328125">
        <ele>428.79998779296875</ele>
        <time>2026-09-12T12:06:53.000Z</time>
        <extensions>
          <ns3:TrackPointExtension>
            <ns3:hr>140</ns3:hr>
            <ns3:cad>87</ns3:cad>
          </ns3:TrackPointExtension>
        </extensions>
      </trkpt>
      <trkpt lat="34.1757619567215442657470703125" lon="108.9234011806547641754150390625">
        <ele>428.79998779296875</ele>
        <time>2026-09-12T12:06:54.000Z</time>
        <extensions>
          <ns3:TrackPointExtension>
            <ns3:hr>140</ns3:hr>
            <ns3:cad>87</ns3:cad>
          </ns3:TrackPointExtension>
        </extensions>
      </trkpt>
      <trkpt lat="34.1757461987435817718505859375" lon="108.9233927987515926361083984375">
        <ele>428.79998779296875</ele>
        <time>2026-09-12T12:06:55.000Z</time>
        <extensions>
          <ns3:TrackPointExtension>
            <ns3:hr>140</ns3:hr>
            <ns3:cad>85</ns3:cad>
          </ns3:TrackPointExtension>
        </extensions>
      </trkpt>
      <trkpt lat="34.17572650127112865447998046875" lon="108.92338651232421398162841796875">
        <ele>428.79998779296875</ele>
        <time>2026-09-12T12:06:56.000Z</time>
        <extensions>
          <ns3:TrackPointExtension>
            <ns3:hr>140</ns3:hr>
            <ns3:cad>85</ns3:cad>
          </ns3:TrackPointExtension>
        </extensions>
      </trkpt>
      <trkpt lat="34.17570839636027812957763671875" lon="108.9233860932290554046630859375">
        <ele>428.79998779296875</ele>
        <time>2026-09-12T12:06:57.000Z</time>
        <extensions>
          <ns3:TrackPointExtension>
            <ns3:hr>139</ns3:hr>
            <ns3:cad>85</ns3:cad>
          </ns3:TrackPointExtension>
        </extensions>
      </trkpt>
      <trkpt lat="34.1756895370781421661376953125" lon="108.92338885925710201263427734375">
        <ele>428.79998779296875</ele>
        <time>2026-09-12T12:06:58.000Z</time>
        <extensions>
          <ns3:TrackPointExtension>
            <ns3:hr>139</ns3:hr>
            <ns3:cad>85</ns3:cad>
          </ns3:TrackPointExtension>
        </extensions>
      </trkpt>
      <trkpt lat="34.17566782794892787933349609375" lon="108.92338760197162628173828125">
        <ele>428.79998779296875</ele>
        <time>2026-09-12T12:06:59.000Z</time>
        <extensions>
          <ns3:TrackPointExtension>
            <ns3:hr>139</ns3:hr>
            <ns3:cad>85</ns3:cad>
          </ns3:TrackPointExtension>
        </extensions>
      </trkpt>
      <trkpt lat="34.17564712464809417724609375" lon="108.923386596143245697021484375">
        <ele>428.79998779296875</ele>
        <time>2026-09-12T12:07:00.000Z</time>
        <extensions>
          <ns3:TrackPointExtension>
            <ns3:hr>139</ns3:hr>
            <ns3:cad>86</ns3:cad>
          </ns3:TrackPointExtension>
        </extensions>
      </trkpt>
      <trkpt lat="34.17562206275761127471923828125" lon="108.9233847521245479583740234375">
        <ele>428.79998779296875</ele>
        <time>2026-09-12T12:07:01.000Z</time>
        <extensions>
          <ns3:TrackPointExtension>
            <ns3:hr>139</ns3:hr>
            <ns3:cad>87</ns3:cad>
          </ns3:TrackPointExtension>
        </extensions>
      </trkpt>
      <trkpt lat="34.1755996830761432647705078125" lon="108.92338299192488193511962890625">
        <ele>428.79998779296875</ele>
        <time>2026-09-12T12:07:02.000Z</time>
        <extensions>
          <ns3:TrackPointExtension>
            <ns3:hr>139</ns3:hr>
            <ns3:cad>87</ns3:cad>
          </ns3:TrackPointExtension>
        </extensions>
      </trkpt>
      <trkpt lat="34.175572358071804046630859375" lon="108.923376537859439849853515625">
        <ele>428.79998779296875</ele>
        <time>2026-09-12T12:07:03.000Z</time>
        <extensions>
          <ns3:TrackPointExtension>
            <ns3:hr>139</ns3:hr>
            <ns3:cad>87</ns3:cad>
          </ns3:TrackPointExtension>
        </extensions>
      </trkpt>
      <trkpt lat="34.17555014602839946746826171875" lon="108.9233760349452495574951171875">
        <ele>428.79998779296875</ele>
        <time>2026-09-12T12:07:04.000Z</time>
        <extensions>
          <ns3:TrackPointExtension>
            <ns3:hr>139</ns3:hr>
            <ns3:cad>87</ns3:cad>
          </ns3:TrackPointExtension>
        </extensions>
      </trkpt>
      <trkpt lat="34.17552131228148937225341796875" lon="108.92337360419332981109619140625">
        <ele>428.79998779296875</ele>
        <time>2026-09-12T12:07:05.000Z</time>
        <extensions>
          <ns3:TrackPointExtension>
            <ns3:hr>139</ns3:hr>
            <ns3:cad>86</ns3:cad>
          </ns3:TrackPointExtension>
        </extensions>
      </trkpt>
      <trkpt lat="34.1755031235516071319580078125" lon="108.9233703352510929107666015625">
        <ele>428.79998779296875</ele>
        <time>2026-09-12T12:07:06.000Z</time>
        <extensions>
          <ns3:TrackPointExtension>
            <ns3:hr>139</ns3:hr>
            <ns3:cad>86</ns3:cad>
          </ns3:TrackPointExtension>
        </extensions>
      </trkpt>
      <trkpt lat="34.17547873221337795257568359375" lon="108.92336606048047542572021484375">
        <ele>428.79998779296875</ele>
        <time>2026-09-12T12:07:07.000Z</time>
        <extensions>
          <ns3:TrackPointExtension>
            <ns3:hr>139</ns3:hr>
            <ns3:cad>86</ns3:cad>
          </ns3:TrackPointExtension>
        </extensions>
      </trkpt>
      <trkpt lat="34.1754581965506076812744140625" lon="108.92336203716695308685302734375">
        <ele>428.79998779296875</ele>
        <time>2026-09-12T12:07:08.000Z</time>
        <extensions>
          <ns3:TrackPointExtension>
            <ns3:hr>140</ns3:hr>
            <ns3:cad>86</ns3:cad>
          </ns3:TrackPointExtension>
        </extensions>
      </trkpt>
      <trkpt lat="34.17543531395494937896728515625" lon="108.923358432948589324951171875">
        <ele>428.79998779296875</ele>
        <time>2026-09-12T12:07:09.000Z</time>
        <extensions>
          <ns3:TrackPointExtension>
            <ns3:hr>140</ns3:hr>
            <ns3:cad>87</ns3:cad>
          </ns3:TrackPointExtension>
        </extensions>
      </trkpt>
      <trkpt lat="34.175413437187671661376953125" lon="108.9233532361686229705810546875">
        <ele>429</ele>
        <time>2026-09-12T12:07:10.000Z</time>
        <extensions>
          <ns3:TrackPointExtension>
            <ns3:hr>140</ns3:hr>
            <ns3:cad>87</ns3:cad>
          </ns3:TrackPointExtension>
        </extensions>
      </trkpt>
      <trkpt lat="34.1753943264484405517578125" lon="108.92334829084575176239013671875">
        <ele>429</ele>
        <time>2026-09-12T12:07:11.000Z</time>
        <extensions>
          <ns3:TrackPointExtension>
            <ns3:hr>140</ns3:hr>
            <ns3:cad>87</ns3:cad>
          </ns3:TrackPointExtension>
        </extensions>
      </trkpt>
      <trkpt lat="34.17537060566246509552001953125" lon="108.9233415015041828155517578125">
        <ele>428.79998779296875</ele>
        <time>2026-09-12T12:07:12.000Z</time>
        <extensions>
          <ns3:TrackPointExtension>
            <ns3:hr>140</ns3:hr>
            <ns3:cad>87</ns3:cad>
          </ns3:TrackPointExtension>
        </extensions>
      </trkpt>
      <trkpt lat="34.17534797452390193939208984375" lon="108.92333957366645336151123046875">
        <ele>428.79998779296875</ele>
        <time>2026-09-12T12:07:13.000Z</time>
        <extensions>
          <ns3:TrackPointExtension>
            <ns3:hr>139</ns3:hr>
            <ns3:cad>87</ns3:cad>
          </ns3:TrackPointExtension>
        </extensions>
      </trkpt>
      <trkpt lat="34.175324253737926483154296875" lon="108.92333152703940868377685546875">
        <ele>428.79998779296875</ele>
        <time>2026-09-12T12:07:14.000Z</time>
        <extensions>
          <ns3:TrackPointExtension>
            <ns3:hr>140</ns3:hr>
            <ns3:cad>87</ns3:cad>
          </ns3:TrackPointExtension>
        </extensions>
      </trkpt>
      <trkpt lat="34.17530111968517303466796875" lon="108.92332381568849086761474609375">
        <ele>428.79998779296875</ele>
        <time>2026-09-12T12:07:15.000Z</time>
        <extensions>
          <ns3:TrackPointExtension>
            <ns3:hr>139</ns3:hr>
            <ns3:cad>88</ns3:cad>
          </ns3:TrackPointExtension>
        </extensions>
      </trkpt>
      <trkpt lat="34.1752771474421024322509765625" lon="108.9233170263469219207763671875">
        <ele>428.79998779296875</ele>
        <time>2026-09-12T12:07:16.000Z</time>
        <extensions>
          <ns3:TrackPointExtension>
            <ns3:hr>139</ns3:hr>
            <ns3:cad>88</ns3:cad>
          </ns3:TrackPointExtension>
        </extensions>
      </trkpt>
      <trkpt lat="34.17525409720838069915771484375" lon="108.92331442795693874359130859375">
        <ele>428.600006103515625</ele>
        <time>2026-09-12T12:07:17.000Z</time>
        <extensions>
          <ns3:TrackPointExtension>
            <ns3:hr>139</ns3:hr>
            <ns3:cad>88</ns3:cad>
          </ns3:TrackPointExtension>
        </extensions>
      </trkpt>
      <trkpt lat="34.17523280717432498931884765625" lon="108.92330981791019439697265625">
        <ele>428.600006103515625</ele>
        <time>2026-09-12T12:07:18.000Z</time>
        <extensions>
          <ns3:TrackPointExtension>
            <ns3:hr>140</ns3:hr>
            <ns3:cad>88</ns3:cad>
          </ns3:TrackPointExtension>
        </extensions>
      </trkpt>
      <trkpt lat="34.1752131097018718719482421875" lon="108.9233113266527652740478515625">
        <ele>428.600006103515625</ele>
        <time>2026-09-12T12:07:19.000Z</time>
        <extensions>
          <ns3:TrackPointExtension>
            <ns3:hr>139</ns3:hr>
            <ns3:cad>88</ns3:cad>
          </ns3:TrackPointExtension>
        </extensions>
      </trkpt>
      <trkpt lat="34.1751872934401035308837890625" lon="108.92330621369183063507080078125">
        <ele>428.600006103515625</ele>
        <time>2026-09-12T12:07:20.000Z</time>
        <extensions>
          <ns3:TrackPointExtension>
            <ns3:hr>140</ns3:hr>
            <ns3:cad>88</ns3:cad>
          </ns3:TrackPointExtension>
        </extensions>
      </trkpt>
      <trkpt lat="34.1751644946634769439697265625" lon="108.92330286093056201934814453125">
        <ele>428.600006103515625</ele>
        <time>2026-09-12T12:07:21.000Z</time>
        <extensions>
          <ns3:TrackPointExtension>
            <ns3:hr>140</ns3:hr>
            <ns3:cad>87</ns3:cad>
          </ns3:TrackPointExtension>
        </extensions>
      </trkpt>
      <trkpt lat="34.1751393489539623260498046875" lon="108.92329682596027851104736328125">
        <ele>428.600006103515625</ele>
        <time>2026-09-12T12:07:22.000Z</time>
        <extensions>
          <ns3:TrackPointExtension>
            <ns3:hr>140</ns3:hr>
            <ns3:cad>87</ns3:cad>
          </ns3:TrackPointExtension>
        </extensions>
      </trkpt>
      <trkpt lat="34.17511763982474803924560546875" lon="108.9232942275702953338623046875">
        <ele>428.600006103515625</ele>
        <time>2026-09-12T12:07:23.000Z</time>
        <extensions>
          <ns3:TrackPointExtension>
            <ns3:hr>139</ns3:hr>
            <ns3:cad>87</ns3:cad>
          </ns3:TrackPointExtension>
        </extensions>
      </trkpt>
      <trkpt lat="34.17508880607783794403076171875" lon="108.923290707170963287353515625">
        <ele>428.600006103515625</ele>
        <time>2026-09-12T12:07:24.000Z</time>
        <extensions>
          <ns3:TrackPointExtension>
            <ns3:hr>140</ns3:hr>
            <ns3:cad>87</ns3:cad>
          </ns3:TrackPointExtension>
        </extensions>
      </trkpt>
      <trkpt lat="34.1750679351389408111572265625" lon="108.92328877933323383331298828125">
        <ele>428.600006103515625</ele>
        <time>2026-09-12T12:07:25.000Z</time>
        <extensions>
          <ns3:TrackPointExtension>
            <ns3:hr>140</ns3:hr>
            <ns3:cad>88</ns3:cad>
          </ns3:TrackPointExtension>
        </extensions>
      </trkpt>
      <trkpt lat="34.17504354380071163177490234375" lon="108.923289366066455841064453125">
        <ele>428.600006103515625</ele>
        <time>2026-09-12T12:07:26.000Z</time>
        <extensions>
          <ns3:TrackPointExtension>
            <ns3:hr>140</ns3:hr>
            <ns3:cad>88</ns3:cad>
          </ns3:TrackPointExtension>
        </extensions>
      </trkpt>
      <trkpt lat="34.1750226728618144989013671875" lon="108.92328693531453609466552734375">
        <ele>428.600006103515625</ele>
        <time>2026-09-12T12:07:27.000Z</time>
        <extensions>
          <ns3:TrackPointExtension>
            <ns3:hr>139</ns3:hr>
            <ns3:cad>88</ns3:cad>
          </ns3:TrackPointExtension>
        </extensions>
      </trkpt>
      <trkpt lat="34.1750008799135684967041015625" lon="108.923282660543918609619140625">
        <ele>428.600006103515625</ele>
        <time>2026-09-12T12:07:28.000Z</time>
        <extensions>
          <ns3:TrackPointExtension>
            <ns3:hr>140</ns3:hr>
            <ns3:cad>88</ns3:cad>
          </ns3:TrackPointExtension>
        </extensions>
      </trkpt>
      <trkpt lat="34.17497766204178333282470703125" lon="108.92327670939266681671142578125">
        <ele>428.600006103515625</ele>
        <time>2026-09-12T12:07:29.000Z</time>
        <extensions>
          <ns3:TrackPointExtension>
            <ns3:hr>139</ns3:hr>
            <ns3:cad>88</ns3:cad>
          </ns3:TrackPointExtension>
        </extensions>
      </trkpt>
      <trkpt lat="34.174956791102886199951171875" lon="108.92327436245977878570556640625">
        <ele>428.600006103515625</ele>
        <time>2026-09-12T12:07:30.000Z</time>
        <extensions>
          <ns3:TrackPointExtension>
            <ns3:hr>139</ns3:hr>
            <ns3:cad>88</ns3:cad>
          </ns3:TrackPointExtension>
        </extensions>
      </trkpt>
      <trkpt lat="34.1749355010688304901123046875" lon="108.9232707582414150238037109375">
        <ele>428.600006103515625</ele>
        <time>2026-09-12T12:07:31.000Z</time>
        <extensions>
          <ns3:TrackPointExtension>
            <ns3:hr>139</ns3:hr>
            <ns3:cad>88</ns3:cad>
          </ns3:TrackPointExtension>
        </extensions>
      </trkpt>
      <trkpt lat="34.1749137081205844879150390625" lon="108.92326933331787586212158203125">
        <ele>428.600006103515625</ele>
        <time>2026-09-12T12:07:32.000Z</time>
        <extensions>
          <ns3:TrackPointExtension>
            <ns3:hr>138</ns3:hr>
            <ns3:cad>89</ns3:cad>
          </ns3:TrackPointExtension>
        </extensions>
      </trkpt>
      <trkpt lat="34.17489082552492618560791015625" lon="108.92326153814792633056640625">
        <ele>428.600006103515625</ele>
        <time>2026-09-12T12:07:33.000Z</time>
        <extensions>
          <ns3:TrackPointExtension>
            <ns3:hr>138</ns3:hr>
            <ns3:cad>89</ns3:cad>
          </ns3:TrackPointExtension>
        </extensions>
      </trkpt>
      <trkpt lat="34.17487339116632938385009765625" lon="108.92325776629149913787841796875">
        <ele>428.600006103515625</ele>
        <time>2026-09-12T12:07:34.000Z</time>
        <extensions>
          <ns3:TrackPointExtension>
            <ns3:hr>138</ns3:hr>
            <ns3:cad>89</ns3:cad>
          </ns3:TrackPointExtension>
        </extensions>
      </trkpt>
      <trkpt lat="34.1748483292758464813232421875" lon="108.92325189895927906036376953125">
        <ele>428.600006103515625</ele>
        <time>2026-09-12T12:07:35.000Z</time>
        <extensions>
          <ns3:TrackPointExtension>
            <ns3:hr>138</ns3:hr>
            <ns3:cad>88</ns3:cad>
          </ns3:TrackPointExtension>
        </extensions>
      </trkpt>
      <trkpt lat="34.1748295538127422332763671875" lon="108.92324284650385379791259765625">
        <ele>428.600006103515625</ele>
        <time>2026-09-12T12:07:36.000Z</time>
        <extensions>
          <ns3:TrackPointExtension>
            <ns3:hr>138</ns3:hr>
            <ns3:cad>87</ns3:cad>
          </ns3:TrackPointExtension>
        </extensions>
      </trkpt>
      <trkpt lat="34.17480885051190853118896484375" lon="108.92323580570518970489501953125">
        <ele>428.600006103515625</ele>
        <time>2026-09-12T12:07:37.000Z</time>
        <extensions>
          <ns3:TrackPointExtension>
            <ns3:hr>138</ns3:hr>
            <ns3:cad>87</ns3:cad>
          </ns3:TrackPointExtension>
        </extensions>
      </trkpt>
      <trkpt lat="34.174789823591709136962890625" lon="108.92322943545877933502197265625">
        <ele>428.600006103515625</ele>
        <time>2026-09-12T12:07:38.000Z</time>
        <extensions>
          <ns3:TrackPointExtension>
            <ns3:hr>137</ns3:hr>
            <ns3:cad>87</ns3:cad>
          </ns3:TrackPointExtension>
        </extensions>
      </trkpt>
      <trkpt lat="34.17477062903344631195068359375" lon="108.92322532832622528076171875">
        <ele>428.600006103515625</ele>
        <time>2026-09-12T12:07:39.000Z</time>
        <extensions>
          <ns3:TrackPointExtension>
            <ns3:hr>138</ns3:hr>
            <ns3:cad>87</ns3:cad>
          </ns3:TrackPointExtension>
        </extensions>
      </trkpt>
      <trkpt lat="34.17474858462810516357421875" lon="108.92322222702205181121826171875">
        <ele>428.600006103515625</ele>
        <time>2026-09-12T12:07:40.000Z</time>
        <extensions>
          <ns3:TrackPointExtension>
            <ns3:hr>138</ns3:hr>
            <ns3:cad>87</ns3:cad>
          </ns3:TrackPointExtension>
        </extensions>
      </trkpt>
      <trkpt lat="34.1747318208217620849609375" lon="108.92322004772722721099853515625">
        <ele>428.600006103515625</ele>
        <time>2026-09-12T12:07:41.000Z</time>
        <extensions>
          <ns3:TrackPointExtension>
            <ns3:hr>137</ns3:hr>
            <ns3:cad>87</ns3:cad>
          </ns3:TrackPointExtension>
        </extensions>
      </trkpt>
      <trkpt lat="34.1747076809406280517578125" lon="108.923218287527561187744140625">
        <ele>428.600006103515625</ele>
        <time>2026-09-12T12:07:42.000Z</time>
        <extensions>
          <ns3:TrackPointExtension>
            <ns3:hr>138</ns3:hr>
            <ns3:cad>87</ns3:cad>
          </ns3:TrackPointExtension>
        </extensions>
      </trkpt>
      <trkpt lat="34.17469083331525325775146484375" lon="108.92322038300335407257080078125">
        <ele>428.600006103515625</ele>
        <time>2026-09-12T12:07:43.000Z</time>
        <extensions>
          <ns3:TrackPointExtension>
            <ns3:hr>138</ns3:hr>
            <ns3:cad>87</ns3:cad>
          </ns3:TrackPointExtension>
        </extensions>
      </trkpt>
      <trkpt lat="34.17466769926249980926513671875" lon="108.923215605318546295166015625">
        <ele>428.399993896484375</ele>
        <time>2026-09-12T12:07:44.000Z</time>
        <extensions>
          <ns3:TrackPointExtension>
            <ns3:hr>137</ns3:hr>
            <ns3:cad>88</ns3:cad>
          </ns3:TrackPointExtension>
        </extensions>
      </trkpt>
      <trkpt lat="34.174651689827442169189453125" lon="108.9232117496430873870849609375">
        <ele>428.399993896484375</ele>
        <time>2026-09-12T12:07:45.000Z</time>
        <extensions>
          <ns3:TrackPointExtension>
            <ns3:hr>137</ns3:hr>
            <ns3:cad>87</ns3:cad>
          </ns3:TrackPointExtension>
        </extensions>
      </trkpt>
      <trkpt lat="34.1746317408978939056396484375" lon="108.9232087321579456329345703125">
        <ele>428.399993896484375</ele>
        <time>2026-09-12T12:07:46.000Z</time>
        <extensions>
          <ns3:TrackPointExtension>
            <ns3:hr>137</ns3:hr>
            <ns3:cad>87</ns3:cad>
          </ns3:TrackPointExtension>
        </extensions>
      </trkpt>
      <trkpt lat="34.1746102832257747650146484375" lon="108.92320462502539157867431640625">
        <ele>428.399993896484375</ele>
        <time>2026-09-12T12:07:47.000Z</time>
        <extensions>
          <ns3:TrackPointExtension>
            <ns3:hr>138</ns3:hr>
            <ns3:cad>86</ns3:cad>
          </ns3:TrackPointExtension>
        </extensions>
      </trkpt>
      <trkpt lat="34.17458941228687763214111328125" lon="108.92320093698799610137939453125">
        <ele>428.399993896484375</ele>
        <time>2026-09-12T12:07:48.000Z</time>
        <extensions>
          <ns3:TrackPointExtension>
            <ns3:hr>137</ns3:hr>
            <ns3:cad>86</ns3:cad>
          </ns3:TrackPointExtension>
        </extensions>
      </trkpt>
      <trkpt lat="34.17456812225282192230224609375" lon="108.923196829855442047119140625">
        <ele>428.399993896484375</ele>
        <time>2026-09-12T12:07:49.000Z</time>
        <extensions>
          <ns3:TrackPointExtension>
            <ns3:hr>138</ns3:hr>
            <ns3:cad>86</ns3:cad>
          </ns3:TrackPointExtension>
        </extensions>
      </trkpt>
      <trkpt lat="34.17454247362911701202392578125" lon="108.92319624312222003936767578125">
        <ele>428.399993896484375</ele>
        <time>2026-09-12T12:07:50.000Z</time>
        <extensions>
          <ns3:TrackPointExtension>
            <ns3:hr>138</ns3:hr>
            <ns3:cad>88</ns3:cad>
          </ns3:TrackPointExtension>
        </extensions>
      </trkpt>
      <trkpt lat="34.17451883666217327117919921875" lon="108.9231909625232219696044921875">
        <ele>428.600006103515625</ele>
        <time>2026-09-12T12:07:51.000Z</time>
        <extensions>
          <ns3:TrackPointExtension>
            <ns3:hr>138</ns3:hr>
            <ns3:cad>88</ns3:cad>
          </ns3:TrackPointExtension>
        </extensions>
      </trkpt>
      <trkpt lat="34.174498133361339569091796875" lon="108.92318836413323879241943359375">
        <ele>428.600006103515625</ele>
        <time>2026-09-12T12:07:52.000Z</time>
        <extensions>
          <ns3:TrackPointExtension>
            <ns3:hr>138</ns3:hr>
            <ns3:cad>88</ns3:cad>
          </ns3:TrackPointExtension>
        </extensions>
      </trkpt>
      <trkpt lat="34.17446955107152462005615234375" lon="108.92318509519100189208984375">
        <ele>428.600006103515625</ele>
        <time>2026-09-12T12:07:53.000Z</time>
        <extensions>
          <ns3:TrackPointExtension>
            <ns3:hr>138</ns3:hr>
            <ns3:cad>88</ns3:cad>
          </ns3:TrackPointExtension>
        </extensions>
      </trkpt>
      <trkpt lat="34.17444943450391292572021484375" lon="108.92318568192422389984130859375">
        <ele>428.600006103515625</ele>
        <time>2026-09-12T12:07:54.000Z</time>
        <extensions>
          <ns3:TrackPointExtension>
            <ns3:hr>138</ns3:hr>
            <ns3:cad>87</ns3:cad>
          </ns3:TrackPointExtension>
        </extensions>
      </trkpt>
      <trkpt lat="34.17441942729055881500244140625" lon="108.92318769358098506927490234375">
        <ele>428.600006103515625</ele>
        <time>2026-09-12T12:07:55.000Z</time>
        <extensions>
          <ns3:TrackPointExtension>
            <ns3:hr>138</ns3:hr>
            <ns3:cad>86</ns3:cad>
          </ns3:TrackPointExtension>
        </extensions>
      </trkpt>
      <trkpt lat="34.17439981363713741302490234375" lon="108.92319322563707828521728515625">
        <ele>428.600006103515625</ele>
        <time>2026-09-12T12:07:56.000Z</time>
        <extensions>
          <ns3:TrackPointExtension>
            <ns3:hr>138</ns3:hr>
            <ns3:cad>86</ns3:cad>
          </ns3:TrackPointExtension>
        </extensions>
      </trkpt>
      <trkpt lat="34.17437374591827392578125" lon="108.9232090674340724945068359375">
        <ele>428.600006103515625</ele>
        <time>2026-09-12T12:07:57.000Z</time>
        <extensions>
          <ns3:TrackPointExtension>
            <ns3:hr>137</ns3:hr>
            <ns3:cad>87</ns3:cad>
          </ns3:TrackPointExtension>
        </extensions>
      </trkpt>
      <trkpt lat="34.1743601672351360321044921875" lon="108.923227004706859588623046875">
        <ele>428.600006103515625</ele>
        <time>2026-09-12T12:07:58.000Z</time>
        <extensions>
          <ns3:TrackPointExtension>
            <ns3:hr>138</ns3:hr>
            <ns3:cad>87</ns3:cad>
          </ns3:TrackPointExtension>
        </extensions>
      </trkpt>
      <trkpt lat="34.17435270734131336212158203125" lon="108.923251815140247344970703125">
        <ele>428.600006103515625</ele>
        <time>2026-09-12T12:07:59.000Z</time>
        <extensions>
          <ns3:TrackPointExtension>
            <ns3:hr>138</ns3:hr>
            <ns3:cad>87</ns3:cad>
          </ns3:TrackPointExtension>
        </extensions>
      </trkpt>
      <trkpt lat="34.1743460856378078460693359375" lon="108.92327469773590564727783203125">
        <ele>428.79998779296875</ele>
        <time>2026-09-12T12:08:00.000Z</time>
        <extensions>
          <ns3:TrackPointExtension>
            <ns3:hr>138</ns3:hr>
            <ns3:cad>86</ns3:cad>
          </ns3:TrackPointExtension>
        </extensions>
      </trkpt>
      <trkpt lat="34.17434432543814182281494140625" lon="108.92329816706478595733642578125">
        <ele>428.79998779296875</ele>
        <time>2026-09-12T12:08:01.000Z</time>
        <extensions>
          <ns3:TrackPointExtension>
            <ns3:hr>138</ns3:hr>
            <ns3:cad>87</ns3:cad>
          </ns3:TrackPointExtension>
        </extensions>
      </trkpt>
      <trkpt lat="34.1743450798094272613525390625" lon="108.92332431860268115997314453125">
        <ele>428.79998779296875</ele>
        <time>2026-09-12T12:08:02.000Z</time>
        <extensions>
          <ns3:TrackPointExtension>
            <ns3:hr>137</ns3:hr>
            <ns3:cad>87</ns3:cad>
          </ns3:TrackPointExtension>
        </extensions>
      </trkpt>
      <trkpt lat="34.174346923828125" lon="108.92334175296127796173095703125">
        <ele>429</ele>
        <time>2026-09-12T12:08:03.000Z</time>
        <extensions>
          <ns3:TrackPointExtension>
            <ns3:hr>138</ns3:hr>
            <ns3:cad>87</ns3:cad>
          </ns3:TrackPointExtension>
        </extensions>
      </trkpt>
      <trkpt lat="34.174343235790729522705078125" lon="108.92337226308882236480712890625">
        <ele>429.20001220703125</ele>
        <time>2026-09-12T12:08:04.000Z</time>
        <extensions>
          <ns3:TrackPointExtension>
            <ns3:hr>138</ns3:hr>
            <ns3:cad>86</ns3:cad>
          </ns3:TrackPointExtension>
        </extensions>
      </trkpt>
      <trkpt lat="34.17434315197169780731201171875" lon="108.9233924634754657745361328125">
        <ele>429.20001220703125</ele>
        <time>2026-09-12T12:08:05.000Z</time>
        <extensions>
          <ns3:TrackPointExtension>
            <ns3:hr>138</ns3:hr>
            <ns3:cad>86</ns3:cad>
          </ns3:TrackPointExtension>
        </extensions>
      </trkpt>
      <trkpt lat="34.17433728463947772979736328125" lon="108.92341987229883670806884765625">
        <ele>429.20001220703125</ele>
        <time>2026-09-12T12:08:06.000Z</time>
        <extensions>
          <ns3:TrackPointExtension>
            <ns3:hr>138</ns3:hr>
            <ns3:cad>87</ns3:cad>
          </ns3:TrackPointExtension>
        </extensions>
      </trkpt>
      <trkpt lat="34.17433326132595539093017578125" lon="108.923441581428050994873046875">
        <ele>429.20001220703125</ele>
        <time>2026-09-12T12:08:07.000Z</time>
        <extensions>
          <ns3:TrackPointExtension>
            <ns3:hr>138</ns3:hr>
            <ns3:cad>87</ns3:cad>
          </ns3:TrackPointExtension>
        </extensions>
      </trkpt>
      <trkpt lat="34.17433141730725765228271484375" lon="108.9234635420143604278564453125">
        <ele>429.20001220703125</ele>
        <time>2026-09-12T12:08:08.000Z</time>
        <extensions>
          <ns3:TrackPointExtension>
            <ns3:hr>138</ns3:hr>
            <ns3:cad>87</ns3:cad>
          </ns3:TrackPointExtension>
        </extensions>
      </trkpt>
      <trkpt lat="34.17432471178472042083740234375" lon="108.92349178902804851531982421875">
        <ele>429.20001220703125</ele>
        <time>2026-09-12T12:08:09.000Z</time>
        <extensions>
          <ns3:TrackPointExtension>
            <ns3:hr>138</ns3:hr>
            <ns3:cad>86</ns3:cad>
          </ns3:TrackPointExtension>
        </extensions>
      </trkpt>
      <trkpt lat="34.1743222810328006744384765625" lon="108.92350972630083560943603515625">
        <ele>429.399993896484375</ele>
        <time>2026-09-12T12:08:10.000Z</time>
        <extensions>
          <ns3:TrackPointExtension>
            <ns3:hr>139</ns3:hr>
            <ns3:cad>86</ns3:cad>
          </ns3:TrackPointExtension>
        </extensions>
      </trkpt>
      <trkpt lat="34.17431649751961231231689453125" lon="108.92354023642838001251220703125">
        <ele>429.399993896484375</ele>
        <time>2026-09-12T12:08:11.000Z</time>
        <extensions>
          <ns3:TrackPointExtension>
            <ns3:hr>138</ns3:hr>
            <ns3:cad>86</ns3:cad>
          </ns3:TrackPointExtension>
        </extensions>
      </trkpt>
      <trkpt lat="34.1743132285773754119873046875" lon="108.9235590957105159759521484375">
        <ele>429.399993896484375</ele>
        <time>2026-09-12T12:08:12.000Z</time>
        <extensions>
          <ns3:TrackPointExtension>
            <ns3:hr>138</ns3:hr>
            <ns3:cad>86</ns3:cad>
          </ns3:TrackPointExtension>
        </extensions>
      </trkpt>
      <trkpt lat="34.17431314475834369659423828125" lon="108.92358784563839435577392578125">
        <ele>429.399993896484375</ele>
        <time>2026-09-12T12:08:13.000Z</time>
        <extensions>
          <ns3:TrackPointExtension>
            <ns3:hr>139</ns3:hr>
            <ns3:cad>86</ns3:cad>
          </ns3:TrackPointExtension>
        </extensions>
      </trkpt>
      <trkpt lat="34.1743107140064239501953125" lon="108.9236135780811309814453125">
        <ele>429.399993896484375</ele>
        <time>2026-09-12T12:08:14.000Z</time>
        <extensions>
          <ns3:TrackPointExtension>
            <ns3:hr>138</ns3:hr>
            <ns3:cad>85</ns3:cad>
          </ns3:TrackPointExtension>
        </extensions>
      </trkpt>
      <trkpt lat="34.1743112169206142425537109375" lon="108.92364081926643848419189453125">
        <ele>429.600006103515625</ele>
        <time>2026-09-12T12:08:15.000Z</time>
        <extensions>
          <ns3:TrackPointExtension>
            <ns3:hr>138</ns3:hr>
            <ns3:cad>85</ns3:cad>
          </ns3:TrackPointExtension>
        </extensions>
      </trkpt>
      <trkpt lat="34.1743145696818828582763671875" lon="108.92366864718496799468994140625">
        <ele>429.600006103515625</ele>
        <time>2026-09-12T12:08:16.000Z</time>
        <extensions>
          <ns3:TrackPointExtension>
            <ns3:hr>139</ns3:hr>
            <ns3:cad>85</ns3:cad>
          </ns3:TrackPointExtension>
        </extensions>
      </trkpt>
      <trkpt lat="34.17431532405316829681396484375" lon="108.92368398606777191162109375">
        <ele>429.600006103515625</ele>
        <time>2026-09-12T12:08:17.000Z</time>
        <extensions>
          <ns3:TrackPointExtension>
            <ns3:hr>138</ns3:hr>
            <ns3:cad>86</ns3:cad>
          </ns3:TrackPointExtension>
        </extensions>
      </trkpt>
      <trkpt lat="34.174309037625789642333984375" lon="108.9237176813185214996337890625">
        <ele>429.600006103515625</ele>
        <time>2026-09-12T12:08:18.000Z</time>
        <extensions>
          <ns3:TrackPointExtension>
            <ns3:hr>138</ns3:hr>
            <ns3:cad>86</ns3:cad>
          </ns3:TrackPointExtension>
        </extensions>
      </trkpt>
      <trkpt lat="34.1743038408458232879638671875" lon="108.9237377978861331939697265625">
        <ele>429.600006103515625</ele>
        <time>2026-09-12T12:08:19.000Z</time>
        <extensions>
          <ns3:TrackPointExtension>
            <ns3:hr>137</ns3:hr>
            <ns3:cad>86</ns3:cad>
          </ns3:TrackPointExtension>
        </extensions>
      </trkpt>
      <trkpt lat="34.1742984764277935028076171875" lon="108.923770487308502197265625">
        <ele>429.600006103515625</ele>
        <time>2026-09-12T12:08:20.000Z</time>
        <extensions>
          <ns3:TrackPointExtension>
            <ns3:hr>137</ns3:hr>
            <ns3:cad>86</ns3:cad>
          </ns3:TrackPointExtension>
        </extensions>
      </trkpt>
      <trkpt lat="34.17429856024682521820068359375" lon="108.92379471100866794586181640625">
        <ele>429.79998779296875</ele>
        <time>2026-09-12T12:08:21.000Z</time>
        <extensions>
          <ns3:TrackPointExtension>
            <ns3:hr>137</ns3:hr>
            <ns3:cad>86</ns3:cad>
          </ns3:TrackPointExtension>
        </extensions>
      </trkpt>
      <trkpt lat="34.17430157773196697235107421875" lon="108.92382136546075344085693359375">
        <ele>429.79998779296875</ele>
        <time>2026-09-12T12:08:22.000Z</time>
        <extensions>
          <ns3:TrackPointExtension>
            <ns3:hr>137</ns3:hr>
            <ns3:cad>86</ns3:cad>
          </ns3:TrackPointExtension>
        </extensions>
      </trkpt>
      <trkpt lat="34.17430174537003040313720703125" lon="108.9238440804183483123779296875">
        <ele>429.79998779296875</ele>
        <time>2026-09-12T12:08:23.000Z</time>
        <extensions>
          <ns3:TrackPointExtension>
            <ns3:hr>137</ns3:hr>
            <ns3:cad>86</ns3:cad>
          </ns3:TrackPointExtension>
        </extensions>
      </trkpt>
      <trkpt lat="34.1743058525025844573974609375" lon="108.92386646009981632232666015625">
        <ele>429.79998779296875</ele>
        <time>2026-09-12T12:08:24.000Z</time>
        <extensions>
          <ns3:TrackPointExtension>
            <ns3:hr>137</ns3:hr>
            <ns3:cad>86</ns3:cad>
          </ns3:TrackPointExtension>
        </extensions>
      </trkpt>
      <trkpt lat="34.17430602014064788818359375" lon="108.92389143817126750946044921875">
        <ele>430</ele>
        <time>2026-09-12T12:08:25.000Z</time>
        <extensions>
          <ns3:TrackPointExtension>
            <ns3:hr>138</ns3:hr>
            <ns3:cad>86</ns3:cad>
          </ns3:TrackPointExtension>
        </extensions>
      </trkpt>
      <trkpt lat="34.1743095405399799346923828125" lon="108.92390987835824489593505859375">
        <ele>430</ele>
        <time>2026-09-12T12:08:26.000Z</time>
        <extensions>
          <ns3:TrackPointExtension>
            <ns3:hr>138</ns3:hr>
            <ns3:cad>87</ns3:cad>
          </ns3:TrackPointExtension>
        </extensions>
      </trkpt>
      <trkpt lat="34.17430962435901165008544921875" lon="108.92393653281033039093017578125">
        <ele>430.20001220703125</ele>
        <time>2026-09-12T12:08:27.000Z</time>
        <extensions>
          <ns3:TrackPointExtension>
            <ns3:hr>138</ns3:hr>
            <ns3:cad>87</ns3:cad>
          </ns3:TrackPointExtension>
        </extensions>
      </trkpt>
      <trkpt lat="34.17431096546351909637451171875" lon="108.92395220696926116943359375">
        <ele>430.20001220703125</ele>
        <time>2026-09-12T12:08:28.000Z</time>
        <extensions>
          <ns3:TrackPointExtension>
            <ns3:hr>138</ns3:hr>
            <ns3:cad>87</ns3:cad>
          </ns3:TrackPointExtension>
        </extensions>
      </trkpt>
      <trkpt lat="34.17431331239640712738037109375" lon="108.923976682126522064208984375">
        <ele>430.20001220703125</ele>
        <time>2026-09-12T12:08:29.000Z</time>
        <extensions>
          <ns3:TrackPointExtension>
            <ns3:hr>138</ns3:hr>
            <ns3:cad>86</ns3:cad>
          </ns3:TrackPointExtension>
        </extensions>
      </trkpt>
      <trkpt lat="34.1743160784244537353515625" lon="108.923995792865753173828125">
        <ele>430.399993896484375</ele>
        <time>2026-09-12T12:08:30.000Z</time>
        <extensions>
          <ns3:TrackPointExtension>
            <ns3:hr>138</ns3:hr>
            <ns3:cad>86</ns3:cad>
          </ns3:TrackPointExtension>
        </extensions>
      </trkpt>
      <trkpt lat="34.1743175871670246124267578125" lon="108.92402169294655323028564453125">
        <ele>430.399993896484375</ele>
        <time>2026-09-12T12:08:31.000Z</time>
        <extensions>
          <ns3:TrackPointExtension>
            <ns3:hr>138</ns3:hr>
            <ns3:cad>87</ns3:cad>
          </ns3:TrackPointExtension>
        </extensions>
      </trkpt>
      <trkpt lat="34.174321107566356658935546875" lon="108.924049101769924163818359375">
        <ele>430.399993896484375</ele>
        <time>2026-09-12T12:08:32.000Z</time>
        <extensions>
          <ns3:TrackPointExtension>
            <ns3:hr>139</ns3:hr>
            <ns3:cad>87</ns3:cad>
          </ns3:TrackPointExtension>
        </extensions>
      </trkpt>
      <trkpt lat="34.1743214428424835205078125" lon="108.924072571098804473876953125">
        <ele>430.399993896484375</ele>
        <time>2026-09-12T12:08:33.000Z</time>
        <extensions>
          <ns3:TrackPointExtension>
            <ns3:hr>139</ns3:hr>
            <ns3:cad>87</ns3:cad>
          </ns3:TrackPointExtension>
        </extensions>
      </trkpt>
      <trkpt lat="34.17431917972862720489501953125" lon="108.92409947700798511505126953125">
        <ele>430.600006103515625</ele>
        <time>2026-09-12T12:08:34.000Z</time>
        <extensions>
          <ns3:TrackPointExtension>
            <ns3:hr>139</ns3:hr>
            <ns3:cad>87</ns3:cad>
          </ns3:TrackPointExtension>
        </extensions>
      </trkpt>
      <trkpt lat="34.174321107566356658935546875" lon="108.92412546090781688690185546875">
        <ele>430.600006103515625</ele>
        <time>2026-09-12T12:08:35.000Z</time>
        <extensions>
          <ns3:TrackPointExtension>
            <ns3:hr>139</ns3:hr>
            <ns3:cad>87</ns3:cad>
          </ns3:TrackPointExtension>
        </extensions>
      </trkpt>
      <trkpt lat="34.17431783862411975860595703125" lon="108.9241527020931243896484375">
        <ele>430.79998779296875</ele>
        <time>2026-09-12T12:08:36.000Z</time>
        <extensions>
          <ns3:TrackPointExtension>
            <ns3:hr>139</ns3:hr>
            <ns3:cad>87</ns3:cad>
          </ns3:TrackPointExtension>
        </extensions>
      </trkpt>
      <trkpt lat="34.17431632988154888153076171875" lon="108.92417625524103641510009765625">
        <ele>430.79998779296875</ele>
        <time>2026-09-12T12:08:37.000Z</time>
        <extensions>
          <ns3:TrackPointExtension>
            <ns3:hr>139</ns3:hr>
            <ns3:cad>86</ns3:cad>
          </ns3:TrackPointExtension>
        </extensions>
      </trkpt>
      <trkpt lat="34.17431297712028026580810546875" lon="108.92420659773051738739013671875">
        <ele>431</ele>
        <time>2026-09-12T12:08:38.000Z</time>
        <extensions>
          <ns3:TrackPointExtension>
            <ns3:hr>139</ns3:hr>
            <ns3:cad>86</ns3:cad>
          </ns3:TrackPointExtension>
        </extensions>
      </trkpt>
      <trkpt lat="34.174310378730297088623046875" lon="108.92423509620130062103271484375">
        <ele>431</ele>
        <time>2026-09-12T12:08:39.000Z</time>
        <extensions>
          <ns3:TrackPointExtension>
            <ns3:hr>139</ns3:hr>
            <ns3:cad>86</ns3:cad>
          </ns3:TrackPointExtension>
        </extensions>
      </trkpt>
      <trkpt lat="34.174311049282550811767578125" lon="108.92425973899662494659423828125">
        <ele>431</ele>
        <time>2026-09-12T12:08:40.000Z</time>
        <extensions>
          <ns3:TrackPointExtension>
            <ns3:hr>140</ns3:hr>
            <ns3:cad>86</ns3:cad>
          </ns3:TrackPointExtension>
        </extensions>
      </trkpt>
      <trkpt lat="34.17431415058672428131103515625" lon="108.92428622581064701080322265625">
        <ele>431.20001220703125</ele>
        <time>2026-09-12T12:08:41.000Z</time>
        <extensions>
          <ns3:TrackPointExtension>
            <ns3:hr>140</ns3:hr>
            <ns3:cad>86</ns3:cad>
          </ns3:TrackPointExtension>
        </extensions>
      </trkpt>
      <trkpt lat="34.17431482113897800445556640625" lon="108.92431028187274932861328125">
        <ele>431.399993896484375</ele>
        <time>2026-09-12T12:08:42.000Z</time>
        <extensions>
          <ns3:TrackPointExtension>
            <ns3:hr>140</ns3:hr>
            <ns3:cad>86</ns3:cad>
          </ns3:TrackPointExtension>
        </extensions>
      </trkpt>
      <trkpt lat="34.1743080317974090576171875" lon="108.9243409596383571624755859375">
        <ele>431.399993896484375</ele>
        <time>2026-09-12T12:08:43.000Z</time>
        <extensions>
          <ns3:TrackPointExtension>
            <ns3:hr>140</ns3:hr>
            <ns3:cad>86</ns3:cad>
          </ns3:TrackPointExtension>
        </extensions>
      </trkpt>
      <trkpt lat="34.17430727742612361907958984375" lon="108.92436183057725429534912109375">
        <ele>431.600006103515625</ele>
        <time>2026-09-12T12:08:44.000Z</time>
        <extensions>
          <ns3:TrackPointExtension>
            <ns3:hr>140</ns3:hr>
            <ns3:cad>86</ns3:cad>
          </ns3:TrackPointExtension>
        </extensions>
      </trkpt>
      <trkpt lat="34.1743051819503307342529296875" lon="108.9243912510573863983154296875">
        <ele>431.600006103515625</ele>
        <time>2026-09-12T12:08:45.000Z</time>
        <extensions>
          <ns3:TrackPointExtension>
            <ns3:hr>140</ns3:hr>
            <ns3:cad>86</ns3:cad>
          </ns3:TrackPointExtension>
        </extensions>
      </trkpt>
      <trkpt lat="34.17430090717971324920654296875" lon="108.924410529434680938720703125">
        <ele>431.600006103515625</ele>
        <time>2026-09-12T12:08:46.000Z</time>
        <extensions>
          <ns3:TrackPointExtension>
            <ns3:hr>140</ns3:hr>
            <ns3:cad>86</ns3:cad>
          </ns3:TrackPointExtension>
        </extensions>
      </trkpt>
      <trkpt lat="34.17429269291460514068603515625" lon="108.92443902790546417236328125">
        <ele>431.79998779296875</ele>
        <time>2026-09-12T12:08:47.000Z</time>
        <extensions>
          <ns3:TrackPointExtension>
            <ns3:hr>141</ns3:hr>
            <ns3:cad>86</ns3:cad>
          </ns3:TrackPointExtension>
        </extensions>
      </trkpt>
      <trkpt lat="34.174287579953670501708984375" lon="108.9244603179395198822021484375">
        <ele>432</ele>
        <time>2026-09-12T12:08:48.000Z</time>
        <extensions>
          <ns3:TrackPointExtension>
            <ns3:hr>141</ns3:hr>
            <ns3:cad>86</ns3:cad>
          </ns3:TrackPointExtension>
        </extensions>
      </trkpt>
      <trkpt lat="34.17428732849657535552978515625" lon="108.92448454163968563079833984375">
        <ele>432</ele>
        <time>2026-09-12T12:08:49.000Z</time>
        <extensions>
          <ns3:TrackPointExtension>
            <ns3:hr>141</ns3:hr>
            <ns3:cad>86</ns3:cad>
          </ns3:TrackPointExtension>
        </extensions>
      </trkpt>
      <trkpt lat="34.1742837242782115936279296875" lon="108.9245092682540416717529296875">
        <ele>432.20001220703125</ele>
        <time>2026-09-12T12:08:50.000Z</time>
        <extensions>
          <ns3:TrackPointExtension>
            <ns3:hr>142</ns3:hr>
            <ns3:cad>86</ns3:cad>
          </ns3:TrackPointExtension>
        </extensions>
      </trkpt>
      <trkpt lat="34.1742874123156070709228515625" lon="108.9245282113552093505859375">
        <ele>432.399993896484375</ele>
        <time>2026-09-12T12:08:51.000Z</time>
        <extensions>
          <ns3:TrackPointExtension>
            <ns3:hr>142</ns3:hr>
            <ns3:cad>87</ns3:cad>
          </ns3:TrackPointExtension>
        </extensions>
      </trkpt>
      <trkpt lat="34.1742854006588459014892578125" lon="108.92455813474953174591064453125">
        <ele>432.399993896484375</ele>
        <time>2026-09-12T12:08:52.000Z</time>
        <extensions>
          <ns3:TrackPointExtension>
            <ns3:hr>142</ns3:hr>
            <ns3:cad>87</ns3:cad>
          </ns3:TrackPointExtension>
        </extensions>
      </trkpt>
      <trkpt lat="34.1742865741252899169921875" lon="108.92457582056522369384765625">
        <ele>432.600006103515625</ele>
        <time>2026-09-12T12:08:53.000Z</time>
        <extensions>
          <ns3:TrackPointExtension>
            <ns3:hr>142</ns3:hr>
            <ns3:cad>86</ns3:cad>
          </ns3:TrackPointExtension>
        </extensions>
      </trkpt>
      <trkpt lat="34.17428053915500640869140625" lon="108.92460959963500499725341796875">
        <ele>432.600006103515625</ele>
        <time>2026-09-12T12:08:54.000Z</time>
        <extensions>
          <ns3:TrackPointExtension>
            <ns3:hr>143</ns3:hr>
            <ns3:cad>86</ns3:cad>
          </ns3:TrackPointExtension>
        </extensions>
      </trkpt>
      <trkpt lat="34.17428380809724330902099609375" lon="108.92463223077356815338134765625">
        <ele>432.79998779296875</ele>
        <time>2026-09-12T12:08:55.000Z</time>
        <extensions>
          <ns3:TrackPointExtension>
            <ns3:hr>143</ns3:hr>
            <ns3:cad>86</ns3:cad>
          </ns3:TrackPointExtension>
        </extensions>
      </trkpt>
      <trkpt lat="34.17428263463079929351806640625" lon="108.92466173507273197174072265625">
        <ele>432.79998779296875</ele>
        <time>2026-09-12T12:08:56.000Z</time>
        <extensions>
          <ns3:TrackPointExtension>
            <ns3:hr>143</ns3:hr>
            <ns3:cad>86</ns3:cad>
          </ns3:TrackPointExtension>
        </extensions>
      </trkpt>
      <trkpt lat="34.17428062297403812408447265625" lon="108.9246879704296588897705078125">
        <ele>433</ele>
        <time>2026-09-12T12:08:57.000Z</time>
        <extensions>
          <ns3:TrackPointExtension>
            <ns3:hr>143</ns3:hr>
            <ns3:cad>86</ns3:cad>
          </ns3:TrackPointExtension>
        </extensions>
      </trkpt>
      <trkpt lat="34.17427928186953067779541015625" lon="108.9247106015682220458984375">
        <ele>433.20001220703125</ele>
        <time>2026-09-12T12:08:58.000Z</time>
        <extensions>
          <ns3:TrackPointExtension>
            <ns3:hr>143</ns3:hr>
            <ns3:cad>86</ns3:cad>
          </ns3:TrackPointExtension>
        </extensions>
      </trkpt>
      <trkpt lat="34.1742716543376445770263671875" lon="108.92473809421062469482421875">
        <ele>433.20001220703125</ele>
        <time>2026-09-12T12:08:59.000Z</time>
        <extensions>
          <ns3:TrackPointExtension>
            <ns3:hr>143</ns3:hr>
            <ns3:cad>86</ns3:cad>
          </ns3:TrackPointExtension>
        </extensions>
      </trkpt>
      <trkpt lat="34.1742689721286296844482421875" lon="108.92475611530244350433349609375">
        <ele>433.399993896484375</ele>
        <time>2026-09-12T12:09:00.000Z</time>
        <extensions>
          <ns3:TrackPointExtension>
            <ns3:hr>144</ns3:hr>
            <ns3:cad>86</ns3:cad>
          </ns3:TrackPointExtension>
        </extensions>
      </trkpt>
      <trkpt lat="34.17426285333931446075439453125" lon="108.92478679306805133819580078125">
        <ele>433.399993896484375</ele>
        <time>2026-09-12T12:09:01.000Z</time>
        <extensions>
          <ns3:TrackPointExtension>
            <ns3:hr>144</ns3:hr>
            <ns3:cad>86</ns3:cad>
          </ns3:TrackPointExtension>
        </extensions>
      </trkpt>
      <trkpt lat="34.17426369152963161468505859375" lon="108.9248043112456798553466796875">
        <ele>433.600006103515625</ele>
        <time>2026-09-12T12:09:02.000Z</time>
        <extensions>
          <ns3:TrackPointExtension>
            <ns3:hr>144</ns3:hr>
            <ns3:cad>86</ns3:cad>
          </ns3:TrackPointExtension>
        </extensions>
      </trkpt>
      <trkpt lat="34.17425908148288726806640625" lon="108.92483624629676342010498046875">
        <ele>433.600006103515625</ele>
        <time>2026-09-12T12:09:03.000Z</time>
        <extensions>
          <ns3:TrackPointExtension>
            <ns3:hr>144</ns3:hr>
            <ns3:cad>86</ns3:cad>
          </ns3:TrackPointExtension>
        </extensions>
      </trkpt>
      <trkpt lat="34.1742609255015850067138671875" lon="108.924859799444675445556640625">
        <ele>433.79998779296875</ele>
        <time>2026-09-12T12:09:04.000Z</time>
        <extensions>
          <ns3:TrackPointExtension>
            <ns3:hr>144</ns3:hr>
            <ns3:cad>86</ns3:cad>
          </ns3:TrackPointExtension>
        </extensions>
      </trkpt>
      <trkpt lat="34.1742662899196147918701171875" lon="108.92488335259258747100830078125">
        <ele>433.79998779296875</ele>
        <time>2026-09-12T12:09:05.000Z</time>
        <extensions>
          <ns3:TrackPointExtension>
            <ns3:hr>145</ns3:hr>
            <ns3:cad>86</ns3:cad>
          </ns3:TrackPointExtension>
        </extensions>
      </trkpt>
      <trkpt lat="34.17427022941410541534423828125" lon="108.92491134814918041229248046875">
        <ele>434</ele>
        <time>2026-09-12T12:09:06.000Z</time>
        <extensions>
          <ns3:TrackPointExtension>
            <ns3:hr>145</ns3:hr>
            <ns3:cad>85</ns3:cad>
          </ns3:TrackPointExtension>
        </extensions>
      </trkpt>
      <trkpt lat="34.17427442036569118499755859375" lon="108.92492325045168399810791015625">
        <ele>434.20001220703125</ele>
        <time>2026-09-12T12:09:07.000Z</time>
        <extensions>
          <ns3:TrackPointExtension>
            <ns3:hr>145</ns3:hr>
            <ns3:cad>85</ns3:cad>
          </ns3:TrackPointExtension>
        </extensions>
      </trkpt>
      <trkpt lat="34.1742760129272937774658203125" lon="108.92494956962764263153076171875">
        <ele>434.20001220703125</ele>
        <time>2026-09-12T12:09:08.000Z</time>
        <extensions>
          <ns3:TrackPointExtension>
            <ns3:hr>145</ns3:hr>
            <ns3:cad>85</ns3:cad>
          </ns3:TrackPointExtension>
        </extensions>
      </trkpt>
      <trkpt lat="34.17427249252796173095703125" lon="108.924974463880062103271484375">
        <ele>434.399993896484375</ele>
        <time>2026-09-12T12:09:09.000Z</time>
        <extensions>
          <ns3:TrackPointExtension>
            <ns3:hr>145</ns3:hr>
            <ns3:cad>85</ns3:cad>
          </ns3:TrackPointExtension>
        </extensions>
      </trkpt>
      <trkpt lat="34.17427542619407176971435546875" lon="108.925001621246337890625">
        <ele>434.600006103515625</ele>
        <time>2026-09-12T12:09:10.000Z</time>
        <extensions>
          <ns3:TrackPointExtension>
            <ns3:hr>146</ns3:hr>
            <ns3:cad>85</ns3:cad>
          </ns3:TrackPointExtension>
        </extensions>
      </trkpt>
      <trkpt lat="34.1742750070989131927490234375" lon="108.92502886243164539337158203125">
        <ele>434.79998779296875</ele>
        <time>2026-09-12T12:09:11.000Z</time>
        <extensions>
          <ns3:TrackPointExtension>
            <ns3:hr>146</ns3:hr>
            <ns3:cad>85</ns3:cad>
          </ns3:TrackPointExtension>
        </extensions>
      </trkpt>
      <trkpt lat="34.174276851117610931396484375" lon="108.9250480569899082183837890625">
        <ele>435</ele>
        <time>2026-09-12T12:09:12.000Z</time>
        <extensions>
          <ns3:TrackPointExtension>
            <ns3:hr>146</ns3:hr>
            <ns3:cad>84</ns3:cad>
          </ns3:TrackPointExtension>
        </extensions>
      </trkpt>
      <trkpt lat="34.1742746718227863311767578125" lon="108.925077058374881744384765625">
        <ele>435.20001220703125</ele>
        <time>2026-09-12T12:09:13.000Z</time>
        <extensions>
          <ns3:TrackPointExtension>
            <ns3:hr>146</ns3:hr>
            <ns3:cad>85</ns3:cad>
          </ns3:TrackPointExtension>
        </extensions>
      </trkpt>
      <trkpt lat="34.1742780245840549468994140625" lon="108.9250943250954151153564453125">
        <ele>435.20001220703125</ele>
        <time>2026-09-12T12:09:14.000Z</time>
        <extensions>
          <ns3:TrackPointExtension>
            <ns3:hr>146</ns3:hr>
            <ns3:cad>85</ns3:cad>
          </ns3:TrackPointExtension>
        </extensions>
      </trkpt>
      <trkpt lat="34.1742756776511669158935546875" lon="108.9251261763274669647216796875">
        <ele>435.399993896484375</ele>
        <time>2026-09-12T12:09:15.000Z</time>
        <extensions>
          <ns3:TrackPointExtension>
            <ns3:hr>147</ns3:hr>
            <ns3:cad>86</ns3:cad>
          </ns3:TrackPointExtension>
        </extensions>
      </trkpt>
      <trkpt lat="34.1742760129272937774658203125" lon="108.925148807466030120849609375">
        <ele>435.399993896484375</ele>
        <time>2026-09-12T12:09:16.000Z</time>
        <extensions>
          <ns3:TrackPointExtension>
            <ns3:hr>147</ns3:hr>
            <ns3:cad>86</ns3:cad>
          </ns3:TrackPointExtension>
        </extensions>
      </trkpt>
      <trkpt lat="34.1742780245840549468994140625" lon="108.92518057487905025482177734375">
        <ele>435.600006103515625</ele>
        <time>2026-09-12T12:09:17.000Z</time>
        <extensions>
          <ns3:TrackPointExtension>
            <ns3:hr>147</ns3:hr>
            <ns3:cad>86</ns3:cad>
          </ns3:TrackPointExtension>
        </extensions>
      </trkpt>
      <trkpt lat="34.1742797009646892547607421875" lon="108.925205133855342864990234375">
        <ele>435.79998779296875</ele>
        <time>2026-09-12T12:09:18.000Z</time>
        <extensions>
          <ns3:TrackPointExtension>
            <ns3:hr>147</ns3:hr>
            <ns3:cad>86</ns3:cad>
          </ns3:TrackPointExtension>
        </extensions>
      </trkpt>
      <trkpt lat="34.17428062297403812408447265625" lon="108.925228603184223175048828125">
        <ele>436</ele>
        <time>2026-09-12T12:09:19.000Z</time>
        <extensions>
          <ns3:TrackPointExtension>
            <ns3:hr>147</ns3:hr>
            <ns3:cad>86</ns3:cad>
          </ns3:TrackPointExtension>
        </extensions>
      </trkpt>
      <trkpt lat="34.174282215535640716552734375" lon="108.92525483854115009307861328125">
        <ele>436.20001220703125</ele>
        <time>2026-09-12T12:09:20.000Z</time>
        <extensions>
          <ns3:TrackPointExtension>
            <ns3:hr>147</ns3:hr>
            <ns3:cad>86</ns3:cad>
          </ns3:TrackPointExtension>
        </extensions>
      </trkpt>
      <trkpt lat="34.17428397573530673980712890625" lon="108.9252753742039203643798828125">
        <ele>436.20001220703125</ele>
        <time>2026-09-12T12:09:21.000Z</time>
        <extensions>
          <ns3:TrackPointExtension>
            <ns3:hr>147</ns3:hr>
            <ns3:cad>86</ns3:cad>
          </ns3:TrackPointExtension>
        </extensions>
      </trkpt>
      <trkpt lat="34.1742813773453235626220703125" lon="108.9253087341785430908203125">
        <ele>436.399993896484375</ele>
        <time>2026-09-12T12:09:22.000Z</time>
        <extensions>
          <ns3:TrackPointExtension>
            <ns3:hr>147</ns3:hr>
            <ns3:cad>86</ns3:cad>
          </ns3:TrackPointExtension>
        </extensions>
      </trkpt>
      <trkpt lat="34.1742800362408161163330078125" lon="108.9253293536603450775146484375">
        <ele>436.600006103515625</ele>
        <time>2026-09-12T12:09:23.000Z</time>
        <extensions>
          <ns3:TrackPointExtension>
            <ns3:hr>148</ns3:hr>
            <ns3:cad>86</ns3:cad>
          </ns3:TrackPointExtension>
        </extensions>
      </trkpt>
      <trkpt lat="34.1742750070989131927490234375" lon="108.9253591932356357574462890625">
        <ele>436.79998779296875</ele>
        <time>2026-09-12T12:09:24.000Z</time>
        <extensions>
          <ns3:TrackPointExtension>
            <ns3:hr>148</ns3:hr>
            <ns3:cad>86</ns3:cad>
          </ns3:TrackPointExtension>
        </extensions>
      </trkpt>
      <trkpt lat="34.17427240870893001556396484375" lon="108.925378136336803436279296875">
        <ele>436.79998779296875</ele>
        <time>2026-09-12T12:09:25.000Z</time>
        <extensions>
          <ns3:TrackPointExtension>
            <ns3:hr>148</ns3:hr>
            <ns3:cad>87</ns3:cad>
          </ns3:TrackPointExtension>
        </extensions>
      </trkpt>
      <trkpt lat="34.1742713190615177154541015625" lon="108.92539967782795429229736328125">
        <ele>437</ele>
        <time>2026-09-12T12:09:26.000Z</time>
        <extensions>
          <ns3:TrackPointExtension>
            <ns3:hr>148</ns3:hr>
            <ns3:cad>87</ns3:cad>
          </ns3:TrackPointExtension>
        </extensions>
      </trkpt>
      <trkpt lat="34.17427173815667629241943359375" lon="108.925426416099071502685546875">
        <ele>437.20001220703125</ele>
        <time>2026-09-12T12:09:27.000Z</time>
        <extensions>
          <ns3:TrackPointExtension>
            <ns3:hr>149</ns3:hr>
            <ns3:cad>86</ns3:cad>
          </ns3:TrackPointExtension>
        </extensions>
      </trkpt>
      <trkpt lat="34.1742719896137714385986328125" lon="108.92544946633279323577880859375">
        <ele>437.20001220703125</ele>
        <time>2026-09-12T12:09:28.000Z</time>
        <extensions>
          <ns3:TrackPointExtension>
            <ns3:hr>149</ns3:hr>
            <ns3:cad>87</ns3:cad>
          </ns3:TrackPointExtension>
        </extensions>
      </trkpt>
      <trkpt lat="34.17426788248121738433837890625" lon="108.9254775457084178924560546875">
        <ele>437.399993896484375</ele>
        <time>2026-09-12T12:09:29.000Z</time>
        <extensions>
          <ns3:TrackPointExtension>
            <ns3:hr>150</ns3:hr>
            <ns3:cad>87</ns3:cad>
          </ns3:TrackPointExtension>
        </extensions>
      </trkpt>
      <trkpt lat="34.1742656193673610687255859375" lon="108.925498835742473602294921875">
        <ele>437.399993896484375</ele>
        <time>2026-09-12T12:09:30.000Z</time>
        <extensions>
          <ns3:TrackPointExtension>
            <ns3:hr>150</ns3:hr>
            <ns3:cad>86</ns3:cad>
          </ns3:TrackPointExtension>
        </extensions>
      </trkpt>
      <trkpt lat="34.17426721192896366119384765625" lon="108.92552238889038562774658203125">
        <ele>437.600006103515625</ele>
        <time>2026-09-12T12:09:31.000Z</time>
        <extensions>
          <ns3:TrackPointExtension>
            <ns3:hr>150</ns3:hr>
            <ns3:cad>86</ns3:cad>
          </ns3:TrackPointExtension>
        </extensions>
      </trkpt>
      <trkpt lat="34.1742686368525028228759765625" lon="108.925540409982204437255859375">
        <ele>437.79998779296875</ele>
        <time>2026-09-12T12:09:32.000Z</time>
        <extensions>
          <ns3:TrackPointExtension>
            <ns3:hr>150</ns3:hr>
            <ns3:cad>86</ns3:cad>
          </ns3:TrackPointExtension>
        </extensions>
      </trkpt>
      <trkpt lat="34.17427307926118373870849609375" lon="108.92556245438754558563232421875">
        <ele>437.79998779296875</ele>
        <time>2026-09-12T12:09:33.000Z</time>
        <extensions>
          <ns3:TrackPointExtension>
            <ns3:hr>151</ns3:hr>
            <ns3:cad>86</ns3:cad>
          </ns3:TrackPointExtension>
        </extensions>
      </trkpt>
      <trkpt lat="34.174269139766693115234375" lon="108.92558340914547443389892578125">
        <ele>438</ele>
        <time>2026-09-12T12:09:34.000Z</time>
        <extensions>
          <ns3:TrackPointExtension>
            <ns3:hr>151</ns3:hr>
            <ns3:cad>86</ns3:cad>
          </ns3:TrackPointExtension>
        </extensions>
      </trkpt>
      <trkpt lat="34.1742651164531707763671875" lon="108.92560436390340328216552734375">
        <ele>438</ele>
        <time>2026-09-12T12:09:35.000Z</time>
        <extensions>
          <ns3:TrackPointExtension>
            <ns3:hr>151</ns3:hr>
            <ns3:cad>86</ns3:cad>
          </ns3:TrackPointExtension>
        </extensions>
      </trkpt>
      <trkpt lat="34.1742592491209506988525390625" lon="108.925625570118427276611328125">
        <ele>438.20001220703125</ele>
        <time>2026-09-12T12:09:36.000Z</time>
        <extensions>
          <ns3:TrackPointExtension>
            <ns3:hr>151</ns3:hr>
            <ns3:cad>86</ns3:cad>
          </ns3:TrackPointExtension>
        </extensions>
      </trkpt>
      <trkpt lat="34.17425983585417270660400390625" lon="108.92564627341926097869873046875">
        <ele>438.399993896484375</ele>
        <time>2026-09-12T12:09:37.000Z</time>
        <extensions>
          <ns3:TrackPointExtension>
            <ns3:hr>151</ns3:hr>
            <ns3:cad>87</ns3:cad>
          </ns3:TrackPointExtension>
        </extensions>
      </trkpt>
      <trkpt lat="34.17425665073096752166748046875" lon="108.925676532089710235595703125">
        <ele>438.600006103515625</ele>
        <time>2026-09-12T12:09:38.000Z</time>
        <extensions>
          <ns3:TrackPointExtension>
            <ns3:hr>151</ns3:hr>
            <ns3:cad>87</ns3:cad>
          </ns3:TrackPointExtension>
        </extensions>
      </trkpt>
      <trkpt lat="34.17426050640642642974853515625" lon="108.9256991632282733917236328125">
        <ele>438.600006103515625</ele>
        <time>2026-09-12T12:09:39.000Z</time>
        <extensions>
          <ns3:TrackPointExtension>
            <ns3:hr>152</ns3:hr>
            <ns3:cad>87</ns3:cad>
          </ns3:TrackPointExtension>
        </extensions>
      </trkpt>
      <trkpt lat="34.17426151223480701446533203125" lon="108.925727494060993194580078125">
        <ele>438.79998779296875</ele>
        <time>2026-09-12T12:09:40.000Z</time>
        <extensions>
          <ns3:TrackPointExtension>
            <ns3:hr>152</ns3:hr>
            <ns3:cad>87</ns3:cad>
          </ns3:TrackPointExtension>
        </extensions>
      </trkpt>
      <trkpt lat="34.17425505816936492919921875" lon="108.92575574107468128204345703125">
        <ele>439</ele>
        <time>2026-09-12T12:09:41.000Z</time>
        <extensions>
          <ns3:TrackPointExtension>
            <ns3:hr>152</ns3:hr>
            <ns3:cad>87</ns3:cad>
          </ns3:TrackPointExtension>
        </extensions>
      </trkpt>
      <trkpt lat="34.17425237596035003662109375" lon="108.92577971331775188446044921875">
        <ele>439</ele>
        <time>2026-09-12T12:09:42.000Z</time>
        <extensions>
          <ns3:TrackPointExtension>
            <ns3:hr>152</ns3:hr>
            <ns3:cad>87</ns3:cad>
          </ns3:TrackPointExtension>
        </extensions>
      </trkpt>
      <trkpt lat="34.174248687922954559326171875" lon="108.92580418847501277923583984375">
        <ele>439.20001220703125</ele>
        <time>2026-09-12T12:09:43.000Z</time>
        <extensions>
          <ns3:TrackPointExtension>
            <ns3:hr>152</ns3:hr>
            <ns3:cad>86</ns3:cad>
          </ns3:TrackPointExtension>
        </extensions>
      </trkpt>
      <trkpt lat="34.1742458380758762359619140625" lon="108.92582329921424388885498046875">
        <ele>439.20001220703125</ele>
        <time>2026-09-12T12:09:44.000Z</time>
        <extensions>
          <ns3:TrackPointExtension>
            <ns3:hr>152</ns3:hr>
            <ns3:cad>86</ns3:cad>
          </ns3:TrackPointExtension>
        </extensions>
      </trkpt>
      <trkpt lat="34.17424323968589305877685546875" lon="108.9258503727614879608154296875">
        <ele>439.399993896484375</ele>
        <time>2026-09-12T12:09:45.000Z</time>
        <extensions>
          <ns3:TrackPointExtension>
            <ns3:hr>152</ns3:hr>
            <ns3:cad>86</ns3:cad>
          </ns3:TrackPointExtension>
        </extensions>
      </trkpt>
      <trkpt lat="34.1742391325533390045166015625" lon="108.92586998641490936279296875">
        <ele>439.600006103515625</ele>
        <time>2026-09-12T12:09:46.000Z</time>
        <extensions>
          <ns3:TrackPointExtension>
            <ns3:hr>151</ns3:hr>
            <ns3:cad>87</ns3:cad>
          </ns3:TrackPointExtension>
        </extensions>
      </trkpt>
      <trkpt lat="34.1742381267249584197998046875" lon="108.92589655704796314239501953125">
        <ele>439.79998779296875</ele>
        <time>2026-09-12T12:09:47.000Z</time>
        <extensions>
          <ns3:TrackPointExtension>
            <ns3:hr>151</ns3:hr>
            <ns3:cad>86</ns3:cad>
          </ns3:TrackPointExtension>
        </extensions>
      </trkpt>
      <trkpt lat="34.174236953258514404296875" lon="108.9259187690913677215576171875">
        <ele>439.79998779296875</ele>
        <time>2026-09-12T12:09:48.000Z</time>
        <extensions>
          <ns3:TrackPointExtension>
            <ns3:hr>150</ns3:hr>
            <ns3:cad>86</ns3:cad>
          </ns3:TrackPointExtension>
        </extensions>
      </trkpt>
      <trkpt lat="34.17423435486853122711181640625" lon="108.9259526319801807403564453125">
        <ele>440</ele>
        <time>2026-09-12T12:09:49.000Z</time>
        <extensions>
          <ns3:TrackPointExtension>
            <ns3:hr>150</ns3:hr>
            <ns3:cad>86</ns3:cad>
          </ns3:TrackPointExtension>
        </extensions>
      </trkpt>
      <trkpt lat="34.174235276877880096435546875" lon="108.92597484402358531951904296875">
        <ele>440.20001220703125</ele>
        <time>2026-09-12T12:09:50.000Z</time>
        <extensions>
          <ns3:TrackPointExtension>
            <ns3:hr>149</ns3:hr>
            <ns3:cad>86</ns3:cad>
          </ns3:TrackPointExtension>
        </extensions>
      </trkpt>
      <trkpt lat="34.17423737235367298126220703125" lon="108.92599982209503650665283203125">
        <ele>440.20001220703125</ele>
        <time>2026-09-12T12:09:51.000Z</time>
        <extensions>
          <ns3:TrackPointExtension>
            <ns3:hr>149</ns3:hr>
            <ns3:cad>86</ns3:cad>
          </ns3:TrackPointExtension>
        </extensions>
      </trkpt>
      <trkpt lat="34.1742371208965778350830078125" lon="108.92602094449102878570556640625">
        <ele>440.399993896484375</ele>
        <time>2026-09-12T12:09:52.000Z</time>
        <extensions>
          <ns3:TrackPointExtension>
            <ns3:hr>149</ns3:hr>
            <ns3:cad>86</ns3:cad>
          </ns3:TrackPointExtension>
        </extensions>
      </trkpt>
      <trkpt lat="34.17423502542078495025634765625" lon="108.92604357562959194183349609375">
        <ele>440.399993896484375</ele>
        <time>2026-09-12T12:09:53.000Z</time>
        <extensions>
          <ns3:TrackPointExtension>
            <ns3:hr>149</ns3:hr>
            <ns3:cad>86</ns3:cad>
          </ns3:TrackPointExtension>
        </extensions>
      </trkpt>
      <trkpt lat="34.17423469014465808868408203125" lon="108.92606637440621852874755859375">
        <ele>440.600006103515625</ele>
        <time>2026-09-12T12:09:54.000Z</time>
        <extensions>
          <ns3:TrackPointExtension>
            <ns3:hr>150</ns3:hr>
            <ns3:cad>86</ns3:cad>
          </ns3:TrackPointExtension>
        </extensions>
      </trkpt>
      <trkpt lat="34.17423284612596035003662109375" lon="108.92608858644962310791015625">
        <ele>440.600006103515625</ele>
        <time>2026-09-12T12:09:55.000Z</time>
        <extensions>
          <ns3:TrackPointExtension>
            <ns3:hr>150</ns3:hr>
            <ns3:cad>86</ns3:cad>
          </ns3:TrackPointExtension>
        </extensions>
      </trkpt>
      <trkpt lat="34.17423033155500888824462890625" lon="108.92611867748200893402099609375">
        <ele>440.79998779296875</ele>
        <time>2026-09-12T12:09:56.000Z</time>
        <extensions>
          <ns3:TrackPointExtension>
            <ns3:hr>151</ns3:hr>
            <ns3:cad>88</ns3:cad>
          </ns3:TrackPointExtension>
        </extensions>
      </trkpt>
      <trkpt lat="34.17422999627888202667236328125" lon="108.9261393807828426361083984375">
        <ele>441</ele>
        <time>2026-09-12T12:09:57.000Z</time>
        <extensions>
          <ns3:TrackPointExtension>
            <ns3:hr>151</ns3:hr>
            <ns3:cad>87</ns3:cad>
          </ns3:TrackPointExtension>
        </extensions>
      </trkpt>
      <trkpt lat="34.17423016391694545745849609375" lon="108.9261729083955287933349609375">
        <ele>441</ele>
        <time>2026-09-12T12:09:58.000Z</time>
        <extensions>
          <ns3:TrackPointExtension>
            <ns3:hr>152</ns3:hr>
            <ns3:cad>87</ns3:cad>
          </ns3:TrackPointExtension>
        </extensions>
      </trkpt>
      <trkpt lat="34.17422823607921600341796875" lon="108.92619721591472625732421875">
        <ele>441.20001220703125</ele>
        <time>2026-09-12T12:09:59.000Z</time>
        <extensions>
          <ns3:TrackPointExtension>
            <ns3:hr>153</ns3:hr>
            <ns3:cad>87</ns3:cad>
          </ns3:TrackPointExtension>
        </extensions>
      </trkpt>
      <trkpt lat="34.17422689497470855712890625" lon="108.92622227780520915985107421875">
        <ele>441.20001220703125</ele>
        <time>2026-09-12T12:10:00.000Z</time>
        <extensions>
          <ns3:TrackPointExtension>
            <ns3:hr>154</ns3:hr>
            <ns3:cad>87</ns3:cad>
          </ns3:TrackPointExtension>
        </extensions>
      </trkpt>
      <trkpt lat="34.17422354221343994140625" lon="108.9262466691434383392333984375">
        <ele>441.399993896484375</ele>
        <time>2026-09-12T12:10:01.000Z</time>
        <extensions>
          <ns3:TrackPointExtension>
            <ns3:hr>154</ns3:hr>
            <ns3:cad>87</ns3:cad>
          </ns3:TrackPointExtension>
        </extensions>
      </trkpt>
      <trkpt lat="34.17422580532729625701904296875" lon="108.9262684620916843414306640625">
        <ele>441.399993896484375</ele>
        <time>2026-09-12T12:10:02.000Z</time>
        <extensions>
          <ns3:TrackPointExtension>
            <ns3:hr>155</ns3:hr>
            <ns3:cad>87</ns3:cad>
          </ns3:TrackPointExtension>
        </extensions>
      </trkpt>
      <trkpt lat="34.17422295548021793365478515625" lon="108.92629721201956272125244140625">
        <ele>441.600006103515625</ele>
        <time>2026-09-12T12:10:03.000Z</time>
        <extensions>
          <ns3:TrackPointExtension>
            <ns3:hr>155</ns3:hr>
            <ns3:cad>87</ns3:cad>
          </ns3:TrackPointExtension>
        </extensions>
      </trkpt>
      <trkpt lat="34.17422312311828136444091796875" lon="108.9263190887868404388427734375">
        <ele>441.79998779296875</ele>
        <time>2026-09-12T12:10:04.000Z</time>
        <extensions>
          <ns3:TrackPointExtension>
            <ns3:hr>155</ns3:hr>
            <ns3:cad>87</ns3:cad>
          </ns3:TrackPointExtension>
        </extensions>
      </trkpt>
      <trkpt lat="34.17422429658472537994384765625" lon="108.92634750343859195709228515625">
        <ele>441.79998779296875</ele>
        <time>2026-09-12T12:10:05.000Z</time>
        <extensions>
          <ns3:TrackPointExtension>
            <ns3:hr>155</ns3:hr>
            <ns3:cad>87</ns3:cad>
          </ns3:TrackPointExtension>
        </extensions>
      </trkpt>
      <trkpt lat="34.1742237098515033721923828125" lon="108.92636862583458423614501953125">
        <ele>442</ele>
        <time>2026-09-12T12:10:06.000Z</time>
        <extensions>
          <ns3:TrackPointExtension>
            <ns3:hr>155</ns3:hr>
            <ns3:cad>87</ns3:cad>
          </ns3:TrackPointExtension>
        </extensions>
      </trkpt>
      <trkpt lat="34.17422496713697910308837890625" lon="108.926392681896686553955078125">
        <ele>442</ele>
        <time>2026-09-12T12:10:07.000Z</time>
        <extensions>
          <ns3:TrackPointExtension>
            <ns3:hr>154</ns3:hr>
            <ns3:cad>86</ns3:cad>
          </ns3:TrackPointExtension>
        </extensions>
      </trkpt>
      <trkpt lat="34.17422412894666194915771484375" lon="108.926414139568805694580078125">
        <ele>442.20001220703125</ele>
        <time>2026-09-12T12:10:08.000Z</time>
        <extensions>
          <ns3:TrackPointExtension>
            <ns3:hr>154</ns3:hr>
            <ns3:cad>86</ns3:cad>
          </ns3:TrackPointExtension>
        </extensions>
      </trkpt>
      <trkpt lat="34.174223877489566802978515625" lon="108.92644087783992290496826171875">
        <ele>442.399993896484375</ele>
        <time>2026-09-12T12:10:09.000Z</time>
        <extensions>
          <ns3:TrackPointExtension>
            <ns3:hr>154</ns3:hr>
            <ns3:cad>86</ns3:cad>
          </ns3:TrackPointExtension>
        </extensions>
      </trkpt>
      <trkpt lat="34.17422513477504253387451171875" lon="108.92646149732172489166259765625">
        <ele>442.600006103515625</ele>
        <time>2026-09-12T12:10:10.000Z</time>
        <extensions>
          <ns3:TrackPointExtension>
            <ns3:hr>154</ns3:hr>
            <ns3:cad>86</ns3:cad>
          </ns3:TrackPointExtension>
        </extensions>
      </trkpt>
      <trkpt lat="34.1742297448217868804931640625" lon="108.9264830388128757476806640625">
        <ele>442.600006103515625</ele>
        <time>2026-09-12T12:10:11.000Z</time>
        <extensions>
          <ns3:TrackPointExtension>
            <ns3:hr>153</ns3:hr>
            <ns3:cad>86</ns3:cad>
          </ns3:TrackPointExtension>
        </extensions>
      </trkpt>
      <trkpt lat="34.17423100210726261138916015625" lon="108.9265085197985172271728515625">
        <ele>442.79998779296875</ele>
        <time>2026-09-12T12:10:12.000Z</time>
        <extensions>
          <ns3:TrackPointExtension>
            <ns3:hr>153</ns3:hr>
            <ns3:cad>86</ns3:cad>
          </ns3:TrackPointExtension>
        </extensions>
      </trkpt>
      <trkpt lat="34.174232594668865203857421875" lon="108.926528133451938629150390625">
        <ele>442.79998779296875</ele>
        <time>2026-09-12T12:10:13.000Z</time>
        <extensions>
          <ns3:TrackPointExtension>
            <ns3:hr>153</ns3:hr>
            <ns3:cad>86</ns3:cad>
          </ns3:TrackPointExtension>
        </extensions>
      </trkpt>
      <trkpt lat="34.17423016391694545745849609375" lon="108.92655923031270503997802734375">
        <ele>443</ele>
        <time>2026-09-12T12:10:14.000Z</time>
        <extensions>
          <ns3:TrackPointExtension>
            <ns3:hr>153</ns3:hr>
            <ns3:cad>86</ns3:cad>
          </ns3:TrackPointExtension>
        </extensions>
      </trkpt>
      <trkpt lat="34.17422697879374027252197265625" lon="108.92658211290836334228515625">
        <ele>443</ele>
        <time>2026-09-12T12:10:15.000Z</time>
        <extensions>
          <ns3:TrackPointExtension>
            <ns3:hr>153</ns3:hr>
            <ns3:cad>86</ns3:cad>
          </ns3:TrackPointExtension>
        </extensions>
      </trkpt>
      <trkpt lat="34.17422681115567684173583984375" lon="108.9266067557036876678466796875">
        <ele>443.20001220703125</ele>
        <time>2026-09-12T12:10:16.000Z</time>
        <extensions>
          <ns3:TrackPointExtension>
            <ns3:hr>153</ns3:hr>
            <ns3:cad>86</ns3:cad>
          </ns3:TrackPointExtension>
        </extensions>
      </trkpt>
      <trkpt lat="34.17422815226018428802490234375" lon="108.9266258664429187774658203125">
        <ele>443.20001220703125</ele>
        <time>2026-09-12T12:10:17.000Z</time>
        <extensions>
          <ns3:TrackPointExtension>
            <ns3:hr>153</ns3:hr>
            <ns3:cad>86</ns3:cad>
          </ns3:TrackPointExtension>
        </extensions>
      </trkpt>
      <trkpt lat="34.17422957718372344970703125" lon="108.92665176652371883392333984375">
        <ele>443.399993896484375</ele>
        <time>2026-09-12T12:10:18.000Z</time>
        <extensions>
          <ns3:TrackPointExtension>
            <ns3:hr>153</ns3:hr>
            <ns3:cad>86</ns3:cad>
          </ns3:TrackPointExtension>
        </extensions>
      </trkpt>
      <trkpt lat="34.17422630824148654937744140625" lon="108.92668060027062892913818359375">
        <ele>443.600006103515625</ele>
        <time>2026-09-12T12:10:19.000Z</time>
        <extensions>
          <ns3:TrackPointExtension>
            <ns3:hr>153</ns3:hr>
            <ns3:cad>86</ns3:cad>
          </ns3:TrackPointExtension>
        </extensions>
      </trkpt>
      <trkpt lat="34.1742300800979137420654296875" lon="108.92670373432338237762451171875">
        <ele>443.600006103515625</ele>
        <time>2026-09-12T12:10:20.000Z</time>
        <extensions>
          <ns3:TrackPointExtension>
            <ns3:hr>153</ns3:hr>
            <ns3:cad>86</ns3:cad>
          </ns3:TrackPointExtension>
        </extensions>
      </trkpt>
      <trkpt lat="34.17422848753631114959716796875" lon="108.92673525027930736541748046875">
        <ele>443.79998779296875</ele>
        <time>2026-09-12T12:10:21.000Z</time>
        <extensions>
          <ns3:TrackPointExtension>
            <ns3:hr>153</ns3:hr>
            <ns3:cad>86</ns3:cad>
          </ns3:TrackPointExtension>
        </extensions>
      </trkpt>
      <trkpt lat="34.1742250509560108184814453125" lon="108.926752097904682159423828125">
        <ele>444</ele>
        <time>2026-09-12T12:10:22.000Z</time>
        <extensions>
          <ns3:TrackPointExtension>
            <ns3:hr>153</ns3:hr>
            <ns3:cad>86</ns3:cad>
          </ns3:TrackPointExtension>
        </extensions>
      </trkpt>
      <trkpt lat="34.174220524728298187255859375" lon="108.92678403295576572418212890625">
        <ele>444.20001220703125</ele>
        <time>2026-09-12T12:10:23.000Z</time>
        <extensions>
          <ns3:TrackPointExtension>
            <ns3:hr>153</ns3:hr>
            <ns3:cad>86</ns3:cad>
          </ns3:TrackPointExtension>
        </extensions>
      </trkpt>
      <trkpt lat="34.174216501414775848388671875" lon="108.92680448479950428009033203125">
        <ele>444.20001220703125</ele>
        <time>2026-09-12T12:10:24.000Z</time>
        <extensions>
          <ns3:TrackPointExtension>
            <ns3:hr>153</ns3:hr>
            <ns3:cad>86</ns3:cad>
          </ns3:TrackPointExtension>
        </extensions>
      </trkpt>
      <trkpt lat="34.174217171967029571533203125" lon="108.9268268644809722900390625">
        <ele>444.399993896484375</ele>
        <time>2026-09-12T12:10:25.000Z</time>
        <extensions>
          <ns3:TrackPointExtension>
            <ns3:hr>153</ns3:hr>
            <ns3:cad>86</ns3:cad>
          </ns3:TrackPointExtension>
        </extensions>
      </trkpt>
      <trkpt lat="34.17421557940542697906494140625" lon="108.926845975220203399658203125">
        <ele>444.399993896484375</ele>
        <time>2026-09-12T12:10:26.000Z</time>
        <extensions>
          <ns3:TrackPointExtension>
            <ns3:hr>153</ns3:hr>
            <ns3:cad>86</ns3:cad>
          </ns3:TrackPointExtension>
        </extensions>
      </trkpt>
      <trkpt lat="34.174215160310268402099609375" lon="108.92686399631202220916748046875">
        <ele>444.600006103515625</ele>
        <time>2026-09-12T12:10:27.000Z</time>
        <extensions>
          <ns3:TrackPointExtension>
            <ns3:hr>152</ns3:hr>
            <ns3:cad>86</ns3:cad>
          </ns3:TrackPointExtension>
        </extensions>
      </trkpt>
      <trkpt lat="34.1742143221199512481689453125" lon="108.92688863910734653472900390625">
        <ele>444.600006103515625</ele>
        <time>2026-09-12T12:10:28.000Z</time>
        <extensions>
          <ns3:TrackPointExtension>
            <ns3:hr>152</ns3:hr>
            <ns3:cad>87</ns3:cad>
          </ns3:TrackPointExtension>
        </extensions>
      </trkpt>
      <trkpt lat="34.17421608231961727142333984375" lon="108.92690691165626049041748046875">
        <ele>444.79998779296875</ele>
        <time>2026-09-12T12:10:29.000Z</time>
        <extensions>
          <ns3:TrackPointExtension>
            <ns3:hr>152</ns3:hr>
            <ns3:cad>87</ns3:cad>
          </ns3:TrackPointExtension>
        </extensions>
      </trkpt>
      <trkpt lat="34.17421474121510982513427734375" lon="108.9269336499273777008056640625">
        <ele>445</ele>
        <time>2026-09-12T12:10:30.000Z</time>
        <extensions>
          <ns3:TrackPointExtension>
            <ns3:hr>152</ns3:hr>
            <ns3:cad>87</ns3:cad>
          </ns3:TrackPointExtension>
        </extensions>
      </trkpt>
      <trkpt lat="34.1742123104631900787353515625" lon="108.9269551075994968414306640625">
        <ele>445.20001220703125</ele>
        <time>2026-09-12T12:10:31.000Z</time>
        <extensions>
          <ns3:TrackPointExtension>
            <ns3:hr>151</ns3:hr>
            <ns3:cad>86</ns3:cad>
          </ns3:TrackPointExtension>
        </extensions>
      </trkpt>
      <trkpt lat="34.17421474121510982513427734375" lon="108.92698352225124835968017578125">
        <ele>445.20001220703125</ele>
        <time>2026-09-12T12:10:32.000Z</time>
        <extensions>
          <ns3:TrackPointExtension>
            <ns3:hr>152</ns3:hr>
            <ns3:cad>85</ns3:cad>
          </ns3:TrackPointExtension>
        </extensions>
      </trkpt>
      <trkpt lat="34.17421457357704639434814453125" lon="108.92700682394206523895263671875">
        <ele>445.399993896484375</ele>
        <time>2026-09-12T12:10:33.000Z</time>
        <extensions>
          <ns3:TrackPointExtension>
            <ns3:hr>152</ns3:hr>
            <ns3:cad>86</ns3:cad>
          </ns3:TrackPointExtension>
        </extensions>
      </trkpt>
      <trkpt lat="34.17421457357704639434814453125" lon="108.9270332269370555877685546875">
        <ele>445.600006103515625</ele>
        <time>2026-09-12T12:10:34.000Z</time>
        <extensions>
          <ns3:TrackPointExtension>
            <ns3:hr>151</ns3:hr>
            <ns3:cad>86</ns3:cad>
          </ns3:TrackPointExtension>
        </extensions>
      </trkpt>
      <trkpt lat="34.17421557940542697906494140625" lon="108.92705686390399932861328125">
        <ele>445.79998779296875</ele>
        <time>2026-09-12T12:10:35.000Z</time>
        <extensions>
          <ns3:TrackPointExtension>
            <ns3:hr>152</ns3:hr>
            <ns3:cad>86</ns3:cad>
          </ns3:TrackPointExtension>
        </extensions>
      </trkpt>
      <trkpt lat="34.174220524728298187255859375" lon="108.9270701073110103607177734375">
        <ele>445.79998779296875</ele>
        <time>2026-09-12T12:10:36.000Z</time>
        <extensions>
          <ns3:TrackPointExtension>
            <ns3:hr>152</ns3:hr>
            <ns3:cad>86</ns3:cad>
          </ns3:TrackPointExtension>
        </extensions>
      </trkpt>
      <trkpt lat="34.17422094382345676422119140625" lon="108.927104473114013671875">
        <ele>446</ele>
        <time>2026-09-12T12:10:37.000Z</time>
        <extensions>
          <ns3:TrackPointExtension>
            <ns3:hr>152</ns3:hr>
            <ns3:cad>86</ns3:cad>
          </ns3:TrackPointExtension>
        </extensions>
      </trkpt>
      <trkpt lat="34.174221195280551910400390625" lon="108.927123583853244781494140625">
        <ele>446</ele>
        <time>2026-09-12T12:10:38.000Z</time>
        <extensions>
          <ns3:TrackPointExtension>
            <ns3:hr>151</ns3:hr>
            <ns3:cad>86</ns3:cad>
          </ns3:TrackPointExtension>
        </extensions>
      </trkpt>
      <trkpt lat="34.17421407066285610198974609375" lon="108.9271586202085018157958984375">
        <ele>446.20001220703125</ele>
        <time>2026-09-12T12:10:39.000Z</time>
        <extensions>
          <ns3:TrackPointExtension>
            <ns3:hr>152</ns3:hr>
            <ns3:cad>86</ns3:cad>
          </ns3:TrackPointExtension>
        </extensions>
      </trkpt>
      <trkpt lat="34.1742066107690334320068359375" lon="108.9271834306418895721435546875">
        <ele>446.20001220703125</ele>
        <time>2026-09-12T12:10:40.000Z</time>
        <extensions>
          <ns3:TrackPointExtension>
            <ns3:hr>152</ns3:hr>
            <ns3:cad>86</ns3:cad>
          </ns3:TrackPointExtension>
        </extensions>
      </trkpt>
      <trkpt lat="34.17420133017003536224365234375" lon="108.92721033655107021331787109375">
        <ele>446.399993896484375</ele>
        <time>2026-09-12T12:10:41.000Z</time>
        <extensions>
          <ns3:TrackPointExtension>
            <ns3:hr>151</ns3:hr>
            <ns3:cad>86</ns3:cad>
          </ns3:TrackPointExtension>
        </extensions>
      </trkpt>
      <trkpt lat="34.17419529519975185394287109375" lon="108.92723531462252140045166015625">
        <ele>446.600006103515625</ele>
        <time>2026-09-12T12:10:42.000Z</time>
        <extensions>
          <ns3:TrackPointExtension>
            <ns3:hr>152</ns3:hr>
            <ns3:cad>86</ns3:cad>
          </ns3:TrackPointExtension>
        </extensions>
      </trkpt>
      <trkpt lat="34.174196384847164154052734375" lon="108.92725442536175251007080078125">
        <ele>446.79998779296875</ele>
        <time>2026-09-12T12:10:43.000Z</time>
        <extensions>
          <ns3:TrackPointExtension>
            <ns3:hr>152</ns3:hr>
            <ns3:cad>86</ns3:cad>
          </ns3:TrackPointExtension>
        </extensions>
      </trkpt>
      <trkpt lat="34.1741925291717052459716796875" lon="108.92728149890899658203125">
        <ele>446.79998779296875</ele>
        <time>2026-09-12T12:10:44.000Z</time>
        <extensions>
          <ns3:TrackPointExtension>
            <ns3:hr>151</ns3:hr>
            <ns3:cad>86</ns3:cad>
          </ns3:TrackPointExtension>
        </extensions>
      </trkpt>
      <trkpt lat="34.1741895116865634918212890625" lon="108.9273024536669254302978515625">
        <ele>447</ele>
        <time>2026-09-12T12:10:45.000Z</time>
        <extensions>
          <ns3:TrackPointExtension>
            <ns3:hr>152</ns3:hr>
            <ns3:cad>86</ns3:cad>
          </ns3:TrackPointExtension>
        </extensions>
      </trkpt>
      <trkpt lat="34.174184985458850860595703125" lon="108.92732919193804264068603515625">
        <ele>447.20001220703125</ele>
        <time>2026-09-12T12:10:46.000Z</time>
        <extensions>
          <ns3:TrackPointExtension>
            <ns3:hr>152</ns3:hr>
            <ns3:cad>86</ns3:cad>
          </ns3:TrackPointExtension>
        </extensions>
      </trkpt>
      <trkpt lat="34.17418339289724826812744140625" lon="108.927350230515003204345703125">
        <ele>447.20001220703125</ele>
        <time>2026-09-12T12:10:47.000Z</time>
        <extensions>
          <ns3:TrackPointExtension>
            <ns3:hr>152</ns3:hr>
            <ns3:cad>86</ns3:cad>
          </ns3:TrackPointExtension>
        </extensions>
      </trkpt>
      <trkpt lat="34.17418490163981914520263671875" lon="108.92737311311066150665283203125">
        <ele>447.20001220703125</ele>
        <time>2026-09-12T12:10:48.000Z</time>
        <extensions>
          <ns3:TrackPointExtension>
            <ns3:hr>152</ns3:hr>
            <ns3:cad>85</ns3:cad>
          </ns3:TrackPointExtension>
        </extensions>
      </trkpt>
      <trkpt lat="34.1741846501827239990234375" lon="108.92739272676408290863037109375">
        <ele>447.399993896484375</ele>
        <time>2026-09-12T12:10:49.000Z</time>
        <extensions>
          <ns3:TrackPointExtension>
            <ns3:hr>151</ns3:hr>
            <ns3:cad>85</ns3:cad>
          </ns3:TrackPointExtension>
        </extensions>
      </trkpt>
      <trkpt lat="34.17418573983013629913330078125" lon="108.92741468735039234161376953125">
        <ele>447.399993896484375</ele>
        <time>2026-09-12T12:10:50.000Z</time>
        <extensions>
          <ns3:TrackPointExtension>
            <ns3:hr>152</ns3:hr>
            <ns3:cad>86</ns3:cad>
          </ns3:TrackPointExtension>
        </extensions>
      </trkpt>
      <trkpt lat="34.17418339289724826812744140625" lon="108.92744268290698528289794921875">
        <ele>447.600006103515625</ele>
        <time>2026-09-12T12:10:51.000Z</time>
        <extensions>
          <ns3:TrackPointExtension>
            <ns3:hr>152</ns3:hr>
            <ns3:cad>86</ns3:cad>
          </ns3:TrackPointExtension>
        </extensions>
      </trkpt>
      <trkpt lat="34.17418423108756542205810546875" lon="108.92746347002685070037841796875">
        <ele>447.600006103515625</ele>
        <time>2026-09-12T12:10:52.000Z</time>
        <extensions>
          <ns3:TrackPointExtension>
            <ns3:hr>152</ns3:hr>
            <ns3:cad>86</ns3:cad>
          </ns3:TrackPointExtension>
        </extensions>
      </trkpt>
      <trkpt lat="34.1741814650595188140869140625" lon="108.92749716527760028839111328125">
        <ele>447.79998779296875</ele>
        <time>2026-09-12T12:10:53.000Z</time>
        <extensions>
          <ns3:TrackPointExtension>
            <ns3:hr>152</ns3:hr>
            <ns3:cad>87</ns3:cad>
          </ns3:TrackPointExtension>
        </extensions>
      </trkpt>
      <trkpt lat="34.17418221943080425262451171875" lon="108.92751359380781650543212890625">
        <ele>448</ele>
        <time>2026-09-12T12:10:54.000Z</time>
        <extensions>
          <ns3:TrackPointExtension>
            <ns3:hr>152</ns3:hr>
            <ns3:cad>87</ns3:cad>
          </ns3:TrackPointExtension>
        </extensions>
      </trkpt>
      <trkpt lat="34.1741781122982501983642578125" lon="108.92754661850631237030029296875">
        <ele>448.20001220703125</ele>
        <time>2026-09-12T12:10:55.000Z</time>
        <extensions>
          <ns3:TrackPointExtension>
            <ns3:hr>152</ns3:hr>
            <ns3:cad>87</ns3:cad>
          </ns3:TrackPointExtension>
        </extensions>
      </trkpt>
      <trkpt lat="34.17417366988956928253173828125" lon="108.92756924964487552642822265625">
        <ele>448.20001220703125</ele>
        <time>2026-09-12T12:10:56.000Z</time>
        <extensions>
          <ns3:TrackPointExtension>
            <ns3:hr>152</ns3:hr>
            <ns3:cad>87</ns3:cad>
          </ns3:TrackPointExtension>
        </extensions>
      </trkpt>
      <trkpt lat="34.1741747595369815826416015625" lon="108.92759137786924839019775390625">
        <ele>448.399993896484375</ele>
        <time>2026-09-12T12:10:57.000Z</time>
        <extensions>
          <ns3:TrackPointExtension>
            <ns3:hr>152</ns3:hr>
            <ns3:cad>87</ns3:cad>
          </ns3:TrackPointExtension>
        </extensions>
      </trkpt>
      <trkpt lat="34.17417098768055438995361328125" lon="108.92761736176908016204833984375">
        <ele>448.399993896484375</ele>
        <time>2026-09-12T12:10:58.000Z</time>
        <extensions>
          <ns3:TrackPointExtension>
            <ns3:hr>152</ns3:hr>
            <ns3:cad>86</ns3:cad>
          </ns3:TrackPointExtension>
        </extensions>
      </trkpt>
      <trkpt lat="34.17416964657604694366455078125" lon="108.92763613723218441009521484375">
        <ele>448.600006103515625</ele>
        <time>2026-09-12T12:10:59.000Z</time>
        <extensions>
          <ns3:TrackPointExtension>
            <ns3:hr>152</ns3:hr>
            <ns3:cad>86</ns3:cad>
          </ns3:TrackPointExtension>
        </extensions>
      </trkpt>
      <trkpt lat="34.17416444979608058929443359375" lon="108.92766580916941165924072265625">
        <ele>448.600006103515625</ele>
        <time>2026-09-12T12:11:00.000Z</time>
        <extensions>
          <ns3:TrackPointExtension>
            <ns3:hr>152</ns3:hr>
            <ns3:cad>86</ns3:cad>
          </ns3:TrackPointExtension>
        </extensions>
      </trkpt>
      <trkpt lat="34.174164868891239166259765625" lon="108.9276836626231670379638671875">
        <ele>448.79998779296875</ele>
        <time>2026-09-12T12:11:01.000Z</time>
        <extensions>
          <ns3:TrackPointExtension>
            <ns3:hr>152</ns3:hr>
            <ns3:cad>86</ns3:cad>
          </ns3:TrackPointExtension>
        </extensions>
      </trkpt>
      <trkpt lat="34.17416025884449481964111328125" lon="108.9277131669223308563232421875">
        <ele>448.79998779296875</ele>
        <time>2026-09-12T12:11:02.000Z</time>
        <extensions>
          <ns3:TrackPointExtension>
            <ns3:hr>152</ns3:hr>
            <ns3:cad>86</ns3:cad>
          </ns3:TrackPointExtension>
        </extensions>
      </trkpt>
      <trkpt lat="34.1741620190441608428955078125" lon="108.92773521132767200469970703125">
        <ele>449</ele>
        <time>2026-09-12T12:11:03.000Z</time>
        <extensions>
          <ns3:TrackPointExtension>
            <ns3:hr>152</ns3:hr>
            <ns3:cad>86</ns3:cad>
          </ns3:TrackPointExtension>
        </extensions>
      </trkpt>
      <trkpt lat="34.1741603426635265350341796875" lon="108.927762620151042938232421875">
        <ele>449.20001220703125</ele>
        <time>2026-09-12T12:11:04.000Z</time>
        <extensions>
          <ns3:TrackPointExtension>
            <ns3:hr>152</ns3:hr>
            <ns3:cad>86</ns3:cad>
          </ns3:TrackPointExtension>
        </extensions>
      </trkpt>
      <trkpt lat="34.17415908537805080413818359375" lon="108.92778717912733554840087890625">
        <ele>449.399993896484375</ele>
        <time>2026-09-12T12:11:05.000Z</time>
        <extensions>
          <ns3:TrackPointExtension>
            <ns3:hr>153</ns3:hr>
            <ns3:cad>87</ns3:cad>
          </ns3:TrackPointExtension>
        </extensions>
      </trkpt>
      <trkpt lat="34.1741600073873996734619140625" lon="108.927814252674579620361328125">
        <ele>449.600006103515625</ele>
        <time>2026-09-12T12:11:06.000Z</time>
        <extensions>
          <ns3:TrackPointExtension>
            <ns3:hr>152</ns3:hr>
            <ns3:cad>87</ns3:cad>
          </ns3:TrackPointExtension>
        </extensions>
      </trkpt>
      <trkpt lat="34.174161516129970550537109375" lon="108.92783998511731624603271484375">
        <ele>449.600006103515625</ele>
        <time>2026-09-12T12:11:07.000Z</time>
        <extensions>
          <ns3:TrackPointExtension>
            <ns3:hr>153</ns3:hr>
            <ns3:cad>87</ns3:cad>
          </ns3:TrackPointExtension>
        </extensions>
      </trkpt>
      <trkpt lat="34.17416788637638092041015625" lon="108.9278595149517059326171875">
        <ele>449.79998779296875</ele>
        <time>2026-09-12T12:11:08.000Z</time>
        <extensions>
          <ns3:TrackPointExtension>
            <ns3:hr>153</ns3:hr>
            <ns3:cad>86</ns3:cad>
          </ns3:TrackPointExtension>
        </extensions>
      </trkpt>
      <trkpt lat="34.174169562757015228271484375" lon="108.92789077945053577423095703125">
        <ele>450</ele>
        <time>2026-09-12T12:11:09.000Z</time>
        <extensions>
          <ns3:TrackPointExtension>
            <ns3:hr>153</ns3:hr>
            <ns3:cad>87</ns3:cad>
          </ns3:TrackPointExtension>
        </extensions>
      </trkpt>
      <trkpt lat="34.1741714067757129669189453125" lon="108.92791257239878177642822265625">
        <ele>450</ele>
        <time>2026-09-12T12:11:10.000Z</time>
        <extensions>
          <ns3:TrackPointExtension>
            <ns3:hr>153</ns3:hr>
            <ns3:cad>87</ns3:cad>
          </ns3:TrackPointExtension>
        </extensions>
      </trkpt>
      <trkpt lat="34.17416964657604694366455078125" lon="108.92794006504118442535400390625">
        <ele>450.20001220703125</ele>
        <time>2026-09-12T12:11:11.000Z</time>
        <extensions>
          <ns3:TrackPointExtension>
            <ns3:hr>154</ns3:hr>
            <ns3:cad>87</ns3:cad>
          </ns3:TrackPointExtension>
        </extensions>
      </trkpt>
      <trkpt lat="34.17416981421411037445068359375" lon="108.9279632829129695892333984375">
        <ele>450.399993896484375</ele>
        <time>2026-09-12T12:11:12.000Z</time>
        <extensions>
          <ns3:TrackPointExtension>
            <ns3:hr>154</ns3:hr>
            <ns3:cad>87</ns3:cad>
          </ns3:TrackPointExtension>
        </extensions>
      </trkpt>
      <trkpt lat="34.1741687245666980743408203125" lon="108.9279877580702304840087890625">
        <ele>450.399993896484375</ele>
        <time>2026-09-12T12:11:13.000Z</time>
        <extensions>
          <ns3:TrackPointExtension>
            <ns3:hr>154</ns3:hr>
            <ns3:cad>87</ns3:cad>
          </ns3:TrackPointExtension>
        </extensions>
      </trkpt>
      <trkpt lat="34.17416495271027088165283203125" lon="108.9280145801603794097900390625">
        <ele>450.600006103515625</ele>
        <time>2026-09-12T12:11:14.000Z</time>
        <extensions>
          <ns3:TrackPointExtension>
            <ns3:hr>155</ns3:hr>
            <ns3:cad>86</ns3:cad>
          </ns3:TrackPointExtension>
        </extensions>
      </trkpt>
      <trkpt lat="34.17416595853865146636962890625" lon="108.92803980968892574310302734375">
        <ele>450.600006103515625</ele>
        <time>2026-09-12T12:11:15.000Z</time>
        <extensions>
          <ns3:TrackPointExtension>
            <ns3:hr>156</ns3:hr>
            <ns3:cad>86</ns3:cad>
          </ns3:TrackPointExtension>
        </extensions>
      </trkpt>
      <trkpt lat="34.1741653718054294586181640625" lon="108.928066380321979522705078125">
        <ele>450.79998779296875</ele>
        <time>2026-09-12T12:11:16.000Z</time>
        <extensions>
          <ns3:TrackPointExtension>
            <ns3:hr>156</ns3:hr>
            <ns3:cad>86</ns3:cad>
          </ns3:TrackPointExtension>
        </extensions>
      </trkpt>
      <trkpt lat="34.17416746728122234344482421875" lon="108.928085826337337493896484375">
        <ele>451</ele>
        <time>2026-09-12T12:11:17.000Z</time>
        <extensions>
          <ns3:TrackPointExtension>
            <ns3:hr>157</ns3:hr>
            <ns3:cad>86</ns3:cad>
          </ns3:TrackPointExtension>
        </extensions>
      </trkpt>
      <trkpt lat="34.17416713200509548187255859375" lon="108.92811558209359645843505859375">
        <ele>451.20001220703125</ele>
        <time>2026-09-12T12:11:18.000Z</time>
        <extensions>
          <ns3:TrackPointExtension>
            <ns3:hr>157</ns3:hr>
            <ns3:cad>86</ns3:cad>
          </ns3:TrackPointExtension>
        </extensions>
      </trkpt>
      <trkpt lat="34.17416478507220745086669921875" lon="108.9281362853944301605224609375">
        <ele>451.20001220703125</ele>
        <time>2026-09-12T12:11:19.000Z</time>
        <extensions>
          <ns3:TrackPointExtension>
            <ns3:hr>157</ns3:hr>
            <ns3:cad>87</ns3:cad>
          </ns3:TrackPointExtension>
        </extensions>
      </trkpt>
      <trkpt lat="34.174160845577716827392578125" lon="108.92816520296037197113037109375">
        <ele>451.399993896484375</ele>
        <time>2026-09-12T12:11:20.000Z</time>
        <extensions>
          <ns3:TrackPointExtension>
            <ns3:hr>157</ns3:hr>
            <ns3:cad>87</ns3:cad>
          </ns3:TrackPointExtension>
        </extensions>
      </trkpt>
      <trkpt lat="34.174156486988067626953125" lon="108.9281862415373325347900390625">
        <ele>451.399993896484375</ele>
        <time>2026-09-12T12:11:21.000Z</time>
        <extensions>
          <ns3:TrackPointExtension>
            <ns3:hr>157</ns3:hr>
            <ns3:cad>87</ns3:cad>
          </ns3:TrackPointExtension>
        </extensions>
      </trkpt>
      <trkpt lat="34.17415824718773365020751953125" lon="108.92820929177105426788330078125">
        <ele>451.600006103515625</ele>
        <time>2026-09-12T12:11:22.000Z</time>
        <extensions>
          <ns3:TrackPointExtension>
            <ns3:hr>157</ns3:hr>
            <ns3:cad>87</ns3:cad>
          </ns3:TrackPointExtension>
        </extensions>
      </trkpt>
      <trkpt lat="34.1741576604545116424560546875" lon="108.92823292873799800872802734375">
        <ele>451.600006103515625</ele>
        <time>2026-09-12T12:11:23.000Z</time>
        <extensions>
          <ns3:TrackPointExtension>
            <ns3:hr>158</ns3:hr>
            <ns3:cad>87</ns3:cad>
          </ns3:TrackPointExtension>
        </extensions>
      </trkpt>
      <trkpt lat="34.1741569899022579193115234375" lon="108.92825136892497539520263671875">
        <ele>451.79998779296875</ele>
        <time>2026-09-12T12:11:24.000Z</time>
        <extensions>
          <ns3:TrackPointExtension>
            <ns3:hr>157</ns3:hr>
            <ns3:cad>87</ns3:cad>
          </ns3:TrackPointExtension>
        </extensions>
      </trkpt>
      <trkpt lat="34.17415590025484561920166015625" lon="108.92827215604484081268310546875">
        <ele>452</ele>
        <time>2026-09-12T12:11:25.000Z</time>
        <extensions>
          <ns3:TrackPointExtension>
            <ns3:hr>157</ns3:hr>
            <ns3:cad>87</ns3:cad>
          </ns3:TrackPointExtension>
        </extensions>
      </trkpt>
      <trkpt lat="34.17415690608322620391845703125" lon="108.92829244025051593780517578125">
        <ele>452</ele>
        <time>2026-09-12T12:11:26.000Z</time>
        <extensions>
          <ns3:TrackPointExtension>
            <ns3:hr>158</ns3:hr>
            <ns3:cad>87</ns3:cad>
          </ns3:TrackPointExtension>
        </extensions>
      </trkpt>
      <trkpt lat="34.17415740899741649627685546875" lon="108.92831624485552310943603515625">
        <ele>452.20001220703125</ele>
        <time>2026-09-12T12:11:27.000Z</time>
        <extensions>
          <ns3:TrackPointExtension>
            <ns3:hr>157</ns3:hr>
            <ns3:cad>87</ns3:cad>
          </ns3:TrackPointExtension>
        </extensions>
      </trkpt>
      <trkpt lat="34.174158163368701934814453125" lon="108.92833761870861053466796875">
        <ele>452.399993896484375</ele>
        <time>2026-09-12T12:11:28.000Z</time>
        <extensions>
          <ns3:TrackPointExtension>
            <ns3:hr>157</ns3:hr>
            <ns3:cad>87</ns3:cad>
          </ns3:TrackPointExtension>
        </extensions>
      </trkpt>
      <trkpt lat="34.17415657080709934234619140625" lon="108.92835798673331737518310546875">
        <ele>452.399993896484375</ele>
        <time>2026-09-12T12:11:29.000Z</time>
        <extensions>
          <ns3:TrackPointExtension>
            <ns3:hr>158</ns3:hr>
            <ns3:cad>87</ns3:cad>
          </ns3:TrackPointExtension>
        </extensions>
      </trkpt>
      <trkpt lat="34.17415447533130645751953125" lon="108.928382210433483123779296875">
        <ele>452.600006103515625</ele>
        <time>2026-09-12T12:11:30.000Z</time>
        <extensions>
          <ns3:TrackPointExtension>
            <ns3:hr>157</ns3:hr>
            <ns3:cad>86</ns3:cad>
          </ns3:TrackPointExtension>
        </extensions>
      </trkpt>
      <trkpt lat="34.17415673844516277313232421875" lon="108.9284061826765537261962890625">
        <ele>452.600006103515625</ele>
        <time>2026-09-12T12:11:31.000Z</time>
        <extensions>
          <ns3:TrackPointExtension>
            <ns3:hr>157</ns3:hr>
            <ns3:cad>86</ns3:cad>
          </ns3:TrackPointExtension>
        </extensions>
      </trkpt>
      <trkpt lat="34.17415020056068897247314453125" lon="108.92843208275735378265380859375">
        <ele>452.79998779296875</ele>
        <time>2026-09-12T12:11:32.000Z</time>
        <extensions>
          <ns3:TrackPointExtension>
            <ns3:hr>157</ns3:hr>
            <ns3:cad>86</ns3:cad>
          </ns3:TrackPointExtension>
        </extensions>
      </trkpt>
      <trkpt lat="34.1741497814655303955078125" lon="108.9284584857523441314697265625">
        <ele>452.79998779296875</ele>
        <time>2026-09-12T12:11:33.000Z</time>
        <extensions>
          <ns3:TrackPointExtension>
            <ns3:hr>157</ns3:hr>
            <ns3:cad>86</ns3:cad>
          </ns3:TrackPointExtension>
        </extensions>
      </trkpt>
      <trkpt lat="34.1741465963423252105712890625" lon="108.928492851555347442626953125">
        <ele>453</ele>
        <time>2026-09-12T12:11:34.000Z</time>
        <extensions>
          <ns3:TrackPointExtension>
            <ns3:hr>157</ns3:hr>
            <ns3:cad>87</ns3:cad>
          </ns3:TrackPointExtension>
        </extensions>
      </trkpt>
      <trkpt lat="34.1741445846855640411376953125" lon="108.9285195060074329376220703125">
        <ele>453.20001220703125</ele>
        <time>2026-09-12T12:11:35.000Z</time>
        <extensions>
          <ns3:TrackPointExtension>
            <ns3:hr>157</ns3:hr>
            <ns3:cad>87</ns3:cad>
          </ns3:TrackPointExtension>
        </extensions>
      </trkpt>
      <trkpt lat="34.17414248920977115631103515625" lon="108.9285473339259624481201171875">
        <ele>453.20001220703125</ele>
        <time>2026-09-12T12:11:36.000Z</time>
        <extensions>
          <ns3:TrackPointExtension>
            <ns3:hr>157</ns3:hr>
            <ns3:cad>87</ns3:cad>
          </ns3:TrackPointExtension>
        </extensions>
      </trkpt>
      <trkpt lat="34.17414047755300998687744140625" lon="108.92857071943581104278564453125">
        <ele>453.399993896484375</ele>
        <time>2026-09-12T12:11:37.000Z</time>
        <extensions>
          <ns3:TrackPointExtension>
            <ns3:hr>157</ns3:hr>
            <ns3:cad>87</ns3:cad>
          </ns3:TrackPointExtension>
        </extensions>
      </trkpt>
      <trkpt lat="34.174142740666866302490234375" lon="108.92859754152595996856689453125">
        <ele>453.399993896484375</ele>
        <time>2026-09-12T12:11:38.000Z</time>
        <extensions>
          <ns3:TrackPointExtension>
            <ns3:hr>157</ns3:hr>
            <ns3:cad>87</ns3:cad>
          </ns3:TrackPointExtension>
        </extensions>
      </trkpt>
      <trkpt lat="34.1741444170475006103515625" lon="108.92861531116068363189697265625">
        <ele>453.399993896484375</ele>
        <time>2026-09-12T12:11:39.000Z</time>
        <extensions>
          <ns3:TrackPointExtension>
            <ns3:hr>157</ns3:hr>
            <ns3:cad>87</ns3:cad>
          </ns3:TrackPointExtension>
        </extensions>
      </trkpt>
      <trkpt lat="34.17414533905684947967529296875" lon="108.92864364199340343475341796875">
        <ele>453.600006103515625</ele>
        <time>2026-09-12T12:11:40.000Z</time>
        <extensions>
          <ns3:TrackPointExtension>
            <ns3:hr>156</ns3:hr>
            <ns3:cad>87</ns3:cad>
          </ns3:TrackPointExtension>
        </extensions>
      </trkpt>
      <trkpt lat="34.174144752323627471923828125" lon="108.928666524589061737060546875">
        <ele>453.600006103515625</ele>
        <time>2026-09-12T12:11:41.000Z</time>
        <extensions>
          <ns3:TrackPointExtension>
            <ns3:hr>156</ns3:hr>
            <ns3:cad>87</ns3:cad>
          </ns3:TrackPointExtension>
        </extensions>
      </trkpt>
      <trkpt lat="34.17414349503815174102783203125" lon="108.92869435250759124755859375">
        <ele>453.79998779296875</ele>
        <time>2026-09-12T12:11:42.000Z</time>
        <extensions>
          <ns3:TrackPointExtension>
            <ns3:hr>156</ns3:hr>
            <ns3:cad>87</ns3:cad>
          </ns3:TrackPointExtension>
        </extensions>
      </trkpt>
      <trkpt lat="34.17414433322846889495849609375" lon="108.92872293479740619659423828125">
        <ele>453.79998779296875</ele>
        <time>2026-09-12T12:11:43.000Z</time>
        <extensions>
          <ns3:TrackPointExtension>
            <ns3:hr>156</ns3:hr>
            <ns3:cad>87</ns3:cad>
          </ns3:TrackPointExtension>
        </extensions>
      </trkpt>
      <trkpt lat="34.174140393733978271484375" lon="108.9287446439266204833984375">
        <ele>454</ele>
        <time>2026-09-12T12:11:44.000Z</time>
        <extensions>
          <ns3:TrackPointExtension>
            <ns3:hr>156</ns3:hr>
            <ns3:cad>87</ns3:cad>
          </ns3:TrackPointExtension>
        </extensions>
      </trkpt>
      <trkpt lat="34.1741392202675342559814453125" lon="108.928775154054164886474609375">
        <ele>454</ele>
        <time>2026-09-12T12:11:45.000Z</time>
        <extensions>
          <ns3:TrackPointExtension>
            <ns3:hr>156</ns3:hr>
            <ns3:cad>87</ns3:cad>
          </ns3:TrackPointExtension>
        </extensions>
      </trkpt>
      <trkpt lat="34.174138717353343963623046875" lon="108.92879820428788661956787109375">
        <ele>454.20001220703125</ele>
        <time>2026-09-12T12:11:46.000Z</time>
        <extensions>
          <ns3:TrackPointExtension>
            <ns3:hr>157</ns3:hr>
            <ns3:cad>87</ns3:cad>
          </ns3:TrackPointExtension>
        </extensions>
      </trkpt>
      <trkpt lat="34.17413838207721710205078125" lon="108.9288282953202724456787109375">
        <ele>454.20001220703125</ele>
        <time>2026-09-12T12:11:47.000Z</time>
        <extensions>
          <ns3:TrackPointExtension>
            <ns3:hr>156</ns3:hr>
            <ns3:cad>87</ns3:cad>
          </ns3:TrackPointExtension>
        </extensions>
      </trkpt>
      <trkpt lat="34.17413444258272647857666015625" lon="108.928850926458835601806640625">
        <ele>454.20001220703125</ele>
        <time>2026-09-12T12:11:48.000Z</time>
        <extensions>
          <ns3:TrackPointExtension>
            <ns3:hr>156</ns3:hr>
            <ns3:cad>86</ns3:cad>
          </ns3:TrackPointExtension>
        </extensions>
      </trkpt>
      <trkpt lat="34.17413326911628246307373046875" lon="108.92888068221509456634521484375">
        <ele>454.399993896484375</ele>
        <time>2026-09-12T12:11:49.000Z</time>
        <extensions>
          <ns3:TrackPointExtension>
            <ns3:hr>156</ns3:hr>
            <ns3:cad>86</ns3:cad>
          </ns3:TrackPointExtension>
        </extensions>
      </trkpt>
      <trkpt lat="34.1741305030882358551025390625" lon="108.9289094321429729461669921875">
        <ele>454.399993896484375</ele>
        <time>2026-09-12T12:11:50.000Z</time>
        <extensions>
          <ns3:TrackPointExtension>
            <ns3:hr>157</ns3:hr>
            <ns3:cad>86</ns3:cad>
          </ns3:TrackPointExtension>
        </extensions>
      </trkpt>
      <trkpt lat="34.174127988517284393310546875" lon="108.92893575131893157958984375">
        <ele>454.399993896484375</ele>
        <time>2026-09-12T12:11:51.000Z</time>
        <extensions>
          <ns3:TrackPointExtension>
            <ns3:hr>156</ns3:hr>
            <ns3:cad>86</ns3:cad>
          </ns3:TrackPointExtension>
        </extensions>
      </trkpt>
      <trkpt lat="34.17412036098539829254150390625" lon="108.9289644174277782440185546875">
        <ele>454.399993896484375</ele>
        <time>2026-09-12T12:11:52.000Z</time>
        <extensions>
          <ns3:TrackPointExtension>
            <ns3:hr>156</ns3:hr>
            <ns3:cad>86</ns3:cad>
          </ns3:TrackPointExtension>
        </extensions>
      </trkpt>
      <trkpt lat="34.17411667294800281524658203125" lon="108.92898696474730968475341796875">
        <ele>454.600006103515625</ele>
        <time>2026-09-12T12:11:53.000Z</time>
        <extensions>
          <ns3:TrackPointExtension>
            <ns3:hr>156</ns3:hr>
            <ns3:cad>85</ns3:cad>
          </ns3:TrackPointExtension>
        </extensions>
      </trkpt>
      <trkpt lat="34.17411231435835361480712890625" lon="108.92901764251291751861572265625">
        <ele>454.600006103515625</ele>
        <time>2026-09-12T12:11:54.000Z</time>
        <extensions>
          <ns3:TrackPointExtension>
            <ns3:hr>156</ns3:hr>
            <ns3:cad>85</ns3:cad>
          </ns3:TrackPointExtension>
        </extensions>
      </trkpt>
      <trkpt lat="34.17410887777805328369140625" lon="108.9290408603847026824951171875">
        <ele>454.79998779296875</ele>
        <time>2026-09-12T12:11:55.000Z</time>
        <extensions>
          <ns3:TrackPointExtension>
            <ns3:hr>156</ns3:hr>
            <ns3:cad>86</ns3:cad>
          </ns3:TrackPointExtension>
        </extensions>
      </trkpt>
      <trkpt lat="34.17410552501678466796875" lon="108.92906743101775646209716796875">
        <ele>454.79998779296875</ele>
        <time>2026-09-12T12:11:56.000Z</time>
        <extensions>
          <ns3:TrackPointExtension>
            <ns3:hr>156</ns3:hr>
            <ns3:cad>87</ns3:cad>
          </ns3:TrackPointExtension>
        </extensions>
      </trkpt>
      <trkpt lat="34.1741050221025943756103515625" lon="108.92909140326082706451416015625">
        <ele>455</ele>
        <time>2026-09-12T12:11:57.000Z</time>
        <extensions>
          <ns3:TrackPointExtension>
            <ns3:hr>156</ns3:hr>
            <ns3:cad>87</ns3:cad>
          </ns3:TrackPointExtension>
        </extensions>
      </trkpt>
      <trkpt lat="34.17410443536937236785888671875" lon="108.92911612987518310546875">
        <ele>455</ele>
        <time>2026-09-12T12:11:58.000Z</time>
        <extensions>
          <ns3:TrackPointExtension>
            <ns3:hr>156</ns3:hr>
            <ns3:cad>87</ns3:cad>
          </ns3:TrackPointExtension>
        </extensions>
      </trkpt>
      <trkpt lat="34.17410192079842090606689453125" lon="108.9291394315659999847412109375">
        <ele>455</ele>
        <time>2026-09-12T12:11:59.000Z</time>
        <extensions>
          <ns3:TrackPointExtension>
            <ns3:hr>156</ns3:hr>
            <ns3:cad>87</ns3:cad>
          </ns3:TrackPointExtension>
        </extensions>
      </trkpt>
      <trkpt lat="34.1740963049232959747314453125" lon="108.92916633747518062591552734375">
        <ele>455</ele>
        <time>2026-09-12T12:12:00.000Z</time>
        <extensions>
          <ns3:TrackPointExtension>
            <ns3:hr>156</ns3:hr>
            <ns3:cad>87</ns3:cad>
          </ns3:TrackPointExtension>
        </extensions>
      </trkpt>
      <trkpt lat="34.1740899346768856048583984375" lon="108.92918980680406093597412109375">
        <ele>455.20001220703125</ele>
        <time>2026-09-12T12:12:01.000Z</time>
        <extensions>
          <ns3:TrackPointExtension>
            <ns3:hr>156</ns3:hr>
            <ns3:cad>87</ns3:cad>
          </ns3:TrackPointExtension>
        </extensions>
      </trkpt>
      <trkpt lat="34.17408381588757038116455078125" lon="108.929213024675846099853515625">
        <ele>455.20001220703125</ele>
        <time>2026-09-12T12:12:02.000Z</time>
        <extensions>
          <ns3:TrackPointExtension>
            <ns3:hr>156</ns3:hr>
            <ns3:cad>87</ns3:cad>
          </ns3:TrackPointExtension>
        </extensions>
      </trkpt>
      <trkpt lat="34.1740782000124454498291015625" lon="108.9292395114898681640625">
        <ele>455.20001220703125</ele>
        <time>2026-09-12T12:12:03.000Z</time>
        <extensions>
          <ns3:TrackPointExtension>
            <ns3:hr>156</ns3:hr>
            <ns3:cad>87</ns3:cad>
          </ns3:TrackPointExtension>
        </extensions>
      </trkpt>
      <trkpt lat="34.174084402620792388916015625" lon="108.92925753258168697357177734375">
        <ele>455.399993896484375</ele>
        <time>2026-09-12T12:12:04.000Z</time>
        <extensions>
          <ns3:TrackPointExtension>
            <ns3:hr>156</ns3:hr>
            <ns3:cad>87</ns3:cad>
          </ns3:TrackPointExtension>
        </extensions>
      </trkpt>
      <trkpt lat="34.174087755382061004638671875" lon="108.92928712069988250732421875">
        <ele>455.399993896484375</ele>
        <time>2026-09-12T12:12:05.000Z</time>
        <extensions>
          <ns3:TrackPointExtension>
            <ns3:hr>156</ns3:hr>
            <ns3:cad>87</ns3:cad>
          </ns3:TrackPointExtension>
        </extensions>
      </trkpt>
      <trkpt lat="34.17409454472362995147705078125" lon="108.92931151203811168670654296875">
        <ele>455.399993896484375</ele>
        <time>2026-09-12T12:12:06.000Z</time>
        <extensions>
          <ns3:TrackPointExtension>
            <ns3:hr>156</ns3:hr>
            <ns3:cad>87</ns3:cad>
          </ns3:TrackPointExtension>
        </extensions>
      </trkpt>
      <trkpt lat="34.1740979813039302825927734375" lon="108.92934151925146579742431640625">
        <ele>455.399993896484375</ele>
        <time>2026-09-12T12:12:07.000Z</time>
        <extensions>
          <ns3:TrackPointExtension>
            <ns3:hr>155</ns3:hr>
            <ns3:cad>86</ns3:cad>
          </ns3:TrackPointExtension>
        </extensions>
      </trkpt>
      <trkpt lat="34.17410594411194324493408203125" lon="108.92936029471457004547119140625">
        <ele>455.399993896484375</ele>
        <time>2026-09-12T12:12:08.000Z</time>
        <extensions>
          <ns3:TrackPointExtension>
            <ns3:hr>155</ns3:hr>
            <ns3:cad>86</ns3:cad>
          </ns3:TrackPointExtension>
        </extensions>
      </trkpt>
      <trkpt lat="34.17410946451127529144287109375" lon="108.9293888770043849945068359375">
        <ele>455.399993896484375</ele>
        <time>2026-09-12T12:12:09.000Z</time>
        <extensions>
          <ns3:TrackPointExtension>
            <ns3:hr>155</ns3:hr>
            <ns3:cad>86</ns3:cad>
          </ns3:TrackPointExtension>
        </extensions>
      </trkpt>
      <trkpt lat="34.174108207225799560546875" lon="108.92941175960004329681396484375">
        <ele>455.600006103515625</ele>
        <time>2026-09-12T12:12:10.000Z</time>
        <extensions>
          <ns3:TrackPointExtension>
            <ns3:hr>155</ns3:hr>
            <ns3:cad>87</ns3:cad>
          </ns3:TrackPointExtension>
        </extensions>
      </trkpt>
      <trkpt lat="34.1741087101399898529052734375" lon="108.92943975515663623809814453125">
        <ele>455.600006103515625</ele>
        <time>2026-09-12T12:12:11.000Z</time>
        <extensions>
          <ns3:TrackPointExtension>
            <ns3:hr>155</ns3:hr>
            <ns3:cad>88</ns3:cad>
          </ns3:TrackPointExtension>
        </extensions>
      </trkpt>
      <trkpt lat="34.17411290109157562255859375" lon="108.92946490086615085601806640625">
        <ele>455.600006103515625</ele>
        <time>2026-09-12T12:12:12.000Z</time>
        <extensions>
          <ns3:TrackPointExtension>
            <ns3:hr>155</ns3:hr>
            <ns3:cad>88</ns3:cad>
          </ns3:TrackPointExtension>
        </extensions>
      </trkpt>
      <trkpt lat="34.1741167567670345306396484375" lon="108.92948585562407970428466796875">
        <ele>455.600006103515625</ele>
        <time>2026-09-12T12:12:13.000Z</time>
        <extensions>
          <ns3:TrackPointExtension>
            <ns3:hr>155</ns3:hr>
            <ns3:cad>88</ns3:cad>
          </ns3:TrackPointExtension>
        </extensions>
      </trkpt>
      <trkpt lat="34.1741147451102733612060546875" lon="108.92951401881873607635498046875">
        <ele>455.79998779296875</ele>
        <time>2026-09-12T12:12:14.000Z</time>
        <extensions>
          <ns3:TrackPointExtension>
            <ns3:hr>154</ns3:hr>
            <ns3:cad>87</ns3:cad>
          </ns3:TrackPointExtension>
        </extensions>
      </trkpt>
      <trkpt lat="34.17411264963448047637939453125" lon="108.929531872272491455078125">
        <ele>455.79998779296875</ele>
        <time>2026-09-12T12:12:15.000Z</time>
        <extensions>
          <ns3:TrackPointExtension>
            <ns3:hr>154</ns3:hr>
            <ns3:cad>87</ns3:cad>
          </ns3:TrackPointExtension>
        </extensions>
      </trkpt>
      <trkpt lat="34.17411332018673419952392578125" lon="108.92955576069653034210205078125">
        <ele>455.79998779296875</ele>
        <time>2026-09-12T12:12:16.000Z</time>
        <extensions>
          <ns3:TrackPointExtension>
            <ns3:hr>154</ns3:hr>
            <ns3:cad>86</ns3:cad>
          </ns3:TrackPointExtension>
        </extensions>
      </trkpt>
      <trkpt lat="34.1741150803864002227783203125" lon="108.92957520671188831329345703125">
        <ele>456</ele>
        <time>2026-09-12T12:12:17.000Z</time>
        <extensions>
          <ns3:TrackPointExtension>
            <ns3:hr>154</ns3:hr>
            <ns3:cad>86</ns3:cad>
          </ns3:TrackPointExtension>
        </extensions>
      </trkpt>
      <trkpt lat="34.17411382310092449188232421875" lon="108.92960471101105213165283203125">
        <ele>456.20001220703125</ele>
        <time>2026-09-12T12:12:18.000Z</time>
        <extensions>
          <ns3:TrackPointExtension>
            <ns3:hr>154</ns3:hr>
            <ns3:cad>86</ns3:cad>
          </ns3:TrackPointExtension>
        </extensions>
      </trkpt>
      <trkpt lat="34.17411013506352901458740234375" lon="108.9296245761215686798095703125">
        <ele>456.20001220703125</ele>
        <time>2026-09-12T12:12:19.000Z</time>
        <extensions>
          <ns3:TrackPointExtension>
            <ns3:hr>154</ns3:hr>
            <ns3:cad>87</ns3:cad>
          </ns3:TrackPointExtension>
        </extensions>
      </trkpt>
      <trkpt lat="34.17410963214933872222900390625" lon="108.929644525051116943359375">
        <ele>456.20001220703125</ele>
        <time>2026-09-12T12:12:20.000Z</time>
        <extensions>
          <ns3:TrackPointExtension>
            <ns3:hr>154</ns3:hr>
            <ns3:cad>87</ns3:cad>
          </ns3:TrackPointExtension>
        </extensions>
      </trkpt>
      <trkpt lat="34.1741070337593555450439453125" lon="108.9296678267419338226318359375">
        <ele>456.20001220703125</ele>
        <time>2026-09-12T12:12:21.000Z</time>
        <extensions>
          <ns3:TrackPointExtension>
            <ns3:hr>153</ns3:hr>
            <ns3:cad>88</ns3:cad>
          </ns3:TrackPointExtension>
        </extensions>
      </trkpt>
      <trkpt lat="34.1741056926548480987548828125" lon="108.92970009706914424896240234375">
        <ele>456.20001220703125</ele>
        <time>2026-09-12T12:12:22.000Z</time>
        <extensions>
          <ns3:TrackPointExtension>
            <ns3:hr>153</ns3:hr>
            <ns3:cad>88</ns3:cad>
          </ns3:TrackPointExtension>
        </extensions>
      </trkpt>
      <trkpt lat="34.17410057969391345977783203125" lon="108.92973228357732295989990234375">
        <ele>456.20001220703125</ele>
        <time>2026-09-12T12:12:23.000Z</time>
        <extensions>
          <ns3:TrackPointExtension>
            <ns3:hr>153</ns3:hr>
            <ns3:cad>88</ns3:cad>
          </ns3:TrackPointExtension>
        </extensions>
      </trkpt>
      <trkpt lat="34.174102842807769775390625" lon="108.92975986003875732421875">
        <ele>456.20001220703125</ele>
        <time>2026-09-12T12:12:24.000Z</time>
        <extensions>
          <ns3:TrackPointExtension>
            <ns3:hr>153</ns3:hr>
            <ns3:cad>87</ns3:cad>
          </ns3:TrackPointExtension>
        </extensions>
      </trkpt>
      <trkpt lat="34.17410192079842090606689453125" lon="108.92979129217565059661865234375">
        <ele>456.20001220703125</ele>
        <time>2026-09-12T12:12:25.000Z</time>
        <extensions>
          <ns3:TrackPointExtension>
            <ns3:hr>153</ns3:hr>
            <ns3:cad>87</ns3:cad>
          </ns3:TrackPointExtension>
        </extensions>
      </trkpt>
      <trkpt lat="34.174105189740657806396484375" lon="108.92981878481805324554443359375">
        <ele>456.20001220703125</ele>
        <time>2026-09-12T12:12:26.000Z</time>
        <extensions>
          <ns3:TrackPointExtension>
            <ns3:hr>153</ns3:hr>
            <ns3:cad>86</ns3:cad>
          </ns3:TrackPointExtension>
        </extensions>
      </trkpt>
      <trkpt lat="34.17410611175000667572021484375" lon="108.92985013313591480255126953125">
        <ele>456.20001220703125</ele>
        <time>2026-09-12T12:12:27.000Z</time>
        <extensions>
          <ns3:TrackPointExtension>
            <ns3:hr>152</ns3:hr>
            <ns3:cad>86</ns3:cad>
          </ns3:TrackPointExtension>
        </extensions>
      </trkpt>
      <trkpt lat="34.17410410009324550628662109375" lon="108.9298669807612895965576171875">
        <ele>456.20001220703125</ele>
        <time>2026-09-12T12:12:28.000Z</time>
        <extensions>
          <ns3:TrackPointExtension>
            <ns3:hr>152</ns3:hr>
            <ns3:cad>86</ns3:cad>
          </ns3:TrackPointExtension>
        </extensions>
      </trkpt>
      <trkpt lat="34.1741036809980869293212890625" lon="108.9298951439559459686279296875">
        <ele>456.20001220703125</ele>
        <time>2026-09-12T12:12:29.000Z</time>
        <extensions>
          <ns3:TrackPointExtension>
            <ns3:hr>152</ns3:hr>
            <ns3:cad>86</ns3:cad>
          </ns3:TrackPointExtension>
        </extensions>
      </trkpt>
      <trkpt lat="34.17410108260810375213623046875" lon="108.92992104403674602508544921875">
        <ele>456.399993896484375</ele>
        <time>2026-09-12T12:12:30.000Z</time>
        <extensions>
          <ns3:TrackPointExtension>
            <ns3:hr>152</ns3:hr>
            <ns3:cad>87</ns3:cad>
          </ns3:TrackPointExtension>
        </extensions>
      </trkpt>
      <trkpt lat="34.17409990914165973663330078125" lon="108.929949291050434112548828125">
        <ele>456.399993896484375</ele>
        <time>2026-09-12T12:12:31.000Z</time>
        <extensions>
          <ns3:TrackPointExtension>
            <ns3:hr>152</ns3:hr>
            <ns3:cad>87</ns3:cad>
          </ns3:TrackPointExtension>
        </extensions>
      </trkpt>
      <trkpt lat="34.1741003282368183135986328125" lon="108.92997351475059986114501953125">
        <ele>456.600006103515625</ele>
        <time>2026-09-12T12:12:32.000Z</time>
        <extensions>
          <ns3:TrackPointExtension>
            <ns3:hr>152</ns3:hr>
            <ns3:cad>87</ns3:cad>
          </ns3:TrackPointExtension>
        </extensions>
      </trkpt>
      <trkpt lat="34.17409756220877170562744140625" lon="108.93000352196395397186279296875">
        <ele>456.600006103515625</ele>
        <time>2026-09-12T12:12:33.000Z</time>
        <extensions>
          <ns3:TrackPointExtension>
            <ns3:hr>152</ns3:hr>
            <ns3:cad>87</ns3:cad>
          </ns3:TrackPointExtension>
        </extensions>
      </trkpt>
      <trkpt lat="34.17409353889524936676025390625" lon="108.93003738485276699066162109375">
        <ele>456.600006103515625</ele>
        <time>2026-09-12T12:12:34.000Z</time>
        <extensions>
          <ns3:TrackPointExtension>
            <ns3:hr>151</ns3:hr>
            <ns3:cad>86</ns3:cad>
          </ns3:TrackPointExtension>
        </extensions>
      </trkpt>
      <trkpt lat="34.17409102432429790496826171875" lon="108.93006202764809131622314453125">
        <ele>456.600006103515625</ele>
        <time>2026-09-12T12:12:35.000Z</time>
        <extensions>
          <ns3:TrackPointExtension>
            <ns3:hr>151</ns3:hr>
            <ns3:cad>86</ns3:cad>
          </ns3:TrackPointExtension>
        </extensions>
      </trkpt>
      <trkpt lat="34.174085073173046112060546875" lon="108.93009723164141178131103515625">
        <ele>456.79998779296875</ele>
        <time>2026-09-12T12:12:36.000Z</time>
        <extensions>
          <ns3:TrackPointExtension>
            <ns3:hr>151</ns3:hr>
            <ns3:cad>87</ns3:cad>
          </ns3:TrackPointExtension>
        </extensions>
      </trkpt>
      <trkpt lat="34.174084402620792388916015625" lon="108.930116929113864898681640625">
        <ele>456.79998779296875</ele>
        <time>2026-09-12T12:12:37.000Z</time>
        <extensions>
          <ns3:TrackPointExtension>
            <ns3:hr>151</ns3:hr>
            <ns3:cad>88</ns3:cad>
          </ns3:TrackPointExtension>
        </extensions>
      </trkpt>
      <trkpt lat="34.17408163659274578094482421875" lon="108.93014400266110897064208984375">
        <ele>456.79998779296875</ele>
        <time>2026-09-12T12:12:38.000Z</time>
        <extensions>
          <ns3:TrackPointExtension>
            <ns3:hr>150</ns3:hr>
            <ns3:cad>88</ns3:cad>
          </ns3:TrackPointExtension>
        </extensions>
      </trkpt>
      <trkpt lat="34.1740795411169528961181640625" lon="108.93016881309449672698974609375">
        <ele>456.79998779296875</ele>
        <time>2026-09-12T12:12:39.000Z</time>
        <extensions>
          <ns3:TrackPointExtension>
            <ns3:hr>150</ns3:hr>
            <ns3:cad>88</ns3:cad>
          </ns3:TrackPointExtension>
        </extensions>
      </trkpt>
      <trkpt lat="34.17408113367855548858642578125" lon="108.9301932044327259063720703125">
        <ele>456.600006103515625</ele>
        <time>2026-09-12T12:12:40.000Z</time>
        <extensions>
          <ns3:TrackPointExtension>
            <ns3:hr>150</ns3:hr>
            <ns3:cad>87</ns3:cad>
          </ns3:TrackPointExtension>
        </extensions>
      </trkpt>
      <trkpt lat="34.1740808822214603424072265625" lon="108.93021441064774990081787109375">
        <ele>456.79998779296875</ele>
        <time>2026-09-12T12:12:41.000Z</time>
        <extensions>
          <ns3:TrackPointExtension>
            <ns3:hr>150</ns3:hr>
            <ns3:cad>86</ns3:cad>
          </ns3:TrackPointExtension>
        </extensions>
      </trkpt>
      <trkpt lat="34.1740792058408260345458984375" lon="108.93023754470050334930419921875">
        <ele>456.79998779296875</ele>
        <time>2026-09-12T12:12:42.000Z</time>
        <extensions>
          <ns3:TrackPointExtension>
            <ns3:hr>150</ns3:hr>
            <ns3:cad>86</ns3:cad>
          </ns3:TrackPointExtension>
        </extensions>
      </trkpt>
      <trkpt lat="34.17408230714499950408935546875" lon="108.93026906065642833709716796875">
        <ele>456.79998779296875</ele>
        <time>2026-09-12T12:12:43.000Z</time>
        <extensions>
          <ns3:TrackPointExtension>
            <ns3:hr>150</ns3:hr>
            <ns3:cad>86</ns3:cad>
          </ns3:TrackPointExtension>
        </extensions>
      </trkpt>
      <trkpt lat="34.17408180423080921173095703125" lon="108.93029169179499149322509765625">
        <ele>456.79998779296875</ele>
        <time>2026-09-12T12:12:44.000Z</time>
        <extensions>
          <ns3:TrackPointExtension>
            <ns3:hr>150</ns3:hr>
            <ns3:cad>86</ns3:cad>
          </ns3:TrackPointExtension>
        </extensions>
      </trkpt>
      <trkpt lat="34.1740869171917438507080078125" lon="108.930315077304840087890625">
        <ele>456.79998779296875</ele>
        <time>2026-09-12T12:12:45.000Z</time>
        <extensions>
          <ns3:TrackPointExtension>
            <ns3:hr>149</ns3:hr>
            <ns3:cad>86</ns3:cad>
          </ns3:TrackPointExtension>
        </extensions>
      </trkpt>
      <trkpt lat="34.1740865819156169891357421875" lon="108.9303420670330524444580078125">
        <ele>456.79998779296875</ele>
        <time>2026-09-12T12:12:46.000Z</time>
        <extensions>
          <ns3:TrackPointExtension>
            <ns3:hr>149</ns3:hr>
            <ns3:cad>86</ns3:cad>
          </ns3:TrackPointExtension>
        </extensions>
      </trkpt>
      <trkpt lat="34.17408867739140987396240234375" lon="108.9303668774664402008056640625">
        <ele>456.79998779296875</ele>
        <time>2026-09-12T12:12:47.000Z</time>
        <extensions>
          <ns3:TrackPointExtension>
            <ns3:hr>149</ns3:hr>
            <ns3:cad>86</ns3:cad>
          </ns3:TrackPointExtension>
        </extensions>
      </trkpt>
      <trkpt lat="34.174089096486568450927734375" lon="108.93039260990917682647705078125">
        <ele>456.79998779296875</ele>
        <time>2026-09-12T12:12:48.000Z</time>
        <extensions>
          <ns3:TrackPointExtension>
            <ns3:hr>149</ns3:hr>
            <ns3:cad>86</ns3:cad>
          </ns3:TrackPointExtension>
        </extensions>
      </trkpt>
      <trkpt lat="34.1740907728672027587890625" lon="108.930420689284801483154296875">
        <ele>456.79998779296875</ele>
        <time>2026-09-12T12:12:49.000Z</time>
        <extensions>
          <ns3:TrackPointExtension>
            <ns3:hr>149</ns3:hr>
            <ns3:cad>86</ns3:cad>
          </ns3:TrackPointExtension>
        </extensions>
      </trkpt>
      <trkpt lat="34.174094460904598236083984375" lon="108.9304506964981555938720703125">
        <ele>456.79998779296875</ele>
        <time>2026-09-12T12:12:50.000Z</time>
        <extensions>
          <ns3:TrackPointExtension>
            <ns3:hr>148</ns3:hr>
            <ns3:cad>86</ns3:cad>
          </ns3:TrackPointExtension>
        </extensions>
      </trkpt>
      <trkpt lat="34.17409412562847137451171875" lon="108.93047693185508251190185546875">
        <ele>456.79998779296875</ele>
        <time>2026-09-12T12:12:51.000Z</time>
        <extensions>
          <ns3:TrackPointExtension>
            <ns3:hr>148</ns3:hr>
            <ns3:cad>86</ns3:cad>
          </ns3:TrackPointExtension>
        </extensions>
      </trkpt>
      <trkpt lat="34.174092449247837066650390625" lon="108.9305041730403900146484375">
        <ele>456.79998779296875</ele>
        <time>2026-09-12T12:12:52.000Z</time>
        <extensions>
          <ns3:TrackPointExtension>
            <ns3:hr>148</ns3:hr>
            <ns3:cad>86</ns3:cad>
          </ns3:TrackPointExtension>
        </extensions>
      </trkpt>
      <trkpt lat="34.174092113971710205078125" lon="108.93052504397928714752197265625">
        <ele>456.79998779296875</ele>
        <time>2026-09-12T12:12:53.000Z</time>
        <extensions>
          <ns3:TrackPointExtension>
            <ns3:hr>148</ns3:hr>
            <ns3:cad>86</ns3:cad>
          </ns3:TrackPointExtension>
        </extensions>
      </trkpt>
      <trkpt lat="34.174087755382061004638671875" lon="108.93055505119264125823974609375">
        <ele>456.79998779296875</ele>
        <time>2026-09-12T12:12:54.000Z</time>
        <extensions>
          <ns3:TrackPointExtension>
            <ns3:hr>148</ns3:hr>
            <ns3:cad>86</ns3:cad>
          </ns3:TrackPointExtension>
        </extensions>
      </trkpt>
      <trkpt lat="34.1740825586020946502685546875" lon="108.93057751469314098358154296875">
        <ele>456.79998779296875</ele>
        <time>2026-09-12T12:12:55.000Z</time>
        <extensions>
          <ns3:TrackPointExtension>
            <ns3:hr>148</ns3:hr>
            <ns3:cad>86</ns3:cad>
          </ns3:TrackPointExtension>
        </extensions>
      </trkpt>
      <trkpt lat="34.17408213950693607330322265625" lon="108.93060542643070220947265625">
        <ele>456.79998779296875</ele>
        <time>2026-09-12T12:12:56.000Z</time>
        <extensions>
          <ns3:TrackPointExtension>
            <ns3:hr>148</ns3:hr>
            <ns3:cad>86</ns3:cad>
          </ns3:TrackPointExtension>
        </extensions>
      </trkpt>
      <trkpt lat="34.1740755178034305572509765625" lon="108.9306374453008174896240234375">
        <ele>456.79998779296875</ele>
        <time>2026-09-12T12:12:57.000Z</time>
        <extensions>
          <ns3:TrackPointExtension>
            <ns3:hr>149</ns3:hr>
            <ns3:cad>87</ns3:cad>
          </ns3:TrackPointExtension>
        </extensions>
      </trkpt>
      <trkpt lat="34.174073673784732818603515625" lon="108.9306565560400485992431640625">
        <ele>456.79998779296875</ele>
        <time>2026-09-12T12:12:58.000Z</time>
        <extensions>
          <ns3:TrackPointExtension>
            <ns3:hr>149</ns3:hr>
            <ns3:cad>87</ns3:cad>
          </ns3:TrackPointExtension>
        </extensions>
      </trkpt>
      <trkpt lat="34.1740773618221282958984375" lon="108.93067524768412113189697265625">
        <ele>456.79998779296875</ele>
        <time>2026-09-12T12:12:59.000Z</time>
        <extensions>
          <ns3:TrackPointExtension>
            <ns3:hr>149</ns3:hr>
            <ns3:cad>86</ns3:cad>
          </ns3:TrackPointExtension>
        </extensions>
      </trkpt>
      <trkpt lat="34.1740765236318111419677734375" lon="108.9306977950036525726318359375">
        <ele>457</ele>
        <time>2026-09-12T12:13:00.000Z</time>
        <extensions>
          <ns3:TrackPointExtension>
            <ns3:hr>149</ns3:hr>
            <ns3:cad>86</ns3:cad>
          </ns3:TrackPointExtension>
        </extensions>
      </trkpt>
      <trkpt lat="34.1740745119750499725341796875" lon="108.93072285689413547515869140625">
        <ele>457</ele>
        <time>2026-09-12T12:13:01.000Z</time>
        <extensions>
          <ns3:TrackPointExtension>
            <ns3:hr>149</ns3:hr>
            <ns3:cad>86</ns3:cad>
          </ns3:TrackPointExtension>
        </extensions>
      </trkpt>
      <trkpt lat="34.1740778647363185882568359375" lon="108.93074498511850833892822265625">
        <ele>457</ele>
        <time>2026-09-12T12:13:02.000Z</time>
        <extensions>
          <ns3:TrackPointExtension>
            <ns3:hr>149</ns3:hr>
            <ns3:cad>87</ns3:cad>
          </ns3:TrackPointExtension>
        </extensions>
      </trkpt>
      <trkpt lat="34.1740788705646991729736328125" lon="108.93077264539897441864013671875">
        <ele>457</ele>
        <time>2026-09-12T12:13:03.000Z</time>
        <extensions>
          <ns3:TrackPointExtension>
            <ns3:hr>149</ns3:hr>
            <ns3:cad>87</ns3:cad>
          </ns3:TrackPointExtension>
        </extensions>
      </trkpt>
      <trkpt lat="34.1740798763930797576904296875" lon="108.93079645000398159027099609375">
        <ele>457</ele>
        <time>2026-09-12T12:13:04.000Z</time>
        <extensions>
          <ns3:TrackPointExtension>
            <ns3:hr>149</ns3:hr>
            <ns3:cad>87</ns3:cad>
          </ns3:TrackPointExtension>
        </extensions>
      </trkpt>
      <trkpt lat="34.1740800440311431884765625" lon="108.9308225177228450775146484375">
        <ele>457</ele>
        <time>2026-09-12T12:13:05.000Z</time>
        <extensions>
          <ns3:TrackPointExtension>
            <ns3:hr>149</ns3:hr>
            <ns3:cad>87</ns3:cad>
          </ns3:TrackPointExtension>
        </extensions>
      </trkpt>
      <trkpt lat="34.17407576926052570343017578125" lon="108.93085579387843608856201171875">
        <ele>457</ele>
        <time>2026-09-12T12:13:06.000Z</time>
        <extensions>
          <ns3:TrackPointExtension>
            <ns3:hr>149</ns3:hr>
            <ns3:cad>87</ns3:cad>
          </ns3:TrackPointExtension>
        </extensions>
      </trkpt>
      <trkpt lat="34.17406990192830562591552734375" lon="108.9308842085301876068115234375">
        <ele>457</ele>
        <time>2026-09-12T12:13:07.000Z</time>
        <extensions>
          <ns3:TrackPointExtension>
            <ns3:hr>149</ns3:hr>
            <ns3:cad>87</ns3:cad>
          </ns3:TrackPointExtension>
        </extensions>
      </trkpt>
      <trkpt lat="34.1740671359002590179443359375" lon="108.93092301674187183380126953125">
        <ele>457</ele>
        <time>2026-09-12T12:13:08.000Z</time>
        <extensions>
          <ns3:TrackPointExtension>
            <ns3:hr>149</ns3:hr>
            <ns3:cad>87</ns3:cad>
          </ns3:TrackPointExtension>
        </extensions>
      </trkpt>
      <trkpt lat="34.1740639507770538330078125" lon="108.93095411360263824462890625">
        <ele>456.79998779296875</ele>
        <time>2026-09-12T12:13:09.000Z</time>
        <extensions>
          <ns3:TrackPointExtension>
            <ns3:hr>149</ns3:hr>
            <ns3:cad>86</ns3:cad>
          </ns3:TrackPointExtension>
        </extensions>
      </trkpt>
      <trkpt lat="34.17406420223414897918701171875" lon="108.93098495900630950927734375">
        <ele>457</ele>
        <time>2026-09-12T12:13:10.000Z</time>
        <extensions>
          <ns3:TrackPointExtension>
            <ns3:hr>149</ns3:hr>
            <ns3:cad>86</ns3:cad>
          </ns3:TrackPointExtension>
        </extensions>
      </trkpt>
      <trkpt lat="34.17406621389091014862060546875" lon="108.9310122840106487274169921875">
        <ele>456.79998779296875</ele>
        <time>2026-09-12T12:13:11.000Z</time>
        <extensions>
          <ns3:TrackPointExtension>
            <ns3:hr>148</ns3:hr>
            <ns3:cad>85</ns3:cad>
          </ns3:TrackPointExtension>
        </extensions>
      </trkpt>
      <trkpt lat="34.17407141067087650299072265625" lon="108.93103734590113162994384765625">
        <ele>456.79998779296875</ele>
        <time>2026-09-12T12:13:12.000Z</time>
        <extensions>
          <ns3:TrackPointExtension>
            <ns3:hr>148</ns3:hr>
            <ns3:cad>84</ns3:cad>
          </ns3:TrackPointExtension>
        </extensions>
      </trkpt>
      <trkpt lat="34.1740785352885723114013671875" lon="108.9310652576386928558349609375">
        <ele>457</ele>
        <time>2026-09-12T12:13:13.000Z</time>
        <extensions>
          <ns3:TrackPointExtension>
            <ns3:hr>148</ns3:hr>
            <ns3:cad>84</ns3:cad>
          </ns3:TrackPointExtension>
        </extensions>
      </trkpt>
      <trkpt lat="34.17408364824950695037841796875" lon="108.93109065480530261993408203125">
        <ele>457</ele>
        <time>2026-09-12T12:13:14.000Z</time>
        <extensions>
          <ns3:TrackPointExtension>
            <ns3:hr>149</ns3:hr>
            <ns3:cad>85</ns3:cad>
          </ns3:TrackPointExtension>
        </extensions>
      </trkpt>
      <trkpt lat="34.174085073173046112060546875" lon="108.93112183548510074615478515625">
        <ele>457</ele>
        <time>2026-09-12T12:13:15.000Z</time>
        <extensions>
          <ns3:TrackPointExtension>
            <ns3:hr>148</ns3:hr>
            <ns3:cad>85</ns3:cad>
          </ns3:TrackPointExtension>
        </extensions>
      </trkpt>
      <trkpt lat="34.1740852408111095428466796875" lon="108.93114144913852214813232421875">
        <ele>457</ele>
        <time>2026-09-12T12:13:16.000Z</time>
        <extensions>
          <ns3:TrackPointExtension>
            <ns3:hr>148</ns3:hr>
            <ns3:cad>86</ns3:cad>
          </ns3:TrackPointExtension>
        </extensions>
      </trkpt>
      <trkpt lat="34.174081049859523773193359375" lon="108.93117480911314487457275390625">
        <ele>457</ele>
        <time>2026-09-12T12:13:17.000Z</time>
        <extensions>
          <ns3:TrackPointExtension>
            <ns3:hr>149</ns3:hr>
            <ns3:cad>86</ns3:cad>
          </ns3:TrackPointExtension>
        </extensions>
      </trkpt>
      <trkpt lat="34.1740808822214603424072265625" lon="108.9311933331191539764404296875">
        <ele>457</ele>
        <time>2026-09-12T12:13:18.000Z</time>
        <extensions>
          <ns3:TrackPointExtension>
            <ns3:hr>148</ns3:hr>
            <ns3:cad>86</ns3:cad>
          </ns3:TrackPointExtension>
        </extensions>
      </trkpt>
      <trkpt lat="34.17408113367855548858642578125" lon="108.93121856264770030975341796875">
        <ele>457</ele>
        <time>2026-09-12T12:13:19.000Z</time>
        <extensions>
          <ns3:TrackPointExtension>
            <ns3:hr>148</ns3:hr>
            <ns3:cad>86</ns3:cad>
          </ns3:TrackPointExtension>
        </extensions>
      </trkpt>
      <trkpt lat="34.174081049859523773193359375" lon="108.93123867921531200408935546875">
        <ele>457.20001220703125</ele>
        <time>2026-09-12T12:13:20.000Z</time>
        <extensions>
          <ns3:TrackPointExtension>
            <ns3:hr>148</ns3:hr>
            <ns3:cad>86</ns3:cad>
          </ns3:TrackPointExtension>
        </extensions>
      </trkpt>
      <trkpt lat="34.174081720411777496337890625" lon="108.931258209049701690673828125">
        <ele>457.20001220703125</ele>
        <time>2026-09-12T12:13:21.000Z</time>
        <extensions>
          <ns3:TrackPointExtension>
            <ns3:hr>148</ns3:hr>
            <ns3:cad>86</ns3:cad>
          </ns3:TrackPointExtension>
        </extensions>
      </trkpt>
      <trkpt lat="34.174086414277553558349609375" lon="108.931280672550201416015625">
        <ele>457.20001220703125</ele>
        <time>2026-09-12T12:13:22.000Z</time>
        <extensions>
          <ns3:TrackPointExtension>
            <ns3:hr>148</ns3:hr>
            <ns3:cad>86</ns3:cad>
          </ns3:TrackPointExtension>
        </extensions>
      </trkpt>
      <trkpt lat="34.17408616282045841217041015625" lon="108.9313006214797496795654296875">
        <ele>457.20001220703125</ele>
        <time>2026-09-12T12:13:23.000Z</time>
        <extensions>
          <ns3:TrackPointExtension>
            <ns3:hr>148</ns3:hr>
            <ns3:cad>87</ns3:cad>
          </ns3:TrackPointExtension>
        </extensions>
      </trkpt>
      <trkpt lat="34.17408742010593414306640625" lon="108.9313351549208164215087890625">
        <ele>457.20001220703125</ele>
        <time>2026-09-12T12:13:24.000Z</time>
        <extensions>
          <ns3:TrackPointExtension>
            <ns3:hr>148</ns3:hr>
            <ns3:cad>87</ns3:cad>
          </ns3:TrackPointExtension>
        </extensions>
      </trkpt>
      <trkpt lat="34.17409203015267848968505859375" lon="108.931351415812969207763671875">
        <ele>457.20001220703125</ele>
        <time>2026-09-12T12:13:25.000Z</time>
        <extensions>
          <ns3:TrackPointExtension>
            <ns3:hr>147</ns3:hr>
            <ns3:cad>87</ns3:cad>
          </ns3:TrackPointExtension>
        </extensions>
      </trkpt>
      <trkpt lat="34.17409638874232769012451171875" lon="108.9313758909702301025390625">
        <ele>457.20001220703125</ele>
        <time>2026-09-12T12:13:26.000Z</time>
        <extensions>
          <ns3:TrackPointExtension>
            <ns3:hr>147</ns3:hr>
            <ns3:cad>86</ns3:cad>
          </ns3:TrackPointExtension>
        </extensions>
      </trkpt>
      <trkpt lat="34.17410108260810375213623046875" lon="108.9313988573849201202392578125">
        <ele>457.20001220703125</ele>
        <time>2026-09-12T12:13:27.000Z</time>
        <extensions>
          <ns3:TrackPointExtension>
            <ns3:hr>147</ns3:hr>
            <ns3:cad>86</ns3:cad>
          </ns3:TrackPointExtension>
        </extensions>
      </trkpt>
      <trkpt lat="34.17410812340676784515380859375" lon="108.93142475746572017669677734375">
        <ele>457.20001220703125</ele>
        <time>2026-09-12T12:13:28.000Z</time>
        <extensions>
          <ns3:TrackPointExtension>
            <ns3:hr>147</ns3:hr>
            <ns3:cad>87</ns3:cad>
          </ns3:TrackPointExtension>
        </extensions>
      </trkpt>
      <trkpt lat="34.17411063797771930694580078125" lon="108.93145392648875713348388671875">
        <ele>457.20001220703125</ele>
        <time>2026-09-12T12:13:29.000Z</time>
        <extensions>
          <ns3:TrackPointExtension>
            <ns3:hr>147</ns3:hr>
            <ns3:cad>87</ns3:cad>
          </ns3:TrackPointExtension>
        </extensions>
      </trkpt>
      <trkpt lat="34.174109883606433868408203125" lon="108.93148259259760379791259765625">
        <ele>457.20001220703125</ele>
        <time>2026-09-12T12:13:30.000Z</time>
        <extensions>
          <ns3:TrackPointExtension>
            <ns3:hr>147</ns3:hr>
            <ns3:cad>87</ns3:cad>
          </ns3:TrackPointExtension>
        </extensions>
      </trkpt>
      <trkpt lat="34.17411231435835361480712890625" lon="108.93151142634451389312744140625">
        <ele>457.20001220703125</ele>
        <time>2026-09-12T12:13:31.000Z</time>
        <extensions>
          <ns3:TrackPointExtension>
            <ns3:hr>146</ns3:hr>
            <ns3:cad>87</ns3:cad>
          </ns3:TrackPointExtension>
        </extensions>
      </trkpt>
      <trkpt lat="34.1741149127483367919921875" lon="108.9315433613955974578857421875">
        <ele>457.20001220703125</ele>
        <time>2026-09-12T12:13:32.000Z</time>
        <extensions>
          <ns3:TrackPointExtension>
            <ns3:hr>146</ns3:hr>
            <ns3:cad>87</ns3:cad>
          </ns3:TrackPointExtension>
        </extensions>
      </trkpt>
      <trkpt lat="34.17412119917571544647216796875" lon="108.93157009966671466827392578125">
        <ele>457.20001220703125</ele>
        <time>2026-09-12T12:13:33.000Z</time>
        <extensions>
          <ns3:TrackPointExtension>
            <ns3:hr>146</ns3:hr>
            <ns3:cad>87</ns3:cad>
          </ns3:TrackPointExtension>
        </extensions>
      </trkpt>
      <trkpt lat="34.1741224564611911773681640625" lon="108.93159675411880016326904296875">
        <ele>457.20001220703125</ele>
        <time>2026-09-12T12:13:34.000Z</time>
        <extensions>
          <ns3:TrackPointExtension>
            <ns3:hr>146</ns3:hr>
            <ns3:cad>87</ns3:cad>
          </ns3:TrackPointExtension>
        </extensions>
      </trkpt>
      <trkpt lat="34.1741248033940792083740234375" lon="108.93162609077990055084228515625">
        <ele>457.20001220703125</ele>
        <time>2026-09-12T12:13:35.000Z</time>
        <extensions>
          <ns3:TrackPointExtension>
            <ns3:hr>146</ns3:hr>
            <ns3:cad>87</ns3:cad>
          </ns3:TrackPointExtension>
        </extensions>
      </trkpt>
      <trkpt lat="34.17412103153765201568603515625" lon="108.93164888955652713775634765625">
        <ele>457.20001220703125</ele>
        <time>2026-09-12T12:13:36.000Z</time>
        <extensions>
          <ns3:TrackPointExtension>
            <ns3:hr>145</ns3:hr>
            <ns3:cad>87</ns3:cad>
          </ns3:TrackPointExtension>
        </extensions>
      </trkpt>
      <trkpt lat="34.1741167567670345306396484375" lon="108.93167235888540744781494140625">
        <ele>457.20001220703125</ele>
        <time>2026-09-12T12:13:37.000Z</time>
        <extensions>
          <ns3:TrackPointExtension>
            <ns3:hr>145</ns3:hr>
            <ns3:cad>87</ns3:cad>
          </ns3:TrackPointExtension>
        </extensions>
      </trkpt>
      <trkpt lat="34.174110889434814453125" lon="108.93170052208006381988525390625">
        <ele>457.20001220703125</ele>
        <time>2026-09-12T12:13:38.000Z</time>
        <extensions>
          <ns3:TrackPointExtension>
            <ns3:hr>145</ns3:hr>
            <ns3:cad>87</ns3:cad>
          </ns3:TrackPointExtension>
        </extensions>
      </trkpt>
      <trkpt lat="34.17411013506352901458740234375" lon="108.93172482959926128387451171875">
        <ele>457.20001220703125</ele>
        <time>2026-09-12T12:13:39.000Z</time>
        <extensions>
          <ns3:TrackPointExtension>
            <ns3:hr>145</ns3:hr>
            <ns3:cad>86</ns3:cad>
          </ns3:TrackPointExtension>
        </extensions>
      </trkpt>
      <trkpt lat="34.17410745285451412200927734375" lon="108.9317515678703784942626953125">
        <ele>457.20001220703125</ele>
        <time>2026-09-12T12:13:40.000Z</time>
        <extensions>
          <ns3:TrackPointExtension>
            <ns3:hr>145</ns3:hr>
            <ns3:cad>86</ns3:cad>
          </ns3:TrackPointExtension>
        </extensions>
      </trkpt>
      <trkpt lat="34.174113571643829345703125" lon="108.931774534285068511962890625">
        <ele>457.20001220703125</ele>
        <time>2026-09-12T12:13:41.000Z</time>
        <extensions>
          <ns3:TrackPointExtension>
            <ns3:hr>145</ns3:hr>
            <ns3:cad>86</ns3:cad>
          </ns3:TrackPointExtension>
        </extensions>
      </trkpt>
      <trkpt lat="34.1741194389760494232177734375" lon="108.93180579878389835357666015625">
        <ele>457.20001220703125</ele>
        <time>2026-09-12T12:13:42.000Z</time>
        <extensions>
          <ns3:TrackPointExtension>
            <ns3:hr>144</ns3:hr>
            <ns3:cad>86</ns3:cad>
          </ns3:TrackPointExtension>
        </extensions>
      </trkpt>
      <trkpt lat="34.17411960661411285400390625" lon="108.931832201778888702392578125">
        <ele>457.20001220703125</ele>
        <time>2026-09-12T12:13:43.000Z</time>
        <extensions>
          <ns3:TrackPointExtension>
            <ns3:hr>144</ns3:hr>
            <ns3:cad>86</ns3:cad>
          </ns3:TrackPointExtension>
        </extensions>
      </trkpt>
      <trkpt lat="34.17413293384015560150146484375" lon="108.93185391090810298919677734375">
        <ele>457.20001220703125</ele>
        <time>2026-09-12T12:13:44.000Z</time>
        <extensions>
          <ns3:TrackPointExtension>
            <ns3:hr>144</ns3:hr>
            <ns3:cad>87</ns3:cad>
          </ns3:TrackPointExtension>
        </extensions>
      </trkpt>
      <trkpt lat="34.1741402260959148406982421875" lon="108.931887857615947723388671875">
        <ele>457.399993896484375</ele>
        <time>2026-09-12T12:13:45.000Z</time>
        <extensions>
          <ns3:TrackPointExtension>
            <ns3:hr>144</ns3:hr>
            <ns3:cad>87</ns3:cad>
          </ns3:TrackPointExtension>
        </extensions>
      </trkpt>
      <trkpt lat="34.1741419024765491485595703125" lon="108.93191359005868434906005859375">
        <ele>457.399993896484375</ele>
        <time>2026-09-12T12:13:46.000Z</time>
        <extensions>
          <ns3:TrackPointExtension>
            <ns3:hr>144</ns3:hr>
            <ns3:cad>87</ns3:cad>
          </ns3:TrackPointExtension>
        </extensions>
      </trkpt>
      <trkpt lat="34.1741390526294708251953125" lon="108.9319445192813873291015625">
        <ele>457.399993896484375</ele>
        <time>2026-09-12T12:13:47.000Z</time>
        <extensions>
          <ns3:TrackPointExtension>
            <ns3:hr>144</ns3:hr>
            <ns3:cad>86</ns3:cad>
          </ns3:TrackPointExtension>
        </extensions>
      </trkpt>
      <trkpt lat="34.17414240539073944091796875" lon="108.93196840770542621612548828125">
        <ele>457.399993896484375</ele>
        <time>2026-09-12T12:13:48.000Z</time>
        <extensions>
          <ns3:TrackPointExtension>
            <ns3:hr>144</ns3:hr>
            <ns3:cad>85</ns3:cad>
          </ns3:TrackPointExtension>
        </extensions>
      </trkpt>
      <trkpt lat="34.17413611896336078643798828125" lon="108.931988440454006195068359375">
        <ele>457.399993896484375</ele>
        <time>2026-09-12T12:13:49.000Z</time>
        <extensions>
          <ns3:TrackPointExtension>
            <ns3:hr>143</ns3:hr>
            <ns3:cad>84</ns3:cad>
          </ns3:TrackPointExtension>
        </extensions>
      </trkpt>
      <trkpt lat="34.17413947172462940216064453125" lon="108.932016603648662567138671875">
        <ele>457.399993896484375</ele>
        <time>2026-09-12T12:13:50.000Z</time>
        <extensions>
          <ns3:TrackPointExtension>
            <ns3:hr>143</ns3:hr>
            <ns3:cad>84</ns3:cad>
          </ns3:TrackPointExtension>
        </extensions>
      </trkpt>
      <trkpt lat="34.17414098046720027923583984375" lon="108.9320405758917331695556640625">
        <ele>457.399993896484375</ele>
        <time>2026-09-12T12:13:51.000Z</time>
        <extensions>
          <ns3:TrackPointExtension>
            <ns3:hr>143</ns3:hr>
            <ns3:cad>84</ns3:cad>
          </ns3:TrackPointExtension>
        </extensions>
      </trkpt>
      <trkpt lat="34.17414248920977115631103515625" lon="108.9320680685341358184814453125">
        <ele>457.399993896484375</ele>
        <time>2026-09-12T12:13:52.000Z</time>
        <extensions>
          <ns3:TrackPointExtension>
            <ns3:hr>143</ns3:hr>
            <ns3:cad>84</ns3:cad>
          </ns3:TrackPointExtension>
        </extensions>
      </trkpt>
      <trkpt lat="34.17414818890392780303955078125" lon="108.932093717157840728759765625">
        <ele>457.399993896484375</ele>
        <time>2026-09-12T12:13:53.000Z</time>
        <extensions>
          <ns3:TrackPointExtension>
            <ns3:hr>143</ns3:hr>
            <ns3:cad>86</ns3:cad>
          </ns3:TrackPointExtension>
        </extensions>
      </trkpt>
      <trkpt lat="34.174153469502925872802734375" lon="108.93212012015283107757568359375">
        <ele>457.399993896484375</ele>
        <time>2026-09-12T12:13:54.000Z</time>
        <extensions>
          <ns3:TrackPointExtension>
            <ns3:hr>143</ns3:hr>
            <ns3:cad>86</ns3:cad>
          </ns3:TrackPointExtension>
        </extensions>
      </trkpt>
      <trkpt lat="34.1741576604545116424560546875" lon="108.93214392475783824920654296875">
        <ele>457.399993896484375</ele>
        <time>2026-09-12T12:13:55.000Z</time>
        <extensions>
          <ns3:TrackPointExtension>
            <ns3:hr>143</ns3:hr>
            <ns3:cad>86</ns3:cad>
          </ns3:TrackPointExtension>
        </extensions>
      </trkpt>
      <trkpt lat="34.1741569899022579193115234375" lon="108.93216781318187713623046875">
        <ele>457.600006103515625</ele>
        <time>2026-09-12T12:13:56.000Z</time>
        <extensions>
          <ns3:TrackPointExtension>
            <ns3:hr>143</ns3:hr>
            <ns3:cad>86</ns3:cad>
          </ns3:TrackPointExtension>
        </extensions>
      </trkpt>
      <trkpt lat="34.17416118085384368896484375" lon="108.9321860857307910919189453125">
        <ele>457.600006103515625</ele>
        <time>2026-09-12T12:13:57.000Z</time>
        <extensions>
          <ns3:TrackPointExtension>
            <ns3:hr>142</ns3:hr>
            <ns3:cad>86</ns3:cad>
          </ns3:TrackPointExtension>
        </extensions>
      </trkpt>
      <trkpt lat="34.17416428215801715850830078125" lon="108.93221366219222545623779296875">
        <ele>457.600006103515625</ele>
        <time>2026-09-12T12:13:58.000Z</time>
        <extensions>
          <ns3:TrackPointExtension>
            <ns3:hr>143</ns3:hr>
            <ns3:cad>86</ns3:cad>
          </ns3:TrackPointExtension>
        </extensions>
      </trkpt>
      <trkpt lat="34.17415925301611423492431640625" lon="108.932235538959503173828125">
        <ele>457.600006103515625</ele>
        <time>2026-09-12T12:13:59.000Z</time>
        <extensions>
          <ns3:TrackPointExtension>
            <ns3:hr>143</ns3:hr>
            <ns3:cad>86</ns3:cad>
          </ns3:TrackPointExtension>
        </extensions>
      </trkpt>
      <trkpt lat="34.1741553135216236114501953125" lon="108.93226194195449352264404296875">
        <ele>457.600006103515625</ele>
        <time>2026-09-12T12:14:00.000Z</time>
        <extensions>
          <ns3:TrackPointExtension>
            <ns3:hr>143</ns3:hr>
            <ns3:cad>86</ns3:cad>
          </ns3:TrackPointExtension>
        </extensions>
      </trkpt>
      <trkpt lat="34.1741578280925750732421875" lon="108.932288847863674163818359375">
        <ele>457.600006103515625</ele>
        <time>2026-09-12T12:14:01.000Z</time>
        <extensions>
          <ns3:TrackPointExtension>
            <ns3:hr>142</ns3:hr>
            <ns3:cad>87</ns3:cad>
          </ns3:TrackPointExtension>
        </extensions>
      </trkpt>
      <trkpt lat="34.1741613484919071197509765625" lon="108.93231675960123538970947265625">
        <ele>457.600006103515625</ele>
        <time>2026-09-12T12:14:02.000Z</time>
        <extensions>
          <ns3:TrackPointExtension>
            <ns3:hr>142</ns3:hr>
            <ns3:cad>87</ns3:cad>
          </ns3:TrackPointExtension>
        </extensions>
      </trkpt>
      <trkpt lat="34.17417216114699840545654296875" lon="108.9323436655104160308837890625">
        <ele>457.600006103515625</ele>
        <time>2026-09-12T12:14:03.000Z</time>
        <extensions>
          <ns3:TrackPointExtension>
            <ns3:hr>142</ns3:hr>
            <ns3:cad>87</ns3:cad>
          </ns3:TrackPointExtension>
        </extensions>
      </trkpt>
      <trkpt lat="34.17418062686920166015625" lon="108.9323714934289455413818359375">
        <ele>457.600006103515625</ele>
        <time>2026-09-12T12:14:04.000Z</time>
        <extensions>
          <ns3:TrackPointExtension>
            <ns3:hr>142</ns3:hr>
            <ns3:cad>87</ns3:cad>
          </ns3:TrackPointExtension>
        </extensions>
      </trkpt>
      <trkpt lat="34.17419135570526123046875" lon="108.9324023388326168060302734375">
        <ele>457.600006103515625</ele>
        <time>2026-09-12T12:14:05.000Z</time>
        <extensions>
          <ns3:TrackPointExtension>
            <ns3:hr>142</ns3:hr>
            <ns3:cad>87</ns3:cad>
          </ns3:TrackPointExtension>
        </extensions>
      </trkpt>
      <trkpt lat="34.1741975583136081695556640625" lon="108.932428658008575439453125">
        <ele>457.600006103515625</ele>
        <time>2026-09-12T12:14:06.000Z</time>
        <extensions>
          <ns3:TrackPointExtension>
            <ns3:hr>143</ns3:hr>
            <ns3:cad>87</ns3:cad>
          </ns3:TrackPointExtension>
        </extensions>
      </trkpt>
      <trkpt lat="34.17420568875968456268310546875" lon="108.93245254643261432647705078125">
        <ele>457.600006103515625</ele>
        <time>2026-09-12T12:14:07.000Z</time>
        <extensions>
          <ns3:TrackPointExtension>
            <ns3:hr>142</ns3:hr>
            <ns3:cad>87</ns3:cad>
          </ns3:TrackPointExtension>
        </extensions>
      </trkpt>
      <trkpt lat="34.17421155609190464019775390625" lon="108.93247450701892375946044921875">
        <ele>457.600006103515625</ele>
        <time>2026-09-12T12:14:08.000Z</time>
        <extensions>
          <ns3:TrackPointExtension>
            <ns3:hr>142</ns3:hr>
            <ns3:cad>86</ns3:cad>
          </ns3:TrackPointExtension>
        </extensions>
      </trkpt>
      <trkpt lat="34.17421792633831501007080078125" lon="108.93250099383294582366943359375">
        <ele>457.600006103515625</ele>
        <time>2026-09-12T12:14:09.000Z</time>
        <extensions>
          <ns3:TrackPointExtension>
            <ns3:hr>142</ns3:hr>
            <ns3:cad>86</ns3:cad>
          </ns3:TrackPointExtension>
        </extensions>
      </trkpt>
      <trkpt lat="34.1742216981947422027587890625" lon="108.932527564465999603271484375">
        <ele>457.600006103515625</ele>
        <time>2026-09-12T12:14:10.000Z</time>
        <extensions>
          <ns3:TrackPointExtension>
            <ns3:hr>142</ns3:hr>
            <ns3:cad>87</ns3:cad>
          </ns3:TrackPointExtension>
        </extensions>
      </trkpt>
      <trkpt lat="34.17422513477504253387451171875" lon="108.93255078233778476715087890625">
        <ele>457.600006103515625</ele>
        <time>2026-09-12T12:14:11.000Z</time>
        <extensions>
          <ns3:TrackPointExtension>
            <ns3:hr>142</ns3:hr>
            <ns3:cad>87</ns3:cad>
          </ns3:TrackPointExtension>
        </extensions>
      </trkpt>
      <trkpt lat="34.1742247156798839569091796875" lon="108.932578526437282562255859375">
        <ele>457.600006103515625</ele>
        <time>2026-09-12T12:14:12.000Z</time>
        <extensions>
          <ns3:TrackPointExtension>
            <ns3:hr>142</ns3:hr>
            <ns3:cad>87</ns3:cad>
          </ns3:TrackPointExtension>
        </extensions>
      </trkpt>
      <trkpt lat="34.17423200793564319610595703125" lon="108.93260040320456027984619140625">
        <ele>457.600006103515625</ele>
        <time>2026-09-12T12:14:13.000Z</time>
        <extensions>
          <ns3:TrackPointExtension>
            <ns3:hr>142</ns3:hr>
            <ns3:cad>88</ns3:cad>
          </ns3:TrackPointExtension>
        </extensions>
      </trkpt>
      <trkpt lat="34.17423603124916553497314453125" lon="108.9326298236846923828125">
        <ele>457.600006103515625</ele>
        <time>2026-09-12T12:14:14.000Z</time>
        <extensions>
          <ns3:TrackPointExtension>
            <ns3:hr>142</ns3:hr>
            <ns3:cad>88</ns3:cad>
          </ns3:TrackPointExtension>
        </extensions>
      </trkpt>
      <trkpt lat="34.17423720471560955047607421875" lon="108.9326571486890316009521484375">
        <ele>457.600006103515625</ele>
        <time>2026-09-12T12:14:15.000Z</time>
        <extensions>
          <ns3:TrackPointExtension>
            <ns3:hr>143</ns3:hr>
            <ns3:cad>87</ns3:cad>
          </ns3:TrackPointExtension>
        </extensions>
      </trkpt>
      <trkpt lat="34.17424458079040050506591796875" lon="108.93268908374011516571044921875">
        <ele>457.600006103515625</ele>
        <time>2026-09-12T12:14:16.000Z</time>
        <extensions>
          <ns3:TrackPointExtension>
            <ns3:hr>142</ns3:hr>
            <ns3:cad>87</ns3:cad>
          </ns3:TrackPointExtension>
        </extensions>
      </trkpt>
      <trkpt lat="34.17424960993230342864990234375" lon="108.9327161572873592376708984375">
        <ele>457.79998779296875</ele>
        <time>2026-09-12T12:14:17.000Z</time>
        <extensions>
          <ns3:TrackPointExtension>
            <ns3:hr>142</ns3:hr>
            <ns3:cad>87</ns3:cad>
          </ns3:TrackPointExtension>
        </extensions>
      </trkpt>
      <trkpt lat="34.1742538847029209136962890625" lon="108.9327453263103961944580078125">
        <ele>457.79998779296875</ele>
        <time>2026-09-12T12:14:18.000Z</time>
        <extensions>
          <ns3:TrackPointExtension>
            <ns3:hr>142</ns3:hr>
            <ns3:cad>87</ns3:cad>
          </ns3:TrackPointExtension>
        </extensions>
      </trkpt>
      <trkpt lat="34.17425463907420635223388671875" lon="108.93277122639119625091552734375">
        <ele>457.79998779296875</ele>
        <time>2026-09-12T12:14:19.000Z</time>
        <extensions>
          <ns3:TrackPointExtension>
            <ns3:hr>142</ns3:hr>
            <ns3:cad>87</ns3:cad>
          </ns3:TrackPointExtension>
        </extensions>
      </trkpt>
      <trkpt lat="34.1742572374641895294189453125" lon="108.93280022777616977691650390625">
        <ele>457.79998779296875</ele>
        <time>2026-09-12T12:14:20.000Z</time>
        <extensions>
          <ns3:TrackPointExtension>
            <ns3:hr>142</ns3:hr>
            <ns3:cad>86</ns3:cad>
          </ns3:TrackPointExtension>
        </extensions>
      </trkpt>
      <trkpt lat="34.17426100932061672210693359375" lon="108.93282436765730381011962890625">
        <ele>457.79998779296875</ele>
        <time>2026-09-12T12:14:21.000Z</time>
        <extensions>
          <ns3:TrackPointExtension>
            <ns3:hr>142</ns3:hr>
            <ns3:cad>86</ns3:cad>
          </ns3:TrackPointExtension>
        </extensions>
      </trkpt>
      <trkpt lat="34.17426184751093387603759765625" lon="108.9328462444245815277099609375">
        <ele>457.79998779296875</ele>
        <time>2026-09-12T12:14:22.000Z</time>
        <extensions>
          <ns3:TrackPointExtension>
            <ns3:hr>142</ns3:hr>
            <ns3:cad>86</ns3:cad>
          </ns3:TrackPointExtension>
        </extensions>
      </trkpt>
      <trkpt lat="34.174262769520282745361328125" lon="108.9328750781714916229248046875">
        <ele>457.79998779296875</ele>
        <time>2026-09-12T12:14:23.000Z</time>
        <extensions>
          <ns3:TrackPointExtension>
            <ns3:hr>142</ns3:hr>
            <ns3:cad>86</ns3:cad>
          </ns3:TrackPointExtension>
        </extensions>
      </trkpt>
      <trkpt lat="34.17426645755767822265625" lon="108.932898379862308502197265625">
        <ele>457.79998779296875</ele>
        <time>2026-09-12T12:14:24.000Z</time>
        <extensions>
          <ns3:TrackPointExtension>
            <ns3:hr>142</ns3:hr>
            <ns3:cad>86</ns3:cad>
          </ns3:TrackPointExtension>
        </extensions>
      </trkpt>
      <trkpt lat="34.17427115142345428466796875" lon="108.93292486667633056640625">
        <ele>457.79998779296875</ele>
        <time>2026-09-12T12:14:25.000Z</time>
        <extensions>
          <ns3:TrackPointExtension>
            <ns3:hr>142</ns3:hr>
            <ns3:cad>86</ns3:cad>
          </ns3:TrackPointExtension>
        </extensions>
      </trkpt>
      <trkpt lat="34.17427291162312030792236328125" lon="108.9329495094716548919677734375">
        <ele>457.79998779296875</ele>
        <time>2026-09-12T12:14:26.000Z</time>
        <extensions>
          <ns3:TrackPointExtension>
            <ns3:hr>142</ns3:hr>
            <ns3:cad>86</ns3:cad>
          </ns3:TrackPointExtension>
        </extensions>
      </trkpt>
      <trkpt lat="34.17427341453731060028076171875" lon="108.932974822819232940673828125">
        <ele>457.79998779296875</ele>
        <time>2026-09-12T12:14:27.000Z</time>
        <extensions>
          <ns3:TrackPointExtension>
            <ns3:hr>142</ns3:hr>
            <ns3:cad>86</ns3:cad>
          </ns3:TrackPointExtension>
        </extensions>
      </trkpt>
      <trkpt lat="34.1742770187556743621826171875" lon="108.9330011419951915740966796875">
        <ele>457.79998779296875</ele>
        <time>2026-09-12T12:14:28.000Z</time>
        <extensions>
          <ns3:TrackPointExtension>
            <ns3:hr>142</ns3:hr>
            <ns3:cad>86</ns3:cad>
          </ns3:TrackPointExtension>
        </extensions>
      </trkpt>
      <trkpt lat="34.17427718639373779296875" lon="108.93302519805729389190673828125">
        <ele>457.79998779296875</ele>
        <time>2026-09-12T12:14:29.000Z</time>
        <extensions>
          <ns3:TrackPointExtension>
            <ns3:hr>142</ns3:hr>
            <ns3:cad>86</ns3:cad>
          </ns3:TrackPointExtension>
        </extensions>
      </trkpt>
      <trkpt lat="34.174280203878879547119140625" lon="108.93305017612874507904052734375">
        <ele>457.79998779296875</ele>
        <time>2026-09-12T12:14:30.000Z</time>
        <extensions>
          <ns3:TrackPointExtension>
            <ns3:hr>142</ns3:hr>
            <ns3:cad>87</ns3:cad>
          </ns3:TrackPointExtension>
        </extensions>
      </trkpt>
      <trkpt lat="34.1742827184498310089111328125" lon="108.933072388172149658203125">
        <ele>458</ele>
        <time>2026-09-12T12:14:31.000Z</time>
        <extensions>
          <ns3:TrackPointExtension>
            <ns3:hr>142</ns3:hr>
            <ns3:cad>87</ns3:cad>
          </ns3:TrackPointExtension>
        </extensions>
      </trkpt>
      <trkpt lat="34.17428330518305301666259765625" lon="108.93310390412807464599609375">
        <ele>458</ele>
        <time>2026-09-12T12:14:32.000Z</time>
        <extensions>
          <ns3:TrackPointExtension>
            <ns3:hr>141</ns3:hr>
            <ns3:cad>86</ns3:cad>
          </ns3:TrackPointExtension>
        </extensions>
      </trkpt>
      <trkpt lat="34.17428296990692615509033203125" lon="108.93312728963792324066162109375">
        <ele>458</ele>
        <time>2026-09-12T12:14:33.000Z</time>
        <extensions>
          <ns3:TrackPointExtension>
            <ns3:hr>142</ns3:hr>
            <ns3:cad>86</ns3:cad>
          </ns3:TrackPointExtension>
        </extensions>
      </trkpt>
      <trkpt lat="34.17428598739206790924072265625" lon="108.93315746448934078216552734375">
        <ele>458</ele>
        <time>2026-09-12T12:14:34.000Z</time>
        <extensions>
          <ns3:TrackPointExtension>
            <ns3:hr>142</ns3:hr>
            <ns3:cad>86</ns3:cad>
          </ns3:TrackPointExtension>
        </extensions>
      </trkpt>
      <trkpt lat="34.1742854006588459014892578125" lon="108.933181352913379669189453125">
        <ele>458</ele>
        <time>2026-09-12T12:14:35.000Z</time>
        <extensions>
          <ns3:TrackPointExtension>
            <ns3:hr>141</ns3:hr>
            <ns3:cad>87</ns3:cad>
          </ns3:TrackPointExtension>
        </extensions>
      </trkpt>
      <trkpt lat="34.1742894239723682403564453125" lon="108.93321295268833637237548828125">
        <ele>458</ele>
        <time>2026-09-12T12:14:36.000Z</time>
        <extensions>
          <ns3:TrackPointExtension>
            <ns3:hr>142</ns3:hr>
            <ns3:cad>87</ns3:cad>
          </ns3:TrackPointExtension>
        </extensions>
      </trkpt>
      <trkpt lat="34.1742951236665248870849609375" lon="108.93324069678783416748046875">
        <ele>458</ele>
        <time>2026-09-12T12:14:37.000Z</time>
        <extensions>
          <ns3:TrackPointExtension>
            <ns3:hr>141</ns3:hr>
            <ns3:cad>87</ns3:cad>
          </ns3:TrackPointExtension>
        </extensions>
      </trkpt>
      <trkpt lat="34.17429663240909576416015625" lon="108.93326827324926853179931640625">
        <ele>458</ele>
        <time>2026-09-12T12:14:38.000Z</time>
        <extensions>
          <ns3:TrackPointExtension>
            <ns3:hr>141</ns3:hr>
            <ns3:cad>87</ns3:cad>
          </ns3:TrackPointExtension>
        </extensions>
      </trkpt>
      <trkpt lat="34.17429688386619091033935546875" lon="108.9333025552332401275634765625">
        <ele>458</ele>
        <time>2026-09-12T12:14:39.000Z</time>
        <extensions>
          <ns3:TrackPointExtension>
            <ns3:hr>141</ns3:hr>
            <ns3:cad>87</ns3:cad>
          </ns3:TrackPointExtension>
        </extensions>
      </trkpt>
      <trkpt lat="34.174301661550998687744140625" lon="108.9333380945026874542236328125">
        <ele>458</ele>
        <time>2026-09-12T12:14:40.000Z</time>
        <extensions>
          <ns3:TrackPointExtension>
            <ns3:hr>142</ns3:hr>
            <ns3:cad>87</ns3:cad>
          </ns3:TrackPointExtension>
        </extensions>
      </trkpt>
      <trkpt lat="34.17430627159774303436279296875" lon="108.9333709515631198883056640625">
        <ele>458</ele>
        <time>2026-09-12T12:14:41.000Z</time>
        <extensions>
          <ns3:TrackPointExtension>
            <ns3:hr>141</ns3:hr>
            <ns3:cad>87</ns3:cad>
          </ns3:TrackPointExtension>
        </extensions>
      </trkpt>
      <trkpt lat="34.17431616224348545074462890625" lon="108.93339349888265132904052734375">
        <ele>458</ele>
        <time>2026-09-12T12:14:42.000Z</time>
        <extensions>
          <ns3:TrackPointExtension>
            <ns3:hr>141</ns3:hr>
            <ns3:cad>87</ns3:cad>
          </ns3:TrackPointExtension>
        </extensions>
      </trkpt>
      <trkpt lat="34.17432420887053012847900390625" lon="108.93342937342822551727294921875">
        <ele>458</ele>
        <time>2026-09-12T12:14:43.000Z</time>
        <extensions>
          <ns3:TrackPointExtension>
            <ns3:hr>142</ns3:hr>
            <ns3:cad>87</ns3:cad>
          </ns3:TrackPointExtension>
        </extensions>
      </trkpt>
      <trkpt lat="34.17433041147887706756591796875" lon="108.933451585471630096435546875">
        <ele>458</ele>
        <time>2026-09-12T12:14:44.000Z</time>
        <extensions>
          <ns3:TrackPointExtension>
            <ns3:hr>141</ns3:hr>
            <ns3:cad>87</ns3:cad>
          </ns3:TrackPointExtension>
        </extensions>
      </trkpt>
      <trkpt lat="34.17433929629623889923095703125" lon="108.9334842748939990997314453125">
        <ele>458</ele>
        <time>2026-09-12T12:14:45.000Z</time>
        <extensions>
          <ns3:TrackPointExtension>
            <ns3:hr>142</ns3:hr>
            <ns3:cad>87</ns3:cad>
          </ns3:TrackPointExtension>
        </extensions>
      </trkpt>
      <trkpt lat="34.1743430681526660919189453125" lon="108.9335094206035137176513671875">
        <ele>458</ele>
        <time>2026-09-12T12:14:46.000Z</time>
        <extensions>
          <ns3:TrackPointExtension>
            <ns3:hr>142</ns3:hr>
            <ns3:cad>88</ns3:cad>
          </ns3:TrackPointExtension>
        </extensions>
      </trkpt>
      <trkpt lat="34.174350611865520477294921875" lon="108.93354512751102447509765625">
        <ele>458</ele>
        <time>2026-09-12T12:14:47.000Z</time>
        <extensions>
          <ns3:TrackPointExtension>
            <ns3:hr>142</ns3:hr>
            <ns3:cad>88</ns3:cad>
          </ns3:TrackPointExtension>
        </extensions>
      </trkpt>
      <trkpt lat="34.17434893548488616943359375" lon="108.93357354216277599334716796875">
        <ele>458.20001220703125</ele>
        <time>2026-09-12T12:14:48.000Z</time>
        <extensions>
          <ns3:TrackPointExtension>
            <ns3:hr>141</ns3:hr>
            <ns3:cad>88</ns3:cad>
          </ns3:TrackPointExtension>
        </extensions>
      </trkpt>
      <trkpt lat="34.17435019277036190032958984375" lon="108.9336009509861469268798828125">
        <ele>458</ele>
        <time>2026-09-12T12:14:49.000Z</time>
        <extensions>
          <ns3:TrackPointExtension>
            <ns3:hr>142</ns3:hr>
            <ns3:cad>87</ns3:cad>
          </ns3:TrackPointExtension>
        </extensions>
      </trkpt>
      <trkpt lat="34.17435136623680591583251953125" lon="108.93362986855208873748779296875">
        <ele>458</ele>
        <time>2026-09-12T12:14:50.000Z</time>
        <extensions>
          <ns3:TrackPointExtension>
            <ns3:hr>143</ns3:hr>
            <ns3:cad>87</ns3:cad>
          </ns3:TrackPointExtension>
        </extensions>
      </trkpt>
      <trkpt lat="34.1743537969887256622314453125" lon="108.93365652300417423248291015625">
        <ele>458</ele>
        <time>2026-09-12T12:14:51.000Z</time>
        <extensions>
          <ns3:TrackPointExtension>
            <ns3:hr>144</ns3:hr>
            <ns3:cad>85</ns3:cad>
          </ns3:TrackPointExtension>
        </extensions>
      </trkpt>
      <trkpt lat="34.17435832321643829345703125" lon="108.93368661403656005859375">
        <ele>458</ele>
        <time>2026-09-12T12:14:52.000Z</time>
        <extensions>
          <ns3:TrackPointExtension>
            <ns3:hr>144</ns3:hr>
            <ns3:cad>85</ns3:cad>
          </ns3:TrackPointExtension>
        </extensions>
      </trkpt>
      <trkpt lat="34.17436360381543636322021484375" lon="108.9337015338242053985595703125">
        <ele>458</ele>
        <time>2026-09-12T12:14:53.000Z</time>
        <extensions>
          <ns3:TrackPointExtension>
            <ns3:hr>145</ns3:hr>
            <ns3:cad>85</ns3:cad>
          </ns3:TrackPointExtension>
        </extensions>
      </trkpt>
      <trkpt lat="34.1743635199964046478271484375" lon="108.93373665399849414825439453125">
        <ele>458</ele>
        <time>2026-09-12T12:14:54.000Z</time>
        <extensions>
          <ns3:TrackPointExtension>
            <ns3:hr>146</ns3:hr>
            <ns3:cad>85</ns3:cad>
          </ns3:TrackPointExtension>
        </extensions>
      </trkpt>
      <trkpt lat="34.17436293326318264007568359375" lon="108.93375291489064693450927734375">
        <ele>458</ele>
        <time>2026-09-12T12:14:55.000Z</time>
        <extensions>
          <ns3:TrackPointExtension>
            <ns3:hr>146</ns3:hr>
            <ns3:cad>86</ns3:cad>
          </ns3:TrackPointExtension>
        </extensions>
      </trkpt>
      <trkpt lat="34.17436310090124607086181640625" lon="108.93378225155174732208251953125">
        <ele>458</ele>
        <time>2026-09-12T12:14:56.000Z</time>
        <extensions>
          <ns3:TrackPointExtension>
            <ns3:hr>146</ns3:hr>
            <ns3:cad>87</ns3:cad>
          </ns3:TrackPointExtension>
        </extensions>
      </trkpt>
      <trkpt lat="34.1743608377873897552490234375" lon="108.933803625404834747314453125">
        <ele>458.20001220703125</ele>
        <time>2026-09-12T12:14:57.000Z</time>
        <extensions>
          <ns3:TrackPointExtension>
            <ns3:hr>146</ns3:hr>
            <ns3:cad>87</ns3:cad>
          </ns3:TrackPointExtension>
        </extensions>
      </trkpt>
      <trkpt lat="34.1743638552725315093994140625" lon="108.93383078277111053466796875">
        <ele>458.20001220703125</ele>
        <time>2026-09-12T12:14:58.000Z</time>
        <extensions>
          <ns3:TrackPointExtension>
            <ns3:hr>147</ns3:hr>
            <ns3:cad>87</ns3:cad>
          </ns3:TrackPointExtension>
        </extensions>
      </trkpt>
      <trkpt lat="34.1743611730635166168212890625" lon="108.9338569343090057373046875">
        <ele>458.20001220703125</ele>
        <time>2026-09-12T12:14:59.000Z</time>
        <extensions>
          <ns3:TrackPointExtension>
            <ns3:hr>147</ns3:hr>
            <ns3:cad>87</ns3:cad>
          </ns3:TrackPointExtension>
        </extensions>
      </trkpt>
      <trkpt lat="34.17436427436769008636474609375" lon="108.93387914635241031646728515625">
        <ele>458.399993896484375</ele>
        <time>2026-09-12T12:15:00.000Z</time>
        <extensions>
          <ns3:TrackPointExtension>
            <ns3:hr>146</ns3:hr>
            <ns3:cad>86</ns3:cad>
          </ns3:TrackPointExtension>
        </extensions>
      </trkpt>
      <trkpt lat="34.1743648611009120941162109375" lon="108.9339047111570835113525390625">
        <ele>458.399993896484375</ele>
        <time>2026-09-12T12:15:01.000Z</time>
        <extensions>
          <ns3:TrackPointExtension>
            <ns3:hr>146</ns3:hr>
            <ns3:cad>88</ns3:cad>
          </ns3:TrackPointExtension>
        </extensions>
      </trkpt>
      <trkpt lat="34.17436963878571987152099609375" lon="108.93392507918179035186767578125">
        <ele>458.399993896484375</ele>
        <time>2026-09-12T12:15:02.000Z</time>
        <extensions>
          <ns3:TrackPointExtension>
            <ns3:hr>146</ns3:hr>
            <ns3:cad>88</ns3:cad>
          </ns3:TrackPointExtension>
        </extensions>
      </trkpt>
      <trkpt lat="34.174368046224117279052734375" lon="108.93395684659481048583984375">
        <ele>458.399993896484375</ele>
        <time>2026-09-12T12:15:03.000Z</time>
        <extensions>
          <ns3:TrackPointExtension>
            <ns3:hr>146</ns3:hr>
            <ns3:cad>88</ns3:cad>
          </ns3:TrackPointExtension>
        </extensions>
      </trkpt>
      <trkpt lat="34.1743732430040836334228515625" lon="108.93397671170532703399658203125">
        <ele>458.399993896484375</ele>
        <time>2026-09-12T12:15:04.000Z</time>
        <extensions>
          <ns3:TrackPointExtension>
            <ns3:hr>146</ns3:hr>
            <ns3:cad>88</ns3:cad>
          </ns3:TrackPointExtension>
        </extensions>
      </trkpt>
      <trkpt lat="34.17437382973730564117431640625" lon="108.93400940112769603729248046875">
        <ele>458.399993896484375</ele>
        <time>2026-09-12T12:15:05.000Z</time>
        <extensions>
          <ns3:TrackPointExtension>
            <ns3:hr>146</ns3:hr>
            <ns3:cad>88</ns3:cad>
          </ns3:TrackPointExtension>
        </extensions>
      </trkpt>
      <trkpt lat="34.17438070289790630340576171875" lon="108.93402993679046630859375">
        <ele>458.399993896484375</ele>
        <time>2026-09-12T12:15:06.000Z</time>
        <extensions>
          <ns3:TrackPointExtension>
            <ns3:hr>146</ns3:hr>
            <ns3:cad>88</ns3:cad>
          </ns3:TrackPointExtension>
        </extensions>
      </trkpt>
      <trkpt lat="34.17438103817403316497802734375" lon="108.9340634644031524658203125">
        <ele>458.399993896484375</ele>
        <time>2026-09-12T12:15:07.000Z</time>
        <extensions>
          <ns3:TrackPointExtension>
            <ns3:hr>146</ns3:hr>
            <ns3:cad>87</ns3:cad>
          </ns3:TrackPointExtension>
        </extensions>
      </trkpt>
      <trkpt lat="34.1743836365640163421630859375" lon="108.93409305252134799957275390625">
        <ele>458.399993896484375</ele>
        <time>2026-09-12T12:15:08.000Z</time>
        <extensions>
          <ns3:TrackPointExtension>
            <ns3:hr>145</ns3:hr>
            <ns3:cad>87</ns3:cad>
          </ns3:TrackPointExtension>
        </extensions>
      </trkpt>
      <trkpt lat="34.17438774369657039642333984375" lon="108.9341229759156703948974609375">
        <ele>458.399993896484375</ele>
        <time>2026-09-12T12:15:09.000Z</time>
        <extensions>
          <ns3:TrackPointExtension>
            <ns3:hr>145</ns3:hr>
            <ns3:cad>87</ns3:cad>
          </ns3:TrackPointExtension>
        </extensions>
      </trkpt>
      <trkpt lat="34.17439595796167850494384765625" lon="108.93414870835840702056884765625">
        <ele>458.399993896484375</ele>
        <time>2026-09-12T12:15:10.000Z</time>
        <extensions>
          <ns3:TrackPointExtension>
            <ns3:hr>145</ns3:hr>
            <ns3:cad>88</ns3:cad>
          </ns3:TrackPointExtension>
        </extensions>
      </trkpt>
      <trkpt lat="34.17440249584615230560302734375" lon="108.9341662265360355377197265625">
        <ele>458.399993896484375</ele>
        <time>2026-09-12T12:15:11.000Z</time>
        <extensions>
          <ns3:TrackPointExtension>
            <ns3:hr>145</ns3:hr>
            <ns3:cad>88</ns3:cad>
          </ns3:TrackPointExtension>
        </extensions>
      </trkpt>
      <trkpt lat="34.17440836317837238311767578125" lon="108.9341948926448822021484375">
        <ele>458.399993896484375</ele>
        <time>2026-09-12T12:15:12.000Z</time>
        <extensions>
          <ns3:TrackPointExtension>
            <ns3:hr>146</ns3:hr>
            <ns3:cad>87</ns3:cad>
          </ns3:TrackPointExtension>
        </extensions>
      </trkpt>
      <trkpt lat="34.17442328296601772308349609375" lon="108.93421039916574954986572265625">
        <ele>458.399993896484375</ele>
        <time>2026-09-12T12:15:13.000Z</time>
        <extensions>
          <ns3:TrackPointExtension>
            <ns3:hr>146</ns3:hr>
            <ns3:cad>85</ns3:cad>
          </ns3:TrackPointExtension>
        </extensions>
      </trkpt>
      <trkpt lat="34.174428395926952362060546875" lon="108.9342322759330272674560546875">
        <ele>458.399993896484375</ele>
        <time>2026-09-12T12:15:14.000Z</time>
        <extensions>
          <ns3:TrackPointExtension>
            <ns3:hr>146</ns3:hr>
            <ns3:cad>85</ns3:cad>
          </ns3:TrackPointExtension>
        </extensions>
      </trkpt>
      <trkpt lat="34.17443132959306240081787109375" lon="108.9342533983290195465087890625">
        <ele>458.600006103515625</ele>
        <time>2026-09-12T12:15:15.000Z</time>
        <extensions>
          <ns3:TrackPointExtension>
            <ns3:hr>146</ns3:hr>
            <ns3:cad>85</ns3:cad>
          </ns3:TrackPointExtension>
        </extensions>
      </trkpt>
      <trkpt lat="34.17443334124982357025146484375" lon="108.9342731796205043792724609375">
        <ele>458.600006103515625</ele>
        <time>2026-09-12T12:15:16.000Z</time>
        <extensions>
          <ns3:TrackPointExtension>
            <ns3:hr>145</ns3:hr>
            <ns3:cad>84</ns3:cad>
          </ns3:TrackPointExtension>
        </extensions>
      </trkpt>
      <trkpt lat="34.17443334124982357025146484375" lon="108.93429438583552837371826171875">
        <ele>458.600006103515625</ele>
        <time>2026-09-12T12:15:17.000Z</time>
        <extensions>
          <ns3:TrackPointExtension>
            <ns3:hr>146</ns3:hr>
            <ns3:cad>84</ns3:cad>
          </ns3:TrackPointExtension>
        </extensions>
      </trkpt>
      <trkpt lat="34.17444281280040740966796875" lon="108.934314586222171783447265625">
        <ele>458.600006103515625</ele>
        <time>2026-09-12T12:15:18.000Z</time>
        <extensions>
          <ns3:TrackPointExtension>
            <ns3:hr>145</ns3:hr>
            <ns3:cad>84</ns3:cad>
          </ns3:TrackPointExtension>
        </extensions>
      </trkpt>
      <trkpt lat="34.17444557882845401763916015625" lon="108.934338726103305816650390625">
        <ele>458.600006103515625</ele>
        <time>2026-09-12T12:15:19.000Z</time>
        <extensions>
          <ns3:TrackPointExtension>
            <ns3:hr>145</ns3:hr>
            <ns3:cad>84</ns3:cad>
          </ns3:TrackPointExtension>
        </extensions>
      </trkpt>
      <trkpt lat="34.1744500212371349334716796875" lon="108.93436714075505733489990234375">
        <ele>458.600006103515625</ele>
        <time>2026-09-12T12:15:20.000Z</time>
        <extensions>
          <ns3:TrackPointExtension>
            <ns3:hr>145</ns3:hr>
            <ns3:cad>82</ns3:cad>
          </ns3:TrackPointExtension>
        </extensions>
      </trkpt>
      <trkpt lat="34.17445999570190906524658203125" lon="108.93438289873301982879638671875">
        <ele>458.600006103515625</ele>
        <time>2026-09-12T12:15:21.000Z</time>
        <extensions>
          <ns3:TrackPointExtension>
            <ns3:hr>146</ns3:hr>
            <ns3:cad>82</ns3:cad>
          </ns3:TrackPointExtension>
        </extensions>
      </trkpt>
      <trkpt lat="34.17447441257536411285400390625" lon="108.93439832143485546112060546875">
        <ele>458.600006103515625</ele>
        <time>2026-09-12T12:15:22.000Z</time>
        <extensions>
          <ns3:TrackPointExtension>
            <ns3:hr>145</ns3:hr>
            <ns3:cad>82</ns3:cad>
          </ns3:TrackPointExtension>
        </extensions>
      </trkpt>
      <trkpt lat="34.17448665015399456024169921875" lon="108.9344129897654056549072265625">
        <ele>458.79998779296875</ele>
        <time>2026-09-12T12:15:23.000Z</time>
        <extensions>
          <ns3:TrackPointExtension>
            <ns3:hr>145</ns3:hr>
            <ns3:cad>83</ns3:cad>
          </ns3:TrackPointExtension>
        </extensions>
      </trkpt>
      <trkpt lat="34.1744979657232761383056640625" lon="108.93442313186824321746826171875">
        <ele>458.79998779296875</ele>
        <time>2026-09-12T12:15:24.000Z</time>
        <extensions>
          <ns3:TrackPointExtension>
            <ns3:hr>145</ns3:hr>
            <ns3:cad>83</ns3:cad>
          </ns3:TrackPointExtension>
        </extensions>
      </trkpt>
      <trkpt lat="34.17451347224414348602294921875" lon="108.934439979493618011474609375">
        <ele>458.79998779296875</ele>
        <time>2026-09-12T12:15:25.000Z</time>
        <extensions>
          <ns3:TrackPointExtension>
            <ns3:hr>146</ns3:hr>
            <ns3:cad>84</ns3:cad>
          </ns3:TrackPointExtension>
        </extensions>
      </trkpt>
      <trkpt lat="34.1745210997760295867919921875" lon="108.93445305526256561279296875">
        <ele>459</ele>
        <time>2026-09-12T12:15:26.000Z</time>
        <extensions>
          <ns3:TrackPointExtension>
            <ns3:hr>145</ns3:hr>
            <ns3:cad>84</ns3:cad>
          </ns3:TrackPointExtension>
        </extensions>
      </trkpt>
      <trkpt lat="34.174528308212757110595703125" lon="108.9344657957553863525390625">
        <ele>459</ele>
        <time>2026-09-12T12:15:27.000Z</time>
        <extensions>
          <ns3:TrackPointExtension>
            <ns3:hr>145</ns3:hr>
            <ns3:cad>84</ns3:cad>
          </ns3:TrackPointExtension>
        </extensions>
      </trkpt>
      <trkpt lat="34.1745388694107532501220703125" lon="108.934474177658557891845703125">
        <ele>459</ele>
        <time>2026-09-12T12:15:28.000Z</time>
        <extensions>
          <ns3:TrackPointExtension>
            <ns3:hr>145</ns3:hr>
            <ns3:cad>85</ns3:cad>
          </ns3:TrackPointExtension>
        </extensions>
      </trkpt>
      <trkpt lat="34.1745547950267791748046875" lon="108.9344817213714122772216796875">
        <ele>459.20001220703125</ele>
        <time>2026-09-12T12:15:29.000Z</time>
        <extensions>
          <ns3:TrackPointExtension>
            <ns3:hr>145</ns3:hr>
            <ns3:cad>85</ns3:cad>
          </ns3:TrackPointExtension>
        </extensions>
      </trkpt>
      <trkpt lat="34.1745740734040737152099609375" lon="108.93448733724653720855712890625">
        <ele>459.20001220703125</ele>
        <time>2026-09-12T12:15:30.000Z</time>
        <extensions>
          <ns3:TrackPointExtension>
            <ns3:hr>146</ns3:hr>
            <ns3:cad>85</ns3:cad>
          </ns3:TrackPointExtension>
        </extensions>
      </trkpt>
      <trkpt lat="34.1745861433446407318115234375" lon="108.93448750488460063934326171875">
        <ele>459.20001220703125</ele>
        <time>2026-09-12T12:15:31.000Z</time>
        <extensions>
          <ns3:TrackPointExtension>
            <ns3:hr>145</ns3:hr>
            <ns3:cad>85</ns3:cad>
          </ns3:TrackPointExtension>
        </extensions>
      </trkpt>
      <trkpt lat="34.1746062599122524261474609375" lon="108.93449353985488414764404296875">
        <ele>459.20001220703125</ele>
        <time>2026-09-12T12:15:32.000Z</time>
        <extensions>
          <ns3:TrackPointExtension>
            <ns3:hr>145</ns3:hr>
            <ns3:cad>85</ns3:cad>
          </ns3:TrackPointExtension>
        </extensions>
      </trkpt>
      <trkpt lat="34.1746166534721851348876953125" lon="108.9344890974462032318115234375">
        <ele>459.20001220703125</ele>
        <time>2026-09-12T12:15:33.000Z</time>
        <extensions>
          <ns3:TrackPointExtension>
            <ns3:hr>146</ns3:hr>
            <ns3:cad>85</ns3:cad>
          </ns3:TrackPointExtension>
        </extensions>
      </trkpt>
      <trkpt lat="34.174639619886875152587890625" lon="108.93449060618877410888671875">
        <ele>459.20001220703125</ele>
        <time>2026-09-12T12:15:34.000Z</time>
        <extensions>
          <ns3:TrackPointExtension>
            <ns3:hr>145</ns3:hr>
            <ns3:cad>85</ns3:cad>
          </ns3:TrackPointExtension>
        </extensions>
      </trkpt>
      <trkpt lat="34.1746568866074085235595703125" lon="108.93448926508426666259765625">
        <ele>459.20001220703125</ele>
        <time>2026-09-12T12:15:35.000Z</time>
        <extensions>
          <ns3:TrackPointExtension>
            <ns3:hr>145</ns3:hr>
            <ns3:cad>85</ns3:cad>
          </ns3:TrackPointExtension>
        </extensions>
      </trkpt>
      <trkpt lat="34.17467993684113025665283203125" lon="108.93448968417942523956298828125">
        <ele>459.20001220703125</ele>
        <time>2026-09-12T12:15:36.000Z</time>
        <extensions>
          <ns3:TrackPointExtension>
            <ns3:hr>145</ns3:hr>
            <ns3:cad>85</ns3:cad>
          </ns3:TrackPointExtension>
        </extensions>
      </trkpt>
      <trkpt lat="34.1746987961232662200927734375" lon="108.93448549322783946990966796875">
        <ele>459.20001220703125</ele>
        <time>2026-09-12T12:15:37.000Z</time>
        <extensions>
          <ns3:TrackPointExtension>
            <ns3:hr>145</ns3:hr>
            <ns3:cad>85</ns3:cad>
          </ns3:TrackPointExtension>
        </extensions>
      </trkpt>
      <trkpt lat="34.17470164597034454345703125" lon="108.9344797097146511077880859375">
        <ele>459.20001220703125</ele>
        <time>2026-09-12T12:15:38.000Z</time>
        <extensions>
          <ns3:TrackPointExtension>
            <ns3:hr>145</ns3:hr>
            <ns3:cad>85</ns3:cad>
          </ns3:TrackPointExtension>
        </extensions>
      </trkpt>
      <trkpt lat="34.1746867261826992034912109375" lon="108.93447141163051128387451171875">
        <ele>459.20001220703125</ele>
        <time>2026-09-12T12:15:39.000Z</time>
        <extensions>
          <ns3:TrackPointExtension>
            <ns3:hr>145</ns3:hr>
            <ns3:cad>84</ns3:cad>
          </ns3:TrackPointExtension>
        </extensions>
      </trkpt>
      <trkpt lat="34.17467390187084674835205078125" lon="108.93447157926857471466064453125">
        <ele>459.20001220703125</ele>
        <time>2026-09-12T12:15:40.000Z</time>
        <extensions>
          <ns3:TrackPointExtension>
            <ns3:hr>145</ns3:hr>
            <ns3:cad>84</ns3:cad>
          </ns3:TrackPointExtension>
        </extensions>
      </trkpt>
      <trkpt lat="34.17465797625482082366943359375" lon="108.93447375856339931488037109375">
        <ele>459.399993896484375</ele>
        <time>2026-09-12T12:15:41.000Z</time>
        <extensions>
          <ns3:TrackPointExtension>
            <ns3:hr>145</ns3:hr>
            <ns3:cad>84</ns3:cad>
          </ns3:TrackPointExtension>
        </extensions>
      </trkpt>
      <trkpt lat="34.1746417991816997528076171875" lon="108.93447040580213069915771484375">
        <ele>459.399993896484375</ele>
        <time>2026-09-12T12:15:42.000Z</time>
        <extensions>
          <ns3:TrackPointExtension>
            <ns3:hr>144</ns3:hr>
            <ns3:cad>83</ns3:cad>
          </ns3:TrackPointExtension>
        </extensions>
      </trkpt>
      <trkpt lat="34.17462922632694244384765625" lon="108.93447090871632099151611328125">
        <ele>459.399993896484375</ele>
        <time>2026-09-12T12:15:43.000Z</time>
        <extensions>
          <ns3:TrackPointExtension>
            <ns3:hr>145</ns3:hr>
            <ns3:cad>83</ns3:cad>
          </ns3:TrackPointExtension>
        </extensions>
      </trkpt>
      <trkpt lat="34.17460198514163494110107421875" lon="108.9344756864011287689208984375">
        <ele>459.399993896484375</ele>
        <time>2026-09-12T12:15:44.000Z</time>
        <extensions>
          <ns3:TrackPointExtension>
            <ns3:hr>145</ns3:hr>
            <ns3:cad>83</ns3:cad>
          </ns3:TrackPointExtension>
        </extensions>
      </trkpt>
      <trkpt lat="34.17458320967853069305419921875" lon="108.93447778187692165374755859375">
        <ele>459.399993896484375</ele>
        <time>2026-09-12T12:15:45.000Z</time>
        <extensions>
          <ns3:TrackPointExtension>
            <ns3:hr>145</ns3:hr>
            <ns3:cad>83</ns3:cad>
          </ns3:TrackPointExtension>
        </extensions>
      </trkpt>
      <trkpt lat="34.1745628416538238525390625" lon="108.93448448739945888519287109375">
        <ele>459.399993896484375</ele>
        <time>2026-09-12T12:15:46.000Z</time>
        <extensions>
          <ns3:TrackPointExtension>
            <ns3:hr>145</ns3:hr>
            <ns3:cad>84</ns3:cad>
          </ns3:TrackPointExtension>
        </extensions>
      </trkpt>
      <trkpt lat="34.174540042877197265625" lon="108.93449328839778900146484375">
        <ele>459.399993896484375</ele>
        <time>2026-09-12T12:15:47.000Z</time>
        <extensions>
          <ns3:TrackPointExtension>
            <ns3:hr>146</ns3:hr>
            <ns3:cad>84</ns3:cad>
          </ns3:TrackPointExtension>
        </extensions>
      </trkpt>
      <trkpt lat="34.17452235706150531768798828125" lon="108.934500999748706817626953125">
        <ele>459.399993896484375</ele>
        <time>2026-09-12T12:15:48.000Z</time>
        <extensions>
          <ns3:TrackPointExtension>
            <ns3:hr>145</ns3:hr>
            <ns3:cad>83</ns3:cad>
          </ns3:TrackPointExtension>
        </extensions>
      </trkpt>
      <trkpt lat="34.1745110414922237396240234375" lon="108.93451466225087642669677734375">
        <ele>459.20001220703125</ele>
        <time>2026-09-12T12:15:49.000Z</time>
        <extensions>
          <ns3:TrackPointExtension>
            <ns3:hr>145</ns3:hr>
            <ns3:cad>83</ns3:cad>
          </ns3:TrackPointExtension>
        </extensions>
      </trkpt>
      <trkpt lat="34.17450458742678165435791015625" lon="108.934531845152378082275390625">
        <ele>459.20001220703125</ele>
        <time>2026-09-12T12:15:50.000Z</time>
        <extensions>
          <ns3:TrackPointExtension>
            <ns3:hr>145</ns3:hr>
            <ns3:cad>83</ns3:cad>
          </ns3:TrackPointExtension>
        </extensions>
      </trkpt>
      <trkpt lat="34.17450911365449428558349609375" lon="108.93453293479979038238525390625">
        <ele>459.20001220703125</ele>
        <time>2026-09-12T12:15:51.000Z</time>
        <extensions>
          <ns3:TrackPointExtension>
            <ns3:hr>145</ns3:hr>
            <ns3:cad>83</ns3:cad>
          </ns3:TrackPointExtension>
        </extensions>
      </trkpt>
      <trkpt lat="34.1745137237012386322021484375" lon="108.9345340244472026824951171875">
        <ele>459</ele>
        <time>2026-09-12T12:15:52.000Z</time>
        <extensions>
          <ns3:TrackPointExtension>
            <ns3:hr>144</ns3:hr>
            <ns3:cad>80</ns3:cad>
          </ns3:TrackPointExtension>
        </extensions>
      </trkpt>
      <trkpt lat="34.17451548390090465545654296875" lon="108.93454902805387973785400390625">
        <ele>459</ele>
        <time>2026-09-12T12:15:53.000Z</time>
        <extensions>
          <ns3:TrackPointExtension>
            <ns3:hr>144</ns3:hr>
            <ns3:cad>80</ns3:cad>
          </ns3:TrackPointExtension>
        </extensions>
      </trkpt>
      <trkpt lat="34.17451531626284122467041015625" lon="108.93456302583217620849609375">
        <ele>458.79998779296875</ele>
        <time>2026-09-12T12:15:54.000Z</time>
        <extensions>
          <ns3:TrackPointExtension>
            <ns3:hr>144</ns3:hr>
            <ns3:cad>0</ns3:cad>
          </ns3:TrackPointExtension>
        </extensions>
      </trkpt>
      <trkpt lat="34.1745207644999027252197265625" lon="108.9345623552799224853515625">
        <ele>458.79998779296875</ele>
        <time>2026-09-12T12:15:55.000Z</time>
        <extensions>
          <ns3:TrackPointExtension>
            <ns3:hr>144</ns3:hr>
            <ns3:cad>0</ns3:cad>
          </ns3:TrackPointExtension>
        </extensions>
      </trkpt>
      <trkpt lat="34.174521602690219879150390625" lon="108.93457241356372833251953125">
        <ele>458.79998779296875</ele>
        <time>2026-09-12T12:15:56.000Z</time>
        <extensions>
          <ns3:TrackPointExtension>
            <ns3:hr>143</ns3:hr>
            <ns3:cad>0</ns3:cad>
          </ns3:TrackPointExtension>
        </extensions>
      </trkpt>
      <trkpt lat="34.17452084831893444061279296875" lon="108.93457283265888690948486328125">
        <ele>458.79998779296875</ele>
        <time>2026-09-12T12:15:57.000Z</time>
        <extensions>
          <ns3:TrackPointExtension>
            <ns3:hr>143</ns3:hr>
            <ns3:cad>56</ns3:cad>
          </ns3:TrackPointExtension>
        </extensions>
      </trkpt>
      <trkpt lat="34.174521602690219879150390625" lon="108.934579454362392425537109375">
        <ele>458.79998779296875</ele>
        <time>2026-09-12T12:15:58.000Z</time>
        <extensions>
          <ns3:TrackPointExtension>
            <ns3:hr>142</ns3:hr>
            <ns3:cad>56</ns3:cad>
          </ns3:TrackPointExtension>
        </extensions>
      </trkpt>
      <trkpt lat="34.17452151887118816375732421875" lon="108.9345833100378513336181640625">
        <ele>458.79998779296875</ele>
        <time>2026-09-12T12:15:59.000Z</time>
        <extensions>
          <ns3:TrackPointExtension>
            <ns3:hr>141</ns3:hr>
            <ns3:cad>0</ns3:cad>
          </ns3:TrackPointExtension>
        </extensions>
      </trkpt>
      <trkpt lat="34.17452394962310791015625" lon="108.93458423204720020294189453125">
        <ele>458.79998779296875</ele>
        <time>2026-09-12T12:16:00.000Z</time>
        <extensions>
          <ns3:TrackPointExtension>
            <ns3:hr>138</ns3:hr>
            <ns3:cad>0</ns3:cad>
          </ns3:TrackPointExtension>
        </extensions>
      </trkpt>
      <trkpt lat="34.17452487163245677947998046875" lon="108.9345863275229930877685546875">
        <ele>458.79998779296875</ele>
        <time>2026-09-12T12:16:01.000Z</time>
        <extensions>
          <ns3:TrackPointExtension>
            <ns3:hr>137</ns3:hr>
            <ns3:cad>0</ns3:cad>
          </ns3:TrackPointExtension>
        </extensions>
      </trkpt>
      <trkpt lat="34.17452520690858364105224609375" lon="108.9345866627991199493408203125">
        <ele>458.79998779296875</ele>
        <time>2026-09-12T12:16:02.000Z</time>
        <extensions>
          <ns3:TrackPointExtension>
            <ns3:hr>136</ns3:hr>
            <ns3:cad>0</ns3:cad>
          </ns3:TrackPointExtension>
        </extensions>
      </trkpt>
      <trkpt lat="34.1745234467089176177978515625" lon="108.93458708189427852630615234375">
        <ele>458.79998779296875</ele>
        <time>2026-09-12T12:16:03.000Z</time>
        <extensions>
          <ns3:TrackPointExtension>
            <ns3:hr>136</ns3:hr>
            <ns3:cad>0</ns3:cad>
          </ns3:TrackPointExtension>
        </extensions>
      </trkpt>
      <trkpt lat="34.17452202178537845611572265625" lon="108.93458758480846881866455078125">
        <ele>458.79998779296875</ele>
        <time>2026-09-12T12:16:04.000Z</time>
        <extensions>
          <ns3:TrackPointExtension>
            <ns3:hr>135</ns3:hr>
            <ns3:cad>0</ns3:cad>
          </ns3:TrackPointExtension>
        </extensions>
      </trkpt>
      <trkpt lat="34.17452185414731502532958984375" lon="108.9345873333513736724853515625">
        <ele>458.79998779296875</ele>
        <time>2026-09-12T12:16:05.000Z</time>
        <extensions>
          <ns3:TrackPointExtension>
            <ns3:hr>135</ns3:hr>
            <ns3:cad>0</ns3:cad>
          </ns3:TrackPointExtension>
        </extensions>
      </trkpt>
      <trkpt lat="34.1745204292237758636474609375" lon="108.93458808772265911102294921875">
        <ele>458.79998779296875</ele>
        <time>2026-09-12T12:16:06.000Z</time>
        <extensions>
          <ns3:TrackPointExtension>
            <ns3:hr>134</ns3:hr>
            <ns3:cad>0</ns3:cad>
          </ns3:TrackPointExtension>
        </extensions>
      </trkpt>
      <trkpt lat="34.17451967485249042510986328125" lon="108.93458808772265911102294921875">
        <ele>458.79998779296875</ele>
        <time>2026-09-12T12:16:07.000Z</time>
        <extensions>
          <ns3:TrackPointExtension>
            <ns3:hr>133</ns3:hr>
            <ns3:cad>0</ns3:cad>
          </ns3:TrackPointExtension>
        </extensions>
      </trkpt>
      <trkpt lat="34.1745197586715221405029296875" lon="108.934584148228168487548828125">
        <ele>458.79998779296875</ele>
        <time>2026-09-12T12:16:08.000Z</time>
        <extensions>
          <ns3:TrackPointExtension>
            <ns3:hr>133</ns3:hr>
            <ns3:cad>0</ns3:cad>
          </ns3:TrackPointExtension>
        </extensions>
      </trkpt>
      <trkpt lat="34.1745164059102535247802734375" lon="108.93458322621881961822509765625">
        <ele>458.79998779296875</ele>
        <time>2026-09-12T12:16:09.000Z</time>
        <extensions>
          <ns3:TrackPointExtension>
            <ns3:hr>131</ns3:hr>
            <ns3:cad>0</ns3:cad>
          </ns3:TrackPointExtension>
        </extensions>
      </trkpt>
      <trkpt lat="34.17451581917703151702880859375" lon="108.934583477675914764404296875">
        <ele>458.79998779296875</ele>
        <time>2026-09-12T12:16:10.000Z</time>
        <extensions>
          <ns3:TrackPointExtension>
            <ns3:hr>130</ns3:hr>
            <ns3:cad>0</ns3:cad>
          </ns3:TrackPointExtension>
        </extensions>
      </trkpt>
      <trkpt lat="34.17451397515833377838134765625" lon="108.93458590842783451080322265625">
        <ele>458.79998779296875</ele>
        <time>2026-09-12T12:16:11.000Z</time>
        <extensions>
          <ns3:TrackPointExtension>
            <ns3:hr>129</ns3:hr>
            <ns3:cad>0</ns3:cad>
          </ns3:TrackPointExtension>
        </extensions>
      </trkpt>
      <trkpt lat="34.1745133884251117706298828125" lon="108.93458691425621509552001953125">
        <ele>458.79998779296875</ele>
        <time>2026-09-12T12:16:12.000Z</time>
        <extensions>
          <ns3:TrackPointExtension>
            <ns3:hr>127</ns3:hr>
            <ns3:cad>0</ns3:cad>
          </ns3:TrackPointExtension>
        </extensions>
      </trkpt>
      <trkpt lat="34.1745133884251117706298828125" lon="108.93458691425621509552001953125">
        <ele>458.600006103515625</ele>
        <time>2026-09-12T12:16:13.000Z</time>
        <extensions>
          <ns3:TrackPointExtension>
            <ns3:hr>126</ns3:hr>
            <ns3:cad>0</ns3:cad>
          </ns3:TrackPointExtension>
        </extensions>
      </trkpt>
      <trkpt lat="34.17451313696801662445068359375" lon="108.93458825536072254180908203125">
        <ele>458.600006103515625</ele>
        <time>2026-09-12T12:16:14.000Z</time>
        <extensions>
          <ns3:TrackPointExtension>
            <ns3:hr>125</ns3:hr>
            <ns3:cad>0</ns3:cad>
          </ns3:TrackPointExtension>
        </extensions>
      </trkpt>
      <trkpt lat="34.17451581917703151702880859375" lon="108.9345933683216571807861328125">
        <ele>458.600006103515625</ele>
        <time>2026-09-12T12:16:15.000Z</time>
        <extensions>
          <ns3:TrackPointExtension>
            <ns3:hr>124</ns3:hr>
            <ns3:cad>0</ns3:cad>
          </ns3:TrackPointExtension>
        </extensions>
      </trkpt>
      <trkpt lat="34.17451363988220691680908203125" lon="108.93459177576005458831787109375">
        <ele>458.600006103515625</ele>
        <time>2026-09-12T12:16:16.000Z</time>
        <extensions>
          <ns3:TrackPointExtension>
            <ns3:hr>124</ns3:hr>
            <ns3:cad>0</ns3:cad>
          </ns3:TrackPointExtension>
        </extensions>
      </trkpt>
      <trkpt lat="34.17451481334865093231201171875" lon="108.93459412269294261932373046875">
        <ele>458.399993896484375</ele>
        <time>2026-09-12T12:16:17.000Z</time>
        <extensions>
          <ns3:TrackPointExtension>
            <ns3:hr>123</ns3:hr>
            <ns3:cad>0</ns3:cad>
          </ns3:TrackPointExtension>
        </extensions>
      </trkpt>
      <trkpt lat="34.17451380752027034759521484375" lon="108.93460133112967014312744140625">
        <ele>458.399993896484375</ele>
        <time>2026-09-12T12:16:18.000Z</time>
        <extensions>
          <ns3:TrackPointExtension>
            <ns3:hr>123</ns3:hr>
            <ns3:cad>0</ns3:cad>
          </ns3:TrackPointExtension>
        </extensions>
      </trkpt>
      <trkpt lat="34.17451213113963603973388671875" lon="108.93459563143551349639892578125">
        <ele>458.399993896484375</ele>
        <time>2026-09-12T12:16:19.000Z</time>
        <extensions>
          <ns3:TrackPointExtension>
            <ns3:hr>122</ns3:hr>
            <ns3:cad>0</ns3:cad>
          </ns3:TrackPointExtension>
        </extensions>
      </trkpt>
      <trkpt lat="34.1745063476264476776123046875" lon="108.93460133112967014312744140625">
        <ele>458.399993896484375</ele>
        <time>2026-09-12T12:16:20.000Z</time>
        <extensions>
          <ns3:TrackPointExtension>
            <ns3:hr>122</ns3:hr>
            <ns3:cad>0</ns3:cad>
          </ns3:TrackPointExtension>
        </extensions>
      </trkpt>
      <trkpt lat="34.17449888773262500762939453125" lon="108.93460904248058795928955078125">
        <ele>458.399993896484375</ele>
        <time>2026-09-12T12:16:21.000Z</time>
        <extensions>
          <ns3:TrackPointExtension>
            <ns3:hr>122</ns3:hr>
            <ns3:cad>0</ns3:cad>
          </ns3:TrackPointExtension>
        </extensions>
      </trkpt>
      <trkpt lat="34.17449804954230785369873046875" lon="108.9346101321280002593994140625">
        <ele>458.399993896484375</ele>
        <time>2026-09-12T12:16:22.000Z</time>
        <extensions>
          <ns3:TrackPointExtension>
            <ns3:hr>121</ns3:hr>
            <ns3:cad>0</ns3:cad>
          </ns3:TrackPointExtension>
        </extensions>
      </trkpt>
      <trkpt lat="34.174494780600070953369140625" lon="108.93461725674569606781005859375">
        <ele>458.399993896484375</ele>
        <time>2026-09-12T12:16:23.000Z</time>
        <extensions>
          <ns3:TrackPointExtension>
            <ns3:hr>120</ns3:hr>
            <ns3:cad>0</ns3:cad>
          </ns3:TrackPointExtension>
        </extensions>
      </trkpt>
      <trkpt lat="34.1744956187903881072998046875" lon="108.93463334999978542327880859375">
        <ele>458.399993896484375</ele>
        <time>2026-09-12T12:16:24.000Z</time>
        <extensions>
          <ns3:TrackPointExtension>
            <ns3:hr>120</ns3:hr>
            <ns3:cad>0</ns3:cad>
          </ns3:TrackPointExtension>
        </extensions>
      </trkpt>
      <trkpt lat="34.17449536733329296112060546875" lon="108.93467308022081851959228515625">
        <ele>458.399993896484375</ele>
        <time>2026-09-12T12:16:25.000Z</time>
        <extensions>
          <ns3:TrackPointExtension>
            <ns3:hr>118</ns3:hr>
            <ns3:cad>0</ns3:cad>
          </ns3:TrackPointExtension>
        </extensions>
      </trkpt>
      <trkpt lat="34.1744966246187686920166015625" lon="108.93470325507223606109619140625">
        <ele>458.399993896484375</ele>
        <time>2026-09-12T12:16:26.000Z</time>
        <extensions>
          <ns3:TrackPointExtension>
            <ns3:hr>116</ns3:hr>
            <ns3:cad>0</ns3:cad>
          </ns3:TrackPointExtension>
        </extensions>
      </trkpt>
      <trkpt lat="34.174497127532958984375" lon="108.93474675714969635009765625">
        <ele>458.399993896484375</ele>
        <time>2026-09-12T12:16:27.000Z</time>
        <extensions>
          <ns3:TrackPointExtension>
            <ns3:hr>115</ns3:hr>
            <ns3:cad>0</ns3:cad>
          </ns3:TrackPointExtension>
        </extensions>
      </trkpt>
      <trkpt lat="34.17449779808521270751953125" lon="108.9347821287810802459716796875">
        <ele>458.600006103515625</ele>
        <time>2026-09-12T12:16:28.000Z</time>
        <extensions>
          <ns3:TrackPointExtension>
            <ns3:hr>115</ns3:hr>
            <ns3:cad>0</ns3:cad>
          </ns3:TrackPointExtension>
        </extensions>
      </trkpt>
      <trkpt lat="34.17450140230357646942138671875" lon="108.9348233677446842193603515625">
        <ele>458.600006103515625</ele>
        <time>2026-09-12T12:16:29.000Z</time>
        <extensions>
          <ns3:TrackPointExtension>
            <ns3:hr>116</ns3:hr>
            <ns3:cad>88</ns3:cad>
          </ns3:TrackPointExtension>
        </extensions>
      </trkpt>
      <trkpt lat="34.1745040006935596466064453125" lon="108.934856392443180084228515625">
        <ele>458.79998779296875</ele>
        <time>2026-09-12T12:16:30.000Z</time>
        <extensions>
          <ns3:TrackPointExtension>
            <ns3:hr>117</ns3:hr>
            <ns3:cad>88</ns3:cad>
          </ns3:TrackPointExtension>
        </extensions>
      </trkpt>
      <trkpt lat="34.17450986802577972412109375" lon="108.93489033915102481842041015625">
        <ele>458.79998779296875</ele>
        <time>2026-09-12T12:16:31.000Z</time>
        <extensions>
          <ns3:TrackPointExtension>
            <ns3:hr>119</ns3:hr>
            <ns3:cad>88</ns3:cad>
          </ns3:TrackPointExtension>
        </extensions>
      </trkpt>
      <trkpt lat="34.17451062239706516265869140625" lon="108.93492453731596469879150390625">
        <ele>458.79998779296875</ele>
        <time>2026-09-12T12:16:32.000Z</time>
        <extensions>
          <ns3:TrackPointExtension>
            <ns3:hr>120</ns3:hr>
            <ns3:cad>88</ns3:cad>
          </ns3:TrackPointExtension>
        </extensions>
      </trkpt>
      <trkpt lat="34.17451481334865093231201171875" lon="108.93495387397706508636474609375">
        <ele>458.79998779296875</ele>
        <time>2026-09-12T12:16:33.000Z</time>
        <extensions>
          <ns3:TrackPointExtension>
            <ns3:hr>121</ns3:hr>
            <ns3:cad>88</ns3:cad>
          </ns3:TrackPointExtension>
        </extensions>
      </trkpt>
      <trkpt lat="34.1745200939476490020751953125" lon="108.93498505465686321258544921875">
        <ele>458.79998779296875</ele>
        <time>2026-09-12T12:16:34.000Z</time>
        <extensions>
          <ns3:TrackPointExtension>
            <ns3:hr>122</ns3:hr>
            <ns3:cad>88</ns3:cad>
          </ns3:TrackPointExtension>
        </extensions>
      </trkpt>
      <trkpt lat="34.1745274700224399566650390625" lon="108.93500466831028461456298828125">
        <ele>458.79998779296875</ele>
        <time>2026-09-12T12:16:35.000Z</time>
        <extensions>
          <ns3:TrackPointExtension>
            <ns3:hr>122</ns3:hr>
            <ns3:cad>88</ns3:cad>
          </ns3:TrackPointExtension>
        </extensions>
      </trkpt>
      <trkpt lat="34.17455420829355716705322265625" lon="108.93502009101212024688720703125">
        <ele>458.79998779296875</ele>
        <time>2026-09-12T12:16:36.000Z</time>
        <extensions>
          <ns3:TrackPointExtension>
            <ns3:hr>123</ns3:hr>
            <ns3:cad>87</ns3:cad>
          </ns3:TrackPointExtension>
        </extensions>
      </trkpt>
      <trkpt lat="34.174573235213756561279296875" lon="108.9350235275924205780029296875">
        <ele>458.79998779296875</ele>
        <time>2026-09-12T12:16:37.000Z</time>
        <extensions>
          <ns3:TrackPointExtension>
            <ns3:hr>123</ns3:hr>
            <ns3:cad>87</ns3:cad>
          </ns3:TrackPointExtension>
        </extensions>
      </trkpt>
      <trkpt lat="34.17459745891392230987548828125" lon="108.9350231923162937164306640625">
        <ele>458.79998779296875</ele>
        <time>2026-09-12T12:16:38.000Z</time>
        <extensions>
          <ns3:TrackPointExtension>
            <ns3:hr>124</ns3:hr>
            <ns3:cad>87</ns3:cad>
          </ns3:TrackPointExtension>
        </extensions>
      </trkpt>
      <trkpt lat="34.17461891658604145050048828125" lon="108.9350236952304840087890625">
        <ele>458.79998779296875</ele>
        <time>2026-09-12T12:16:39.000Z</time>
        <extensions>
          <ns3:TrackPointExtension>
            <ns3:hr>124</ns3:hr>
            <ns3:cad>86</ns3:cad>
          </ns3:TrackPointExtension>
        </extensions>
      </trkpt>
      <trkpt lat="34.1746371053159236907958984375" lon="108.93501841463148593902587890625">
        <ele>458.79998779296875</ele>
        <time>2026-09-12T12:16:40.000Z</time>
        <extensions>
          <ns3:TrackPointExtension>
            <ns3:hr>124</ns3:hr>
            <ns3:cad>86</ns3:cad>
          </ns3:TrackPointExtension>
        </extensions>
      </trkpt>
      <trkpt lat="34.17465873062610626220703125" lon="108.9350183308124542236328125">
        <ele>458.79998779296875</ele>
        <time>2026-09-12T12:16:41.000Z</time>
        <extensions>
          <ns3:TrackPointExtension>
            <ns3:hr>124</ns3:hr>
            <ns3:cad>86</ns3:cad>
          </ns3:TrackPointExtension>
        </extensions>
      </trkpt>
      <trkpt lat="34.1746754944324493408203125" lon="108.93501791171729564666748046875">
        <ele>458.79998779296875</ele>
        <time>2026-09-12T12:16:42.000Z</time>
        <extensions>
          <ns3:TrackPointExtension>
            <ns3:hr>124</ns3:hr>
            <ns3:cad>86</ns3:cad>
          </ns3:TrackPointExtension>
        </extensions>
      </trkpt>
      <trkpt lat="34.17469762265682220458984375" lon="108.93502243794500827789306640625">
        <ele>458.79998779296875</ele>
        <time>2026-09-12T12:16:43.000Z</time>
        <extensions>
          <ns3:TrackPointExtension>
            <ns3:hr>125</ns3:hr>
            <ns3:cad>86</ns3:cad>
          </ns3:TrackPointExtension>
        </extensions>
      </trkpt>
      <trkpt lat="34.17471413500607013702392578125" lon="108.93501992337405681610107421875">
        <ele>458.79998779296875</ele>
        <time>2026-09-12T12:16:44.000Z</time>
        <extensions>
          <ns3:TrackPointExtension>
            <ns3:hr>125</ns3:hr>
            <ns3:cad>87</ns3:cad>
          </ns3:TrackPointExtension>
        </extensions>
      </trkpt>
      <trkpt lat="34.17473995126783847808837890625" lon="108.93502436578273773193359375">
        <ele>458.79998779296875</ele>
        <time>2026-09-12T12:16:45.000Z</time>
        <extensions>
          <ns3:TrackPointExtension>
            <ns3:hr>125</ns3:hr>
            <ns3:cad>88</ns3:cad>
          </ns3:TrackPointExtension>
        </extensions>
      </trkpt>
      <trkpt lat="34.1747510991990566253662109375" lon="108.93502059392631053924560546875">
        <ele>458.79998779296875</ele>
        <time>2026-09-12T12:16:46.000Z</time>
        <extensions>
          <ns3:TrackPointExtension>
            <ns3:hr>125</ns3:hr>
            <ns3:cad>87</ns3:cad>
          </ns3:TrackPointExtension>
        </extensions>
      </trkpt>
      <trkpt lat="34.17477331124246120452880859375" lon="108.93502411432564258575439453125">
        <ele>458.79998779296875</ele>
        <time>2026-09-12T12:16:47.000Z</time>
        <extensions>
          <ns3:TrackPointExtension>
            <ns3:hr>125</ns3:hr>
            <ns3:cad>87</ns3:cad>
          </ns3:TrackPointExtension>
        </extensions>
      </trkpt>
      <trkpt lat="34.17479024268686771392822265625" lon="108.93502009101212024688720703125">
        <ele>458.79998779296875</ele>
        <time>2026-09-12T12:16:48.000Z</time>
        <extensions>
          <ns3:TrackPointExtension>
            <ns3:hr>125</ns3:hr>
            <ns3:cad>87</ns3:cad>
          </ns3:TrackPointExtension>
        </extensions>
      </trkpt>
      <trkpt lat="34.1748181544244289398193359375" lon="108.93501698970794677734375">
        <ele>458.79998779296875</ele>
        <time>2026-09-12T12:16:49.000Z</time>
        <extensions>
          <ns3:TrackPointExtension>
            <ns3:hr>126</ns3:hr>
            <ns3:cad>88</ns3:cad>
          </ns3:TrackPointExtension>
        </extensions>
      </trkpt>
      <trkpt lat="34.17483299039304256439208984375" lon="108.93501363694667816162109375">
        <ele>458.79998779296875</ele>
        <time>2026-09-12T12:16:50.000Z</time>
        <extensions>
          <ns3:TrackPointExtension>
            <ns3:hr>126</ns3:hr>
            <ns3:cad>88</ns3:cad>
          </ns3:TrackPointExtension>
        </extensions>
      </trkpt>
      <trkpt lat="34.17486065067350864410400390625" lon="108.93500969745218753814697265625">
        <ele>459</ele>
        <time>2026-09-12T12:16:51.000Z</time>
        <extensions>
          <ns3:TrackPointExtension>
            <ns3:hr>126</ns3:hr>
            <ns3:cad>88</ns3:cad>
          </ns3:TrackPointExtension>
        </extensions>
      </trkpt>
      <trkpt lat="34.17488127015531063079833984375" lon="108.93500466831028461456298828125">
        <ele>459</ele>
        <time>2026-09-12T12:16:52.000Z</time>
        <extensions>
          <ns3:TrackPointExtension>
            <ns3:hr>125</ns3:hr>
            <ns3:cad>88</ns3:cad>
          </ns3:TrackPointExtension>
        </extensions>
      </trkpt>
      <trkpt lat="34.17490675114095211029052734375" lon="108.9349987171590328216552734375">
        <ele>459</ele>
        <time>2026-09-12T12:16:53.000Z</time>
        <extensions>
          <ns3:TrackPointExtension>
            <ns3:hr>126</ns3:hr>
            <ns3:cad>88</ns3:cad>
          </ns3:TrackPointExtension>
        </extensions>
      </trkpt>
      <trkpt lat="34.174925275146961212158203125" lon="108.93499779514968395233154296875">
        <ele>459</ele>
        <time>2026-09-12T12:16:54.000Z</time>
        <extensions>
          <ns3:TrackPointExtension>
            <ns3:hr>126</ns3:hr>
            <ns3:cad>88</ns3:cad>
          </ns3:TrackPointExtension>
        </extensions>
      </trkpt>
      <trkpt lat="34.1749482415616512298583984375" lon="108.93499729223549365997314453125">
        <ele>459</ele>
        <time>2026-09-12T12:16:55.000Z</time>
        <extensions>
          <ns3:TrackPointExtension>
            <ns3:hr>125</ns3:hr>
            <ns3:cad>87</ns3:cad>
          </ns3:TrackPointExtension>
        </extensions>
      </trkpt>
      <trkpt lat="34.17497162707149982452392578125" lon="108.93499662168323993682861328125">
        <ele>459</ele>
        <time>2026-09-12T12:16:56.000Z</time>
        <extensions>
          <ns3:TrackPointExtension>
            <ns3:hr>126</ns3:hr>
            <ns3:cad>87</ns3:cad>
          </ns3:TrackPointExtension>
        </extensions>
      </trkpt>
      <trkpt lat="34.1749921627342700958251953125" lon="108.93499259836971759796142578125">
        <ele>459</ele>
        <time>2026-09-12T12:16:57.000Z</time>
        <extensions>
          <ns3:TrackPointExtension>
            <ns3:hr>126</ns3:hr>
            <ns3:cad>87</ns3:cad>
          </ns3:TrackPointExtension>
        </extensions>
      </trkpt>
      <trkpt lat="34.1750193201005458831787109375" lon="108.93499276600778102874755859375">
        <ele>459</ele>
        <time>2026-09-12T12:16:58.000Z</time>
        <extensions>
          <ns3:TrackPointExtension>
            <ns3:hr>126</ns3:hr>
            <ns3:cad>87</ns3:cad>
          </ns3:TrackPointExtension>
        </extensions>
      </trkpt>
      <trkpt lat="34.17504035867750644683837890625" lon="108.93498840741813182830810546875">
        <ele>459</ele>
        <time>2026-09-12T12:16:59.000Z</time>
        <extensions>
          <ns3:TrackPointExtension>
            <ns3:hr>126</ns3:hr>
            <ns3:cad>87</ns3:cad>
          </ns3:TrackPointExtension>
        </extensions>
      </trkpt>
      <trkpt lat="34.175072126090526580810546875" lon="108.934987820684909820556640625">
        <ele>459</ele>
        <time>2026-09-12T12:17:00.000Z</time>
        <extensions>
          <ns3:TrackPointExtension>
            <ns3:hr>126</ns3:hr>
            <ns3:cad>88</ns3:cad>
          </ns3:TrackPointExtension>
        </extensions>
      </trkpt>
      <trkpt lat="34.17508880607783794403076171875" lon="108.93498740158975124359130859375">
        <ele>459.20001220703125</ele>
        <time>2026-09-12T12:17:01.000Z</time>
        <extensions>
          <ns3:TrackPointExtension>
            <ns3:hr>126</ns3:hr>
            <ns3:cad>88</ns3:cad>
          </ns3:TrackPointExtension>
        </extensions>
      </trkpt>
      <trkpt lat="34.17511629872024059295654296875" lon="108.9349812828004360198974609375">
        <ele>459.20001220703125</ele>
        <time>2026-09-12T12:17:02.000Z</time>
        <extensions>
          <ns3:TrackPointExtension>
            <ns3:hr>127</ns3:hr>
            <ns3:cad>88</ns3:cad>
          </ns3:TrackPointExtension>
        </extensions>
      </trkpt>
      <trkpt lat="34.175131805241107940673828125" lon="108.93497231416404247283935546875">
        <ele>459.20001220703125</ele>
        <time>2026-09-12T12:17:03.000Z</time>
        <extensions>
          <ns3:TrackPointExtension>
            <ns3:hr>127</ns3:hr>
            <ns3:cad>88</ns3:cad>
          </ns3:TrackPointExtension>
        </extensions>
      </trkpt>
      <trkpt lat="34.1751581244170665740966796875" lon="108.934971727430820465087890625">
        <ele>459.20001220703125</ele>
        <time>2026-09-12T12:17:04.000Z</time>
        <extensions>
          <ns3:TrackPointExtension>
            <ns3:hr>128</ns3:hr>
            <ns3:cad>88</ns3:cad>
          </ns3:TrackPointExtension>
        </extensions>
      </trkpt>
      <trkpt lat="34.17518234811723232269287109375" lon="108.93497214652597904205322265625">
        <ele>459.20001220703125</ele>
        <time>2026-09-12T12:17:05.000Z</time>
        <extensions>
          <ns3:TrackPointExtension>
            <ns3:hr>128</ns3:hr>
            <ns3:cad>87</ns3:cad>
          </ns3:TrackPointExtension>
        </extensions>
      </trkpt>
      <trkpt lat="34.1752033866941928863525390625" lon="108.93497013486921787261962890625">
        <ele>459.20001220703125</ele>
        <time>2026-09-12T12:17:06.000Z</time>
        <extensions>
          <ns3:TrackPointExtension>
            <ns3:hr>128</ns3:hr>
            <ns3:cad>87</ns3:cad>
          </ns3:TrackPointExtension>
        </extensions>
      </trkpt>
      <trkpt lat="34.17522828094661235809326171875" lon="108.934971392154693603515625">
        <ele>459.20001220703125</ele>
        <time>2026-09-12T12:17:07.000Z</time>
        <extensions>
          <ns3:TrackPointExtension>
            <ns3:hr>128</ns3:hr>
            <ns3:cad>87</ns3:cad>
          </ns3:TrackPointExtension>
        </extensions>
      </trkpt>
      <trkpt lat="34.1752436198294162750244140625" lon="108.934966363012790679931640625">
        <ele>459.20001220703125</ele>
        <time>2026-09-12T12:17:08.000Z</time>
        <extensions>
          <ns3:TrackPointExtension>
            <ns3:hr>128</ns3:hr>
            <ns3:cad>87</ns3:cad>
          </ns3:TrackPointExtension>
        </extensions>
      </trkpt>
      <trkpt lat="34.17526750825345516204833984375" lon="108.9349668659269809722900390625">
        <ele>459.20001220703125</ele>
        <time>2026-09-12T12:17:09.000Z</time>
        <extensions>
          <ns3:TrackPointExtension>
            <ns3:hr>128</ns3:hr>
            <ns3:cad>87</ns3:cad>
          </ns3:TrackPointExtension>
        </extensions>
      </trkpt>
      <trkpt lat="34.175281338393688201904296875" lon="108.9349611662328243255615234375">
        <ele>459.399993896484375</ele>
        <time>2026-09-12T12:17:10.000Z</time>
        <extensions>
          <ns3:TrackPointExtension>
            <ns3:hr>128</ns3:hr>
            <ns3:cad>87</ns3:cad>
          </ns3:TrackPointExtension>
        </extensions>
      </trkpt>
      <trkpt lat="34.1753079928457736968994140625" lon="108.93496133387088775634765625">
        <ele>459.399993896484375</ele>
        <time>2026-09-12T12:17:11.000Z</time>
        <extensions>
          <ns3:TrackPointExtension>
            <ns3:hr>129</ns3:hr>
            <ns3:cad>86</ns3:cad>
          </ns3:TrackPointExtension>
        </extensions>
      </trkpt>
      <trkpt lat="34.17532148770987987518310546875" lon="108.93495605327188968658447265625">
        <ele>459.399993896484375</ele>
        <time>2026-09-12T12:17:12.000Z</time>
        <extensions>
          <ns3:TrackPointExtension>
            <ns3:hr>129</ns3:hr>
            <ns3:cad>86</ns3:cad>
          </ns3:TrackPointExtension>
        </extensions>
      </trkpt>
      <trkpt lat="34.17534671723842620849609375" lon="108.9349487610161304473876953125">
        <ele>459.399993896484375</ele>
        <time>2026-09-12T12:17:13.000Z</time>
        <extensions>
          <ns3:TrackPointExtension>
            <ns3:hr>129</ns3:hr>
            <ns3:cad>86</ns3:cad>
          </ns3:TrackPointExtension>
        </extensions>
      </trkpt>
      <trkpt lat="34.175363481044769287109375" lon="108.93494733609259128570556640625">
        <ele>459.399993896484375</ele>
        <time>2026-09-12T12:17:14.000Z</time>
        <extensions>
          <ns3:TrackPointExtension>
            <ns3:hr>129</ns3:hr>
            <ns3:cad>86</ns3:cad>
          </ns3:TrackPointExtension>
        </extensions>
      </trkpt>
      <trkpt lat="34.1753867827355861663818359375" lon="108.93494515679776668548583984375">
        <ele>459.399993896484375</ele>
        <time>2026-09-12T12:17:15.000Z</time>
        <extensions>
          <ns3:TrackPointExtension>
            <ns3:hr>129</ns3:hr>
            <ns3:cad>87</ns3:cad>
          </ns3:TrackPointExtension>
        </extensions>
      </trkpt>
      <trkpt lat="34.175408743321895599365234375" lon="108.934944570064544677734375">
        <ele>459.399993896484375</ele>
        <time>2026-09-12T12:17:16.000Z</time>
        <extensions>
          <ns3:TrackPointExtension>
            <ns3:hr>129</ns3:hr>
            <ns3:cad>87</ns3:cad>
          </ns3:TrackPointExtension>
        </extensions>
      </trkpt>
      <trkpt lat="34.17543078772723674774169921875" lon="108.93494113348424434661865234375">
        <ele>459.399993896484375</ele>
        <time>2026-09-12T12:17:17.000Z</time>
        <extensions>
          <ns3:TrackPointExtension>
            <ns3:hr>129</ns3:hr>
            <ns3:cad>87</ns3:cad>
          </ns3:TrackPointExtension>
        </extensions>
      </trkpt>
      <trkpt lat="34.175454340875148773193359375" lon="108.934940882027149200439453125">
        <ele>459.399993896484375</ele>
        <time>2026-09-12T12:17:18.000Z</time>
        <extensions>
          <ns3:TrackPointExtension>
            <ns3:hr>130</ns3:hr>
            <ns3:cad>87</ns3:cad>
          </ns3:TrackPointExtension>
        </extensions>
      </trkpt>
      <trkpt lat="34.17547688819468021392822265625" lon="108.93493375740945339202880859375">
        <ele>459.399993896484375</ele>
        <time>2026-09-12T12:17:19.000Z</time>
        <extensions>
          <ns3:TrackPointExtension>
            <ns3:hr>130</ns3:hr>
            <ns3:cad>87</ns3:cad>
          </ns3:TrackPointExtension>
        </extensions>
      </trkpt>
      <trkpt lat="34.17550035752356052398681640625" lon="108.93493141047656536102294921875">
        <ele>459.399993896484375</ele>
        <time>2026-09-12T12:17:20.000Z</time>
        <extensions>
          <ns3:TrackPointExtension>
            <ns3:hr>130</ns3:hr>
            <ns3:cad>87</ns3:cad>
          </ns3:TrackPointExtension>
        </extensions>
      </trkpt>
      <trkpt lat="34.1755198873579502105712890625" lon="108.9349276386201381683349609375">
        <ele>459.399993896484375</ele>
        <time>2026-09-12T12:17:21.000Z</time>
        <extensions>
          <ns3:TrackPointExtension>
            <ns3:hr>129</ns3:hr>
            <ns3:cad>87</ns3:cad>
          </ns3:TrackPointExtension>
        </extensions>
      </trkpt>
      <trkpt lat="34.17554796673357486724853515625" lon="108.934923112392425537109375">
        <ele>459.399993896484375</ele>
        <time>2026-09-12T12:17:22.000Z</time>
        <extensions>
          <ns3:TrackPointExtension>
            <ns3:hr>130</ns3:hr>
            <ns3:cad>87</ns3:cad>
          </ns3:TrackPointExtension>
        </extensions>
      </trkpt>
      <trkpt lat="34.17556439526379108428955078125" lon="108.934915065765380859375">
        <ele>459.399993896484375</ele>
        <time>2026-09-12T12:17:23.000Z</time>
        <extensions>
          <ns3:TrackPointExtension>
            <ns3:hr>130</ns3:hr>
            <ns3:cad>88</ns3:cad>
          </ns3:TrackPointExtension>
        </extensions>
      </trkpt>
      <trkpt lat="34.1755970008671283721923828125" lon="108.934913389384746551513671875">
        <ele>459.399993896484375</ele>
        <time>2026-09-12T12:17:24.000Z</time>
        <extensions>
          <ns3:TrackPointExtension>
            <ns3:hr>130</ns3:hr>
            <ns3:cad>88</ns3:cad>
          </ns3:TrackPointExtension>
        </extensions>
      </trkpt>
      <trkpt lat="34.1756142675876617431640625" lon="108.93490903079509735107421875">
        <ele>459.399993896484375</ele>
        <time>2026-09-12T12:17:25.000Z</time>
        <extensions>
          <ns3:TrackPointExtension>
            <ns3:hr>130</ns3:hr>
            <ns3:cad>88</ns3:cad>
          </ns3:TrackPointExtension>
        </extensions>
      </trkpt>
      <trkpt lat="34.17563782073557376861572265625" lon="108.93490861169993877410888671875">
        <ele>459.399993896484375</ele>
        <time>2026-09-12T12:17:26.000Z</time>
        <extensions>
          <ns3:TrackPointExtension>
            <ns3:hr>130</ns3:hr>
            <ns3:cad>88</ns3:cad>
          </ns3:TrackPointExtension>
        </extensions>
      </trkpt>
      <trkpt lat="34.17565626092255115509033203125" lon="108.9349038340151309967041015625">
        <ele>459.399993896484375</ele>
        <time>2026-09-12T12:17:27.000Z</time>
        <extensions>
          <ns3:TrackPointExtension>
            <ns3:hr>130</ns3:hr>
            <ns3:cad>88</ns3:cad>
          </ns3:TrackPointExtension>
        </extensions>
      </trkpt>
      <trkpt lat="34.1756781376898288726806640625" lon="108.9348981343209743499755859375">
        <ele>459.399993896484375</ele>
        <time>2026-09-12T12:17:28.000Z</time>
        <extensions>
          <ns3:TrackPointExtension>
            <ns3:hr>130</ns3:hr>
            <ns3:cad>88</ns3:cad>
          </ns3:TrackPointExtension>
        </extensions>
      </trkpt>
      <trkpt lat="34.1756999306380748748779296875" lon="108.93489821814000606536865234375">
        <ele>459.399993896484375</ele>
        <time>2026-09-12T12:17:29.000Z</time>
        <extensions>
          <ns3:TrackPointExtension>
            <ns3:hr>130</ns3:hr>
            <ns3:cad>88</ns3:cad>
          </ns3:TrackPointExtension>
        </extensions>
      </trkpt>
      <trkpt lat="34.17571929283440113067626953125" lon="108.93489570356905460357666015625">
        <ele>459.399993896484375</ele>
        <time>2026-09-12T12:17:30.000Z</time>
        <extensions>
          <ns3:TrackPointExtension>
            <ns3:hr>130</ns3:hr>
            <ns3:cad>87</ns3:cad>
          </ns3:TrackPointExtension>
        </extensions>
      </trkpt>
      <trkpt lat="34.17574292980134487152099609375" lon="108.93489830195903778076171875">
        <ele>459.399993896484375</ele>
        <time>2026-09-12T12:17:31.000Z</time>
        <extensions>
          <ns3:TrackPointExtension>
            <ns3:hr>130</ns3:hr>
            <ns3:cad>86</ns3:cad>
          </ns3:TrackPointExtension>
        </extensions>
      </trkpt>
      <trkpt lat="34.17575801722705364227294921875" lon="108.93489385955035686492919921875">
        <ele>459.20001220703125</ele>
        <time>2026-09-12T12:17:32.000Z</time>
        <extensions>
          <ns3:TrackPointExtension>
            <ns3:hr>130</ns3:hr>
            <ns3:cad>86</ns3:cad>
          </ns3:TrackPointExtension>
        </extensions>
      </trkpt>
      <trkpt lat="34.1757837496697902679443359375" lon="108.93488757312297821044921875">
        <ele>459.20001220703125</ele>
        <time>2026-09-12T12:17:33.000Z</time>
        <extensions>
          <ns3:TrackPointExtension>
            <ns3:hr>130</ns3:hr>
            <ns3:cad>86</ns3:cad>
          </ns3:TrackPointExtension>
        </extensions>
      </trkpt>
      <trkpt lat="34.17580277658998966217041015625" lon="108.93488564528524875640869140625">
        <ele>459.20001220703125</ele>
        <time>2026-09-12T12:17:34.000Z</time>
        <extensions>
          <ns3:TrackPointExtension>
            <ns3:hr>131</ns3:hr>
            <ns3:cad>87</ns3:cad>
          </ns3:TrackPointExtension>
        </extensions>
      </trkpt>
      <trkpt lat="34.17582289315760135650634765625" lon="108.9348763413727283477783203125">
        <ele>459.20001220703125</ele>
        <time>2026-09-12T12:17:35.000Z</time>
        <extensions>
          <ns3:TrackPointExtension>
            <ns3:hr>130</ns3:hr>
            <ns3:cad>86</ns3:cad>
          </ns3:TrackPointExtension>
        </extensions>
      </trkpt>
      <trkpt lat="34.17584569193422794342041015625" lon="108.93487139604985713958740234375">
        <ele>459</ele>
        <time>2026-09-12T12:17:36.000Z</time>
        <extensions>
          <ns3:TrackPointExtension>
            <ns3:hr>130</ns3:hr>
            <ns3:cad>86</ns3:cad>
          </ns3:TrackPointExtension>
        </extensions>
      </trkpt>
      <trkpt lat="34.17586446739733219146728515625" lon="108.9348654448986053466796875">
        <ele>459</ele>
        <time>2026-09-12T12:17:37.000Z</time>
        <extensions>
          <ns3:TrackPointExtension>
            <ns3:hr>131</ns3:hr>
            <ns3:cad>86</ns3:cad>
          </ns3:TrackPointExtension>
        </extensions>
      </trkpt>
      <trkpt lat="34.17588441632688045501708984375" lon="108.9348609186708927154541015625">
        <ele>459</ele>
        <time>2026-09-12T12:17:38.000Z</time>
        <extensions>
          <ns3:TrackPointExtension>
            <ns3:hr>131</ns3:hr>
            <ns3:cad>86</ns3:cad>
          </ns3:TrackPointExtension>
        </extensions>
      </trkpt>
      <trkpt lat="34.175900258123874664306640625" lon="108.934858739376068115234375">
        <ele>458.79998779296875</ele>
        <time>2026-09-12T12:17:39.000Z</time>
        <extensions>
          <ns3:TrackPointExtension>
            <ns3:hr>131</ns3:hr>
            <ns3:cad>86</ns3:cad>
          </ns3:TrackPointExtension>
        </extensions>
      </trkpt>
      <trkpt lat="34.1759309358894824981689453125" lon="108.9348575659096240997314453125">
        <ele>458.79998779296875</ele>
        <time>2026-09-12T12:17:40.000Z</time>
        <extensions>
          <ns3:TrackPointExtension>
            <ns3:hr>131</ns3:hr>
            <ns3:cad>86</ns3:cad>
          </ns3:TrackPointExtension>
        </extensions>
      </trkpt>
      <trkpt lat="34.17595264501869678497314453125" lon="108.9348508603870868682861328125">
        <ele>458.79998779296875</ele>
        <time>2026-09-12T12:17:41.000Z</time>
        <extensions>
          <ns3:TrackPointExtension>
            <ns3:hr>130</ns3:hr>
            <ns3:cad>86</ns3:cad>
          </ns3:TrackPointExtension>
        </extensions>
      </trkpt>
      <trkpt lat="34.17598248459398746490478515625" lon="108.93485144712030887603759765625">
        <ele>458.600006103515625</ele>
        <time>2026-09-12T12:17:42.000Z</time>
        <extensions>
          <ns3:TrackPointExtension>
            <ns3:hr>130</ns3:hr>
            <ns3:cad>86</ns3:cad>
          </ns3:TrackPointExtension>
        </extensions>
      </trkpt>
      <trkpt lat="34.176006205379962921142578125" lon="108.93485446460545063018798828125">
        <ele>458.600006103515625</ele>
        <time>2026-09-12T12:17:43.000Z</time>
        <extensions>
          <ns3:TrackPointExtension>
            <ns3:hr>130</ns3:hr>
            <ns3:cad>86</ns3:cad>
          </ns3:TrackPointExtension>
        </extensions>
      </trkpt>
      <trkpt lat="34.17603068053722381591796875" lon="108.93485211767256259918212890625">
        <ele>458.600006103515625</ele>
        <time>2026-09-12T12:17:44.000Z</time>
        <extensions>
          <ns3:TrackPointExtension>
            <ns3:hr>130</ns3:hr>
            <ns3:cad>87</ns3:cad>
          </ns3:TrackPointExtension>
        </extensions>
      </trkpt>
      <trkpt lat="34.17605356313288211822509765625" lon="108.93485362641513347625732421875">
        <ele>458.399993896484375</ele>
        <time>2026-09-12T12:17:45.000Z</time>
        <extensions>
          <ns3:TrackPointExtension>
            <ns3:hr>130</ns3:hr>
            <ns3:cad>87</ns3:cad>
          </ns3:TrackPointExtension>
        </extensions>
      </trkpt>
      <trkpt lat="34.176075942814350128173828125" lon="108.93484868109226226806640625">
        <ele>458.399993896484375</ele>
        <time>2026-09-12T12:17:46.000Z</time>
        <extensions>
          <ns3:TrackPointExtension>
            <ns3:hr>131</ns3:hr>
            <ns3:cad>87</ns3:cad>
          </ns3:TrackPointExtension>
        </extensions>
      </trkpt>
      <trkpt lat="34.17610100470483303070068359375" lon="108.93485077656805515289306640625">
        <ele>458.20001220703125</ele>
        <time>2026-09-12T12:17:47.000Z</time>
        <extensions>
          <ns3:TrackPointExtension>
            <ns3:hr>130</ns3:hr>
            <ns3:cad>87</ns3:cad>
          </ns3:TrackPointExtension>
        </extensions>
      </trkpt>
      <trkpt lat="34.17612078599631786346435546875" lon="108.9348488487303256988525390625">
        <ele>458</ele>
        <time>2026-09-12T12:17:48.000Z</time>
        <extensions>
          <ns3:TrackPointExtension>
            <ns3:hr>130</ns3:hr>
            <ns3:cad>87</ns3:cad>
          </ns3:TrackPointExtension>
        </extensions>
      </trkpt>
      <trkpt lat="34.17614576406776905059814453125" lon="108.9348520338535308837890625">
        <ele>458</ele>
        <time>2026-09-12T12:17:49.000Z</time>
        <extensions>
          <ns3:TrackPointExtension>
            <ns3:hr>130</ns3:hr>
            <ns3:cad>86</ns3:cad>
          </ns3:TrackPointExtension>
        </extensions>
      </trkpt>
      <trkpt lat="34.1761632822453975677490234375" lon="108.9348528720438480377197265625">
        <ele>457.79998779296875</ele>
        <time>2026-09-12T12:17:50.000Z</time>
        <extensions>
          <ns3:TrackPointExtension>
            <ns3:hr>131</ns3:hr>
            <ns3:cad>86</ns3:cad>
          </ns3:TrackPointExtension>
        </extensions>
      </trkpt>
      <trkpt lat="34.17618465609848499298095703125" lon="108.93484977073967456817626953125">
        <ele>457.79998779296875</ele>
        <time>2026-09-12T12:17:51.000Z</time>
        <extensions>
          <ns3:TrackPointExtension>
            <ns3:hr>130</ns3:hr>
            <ns3:cad>86</ns3:cad>
          </ns3:TrackPointExtension>
        </extensions>
      </trkpt>
      <trkpt lat="34.17620929889380931854248046875" lon="108.93484524451196193695068359375">
        <ele>457.600006103515625</ele>
        <time>2026-09-12T12:17:52.000Z</time>
        <extensions>
          <ns3:TrackPointExtension>
            <ns3:hr>130</ns3:hr>
            <ns3:cad>86</ns3:cad>
          </ns3:TrackPointExtension>
        </extensions>
      </trkpt>
      <trkpt lat="34.1762296669185161590576171875" lon="108.934841640293598175048828125">
        <ele>457.600006103515625</ele>
        <time>2026-09-12T12:17:53.000Z</time>
        <extensions>
          <ns3:TrackPointExtension>
            <ns3:hr>130</ns3:hr>
            <ns3:cad>86</ns3:cad>
          </ns3:TrackPointExtension>
        </extensions>
      </trkpt>
      <trkpt lat="34.1762528009712696075439453125" lon="108.93484197556972503662109375">
        <ele>457.399993896484375</ele>
        <time>2026-09-12T12:17:54.000Z</time>
        <extensions>
          <ns3:TrackPointExtension>
            <ns3:hr>130</ns3:hr>
            <ns3:cad>86</ns3:cad>
          </ns3:TrackPointExtension>
        </extensions>
      </trkpt>
      <trkpt lat="34.176275767385959625244140625" lon="108.93483669497072696685791015625">
        <ele>457.399993896484375</ele>
        <time>2026-09-12T12:17:55.000Z</time>
        <extensions>
          <ns3:TrackPointExtension>
            <ns3:hr>131</ns3:hr>
            <ns3:cad>86</ns3:cad>
          </ns3:TrackPointExtension>
        </extensions>
      </trkpt>
      <trkpt lat="34.17630082927644252777099609375" lon="108.93483535386621952056884765625">
        <ele>457.20001220703125</ele>
        <time>2026-09-12T12:17:56.000Z</time>
        <extensions>
          <ns3:TrackPointExtension>
            <ns3:hr>130</ns3:hr>
            <ns3:cad>86</ns3:cad>
          </ns3:TrackPointExtension>
        </extensions>
      </trkpt>
      <trkpt lat="34.1763185150921344757080078125" lon="108.9348334260284900665283203125">
        <ele>457.20001220703125</ele>
        <time>2026-09-12T12:17:57.000Z</time>
        <extensions>
          <ns3:TrackPointExtension>
            <ns3:hr>130</ns3:hr>
            <ns3:cad>86</ns3:cad>
          </ns3:TrackPointExtension>
        </extensions>
      </trkpt>
      <trkpt lat="34.17634072713553905487060546875" lon="108.934829235076904296875">
        <ele>457</ele>
        <time>2026-09-12T12:17:58.000Z</time>
        <extensions>
          <ns3:TrackPointExtension>
            <ns3:hr>130</ns3:hr>
            <ns3:cad>86</ns3:cad>
          </ns3:TrackPointExtension>
        </extensions>
      </trkpt>
      <trkpt lat="34.1763594187796115875244140625" lon="108.9348273910582065582275390625">
        <ele>457</ele>
        <time>2026-09-12T12:17:59.000Z</time>
        <extensions>
          <ns3:TrackPointExtension>
            <ns3:hr>130</ns3:hr>
            <ns3:cad>87</ns3:cad>
          </ns3:TrackPointExtension>
        </extensions>
      </trkpt>
      <trkpt lat="34.1763867437839508056640625" lon="108.93482345156371593475341796875">
        <ele>456.79998779296875</ele>
        <time>2026-09-12T12:18:00.000Z</time>
        <extensions>
          <ns3:TrackPointExtension>
            <ns3:hr>131</ns3:hr>
            <ns3:cad>87</ns3:cad>
          </ns3:TrackPointExtension>
        </extensions>
      </trkpt>
      <trkpt lat="34.17641482315957546234130859375" lon="108.9348185062408447265625">
        <ele>456.600006103515625</ele>
        <time>2026-09-12T12:18:01.000Z</time>
        <extensions>
          <ns3:TrackPointExtension>
            <ns3:hr>131</ns3:hr>
            <ns3:cad>87</ns3:cad>
          </ns3:TrackPointExtension>
        </extensions>
      </trkpt>
      <trkpt lat="34.1764385439455509185791015625" lon="108.93481574021279811859130859375">
        <ele>456.600006103515625</ele>
        <time>2026-09-12T12:18:02.000Z</time>
        <extensions>
          <ns3:TrackPointExtension>
            <ns3:hr>131</ns3:hr>
            <ns3:cad>87</ns3:cad>
          </ns3:TrackPointExtension>
        </extensions>
      </trkpt>
      <trkpt lat="34.176464863121509552001953125" lon="108.93481439910829067230224609375">
        <ele>456.399993896484375</ele>
        <time>2026-09-12T12:18:03.000Z</time>
        <extensions>
          <ns3:TrackPointExtension>
            <ns3:hr>131</ns3:hr>
            <ns3:cad>87</ns3:cad>
          </ns3:TrackPointExtension>
        </extensions>
      </trkpt>
      <trkpt lat="34.17649042792618274688720703125" lon="108.93481113016605377197265625">
        <ele>456.399993896484375</ele>
        <time>2026-09-12T12:18:04.000Z</time>
        <extensions>
          <ns3:TrackPointExtension>
            <ns3:hr>132</ns3:hr>
            <ns3:cad>87</ns3:cad>
          </ns3:TrackPointExtension>
        </extensions>
      </trkpt>
      <trkpt lat="34.17651808820664882659912109375" lon="108.9348144829273223876953125">
        <ele>456.20001220703125</ele>
        <time>2026-09-12T12:18:05.000Z</time>
        <extensions>
          <ns3:TrackPointExtension>
            <ns3:hr>132</ns3:hr>
            <ns3:cad>86</ns3:cad>
          </ns3:TrackPointExtension>
        </extensions>
      </trkpt>
      <trkpt lat="34.17654273100197315216064453125" lon="108.93481372855603694915771484375">
        <ele>456</ele>
        <time>2026-09-12T12:18:06.000Z</time>
        <extensions>
          <ns3:TrackPointExtension>
            <ns3:hr>133</ns3:hr>
            <ns3:cad>88</ns3:cad>
          </ns3:TrackPointExtension>
        </extensions>
      </trkpt>
      <trkpt lat="34.1765706427395343780517578125" lon="108.934814147651195526123046875">
        <ele>455.79998779296875</ele>
        <time>2026-09-12T12:18:07.000Z</time>
        <extensions>
          <ns3:TrackPointExtension>
            <ns3:hr>133</ns3:hr>
            <ns3:cad>88</ns3:cad>
          </ns3:TrackPointExtension>
        </extensions>
      </trkpt>
      <trkpt lat="34.1765931062400341033935546875" lon="108.93481113016605377197265625">
        <ele>455.79998779296875</ele>
        <time>2026-09-12T12:18:08.000Z</time>
        <extensions>
          <ns3:TrackPointExtension>
            <ns3:hr>133</ns3:hr>
            <ns3:cad>88</ns3:cad>
          </ns3:TrackPointExtension>
        </extensions>
      </trkpt>
      <trkpt lat="34.17661984451115131378173828125" lon="108.93480920232832431793212890625">
        <ele>455.600006103515625</ele>
        <time>2026-09-12T12:18:09.000Z</time>
        <extensions>
          <ns3:TrackPointExtension>
            <ns3:hr>133</ns3:hr>
            <ns3:cad>88</ns3:cad>
          </ns3:TrackPointExtension>
        </extensions>
      </trkpt>
      <trkpt lat="34.17664331384003162384033203125" lon="108.93480618484318256378173828125">
        <ele>455.399993896484375</ele>
        <time>2026-09-12T12:18:10.000Z</time>
        <extensions>
          <ns3:TrackPointExtension>
            <ns3:hr>133</ns3:hr>
            <ns3:cad>88</ns3:cad>
          </ns3:TrackPointExtension>
        </extensions>
      </trkpt>
      <trkpt lat="34.176672734320163726806640625" lon="108.934802748262882232666015625">
        <ele>455.399993896484375</ele>
        <time>2026-09-12T12:18:11.000Z</time>
        <extensions>
          <ns3:TrackPointExtension>
            <ns3:hr>133</ns3:hr>
            <ns3:cad>87</ns3:cad>
          </ns3:TrackPointExtension>
        </extensions>
      </trkpt>
      <trkpt lat="34.1766950301826000213623046875" lon="108.9347983896732330322265625">
        <ele>455.20001220703125</ele>
        <time>2026-09-12T12:18:12.000Z</time>
        <extensions>
          <ns3:TrackPointExtension>
            <ns3:hr>133</ns3:hr>
            <ns3:cad>86</ns3:cad>
          </ns3:TrackPointExtension>
        </extensions>
      </trkpt>
      <trkpt lat="34.17671657167375087738037109375" lon="108.93479730002582073211669921875">
        <ele>455</ele>
        <time>2026-09-12T12:18:13.000Z</time>
        <extensions>
          <ns3:TrackPointExtension>
            <ns3:hr>133</ns3:hr>
            <ns3:cad>86</ns3:cad>
          </ns3:TrackPointExtension>
        </extensions>
      </trkpt>
      <trkpt lat="34.17673869989812374114990234375" lon="108.9347985573112964630126953125">
        <ele>454.79998779296875</ele>
        <time>2026-09-12T12:18:14.000Z</time>
        <extensions>
          <ns3:TrackPointExtension>
            <ns3:hr>133</ns3:hr>
            <ns3:cad>86</ns3:cad>
          </ns3:TrackPointExtension>
        </extensions>
      </trkpt>
      <trkpt lat="34.176758229732513427734375" lon="108.93479864113032817840576171875">
        <ele>454.79998779296875</ele>
        <time>2026-09-12T12:18:15.000Z</time>
        <extensions>
          <ns3:TrackPointExtension>
            <ns3:hr>133</ns3:hr>
            <ns3:cad>86</ns3:cad>
          </ns3:TrackPointExtension>
        </extensions>
      </trkpt>
      <trkpt lat="34.176780693233013153076171875" lon="108.93480014987289905548095703125">
        <ele>454.600006103515625</ele>
        <time>2026-09-12T12:18:16.000Z</time>
        <extensions>
          <ns3:TrackPointExtension>
            <ns3:hr>132</ns3:hr>
            <ns3:cad>88</ns3:cad>
          </ns3:TrackPointExtension>
        </extensions>
      </trkpt>
      <trkpt lat="34.17680340819060802459716796875" lon="108.9347965456545352935791015625">
        <ele>454.600006103515625</ele>
        <time>2026-09-12T12:18:17.000Z</time>
        <extensions>
          <ns3:TrackPointExtension>
            <ns3:hr>133</ns3:hr>
            <ns3:cad>88</ns3:cad>
          </ns3:TrackPointExtension>
        </extensions>
      </trkpt>
      <trkpt lat="34.1768284700810909271240234375" lon="108.934796042740345001220703125">
        <ele>454.399993896484375</ele>
        <time>2026-09-12T12:18:18.000Z</time>
        <extensions>
          <ns3:TrackPointExtension>
            <ns3:hr>133</ns3:hr>
            <ns3:cad>88</ns3:cad>
          </ns3:TrackPointExtension>
        </extensions>
      </trkpt>
      <trkpt lat="34.1768507659435272216796875" lon="108.934793360531330108642578125">
        <ele>454.20001220703125</ele>
        <time>2026-09-12T12:18:19.000Z</time>
        <extensions>
          <ns3:TrackPointExtension>
            <ns3:hr>132</ns3:hr>
            <ns3:cad>88</ns3:cad>
          </ns3:TrackPointExtension>
        </extensions>
      </trkpt>
      <trkpt lat="34.1768775880336761474609375" lon="108.93479344435036182403564453125">
        <ele>454.20001220703125</ele>
        <time>2026-09-12T12:18:20.000Z</time>
        <extensions>
          <ns3:TrackPointExtension>
            <ns3:hr>133</ns3:hr>
            <ns3:cad>87</ns3:cad>
          </ns3:TrackPointExtension>
        </extensions>
      </trkpt>
      <trkpt lat="34.17690097354352474212646484375" lon="108.93478807993233203887939453125">
        <ele>454</ele>
        <time>2026-09-12T12:18:21.000Z</time>
        <extensions>
          <ns3:TrackPointExtension>
            <ns3:hr>133</ns3:hr>
            <ns3:cad>87</ns3:cad>
          </ns3:TrackPointExtension>
        </extensions>
      </trkpt>
      <trkpt lat="34.17693248949944972991943359375" lon="108.93478523008525371551513671875">
        <ele>453.79998779296875</ele>
        <time>2026-09-12T12:18:22.000Z</time>
        <extensions>
          <ns3:TrackPointExtension>
            <ns3:hr>133</ns3:hr>
            <ns3:cad>87</ns3:cad>
          </ns3:TrackPointExtension>
        </extensions>
      </trkpt>
      <trkpt lat="34.17695579119026660919189453125" lon="108.93478271551430225372314453125">
        <ele>453.600006103515625</ele>
        <time>2026-09-12T12:18:23.000Z</time>
        <extensions>
          <ns3:TrackPointExtension>
            <ns3:hr>133</ns3:hr>
            <ns3:cad>87</ns3:cad>
          </ns3:TrackPointExtension>
        </extensions>
      </trkpt>
      <trkpt lat="34.17698663659393787384033203125" lon="108.93478036858141422271728515625">
        <ele>453.600006103515625</ele>
        <time>2026-09-12T12:18:24.000Z</time>
        <extensions>
          <ns3:TrackPointExtension>
            <ns3:hr>133</ns3:hr>
            <ns3:cad>87</ns3:cad>
          </ns3:TrackPointExtension>
        </extensions>
      </trkpt>
      <trkpt lat="34.17701412923634052276611328125" lon="108.93477835692465305328369140625">
        <ele>453.399993896484375</ele>
        <time>2026-09-12T12:18:25.000Z</time>
        <extensions>
          <ns3:TrackPointExtension>
            <ns3:hr>133</ns3:hr>
            <ns3:cad>87</ns3:cad>
          </ns3:TrackPointExtension>
        </extensions>
      </trkpt>
      <trkpt lat="34.17704187333583831787109375" lon="108.93477567471563816070556640625">
        <ele>453.20001220703125</ele>
        <time>2026-09-12T12:18:26.000Z</time>
        <extensions>
          <ns3:TrackPointExtension>
            <ns3:hr>133</ns3:hr>
            <ns3:cad>87</ns3:cad>
          </ns3:TrackPointExtension>
        </extensions>
      </trkpt>
      <trkpt lat="34.17706467211246490478515625" lon="108.93477684818208217620849609375">
        <ele>453.20001220703125</ele>
        <time>2026-09-12T12:18:27.000Z</time>
        <extensions>
          <ns3:TrackPointExtension>
            <ns3:hr>133</ns3:hr>
            <ns3:cad>87</ns3:cad>
          </ns3:TrackPointExtension>
        </extensions>
      </trkpt>
      <trkpt lat="34.1770876385271549224853515625" lon="108.93477357923984527587890625">
        <ele>453</ele>
        <time>2026-09-12T12:18:28.000Z</time>
        <extensions>
          <ns3:TrackPointExtension>
            <ns3:hr>134</ns3:hr>
            <ns3:cad>87</ns3:cad>
          </ns3:TrackPointExtension>
        </extensions>
      </trkpt>
      <trkpt lat="34.17710892856121063232421875" lon="108.93477248959243297576904296875">
        <ele>453</ele>
        <time>2026-09-12T12:18:29.000Z</time>
        <extensions>
          <ns3:TrackPointExtension>
            <ns3:hr>133</ns3:hr>
            <ns3:cad>87</ns3:cad>
          </ns3:TrackPointExtension>
        </extensions>
      </trkpt>
      <trkpt lat="34.1771275363862514495849609375" lon="108.9347667060792446136474609375">
        <ele>452.79998779296875</ele>
        <time>2026-09-12T12:18:30.000Z</time>
        <extensions>
          <ns3:TrackPointExtension>
            <ns3:hr>134</ns3:hr>
            <ns3:cad>87</ns3:cad>
          </ns3:TrackPointExtension>
        </extensions>
      </trkpt>
      <trkpt lat="34.177156873047351837158203125" lon="108.9347650296986103057861328125">
        <ele>452.79998779296875</ele>
        <time>2026-09-12T12:18:31.000Z</time>
        <extensions>
          <ns3:TrackPointExtension>
            <ns3:hr>134</ns3:hr>
            <ns3:cad>87</ns3:cad>
          </ns3:TrackPointExtension>
        </extensions>
      </trkpt>
      <trkpt lat="34.17717556469142436981201171875" lon="108.93476058728992938995361328125">
        <ele>452.600006103515625</ele>
        <time>2026-09-12T12:18:32.000Z</time>
        <extensions>
          <ns3:TrackPointExtension>
            <ns3:hr>134</ns3:hr>
            <ns3:cad>87</ns3:cad>
          </ns3:TrackPointExtension>
        </extensions>
      </trkpt>
      <trkpt lat="34.17720708064734935760498046875" lon="108.9347579888999462127685546875">
        <ele>452.399993896484375</ele>
        <time>2026-09-12T12:18:33.000Z</time>
        <extensions>
          <ns3:TrackPointExtension>
            <ns3:hr>135</ns3:hr>
            <ns3:cad>87</ns3:cad>
          </ns3:TrackPointExtension>
        </extensions>
      </trkpt>
      <trkpt lat="34.17722870595753192901611328125" lon="108.9347600005567073822021484375">
        <ele>452.20001220703125</ele>
        <time>2026-09-12T12:18:34.000Z</time>
        <extensions>
          <ns3:TrackPointExtension>
            <ns3:hr>135</ns3:hr>
            <ns3:cad>87</ns3:cad>
          </ns3:TrackPointExtension>
        </extensions>
      </trkpt>
      <trkpt lat="34.1772562824189662933349609375" lon="108.93475974909961223602294921875">
        <ele>452.20001220703125</ele>
        <time>2026-09-12T12:18:35.000Z</time>
        <extensions>
          <ns3:TrackPointExtension>
            <ns3:hr>135</ns3:hr>
            <ns3:cad>86</ns3:cad>
          </ns3:TrackPointExtension>
        </extensions>
      </trkpt>
      <trkpt lat="34.17728335596621036529541015625" lon="108.93476611934602260589599609375">
        <ele>452</ele>
        <time>2026-09-12T12:18:36.000Z</time>
        <extensions>
          <ns3:TrackPointExtension>
            <ns3:hr>135</ns3:hr>
            <ns3:cad>87</ns3:cad>
          </ns3:TrackPointExtension>
        </extensions>
      </trkpt>
      <trkpt lat="34.17730649001896381378173828125" lon="108.934762515127658843994140625">
        <ele>451.79998779296875</ele>
        <time>2026-09-12T12:18:37.000Z</time>
        <extensions>
          <ns3:TrackPointExtension>
            <ns3:hr>134</ns3:hr>
            <ns3:cad>87</ns3:cad>
          </ns3:TrackPointExtension>
        </extensions>
      </trkpt>
      <trkpt lat="34.17733096517622470855712890625" lon="108.93476553261280059814453125">
        <ele>451.79998779296875</ele>
        <time>2026-09-12T12:18:38.000Z</time>
        <extensions>
          <ns3:TrackPointExtension>
            <ns3:hr>135</ns3:hr>
            <ns3:cad>87</ns3:cad>
          </ns3:TrackPointExtension>
        </extensions>
      </trkpt>
      <trkpt lat="34.17735007591545581817626953125" lon="108.93476259894669055938720703125">
        <ele>451.600006103515625</ele>
        <time>2026-09-12T12:18:39.000Z</time>
        <extensions>
          <ns3:TrackPointExtension>
            <ns3:hr>135</ns3:hr>
            <ns3:cad>87</ns3:cad>
          </ns3:TrackPointExtension>
        </extensions>
      </trkpt>
      <trkpt lat="34.17737438343465328216552734375" lon="108.9347657002508640289306640625">
        <ele>451.600006103515625</ele>
        <time>2026-09-12T12:18:40.000Z</time>
        <extensions>
          <ns3:TrackPointExtension>
            <ns3:hr>135</ns3:hr>
            <ns3:cad>87</ns3:cad>
          </ns3:TrackPointExtension>
        </extensions>
      </trkpt>
      <trkpt lat="34.1773907281458377838134765625" lon="108.9347636885941028594970703125">
        <ele>451.399993896484375</ele>
        <time>2026-09-12T12:18:41.000Z</time>
        <extensions>
          <ns3:TrackPointExtension>
            <ns3:hr>135</ns3:hr>
            <ns3:cad>87</ns3:cad>
          </ns3:TrackPointExtension>
        </extensions>
      </trkpt>
      <trkpt lat="34.177419729530811309814453125" lon="108.93476343713700771331787109375">
        <ele>451.20001220703125</ele>
        <time>2026-09-12T12:18:42.000Z</time>
        <extensions>
          <ns3:TrackPointExtension>
            <ns3:hr>135</ns3:hr>
            <ns3:cad>87</ns3:cad>
          </ns3:TrackPointExtension>
        </extensions>
      </trkpt>
      <trkpt lat="34.177439846098423004150390625" lon="108.9347660355269908905029296875">
        <ele>451.20001220703125</ele>
        <time>2026-09-12T12:18:43.000Z</time>
        <extensions>
          <ns3:TrackPointExtension>
            <ns3:hr>135</ns3:hr>
            <ns3:cad>87</ns3:cad>
          </ns3:TrackPointExtension>
        </extensions>
      </trkpt>
      <trkpt lat="34.17746624909341335296630859375" lon="108.93476092256605625152587890625">
        <ele>451</ele>
        <time>2026-09-12T12:18:44.000Z</time>
        <extensions>
          <ns3:TrackPointExtension>
            <ns3:hr>136</ns3:hr>
            <ns3:cad>87</ns3:cad>
          </ns3:TrackPointExtension>
        </extensions>
      </trkpt>
      <trkpt lat="34.17749273590743541717529296875" lon="108.934763185679912567138671875">
        <ele>450.79998779296875</ele>
        <time>2026-09-12T12:18:45.000Z</time>
        <extensions>
          <ns3:TrackPointExtension>
            <ns3:hr>135</ns3:hr>
            <ns3:cad>87</ns3:cad>
          </ns3:TrackPointExtension>
        </extensions>
      </trkpt>
      <trkpt lat="34.17751469649374485015869140625" lon="108.9347608387470245361328125">
        <ele>450.600006103515625</ele>
        <time>2026-09-12T12:18:46.000Z</time>
        <extensions>
          <ns3:TrackPointExtension>
            <ns3:hr>135</ns3:hr>
            <ns3:cad>87</ns3:cad>
          </ns3:TrackPointExtension>
        </extensions>
      </trkpt>
      <trkpt lat="34.17753933928906917572021484375" lon="108.9347650296986103057861328125">
        <ele>450.600006103515625</ele>
        <time>2026-09-12T12:18:47.000Z</time>
        <extensions>
          <ns3:TrackPointExtension>
            <ns3:hr>136</ns3:hr>
            <ns3:cad>87</ns3:cad>
          </ns3:TrackPointExtension>
        </extensions>
      </trkpt>
      <trkpt lat="34.17756314389407634735107421875" lon="108.9347677119076251983642578125">
        <ele>450.399993896484375</ele>
        <time>2026-09-12T12:18:48.000Z</time>
        <extensions>
          <ns3:TrackPointExtension>
            <ns3:hr>136</ns3:hr>
            <ns3:cad>87</ns3:cad>
          </ns3:TrackPointExtension>
        </extensions>
      </trkpt>
      <trkpt lat="34.17759214527904987335205078125" lon="108.93477081321179866790771484375">
        <ele>450.20001220703125</ele>
        <time>2026-09-12T12:18:49.000Z</time>
        <extensions>
          <ns3:TrackPointExtension>
            <ns3:hr>136</ns3:hr>
            <ns3:cad>87</ns3:cad>
          </ns3:TrackPointExtension>
        </extensions>
      </trkpt>
      <trkpt lat="34.17761108838021755218505859375" lon="108.93476779572665691375732421875">
        <ele>450.20001220703125</ele>
        <time>2026-09-12T12:18:50.000Z</time>
        <extensions>
          <ns3:TrackPointExtension>
            <ns3:hr>136</ns3:hr>
            <ns3:cad>87</ns3:cad>
          </ns3:TrackPointExtension>
        </extensions>
      </trkpt>
      <trkpt lat="34.177641682326793670654296875" lon="108.9347670413553714752197265625">
        <ele>450</ele>
        <time>2026-09-12T12:18:51.000Z</time>
        <extensions>
          <ns3:TrackPointExtension>
            <ns3:hr>136</ns3:hr>
            <ns3:cad>87</ns3:cad>
          </ns3:TrackPointExtension>
        </extensions>
      </trkpt>
      <trkpt lat="34.17766154743731021881103515625" lon="108.93476528115570545196533203125">
        <ele>449.79998779296875</ele>
        <time>2026-09-12T12:18:52.000Z</time>
        <extensions>
          <ns3:TrackPointExtension>
            <ns3:hr>135</ns3:hr>
            <ns3:cad>86</ns3:cad>
          </ns3:TrackPointExtension>
        </extensions>
      </trkpt>
      <trkpt lat="34.17769038118422031402587890625" lon="108.9347635209560394287109375">
        <ele>449.600006103515625</ele>
        <time>2026-09-12T12:18:53.000Z</time>
        <extensions>
          <ns3:TrackPointExtension>
            <ns3:hr>136</ns3:hr>
            <ns3:cad>86</ns3:cad>
          </ns3:TrackPointExtension>
        </extensions>
      </trkpt>
      <trkpt lat="34.17771150358021259307861328125" lon="108.9347643591463565826416015625">
        <ele>449.600006103515625</ele>
        <time>2026-09-12T12:18:54.000Z</time>
        <extensions>
          <ns3:TrackPointExtension>
            <ns3:hr>136</ns3:hr>
            <ns3:cad>86</ns3:cad>
          </ns3:TrackPointExtension>
        </extensions>
      </trkpt>
      <trkpt lat="34.17773346416652202606201171875" lon="108.93476293422281742095947265625">
        <ele>449.399993896484375</ele>
        <time>2026-09-12T12:18:55.000Z</time>
        <extensions>
          <ns3:TrackPointExtension>
            <ns3:hr>136</ns3:hr>
            <ns3:cad>86</ns3:cad>
          </ns3:TrackPointExtension>
        </extensions>
      </trkpt>
      <trkpt lat="34.17775576002895832061767578125" lon="108.93476544879376888275146484375">
        <ele>449.20001220703125</ele>
        <time>2026-09-12T12:18:56.000Z</time>
        <extensions>
          <ns3:TrackPointExtension>
            <ns3:hr>136</ns3:hr>
            <ns3:cad>87</ns3:cad>
          </ns3:TrackPointExtension>
        </extensions>
      </trkpt>
      <trkpt lat="34.177774451673030853271484375" lon="108.93476259894669055938720703125">
        <ele>449.20001220703125</ele>
        <time>2026-09-12T12:18:57.000Z</time>
        <extensions>
          <ns3:TrackPointExtension>
            <ns3:hr>136</ns3:hr>
            <ns3:cad>88</ns3:cad>
          </ns3:TrackPointExtension>
        </extensions>
      </trkpt>
      <trkpt lat="34.17780118994414806365966796875" lon="108.93476419150829315185546875">
        <ele>449</ele>
        <time>2026-09-12T12:18:58.000Z</time>
        <extensions>
          <ns3:TrackPointExtension>
            <ns3:hr>136</ns3:hr>
            <ns3:cad>88</ns3:cad>
          </ns3:TrackPointExtension>
        </extensions>
      </trkpt>
      <trkpt lat="34.1778192110359668731689453125" lon="108.9347616769373416900634765625">
        <ele>448.79998779296875</ele>
        <time>2026-09-12T12:18:59.000Z</time>
        <extensions>
          <ns3:TrackPointExtension>
            <ns3:hr>137</ns3:hr>
            <ns3:cad>88</ns3:cad>
          </ns3:TrackPointExtension>
        </extensions>
      </trkpt>
      <trkpt lat="34.1778520680963993072509765625" lon="108.9347576536238193511962890625">
        <ele>448.79998779296875</ele>
        <time>2026-09-12T12:19:00.000Z</time>
        <extensions>
          <ns3:TrackPointExtension>
            <ns3:hr>137</ns3:hr>
            <ns3:cad>87</ns3:cad>
          </ns3:TrackPointExtension>
        </extensions>
      </trkpt>
      <trkpt lat="34.177876375615596771240234375" lon="108.93475589342415332794189453125">
        <ele>448.600006103515625</ele>
        <time>2026-09-12T12:19:01.000Z</time>
        <extensions>
          <ns3:TrackPointExtension>
            <ns3:hr>137</ns3:hr>
            <ns3:cad>86</ns3:cad>
          </ns3:TrackPointExtension>
        </extensions>
      </trkpt>
      <trkpt lat="34.17790152132511138916015625" lon="108.9347720704972743988037109375">
        <ele>448.399993896484375</ele>
        <time>2026-09-12T12:19:02.000Z</time>
        <extensions>
          <ns3:TrackPointExtension>
            <ns3:hr>137</ns3:hr>
            <ns3:cad>86</ns3:cad>
          </ns3:TrackPointExtension>
        </extensions>
      </trkpt>
      <trkpt lat="34.17791417799890041351318359375" lon="108.93478975631296634674072265625">
        <ele>448.399993896484375</ele>
        <time>2026-09-12T12:19:03.000Z</time>
        <extensions>
          <ns3:TrackPointExtension>
            <ns3:hr>137</ns3:hr>
            <ns3:cad>86</ns3:cad>
          </ns3:TrackPointExtension>
        </extensions>
      </trkpt>
      <trkpt lat="34.1779308579862117767333984375" lon="108.93480316735804080963134765625">
        <ele>448.20001220703125</ele>
        <time>2026-09-12T12:19:04.000Z</time>
        <extensions>
          <ns3:TrackPointExtension>
            <ns3:hr>137</ns3:hr>
            <ns3:cad>86</ns3:cad>
          </ns3:TrackPointExtension>
        </extensions>
      </trkpt>
      <trkpt lat="34.1779496334493160247802734375" lon="108.93481314182281494140625">
        <ele>448.20001220703125</ele>
        <time>2026-09-12T12:19:05.000Z</time>
        <extensions>
          <ns3:TrackPointExtension>
            <ns3:hr>137</ns3:hr>
            <ns3:cad>86</ns3:cad>
          </ns3:TrackPointExtension>
        </extensions>
      </trkpt>
      <trkpt lat="34.1779667325317859649658203125" lon="108.93481305800378322601318359375">
        <ele>448.20001220703125</ele>
        <time>2026-09-12T12:19:06.000Z</time>
        <extensions>
          <ns3:TrackPointExtension>
            <ns3:hr>137</ns3:hr>
            <ns3:cad>86</ns3:cad>
          </ns3:TrackPointExtension>
        </extensions>
      </trkpt>
      <trkpt lat="34.17798777110874652862548828125" lon="108.9348144829273223876953125">
        <ele>448.20001220703125</ele>
        <time>2026-09-12T12:19:07.000Z</time>
        <extensions>
          <ns3:TrackPointExtension>
            <ns3:hr>137</ns3:hr>
            <ns3:cad>87</ns3:cad>
          </ns3:TrackPointExtension>
        </extensions>
      </trkpt>
      <trkpt lat="34.17801082134246826171875" lon="108.93481808714568614959716796875">
        <ele>448.20001220703125</ele>
        <time>2026-09-12T12:19:08.000Z</time>
        <extensions>
          <ns3:TrackPointExtension>
            <ns3:hr>137</ns3:hr>
            <ns3:cad>87</ns3:cad>
          </ns3:TrackPointExtension>
        </extensions>
      </trkpt>
      <trkpt lat="34.1780314408242702484130859375" lon="108.93481775186955928802490234375">
        <ele>448.20001220703125</ele>
        <time>2026-09-12T12:19:09.000Z</time>
        <extensions>
          <ns3:TrackPointExtension>
            <ns3:hr>137</ns3:hr>
            <ns3:cad>87</ns3:cad>
          </ns3:TrackPointExtension>
        </extensions>
      </trkpt>
      <trkpt lat="34.1780525632202625274658203125" lon="108.93481758423149585723876953125">
        <ele>448</ele>
        <time>2026-09-12T12:19:10.000Z</time>
        <extensions>
          <ns3:TrackPointExtension>
            <ns3:hr>137</ns3:hr>
            <ns3:cad>85</ns3:cad>
          </ns3:TrackPointExtension>
        </extensions>
      </trkpt>
      <trkpt lat="34.1780666448175907135009765625" lon="108.934816829860210418701171875">
        <ele>447.79998779296875</ele>
        <time>2026-09-12T12:19:11.000Z</time>
        <extensions>
          <ns3:TrackPointExtension>
            <ns3:hr>137</ns3:hr>
            <ns3:cad>84</ns3:cad>
          </ns3:TrackPointExtension>
        </extensions>
      </trkpt>
      <trkpt lat="34.1780931316316127777099609375" lon="108.93481875769793987274169921875">
        <ele>447.600006103515625</ele>
        <time>2026-09-12T12:19:12.000Z</time>
        <extensions>
          <ns3:TrackPointExtension>
            <ns3:hr>137</ns3:hr>
            <ns3:cad>84</ns3:cad>
          </ns3:TrackPointExtension>
        </extensions>
      </trkpt>
      <trkpt lat="34.17811266146600246429443359375" lon="108.934816159307956695556640625">
        <ele>447.399993896484375</ele>
        <time>2026-09-12T12:19:13.000Z</time>
        <extensions>
          <ns3:TrackPointExtension>
            <ns3:hr>136</ns3:hr>
            <ns3:cad>84</ns3:cad>
          </ns3:TrackPointExtension>
        </extensions>
      </trkpt>
      <trkpt lat="34.17813428677618503570556640625" lon="108.93481104634702205657958984375">
        <ele>447.399993896484375</ele>
        <time>2026-09-12T12:19:14.000Z</time>
        <extensions>
          <ns3:TrackPointExtension>
            <ns3:hr>137</ns3:hr>
            <ns3:cad>84</ns3:cad>
          </ns3:TrackPointExtension>
        </extensions>
      </trkpt>
      <trkpt lat="34.17815892957150936126708984375" lon="108.9348076097667217254638671875">
        <ele>447.20001220703125</ele>
        <time>2026-09-12T12:19:15.000Z</time>
        <extensions>
          <ns3:TrackPointExtension>
            <ns3:hr>137</ns3:hr>
            <ns3:cad>85</ns3:cad>
          </ns3:TrackPointExtension>
        </extensions>
      </trkpt>
      <trkpt lat="34.17818005196750164031982421875" lon="108.9348010718822479248046875">
        <ele>447</ele>
        <time>2026-09-12T12:19:16.000Z</time>
        <extensions>
          <ns3:TrackPointExtension>
            <ns3:hr>137</ns3:hr>
            <ns3:cad>86</ns3:cad>
          </ns3:TrackPointExtension>
        </extensions>
      </trkpt>
      <trkpt lat="34.17820452712476253509521484375" lon="108.934800066053867340087890625">
        <ele>447</ele>
        <time>2026-09-12T12:19:17.000Z</time>
        <extensions>
          <ns3:TrackPointExtension>
            <ns3:hr>137</ns3:hr>
            <ns3:cad>86</ns3:cad>
          </ns3:TrackPointExtension>
        </extensions>
      </trkpt>
      <trkpt lat="34.178225062787532806396484375" lon="108.93479646183550357818603515625">
        <ele>446.79998779296875</ele>
        <time>2026-09-12T12:19:18.000Z</time>
        <extensions>
          <ns3:TrackPointExtension>
            <ns3:hr>136</ns3:hr>
            <ns3:cad>86</ns3:cad>
          </ns3:TrackPointExtension>
        </extensions>
      </trkpt>
      <trkpt lat="34.178250543773174285888671875" lon="108.93479771912097930908203125">
        <ele>446.79998779296875</ele>
        <time>2026-09-12T12:19:19.000Z</time>
        <extensions>
          <ns3:TrackPointExtension>
            <ns3:hr>137</ns3:hr>
            <ns3:cad>86</ns3:cad>
          </ns3:TrackPointExtension>
        </extensions>
      </trkpt>
      <trkpt lat="34.1782701574265956878662109375" lon="108.93479679711163043975830078125">
        <ele>446.600006103515625</ele>
        <time>2026-09-12T12:19:20.000Z</time>
        <extensions>
          <ns3:TrackPointExtension>
            <ns3:hr>137</ns3:hr>
            <ns3:cad>86</ns3:cad>
          </ns3:TrackPointExtension>
        </extensions>
      </trkpt>
      <trkpt lat="34.17829706333577632904052734375" lon="108.934796042740345001220703125">
        <ele>446.600006103515625</ele>
        <time>2026-09-12T12:19:21.000Z</time>
        <extensions>
          <ns3:TrackPointExtension>
            <ns3:hr>136</ns3:hr>
            <ns3:cad>86</ns3:cad>
          </ns3:TrackPointExtension>
        </extensions>
      </trkpt>
      <trkpt lat="34.17831885628402233123779296875" lon="108.93479210324585437774658203125">
        <ele>446.399993896484375</ele>
        <time>2026-09-12T12:19:22.000Z</time>
        <extensions>
          <ns3:TrackPointExtension>
            <ns3:hr>137</ns3:hr>
            <ns3:cad>86</ns3:cad>
          </ns3:TrackPointExtension>
        </extensions>
      </trkpt>
      <trkpt lat="34.17834400199353694915771484375" lon="108.9347908459603786468505859375">
        <ele>446.399993896484375</ele>
        <time>2026-09-12T12:19:23.000Z</time>
        <extensions>
          <ns3:TrackPointExtension>
            <ns3:hr>137</ns3:hr>
            <ns3:cad>86</ns3:cad>
          </ns3:TrackPointExtension>
        </extensions>
      </trkpt>
      <trkpt lat="34.1783653758466243743896484375" lon="108.93478858284652233123779296875">
        <ele>446.20001220703125</ele>
        <time>2026-09-12T12:19:24.000Z</time>
        <extensions>
          <ns3:TrackPointExtension>
            <ns3:hr>136</ns3:hr>
            <ns3:cad>86</ns3:cad>
          </ns3:TrackPointExtension>
        </extensions>
      </trkpt>
      <trkpt lat="34.17838892899453639984130859375" lon="108.93478430807590484619140625">
        <ele>446.20001220703125</ele>
        <time>2026-09-12T12:19:25.000Z</time>
        <extensions>
          <ns3:TrackPointExtension>
            <ns3:hr>137</ns3:hr>
            <ns3:cad>86</ns3:cad>
          </ns3:TrackPointExtension>
        </extensions>
      </trkpt>
      <trkpt lat="34.1784123145043849945068359375" lon="108.93478833138942718505859375">
        <ele>446</ele>
        <time>2026-09-12T12:19:26.000Z</time>
        <extensions>
          <ns3:TrackPointExtension>
            <ns3:hr>136</ns3:hr>
            <ns3:cad>86</ns3:cad>
          </ns3:TrackPointExtension>
        </extensions>
      </trkpt>
      <trkpt lat="34.1784331016242504119873046875" lon="108.934783637523651123046875">
        <ele>445.79998779296875</ele>
        <time>2026-09-12T12:19:27.000Z</time>
        <extensions>
          <ns3:TrackPointExtension>
            <ns3:hr>136</ns3:hr>
            <ns3:cad>86</ns3:cad>
          </ns3:TrackPointExtension>
        </extensions>
      </trkpt>
      <trkpt lat="34.17845330201089382171630859375" lon="108.9347861520946025848388671875">
        <ele>445.600006103515625</ele>
        <time>2026-09-12T12:19:28.000Z</time>
        <extensions>
          <ns3:TrackPointExtension>
            <ns3:hr>136</ns3:hr>
            <ns3:cad>87</ns3:cad>
          </ns3:TrackPointExtension>
        </extensions>
      </trkpt>
      <trkpt lat="34.1784729994833469390869140625" lon="108.9347827993333339691162109375">
        <ele>445.600006103515625</ele>
        <time>2026-09-12T12:19:29.000Z</time>
        <extensions>
          <ns3:TrackPointExtension>
            <ns3:hr>137</ns3:hr>
            <ns3:cad>87</ns3:cad>
          </ns3:TrackPointExtension>
        </extensions>
      </trkpt>
      <trkpt lat="34.17850174941122531890869140625" lon="108.9347895048558712005615234375">
        <ele>445.399993896484375</ele>
        <time>2026-09-12T12:19:30.000Z</time>
        <extensions>
          <ns3:TrackPointExtension>
            <ns3:hr>136</ns3:hr>
            <ns3:cad>87</ns3:cad>
          </ns3:TrackPointExtension>
        </extensions>
      </trkpt>
      <trkpt lat="34.1785202734172344207763671875" lon="108.934786655008792877197265625">
        <ele>445.20001220703125</ele>
        <time>2026-09-12T12:19:31.000Z</time>
        <extensions>
          <ns3:TrackPointExtension>
            <ns3:hr>136</ns3:hr>
            <ns3:cad>87</ns3:cad>
          </ns3:TrackPointExtension>
        </extensions>
      </trkpt>
      <trkpt lat="34.17855019681155681610107421875" lon="108.9347804524004459381103515625">
        <ele>445.20001220703125</ele>
        <time>2026-09-12T12:19:32.000Z</time>
        <extensions>
          <ns3:TrackPointExtension>
            <ns3:hr>136</ns3:hr>
            <ns3:cad>87</ns3:cad>
          </ns3:TrackPointExtension>
        </extensions>
      </trkpt>
      <trkpt lat="34.17857198975980281829833984375" lon="108.9347797818481922149658203125">
        <ele>445</ele>
        <time>2026-09-12T12:19:33.000Z</time>
        <extensions>
          <ns3:TrackPointExtension>
            <ns3:hr>136</ns3:hr>
            <ns3:cad>87</ns3:cad>
          </ns3:TrackPointExtension>
        </extensions>
      </trkpt>
      <trkpt lat="34.1785942018032073974609375" lon="108.93477634526789188385009765625">
        <ele>444.79998779296875</ele>
        <time>2026-09-12T12:19:34.000Z</time>
        <extensions>
          <ns3:TrackPointExtension>
            <ns3:hr>136</ns3:hr>
            <ns3:cad>87</ns3:cad>
          </ns3:TrackPointExtension>
        </extensions>
      </trkpt>
      <trkpt lat="34.178615324199199676513671875" lon="108.93477751873433589935302734375">
        <ele>444.79998779296875</ele>
        <time>2026-09-12T12:19:35.000Z</time>
        <extensions>
          <ns3:TrackPointExtension>
            <ns3:hr>136</ns3:hr>
            <ns3:cad>87</ns3:cad>
          </ns3:TrackPointExtension>
        </extensions>
      </trkpt>
      <trkpt lat="34.17863753624260425567626953125" lon="108.93477533943951129913330078125">
        <ele>444.600006103515625</ele>
        <time>2026-09-12T12:19:36.000Z</time>
        <extensions>
          <ns3:TrackPointExtension>
            <ns3:hr>135</ns3:hr>
            <ns3:cad>87</ns3:cad>
          </ns3:TrackPointExtension>
        </extensions>
      </trkpt>
      <trkpt lat="34.17866528034210205078125" lon="108.93477852456271648406982421875">
        <ele>444.600006103515625</ele>
        <time>2026-09-12T12:19:37.000Z</time>
        <extensions>
          <ns3:TrackPointExtension>
            <ns3:hr>136</ns3:hr>
            <ns3:cad>86</ns3:cad>
          </ns3:TrackPointExtension>
        </extensions>
      </trkpt>
      <trkpt lat="34.17868665419518947601318359375" lon="108.93477735109627246856689453125">
        <ele>444.399993896484375</ele>
        <time>2026-09-12T12:19:38.000Z</time>
        <extensions>
          <ns3:TrackPointExtension>
            <ns3:hr>136</ns3:hr>
            <ns3:cad>86</ns3:cad>
          </ns3:TrackPointExtension>
        </extensions>
      </trkpt>
      <trkpt lat="34.1787177510559558868408203125" lon="108.93477718345820903778076171875">
        <ele>444.20001220703125</ele>
        <time>2026-09-12T12:19:39.000Z</time>
        <extensions>
          <ns3:TrackPointExtension>
            <ns3:hr>135</ns3:hr>
            <ns3:cad>86</ns3:cad>
          </ns3:TrackPointExtension>
        </extensions>
      </trkpt>
      <trkpt lat="34.17873878963291645050048828125" lon="108.93477366305887699127197265625">
        <ele>444.20001220703125</ele>
        <time>2026-09-12T12:19:40.000Z</time>
        <extensions>
          <ns3:TrackPointExtension>
            <ns3:hr>135</ns3:hr>
            <ns3:cad>86</ns3:cad>
          </ns3:TrackPointExtension>
        </extensions>
      </trkpt>
      <trkpt lat="34.17876125313341617584228515625" lon="108.93476863391697406768798828125">
        <ele>444</ele>
        <time>2026-09-12T12:19:41.000Z</time>
        <extensions>
          <ns3:TrackPointExtension>
            <ns3:hr>135</ns3:hr>
            <ns3:cad>86</ns3:cad>
          </ns3:TrackPointExtension>
        </extensions>
      </trkpt>
      <trkpt lat="34.17877994477748870849609375" lon="108.93476645462214946746826171875">
        <ele>443.79998779296875</ele>
        <time>2026-09-12T12:19:42.000Z</time>
        <extensions>
          <ns3:TrackPointExtension>
            <ns3:hr>136</ns3:hr>
            <ns3:cad>86</ns3:cad>
          </ns3:TrackPointExtension>
        </extensions>
      </trkpt>
      <trkpt lat="34.1787993907928466796875" lon="108.93476142548024654388427734375">
        <ele>443.600006103515625</ele>
        <time>2026-09-12T12:19:43.000Z</time>
        <extensions>
          <ns3:TrackPointExtension>
            <ns3:hr>135</ns3:hr>
            <ns3:cad>86</ns3:cad>
          </ns3:TrackPointExtension>
        </extensions>
      </trkpt>
      <trkpt lat="34.17882554233074188232421875" lon="108.93475840799510478973388671875">
        <ele>443.399993896484375</ele>
        <time>2026-09-12T12:19:44.000Z</time>
        <extensions>
          <ns3:TrackPointExtension>
            <ns3:hr>135</ns3:hr>
            <ns3:cad>86</ns3:cad>
          </ns3:TrackPointExtension>
        </extensions>
      </trkpt>
      <trkpt lat="34.17884641326963901519775390625" lon="108.934755139052867889404296875">
        <ele>443.399993896484375</ele>
        <time>2026-09-12T12:19:45.000Z</time>
        <extensions>
          <ns3:TrackPointExtension>
            <ns3:hr>136</ns3:hr>
            <ns3:cad>86</ns3:cad>
          </ns3:TrackPointExtension>
        </extensions>
      </trkpt>
      <trkpt lat="34.1788731515407562255859375" lon="108.93475748598575592041015625">
        <ele>443.20001220703125</ele>
        <time>2026-09-12T12:19:46.000Z</time>
        <extensions>
          <ns3:TrackPointExtension>
            <ns3:hr>135</ns3:hr>
            <ns3:cad>86</ns3:cad>
          </ns3:TrackPointExtension>
        </extensions>
      </trkpt>
      <trkpt lat="34.178894944489002227783203125" lon="108.9347579888999462127685546875">
        <ele>443</ele>
        <time>2026-09-12T12:19:47.000Z</time>
        <extensions>
          <ns3:TrackPointExtension>
            <ns3:hr>135</ns3:hr>
            <ns3:cad>86</ns3:cad>
          </ns3:TrackPointExtension>
        </extensions>
      </trkpt>
      <trkpt lat="34.17891807854175567626953125" lon="108.93475304357707500457763671875">
        <ele>443</ele>
        <time>2026-09-12T12:19:48.000Z</time>
        <extensions>
          <ns3:TrackPointExtension>
            <ns3:hr>135</ns3:hr>
            <ns3:cad>86</ns3:cad>
          </ns3:TrackPointExtension>
        </extensions>
      </trkpt>
      <trkpt lat="34.17894012294709682464599609375" lon="108.9347541332244873046875">
        <ele>442.79998779296875</ele>
        <time>2026-09-12T12:19:49.000Z</time>
        <extensions>
          <ns3:TrackPointExtension>
            <ns3:hr>136</ns3:hr>
            <ns3:cad>86</ns3:cad>
          </ns3:TrackPointExtension>
        </extensions>
      </trkpt>
      <trkpt lat="34.1789643466472625732421875" lon="108.9347499422729015350341796875">
        <ele>442.600006103515625</ele>
        <time>2026-09-12T12:19:50.000Z</time>
        <extensions>
          <ns3:TrackPointExtension>
            <ns3:hr>135</ns3:hr>
            <ns3:cad>86</ns3:cad>
          </ns3:TrackPointExtension>
        </extensions>
      </trkpt>
      <trkpt lat="34.17898924089968204498291015625" lon="108.9347519539296627044677734375">
        <ele>442.399993896484375</ele>
        <time>2026-09-12T12:19:51.000Z</time>
        <extensions>
          <ns3:TrackPointExtension>
            <ns3:hr>136</ns3:hr>
            <ns3:cad>86</ns3:cad>
          </ns3:TrackPointExtension>
        </extensions>
      </trkpt>
      <trkpt lat="34.1790084354579448699951171875" lon="108.9347610063850879669189453125">
        <ele>442.399993896484375</ele>
        <time>2026-09-12T12:19:52.000Z</time>
        <extensions>
          <ns3:TrackPointExtension>
            <ns3:hr>136</ns3:hr>
            <ns3:cad>87</ns3:cad>
          </ns3:TrackPointExtension>
        </extensions>
      </trkpt>
      <trkpt lat="34.179035760462284088134765625" lon="108.9347643591463565826416015625">
        <ele>442.20001220703125</ele>
        <time>2026-09-12T12:19:53.000Z</time>
        <extensions>
          <ns3:TrackPointExtension>
            <ns3:hr>136</ns3:hr>
            <ns3:cad>87</ns3:cad>
          </ns3:TrackPointExtension>
        </extensions>
      </trkpt>
      <trkpt lat="34.179055877029895782470703125" lon="108.93476712517440319061279296875">
        <ele>442</ele>
        <time>2026-09-12T12:19:54.000Z</time>
        <extensions>
          <ns3:TrackPointExtension>
            <ns3:hr>136</ns3:hr>
            <ns3:cad>87</ns3:cad>
          </ns3:TrackPointExtension>
        </extensions>
      </trkpt>
      <trkpt lat="34.1790791787207126617431640625" lon="108.9347670413553714752197265625">
        <ele>442</ele>
        <time>2026-09-12T12:19:55.000Z</time>
        <extensions>
          <ns3:TrackPointExtension>
            <ns3:hr>136</ns3:hr>
            <ns3:cad>87</ns3:cad>
          </ns3:TrackPointExtension>
        </extensions>
      </trkpt>
      <trkpt lat="34.17910373769700527191162109375" lon="108.93476427532732486724853515625">
        <ele>441.79998779296875</ele>
        <time>2026-09-12T12:19:56.000Z</time>
        <extensions>
          <ns3:TrackPointExtension>
            <ns3:hr>136</ns3:hr>
            <ns3:cad>87</ns3:cad>
          </ns3:TrackPointExtension>
        </extensions>
      </trkpt>
      <trkpt lat="34.1791254468262195587158203125" lon="108.9347687177360057830810546875">
        <ele>441.79998779296875</ele>
        <time>2026-09-12T12:19:57.000Z</time>
        <extensions>
          <ns3:TrackPointExtension>
            <ns3:hr>135</ns3:hr>
            <ns3:cad>85</ns3:cad>
          </ns3:TrackPointExtension>
        </extensions>
      </trkpt>
      <trkpt lat="34.17915880680084228515625" lon="108.93477684818208217620849609375">
        <ele>441.600006103515625</ele>
        <time>2026-09-12T12:19:58.000Z</time>
        <extensions>
          <ns3:TrackPointExtension>
            <ns3:hr>136</ns3:hr>
            <ns3:cad>85</ns3:cad>
          </ns3:TrackPointExtension>
        </extensions>
      </trkpt>
      <trkpt lat="34.1791834495961666107177734375" lon="108.93477953039109706878662109375">
        <ele>441.399993896484375</ele>
        <time>2026-09-12T12:19:59.000Z</time>
        <extensions>
          <ns3:TrackPointExtension>
            <ns3:hr>136</ns3:hr>
            <ns3:cad>85</ns3:cad>
          </ns3:TrackPointExtension>
        </extensions>
      </trkpt>
      <trkpt lat="34.17921571992337703704833984375" lon="108.93478539772331714630126953125">
        <ele>441.399993896484375</ele>
        <time>2026-09-12T12:20:00.000Z</time>
        <extensions>
          <ns3:TrackPointExtension>
            <ns3:hr>136</ns3:hr>
            <ns3:cad>86</ns3:cad>
          </ns3:TrackPointExtension>
        </extensions>
      </trkpt>
      <trkpt lat="34.179242290556430816650390625" lon="108.9347888343036174774169921875">
        <ele>441.20001220703125</ele>
        <time>2026-09-12T12:20:01.000Z</time>
        <extensions>
          <ns3:TrackPointExtension>
            <ns3:hr>136</ns3:hr>
            <ns3:cad>86</ns3:cad>
          </ns3:TrackPointExtension>
        </extensions>
      </trkpt>
      <trkpt lat="34.17927238158881664276123046875" lon="108.93478564918041229248046875">
        <ele>441</ele>
        <time>2026-09-12T12:20:02.000Z</time>
        <extensions>
          <ns3:TrackPointExtension>
            <ns3:hr>135</ns3:hr>
            <ns3:cad>86</ns3:cad>
          </ns3:TrackPointExtension>
        </extensions>
      </trkpt>
      <trkpt lat="34.17929618619382381439208984375" lon="108.9347851462662220001220703125">
        <ele>441</ele>
        <time>2026-09-12T12:20:03.000Z</time>
        <extensions>
          <ns3:TrackPointExtension>
            <ns3:hr>136</ns3:hr>
            <ns3:cad>86</ns3:cad>
          </ns3:TrackPointExtension>
        </extensions>
      </trkpt>
      <trkpt lat="34.1793199069797992706298828125" lon="108.9347796142101287841796875">
        <ele>440.79998779296875</ele>
        <time>2026-09-12T12:20:04.000Z</time>
        <extensions>
          <ns3:TrackPointExtension>
            <ns3:hr>136</ns3:hr>
            <ns3:cad>86</ns3:cad>
          </ns3:TrackPointExtension>
        </extensions>
      </trkpt>
      <trkpt lat="34.179342202842235565185546875" lon="108.9347764290869235992431640625">
        <ele>440.79998779296875</ele>
        <time>2026-09-12T12:20:05.000Z</time>
        <extensions>
          <ns3:TrackPointExtension>
            <ns3:hr>136</ns3:hr>
            <ns3:cad>86</ns3:cad>
          </ns3:TrackPointExtension>
        </extensions>
      </trkpt>
      <trkpt lat="34.17936055921018123626708984375" lon="108.934773914515972137451171875">
        <ele>440.79998779296875</ele>
        <time>2026-09-12T12:20:06.000Z</time>
        <extensions>
          <ns3:TrackPointExtension>
            <ns3:hr>136</ns3:hr>
            <ns3:cad>86</ns3:cad>
          </ns3:TrackPointExtension>
        </extensions>
      </trkpt>
      <trkpt lat="34.17938738130033016204833984375" lon="108.934769891202449798583984375">
        <ele>440.600006103515625</ele>
        <time>2026-09-12T12:20:07.000Z</time>
        <extensions>
          <ns3:TrackPointExtension>
            <ns3:hr>136</ns3:hr>
            <ns3:cad>86</ns3:cad>
          </ns3:TrackPointExtension>
        </extensions>
      </trkpt>
      <trkpt lat="34.17941018007695674896240234375" lon="108.93476645462214946746826171875">
        <ele>440.600006103515625</ele>
        <time>2026-09-12T12:20:08.000Z</time>
        <extensions>
          <ns3:TrackPointExtension>
            <ns3:hr>136</ns3:hr>
            <ns3:cad>85</ns3:cad>
          </ns3:TrackPointExtension>
        </extensions>
      </trkpt>
      <trkpt lat="34.17943616397678852081298828125" lon="108.9347742497920989990234375">
        <ele>440.399993896484375</ele>
        <time>2026-09-12T12:20:09.000Z</time>
        <extensions>
          <ns3:TrackPointExtension>
            <ns3:hr>136</ns3:hr>
            <ns3:cad>85</ns3:cad>
          </ns3:TrackPointExtension>
        </extensions>
      </trkpt>
      <trkpt lat="34.17945913039147853851318359375" lon="108.93478296697139739990234375">
        <ele>440.20001220703125</ele>
        <time>2026-09-12T12:20:10.000Z</time>
        <extensions>
          <ns3:TrackPointExtension>
            <ns3:hr>136</ns3:hr>
            <ns3:cad>85</ns3:cad>
          </ns3:TrackPointExtension>
        </extensions>
      </trkpt>
      <trkpt lat="34.1794751398265361785888671875" lon="108.93478321842849254608154296875">
        <ele>440</ele>
        <time>2026-09-12T12:20:11.000Z</time>
        <extensions>
          <ns3:TrackPointExtension>
            <ns3:hr>136</ns3:hr>
            <ns3:cad>84</ns3:cad>
          </ns3:TrackPointExtension>
        </extensions>
      </trkpt>
      <trkpt lat="34.1794962622225284576416015625" lon="108.93478590063750743865966796875">
        <ele>440</ele>
        <time>2026-09-12T12:20:12.000Z</time>
        <extensions>
          <ns3:TrackPointExtension>
            <ns3:hr>135</ns3:hr>
            <ns3:cad>84</ns3:cad>
          </ns3:TrackPointExtension>
        </extensions>
      </trkpt>
      <trkpt lat="34.179508499801158905029296875" lon="108.93478254787623882293701171875">
        <ele>439.79998779296875</ele>
        <time>2026-09-12T12:20:13.000Z</time>
        <extensions>
          <ns3:TrackPointExtension>
            <ns3:hr>136</ns3:hr>
            <ns3:cad>84</ns3:cad>
          </ns3:TrackPointExtension>
        </extensions>
      </trkpt>
      <trkpt lat="34.17952484451234340667724609375" lon="108.93477450124919414520263671875">
        <ele>439.79998779296875</ele>
        <time>2026-09-12T12:20:14.000Z</time>
        <extensions>
          <ns3:TrackPointExtension>
            <ns3:hr>136</ns3:hr>
            <ns3:cad>84</ns3:cad>
          </ns3:TrackPointExtension>
        </extensions>
      </trkpt>
      <trkpt lat="34.17954227887094020843505859375" lon="108.93476997502148151397705078125">
        <ele>439.79998779296875</ele>
        <time>2026-09-12T12:20:15.000Z</time>
        <extensions>
          <ns3:TrackPointExtension>
            <ns3:hr>135</ns3:hr>
            <ns3:cad>84</ns3:cad>
          </ns3:TrackPointExtension>
        </extensions>
      </trkpt>
      <trkpt lat="34.179563820362091064453125" lon="108.93476611934602260589599609375">
        <ele>439.79998779296875</ele>
        <time>2026-09-12T12:20:16.000Z</time>
        <extensions>
          <ns3:TrackPointExtension>
            <ns3:hr>135</ns3:hr>
            <ns3:cad>85</ns3:cad>
          </ns3:TrackPointExtension>
        </extensions>
      </trkpt>
      <trkpt lat="34.179586283862590789794921875" lon="108.9347643591463565826416015625">
        <ele>439.79998779296875</ele>
        <time>2026-09-12T12:20:17.000Z</time>
        <extensions>
          <ns3:TrackPointExtension>
            <ns3:hr>135</ns3:hr>
            <ns3:cad>84</ns3:cad>
          </ns3:TrackPointExtension>
        </extensions>
      </trkpt>
      <trkpt lat="34.1796055622398853302001953125" lon="108.93476276658475399017333984375">
        <ele>439.79998779296875</ele>
        <time>2026-09-12T12:20:18.000Z</time>
        <extensions>
          <ns3:TrackPointExtension>
            <ns3:hr>135</ns3:hr>
            <ns3:cad>83</ns3:cad>
          </ns3:TrackPointExtension>
        </extensions>
      </trkpt>
      <trkpt lat="34.1796317137777805328369140625" lon="108.93476285040378570556640625">
        <ele>439.600006103515625</ele>
        <time>2026-09-12T12:20:19.000Z</time>
        <extensions>
          <ns3:TrackPointExtension>
            <ns3:hr>135</ns3:hr>
            <ns3:cad>83</ns3:cad>
          </ns3:TrackPointExtension>
        </extensions>
      </trkpt>
      <trkpt lat="34.17965040542185306549072265625" lon="108.934756815433502197265625">
        <ele>439.600006103515625</ele>
        <time>2026-09-12T12:20:20.000Z</time>
        <extensions>
          <ns3:TrackPointExtension>
            <ns3:hr>135</ns3:hr>
            <ns3:cad>83</ns3:cad>
          </ns3:TrackPointExtension>
        </extensions>
      </trkpt>
      <trkpt lat="34.17967580258846282958984375" lon="108.93475069664418697357177734375">
        <ele>439.600006103515625</ele>
        <time>2026-09-12T12:20:21.000Z</time>
        <extensions>
          <ns3:TrackPointExtension>
            <ns3:hr>135</ns3:hr>
            <ns3:cad>85</ns3:cad>
          </ns3:TrackPointExtension>
        </extensions>
      </trkpt>
      <trkpt lat="34.17969935573637485504150390625" lon="108.9347475953400135040283203125">
        <ele>439.600006103515625</ele>
        <time>2026-09-12T12:20:22.000Z</time>
        <extensions>
          <ns3:TrackPointExtension>
            <ns3:hr>135</ns3:hr>
            <ns3:cad>86</ns3:cad>
          </ns3:TrackPointExtension>
        </extensions>
      </trkpt>
      <trkpt lat="34.1797172091901302337646484375" lon="108.93473627977073192596435546875">
        <ele>439.600006103515625</ele>
        <time>2026-09-12T12:20:23.000Z</time>
        <extensions>
          <ns3:TrackPointExtension>
            <ns3:hr>135</ns3:hr>
            <ns3:cad>86</ns3:cad>
          </ns3:TrackPointExtension>
        </extensions>
      </trkpt>
      <trkpt lat="34.17974361218512058258056640625" lon="108.934737704694271087646484375">
        <ele>439.399993896484375</ele>
        <time>2026-09-12T12:20:24.000Z</time>
        <extensions>
          <ns3:TrackPointExtension>
            <ns3:hr>135</ns3:hr>
            <ns3:cad>86</ns3:cad>
          </ns3:TrackPointExtension>
        </extensions>
      </trkpt>
      <trkpt lat="34.1797661595046520233154296875" lon="108.93473544158041477203369140625">
        <ele>439.399993896484375</ele>
        <time>2026-09-12T12:20:25.000Z</time>
        <extensions>
          <ns3:TrackPointExtension>
            <ns3:hr>135</ns3:hr>
            <ns3:cad>86</ns3:cad>
          </ns3:TrackPointExtension>
        </extensions>
      </trkpt>
      <trkpt lat="34.17978971265256404876708984375" lon="108.9347375370562076568603515625">
        <ele>439.399993896484375</ele>
        <time>2026-09-12T12:20:26.000Z</time>
        <extensions>
          <ns3:TrackPointExtension>
            <ns3:hr>135</ns3:hr>
            <ns3:cad>86</ns3:cad>
          </ns3:TrackPointExtension>
        </extensions>
      </trkpt>
      <trkpt lat="34.17980681173503398895263671875" lon="108.93473980017006397247314453125">
        <ele>439.399993896484375</ele>
        <time>2026-09-12T12:20:27.000Z</time>
        <extensions>
          <ns3:TrackPointExtension>
            <ns3:hr>135</ns3:hr>
            <ns3:cad>86</ns3:cad>
          </ns3:TrackPointExtension>
        </extensions>
      </trkpt>
      <trkpt lat="34.1798265092074871063232421875" lon="108.93474013544619083404541015625">
        <ele>439.399993896484375</ele>
        <time>2026-09-12T12:20:28.000Z</time>
        <extensions>
          <ns3:TrackPointExtension>
            <ns3:hr>135</ns3:hr>
            <ns3:cad>85</ns3:cad>
          </ns3:TrackPointExtension>
        </extensions>
      </trkpt>
      <trkpt lat="34.17985014617443084716796875" lon="108.9347375370562076568603515625">
        <ele>439.399993896484375</ele>
        <time>2026-09-12T12:20:29.000Z</time>
        <extensions>
          <ns3:TrackPointExtension>
            <ns3:hr>135</ns3:hr>
            <ns3:cad>85</ns3:cad>
          </ns3:TrackPointExtension>
        </extensions>
      </trkpt>
      <trkpt lat="34.1798640601336956024169921875" lon="108.93473259173333644866943359375">
        <ele>439.399993896484375</ele>
        <time>2026-09-12T12:20:30.000Z</time>
        <extensions>
          <ns3:TrackPointExtension>
            <ns3:hr>135</ns3:hr>
            <ns3:cad>85</ns3:cad>
          </ns3:TrackPointExtension>
        </extensions>
      </trkpt>
      <trkpt lat="34.17988912202417850494384765625" lon="108.93473058007657527923583984375">
        <ele>439.20001220703125</ele>
        <time>2026-09-12T12:20:31.000Z</time>
        <extensions>
          <ns3:TrackPointExtension>
            <ns3:hr>135</ns3:hr>
            <ns3:cad>85</ns3:cad>
          </ns3:TrackPointExtension>
        </extensions>
      </trkpt>
      <trkpt lat="34.17990672402083873748779296875" lon="108.9347281493246555328369140625">
        <ele>439.20001220703125</ele>
        <time>2026-09-12T12:20:32.000Z</time>
        <extensions>
          <ns3:TrackPointExtension>
            <ns3:hr>135</ns3:hr>
            <ns3:cad>85</ns3:cad>
          </ns3:TrackPointExtension>
        </extensions>
      </trkpt>
      <trkpt lat="34.17992482893168926239013671875" lon="108.9347298257052898406982421875">
        <ele>439.20001220703125</ele>
        <time>2026-09-12T12:20:33.000Z</time>
        <extensions>
          <ns3:TrackPointExtension>
            <ns3:hr>136</ns3:hr>
            <ns3:cad>84</ns3:cad>
          </ns3:TrackPointExtension>
        </extensions>
      </trkpt>
      <trkpt lat="34.17994226329028606414794921875" lon="108.934729658067226409912109375">
        <ele>439.20001220703125</ele>
        <time>2026-09-12T12:20:34.000Z</time>
        <extensions>
          <ns3:TrackPointExtension>
            <ns3:hr>136</ns3:hr>
            <ns3:cad>84</ns3:cad>
          </ns3:TrackPointExtension>
        </extensions>
      </trkpt>
      <trkpt lat="34.17996154166758060455322265625" lon="108.93473326228559017181396484375">
        <ele>439.20001220703125</ele>
        <time>2026-09-12T12:20:35.000Z</time>
        <extensions>
          <ns3:TrackPointExtension>
            <ns3:hr>135</ns3:hr>
            <ns3:cad>84</ns3:cad>
          </ns3:TrackPointExtension>
        </extensions>
      </trkpt>
      <trkpt lat="34.17998199351131916046142578125" lon="108.934736363589763641357421875">
        <ele>439.20001220703125</ele>
        <time>2026-09-12T12:20:36.000Z</time>
        <extensions>
          <ns3:TrackPointExtension>
            <ns3:hr>135</ns3:hr>
            <ns3:cad>84</ns3:cad>
          </ns3:TrackPointExtension>
        </extensions>
      </trkpt>
      <trkpt lat="34.180000685155391693115234375" lon="108.93473896197974681854248046875">
        <ele>439.20001220703125</ele>
        <time>2026-09-12T12:20:37.000Z</time>
        <extensions>
          <ns3:TrackPointExtension>
            <ns3:hr>135</ns3:hr>
            <ns3:cad>83</ns3:cad>
          </ns3:TrackPointExtension>
        </extensions>
      </trkpt>
      <trkpt lat="34.180016107857227325439453125" lon="108.93474130891263484954833984375">
        <ele>439</ele>
        <time>2026-09-12T12:20:38.000Z</time>
        <extensions>
          <ns3:TrackPointExtension>
            <ns3:hr>136</ns3:hr>
            <ns3:cad>83</ns3:cad>
          </ns3:TrackPointExtension>
        </extensions>
      </trkpt>
      <trkpt lat="34.1800350509583950042724609375" lon="108.93475991673767566680908203125">
        <ele>439</ele>
        <time>2026-09-12T12:20:39.000Z</time>
        <extensions>
          <ns3:TrackPointExtension>
            <ns3:hr>135</ns3:hr>
            <ns3:cad>83</ns3:cad>
          </ns3:TrackPointExtension>
        </extensions>
      </trkpt>
      <trkpt lat="34.1800506412982940673828125" lon="108.934772573411464691162109375">
        <ele>439</ele>
        <time>2026-09-12T12:20:40.000Z</time>
        <extensions>
          <ns3:TrackPointExtension>
            <ns3:hr>135</ns3:hr>
            <ns3:cad>83</ns3:cad>
          </ns3:TrackPointExtension>
        </extensions>
      </trkpt>
      <trkpt lat="34.18006128631532192230224609375" lon="108.93479981459677219390869140625">
        <ele>438.79998779296875</ele>
        <time>2026-09-12T12:20:41.000Z</time>
        <extensions>
          <ns3:TrackPointExtension>
            <ns3:hr>135</ns3:hr>
            <ns3:cad>83</ns3:cad>
          </ns3:TrackPointExtension>
        </extensions>
      </trkpt>
      <trkpt lat="34.180068075656890869140625" lon="108.934825547039508819580078125">
        <ele>438.79998779296875</ele>
        <time>2026-09-12T12:20:42.000Z</time>
        <extensions>
          <ns3:TrackPointExtension>
            <ns3:hr>136</ns3:hr>
            <ns3:cad>83</ns3:cad>
          </ns3:TrackPointExtension>
        </extensions>
      </trkpt>
      <trkpt lat="34.18007536791265010833740234375" lon="108.93484239466488361358642578125">
        <ele>438.79998779296875</ele>
        <time>2026-09-12T12:20:43.000Z</time>
        <extensions>
          <ns3:TrackPointExtension>
            <ns3:hr>135</ns3:hr>
            <ns3:cad>83</ns3:cad>
          </ns3:TrackPointExtension>
        </extensions>
      </trkpt>
      <trkpt lat="34.180079810321331024169921875" lon="108.9348646067082881927490234375">
        <ele>438.79998779296875</ele>
        <time>2026-09-12T12:20:44.000Z</time>
        <extensions>
          <ns3:TrackPointExtension>
            <ns3:hr>135</ns3:hr>
            <ns3:cad>84</ns3:cad>
          </ns3:TrackPointExtension>
        </extensions>
      </trkpt>
      <trkpt lat="34.180075787007808685302734375" lon="108.93489369191229343414306640625">
        <ele>438.79998779296875</ele>
        <time>2026-09-12T12:20:45.000Z</time>
        <extensions>
          <ns3:TrackPointExtension>
            <ns3:hr>135</ns3:hr>
            <ns3:cad>84</ns3:cad>
          </ns3:TrackPointExtension>
        </extensions>
      </trkpt>
      <trkpt lat="34.18008106760680675506591796875" lon="108.934916742146015167236328125">
        <ele>438.79998779296875</ele>
        <time>2026-09-12T12:20:46.000Z</time>
        <extensions>
          <ns3:TrackPointExtension>
            <ns3:hr>135</ns3:hr>
            <ns3:cad>84</ns3:cad>
          </ns3:TrackPointExtension>
        </extensions>
      </trkpt>
      <trkpt lat="34.1800829954445362091064453125" lon="108.9349340088665485382080078125">
        <ele>438.79998779296875</ele>
        <time>2026-09-12T12:20:47.000Z</time>
        <extensions>
          <ns3:TrackPointExtension>
            <ns3:hr>135</ns3:hr>
            <ns3:cad>84</ns3:cad>
          </ns3:TrackPointExtension>
        </extensions>
      </trkpt>
      <trkpt lat="34.1800913773477077484130859375" lon="108.9349539577960968017578125">
        <ele>438.79998779296875</ele>
        <time>2026-09-12T12:20:48.000Z</time>
        <extensions>
          <ns3:TrackPointExtension>
            <ns3:hr>135</ns3:hr>
            <ns3:cad>83</ns3:cad>
          </ns3:TrackPointExtension>
        </extensions>
      </trkpt>
      <trkpt lat="34.18009816668927669525146484375" lon="108.93497181124985218048095703125">
        <ele>438.79998779296875</ele>
        <time>2026-09-12T12:20:49.000Z</time>
        <extensions>
          <ns3:TrackPointExtension>
            <ns3:hr>135</ns3:hr>
            <ns3:cad>83</ns3:cad>
          </ns3:TrackPointExtension>
        </extensions>
      </trkpt>
      <trkpt lat="34.18010805733501911163330078125" lon="108.93498706631362438201904296875">
        <ele>438.79998779296875</ele>
        <time>2026-09-12T12:20:50.000Z</time>
        <extensions>
          <ns3:TrackPointExtension>
            <ns3:hr>134</ns3:hr>
            <ns3:cad>83</ns3:cad>
          </ns3:TrackPointExtension>
        </extensions>
      </trkpt>
      <trkpt lat="34.18011040426790714263916015625" lon="108.93502076156437397003173828125">
        <ele>438.79998779296875</ele>
        <time>2026-09-12T12:20:51.000Z</time>
        <extensions>
          <ns3:TrackPointExtension>
            <ns3:hr>134</ns3:hr>
            <ns3:cad>83</ns3:cad>
          </ns3:TrackPointExtension>
        </extensions>
      </trkpt>
      <trkpt lat="34.18011576868593692779541015625" lon="108.93504288978874683380126953125">
        <ele>438.79998779296875</ele>
        <time>2026-09-12T12:20:52.000Z</time>
        <extensions>
          <ns3:TrackPointExtension>
            <ns3:hr>134</ns3:hr>
            <ns3:cad>83</ns3:cad>
          </ns3:TrackPointExtension>
        </extensions>
      </trkpt>
      <trkpt lat="34.18012599460780620574951171875" lon="108.9350781776010990142822265625">
        <ele>438.79998779296875</ele>
        <time>2026-09-12T12:20:53.000Z</time>
        <extensions>
          <ns3:TrackPointExtension>
            <ns3:hr>134</ns3:hr>
            <ns3:cad>83</ns3:cad>
          </ns3:TrackPointExtension>
        </extensions>
      </trkpt>
      <trkpt lat="34.1801369749009609222412109375" lon="108.9350992999970912933349609375">
        <ele>438.79998779296875</ele>
        <time>2026-09-12T12:20:54.000Z</time>
        <extensions>
          <ns3:TrackPointExtension>
            <ns3:hr>134</ns3:hr>
            <ns3:cad>82</ns3:cad>
          </ns3:TrackPointExtension>
        </extensions>
      </trkpt>
      <trkpt lat="34.18015616945922374725341796875" lon="108.935125283896923065185546875">
        <ele>438.79998779296875</ele>
        <time>2026-09-12T12:20:55.000Z</time>
        <extensions>
          <ns3:TrackPointExtension>
            <ns3:hr>134</ns3:hr>
            <ns3:cad>82</ns3:cad>
          </ns3:TrackPointExtension>
        </extensions>
      </trkpt>
      <trkpt lat="34.18016337789595127105712890625" lon="108.93515235744416713714599609375">
        <ele>438.79998779296875</ele>
        <time>2026-09-12T12:20:56.000Z</time>
        <extensions>
          <ns3:TrackPointExtension>
            <ns3:hr>134</ns3:hr>
            <ns3:cad>82</ns3:cad>
          </ns3:TrackPointExtension>
        </extensions>
      </trkpt>
      <trkpt lat="34.1801694966852664947509765625" lon="108.93517968244850635528564453125">
        <ele>438.79998779296875</ele>
        <time>2026-09-12T12:20:57.000Z</time>
        <extensions>
          <ns3:TrackPointExtension>
            <ns3:hr>134</ns3:hr>
            <ns3:cad>82</ns3:cad>
          </ns3:TrackPointExtension>
        </extensions>
      </trkpt>
      <trkpt lat="34.1801681555807590484619140625" lon="108.9352114498615264892578125">
        <ele>438.79998779296875</ele>
        <time>2026-09-12T12:20:58.000Z</time>
        <extensions>
          <ns3:TrackPointExtension>
            <ns3:hr>134</ns3:hr>
            <ns3:cad>85</ns3:cad>
          </ns3:TrackPointExtension>
        </extensions>
      </trkpt>
      <trkpt lat="34.1801671497523784637451171875" lon="108.9352340810000896453857421875">
        <ele>438.79998779296875</ele>
        <time>2026-09-12T12:20:59.000Z</time>
        <extensions>
          <ns3:TrackPointExtension>
            <ns3:hr>133</ns3:hr>
            <ns3:cad>86</ns3:cad>
          </ns3:TrackPointExtension>
        </extensions>
      </trkpt>
      <trkpt lat="34.18016103096306324005126953125" lon="108.93526869826018810272216796875">
        <ele>438.79998779296875</ele>
        <time>2026-09-12T12:21:00.000Z</time>
        <extensions>
          <ns3:TrackPointExtension>
            <ns3:hr>134</ns3:hr>
            <ns3:cad>86</ns3:cad>
          </ns3:TrackPointExtension>
        </extensions>
      </trkpt>
      <trkpt lat="34.1801591031253337860107421875" lon="108.9352897368371486663818359375">
        <ele>438.79998779296875</ele>
        <time>2026-09-12T12:21:01.000Z</time>
        <extensions>
          <ns3:TrackPointExtension>
            <ns3:hr>134</ns3:hr>
            <ns3:cad>86</ns3:cad>
          </ns3:TrackPointExtension>
        </extensions>
      </trkpt>
      <trkpt lat="34.1801544092595577239990234375" lon="108.935320414602756500244140625">
        <ele>438.79998779296875</ele>
        <time>2026-09-12T12:21:02.000Z</time>
        <extensions>
          <ns3:TrackPointExtension>
            <ns3:hr>134</ns3:hr>
            <ns3:cad>86</ns3:cad>
          </ns3:TrackPointExtension>
        </extensions>
      </trkpt>
      <trkpt lat="34.18015466071665287017822265625" lon="108.9353455603122711181640625">
        <ele>438.79998779296875</ele>
        <time>2026-09-12T12:21:03.000Z</time>
        <extensions>
          <ns3:TrackPointExtension>
            <ns3:hr>133</ns3:hr>
            <ns3:cad>86</ns3:cad>
          </ns3:TrackPointExtension>
        </extensions>
      </trkpt>
      <trkpt lat="34.18015549890697002410888671875" lon="108.93537129275500774383544921875">
        <ele>438.79998779296875</ele>
        <time>2026-09-12T12:21:04.000Z</time>
        <extensions>
          <ns3:TrackPointExtension>
            <ns3:hr>134</ns3:hr>
            <ns3:cad>87</ns3:cad>
          </ns3:TrackPointExtension>
        </extensions>
      </trkpt>
      <trkpt lat="34.18015734292566776275634765625" lon="108.93539610318839550018310546875">
        <ele>438.79998779296875</ele>
        <time>2026-09-12T12:21:05.000Z</time>
        <extensions>
          <ns3:TrackPointExtension>
            <ns3:hr>134</ns3:hr>
            <ns3:cad>87</ns3:cad>
          </ns3:TrackPointExtension>
        </extensions>
      </trkpt>
      <trkpt lat="34.180157594382762908935546875" lon="108.935416974127292633056640625">
        <ele>438.79998779296875</ele>
        <time>2026-09-12T12:21:06.000Z</time>
        <extensions>
          <ns3:TrackPointExtension>
            <ns3:hr>134</ns3:hr>
            <ns3:cad>87</ns3:cad>
          </ns3:TrackPointExtension>
        </extensions>
      </trkpt>
      <trkpt lat="34.18015449307858943939208984375" lon="108.9354474842548370361328125">
        <ele>438.79998779296875</ele>
        <time>2026-09-12T12:21:07.000Z</time>
        <extensions>
          <ns3:TrackPointExtension>
            <ns3:hr>134</ns3:hr>
            <ns3:cad>87</ns3:cad>
          </ns3:TrackPointExtension>
        </extensions>
      </trkpt>
      <trkpt lat="34.18015348725020885467529296875" lon="108.935467936098575592041015625">
        <ele>439</ele>
        <time>2026-09-12T12:21:08.000Z</time>
        <extensions>
          <ns3:TrackPointExtension>
            <ns3:hr>133</ns3:hr>
            <ns3:cad>87</ns3:cad>
          </ns3:TrackPointExtension>
        </extensions>
      </trkpt>
      <trkpt lat="34.18015164323151111602783203125" lon="108.9354999549686908721923828125">
        <ele>439</ele>
        <time>2026-09-12T12:21:09.000Z</time>
        <extensions>
          <ns3:TrackPointExtension>
            <ns3:hr>134</ns3:hr>
            <ns3:cad>86</ns3:cad>
          </ns3:TrackPointExtension>
        </extensions>
      </trkpt>
      <trkpt lat="34.18015298433601856231689453125" lon="108.93552132882177829742431640625">
        <ele>439</ele>
        <time>2026-09-12T12:21:10.000Z</time>
        <extensions>
          <ns3:TrackPointExtension>
            <ns3:hr>134</ns3:hr>
            <ns3:cad>86</ns3:cad>
          </ns3:TrackPointExtension>
        </extensions>
      </trkpt>
      <trkpt lat="34.1801552474498748779296875" lon="108.93555318005383014678955078125">
        <ele>439</ele>
        <time>2026-09-12T12:21:11.000Z</time>
        <extensions>
          <ns3:TrackPointExtension>
            <ns3:hr>134</ns3:hr>
            <ns3:cad>86</ns3:cad>
          </ns3:TrackPointExtension>
        </extensions>
      </trkpt>
      <trkpt lat="34.18015818111598491668701171875" lon="108.93557019531726837158203125">
        <ele>439</ele>
        <time>2026-09-12T12:21:12.000Z</time>
        <extensions>
          <ns3:TrackPointExtension>
            <ns3:hr>134</ns3:hr>
            <ns3:cad>87</ns3:cad>
          </ns3:TrackPointExtension>
        </extensions>
      </trkpt>
      <trkpt lat="34.1801634617149829864501953125" lon="108.93559860996901988983154296875">
        <ele>439</ele>
        <time>2026-09-12T12:21:13.000Z</time>
        <extensions>
          <ns3:TrackPointExtension>
            <ns3:hr>133</ns3:hr>
            <ns3:cad>88</ns3:cad>
          </ns3:TrackPointExtension>
        </extensions>
      </trkpt>
      <trkpt lat="34.18017108924686908721923828125" lon="108.93561436794698238372802734375">
        <ele>439</ele>
        <time>2026-09-12T12:21:14.000Z</time>
        <extensions>
          <ns3:TrackPointExtension>
            <ns3:hr>134</ns3:hr>
            <ns3:cad>88</ns3:cad>
          </ns3:TrackPointExtension>
        </extensions>
      </trkpt>
      <trkpt lat="34.18017595075070858001708984375" lon="108.9356474764645099639892578125">
        <ele>439</ele>
        <time>2026-09-12T12:21:15.000Z</time>
        <extensions>
          <ns3:TrackPointExtension>
            <ns3:hr>134</ns3:hr>
            <ns3:cad>87</ns3:cad>
          </ns3:TrackPointExtension>
        </extensions>
      </trkpt>
      <trkpt lat="34.180180728435516357421875" lon="108.93566801212728023529052734375">
        <ele>439</ele>
        <time>2026-09-12T12:21:16.000Z</time>
        <extensions>
          <ns3:TrackPointExtension>
            <ns3:hr>134</ns3:hr>
            <ns3:cad>87</ns3:cad>
          </ns3:TrackPointExtension>
        </extensions>
      </trkpt>
      <trkpt lat="34.1801812313497066497802734375" lon="108.9356982707977294921875">
        <ele>439</ele>
        <time>2026-09-12T12:21:17.000Z</time>
        <extensions>
          <ns3:TrackPointExtension>
            <ns3:hr>134</ns3:hr>
            <ns3:cad>87</ns3:cad>
          </ns3:TrackPointExtension>
        </extensions>
      </trkpt>
      <trkpt lat="34.180184416472911834716796875" lon="108.9357182197272777557373046875">
        <ele>439</ele>
        <time>2026-09-12T12:21:18.000Z</time>
        <extensions>
          <ns3:TrackPointExtension>
            <ns3:hr>134</ns3:hr>
            <ns3:cad>87</ns3:cad>
          </ns3:TrackPointExtension>
        </extensions>
      </trkpt>
      <trkpt lat="34.18017737567424774169921875" lon="108.9357457123696804046630859375">
        <ele>439</ele>
        <time>2026-09-12T12:21:19.000Z</time>
        <extensions>
          <ns3:TrackPointExtension>
            <ns3:hr>134</ns3:hr>
            <ns3:cad>89</ns3:cad>
          </ns3:TrackPointExtension>
        </extensions>
      </trkpt>
      <trkpt lat="34.18017628602683544158935546875" lon="108.935767672955989837646484375">
        <ele>439.20001220703125</ele>
        <time>2026-09-12T12:21:20.000Z</time>
        <extensions>
          <ns3:TrackPointExtension>
            <ns3:hr>134</ns3:hr>
            <ns3:cad>89</ns3:cad>
          </ns3:TrackPointExtension>
        </extensions>
      </trkpt>
      <trkpt lat="34.180175699293613433837890625" lon="108.93579550087451934814453125">
        <ele>439.20001220703125</ele>
        <time>2026-09-12T12:21:21.000Z</time>
        <extensions>
          <ns3:TrackPointExtension>
            <ns3:hr>135</ns3:hr>
            <ns3:cad>89</ns3:cad>
          </ns3:TrackPointExtension>
        </extensions>
      </trkpt>
      <trkpt lat="34.18017494492232799530029296875" lon="108.93582156859338283538818359375">
        <ele>439.20001220703125</ele>
        <time>2026-09-12T12:21:22.000Z</time>
        <extensions>
          <ns3:TrackPointExtension>
            <ns3:hr>135</ns3:hr>
            <ns3:cad>90</ns3:cad>
          </ns3:TrackPointExtension>
        </extensions>
      </trkpt>
      <trkpt lat="34.1801792196929454803466796875" lon="108.9358498156070709228515625">
        <ele>439.20001220703125</ele>
        <time>2026-09-12T12:21:23.000Z</time>
        <extensions>
          <ns3:TrackPointExtension>
            <ns3:hr>135</ns3:hr>
            <ns3:cad>89</ns3:cad>
          </ns3:TrackPointExtension>
        </extensions>
      </trkpt>
      <trkpt lat="34.1801874339580535888671875" lon="108.93587672151625156402587890625">
        <ele>439.20001220703125</ele>
        <time>2026-09-12T12:21:24.000Z</time>
        <extensions>
          <ns3:TrackPointExtension>
            <ns3:hr>135</ns3:hr>
            <ns3:cad>89</ns3:cad>
          </ns3:TrackPointExtension>
        </extensions>
      </trkpt>
      <trkpt lat="34.18019271455705165863037109375" lon="108.93590413033962249755859375">
        <ele>439.20001220703125</ele>
        <time>2026-09-12T12:21:25.000Z</time>
        <extensions>
          <ns3:TrackPointExtension>
            <ns3:hr>136</ns3:hr>
            <ns3:cad>89</ns3:cad>
          </ns3:TrackPointExtension>
        </extensions>
      </trkpt>
      <trkpt lat="34.1801983304321765899658203125" lon="108.935931287705898284912109375">
        <ele>439.20001220703125</ele>
        <time>2026-09-12T12:21:26.000Z</time>
        <extensions>
          <ns3:TrackPointExtension>
            <ns3:hr>135</ns3:hr>
            <ns3:cad>89</ns3:cad>
          </ns3:TrackPointExtension>
        </extensions>
      </trkpt>
      <trkpt lat="34.1802026890218257904052734375" lon="108.93595584668219089508056640625">
        <ele>439.20001220703125</ele>
        <time>2026-09-12T12:21:27.000Z</time>
        <extensions>
          <ns3:TrackPointExtension>
            <ns3:hr>135</ns3:hr>
            <ns3:cad>88</ns3:cad>
          </ns3:TrackPointExtension>
        </extensions>
      </trkpt>
      <trkpt lat="34.1802062094211578369140625" lon="108.9359892904758453369140625">
        <ele>439.20001220703125</ele>
        <time>2026-09-12T12:21:28.000Z</time>
        <extensions>
          <ns3:TrackPointExtension>
            <ns3:hr>135</ns3:hr>
            <ns3:cad>88</ns3:cad>
          </ns3:TrackPointExtension>
        </extensions>
      </trkpt>
      <trkpt lat="34.18021216057240962982177734375" lon="108.936010412871837615966796875">
        <ele>439.20001220703125</ele>
        <time>2026-09-12T12:21:29.000Z</time>
        <extensions>
          <ns3:TrackPointExtension>
            <ns3:hr>135</ns3:hr>
            <ns3:cad>88</ns3:cad>
          </ns3:TrackPointExtension>
        </extensions>
      </trkpt>
      <trkpt lat="34.18021333403885364532470703125" lon="108.93604050390422344207763671875">
        <ele>439.399993896484375</ele>
        <time>2026-09-12T12:21:30.000Z</time>
        <extensions>
          <ns3:TrackPointExtension>
            <ns3:hr>135</ns3:hr>
            <ns3:cad>88</ns3:cad>
          </ns3:TrackPointExtension>
        </extensions>
      </trkpt>
      <trkpt lat="34.180217944085597991943359375" lon="108.936064727604389190673828125">
        <ele>439.399993896484375</ele>
        <time>2026-09-12T12:21:31.000Z</time>
        <extensions>
          <ns3:TrackPointExtension>
            <ns3:hr>136</ns3:hr>
            <ns3:cad>88</ns3:cad>
          </ns3:TrackPointExtension>
        </extensions>
      </trkpt>
      <trkpt lat="34.1802187822759151458740234375" lon="108.9361014403402805328369140625">
        <ele>439.399993896484375</ele>
        <time>2026-09-12T12:21:32.000Z</time>
        <extensions>
          <ns3:TrackPointExtension>
            <ns3:hr>135</ns3:hr>
            <ns3:cad>87</ns3:cad>
          </ns3:TrackPointExtension>
        </extensions>
      </trkpt>
      <trkpt lat="34.1802268289029598236083984375" lon="108.93612130545079708099365234375">
        <ele>439.399993896484375</ele>
        <time>2026-09-12T12:21:33.000Z</time>
        <extensions>
          <ns3:TrackPointExtension>
            <ns3:hr>135</ns3:hr>
            <ns3:cad>87</ns3:cad>
          </ns3:TrackPointExtension>
        </extensions>
      </trkpt>
      <trkpt lat="34.18022490106523036956787109375" lon="108.936155252158641815185546875">
        <ele>439.399993896484375</ele>
        <time>2026-09-12T12:21:34.000Z</time>
        <extensions>
          <ns3:TrackPointExtension>
            <ns3:hr>135</ns3:hr>
            <ns3:cad>86</ns3:cad>
          </ns3:TrackPointExtension>
        </extensions>
      </trkpt>
      <trkpt lat="34.1802295111119747161865234375" lon="108.93617880530655384063720703125">
        <ele>439.399993896484375</ele>
        <time>2026-09-12T12:21:35.000Z</time>
        <extensions>
          <ns3:TrackPointExtension>
            <ns3:hr>136</ns3:hr>
            <ns3:cad>86</ns3:cad>
          </ns3:TrackPointExtension>
        </extensions>
      </trkpt>
      <trkpt lat="34.1802328638732433319091796875" lon="108.93620680086314678192138671875">
        <ele>439.399993896484375</ele>
        <time>2026-09-12T12:21:36.000Z</time>
        <extensions>
          <ns3:TrackPointExtension>
            <ns3:hr>136</ns3:hr>
            <ns3:cad>88</ns3:cad>
          </ns3:TrackPointExtension>
        </extensions>
      </trkpt>
      <trkpt lat="34.18023328296840190887451171875" lon="108.93623312003910541534423828125">
        <ele>439.399993896484375</ele>
        <time>2026-09-12T12:21:37.000Z</time>
        <extensions>
          <ns3:TrackPointExtension>
            <ns3:hr>136</ns3:hr>
            <ns3:cad>88</ns3:cad>
          </ns3:TrackPointExtension>
        </extensions>
      </trkpt>
      <trkpt lat="34.1802308522164821624755859375" lon="108.9362596906721591949462890625">
        <ele>439.600006103515625</ele>
        <time>2026-09-12T12:21:38.000Z</time>
        <extensions>
          <ns3:TrackPointExtension>
            <ns3:hr>136</ns3:hr>
            <ns3:cad>89</ns3:cad>
          </ns3:TrackPointExtension>
        </extensions>
      </trkpt>
      <trkpt lat="34.1802288405597209930419921875" lon="108.9362898655235767364501953125">
        <ele>439.600006103515625</ele>
        <time>2026-09-12T12:21:39.000Z</time>
        <extensions>
          <ns3:TrackPointExtension>
            <ns3:hr>136</ns3:hr>
            <ns3:cad>88</ns3:cad>
          </ns3:TrackPointExtension>
        </extensions>
      </trkpt>
      <trkpt lat="34.1802305169403553009033203125" lon="108.93631392158567905426025390625">
        <ele>439.600006103515625</ele>
        <time>2026-09-12T12:21:40.000Z</time>
        <extensions>
          <ns3:TrackPointExtension>
            <ns3:hr>136</ns3:hr>
            <ns3:cad>87</ns3:cad>
          </ns3:TrackPointExtension>
        </extensions>
      </trkpt>
      <trkpt lat="34.1802311874926090240478515625" lon="108.936346359550952911376953125">
        <ele>439.600006103515625</ele>
        <time>2026-09-12T12:21:41.000Z</time>
        <extensions>
          <ns3:TrackPointExtension>
            <ns3:hr>137</ns3:hr>
            <ns3:cad>87</ns3:cad>
          </ns3:TrackPointExtension>
        </extensions>
      </trkpt>
      <trkpt lat="34.180233366787433624267578125" lon="108.93636840395629405975341796875">
        <ele>439.600006103515625</ele>
        <time>2026-09-12T12:21:42.000Z</time>
        <extensions>
          <ns3:TrackPointExtension>
            <ns3:hr>137</ns3:hr>
            <ns3:cad>87</ns3:cad>
          </ns3:TrackPointExtension>
        </extensions>
      </trkpt>
      <trkpt lat="34.18023395352065563201904296875" lon="108.93640042282640933990478515625">
        <ele>439.600006103515625</ele>
        <time>2026-09-12T12:21:43.000Z</time>
        <extensions>
          <ns3:TrackPointExtension>
            <ns3:hr>137</ns3:hr>
            <ns3:cad>88</ns3:cad>
          </ns3:TrackPointExtension>
        </extensions>
      </trkpt>
      <trkpt lat="34.18023982085287570953369140625" lon="108.93642053939402103424072265625">
        <ele>439.600006103515625</ele>
        <time>2026-09-12T12:21:44.000Z</time>
        <extensions>
          <ns3:TrackPointExtension>
            <ns3:hr>138</ns3:hr>
            <ns3:cad>88</ns3:cad>
          </ns3:TrackPointExtension>
        </extensions>
      </trkpt>
      <trkpt lat="34.1802459396421909332275390625" lon="108.9364544861018657684326171875">
        <ele>439.600006103515625</ele>
        <time>2026-09-12T12:21:45.000Z</time>
        <extensions>
          <ns3:TrackPointExtension>
            <ns3:hr>138</ns3:hr>
            <ns3:cad>89</ns3:cad>
          </ns3:TrackPointExtension>
        </extensions>
      </trkpt>
      <trkpt lat="34.18024837039411067962646484375" lon="108.93647971563041210174560546875">
        <ele>439.600006103515625</ele>
        <time>2026-09-12T12:21:46.000Z</time>
        <extensions>
          <ns3:TrackPointExtension>
            <ns3:hr>138</ns3:hr>
            <ns3:cad>88</ns3:cad>
          </ns3:TrackPointExtension>
        </extensions>
      </trkpt>
      <trkpt lat="34.18024845421314239501953125" lon="108.93651927821338176727294921875">
        <ele>439.600006103515625</ele>
        <time>2026-09-12T12:21:47.000Z</time>
        <extensions>
          <ns3:TrackPointExtension>
            <ns3:hr>138</ns3:hr>
            <ns3:cad>88</ns3:cad>
          </ns3:TrackPointExtension>
        </extensions>
      </trkpt>
      <trkpt lat="34.18023915030062198638916015625" lon="108.93654526211321353912353515625">
        <ele>439.79998779296875</ele>
        <time>2026-09-12T12:21:48.000Z</time>
        <extensions>
          <ns3:TrackPointExtension>
            <ns3:hr>138</ns3:hr>
            <ns3:cad>88</ns3:cad>
          </ns3:TrackPointExtension>
        </extensions>
      </trkpt>
      <trkpt lat="34.180219955742359161376953125" lon="108.936574347317218780517578125">
        <ele>439.79998779296875</ele>
        <time>2026-09-12T12:21:49.000Z</time>
        <extensions>
          <ns3:TrackPointExtension>
            <ns3:hr>138</ns3:hr>
            <ns3:cad>87</ns3:cad>
          </ns3:TrackPointExtension>
        </extensions>
      </trkpt>
      <trkpt lat="34.18019749224185943603515625" lon="108.9365879260003566741943359375">
        <ele>439.79998779296875</ele>
        <time>2026-09-12T12:21:50.000Z</time>
        <extensions>
          <ns3:TrackPointExtension>
            <ns3:hr>139</ns3:hr>
            <ns3:cad>87</ns3:cad>
          </ns3:TrackPointExtension>
        </extensions>
      </trkpt>
      <trkpt lat="34.1801735199987888336181640625" lon="108.93660016357898712158203125">
        <ele>440</ele>
        <time>2026-09-12T12:21:51.000Z</time>
        <extensions>
          <ns3:TrackPointExtension>
            <ns3:hr>139</ns3:hr>
            <ns3:cad>87</ns3:cad>
          </ns3:TrackPointExtension>
        </extensions>
      </trkpt>
      <trkpt lat="34.1801480390131473541259765625" lon="108.9366026781499385833740234375">
        <ele>440</ele>
        <time>2026-09-12T12:21:52.000Z</time>
        <extensions>
          <ns3:TrackPointExtension>
            <ns3:hr>139</ns3:hr>
            <ns3:cad>87</ns3:cad>
          </ns3:TrackPointExtension>
        </extensions>
      </trkpt>
      <trkpt lat="34.1801306046545505523681640625" lon="108.9366063661873340606689453125">
        <ele>440.20001220703125</ele>
        <time>2026-09-12T12:21:53.000Z</time>
        <extensions>
          <ns3:TrackPointExtension>
            <ns3:hr>139</ns3:hr>
            <ns3:cad>87</ns3:cad>
          </ns3:TrackPointExtension>
        </extensions>
      </trkpt>
      <trkpt lat="34.18011073954403400421142578125" lon="108.9366050250828266143798828125">
        <ele>440.399993896484375</ele>
        <time>2026-09-12T12:21:54.000Z</time>
        <extensions>
          <ns3:TrackPointExtension>
            <ns3:hr>139</ns3:hr>
            <ns3:cad>87</ns3:cad>
          </ns3:TrackPointExtension>
        </extensions>
      </trkpt>
      <trkpt lat="34.18008341453969478607177734375" lon="108.93660460598766803741455078125">
        <ele>440.600006103515625</ele>
        <time>2026-09-12T12:21:55.000Z</time>
        <extensions>
          <ns3:TrackPointExtension>
            <ns3:hr>139</ns3:hr>
            <ns3:cad>86</ns3:cad>
          </ns3:TrackPointExtension>
        </extensions>
      </trkpt>
      <trkpt lat="34.18006497435271739959716796875" lon="108.9365795440971851348876953125">
        <ele>440.600006103515625</ele>
        <time>2026-09-12T12:21:56.000Z</time>
        <extensions>
          <ns3:TrackPointExtension>
            <ns3:hr>139</ns3:hr>
            <ns3:cad>86</ns3:cad>
          </ns3:TrackPointExtension>
        </extensions>
      </trkpt>
      <trkpt lat="34.18005374260246753692626953125" lon="108.9365513809025287628173828125">
        <ele>440.600006103515625</ele>
        <time>2026-09-12T12:21:57.000Z</time>
        <extensions>
          <ns3:TrackPointExtension>
            <ns3:hr>140</ns3:hr>
            <ns3:cad>86</ns3:cad>
          </ns3:TrackPointExtension>
        </extensions>
      </trkpt>
      <trkpt lat="34.1800474561750888824462890625" lon="108.936530761420726776123046875">
        <ele>440.600006103515625</ele>
        <time>2026-09-12T12:21:58.000Z</time>
        <extensions>
          <ns3:TrackPointExtension>
            <ns3:hr>140</ns3:hr>
            <ns3:cad>85</ns3:cad>
          </ns3:TrackPointExtension>
        </extensions>
      </trkpt>
      <trkpt lat="34.1800414212048053741455078125" lon="108.93649631179869174957275390625">
        <ele>440.399993896484375</ele>
        <time>2026-09-12T12:21:59.000Z</time>
        <extensions>
          <ns3:TrackPointExtension>
            <ns3:hr>140</ns3:hr>
            <ns3:cad>85</ns3:cad>
          </ns3:TrackPointExtension>
        </extensions>
      </trkpt>
      <trkpt lat="34.180040918290615081787109375" lon="108.93647703342139720916748046875">
        <ele>440.399993896484375</ele>
        <time>2026-09-12T12:22:00.000Z</time>
        <extensions>
          <ns3:TrackPointExtension>
            <ns3:hr>140</ns3:hr>
            <ns3:cad>84</ns3:cad>
          </ns3:TrackPointExtension>
        </extensions>
      </trkpt>
      <trkpt lat="34.18004116974771022796630859375" lon="108.93645088188350200653076171875">
        <ele>440.399993896484375</ele>
        <time>2026-09-12T12:22:01.000Z</time>
        <extensions>
          <ns3:TrackPointExtension>
            <ns3:hr>140</ns3:hr>
            <ns3:cad>84</ns3:cad>
          </ns3:TrackPointExtension>
        </extensions>
      </trkpt>
      <trkpt lat="34.18004150502383708953857421875" lon="108.93642942421138286590576171875">
        <ele>440.399993896484375</ele>
        <time>2026-09-12T12:22:02.000Z</time>
        <extensions>
          <ns3:TrackPointExtension>
            <ns3:hr>140</ns3:hr>
            <ns3:cad>84</ns3:cad>
          </ns3:TrackPointExtension>
        </extensions>
      </trkpt>
      <trkpt lat="34.18003848753869533538818359375" lon="108.93639874644577503204345703125">
        <ele>440.399993896484375</ele>
        <time>2026-09-12T12:22:03.000Z</time>
        <extensions>
          <ns3:TrackPointExtension>
            <ns3:hr>140</ns3:hr>
            <ns3:cad>86</ns3:cad>
          </ns3:TrackPointExtension>
        </extensions>
      </trkpt>
      <trkpt lat="34.18003496713936328887939453125" lon="108.93636974506080150604248046875">
        <ele>440.399993896484375</ele>
        <time>2026-09-12T12:22:04.000Z</time>
        <extensions>
          <ns3:TrackPointExtension>
            <ns3:hr>140</ns3:hr>
            <ns3:cad>86</ns3:cad>
          </ns3:TrackPointExtension>
        </extensions>
      </trkpt>
      <trkpt lat="34.18002977035939693450927734375" lon="108.93634191714227199554443359375">
        <ele>440.399993896484375</ele>
        <time>2026-09-12T12:22:05.000Z</time>
        <extensions>
          <ns3:TrackPointExtension>
            <ns3:hr>141</ns3:hr>
            <ns3:cad>86</ns3:cad>
          </ns3:TrackPointExtension>
        </extensions>
      </trkpt>
      <trkpt lat="34.18002591468393802642822265625" lon="108.93630872480571269989013671875">
        <ele>440.20001220703125</ele>
        <time>2026-09-12T12:22:06.000Z</time>
        <extensions>
          <ns3:TrackPointExtension>
            <ns3:hr>141</ns3:hr>
            <ns3:cad>86</ns3:cad>
          </ns3:TrackPointExtension>
        </extensions>
      </trkpt>
      <trkpt lat="34.18002088554203510284423828125" lon="108.93628290854394435882568359375">
        <ele>440.20001220703125</ele>
        <time>2026-09-12T12:22:07.000Z</time>
        <extensions>
          <ns3:TrackPointExtension>
            <ns3:hr>141</ns3:hr>
            <ns3:cad>86</ns3:cad>
          </ns3:TrackPointExtension>
        </extensions>
      </trkpt>
      <trkpt lat="34.18002055026590824127197265625" lon="108.93624837510287761688232421875">
        <ele>440.399993896484375</ele>
        <time>2026-09-12T12:22:08.000Z</time>
        <extensions>
          <ns3:TrackPointExtension>
            <ns3:hr>141</ns3:hr>
            <ns3:cad>86</ns3:cad>
          </ns3:TrackPointExtension>
        </extensions>
      </trkpt>
      <trkpt lat="34.1800196282565593719482421875" lon="108.93622272647917270660400390625">
        <ele>440.399993896484375</ele>
        <time>2026-09-12T12:22:09.000Z</time>
        <extensions>
          <ns3:TrackPointExtension>
            <ns3:hr>141</ns3:hr>
            <ns3:cad>87</ns3:cad>
          </ns3:TrackPointExtension>
        </extensions>
      </trkpt>
      <trkpt lat="34.180022813379764556884765625" lon="108.9361839182674884796142578125">
        <ele>440.399993896484375</ele>
        <time>2026-09-12T12:22:10.000Z</time>
        <extensions>
          <ns3:TrackPointExtension>
            <ns3:hr>141</ns3:hr>
            <ns3:cad>87</ns3:cad>
          </ns3:TrackPointExtension>
        </extensions>
      </trkpt>
      <trkpt lat="34.1800179518759250640869140625" lon="108.93615617416799068450927734375">
        <ele>440.399993896484375</ele>
        <time>2026-09-12T12:22:11.000Z</time>
        <extensions>
          <ns3:TrackPointExtension>
            <ns3:hr>141</ns3:hr>
            <ns3:cad>87</ns3:cad>
          </ns3:TrackPointExtension>
        </extensions>
      </trkpt>
      <trkpt lat="34.18001585640013217926025390625" lon="108.93612273037433624267578125">
        <ele>440.399993896484375</ele>
        <time>2026-09-12T12:22:12.000Z</time>
        <extensions>
          <ns3:TrackPointExtension>
            <ns3:hr>141</ns3:hr>
            <ns3:cad>87</ns3:cad>
          </ns3:TrackPointExtension>
        </extensions>
      </trkpt>
      <trkpt lat="34.18001837097108364105224609375" lon="108.93609297461807727813720703125">
        <ele>440.399993896484375</ele>
        <time>2026-09-12T12:22:13.000Z</time>
        <extensions>
          <ns3:TrackPointExtension>
            <ns3:hr>142</ns3:hr>
            <ns3:cad>87</ns3:cad>
          </ns3:TrackPointExtension>
        </extensions>
      </trkpt>
      <trkpt lat="34.18001644313335418701171875" lon="108.9360662363469600677490234375">
        <ele>440.20001220703125</ele>
        <time>2026-09-12T12:22:14.000Z</time>
        <extensions>
          <ns3:TrackPointExtension>
            <ns3:hr>142</ns3:hr>
            <ns3:cad>87</ns3:cad>
          </ns3:TrackPointExtension>
        </extensions>
      </trkpt>
      <trkpt lat="34.18001552112400531768798828125" lon="108.9360350556671619415283203125">
        <ele>440.20001220703125</ele>
        <time>2026-09-12T12:22:15.000Z</time>
        <extensions>
          <ns3:TrackPointExtension>
            <ns3:hr>142</ns3:hr>
            <ns3:cad>87</ns3:cad>
          </ns3:TrackPointExtension>
        </extensions>
      </trkpt>
      <trkpt lat="34.18001518584787845611572265625" lon="108.936009071767330169677734375">
        <ele>440.20001220703125</ele>
        <time>2026-09-12T12:22:16.000Z</time>
        <extensions>
          <ns3:TrackPointExtension>
            <ns3:hr>142</ns3:hr>
            <ns3:cad>87</ns3:cad>
          </ns3:TrackPointExtension>
        </extensions>
      </trkpt>
      <trkpt lat="34.18001510202884674072265625" lon="108.935974873602390289306640625">
        <ele>440.20001220703125</ele>
        <time>2026-09-12T12:22:17.000Z</time>
        <extensions>
          <ns3:TrackPointExtension>
            <ns3:hr>142</ns3:hr>
            <ns3:cad>87</ns3:cad>
          </ns3:TrackPointExtension>
        </extensions>
      </trkpt>
      <trkpt lat="34.18000973761081695556640625" lon="108.93595349974930286407470703125">
        <ele>440.20001220703125</ele>
        <time>2026-09-12T12:22:18.000Z</time>
        <extensions>
          <ns3:TrackPointExtension>
            <ns3:hr>143</ns3:hr>
            <ns3:cad>87</ns3:cad>
          </ns3:TrackPointExtension>
        </extensions>
      </trkpt>
      <trkpt lat="34.18000931851565837860107421875" lon="108.9359227381646633148193359375">
        <ele>440.20001220703125</ele>
        <time>2026-09-12T12:22:19.000Z</time>
        <extensions>
          <ns3:TrackPointExtension>
            <ns3:hr>143</ns3:hr>
            <ns3:cad>88</ns3:cad>
          </ns3:TrackPointExtension>
        </extensions>
      </trkpt>
      <trkpt lat="34.18001233600080013275146484375" lon="108.93590019084513187408447265625">
        <ele>440.20001220703125</ele>
        <time>2026-09-12T12:22:20.000Z</time>
        <extensions>
          <ns3:TrackPointExtension>
            <ns3:hr>143</ns3:hr>
            <ns3:cad>88</ns3:cad>
          </ns3:TrackPointExtension>
        </extensions>
      </trkpt>
      <trkpt lat="34.18001702986657619476318359375" lon="108.935866244137287139892578125">
        <ele>440.20001220703125</ele>
        <time>2026-09-12T12:22:21.000Z</time>
        <extensions>
          <ns3:TrackPointExtension>
            <ns3:hr>143</ns3:hr>
            <ns3:cad>88</ns3:cad>
          </ns3:TrackPointExtension>
        </extensions>
      </trkpt>
      <trkpt lat="34.18001803569495677947998046875" lon="108.93584436737000942230224609375">
        <ele>440</ele>
        <time>2026-09-12T12:22:22.000Z</time>
        <extensions>
          <ns3:TrackPointExtension>
            <ns3:hr>143</ns3:hr>
            <ns3:cad>87</ns3:cad>
          </ns3:TrackPointExtension>
        </extensions>
      </trkpt>
      <trkpt lat="34.1800236515700817108154296875" lon="108.9358203113079071044921875">
        <ele>440</ele>
        <time>2026-09-12T12:22:23.000Z</time>
        <extensions>
          <ns3:TrackPointExtension>
            <ns3:hr>143</ns3:hr>
            <ns3:cad>87</ns3:cad>
          </ns3:TrackPointExtension>
        </extensions>
      </trkpt>
      <trkpt lat="34.18002876453101634979248046875" lon="108.93579860217869281768798828125">
        <ele>440</ele>
        <time>2026-09-12T12:22:24.000Z</time>
        <extensions>
          <ns3:TrackPointExtension>
            <ns3:hr>142</ns3:hr>
            <ns3:cad>87</ns3:cad>
          </ns3:TrackPointExtension>
        </extensions>
      </trkpt>
      <trkpt lat="34.18003295548260211944580078125" lon="108.9357795752584934234619140625">
        <ele>440</ele>
        <time>2026-09-12T12:22:25.000Z</time>
        <extensions>
          <ns3:TrackPointExtension>
            <ns3:hr>143</ns3:hr>
            <ns3:cad>87</ns3:cad>
          </ns3:TrackPointExtension>
        </extensions>
      </trkpt>
      <trkpt lat="34.1800300218164920806884765625" lon="108.9357299543917179107666015625">
        <ele>440.20001220703125</ele>
        <time>2026-09-12T12:22:29.000Z</time>
        <extensions>
          <ns3:TrackPointExtension>
            <ns3:hr>142</ns3:hr>
            <ns3:cad>86</ns3:cad>
          </ns3:TrackPointExtension>
        </extensions>
      </trkpt>
      <trkpt lat="34.180032201111316680908203125" lon="108.93570137210190296173095703125">
        <ele>440.20001220703125</ele>
        <time>2026-09-12T12:22:30.000Z</time>
        <extensions>
          <ns3:TrackPointExtension>
            <ns3:hr>143</ns3:hr>
            <ns3:cad>86</ns3:cad>
          </ns3:TrackPointExtension>
        </extensions>
      </trkpt>
      <trkpt lat="34.1800310276448726654052734375" lon="108.9356732927262783050537109375">
        <ele>440.20001220703125</ele>
        <time>2026-09-12T12:22:31.000Z</time>
        <extensions>
          <ns3:TrackPointExtension>
            <ns3:hr>142</ns3:hr>
            <ns3:cad>79</ns3:cad>
          </ns3:TrackPointExtension>
        </extensions>
      </trkpt>
      <trkpt lat="34.1800367273390293121337890625" lon="108.93564051948487758636474609375">
        <ele>440.20001220703125</ele>
        <time>2026-09-12T12:22:32.000Z</time>
        <extensions>
          <ns3:TrackPointExtension>
            <ns3:hr>142</ns3:hr>
            <ns3:cad>75</ns3:cad>
          </ns3:TrackPointExtension>
        </extensions>
      </trkpt>
      <trkpt lat="34.180040918290615081787109375" lon="108.93561269156634807586669921875">
        <ele>440.20001220703125</ele>
        <time>2026-09-12T12:22:33.000Z</time>
        <extensions>
          <ns3:TrackPointExtension>
            <ns3:hr>142</ns3:hr>
            <ns3:cad>75</ns3:cad>
          </ns3:TrackPointExtension>
        </extensions>
      </trkpt>
      <trkpt lat="34.18004133738577365875244140625" lon="108.93557614646852016448974609375">
        <ele>440</ele>
        <time>2026-09-12T12:22:34.000Z</time>
        <extensions>
          <ns3:TrackPointExtension>
            <ns3:hr>142</ns3:hr>
            <ns3:cad>79</ns3:cad>
          </ns3:TrackPointExtension>
        </extensions>
      </trkpt>
      <trkpt lat="34.18004636652767658233642578125" lon="108.9355440437793731689453125">
        <ele>440</ele>
        <time>2026-09-12T12:22:35.000Z</time>
        <extensions>
          <ns3:TrackPointExtension>
            <ns3:hr>142</ns3:hr>
            <ns3:cad>83</ns3:cad>
          </ns3:TrackPointExtension>
        </extensions>
      </trkpt>
      <trkpt lat="34.180046617984771728515625" lon="108.9355130307376384735107421875">
        <ele>440</ele>
        <time>2026-09-12T12:22:36.000Z</time>
        <extensions>
          <ns3:TrackPointExtension>
            <ns3:hr>143</ns3:hr>
            <ns3:cad>87</ns3:cad>
          </ns3:TrackPointExtension>
        </extensions>
      </trkpt>
      <trkpt lat="34.180046953260898590087890625" lon="108.93547724001109600067138671875">
        <ele>440</ele>
        <time>2026-09-12T12:22:37.000Z</time>
        <extensions>
          <ns3:TrackPointExtension>
            <ns3:hr>143</ns3:hr>
            <ns3:cad>87</ns3:cad>
          </ns3:TrackPointExtension>
        </extensions>
      </trkpt>
      <trkpt lat="34.18004401959478855133056640625" lon="108.9354489929974079132080078125">
        <ele>440</ele>
        <time>2026-09-12T12:22:38.000Z</time>
        <extensions>
          <ns3:TrackPointExtension>
            <ns3:hr>144</ns3:hr>
            <ns3:cad>87</ns3:cad>
          </ns3:TrackPointExtension>
        </extensions>
      </trkpt>
      <trkpt lat="34.1800373978912830352783203125" lon="108.93541202880442142486572265625">
        <ele>440</ele>
        <time>2026-09-12T12:22:39.000Z</time>
        <extensions>
          <ns3:TrackPointExtension>
            <ns3:hr>144</ns3:hr>
            <ns3:cad>87</ns3:cad>
          </ns3:TrackPointExtension>
        </extensions>
      </trkpt>
      <trkpt lat="34.18002775870263576507568359375" lon="108.93539275042712688446044921875">
        <ele>440</ele>
        <time>2026-09-12T12:22:40.000Z</time>
        <extensions>
          <ns3:TrackPointExtension>
            <ns3:hr>144</ns3:hr>
            <ns3:cad>87</ns3:cad>
          </ns3:TrackPointExtension>
        </extensions>
      </trkpt>
      <trkpt lat="34.18000839650630950927734375" lon="108.935368359088897705078125">
        <ele>440</ele>
        <time>2026-09-12T12:22:41.000Z</time>
        <extensions>
          <ns3:TrackPointExtension>
            <ns3:hr>145</ns3:hr>
            <ns3:cad>87</ns3:cad>
          </ns3:TrackPointExtension>
        </extensions>
      </trkpt>
      <trkpt lat="34.1799887828528881072998046875" lon="108.9353604800999164581298828125">
        <ele>439.79998779296875</ele>
        <time>2026-09-12T12:22:42.000Z</time>
        <extensions>
          <ns3:TrackPointExtension>
            <ns3:hr>145</ns3:hr>
            <ns3:cad>87</ns3:cad>
          </ns3:TrackPointExtension>
        </extensions>
      </trkpt>
      <trkpt lat="34.1799622960388660430908203125" lon="108.9353549480438232421875">
        <ele>440</ele>
        <time>2026-09-12T12:22:43.000Z</time>
        <extensions>
          <ns3:TrackPointExtension>
            <ns3:hr>146</ns3:hr>
            <ns3:cad>87</ns3:cad>
          </ns3:TrackPointExtension>
        </extensions>
      </trkpt>
      <trkpt lat="34.17993840761482715606689453125" lon="108.93535167910158634185791015625">
        <ele>440</ele>
        <time>2026-09-12T12:22:44.000Z</time>
        <extensions>
          <ns3:TrackPointExtension>
            <ns3:hr>146</ns3:hr>
            <ns3:cad>88</ns3:cad>
          </ns3:TrackPointExtension>
        </extensions>
      </trkpt>
      <trkpt lat="34.17991544120013713836669921875" lon="108.93535000272095203399658203125">
        <ele>440</ele>
        <time>2026-09-12T12:22:45.000Z</time>
        <extensions>
          <ns3:TrackPointExtension>
            <ns3:hr>146</ns3:hr>
            <ns3:cad>88</ns3:cad>
          </ns3:TrackPointExtension>
        </extensions>
      </trkpt>
      <trkpt lat="34.179896079003810882568359375" lon="108.9353463985025882720947265625">
        <ele>440</ele>
        <time>2026-09-12T12:22:46.000Z</time>
        <extensions>
          <ns3:TrackPointExtension>
            <ns3:hr>146</ns3:hr>
            <ns3:cad>87</ns3:cad>
          </ns3:TrackPointExtension>
        </extensions>
      </trkpt>
      <trkpt lat="34.1798798181116580963134765625" lon="108.93534296192228794097900390625">
        <ele>440</ele>
        <time>2026-09-12T12:22:47.000Z</time>
        <extensions>
          <ns3:TrackPointExtension>
            <ns3:hr>145</ns3:hr>
            <ns3:cad>87</ns3:cad>
          </ns3:TrackPointExtension>
        </extensions>
      </trkpt>
    </trkseg>
  </trk>
</gpx>
