<gpx xmlns:ns3="http://www.garmin.com/xmlschemas/TrackPointExtension/v1" xmlns="http://www.topografix.com/GPX/1/1" xmlns:xsi="http://www.w3.org/2001/XMLSchema-instance" xmlns:ns2="http://www.garmin.com/xmlschemas/GpxExtensions/v3" creator="Garmin Connect" version="1.1" xsi:schemaLocation="http://www.topografix.com/GPX/1/1 http://www.topografix.com/GPX/11.xsd">
  <extensions>
<distance>766.54</distance>
<average_hr>155.0</average_hr>
<average_speed>2.444999933242798</average_speed>
<start_time>2026-09-15T00:51:23+00:00</start_time>
<end_time>2026-09-15T00:56:36.467000+00:00</end_time>
<moving_time>312.0</moving_time>
<elapsed_time>313.467</elapsed_time>
</extensions>
<metadata>
    <link href="connect.garmin.com">
      <text>Garmin Connect</text>
    </link>
    <time>2026-09-15T00:51:23.000Z</time>
  </metadata>
  <trk>
    <name>西安市 跑步</name>
    <type>running</type>
    <trkseg>
      <trkpt lat="34.18123424984514713287353515625" lon="108.92474153079092502593994140625">
        <ele>432.20001220703125</ele>
        <time>2026-09-15T00:51:23.000Z</time>
        <extensions>
          <ns3:TrackPointExtension>
            <ns3:hr>133</ns3:hr>
            <ns3:cad>0</ns3:cad>
          </ns3:TrackPointExtension>
        </extensions>
      </trkpt>
      <trkpt lat="34.1811951063573360443115234375" lon="108.92480439506471157073974609375">
        <ele>432.20001220703125</ele>
        <time>2026-09-15T00:51:24.000Z</time>
        <extensions>
          <ns3:TrackPointExtension>
            <ns3:hr>133</ns3:hr>
            <ns3:cad>0</ns3:cad>
          </ns3:TrackPointExtension>
        </extensions>
      </trkpt>
      <trkpt lat="34.18119259178638458251953125" lon="108.92481797374784946441650390625">
        <ele>432.399993896484375</ele>
        <time>2026-09-15T00:51:25.000Z</time>
        <extensions>
          <ns3:TrackPointExtension>
            <ns3:hr>133</ns3:hr>
            <ns3:cad>0</ns3:cad>
          </ns3:TrackPointExtension>
        </extensions>
      </trkpt>
      <trkpt lat="34.181186892092227935791015625" lon="108.92484127543866634368896484375">
        <ele>432.399993896484375</ele>
        <time>2026-09-15T00:51:26.000Z</time>
        <extensions>
          <ns3:TrackPointExtension>
            <ns3:hr>133</ns3:hr>
            <ns3:cad>0</ns3:cad>
          </ns3:TrackPointExtension>
        </extensions>
      </trkpt>
      <trkpt lat="34.18118597008287906646728515625" lon="108.924861140549182891845703125">
        <ele>432.399993896484375</ele>
        <time>2026-09-15T00:51:27.000Z</time>
        <extensions>
          <ns3:TrackPointExtension>
            <ns3:hr>133</ns3:hr>
            <ns3:cad>0</ns3:cad>
          </ns3:TrackPointExtension>
        </extensions>
      </trkpt>
      <trkpt lat="34.18118496425449848175048828125" lon="108.92488201148808002471923828125">
        <ele>432.399993896484375</ele>
        <time>2026-09-15T00:51:28.000Z</time>
        <extensions>
          <ns3:TrackPointExtension>
            <ns3:hr>133</ns3:hr>
            <ns3:cad>83</ns3:cad>
          </ns3:TrackPointExtension>
        </extensions>
      </trkpt>
      <trkpt lat="34.1811806894838809967041015625" lon="108.92490296624600887298583984375">
        <ele>432.600006103515625</ele>
        <time>2026-09-15T00:51:29.000Z</time>
        <extensions>
          <ns3:TrackPointExtension>
            <ns3:hr>132</ns3:hr>
            <ns3:cad>85</ns3:cad>
          </ns3:TrackPointExtension>
        </extensions>
      </trkpt>
      <trkpt lat="34.18117515742778778076171875" lon="108.9249305427074432373046875">
        <ele>432.600006103515625</ele>
        <time>2026-09-15T00:51:30.000Z</time>
        <extensions>
          <ns3:TrackPointExtension>
            <ns3:hr>132</ns3:hr>
            <ns3:cad>85</ns3:cad>
          </ns3:TrackPointExtension>
        </extensions>
      </trkpt>
      <trkpt lat="34.1811679489910602569580078125" lon="108.9249625615775585174560546875">
        <ele>432.600006103515625</ele>
        <time>2026-09-15T00:51:31.000Z</time>
        <extensions>
          <ns3:TrackPointExtension>
            <ns3:hr>131</ns3:hr>
            <ns3:cad>85</ns3:cad>
          </ns3:TrackPointExtension>
        </extensions>
      </trkpt>
      <trkpt lat="34.18116669170558452606201171875" lon="108.92498217523097991943359375">
        <ele>432.600006103515625</ele>
        <time>2026-09-15T00:51:32.000Z</time>
        <extensions>
          <ns3:TrackPointExtension>
            <ns3:hr>131</ns3:hr>
            <ns3:cad>85</ns3:cad>
          </ns3:TrackPointExtension>
        </extensions>
      </trkpt>
      <trkpt lat="34.18116719461977481842041015625" lon="108.9250110089778900146484375">
        <ele>432.600006103515625</ele>
        <time>2026-09-15T00:51:33.000Z</time>
        <extensions>
          <ns3:TrackPointExtension>
            <ns3:hr>130</ns3:hr>
            <ns3:cad>85</ns3:cad>
          </ns3:TrackPointExtension>
        </extensions>
      </trkpt>
      <trkpt lat="34.1811649315059185028076171875" lon="108.9250286109745502471923828125">
        <ele>432.600006103515625</ele>
        <time>2026-09-15T00:51:34.000Z</time>
        <extensions>
          <ns3:TrackPointExtension>
            <ns3:hr>131</ns3:hr>
            <ns3:cad>86</ns3:cad>
          </ns3:TrackPointExtension>
        </extensions>
      </trkpt>
      <trkpt lat="34.1811629198491573333740234375" lon="108.9250520803034305572509765625">
        <ele>432.79998779296875</ele>
        <time>2026-09-15T00:51:35.000Z</time>
        <extensions>
          <ns3:TrackPointExtension>
            <ns3:hr>131</ns3:hr>
            <ns3:cad>86</ns3:cad>
          </ns3:TrackPointExtension>
        </extensions>
      </trkpt>
      <trkpt lat="34.1811595670878887176513671875" lon="108.92507228069007396697998046875">
        <ele>432.79998779296875</ele>
        <time>2026-09-15T00:51:36.000Z</time>
        <extensions>
          <ns3:TrackPointExtension>
            <ns3:hr>132</ns3:hr>
            <ns3:cad>86</ns3:cad>
          </ns3:TrackPointExtension>
        </extensions>
      </trkpt>
      <trkpt lat="34.181163422763347625732421875" lon="108.92508686520159244537353515625">
        <ele>432.79998779296875</ele>
        <time>2026-09-15T00:51:37.000Z</time>
        <extensions>
          <ns3:TrackPointExtension>
            <ns3:hr>132</ns3:hr>
            <ns3:cad>85</ns3:cad>
          </ns3:TrackPointExtension>
        </extensions>
      </trkpt>
      <trkpt lat="34.18116132728755474090576171875" lon="108.92511804588139057159423828125">
        <ele>432.79998779296875</ele>
        <time>2026-09-15T00:51:38.000Z</time>
        <extensions>
          <ns3:TrackPointExtension>
            <ns3:hr>132</ns3:hr>
            <ns3:cad>85</ns3:cad>
          </ns3:TrackPointExtension>
        </extensions>
      </trkpt>
      <trkpt lat="34.18116442859172821044921875" lon="108.925135396420955657958984375">
        <ele>433</ele>
        <time>2026-09-15T00:51:39.000Z</time>
        <extensions>
          <ns3:TrackPointExtension>
            <ns3:hr>132</ns3:hr>
            <ns3:cad>85</ns3:cad>
          </ns3:TrackPointExtension>
        </extensions>
      </trkpt>
      <trkpt lat="34.18116283603012561798095703125" lon="108.9251647330820560455322265625">
        <ele>433</ele>
        <time>2026-09-15T00:51:40.000Z</time>
        <extensions>
          <ns3:TrackPointExtension>
            <ns3:hr>133</ns3:hr>
            <ns3:cad>85</ns3:cad>
          </ns3:TrackPointExtension>
        </extensions>
      </trkpt>
      <trkpt lat="34.1811629198491573333740234375" lon="108.9251845143735408782958984375">
        <ele>433</ele>
        <time>2026-09-15T00:51:41.000Z</time>
        <extensions>
          <ns3:TrackPointExtension>
            <ns3:hr>133</ns3:hr>
            <ns3:cad>86</ns3:cad>
          </ns3:TrackPointExtension>
        </extensions>
      </trkpt>
      <trkpt lat="34.18116048909723758697509765625" lon="108.92521276138722896575927734375">
        <ele>433</ele>
        <time>2026-09-15T00:51:42.000Z</time>
        <extensions>
          <ns3:TrackPointExtension>
            <ns3:hr>133</ns3:hr>
            <ns3:cad>86</ns3:cad>
          </ns3:TrackPointExtension>
        </extensions>
      </trkpt>
      <trkpt lat="34.18115881271660327911376953125" lon="108.9252297766506671905517578125">
        <ele>433</ele>
        <time>2026-09-15T00:51:43.000Z</time>
        <extensions>
          <ns3:TrackPointExtension>
            <ns3:hr>133</ns3:hr>
            <ns3:cad>86</ns3:cad>
          </ns3:TrackPointExtension>
        </extensions>
      </trkpt>
      <trkpt lat="34.181162081658840179443359375" lon="108.9252508990466594696044921875">
        <ele>433</ele>
        <time>2026-09-15T00:51:44.000Z</time>
        <extensions>
          <ns3:TrackPointExtension>
            <ns3:hr>134</ns3:hr>
            <ns3:cad>86</ns3:cad>
          </ns3:TrackPointExtension>
        </extensions>
      </trkpt>
      <trkpt lat="34.1811612434685230255126953125" lon="108.92527185380458831787109375">
        <ele>433</ele>
        <time>2026-09-15T00:51:45.000Z</time>
        <extensions>
          <ns3:TrackPointExtension>
            <ns3:hr>135</ns3:hr>
            <ns3:cad>86</ns3:cad>
          </ns3:TrackPointExtension>
        </extensions>
      </trkpt>
      <trkpt lat="34.1811629198491573333740234375" lon="108.925292976200580596923828125">
        <ele>433.20001220703125</ele>
        <time>2026-09-15T00:51:46.000Z</time>
        <extensions>
          <ns3:TrackPointExtension>
            <ns3:hr>136</ns3:hr>
            <ns3:cad>86</ns3:cad>
          </ns3:TrackPointExtension>
        </extensions>
      </trkpt>
      <trkpt lat="34.1811610758304595947265625" lon="108.92531652934849262237548828125">
        <ele>433.20001220703125</ele>
        <time>2026-09-15T00:51:47.000Z</time>
        <extensions>
          <ns3:TrackPointExtension>
            <ns3:hr>136</ns3:hr>
            <ns3:cad>86</ns3:cad>
          </ns3:TrackPointExtension>
        </extensions>
      </trkpt>
      <trkpt lat="34.18116132728755474090576171875" lon="108.9253327064216136932373046875">
        <ele>433.20001220703125</ele>
        <time>2026-09-15T00:51:48.000Z</time>
        <extensions>
          <ns3:TrackPointExtension>
            <ns3:hr>137</ns3:hr>
            <ns3:cad>86</ns3:cad>
          </ns3:TrackPointExtension>
        </extensions>
      </trkpt>
      <trkpt lat="34.18116199783980846405029296875" lon="108.9253608696162700653076171875">
        <ele>433.20001220703125</ele>
        <time>2026-09-15T00:51:49.000Z</time>
        <extensions>
          <ns3:TrackPointExtension>
            <ns3:hr>139</ns3:hr>
            <ns3:cad>86</ns3:cad>
          </ns3:TrackPointExtension>
        </extensions>
      </trkpt>
      <trkpt lat="34.18116216547787189483642578125" lon="108.92537922598421573638916015625">
        <ele>433.399993896484375</ele>
        <time>2026-09-15T00:51:50.000Z</time>
        <extensions>
          <ns3:TrackPointExtension>
            <ns3:hr>141</ns3:hr>
            <ns3:cad>86</ns3:cad>
          </ns3:TrackPointExtension>
        </extensions>
      </trkpt>
      <trkpt lat="34.1811612434685230255126953125" lon="108.925406299531459808349609375">
        <ele>433.399993896484375</ele>
        <time>2026-09-15T00:51:51.000Z</time>
        <extensions>
          <ns3:TrackPointExtension>
            <ns3:hr>141</ns3:hr>
            <ns3:cad>87</ns3:cad>
          </ns3:TrackPointExtension>
        </extensions>
      </trkpt>
      <trkpt lat="34.18115998618304729461669921875" lon="108.92542918212711811065673828125">
        <ele>433.399993896484375</ele>
        <time>2026-09-15T00:51:52.000Z</time>
        <extensions>
          <ns3:TrackPointExtension>
            <ns3:hr>141</ns3:hr>
            <ns3:cad>88</ns3:cad>
          </ns3:TrackPointExtension>
        </extensions>
      </trkpt>
      <trkpt lat="34.18115847744047641754150390625" lon="108.925463296473026275634765625">
        <ele>433.600006103515625</ele>
        <time>2026-09-15T00:51:53.000Z</time>
        <extensions>
          <ns3:TrackPointExtension>
            <ns3:hr>141</ns3:hr>
            <ns3:cad>88</ns3:cad>
          </ns3:TrackPointExtension>
        </extensions>
      </trkpt>
      <trkpt lat="34.18115462176501750946044921875" lon="108.92548483796417713165283203125">
        <ele>433.600006103515625</ele>
        <time>2026-09-15T00:51:54.000Z</time>
        <extensions>
          <ns3:TrackPointExtension>
            <ns3:hr>142</ns3:hr>
            <ns3:cad>88</ns3:cad>
          </ns3:TrackPointExtension>
        </extensions>
      </trkpt>
      <trkpt lat="34.181157387793064117431640625" lon="108.92551065422594547271728515625">
        <ele>433.600006103515625</ele>
        <time>2026-09-15T00:51:55.000Z</time>
        <extensions>
          <ns3:TrackPointExtension>
            <ns3:hr>142</ns3:hr>
            <ns3:cad>87</ns3:cad>
          </ns3:TrackPointExtension>
        </extensions>
      </trkpt>
      <trkpt lat="34.18115529231727123260498046875" lon="108.9255352132022380828857421875">
        <ele>433.600006103515625</ele>
        <time>2026-09-15T00:51:56.000Z</time>
        <extensions>
          <ns3:TrackPointExtension>
            <ns3:hr>142</ns3:hr>
            <ns3:cad>87</ns3:cad>
          </ns3:TrackPointExtension>
        </extensions>
      </trkpt>
      <trkpt lat="34.18115906417369842529296875" lon="108.9255593530833721160888671875">
        <ele>433.79998779296875</ele>
        <time>2026-09-15T00:51:57.000Z</time>
        <extensions>
          <ns3:TrackPointExtension>
            <ns3:hr>142</ns3:hr>
            <ns3:cad>87</ns3:cad>
          </ns3:TrackPointExtension>
        </extensions>
      </trkpt>
      <trkpt lat="34.18115361593663692474365234375" lon="108.92558542080223560333251953125">
        <ele>433.79998779296875</ele>
        <time>2026-09-15T00:51:58.000Z</time>
        <extensions>
          <ns3:TrackPointExtension>
            <ns3:hr>141</ns3:hr>
            <ns3:cad>87</ns3:cad>
          </ns3:TrackPointExtension>
        </extensions>
      </trkpt>
      <trkpt lat="34.1811503469944000244140625" lon="108.92560587264597415924072265625">
        <ele>433.79998779296875</ele>
        <time>2026-09-15T00:51:59.000Z</time>
        <extensions>
          <ns3:TrackPointExtension>
            <ns3:hr>142</ns3:hr>
            <ns3:cad>87</ns3:cad>
          </ns3:TrackPointExtension>
        </extensions>
      </trkpt>
      <trkpt lat="34.18114456348121166229248046875" lon="108.9256351254880428314208984375">
        <ele>434</ele>
        <time>2026-09-15T00:52:00.000Z</time>
        <extensions>
          <ns3:TrackPointExtension>
            <ns3:hr>142</ns3:hr>
            <ns3:cad>87</ns3:cad>
          </ns3:TrackPointExtension>
        </extensions>
      </trkpt>
      <trkpt lat="34.181145317852497100830078125" lon="108.9256545715034008026123046875">
        <ele>434</ele>
        <time>2026-09-15T00:52:01.000Z</time>
        <extensions>
          <ns3:TrackPointExtension>
            <ns3:hr>142</ns3:hr>
            <ns3:cad>87</ns3:cad>
          </ns3:TrackPointExtension>
        </extensions>
      </trkpt>
      <trkpt lat="34.1811371035873889923095703125" lon="108.925685249269008636474609375">
        <ele>434.20001220703125</ele>
        <time>2026-09-15T00:52:02.000Z</time>
        <extensions>
          <ns3:TrackPointExtension>
            <ns3:hr>141</ns3:hr>
            <ns3:cad>87</ns3:cad>
          </ns3:TrackPointExtension>
        </extensions>
      </trkpt>
      <trkpt lat="34.1811384446918964385986328125" lon="108.92570528201758861541748046875">
        <ele>434.20001220703125</ele>
        <time>2026-09-15T00:52:03.000Z</time>
        <extensions>
          <ns3:TrackPointExtension>
            <ns3:hr>142</ns3:hr>
            <ns3:cad>87</ns3:cad>
          </ns3:TrackPointExtension>
        </extensions>
      </trkpt>
      <trkpt lat="34.1811360977590084075927734375" lon="108.92573587596416473388671875">
        <ele>434.20001220703125</ele>
        <time>2026-09-15T00:52:04.000Z</time>
        <extensions>
          <ns3:TrackPointExtension>
            <ns3:hr>142</ns3:hr>
            <ns3:cad>90</ns3:cad>
          </ns3:TrackPointExtension>
        </extensions>
      </trkpt>
      <trkpt lat="34.18113752268254756927490234375" lon="108.925758339464664459228515625">
        <ele>434.20001220703125</ele>
        <time>2026-09-15T00:52:05.000Z</time>
        <extensions>
          <ns3:TrackPointExtension>
            <ns3:hr>142</ns3:hr>
            <ns3:cad>90</ns3:cad>
          </ns3:TrackPointExtension>
        </extensions>
      </trkpt>
      <trkpt lat="34.1811340861022472381591796875" lon="108.9257916994392871856689453125">
        <ele>434.399993896484375</ele>
        <time>2026-09-15T00:52:06.000Z</time>
        <extensions>
          <ns3:TrackPointExtension>
            <ns3:hr>143</ns3:hr>
            <ns3:cad>89</ns3:cad>
          </ns3:TrackPointExtension>
        </extensions>
      </trkpt>
      <trkpt lat="34.1811334155499935150146484375" lon="108.92582028172910213470458984375">
        <ele>434.399993896484375</ele>
        <time>2026-09-15T00:52:07.000Z</time>
        <extensions>
          <ns3:TrackPointExtension>
            <ns3:hr>143</ns3:hr>
            <ns3:cad>89</ns3:cad>
          </ns3:TrackPointExtension>
        </extensions>
      </trkpt>
      <trkpt lat="34.18112562038004398345947265625" lon="108.9258543960750102996826171875">
        <ele>434.399993896484375</ele>
        <time>2026-09-15T00:52:08.000Z</time>
        <extensions>
          <ns3:TrackPointExtension>
            <ns3:hr>144</ns3:hr>
            <ns3:cad>88</ns3:cad>
          </ns3:TrackPointExtension>
        </extensions>
      </trkpt>
      <trkpt lat="34.1811230219900608062744140625" lon="108.92587828449904918670654296875">
        <ele>434.399993896484375</ele>
        <time>2026-09-15T00:52:09.000Z</time>
        <extensions>
          <ns3:TrackPointExtension>
            <ns3:hr>144</ns3:hr>
            <ns3:cad>88</ns3:cad>
          </ns3:TrackPointExtension>
        </extensions>
      </trkpt>
      <trkpt lat="34.18111857958137989044189453125" lon="108.92590845935046672821044921875">
        <ele>434.399993896484375</ele>
        <time>2026-09-15T00:52:10.000Z</time>
        <extensions>
          <ns3:TrackPointExtension>
            <ns3:hr>145</ns3:hr>
            <ns3:cad>88</ns3:cad>
          </ns3:TrackPointExtension>
        </extensions>
      </trkpt>
      <trkpt lat="34.1811156459152698516845703125" lon="108.925927318632602691650390625">
        <ele>434.399993896484375</ele>
        <time>2026-09-15T00:52:11.000Z</time>
        <extensions>
          <ns3:TrackPointExtension>
            <ns3:hr>145</ns3:hr>
            <ns3:cad>88</ns3:cad>
          </ns3:TrackPointExtension>
        </extensions>
      </trkpt>
      <trkpt lat="34.1811086051166057586669921875" lon="108.92595455981791019439697265625">
        <ele>434.399993896484375</ele>
        <time>2026-09-15T00:52:12.000Z</time>
        <extensions>
          <ns3:TrackPointExtension>
            <ns3:hr>146</ns3:hr>
            <ns3:cad>89</ns3:cad>
          </ns3:TrackPointExtension>
        </extensions>
      </trkpt>
      <trkpt lat="34.1811042465269565582275390625" lon="108.92597719095647335052490234375">
        <ele>434.600006103515625</ele>
        <time>2026-09-15T00:52:13.000Z</time>
        <extensions>
          <ns3:TrackPointExtension>
            <ns3:hr>146</ns3:hr>
            <ns3:cad>88</ns3:cad>
          </ns3:TrackPointExtension>
        </extensions>
      </trkpt>
      <trkpt lat="34.18109477497637271881103515625" lon="108.9260032586753368377685546875">
        <ele>434.600006103515625</ele>
        <time>2026-09-15T00:52:14.000Z</time>
        <extensions>
          <ns3:TrackPointExtension>
            <ns3:hr>147</ns3:hr>
            <ns3:cad>88</ns3:cad>
          </ns3:TrackPointExtension>
        </extensions>
      </trkpt>
      <trkpt lat="34.181094355881214141845703125" lon="108.92602480016648769378662109375">
        <ele>434.600006103515625</ele>
        <time>2026-09-15T00:52:15.000Z</time>
        <extensions>
          <ns3:TrackPointExtension>
            <ns3:hr>147</ns3:hr>
            <ns3:cad>88</ns3:cad>
          </ns3:TrackPointExtension>
        </extensions>
      </trkpt>
      <trkpt lat="34.18109158985316753387451171875" lon="108.9260585792362689971923828125">
        <ele>434.79998779296875</ele>
        <time>2026-09-15T00:52:16.000Z</time>
        <extensions>
          <ns3:TrackPointExtension>
            <ns3:hr>147</ns3:hr>
            <ns3:cad>88</ns3:cad>
          </ns3:TrackPointExtension>
        </extensions>
      </trkpt>
      <trkpt lat="34.18108723126351833343505859375" lon="108.926076851785182952880859375">
        <ele>435</ele>
        <time>2026-09-15T00:52:17.000Z</time>
        <extensions>
          <ns3:TrackPointExtension>
            <ns3:hr>147</ns3:hr>
            <ns3:cad>88</ns3:cad>
          </ns3:TrackPointExtension>
        </extensions>
      </trkpt>
      <trkpt lat="34.18108337558805942535400390625" lon="108.92610602080821990966796875">
        <ele>435</ele>
        <time>2026-09-15T00:52:18.000Z</time>
        <extensions>
          <ns3:TrackPointExtension>
            <ns3:hr>147</ns3:hr>
            <ns3:cad>89</ns3:cad>
          </ns3:TrackPointExtension>
        </extensions>
      </trkpt>
      <trkpt lat="34.1810841299593448638916015625" lon="108.92612923868000507354736328125">
        <ele>435.20001220703125</ele>
        <time>2026-09-15T00:52:19.000Z</time>
        <extensions>
          <ns3:TrackPointExtension>
            <ns3:hr>148</ns3:hr>
            <ns3:cad>89</ns3:cad>
          </ns3:TrackPointExtension>
        </extensions>
      </trkpt>
      <trkpt lat="34.18108890764415264129638671875" lon="108.92615832388401031494140625">
        <ele>435.20001220703125</ele>
        <time>2026-09-15T00:52:20.000Z</time>
        <extensions>
          <ns3:TrackPointExtension>
            <ns3:hr>148</ns3:hr>
            <ns3:cad>89</ns3:cad>
          </ns3:TrackPointExtension>
        </extensions>
      </trkpt>
      <trkpt lat="34.1810888238251209259033203125" lon="108.92617936246097087860107421875">
        <ele>435.20001220703125</ele>
        <time>2026-09-15T00:52:21.000Z</time>
        <extensions>
          <ns3:TrackPointExtension>
            <ns3:hr>148</ns3:hr>
            <ns3:cad>89</ns3:cad>
          </ns3:TrackPointExtension>
        </extensions>
      </trkpt>
      <trkpt lat="34.181091673672199249267578125" lon="108.926208280026912689208984375">
        <ele>435.20001220703125</ele>
        <time>2026-09-15T00:52:22.000Z</time>
        <extensions>
          <ns3:TrackPointExtension>
            <ns3:hr>148</ns3:hr>
            <ns3:cad>88</ns3:cad>
          </ns3:TrackPointExtension>
        </extensions>
      </trkpt>
      <trkpt lat="34.1810886561870574951171875" lon="108.9262329228222370147705078125">
        <ele>435.399993896484375</ele>
        <time>2026-09-15T00:52:23.000Z</time>
        <extensions>
          <ns3:TrackPointExtension>
            <ns3:hr>149</ns3:hr>
            <ns3:cad>88</ns3:cad>
          </ns3:TrackPointExtension>
        </extensions>
      </trkpt>
      <trkpt lat="34.181088991463184356689453125" lon="108.92626100219786167144775390625">
        <ele>435.399993896484375</ele>
        <time>2026-09-15T00:52:24.000Z</time>
        <extensions>
          <ns3:TrackPointExtension>
            <ns3:hr>150</ns3:hr>
            <ns3:cad>88</ns3:cad>
          </ns3:TrackPointExtension>
        </extensions>
      </trkpt>
      <trkpt lat="34.18108337558805942535400390625" lon="108.92628866247832775115966796875">
        <ele>435.399993896484375</ele>
        <time>2026-09-15T00:52:25.000Z</time>
        <extensions>
          <ns3:TrackPointExtension>
            <ns3:hr>150</ns3:hr>
            <ns3:cad>88</ns3:cad>
          </ns3:TrackPointExtension>
        </extensions>
      </trkpt>
      <trkpt lat="34.18107750825583934783935546875" lon="108.926307857036590576171875">
        <ele>435.600006103515625</ele>
        <time>2026-09-15T00:52:26.000Z</time>
        <extensions>
          <ns3:TrackPointExtension>
            <ns3:hr>151</ns3:hr>
            <ns3:cad>89</ns3:cad>
          </ns3:TrackPointExtension>
        </extensions>
      </trkpt>
      <trkpt lat="34.18106778524816036224365234375" lon="108.92633761279284954071044921875">
        <ele>435.600006103515625</ele>
        <time>2026-09-15T00:52:27.000Z</time>
        <extensions>
          <ns3:TrackPointExtension>
            <ns3:hr>151</ns3:hr>
            <ns3:cad>88</ns3:cad>
          </ns3:TrackPointExtension>
        </extensions>
      </trkpt>
      <trkpt lat="34.1810650192201137542724609375" lon="108.92635772936046123504638671875">
        <ele>435.600006103515625</ele>
        <time>2026-09-15T00:52:28.000Z</time>
        <extensions>
          <ns3:TrackPointExtension>
            <ns3:hr>151</ns3:hr>
            <ns3:cad>88</ns3:cad>
          </ns3:TrackPointExtension>
        </extensions>
      </trkpt>
      <trkpt lat="34.18105856515467166900634765625" lon="108.926389999687671661376953125">
        <ele>435.600006103515625</ele>
        <time>2026-09-15T00:52:29.000Z</time>
        <extensions>
          <ns3:TrackPointExtension>
            <ns3:hr>152</ns3:hr>
            <ns3:cad>88</ns3:cad>
          </ns3:TrackPointExtension>
        </extensions>
      </trkpt>
      <trkpt lat="34.18105588294565677642822265625" lon="108.9264143072068691253662109375">
        <ele>435.600006103515625</ele>
        <time>2026-09-15T00:52:30.000Z</time>
        <extensions>
          <ns3:TrackPointExtension>
            <ns3:hr>152</ns3:hr>
            <ns3:cad>88</ns3:cad>
          </ns3:TrackPointExtension>
        </extensions>
      </trkpt>
      <trkpt lat="34.1810489259660243988037109375" lon="108.9264347590506076812744140625">
        <ele>435.79998779296875</ele>
        <time>2026-09-15T00:52:31.000Z</time>
        <extensions>
          <ns3:TrackPointExtension>
            <ns3:hr>152</ns3:hr>
            <ns3:cad>88</ns3:cad>
          </ns3:TrackPointExtension>
        </extensions>
      </trkpt>
      <trkpt lat="34.18103978969156742095947265625" lon="108.92645630054175853729248046875">
        <ele>435.79998779296875</ele>
        <time>2026-09-15T00:52:32.000Z</time>
        <extensions>
          <ns3:TrackPointExtension>
            <ns3:hr>152</ns3:hr>
            <ns3:cad>88</ns3:cad>
          </ns3:TrackPointExtension>
        </extensions>
      </trkpt>
      <trkpt lat="34.1810338385403156280517578125" lon="108.92648949287831783294677734375">
        <ele>435.79998779296875</ele>
        <time>2026-09-15T00:52:33.000Z</time>
        <extensions>
          <ns3:TrackPointExtension>
            <ns3:hr>153</ns3:hr>
            <ns3:cad>88</ns3:cad>
          </ns3:TrackPointExtension>
        </extensions>
      </trkpt>
      <trkpt lat="34.18103107251226902008056640625" lon="108.92651128582656383514404296875">
        <ele>435.79998779296875</ele>
        <time>2026-09-15T00:52:34.000Z</time>
        <extensions>
          <ns3:TrackPointExtension>
            <ns3:hr>153</ns3:hr>
            <ns3:cad>88</ns3:cad>
          </ns3:TrackPointExtension>
        </extensions>
      </trkpt>
      <trkpt lat="34.18102168478071689605712890625" lon="108.9265393652021884918212890625">
        <ele>436</ele>
        <time>2026-09-15T00:52:35.000Z</time>
        <extensions>
          <ns3:TrackPointExtension>
            <ns3:hr>153</ns3:hr>
            <ns3:cad>88</ns3:cad>
          </ns3:TrackPointExtension>
        </extensions>
      </trkpt>
      <trkpt lat="34.1810174100100994110107421875" lon="108.926558978855609893798828125">
        <ele>436</ele>
        <time>2026-09-15T00:52:36.000Z</time>
        <extensions>
          <ns3:TrackPointExtension>
            <ns3:hr>154</ns3:hr>
            <ns3:cad>88</ns3:cad>
          </ns3:TrackPointExtension>
        </extensions>
      </trkpt>
      <trkpt lat="34.181013219058513641357421875" lon="108.92659284174442291259765625">
        <ele>436</ele>
        <time>2026-09-15T00:52:37.000Z</time>
        <extensions>
          <ns3:TrackPointExtension>
            <ns3:hr>155</ns3:hr>
            <ns3:cad>89</ns3:cad>
          </ns3:TrackPointExtension>
        </extensions>
      </trkpt>
      <trkpt lat="34.18101648800075054168701171875" lon="108.92662008292973041534423828125">
        <ele>436</ele>
        <time>2026-09-15T00:52:38.000Z</time>
        <extensions>
          <ns3:TrackPointExtension>
            <ns3:hr>155</ns3:hr>
            <ns3:cad>89</ns3:cad>
          </ns3:TrackPointExtension>
        </extensions>
      </trkpt>
      <trkpt lat="34.181013219058513641357421875" lon="108.92665344290435314178466796875">
        <ele>436</ele>
        <time>2026-09-15T00:52:39.000Z</time>
        <extensions>
          <ns3:TrackPointExtension>
            <ns3:hr>155</ns3:hr>
            <ns3:cad>89</ns3:cad>
          </ns3:TrackPointExtension>
        </extensions>
      </trkpt>
      <trkpt lat="34.18101246468722820281982421875" lon="108.926682360470294952392578125">
        <ele>436.20001220703125</ele>
        <time>2026-09-15T00:52:40.000Z</time>
        <extensions>
          <ns3:TrackPointExtension>
            <ns3:hr>155</ns3:hr>
            <ns3:cad>88</ns3:cad>
          </ns3:TrackPointExtension>
        </extensions>
      </trkpt>
      <trkpt lat="34.18100844137370586395263671875" lon="108.92671597190201282501220703125">
        <ele>436.20001220703125</ele>
        <time>2026-09-15T00:52:41.000Z</time>
        <extensions>
          <ns3:TrackPointExtension>
            <ns3:hr>156</ns3:hr>
            <ns3:cad>88</ns3:cad>
          </ns3:TrackPointExtension>
        </extensions>
      </trkpt>
      <trkpt lat="34.1810086928308010101318359375" lon="108.92674195580184459686279296875">
        <ele>436.20001220703125</ele>
        <time>2026-09-15T00:52:42.000Z</time>
        <extensions>
          <ns3:TrackPointExtension>
            <ns3:hr>156</ns3:hr>
            <ns3:cad>88</ns3:cad>
          </ns3:TrackPointExtension>
        </extensions>
      </trkpt>
      <trkpt lat="34.1810026578605175018310546875" lon="108.92677296884357929229736328125">
        <ele>436.20001220703125</ele>
        <time>2026-09-15T00:52:43.000Z</time>
        <extensions>
          <ns3:TrackPointExtension>
            <ns3:hr>156</ns3:hr>
            <ns3:cad>88</ns3:cad>
          </ns3:TrackPointExtension>
        </extensions>
      </trkpt>
      <trkpt lat="34.18100056238472461700439453125" lon="108.9268008805811405181884765625">
        <ele>436.399993896484375</ele>
        <time>2026-09-15T00:52:44.000Z</time>
        <extensions>
          <ns3:TrackPointExtension>
            <ns3:hr>156</ns3:hr>
            <ns3:cad>89</ns3:cad>
          </ns3:TrackPointExtension>
        </extensions>
      </trkpt>
      <trkpt lat="34.18099251575767993927001953125" lon="108.92682963050901889801025390625">
        <ele>436.399993896484375</ele>
        <time>2026-09-15T00:52:45.000Z</time>
        <extensions>
          <ns3:TrackPointExtension>
            <ns3:hr>156</ns3:hr>
            <ns3:cad>89</ns3:cad>
          </ns3:TrackPointExtension>
        </extensions>
      </trkpt>
      <trkpt lat="34.18098279275000095367431640625" lon="108.92685209400951862335205078125">
        <ele>436.399993896484375</ele>
        <time>2026-09-15T00:52:46.000Z</time>
        <extensions>
          <ns3:TrackPointExtension>
            <ns3:hr>156</ns3:hr>
            <ns3:cad>89</ns3:cad>
          </ns3:TrackPointExtension>
        </extensions>
      </trkpt>
      <trkpt lat="34.18097457848489284515380859375" lon="108.92687715590000152587890625">
        <ele>436.600006103515625</ele>
        <time>2026-09-15T00:52:47.000Z</time>
        <extensions>
          <ns3:TrackPointExtension>
            <ns3:hr>156</ns3:hr>
            <ns3:cad>89</ns3:cad>
          </ns3:TrackPointExtension>
        </extensions>
      </trkpt>
      <trkpt lat="34.18096334673464298248291015625" lon="108.9268984459340572357177734375">
        <ele>436.600006103515625</ele>
        <time>2026-09-15T00:52:48.000Z</time>
        <extensions>
          <ns3:TrackPointExtension>
            <ns3:hr>156</ns3:hr>
            <ns3:cad>89</ns3:cad>
          </ns3:TrackPointExtension>
        </extensions>
      </trkpt>
      <trkpt lat="34.1809580661356449127197265625" lon="108.9269195683300495147705078125">
        <ele>436.600006103515625</ele>
        <time>2026-09-15T00:52:49.000Z</time>
        <extensions>
          <ns3:TrackPointExtension>
            <ns3:hr>156</ns3:hr>
            <ns3:cad>89</ns3:cad>
          </ns3:TrackPointExtension>
        </extensions>
      </trkpt>
      <trkpt lat="34.18094851076602935791015625" lon="108.92695016227662563323974609375">
        <ele>436.79998779296875</ele>
        <time>2026-09-15T00:52:50.000Z</time>
        <extensions>
          <ns3:TrackPointExtension>
            <ns3:hr>156</ns3:hr>
            <ns3:cad>88</ns3:cad>
          </ns3:TrackPointExtension>
        </extensions>
      </trkpt>
      <trkpt lat="34.1809513606131076812744140625" lon="108.926978074014186859130859375">
        <ele>436.600006103515625</ele>
        <time>2026-09-15T00:52:51.000Z</time>
        <extensions>
          <ns3:TrackPointExtension>
            <ns3:hr>156</ns3:hr>
            <ns3:cad>88</ns3:cad>
          </ns3:TrackPointExtension>
        </extensions>
      </trkpt>
      <trkpt lat="34.1809490136802196502685546875" lon="108.92701034434139728546142578125">
        <ele>436.600006103515625</ele>
        <time>2026-09-15T00:52:52.000Z</time>
        <extensions>
          <ns3:TrackPointExtension>
            <ns3:hr>156</ns3:hr>
            <ns3:cad>88</ns3:cad>
          </ns3:TrackPointExtension>
        </extensions>
      </trkpt>
      <trkpt lat="34.180953204631805419921875" lon="108.927029706537723541259765625">
        <ele>436.79998779296875</ele>
        <time>2026-09-15T00:52:53.000Z</time>
        <extensions>
          <ns3:TrackPointExtension>
            <ns3:hr>157</ns3:hr>
            <ns3:cad>88</ns3:cad>
          </ns3:TrackPointExtension>
        </extensions>
      </trkpt>
      <trkpt lat="34.18095630593597888946533203125" lon="108.92706147395074367523193359375">
        <ele>436.79998779296875</ele>
        <time>2026-09-15T00:52:54.000Z</time>
        <extensions>
          <ns3:TrackPointExtension>
            <ns3:hr>157</ns3:hr>
            <ns3:cad>88</ns3:cad>
          </ns3:TrackPointExtension>
        </extensions>
      </trkpt>
      <trkpt lat="34.1809610836207866668701171875" lon="108.9270815066993236541748046875">
        <ele>436.79998779296875</ele>
        <time>2026-09-15T00:52:55.000Z</time>
        <extensions>
          <ns3:TrackPointExtension>
            <ns3:hr>157</ns3:hr>
            <ns3:cad>88</ns3:cad>
          </ns3:TrackPointExtension>
        </extensions>
      </trkpt>
      <trkpt lat="34.18096602894365787506103515625" lon="108.92710992135107517242431640625">
        <ele>436.79998779296875</ele>
        <time>2026-09-15T00:52:56.000Z</time>
        <extensions>
          <ns3:TrackPointExtension>
            <ns3:hr>157</ns3:hr>
            <ns3:cad>88</ns3:cad>
          </ns3:TrackPointExtension>
        </extensions>
      </trkpt>
      <trkpt lat="34.1809684596955776214599609375" lon="108.92713188193738460540771484375">
        <ele>437</ele>
        <time>2026-09-15T00:52:57.000Z</time>
        <extensions>
          <ns3:TrackPointExtension>
            <ns3:hr>157</ns3:hr>
            <ns3:cad>88</ns3:cad>
          </ns3:TrackPointExtension>
        </extensions>
      </trkpt>
      <trkpt lat="34.1809798590838909149169921875" lon="108.92715753056108951568603515625">
        <ele>437</ele>
        <time>2026-09-15T00:52:58.000Z</time>
        <extensions>
          <ns3:TrackPointExtension>
            <ns3:hr>157</ns3:hr>
            <ns3:cad>88</ns3:cad>
          </ns3:TrackPointExtension>
        </extensions>
      </trkpt>
      <trkpt lat="34.1809865646064281463623046875" lon="108.92718485556542873382568359375">
        <ele>437.20001220703125</ele>
        <time>2026-09-15T00:52:59.000Z</time>
        <extensions>
          <ns3:TrackPointExtension>
            <ns3:hr>157</ns3:hr>
            <ns3:cad>87</ns3:cad>
          </ns3:TrackPointExtension>
        </extensions>
      </trkpt>
      <trkpt lat="34.18099083937704563140869140625" lon="108.92721201293170452117919921875">
        <ele>437.399993896484375</ele>
        <time>2026-09-15T00:53:00.000Z</time>
        <extensions>
          <ns3:TrackPointExtension>
            <ns3:hr>157</ns3:hr>
            <ns3:cad>87</ns3:cad>
          </ns3:TrackPointExtension>
        </extensions>
      </trkpt>
      <trkpt lat="34.180993102490901947021484375" lon="108.92724352888762950897216796875">
        <ele>437.399993896484375</ele>
        <time>2026-09-15T00:53:01.000Z</time>
        <extensions>
          <ns3:TrackPointExtension>
            <ns3:hr>158</ns3:hr>
            <ns3:cad>86</ns3:cad>
          </ns3:TrackPointExtension>
        </extensions>
      </trkpt>
      <trkpt lat="34.180999137461185455322265625" lon="108.9272602088749408721923828125">
        <ele>437.399993896484375</ele>
        <time>2026-09-15T00:53:02.000Z</time>
        <extensions>
          <ns3:TrackPointExtension>
            <ns3:hr>158</ns3:hr>
            <ns3:cad>86</ns3:cad>
          </ns3:TrackPointExtension>
        </extensions>
      </trkpt>
      <trkpt lat="34.18100073002278804779052734375" lon="108.92728862352669239044189453125">
        <ele>437.399993896484375</ele>
        <time>2026-09-15T00:53:03.000Z</time>
        <extensions>
          <ns3:TrackPointExtension>
            <ns3:hr>158</ns3:hr>
            <ns3:cad>86</ns3:cad>
          </ns3:TrackPointExtension>
        </extensions>
      </trkpt>
      <trkpt lat="34.1809982992708683013916015625" lon="108.92731360159814357757568359375">
        <ele>437.399993896484375</ele>
        <time>2026-09-15T00:53:04.000Z</time>
        <extensions>
          <ns3:TrackPointExtension>
            <ns3:hr>158</ns3:hr>
            <ns3:cad>86</ns3:cad>
          </ns3:TrackPointExtension>
        </extensions>
      </trkpt>
      <trkpt lat="34.18099285103380680084228515625" lon="108.92734226770699024200439453125">
        <ele>437.20001220703125</ele>
        <time>2026-09-15T00:53:05.000Z</time>
        <extensions>
          <ns3:TrackPointExtension>
            <ns3:hr>159</ns3:hr>
            <ns3:cad>87</ns3:cad>
          </ns3:TrackPointExtension>
        </extensions>
      </trkpt>
      <trkpt lat="34.18098648078739643096923828125" lon="108.9273671619594097137451171875">
        <ele>437.399993896484375</ele>
        <time>2026-09-15T00:53:06.000Z</time>
        <extensions>
          <ns3:TrackPointExtension>
            <ns3:hr>159</ns3:hr>
            <ns3:cad>87</ns3:cad>
          </ns3:TrackPointExtension>
        </extensions>
      </trkpt>
      <trkpt lat="34.18098631314933300018310546875" lon="108.92739750444889068603515625">
        <ele>437.20001220703125</ele>
        <time>2026-09-15T00:53:07.000Z</time>
        <extensions>
          <ns3:TrackPointExtension>
            <ns3:hr>159</ns3:hr>
            <ns3:cad>86</ns3:cad>
          </ns3:TrackPointExtension>
        </extensions>
      </trkpt>
      <trkpt lat="34.18098027817904949188232421875" lon="108.9274204708635807037353515625">
        <ele>437.20001220703125</ele>
        <time>2026-09-15T00:53:08.000Z</time>
        <extensions>
          <ns3:TrackPointExtension>
            <ns3:hr>159</ns3:hr>
            <ns3:cad>86</ns3:cad>
          </ns3:TrackPointExtension>
        </extensions>
      </trkpt>
      <trkpt lat="34.180981032550334930419921875" lon="108.92744720913469791412353515625">
        <ele>437.20001220703125</ele>
        <time>2026-09-15T00:53:09.000Z</time>
        <extensions>
          <ns3:TrackPointExtension>
            <ns3:hr>159</ns3:hr>
            <ns3:cad>86</ns3:cad>
          </ns3:TrackPointExtension>
        </extensions>
      </trkpt>
      <trkpt lat="34.18097793124616146087646484375" lon="108.92747185193002223968505859375">
        <ele>437.399993896484375</ele>
        <time>2026-09-15T00:53:10.000Z</time>
        <extensions>
          <ns3:TrackPointExtension>
            <ns3:hr>159</ns3:hr>
            <ns3:cad>86</ns3:cad>
          </ns3:TrackPointExtension>
        </extensions>
      </trkpt>
      <trkpt lat="34.18097977526485919952392578125" lon="108.92749850638210773468017578125">
        <ele>437.399993896484375</ele>
        <time>2026-09-15T00:53:11.000Z</time>
        <extensions>
          <ns3:TrackPointExtension>
            <ns3:hr>159</ns3:hr>
            <ns3:cad>89</ns3:cad>
          </ns3:TrackPointExtension>
        </extensions>
      </trkpt>
      <trkpt lat="34.18097340501844882965087890625" lon="108.92752490937709808349609375">
        <ele>437.399993896484375</ele>
        <time>2026-09-15T00:53:12.000Z</time>
        <extensions>
          <ns3:TrackPointExtension>
            <ns3:hr>158</ns3:hr>
            <ns3:cad>89</ns3:cad>
          </ns3:TrackPointExtension>
        </extensions>
      </trkpt>
      <trkpt lat="34.1809785179793834686279296875" lon="108.927548043429851531982421875">
        <ele>437.399993896484375</ele>
        <time>2026-09-15T00:53:13.000Z</time>
        <extensions>
          <ns3:TrackPointExtension>
            <ns3:hr>159</ns3:hr>
            <ns3:cad>89</ns3:cad>
          </ns3:TrackPointExtension>
        </extensions>
      </trkpt>
      <trkpt lat="34.180974997580051422119140625" lon="108.9275773800909519195556640625">
        <ele>437.600006103515625</ele>
        <time>2026-09-15T00:53:14.000Z</time>
        <extensions>
          <ns3:TrackPointExtension>
            <ns3:hr>159</ns3:hr>
            <ns3:cad>88</ns3:cad>
          </ns3:TrackPointExtension>
        </extensions>
      </trkpt>
      <trkpt lat="34.18097533285617828369140625" lon="108.92760344780981540679931640625">
        <ele>437.600006103515625</ele>
        <time>2026-09-15T00:53:15.000Z</time>
        <extensions>
          <ns3:TrackPointExtension>
            <ns3:hr>159</ns3:hr>
            <ns3:cad>87</ns3:cad>
          </ns3:TrackPointExtension>
        </extensions>
      </trkpt>
      <trkpt lat="34.18096971698105335235595703125" lon="108.92763546667993068695068359375">
        <ele>437.600006103515625</ele>
        <time>2026-09-15T00:53:16.000Z</time>
        <extensions>
          <ns3:TrackPointExtension>
            <ns3:hr>159</ns3:hr>
            <ns3:cad>87</ns3:cad>
          </ns3:TrackPointExtension>
        </extensions>
      </trkpt>
      <trkpt lat="34.1809671185910701751708984375" lon="108.9276554994285106658935546875">
        <ele>437.600006103515625</ele>
        <time>2026-09-15T00:53:17.000Z</time>
        <extensions>
          <ns3:TrackPointExtension>
            <ns3:hr>159</ns3:hr>
            <ns3:cad>87</ns3:cad>
          </ns3:TrackPointExtension>
        </extensions>
      </trkpt>
      <trkpt lat="34.18095898814499378204345703125" lon="108.92768944613635540008544921875">
        <ele>437.600006103515625</ele>
        <time>2026-09-15T00:53:18.000Z</time>
        <extensions>
          <ns3:TrackPointExtension>
            <ns3:hr>159</ns3:hr>
            <ns3:cad>87</ns3:cad>
          </ns3:TrackPointExtension>
        </extensions>
      </trkpt>
      <trkpt lat="34.18095530010759830474853515625" lon="108.9277111552655696868896484375">
        <ele>437.600006103515625</ele>
        <time>2026-09-15T00:53:19.000Z</time>
        <extensions>
          <ns3:TrackPointExtension>
            <ns3:hr>159</ns3:hr>
            <ns3:cad>88</ns3:cad>
          </ns3:TrackPointExtension>
        </extensions>
      </trkpt>
      <trkpt lat="34.18095177970826625823974609375" lon="108.927738480269908905029296875">
        <ele>437.600006103515625</ele>
        <time>2026-09-15T00:53:20.000Z</time>
        <extensions>
          <ns3:TrackPointExtension>
            <ns3:hr>159</ns3:hr>
            <ns3:cad>88</ns3:cad>
          </ns3:TrackPointExtension>
        </extensions>
      </trkpt>
      <trkpt lat="34.18095127679407596588134765625" lon="108.9277614466845989227294921875">
        <ele>437.600006103515625</ele>
        <time>2026-09-15T00:53:21.000Z</time>
        <extensions>
          <ns3:TrackPointExtension>
            <ns3:hr>159</ns3:hr>
            <ns3:cad>87</ns3:cad>
          </ns3:TrackPointExtension>
        </extensions>
      </trkpt>
      <trkpt lat="34.18094876222312450408935546875" lon="108.927788436412811279296875">
        <ele>437.600006103515625</ele>
        <time>2026-09-15T00:53:22.000Z</time>
        <extensions>
          <ns3:TrackPointExtension>
            <ns3:hr>160</ns3:hr>
            <ns3:cad>87</ns3:cad>
          </ns3:TrackPointExtension>
        </extensions>
      </trkpt>
      <trkpt lat="34.18094507418572902679443359375" lon="108.9278097264468669891357421875">
        <ele>437.600006103515625</ele>
        <time>2026-09-15T00:53:23.000Z</time>
        <extensions>
          <ns3:TrackPointExtension>
            <ns3:hr>159</ns3:hr>
            <ns3:cad>87</ns3:cad>
          </ns3:TrackPointExtension>
        </extensions>
      </trkpt>
      <trkpt lat="34.18094306252896785736083984375" lon="108.92783126793801784515380859375">
        <ele>437.600006103515625</ele>
        <time>2026-09-15T00:53:24.000Z</time>
        <extensions>
          <ns3:TrackPointExtension>
            <ns3:hr>160</ns3:hr>
            <ns3:cad>88</ns3:cad>
          </ns3:TrackPointExtension>
        </extensions>
      </trkpt>
      <trkpt lat="34.1809396259486675262451171875" lon="108.92785557545721530914306640625">
        <ele>437.79998779296875</ele>
        <time>2026-09-15T00:53:25.000Z</time>
        <extensions>
          <ns3:TrackPointExtension>
            <ns3:hr>160</ns3:hr>
            <ns3:cad>88</ns3:cad>
          </ns3:TrackPointExtension>
        </extensions>
      </trkpt>
      <trkpt lat="34.180938117206096649169921875" lon="108.92787988297641277313232421875">
        <ele>437.79998779296875</ele>
        <time>2026-09-15T00:53:26.000Z</time>
        <extensions>
          <ns3:TrackPointExtension>
            <ns3:hr>160</ns3:hr>
            <ns3:cad>88</ns3:cad>
          </ns3:TrackPointExtension>
        </extensions>
      </trkpt>
      <trkpt lat="34.180934093892574310302734375" lon="108.92790234647691249847412109375">
        <ele>437.79998779296875</ele>
        <time>2026-09-15T00:53:27.000Z</time>
        <extensions>
          <ns3:TrackPointExtension>
            <ns3:hr>161</ns3:hr>
            <ns3:cad>88</ns3:cad>
          </ns3:TrackPointExtension>
        </extensions>
      </trkpt>
      <trkpt lat="34.18093375861644744873046875" lon="108.92792698927223682403564453125">
        <ele>437.79998779296875</ele>
        <time>2026-09-15T00:53:28.000Z</time>
        <extensions>
          <ns3:TrackPointExtension>
            <ns3:hr>162</ns3:hr>
            <ns3:cad>87</ns3:cad>
          </ns3:TrackPointExtension>
        </extensions>
      </trkpt>
      <trkpt lat="34.18092914856970310211181640625" lon="108.9279518835246562957763671875">
        <ele>437.79998779296875</ele>
        <time>2026-09-15T00:53:29.000Z</time>
        <extensions>
          <ns3:TrackPointExtension>
            <ns3:hr>162</ns3:hr>
            <ns3:cad>87</ns3:cad>
          </ns3:TrackPointExtension>
        </extensions>
      </trkpt>
      <trkpt lat="34.18092847801744937896728515625" lon="108.92797661013901233673095703125">
        <ele>437.79998779296875</ele>
        <time>2026-09-15T00:53:30.000Z</time>
        <extensions>
          <ns3:TrackPointExtension>
            <ns3:hr>163</ns3:hr>
            <ns3:cad>87</ns3:cad>
          </ns3:TrackPointExtension>
        </extensions>
      </trkpt>
      <trkpt lat="34.18092378415167331695556640625" lon="108.92800561152398586273193359375">
        <ele>437.600006103515625</ele>
        <time>2026-09-15T00:53:31.000Z</time>
        <extensions>
          <ns3:TrackPointExtension>
            <ns3:hr>163</ns3:hr>
            <ns3:cad>87</ns3:cad>
          </ns3:TrackPointExtension>
        </extensions>
      </trkpt>
      <trkpt lat="34.180922023952007293701171875" lon="108.928026817739009857177734375">
        <ele>437.600006103515625</ele>
        <time>2026-09-15T00:53:32.000Z</time>
        <extensions>
          <ns3:TrackPointExtension>
            <ns3:hr>163</ns3:hr>
            <ns3:cad>89</ns3:cad>
          </ns3:TrackPointExtension>
        </extensions>
      </trkpt>
      <trkpt lat="34.180916659533977508544921875" lon="108.928060345351696014404296875">
        <ele>437.600006103515625</ele>
        <time>2026-09-15T00:53:33.000Z</time>
        <extensions>
          <ns3:TrackPointExtension>
            <ns3:hr>164</ns3:hr>
            <ns3:cad>88</ns3:cad>
          </ns3:TrackPointExtension>
        </extensions>
      </trkpt>
      <trkpt lat="34.18091422878205776214599609375" lon="108.92808121629059314727783203125">
        <ele>437.600006103515625</ele>
        <time>2026-09-15T00:53:34.000Z</time>
        <extensions>
          <ns3:TrackPointExtension>
            <ns3:hr>164</ns3:hr>
            <ns3:cad>88</ns3:cad>
          </ns3:TrackPointExtension>
        </extensions>
      </trkpt>
      <trkpt lat="34.180909954011440277099609375" lon="108.9281148277223110198974609375">
        <ele>437.600006103515625</ele>
        <time>2026-09-15T00:53:35.000Z</time>
        <extensions>
          <ns3:TrackPointExtension>
            <ns3:hr>164</ns3:hr>
            <ns3:cad>88</ns3:cad>
          </ns3:TrackPointExtension>
        </extensions>
      </trkpt>
      <trkpt lat="34.18090785853564739227294921875" lon="108.92814190126955509185791015625">
        <ele>437.600006103515625</ele>
        <time>2026-09-15T00:53:36.000Z</time>
        <extensions>
          <ns3:TrackPointExtension>
            <ns3:hr>164</ns3:hr>
            <ns3:cad>88</ns3:cad>
          </ns3:TrackPointExtension>
        </extensions>
      </trkpt>
      <trkpt lat="34.18090349994599819183349609375" lon="108.9281694777309894561767578125">
        <ele>437.600006103515625</ele>
        <time>2026-09-15T00:53:37.000Z</time>
        <extensions>
          <ns3:TrackPointExtension>
            <ns3:hr>163</ns3:hr>
            <ns3:cad>89</ns3:cad>
          </ns3:TrackPointExtension>
        </extensions>
      </trkpt>
      <trkpt lat="34.18089880608022212982177734375" lon="108.92819789238274097442626953125">
        <ele>437.600006103515625</ele>
        <time>2026-09-15T00:53:38.000Z</time>
        <extensions>
          <ns3:TrackPointExtension>
            <ns3:hr>164</ns3:hr>
            <ns3:cad>89</ns3:cad>
          </ns3:TrackPointExtension>
        </extensions>
      </trkpt>
      <trkpt lat="34.180897213518619537353515625" lon="108.9282237924635410308837890625">
        <ele>437.600006103515625</ele>
        <time>2026-09-15T00:53:39.000Z</time>
        <extensions>
          <ns3:TrackPointExtension>
            <ns3:hr>164</ns3:hr>
            <ns3:cad>89</ns3:cad>
          </ns3:TrackPointExtension>
        </extensions>
      </trkpt>
      <trkpt lat="34.18089109472930431365966796875" lon="108.92825438641011714935302734375">
        <ele>437.600006103515625</ele>
        <time>2026-09-15T00:53:40.000Z</time>
        <extensions>
          <ns3:TrackPointExtension>
            <ns3:hr>164</ns3:hr>
            <ns3:cad>88</ns3:cad>
          </ns3:TrackPointExtension>
        </extensions>
      </trkpt>
      <trkpt lat="34.18089092709124088287353515625" lon="108.9282794483006000518798828125">
        <ele>437.600006103515625</ele>
        <time>2026-09-15T00:53:41.000Z</time>
        <extensions>
          <ns3:TrackPointExtension>
            <ns3:hr>164</ns3:hr>
            <ns3:cad>88</ns3:cad>
          </ns3:TrackPointExtension>
        </extensions>
      </trkpt>
      <trkpt lat="34.1808859817683696746826171875" lon="108.92830853350460529327392578125">
        <ele>437.600006103515625</ele>
        <time>2026-09-15T00:53:42.000Z</time>
        <extensions>
          <ns3:TrackPointExtension>
            <ns3:hr>164</ns3:hr>
            <ns3:cad>87</ns3:cad>
          </ns3:TrackPointExtension>
        </extensions>
      </trkpt>
      <trkpt lat="34.1808849759399890899658203125" lon="108.9283337630331516265869140625">
        <ele>437.399993896484375</ele>
        <time>2026-09-15T00:53:43.000Z</time>
        <extensions>
          <ns3:TrackPointExtension>
            <ns3:hr>164</ns3:hr>
            <ns3:cad>87</ns3:cad>
          </ns3:TrackPointExtension>
        </extensions>
      </trkpt>
      <trkpt lat="34.180881790816783905029296875" lon="108.9283579029142856597900390625">
        <ele>437.399993896484375</ele>
        <time>2026-09-15T00:53:44.000Z</time>
        <extensions>
          <ns3:TrackPointExtension>
            <ns3:hr>163</ns3:hr>
            <ns3:cad>87</ns3:cad>
          </ns3:TrackPointExtension>
        </extensions>
      </trkpt>
      <trkpt lat="34.1808806173503398895263671875" lon="108.92838187515735626220703125">
        <ele>437.600006103515625</ele>
        <time>2026-09-15T00:53:45.000Z</time>
        <extensions>
          <ns3:TrackPointExtension>
            <ns3:hr>163</ns3:hr>
            <ns3:cad>87</ns3:cad>
          </ns3:TrackPointExtension>
        </extensions>
      </trkpt>
      <trkpt lat="34.18087609112262725830078125" lon="108.92840743996202945709228515625">
        <ele>437.399993896484375</ele>
        <time>2026-09-15T00:53:46.000Z</time>
        <extensions>
          <ns3:TrackPointExtension>
            <ns3:hr>163</ns3:hr>
            <ns3:cad>88</ns3:cad>
          </ns3:TrackPointExtension>
        </extensions>
      </trkpt>
      <trkpt lat="34.1808762587606906890869140625" lon="108.92842948436737060546875">
        <ele>437.399993896484375</ele>
        <time>2026-09-15T00:53:47.000Z</time>
        <extensions>
          <ns3:TrackPointExtension>
            <ns3:hr>163</ns3:hr>
            <ns3:cad>88</ns3:cad>
          </ns3:TrackPointExtension>
        </extensions>
      </trkpt>
      <trkpt lat="34.180873073637485504150390625" lon="108.92845831811428070068359375">
        <ele>437.399993896484375</ele>
        <time>2026-09-15T00:53:48.000Z</time>
        <extensions>
          <ns3:TrackPointExtension>
            <ns3:hr>163</ns3:hr>
            <ns3:cad>88</ns3:cad>
          </ns3:TrackPointExtension>
        </extensions>
      </trkpt>
      <trkpt lat="34.1808745823800563812255859375" lon="108.92848220653831958770751953125">
        <ele>437.399993896484375</ele>
        <time>2026-09-15T00:53:49.000Z</time>
        <extensions>
          <ns3:TrackPointExtension>
            <ns3:hr>162</ns3:hr>
            <ns3:cad>88</ns3:cad>
          </ns3:TrackPointExtension>
        </extensions>
      </trkpt>
      <trkpt lat="34.18087131343781948089599609375" lon="108.9285171590745449066162109375">
        <ele>437.399993896484375</ele>
        <time>2026-09-15T00:53:50.000Z</time>
        <extensions>
          <ns3:TrackPointExtension>
            <ns3:hr>162</ns3:hr>
            <ns3:cad>88</ns3:cad>
          </ns3:TrackPointExtension>
        </extensions>
      </trkpt>
      <trkpt lat="34.1808702237904071807861328125" lon="108.92853970639407634735107421875">
        <ele>437.399993896484375</ele>
        <time>2026-09-15T00:53:51.000Z</time>
        <extensions>
          <ns3:TrackPointExtension>
            <ns3:hr>161</ns3:hr>
            <ns3:cad>88</ns3:cad>
          </ns3:TrackPointExtension>
        </extensions>
      </trkpt>
      <trkpt lat="34.180867038667201995849609375" lon="108.9285738207399845123291015625">
        <ele>437.399993896484375</ele>
        <time>2026-09-15T00:53:52.000Z</time>
        <extensions>
          <ns3:TrackPointExtension>
            <ns3:hr>162</ns3:hr>
            <ns3:cad>88</ns3:cad>
          </ns3:TrackPointExtension>
        </extensions>
      </trkpt>
      <trkpt lat="34.1808660328388214111328125" lon="108.92859536223113536834716796875">
        <ele>437.399993896484375</ele>
        <time>2026-09-15T00:53:53.000Z</time>
        <extensions>
          <ns3:TrackPointExtension>
            <ns3:hr>162</ns3:hr>
            <ns3:cad>88</ns3:cad>
          </ns3:TrackPointExtension>
        </extensions>
      </trkpt>
      <trkpt lat="34.18086133897304534912109375" lon="108.92862754873931407928466796875">
        <ele>437.399993896484375</ele>
        <time>2026-09-15T00:53:54.000Z</time>
        <extensions>
          <ns3:TrackPointExtension>
            <ns3:hr>162</ns3:hr>
            <ns3:cad>88</ns3:cad>
          </ns3:TrackPointExtension>
        </extensions>
      </trkpt>
      <trkpt lat="34.1808497719466686248779296875" lon="108.928650431334972381591796875">
        <ele>437.399993896484375</ele>
        <time>2026-09-15T00:53:55.000Z</time>
        <extensions>
          <ns3:TrackPointExtension>
            <ns3:hr>162</ns3:hr>
            <ns3:cad>88</ns3:cad>
          </ns3:TrackPointExtension>
        </extensions>
      </trkpt>
      <trkpt lat="34.18083996511995792388916015625" lon="108.92867867834866046905517578125">
        <ele>437.399993896484375</ele>
        <time>2026-09-15T00:53:56.000Z</time>
        <extensions>
          <ns3:TrackPointExtension>
            <ns3:hr>162</ns3:hr>
            <ns3:cad>88</ns3:cad>
          </ns3:TrackPointExtension>
        </extensions>
      </trkpt>
      <trkpt lat="34.18083543889224529266357421875" lon="108.9287017285823822021484375">
        <ele>437.399993896484375</ele>
        <time>2026-09-15T00:53:57.000Z</time>
        <extensions>
          <ns3:TrackPointExtension>
            <ns3:hr>161</ns3:hr>
            <ns3:cad>88</ns3:cad>
          </ns3:TrackPointExtension>
        </extensions>
      </trkpt>
      <trkpt lat="34.1808286495506763458251953125" lon="108.9287280477583408355712890625">
        <ele>437.399993896484375</ele>
        <time>2026-09-15T00:53:58.000Z</time>
        <extensions>
          <ns3:TrackPointExtension>
            <ns3:hr>162</ns3:hr>
            <ns3:cad>88</ns3:cad>
          </ns3:TrackPointExtension>
        </extensions>
      </trkpt>
      <trkpt lat="34.18082906864583492279052734375" lon="108.92875126563012599945068359375">
        <ele>437.399993896484375</ele>
        <time>2026-09-15T00:53:59.000Z</time>
        <extensions>
          <ns3:TrackPointExtension>
            <ns3:hr>162</ns3:hr>
            <ns3:cad>88</ns3:cad>
          </ns3:TrackPointExtension>
        </extensions>
      </trkpt>
      <trkpt lat="34.18083024211227893829345703125" lon="108.9287773333489894866943359375">
        <ele>437.399993896484375</ele>
        <time>2026-09-15T00:54:00.000Z</time>
        <extensions>
          <ns3:TrackPointExtension>
            <ns3:hr>161</ns3:hr>
            <ns3:cad>88</ns3:cad>
          </ns3:TrackPointExtension>
        </extensions>
      </trkpt>
      <trkpt lat="34.1808252967894077301025390625" lon="108.92880423925817012786865234375">
        <ele>437.399993896484375</ele>
        <time>2026-09-15T00:54:01.000Z</time>
        <extensions>
          <ns3:TrackPointExtension>
            <ns3:hr>160</ns3:hr>
            <ns3:cad>88</ns3:cad>
          </ns3:TrackPointExtension>
        </extensions>
      </trkpt>
      <trkpt lat="34.1808231174945831298828125" lon="108.92882904969155788421630859375">
        <ele>437.399993896484375</ele>
        <time>2026-09-15T00:54:02.000Z</time>
        <extensions>
          <ns3:TrackPointExtension>
            <ns3:hr>160</ns3:hr>
            <ns3:cad>88</ns3:cad>
          </ns3:TrackPointExtension>
        </extensions>
      </trkpt>
      <trkpt lat="34.18082051910459995269775390625" lon="108.9288551174104213714599609375">
        <ele>437.20001220703125</ele>
        <time>2026-09-15T00:54:03.000Z</time>
        <extensions>
          <ns3:TrackPointExtension>
            <ns3:hr>160</ns3:hr>
            <ns3:cad>88</ns3:cad>
          </ns3:TrackPointExtension>
        </extensions>
      </trkpt>
      <trkpt lat="34.1808152385056018829345703125" lon="108.92887833528220653533935546875">
        <ele>437.20001220703125</ele>
        <time>2026-09-15T00:54:04.000Z</time>
        <extensions>
          <ns3:TrackPointExtension>
            <ns3:hr>160</ns3:hr>
            <ns3:cad>88</ns3:cad>
          </ns3:TrackPointExtension>
        </extensions>
      </trkpt>
      <trkpt lat="34.18080543167889118194580078125" lon="108.92890884540975093841552734375">
        <ele>437.20001220703125</ele>
        <time>2026-09-15T00:54:05.000Z</time>
        <extensions>
          <ns3:TrackPointExtension>
            <ns3:hr>160</ns3:hr>
            <ns3:cad>88</ns3:cad>
          </ns3:TrackPointExtension>
        </extensions>
      </trkpt>
      <trkpt lat="34.1808035038411617279052734375" lon="108.92892879433929920196533203125">
        <ele>437.20001220703125</ele>
        <time>2026-09-15T00:54:06.000Z</time>
        <extensions>
          <ns3:TrackPointExtension>
            <ns3:hr>160</ns3:hr>
            <ns3:cad>88</ns3:cad>
          </ns3:TrackPointExtension>
        </extensions>
      </trkpt>
      <trkpt lat="34.180794619023799896240234375" lon="108.92895746044814586639404296875">
        <ele>437.20001220703125</ele>
        <time>2026-09-15T00:54:07.000Z</time>
        <extensions>
          <ns3:TrackPointExtension>
            <ns3:hr>161</ns3:hr>
            <ns3:cad>88</ns3:cad>
          </ns3:TrackPointExtension>
        </extensions>
      </trkpt>
      <trkpt lat="34.18079285882413387298583984375" lon="108.92897975631058216094970703125">
        <ele>437.20001220703125</ele>
        <time>2026-09-15T00:54:08.000Z</time>
        <extensions>
          <ns3:TrackPointExtension>
            <ns3:hr>160</ns3:hr>
            <ns3:cad>88</ns3:cad>
          </ns3:TrackPointExtension>
        </extensions>
      </trkpt>
      <trkpt lat="34.1807897575199604034423828125" lon="108.929014541208744049072265625">
        <ele>437.20001220703125</ele>
        <time>2026-09-15T00:54:09.000Z</time>
        <extensions>
          <ns3:TrackPointExtension>
            <ns3:hr>160</ns3:hr>
            <ns3:cad>88</ns3:cad>
          </ns3:TrackPointExtension>
        </extensions>
      </trkpt>
      <trkpt lat="34.1807860694825649261474609375" lon="108.92903490923345088958740234375">
        <ele>437.20001220703125</ele>
        <time>2026-09-15T00:54:10.000Z</time>
        <extensions>
          <ns3:TrackPointExtension>
            <ns3:hr>160</ns3:hr>
            <ns3:cad>88</ns3:cad>
          </ns3:TrackPointExtension>
        </extensions>
      </trkpt>
      <trkpt lat="34.180778525769710540771484375" lon="108.92906223423779010772705078125">
        <ele>437.399993896484375</ele>
        <time>2026-09-15T00:54:11.000Z</time>
        <extensions>
          <ns3:TrackPointExtension>
            <ns3:hr>160</ns3:hr>
            <ns3:cad>88</ns3:cad>
          </ns3:TrackPointExtension>
        </extensions>
      </trkpt>
      <trkpt lat="34.180771820247173309326171875" lon="108.92908603884279727935791015625">
        <ele>437.399993896484375</ele>
        <time>2026-09-15T00:54:12.000Z</time>
        <extensions>
          <ns3:TrackPointExtension>
            <ns3:hr>159</ns3:hr>
            <ns3:cad>89</ns3:cad>
          </ns3:TrackPointExtension>
        </extensions>
      </trkpt>
      <trkpt lat="34.18077290989458560943603515625" lon="108.929116465151309967041015625">
        <ele>437.20001220703125</ele>
        <time>2026-09-15T00:54:13.000Z</time>
        <extensions>
          <ns3:TrackPointExtension>
            <ns3:hr>158</ns3:hr>
            <ns3:cad>88</ns3:cad>
          </ns3:TrackPointExtension>
        </extensions>
      </trkpt>
      <trkpt lat="34.18076989240944385528564453125" lon="108.92913834191858768463134765625">
        <ele>437.399993896484375</ele>
        <time>2026-09-15T00:54:14.000Z</time>
        <extensions>
          <ns3:TrackPointExtension>
            <ns3:hr>158</ns3:hr>
            <ns3:cad>88</ns3:cad>
          </ns3:TrackPointExtension>
        </extensions>
      </trkpt>
      <trkpt lat="34.18076670728623867034912109375" lon="108.92916600219905376434326171875">
        <ele>437.20001220703125</ele>
        <time>2026-09-15T00:54:15.000Z</time>
        <extensions>
          <ns3:TrackPointExtension>
            <ns3:hr>158</ns3:hr>
            <ns3:cad>88</ns3:cad>
          </ns3:TrackPointExtension>
        </extensions>
      </trkpt>
      <trkpt lat="34.18075849302113056182861328125" lon="108.9291890524327754974365234375">
        <ele>437.20001220703125</ele>
        <time>2026-09-15T00:54:16.000Z</time>
        <extensions>
          <ns3:TrackPointExtension>
            <ns3:hr>158</ns3:hr>
            <ns3:cad>88</ns3:cad>
          </ns3:TrackPointExtension>
        </extensions>
      </trkpt>
      <trkpt lat="34.18075245805084705352783203125" lon="108.9292188920080661773681640625">
        <ele>437.20001220703125</ele>
        <time>2026-09-15T00:54:17.000Z</time>
        <extensions>
          <ns3:TrackPointExtension>
            <ns3:hr>158</ns3:hr>
            <ns3:cad>89</ns3:cad>
          </ns3:TrackPointExtension>
        </extensions>
      </trkpt>
      <trkpt lat="34.1807465068995952606201171875" lon="108.92923959530889987945556640625">
        <ele>437.20001220703125</ele>
        <time>2026-09-15T00:54:18.000Z</time>
        <extensions>
          <ns3:TrackPointExtension>
            <ns3:hr>158</ns3:hr>
            <ns3:cad>89</ns3:cad>
          </ns3:TrackPointExtension>
        </extensions>
      </trkpt>
      <trkpt lat="34.18074667453765869140625" lon="108.9292681775987148284912109375">
        <ele>437.20001220703125</ele>
        <time>2026-09-15T00:54:19.000Z</time>
        <extensions>
          <ns3:TrackPointExtension>
            <ns3:hr>157</ns3:hr>
            <ns3:cad>89</ns3:cad>
          </ns3:TrackPointExtension>
        </extensions>
      </trkpt>
      <trkpt lat="34.18073737062513828277587890625" lon="108.9292918145656585693359375">
        <ele>437.20001220703125</ele>
        <time>2026-09-15T00:54:20.000Z</time>
        <extensions>
          <ns3:TrackPointExtension>
            <ns3:hr>158</ns3:hr>
            <ns3:cad>89</ns3:cad>
          </ns3:TrackPointExtension>
        </extensions>
      </trkpt>
      <trkpt lat="34.18073703534901142120361328125" lon="108.9293157868087291717529296875">
        <ele>437.20001220703125</ele>
        <time>2026-09-15T00:54:21.000Z</time>
        <extensions>
          <ns3:TrackPointExtension>
            <ns3:hr>158</ns3:hr>
            <ns3:cad>89</ns3:cad>
          </ns3:TrackPointExtension>
        </extensions>
      </trkpt>
      <trkpt lat="34.18073535896837711334228515625" lon="108.92934118397533893585205078125">
        <ele>437.20001220703125</ele>
        <time>2026-09-15T00:54:22.000Z</time>
        <extensions>
          <ns3:TrackPointExtension>
            <ns3:hr>159</ns3:hr>
            <ns3:cad>89</ns3:cad>
          </ns3:TrackPointExtension>
        </extensions>
      </trkpt>
      <trkpt lat="34.18073167093098163604736328125" lon="108.92936733551323413848876953125">
        <ele>437.20001220703125</ele>
        <time>2026-09-15T00:54:23.000Z</time>
        <extensions>
          <ns3:TrackPointExtension>
            <ns3:hr>159</ns3:hr>
            <ns3:cad>89</ns3:cad>
          </ns3:TrackPointExtension>
        </extensions>
      </trkpt>
      <trkpt lat="34.18072747997939586639404296875" lon="108.929398767650127410888671875">
        <ele>437.20001220703125</ele>
        <time>2026-09-15T00:54:24.000Z</time>
        <extensions>
          <ns3:TrackPointExtension>
            <ns3:hr>159</ns3:hr>
            <ns3:cad>89</ns3:cad>
          </ns3:TrackPointExtension>
        </extensions>
      </trkpt>
      <trkpt lat="34.180726893246173858642578125" lon="108.92942718230187892913818359375">
        <ele>437.20001220703125</ele>
        <time>2026-09-15T00:54:25.000Z</time>
        <extensions>
          <ns3:TrackPointExtension>
            <ns3:hr>159</ns3:hr>
            <ns3:cad>89</ns3:cad>
          </ns3:TrackPointExtension>
        </extensions>
      </trkpt>
      <trkpt lat="34.18072144500911235809326171875" lon="108.9294542558491230010986328125">
        <ele>437.20001220703125</ele>
        <time>2026-09-15T00:54:26.000Z</time>
        <extensions>
          <ns3:TrackPointExtension>
            <ns3:hr>159</ns3:hr>
            <ns3:cad>89</ns3:cad>
          </ns3:TrackPointExtension>
        </extensions>
      </trkpt>
      <trkpt lat="34.18072110973298549652099609375" lon="108.92948116175830364227294921875">
        <ele>437.20001220703125</ele>
        <time>2026-09-15T00:54:27.000Z</time>
        <extensions>
          <ns3:TrackPointExtension>
            <ns3:hr>159</ns3:hr>
            <ns3:cad>89</ns3:cad>
          </ns3:TrackPointExtension>
        </extensions>
      </trkpt>
      <trkpt lat="34.1807183437049388885498046875" lon="108.92950546927750110626220703125">
        <ele>437.20001220703125</ele>
        <time>2026-09-15T00:54:28.000Z</time>
        <extensions>
          <ns3:TrackPointExtension>
            <ns3:hr>159</ns3:hr>
            <ns3:cad>89</ns3:cad>
          </ns3:TrackPointExtension>
        </extensions>
      </trkpt>
      <trkpt lat="34.18071624822914600372314453125" lon="108.929531872272491455078125">
        <ele>437.20001220703125</ele>
        <time>2026-09-15T00:54:29.000Z</time>
        <extensions>
          <ns3:TrackPointExtension>
            <ns3:hr>159</ns3:hr>
            <ns3:cad>89</ns3:cad>
          </ns3:TrackPointExtension>
        </extensions>
      </trkpt>
      <trkpt lat="34.18071188963949680328369140625" lon="108.92955961637198925018310546875">
        <ele>437.20001220703125</ele>
        <time>2026-09-15T00:54:30.000Z</time>
        <extensions>
          <ns3:TrackPointExtension>
            <ns3:hr>159</ns3:hr>
            <ns3:cad>90</ns3:cad>
          </ns3:TrackPointExtension>
        </extensions>
      </trkpt>
      <trkpt lat="34.18071524240076541900634765625" lon="108.92959046177566051483154296875">
        <ele>437.20001220703125</ele>
        <time>2026-09-15T00:54:31.000Z</time>
        <extensions>
          <ns3:TrackPointExtension>
            <ns3:hr>159</ns3:hr>
            <ns3:cad>90</ns3:cad>
          </ns3:TrackPointExtension>
        </extensions>
      </trkpt>
      <trkpt lat="34.180709458887577056884765625" lon="108.929621390998363494873046875">
        <ele>437</ele>
        <time>2026-09-15T00:54:32.000Z</time>
        <extensions>
          <ns3:TrackPointExtension>
            <ns3:hr>159</ns3:hr>
            <ns3:cad>90</ns3:cad>
          </ns3:TrackPointExtension>
        </extensions>
      </trkpt>
      <trkpt lat="34.18070132844150066375732421875" lon="108.92965148203074932098388671875">
        <ele>437</ele>
        <time>2026-09-15T00:54:33.000Z</time>
        <extensions>
          <ns3:TrackPointExtension>
            <ns3:hr>159</ns3:hr>
            <ns3:cad>90</ns3:cad>
          </ns3:TrackPointExtension>
        </extensions>
      </trkpt>
      <trkpt lat="34.18069110251963138580322265625" lon="108.92968215979635715484619140625">
        <ele>437</ele>
        <time>2026-09-15T00:54:34.000Z</time>
        <extensions>
          <ns3:TrackPointExtension>
            <ns3:hr>159</ns3:hr>
            <ns3:cad>89</ns3:cad>
          </ns3:TrackPointExtension>
        </extensions>
      </trkpt>
      <trkpt lat="34.18069143779575824737548828125" lon="108.92970579676330089569091796875">
        <ele>437</ele>
        <time>2026-09-15T00:54:35.000Z</time>
        <extensions>
          <ns3:TrackPointExtension>
            <ns3:hr>159</ns3:hr>
            <ns3:cad>89</ns3:cad>
          </ns3:TrackPointExtension>
        </extensions>
      </trkpt>
      <trkpt lat="34.18068573810160160064697265625" lon="108.9297378994524478912353515625">
        <ele>437</ele>
        <time>2026-09-15T00:54:36.000Z</time>
        <extensions>
          <ns3:TrackPointExtension>
            <ns3:hr>159</ns3:hr>
            <ns3:cad>89</ns3:cad>
          </ns3:TrackPointExtension>
        </extensions>
      </trkpt>
      <trkpt lat="34.18068540282547473907470703125" lon="108.92976799048483371734619140625">
        <ele>437</ele>
        <time>2026-09-15T00:54:37.000Z</time>
        <extensions>
          <ns3:TrackPointExtension>
            <ns3:hr>159</ns3:hr>
            <ns3:cad>89</ns3:cad>
          </ns3:TrackPointExtension>
        </extensions>
      </trkpt>
      <trkpt lat="34.180686660110950469970703125" lon="108.92979799769818782806396484375">
        <ele>437</ele>
        <time>2026-09-15T00:54:38.000Z</time>
        <extensions>
          <ns3:TrackPointExtension>
            <ns3:hr>159</ns3:hr>
            <ns3:cad>89</ns3:cad>
          </ns3:TrackPointExtension>
        </extensions>
      </trkpt>
      <trkpt lat="34.180680625140666961669921875" lon="108.92982029356062412261962890625">
        <ele>437</ele>
        <time>2026-09-15T00:54:39.000Z</time>
        <extensions>
          <ns3:TrackPointExtension>
            <ns3:hr>159</ns3:hr>
            <ns3:cad>89</ns3:cad>
          </ns3:TrackPointExtension>
        </extensions>
      </trkpt>
      <trkpt lat="34.18067953549325466156005859375" lon="108.9298532344400882720947265625">
        <ele>437</ele>
        <time>2026-09-15T00:54:40.000Z</time>
        <extensions>
          <ns3:TrackPointExtension>
            <ns3:hr>159</ns3:hr>
            <ns3:cad>89</ns3:cad>
          </ns3:TrackPointExtension>
        </extensions>
      </trkpt>
      <trkpt lat="34.18068297207355499267578125" lon="108.9298765361309051513671875">
        <ele>437</ele>
        <time>2026-09-15T00:54:41.000Z</time>
        <extensions>
          <ns3:TrackPointExtension>
            <ns3:hr>158</ns3:hr>
            <ns3:cad>89</ns3:cad>
          </ns3:TrackPointExtension>
        </extensions>
      </trkpt>
      <trkpt lat="34.180681966245174407958984375" lon="108.929905705153942108154296875">
        <ele>437</ele>
        <time>2026-09-15T00:54:42.000Z</time>
        <extensions>
          <ns3:TrackPointExtension>
            <ns3:hr>159</ns3:hr>
            <ns3:cad>89</ns3:cad>
          </ns3:TrackPointExtension>
        </extensions>
      </trkpt>
      <trkpt lat="34.18068422935903072357177734375" lon="108.9299316890537738800048828125">
        <ele>437</ele>
        <time>2026-09-15T00:54:43.000Z</time>
        <extensions>
          <ns3:TrackPointExtension>
            <ns3:hr>159</ns3:hr>
            <ns3:cad>89</ns3:cad>
          </ns3:TrackPointExtension>
        </extensions>
      </trkpt>
      <trkpt lat="34.18068272061645984649658203125" lon="108.9299581758677959442138671875">
        <ele>437</ele>
        <time>2026-09-15T00:54:44.000Z</time>
        <extensions>
          <ns3:TrackPointExtension>
            <ns3:hr>159</ns3:hr>
            <ns3:cad>90</ns3:cad>
          </ns3:TrackPointExtension>
        </extensions>
      </trkpt>
      <trkpt lat="34.1806781105697154998779296875" lon="108.9299846626818180084228515625">
        <ele>437</ele>
        <time>2026-09-15T00:54:45.000Z</time>
        <extensions>
          <ns3:TrackPointExtension>
            <ns3:hr>159</ns3:hr>
            <ns3:cad>90</ns3:cad>
          </ns3:TrackPointExtension>
        </extensions>
      </trkpt>
      <trkpt lat="34.180677272379398345947265625" lon="108.93001559190452098846435546875">
        <ele>437</ele>
        <time>2026-09-15T00:54:46.000Z</time>
        <extensions>
          <ns3:TrackPointExtension>
            <ns3:hr>158</ns3:hr>
            <ns3:cad>90</ns3:cad>
          </ns3:TrackPointExtension>
        </extensions>
      </trkpt>
      <trkpt lat="34.18067836202681064605712890625" lon="108.9300423301756381988525390625">
        <ele>437</ele>
        <time>2026-09-15T00:54:47.000Z</time>
        <extensions>
          <ns3:TrackPointExtension>
            <ns3:hr>158</ns3:hr>
            <ns3:cad>90</ns3:cad>
          </ns3:TrackPointExtension>
        </extensions>
      </trkpt>
      <trkpt lat="34.1806771047413349151611328125" lon="108.93007007427513599395751953125">
        <ele>437</ele>
        <time>2026-09-15T00:54:48.000Z</time>
        <extensions>
          <ns3:TrackPointExtension>
            <ns3:hr>158</ns3:hr>
            <ns3:cad>90</ns3:cad>
          </ns3:TrackPointExtension>
        </extensions>
      </trkpt>
      <trkpt lat="34.18067500926554203033447265625" lon="108.9300986565649509429931640625">
        <ele>437</ele>
        <time>2026-09-15T00:54:49.000Z</time>
        <extensions>
          <ns3:TrackPointExtension>
            <ns3:hr>158</ns3:hr>
            <ns3:cad>90</ns3:cad>
          </ns3:TrackPointExtension>
        </extensions>
      </trkpt>
      <trkpt lat="34.1806724108755588531494140625" lon="108.9301274903118610382080078125">
        <ele>437</ele>
        <time>2026-09-15T00:54:50.000Z</time>
        <extensions>
          <ns3:TrackPointExtension>
            <ns3:hr>158</ns3:hr>
            <ns3:cad>90</ns3:cad>
          </ns3:TrackPointExtension>
        </extensions>
      </trkpt>
      <trkpt lat="34.18066687881946563720703125" lon="108.93015389330685138702392578125">
        <ele>437</ele>
        <time>2026-09-15T00:54:51.000Z</time>
        <extensions>
          <ns3:TrackPointExtension>
            <ns3:hr>158</ns3:hr>
            <ns3:cad>91</ns3:cad>
          </ns3:TrackPointExtension>
        </extensions>
      </trkpt>
      <trkpt lat="34.18065707199275493621826171875" lon="108.930185325443744659423828125">
        <ele>437</ele>
        <time>2026-09-15T00:54:52.000Z</time>
        <extensions>
          <ns3:TrackPointExtension>
            <ns3:hr>158</ns3:hr>
            <ns3:cad>89</ns3:cad>
          </ns3:TrackPointExtension>
        </extensions>
      </trkpt>
      <trkpt lat="34.1806499473750591278076171875" lon="108.93021390773355960845947265625">
        <ele>437</ele>
        <time>2026-09-15T00:54:53.000Z</time>
        <extensions>
          <ns3:TrackPointExtension>
            <ns3:hr>157</ns3:hr>
            <ns3:cad>89</ns3:cad>
          </ns3:TrackPointExtension>
        </extensions>
      </trkpt>
      <trkpt lat="34.1806422360241413116455078125" lon="108.93024458549916744232177734375">
        <ele>437</ele>
        <time>2026-09-15T00:54:54.000Z</time>
        <extensions>
          <ns3:TrackPointExtension>
            <ns3:hr>157</ns3:hr>
            <ns3:cad>89</ns3:cad>
          </ns3:TrackPointExtension>
        </extensions>
      </trkpt>
      <trkpt lat="34.18064081110060214996337890625" lon="108.93026822246611118316650390625">
        <ele>437</ele>
        <time>2026-09-15T00:54:55.000Z</time>
        <extensions>
          <ns3:TrackPointExtension>
            <ns3:hr>157</ns3:hr>
            <ns3:cad>89</ns3:cad>
          </ns3:TrackPointExtension>
        </extensions>
      </trkpt>
      <trkpt lat="34.1806301660835742950439453125" lon="108.93029705621302127838134765625">
        <ele>437</ele>
        <time>2026-09-15T00:54:56.000Z</time>
        <extensions>
          <ns3:TrackPointExtension>
            <ns3:hr>157</ns3:hr>
            <ns3:cad>89</ns3:cad>
          </ns3:TrackPointExtension>
        </extensions>
      </trkpt>
      <trkpt lat="34.18063393794000148773193359375" lon="108.930318765342235565185546875">
        <ele>437</ele>
        <time>2026-09-15T00:54:57.000Z</time>
        <extensions>
          <ns3:TrackPointExtension>
            <ns3:hr>157</ns3:hr>
            <ns3:cad>89</ns3:cad>
          </ns3:TrackPointExtension>
        </extensions>
      </trkpt>
      <trkpt lat="34.18062639422714710235595703125" lon="108.93034927546977996826171875">
        <ele>437</ele>
        <time>2026-09-15T00:54:58.000Z</time>
        <extensions>
          <ns3:TrackPointExtension>
            <ns3:hr>158</ns3:hr>
            <ns3:cad>89</ns3:cad>
          </ns3:TrackPointExtension>
        </extensions>
      </trkpt>
      <trkpt lat="34.18062530457973480224609375" lon="108.93037266097962856292724609375">
        <ele>437</ele>
        <time>2026-09-15T00:54:59.000Z</time>
        <extensions>
          <ns3:TrackPointExtension>
            <ns3:hr>157</ns3:hr>
            <ns3:cad>89</ns3:cad>
          </ns3:TrackPointExtension>
        </extensions>
      </trkpt>
      <trkpt lat="34.18061717413365840911865234375" lon="108.93040350638329982757568359375">
        <ele>437</ele>
        <time>2026-09-15T00:55:00.000Z</time>
        <extensions>
          <ns3:TrackPointExtension>
            <ns3:hr>157</ns3:hr>
            <ns3:cad>89</ns3:cad>
          </ns3:TrackPointExtension>
        </extensions>
      </trkpt>
      <trkpt lat="34.180615246295928955078125" lon="108.9304282329976558685302734375">
        <ele>437</ele>
        <time>2026-09-15T00:55:01.000Z</time>
        <extensions>
          <ns3:TrackPointExtension>
            <ns3:hr>157</ns3:hr>
            <ns3:cad>89</ns3:cad>
          </ns3:TrackPointExtension>
        </extensions>
      </trkpt>
      <trkpt lat="34.180612899363040924072265625" lon="108.930460251867771148681640625">
        <ele>437</ele>
        <time>2026-09-15T00:55:02.000Z</time>
        <extensions>
          <ns3:TrackPointExtension>
            <ns3:hr>157</ns3:hr>
            <ns3:cad>89</ns3:cad>
          </ns3:TrackPointExtension>
        </extensions>
      </trkpt>
      <trkpt lat="34.18061616830527782440185546875" lon="108.930481374263763427734375">
        <ele>437</ele>
        <time>2026-09-15T00:55:03.000Z</time>
        <extensions>
          <ns3:TrackPointExtension>
            <ns3:hr>158</ns3:hr>
            <ns3:cad>89</ns3:cad>
          </ns3:TrackPointExtension>
        </extensions>
      </trkpt>
      <trkpt lat="34.180614240467548370361328125" lon="108.9305140636861324310302734375">
        <ele>437</ele>
        <time>2026-09-15T00:55:04.000Z</time>
        <extensions>
          <ns3:TrackPointExtension>
            <ns3:hr>157</ns3:hr>
            <ns3:cad>89</ns3:cad>
          </ns3:TrackPointExtension>
        </extensions>
      </trkpt>
      <trkpt lat="34.18061323463916778564453125" lon="108.93053761683404445648193359375">
        <ele>437</ele>
        <time>2026-09-15T00:55:05.000Z</time>
        <extensions>
          <ns3:TrackPointExtension>
            <ns3:hr>157</ns3:hr>
            <ns3:cad>89</ns3:cad>
          </ns3:TrackPointExtension>
        </extensions>
      </trkpt>
      <trkpt lat="34.18060041032731533050537109375" lon="108.93057064153254032135009765625">
        <ele>437</ele>
        <time>2026-09-15T00:55:06.000Z</time>
        <extensions>
          <ns3:TrackPointExtension>
            <ns3:hr>158</ns3:hr>
            <ns3:cad>89</ns3:cad>
          </ns3:TrackPointExtension>
        </extensions>
      </trkpt>
      <trkpt lat="34.18059580028057098388671875" lon="108.93059201538562774658203125">
        <ele>437</ele>
        <time>2026-09-15T00:55:07.000Z</time>
        <extensions>
          <ns3:TrackPointExtension>
            <ns3:hr>157</ns3:hr>
            <ns3:cad>89</ns3:cad>
          </ns3:TrackPointExtension>
        </extensions>
      </trkpt>
      <trkpt lat="34.18058917857706546783447265625" lon="108.93062830902636051177978515625">
        <ele>437</ele>
        <time>2026-09-15T00:55:08.000Z</time>
        <extensions>
          <ns3:TrackPointExtension>
            <ns3:hr>157</ns3:hr>
            <ns3:cad>89</ns3:cad>
          </ns3:TrackPointExtension>
        </extensions>
      </trkpt>
      <trkpt lat="34.18058733455836772918701171875" lon="108.93065311945974826812744140625">
        <ele>437</ele>
        <time>2026-09-15T00:55:09.000Z</time>
        <extensions>
          <ns3:TrackPointExtension>
            <ns3:hr>158</ns3:hr>
            <ns3:cad>88</ns3:cad>
          </ns3:TrackPointExtension>
        </extensions>
      </trkpt>
      <trkpt lat="34.18057912029325962066650390625" lon="108.93068614415824413299560546875">
        <ele>437</ele>
        <time>2026-09-15T00:55:10.000Z</time>
        <extensions>
          <ns3:TrackPointExtension>
            <ns3:hr>158</ns3:hr>
            <ns3:cad>89</ns3:cad>
          </ns3:TrackPointExtension>
        </extensions>
      </trkpt>
      <trkpt lat="34.18057702481746673583984375" lon="108.930707685649394989013671875">
        <ele>437</ele>
        <time>2026-09-15T00:55:11.000Z</time>
        <extensions>
          <ns3:TrackPointExtension>
            <ns3:hr>158</ns3:hr>
            <ns3:cad>89</ns3:cad>
          </ns3:TrackPointExtension>
        </extensions>
      </trkpt>
      <trkpt lat="34.1805678047239780426025390625" lon="108.93074297346174716949462890625">
        <ele>437</ele>
        <time>2026-09-15T00:55:12.000Z</time>
        <extensions>
          <ns3:TrackPointExtension>
            <ns3:hr>158</ns3:hr>
            <ns3:cad>89</ns3:cad>
          </ns3:TrackPointExtension>
        </extensions>
      </trkpt>
      <trkpt lat="34.1805647872388362884521484375" lon="108.93076476640999317169189453125">
        <ele>437</ele>
        <time>2026-09-15T00:55:13.000Z</time>
        <extensions>
          <ns3:TrackPointExtension>
            <ns3:hr>158</ns3:hr>
            <ns3:cad>89</ns3:cad>
          </ns3:TrackPointExtension>
        </extensions>
      </trkpt>
      <trkpt lat="34.18056084774434566497802734375" lon="108.9307936839759349822998046875">
        <ele>437</ele>
        <time>2026-09-15T00:55:14.000Z</time>
        <extensions>
          <ns3:TrackPointExtension>
            <ns3:hr>159</ns3:hr>
            <ns3:cad>89</ns3:cad>
          </ns3:TrackPointExtension>
        </extensions>
      </trkpt>
      <trkpt lat="34.1805574111640453338623046875" lon="108.93081866204738616943359375">
        <ele>437</ele>
        <time>2026-09-15T00:55:15.000Z</time>
        <extensions>
          <ns3:TrackPointExtension>
            <ns3:hr>159</ns3:hr>
            <ns3:cad>88</ns3:cad>
          </ns3:TrackPointExtension>
        </extensions>
      </trkpt>
      <trkpt lat="34.18054944835603237152099609375" lon="108.9308553747832775115966796875">
        <ele>437</ele>
        <time>2026-09-15T00:55:16.000Z</time>
        <extensions>
          <ns3:TrackPointExtension>
            <ns3:hr>159</ns3:hr>
            <ns3:cad>88</ns3:cad>
          </ns3:TrackPointExtension>
        </extensions>
      </trkpt>
      <trkpt lat="34.18054492212831974029541015625" lon="108.930882029235363006591796875">
        <ele>437</ele>
        <time>2026-09-15T00:55:17.000Z</time>
        <extensions>
          <ns3:TrackPointExtension>
            <ns3:hr>159</ns3:hr>
            <ns3:cad>88</ns3:cad>
          </ns3:TrackPointExtension>
        </extensions>
      </trkpt>
      <trkpt lat="34.18053419329226016998291015625" lon="108.9309143833816051483154296875">
        <ele>436.79998779296875</ele>
        <time>2026-09-15T00:55:18.000Z</time>
        <extensions>
          <ns3:TrackPointExtension>
            <ns3:hr>159</ns3:hr>
            <ns3:cad>90</ns3:cad>
          </ns3:TrackPointExtension>
        </extensions>
      </trkpt>
      <trkpt lat="34.180529750883579254150390625" lon="108.930938355624675750732421875">
        <ele>436.79998779296875</ele>
        <time>2026-09-15T00:55:19.000Z</time>
        <extensions>
          <ns3:TrackPointExtension>
            <ns3:hr>159</ns3:hr>
            <ns3:cad>89</ns3:cad>
          </ns3:TrackPointExtension>
        </extensions>
      </trkpt>
      <trkpt lat="34.18052497319877147674560546875" lon="108.930974900722503662109375">
        <ele>436.79998779296875</ele>
        <time>2026-09-15T00:55:20.000Z</time>
        <extensions>
          <ns3:TrackPointExtension>
            <ns3:hr>159</ns3:hr>
            <ns3:cad>89</ns3:cad>
          </ns3:TrackPointExtension>
        </extensions>
      </trkpt>
      <trkpt lat="34.18052229098975658416748046875" lon="108.93099459819495677947998046875">
        <ele>437</ele>
        <time>2026-09-15T00:55:21.000Z</time>
        <extensions>
          <ns3:TrackPointExtension>
            <ns3:hr>159</ns3:hr>
            <ns3:cad>89</ns3:cad>
          </ns3:TrackPointExtension>
        </extensions>
      </trkpt>
      <trkpt lat="34.18051759712398052215576171875" lon="108.9310256950557231903076171875">
        <ele>437</ele>
        <time>2026-09-15T00:55:22.000Z</time>
        <extensions>
          <ns3:TrackPointExtension>
            <ns3:hr>159</ns3:hr>
            <ns3:cad>89</ns3:cad>
          </ns3:TrackPointExtension>
        </extensions>
      </trkpt>
      <trkpt lat="34.180516339838504791259765625" lon="108.9310548640787601470947265625">
        <ele>437</ele>
        <time>2026-09-15T00:55:23.000Z</time>
        <extensions>
          <ns3:TrackPointExtension>
            <ns3:hr>160</ns3:hr>
            <ns3:cad>89</ns3:cad>
          </ns3:TrackPointExtension>
        </extensions>
      </trkpt>
      <trkpt lat="34.18051893822848796844482421875" lon="108.93107925541698932647705078125">
        <ele>437</ele>
        <time>2026-09-15T00:55:24.000Z</time>
        <extensions>
          <ns3:TrackPointExtension>
            <ns3:hr>159</ns3:hr>
            <ns3:cad>89</ns3:cad>
          </ns3:TrackPointExtension>
        </extensions>
      </trkpt>
      <trkpt lat="34.180514998733997344970703125" lon="108.93110188655555248260498046875">
        <ele>437</ele>
        <time>2026-09-15T00:55:25.000Z</time>
        <extensions>
          <ns3:TrackPointExtension>
            <ns3:hr>159</ns3:hr>
            <ns3:cad>89</ns3:cad>
          </ns3:TrackPointExtension>
        </extensions>
      </trkpt>
      <trkpt lat="34.1805155016481876373291015625" lon="108.93112787045538425445556640625">
        <ele>437</ele>
        <time>2026-09-15T00:55:26.000Z</time>
        <extensions>
          <ns3:TrackPointExtension>
            <ns3:hr>160</ns3:hr>
            <ns3:cad>89</ns3:cad>
          </ns3:TrackPointExtension>
        </extensions>
      </trkpt>
      <trkpt lat="34.18051457963883876800537109375" lon="108.93115402199327945709228515625">
        <ele>437</ele>
        <time>2026-09-15T00:55:27.000Z</time>
        <extensions>
          <ns3:TrackPointExtension>
            <ns3:hr>160</ns3:hr>
            <ns3:cad>88</ns3:cad>
          </ns3:TrackPointExtension>
        </extensions>
      </trkpt>
      <trkpt lat="34.18051877059042453765869140625" lon="108.93117807805538177490234375">
        <ele>437</ele>
        <time>2026-09-15T00:55:28.000Z</time>
        <extensions>
          <ns3:TrackPointExtension>
            <ns3:hr>160</ns3:hr>
            <ns3:cad>88</ns3:cad>
          </ns3:TrackPointExtension>
        </extensions>
      </trkpt>
      <trkpt lat="34.1805155016481876373291015625" lon="108.93120565451681613922119140625">
        <ele>437</ele>
        <time>2026-09-15T00:55:29.000Z</time>
        <extensions>
          <ns3:TrackPointExtension>
            <ns3:hr>160</ns3:hr>
            <ns3:cad>88</ns3:cad>
          </ns3:TrackPointExtension>
        </extensions>
      </trkpt>
      <trkpt lat="34.18051357381045818328857421875" lon="108.9312275312840938568115234375">
        <ele>437</ele>
        <time>2026-09-15T00:55:30.000Z</time>
        <extensions>
          <ns3:TrackPointExtension>
            <ns3:hr>160</ns3:hr>
            <ns3:cad>88</ns3:cad>
          </ns3:TrackPointExtension>
        </extensions>
      </trkpt>
      <trkpt lat="34.18051206506788730621337890625" lon="108.93125812523066997528076171875">
        <ele>437</ele>
        <time>2026-09-15T00:55:31.000Z</time>
        <extensions>
          <ns3:TrackPointExtension>
            <ns3:hr>160</ns3:hr>
            <ns3:cad>89</ns3:cad>
          </ns3:TrackPointExtension>
        </extensions>
      </trkpt>
      <trkpt lat="34.18051005341112613677978515625" lon="108.93127656541764736175537109375">
        <ele>437</ele>
        <time>2026-09-15T00:55:32.000Z</time>
        <extensions>
          <ns3:TrackPointExtension>
            <ns3:hr>160</ns3:hr>
            <ns3:cad>89</ns3:cad>
          </ns3:TrackPointExtension>
        </extensions>
      </trkpt>
      <trkpt lat="34.1805067844688892364501953125" lon="108.9313061535358428955078125">
        <ele>437.20001220703125</ele>
        <time>2026-09-15T00:55:33.000Z</time>
        <extensions>
          <ns3:TrackPointExtension>
            <ns3:hr>160</ns3:hr>
            <ns3:cad>88</ns3:cad>
          </ns3:TrackPointExtension>
        </extensions>
      </trkpt>
      <trkpt lat="34.180507622659206390380859375" lon="108.9313271082937717437744140625">
        <ele>437.20001220703125</ele>
        <time>2026-09-15T00:55:34.000Z</time>
        <extensions>
          <ns3:TrackPointExtension>
            <ns3:hr>160</ns3:hr>
            <ns3:cad>88</ns3:cad>
          </ns3:TrackPointExtension>
        </extensions>
      </trkpt>
      <trkpt lat="34.1805087961256504058837890625" lon="108.9313562773168087005615234375">
        <ele>437.20001220703125</ele>
        <time>2026-09-15T00:55:35.000Z</time>
        <extensions>
          <ns3:TrackPointExtension>
            <ns3:hr>161</ns3:hr>
            <ns3:cad>88</ns3:cad>
          </ns3:TrackPointExtension>
        </extensions>
      </trkpt>
      <trkpt lat="34.1805104725062847137451171875" lon="108.931376896798610687255859375">
        <ele>437.20001220703125</ele>
        <time>2026-09-15T00:55:36.000Z</time>
        <extensions>
          <ns3:TrackPointExtension>
            <ns3:hr>160</ns3:hr>
            <ns3:cad>87</ns3:cad>
          </ns3:TrackPointExtension>
        </extensions>
      </trkpt>
      <trkpt lat="34.1805071197450160980224609375" lon="108.93140606582164764404296875">
        <ele>437.20001220703125</ele>
        <time>2026-09-15T00:55:37.000Z</time>
        <extensions>
          <ns3:TrackPointExtension>
            <ns3:hr>160</ns3:hr>
            <ns3:cad>87</ns3:cad>
          </ns3:TrackPointExtension>
        </extensions>
      </trkpt>
      <trkpt lat="34.18050351552665233612060546875" lon="108.93143129535019397735595703125">
        <ele>437.20001220703125</ele>
        <time>2026-09-15T00:55:38.000Z</time>
        <extensions>
          <ns3:TrackPointExtension>
            <ns3:hr>161</ns3:hr>
            <ns3:cad>87</ns3:cad>
          </ns3:TrackPointExtension>
        </extensions>
      </trkpt>
      <trkpt lat="34.18050385080277919769287109375" lon="108.9314561896026134490966796875">
        <ele>437.20001220703125</ele>
        <time>2026-09-15T00:55:39.000Z</time>
        <extensions>
          <ns3:TrackPointExtension>
            <ns3:hr>161</ns3:hr>
            <ns3:cad>87</ns3:cad>
          </ns3:TrackPointExtension>
        </extensions>
      </trkpt>
      <trkpt lat="34.18050192296504974365234375" lon="108.93148007802665233612060546875">
        <ele>437.20001220703125</ele>
        <time>2026-09-15T00:55:40.000Z</time>
        <extensions>
          <ns3:TrackPointExtension>
            <ns3:hr>161</ns3:hr>
            <ns3:cad>88</ns3:cad>
          </ns3:TrackPointExtension>
        </extensions>
      </trkpt>
      <trkpt lat="34.18049546889960765838623046875" lon="108.93150438554584980010986328125">
        <ele>437.20001220703125</ele>
        <time>2026-09-15T00:55:41.000Z</time>
        <extensions>
          <ns3:TrackPointExtension>
            <ns3:hr>161</ns3:hr>
            <ns3:cad>87</ns3:cad>
          </ns3:TrackPointExtension>
        </extensions>
      </trkpt>
      <trkpt lat="34.1804880090057849884033203125" lon="108.93153070472180843353271484375">
        <ele>437.20001220703125</ele>
        <time>2026-09-15T00:55:42.000Z</time>
        <extensions>
          <ns3:TrackPointExtension>
            <ns3:hr>160</ns3:hr>
            <ns3:cad>88</ns3:cad>
          </ns3:TrackPointExtension>
        </extensions>
      </trkpt>
      <trkpt lat="34.18048272840678691864013671875" lon="108.9315550960600376129150390625">
        <ele>437.20001220703125</ele>
        <time>2026-09-15T00:55:43.000Z</time>
        <extensions>
          <ns3:TrackPointExtension>
            <ns3:hr>161</ns3:hr>
            <ns3:cad>88</ns3:cad>
          </ns3:TrackPointExtension>
        </extensions>
      </trkpt>
      <trkpt lat="34.1804779507219791412353515625" lon="108.93158040940761566162109375">
        <ele>437.20001220703125</ele>
        <time>2026-09-15T00:55:44.000Z</time>
        <extensions>
          <ns3:TrackPointExtension>
            <ns3:hr>161</ns3:hr>
            <ns3:cad>89</ns3:cad>
          </ns3:TrackPointExtension>
        </extensions>
      </trkpt>
      <trkpt lat="34.18047769926488399505615234375" lon="108.93160245381295680999755859375">
        <ele>437.399993896484375</ele>
        <time>2026-09-15T00:55:45.000Z</time>
        <extensions>
          <ns3:TrackPointExtension>
            <ns3:hr>160</ns3:hr>
            <ns3:cad>89</ns3:cad>
          </ns3:TrackPointExtension>
        </extensions>
      </trkpt>
      <trkpt lat="34.1804709099233150482177734375" lon="108.93163044936954975128173828125">
        <ele>437.399993896484375</ele>
        <time>2026-09-15T00:55:46.000Z</time>
        <extensions>
          <ns3:TrackPointExtension>
            <ns3:hr>160</ns3:hr>
            <ns3:cad>89</ns3:cad>
          </ns3:TrackPointExtension>
        </extensions>
      </trkpt>
      <trkpt lat="34.18046965263783931732177734375" lon="108.93165324814617633819580078125">
        <ele>437.399993896484375</ele>
        <time>2026-09-15T00:55:47.000Z</time>
        <extensions>
          <ns3:TrackPointExtension>
            <ns3:hr>160</ns3:hr>
            <ns3:cad>89</ns3:cad>
          </ns3:TrackPointExtension>
        </extensions>
      </trkpt>
      <trkpt lat="34.18046345002949237823486328125" lon="108.931681998074054718017578125">
        <ele>437.600006103515625</ele>
        <time>2026-09-15T00:55:48.000Z</time>
        <extensions>
          <ns3:TrackPointExtension>
            <ns3:hr>160</ns3:hr>
            <ns3:cad>89</ns3:cad>
          </ns3:TrackPointExtension>
        </extensions>
      </trkpt>
      <trkpt lat="34.18046261183917522430419921875" lon="108.9317031204700469970703125">
        <ele>437.600006103515625</ele>
        <time>2026-09-15T00:55:49.000Z</time>
        <extensions>
          <ns3:TrackPointExtension>
            <ns3:hr>159</ns3:hr>
            <ns3:cad>88</ns3:cad>
          </ns3:TrackPointExtension>
        </extensions>
      </trkpt>
      <trkpt lat="34.18045775033533573150634765625" lon="108.9317314513027667999267578125">
        <ele>437.600006103515625</ele>
        <time>2026-09-15T00:55:50.000Z</time>
        <extensions>
          <ns3:TrackPointExtension>
            <ns3:hr>159</ns3:hr>
            <ns3:cad>87</ns3:cad>
          </ns3:TrackPointExtension>
        </extensions>
      </trkpt>
      <trkpt lat="34.1804585047066211700439453125" lon="108.93175047822296619415283203125">
        <ele>437.600006103515625</ele>
        <time>2026-09-15T00:55:51.000Z</time>
        <extensions>
          <ns3:TrackPointExtension>
            <ns3:hr>159</ns3:hr>
            <ns3:cad>87</ns3:cad>
          </ns3:TrackPointExtension>
        </extensions>
      </trkpt>
      <trkpt lat="34.1804529726505279541015625" lon="108.93178434111177921295166015625">
        <ele>437.600006103515625</ele>
        <time>2026-09-15T00:55:52.000Z</time>
        <extensions>
          <ns3:TrackPointExtension>
            <ns3:hr>159</ns3:hr>
            <ns3:cad>87</ns3:cad>
          </ns3:TrackPointExtension>
        </extensions>
      </trkpt>
      <trkpt lat="34.18044752441346645355224609375" lon="108.93180697225034236907958984375">
        <ele>437.600006103515625</ele>
        <time>2026-09-15T00:55:53.000Z</time>
        <extensions>
          <ns3:TrackPointExtension>
            <ns3:hr>159</ns3:hr>
            <ns3:cad>88</ns3:cad>
          </ns3:TrackPointExtension>
        </extensions>
      </trkpt>
      <trkpt lat="34.1804454289376735687255859375" lon="108.9318347163498401641845703125">
        <ele>437.600006103515625</ele>
        <time>2026-09-15T00:55:54.000Z</time>
        <extensions>
          <ns3:TrackPointExtension>
            <ns3:hr>159</ns3:hr>
            <ns3:cad>88</ns3:cad>
          </ns3:TrackPointExtension>
        </extensions>
      </trkpt>
      <trkpt lat="34.1804387234151363372802734375" lon="108.93185860477387905120849609375">
        <ele>437.600006103515625</ele>
        <time>2026-09-15T00:55:55.000Z</time>
        <extensions>
          <ns3:TrackPointExtension>
            <ns3:hr>159</ns3:hr>
            <ns3:cad>87</ns3:cad>
          </ns3:TrackPointExtension>
        </extensions>
      </trkpt>
      <trkpt lat="34.18043495155870914459228515625" lon="108.931885175406932830810546875">
        <ele>437.600006103515625</ele>
        <time>2026-09-15T00:55:56.000Z</time>
        <extensions>
          <ns3:TrackPointExtension>
            <ns3:hr>159</ns3:hr>
            <ns3:cad>87</ns3:cad>
          </ns3:TrackPointExtension>
        </extensions>
      </trkpt>
      <trkpt lat="34.1804333589971065521240234375" lon="108.93190654926002025604248046875">
        <ele>437.600006103515625</ele>
        <time>2026-09-15T00:55:57.000Z</time>
        <extensions>
          <ns3:TrackPointExtension>
            <ns3:hr>159</ns3:hr>
            <ns3:cad>87</ns3:cad>
          </ns3:TrackPointExtension>
        </extensions>
      </trkpt>
      <trkpt lat="34.180435203015804290771484375" lon="108.93193303607404232025146484375">
        <ele>437.600006103515625</ele>
        <time>2026-09-15T00:55:58.000Z</time>
        <extensions>
          <ns3:TrackPointExtension>
            <ns3:hr>159</ns3:hr>
            <ns3:cad>88</ns3:cad>
          </ns3:TrackPointExtension>
        </extensions>
      </trkpt>
      <trkpt lat="34.18042824603617191314697265625" lon="108.93195348791778087615966796875">
        <ele>437.600006103515625</ele>
        <time>2026-09-15T00:55:59.000Z</time>
        <extensions>
          <ns3:TrackPointExtension>
            <ns3:hr>159</ns3:hr>
            <ns3:cad>88</ns3:cad>
          </ns3:TrackPointExtension>
        </extensions>
      </trkpt>
      <trkpt lat="34.18042548000812530517578125" lon="108.93198014236986637115478515625">
        <ele>437.600006103515625</ele>
        <time>2026-09-15T00:56:00.000Z</time>
        <extensions>
          <ns3:TrackPointExtension>
            <ns3:hr>158</ns3:hr>
            <ns3:cad>88</ns3:cad>
          </ns3:TrackPointExtension>
        </extensions>
      </trkpt>
      <trkpt lat="34.18042011559009552001953125" lon="108.93200428225100040435791015625">
        <ele>437.79998779296875</ele>
        <time>2026-09-15T00:56:01.000Z</time>
        <extensions>
          <ns3:TrackPointExtension>
            <ns3:hr>159</ns3:hr>
            <ns3:cad>88</ns3:cad>
          </ns3:TrackPointExtension>
        </extensions>
      </trkpt>
      <trkpt lat="34.1804149188101291656494140625" lon="108.9320325292646884918212890625">
        <ele>437.79998779296875</ele>
        <time>2026-09-15T00:56:02.000Z</time>
        <extensions>
          <ns3:TrackPointExtension>
            <ns3:hr>159</ns3:hr>
            <ns3:cad>88</ns3:cad>
          </ns3:TrackPointExtension>
        </extensions>
      </trkpt>
      <trkpt lat="34.180409722030162811279296875" lon="108.9320606924593448638916015625">
        <ele>437.79998779296875</ele>
        <time>2026-09-15T00:56:03.000Z</time>
        <extensions>
          <ns3:TrackPointExtension>
            <ns3:hr>158</ns3:hr>
            <ns3:cad>88</ns3:cad>
          </ns3:TrackPointExtension>
        </extensions>
      </trkpt>
      <trkpt lat="34.1804025135934352874755859375" lon="108.93208961002528667449951171875">
        <ele>437.79998779296875</ele>
        <time>2026-09-15T00:56:04.000Z</time>
        <extensions>
          <ns3:TrackPointExtension>
            <ns3:hr>159</ns3:hr>
            <ns3:cad>89</ns3:cad>
          </ns3:TrackPointExtension>
        </extensions>
      </trkpt>
      <trkpt lat="34.1804005019366741180419921875" lon="108.93212020397186279296875">
        <ele>437.79998779296875</ele>
        <time>2026-09-15T00:56:05.000Z</time>
        <extensions>
          <ns3:TrackPointExtension>
            <ns3:hr>159</ns3:hr>
            <ns3:cad>89</ns3:cad>
          </ns3:TrackPointExtension>
        </extensions>
      </trkpt>
      <trkpt lat="34.18040494434535503387451171875" lon="108.93214593641459941864013671875">
        <ele>437.79998779296875</ele>
        <time>2026-09-15T00:56:06.000Z</time>
        <extensions>
          <ns3:TrackPointExtension>
            <ns3:hr>159</ns3:hr>
            <ns3:cad>89</ns3:cad>
          </ns3:TrackPointExtension>
        </extensions>
      </trkpt>
      <trkpt lat="34.18040209449827671051025390625" lon="108.93217242322862148284912109375">
        <ele>437.79998779296875</ele>
        <time>2026-09-15T00:56:07.000Z</time>
        <extensions>
          <ns3:TrackPointExtension>
            <ns3:hr>159</ns3:hr>
            <ns3:cad>89</ns3:cad>
          </ns3:TrackPointExtension>
        </extensions>
      </trkpt>
      <trkpt lat="34.18040058575570583343505859375" lon="108.932192958891391754150390625">
        <ele>438</ele>
        <time>2026-09-15T00:56:08.000Z</time>
        <extensions>
          <ns3:TrackPointExtension>
            <ns3:hr>160</ns3:hr>
            <ns3:cad>89</ns3:cad>
          </ns3:TrackPointExtension>
        </extensions>
      </trkpt>
      <trkpt lat="34.1803964786231517791748046875" lon="108.932219110429286956787109375">
        <ele>438</ele>
        <time>2026-09-15T00:56:09.000Z</time>
        <extensions>
          <ns3:TrackPointExtension>
            <ns3:hr>161</ns3:hr>
            <ns3:cad>89</ns3:cad>
          </ns3:TrackPointExtension>
        </extensions>
      </trkpt>
      <trkpt lat="34.1803944669663906097412109375" lon="108.93224283121526241302490234375">
        <ele>438</ele>
        <time>2026-09-15T00:56:10.000Z</time>
        <extensions>
          <ns3:TrackPointExtension>
            <ns3:hr>162</ns3:hr>
            <ns3:cad>89</ns3:cad>
          </ns3:TrackPointExtension>
        </extensions>
      </trkpt>
      <trkpt lat="34.18038600124418735504150390625" lon="108.93226780928671360015869140625">
        <ele>438</ele>
        <time>2026-09-15T00:56:11.000Z</time>
        <extensions>
          <ns3:TrackPointExtension>
            <ns3:hr>162</ns3:hr>
            <ns3:cad>89</ns3:cad>
          </ns3:TrackPointExtension>
        </extensions>
      </trkpt>
      <trkpt lat="34.180382229387760162353515625" lon="108.9322923682630062103271484375">
        <ele>438</ele>
        <time>2026-09-15T00:56:12.000Z</time>
        <extensions>
          <ns3:TrackPointExtension>
            <ns3:hr>163</ns3:hr>
            <ns3:cad>88</ns3:cad>
          </ns3:TrackPointExtension>
        </extensions>
      </trkpt>
      <trkpt lat="34.1803750209510326385498046875" lon="108.93232380039989948272705078125">
        <ele>438</ele>
        <time>2026-09-15T00:56:13.000Z</time>
        <extensions>
          <ns3:TrackPointExtension>
            <ns3:hr>163</ns3:hr>
            <ns3:cad>88</ns3:cad>
          </ns3:TrackPointExtension>
        </extensions>
      </trkpt>
      <trkpt lat="34.1803740151226520538330078125" lon="108.93234961666166782379150390625">
        <ele>438</ele>
        <time>2026-09-15T00:56:14.000Z</time>
        <extensions>
          <ns3:TrackPointExtension>
            <ns3:hr>163</ns3:hr>
            <ns3:cad>88</ns3:cad>
          </ns3:TrackPointExtension>
        </extensions>
      </trkpt>
      <trkpt lat="34.18037275783717632293701171875" lon="108.9323838986456394195556640625">
        <ele>438</ele>
        <time>2026-09-15T00:56:15.000Z</time>
        <extensions>
          <ns3:TrackPointExtension>
            <ns3:hr>164</ns3:hr>
            <ns3:cad>88</ns3:cad>
          </ns3:TrackPointExtension>
        </extensions>
      </trkpt>
      <trkpt lat="34.18037451803684234619140625" lon="108.93240661360323429107666015625">
        <ele>438</ele>
        <time>2026-09-15T00:56:16.000Z</time>
        <extensions>
          <ns3:TrackPointExtension>
            <ns3:hr>164</ns3:hr>
            <ns3:cad>89</ns3:cad>
          </ns3:TrackPointExtension>
        </extensions>
      </trkpt>
      <trkpt lat="34.1803730092942714691162109375" lon="108.93243427388370037078857421875">
        <ele>438</ele>
        <time>2026-09-15T00:56:17.000Z</time>
        <extensions>
          <ns3:TrackPointExtension>
            <ns3:hr>164</ns3:hr>
            <ns3:cad>89</ns3:cad>
          </ns3:TrackPointExtension>
        </extensions>
      </trkpt>
      <trkpt lat="34.1803679801523685455322265625" lon="108.9324568212032318115234375">
        <ele>438</ele>
        <time>2026-09-15T00:56:18.000Z</time>
        <extensions>
          <ns3:TrackPointExtension>
            <ns3:hr>164</ns3:hr>
            <ns3:cad>89</ns3:cad>
          </ns3:TrackPointExtension>
        </extensions>
      </trkpt>
      <trkpt lat="34.18036571703851222991943359375" lon="108.93248490057885646820068359375">
        <ele>438</ele>
        <time>2026-09-15T00:56:19.000Z</time>
        <extensions>
          <ns3:TrackPointExtension>
            <ns3:hr>164</ns3:hr>
            <ns3:cad>89</ns3:cad>
          </ns3:TrackPointExtension>
        </extensions>
      </trkpt>
      <trkpt lat="34.18036605231463909149169921875" lon="108.9325042627751827239990234375">
        <ele>438</ele>
        <time>2026-09-15T00:56:20.000Z</time>
        <extensions>
          <ns3:TrackPointExtension>
            <ns3:hr>164</ns3:hr>
            <ns3:cad>89</ns3:cad>
          </ns3:TrackPointExtension>
        </extensions>
      </trkpt>
      <trkpt lat="34.180360101163387298583984375" lon="108.932533599436283111572265625">
        <ele>438.20001220703125</ele>
        <time>2026-09-15T00:56:21.000Z</time>
        <extensions>
          <ns3:TrackPointExtension>
            <ns3:hr>164</ns3:hr>
            <ns3:cad>89</ns3:cad>
          </ns3:TrackPointExtension>
        </extensions>
      </trkpt>
      <trkpt lat="34.18035498820245265960693359375" lon="108.93255681730806827545166015625">
        <ele>438.20001220703125</ele>
        <time>2026-09-15T00:56:22.000Z</time>
        <extensions>
          <ns3:TrackPointExtension>
            <ns3:hr>164</ns3:hr>
            <ns3:cad>89</ns3:cad>
          </ns3:TrackPointExtension>
        </extensions>
      </trkpt>
      <trkpt lat="34.180338643491268157958984375" lon="108.9325867407023906707763671875">
        <ele>438.20001220703125</ele>
        <time>2026-09-15T00:56:23.000Z</time>
        <extensions>
          <ns3:TrackPointExtension>
            <ns3:hr>164</ns3:hr>
            <ns3:cad>89</ns3:cad>
          </ns3:TrackPointExtension>
        </extensions>
      </trkpt>
      <trkpt lat="34.18033118359744548797607421875" lon="108.93260501325130462646484375">
        <ele>438.399993896484375</ele>
        <time>2026-09-15T00:56:24.000Z</time>
        <extensions>
          <ns3:TrackPointExtension>
            <ns3:hr>163</ns3:hr>
            <ns3:cad>89</ns3:cad>
          </ns3:TrackPointExtension>
        </extensions>
      </trkpt>
      <trkpt lat="34.1803213767707347869873046875" lon="108.93263183534145355224609375">
        <ele>438.399993896484375</ele>
        <time>2026-09-15T00:56:25.000Z</time>
        <extensions>
          <ns3:TrackPointExtension>
            <ns3:hr>164</ns3:hr>
            <ns3:cad>89</ns3:cad>
          </ns3:TrackPointExtension>
        </extensions>
      </trkpt>
      <trkpt lat="34.180314838886260986328125" lon="108.93265622667968273162841796875">
        <ele>438.600006103515625</ele>
        <time>2026-09-15T00:56:26.000Z</time>
        <extensions>
          <ns3:TrackPointExtension>
            <ns3:hr>164</ns3:hr>
            <ns3:cad>89</ns3:cad>
          </ns3:TrackPointExtension>
        </extensions>
      </trkpt>
      <trkpt lat="34.18030905537307262420654296875" lon="108.93268204294145107269287109375">
        <ele>438.600006103515625</ele>
        <time>2026-09-15T00:56:27.000Z</time>
        <extensions>
          <ns3:TrackPointExtension>
            <ns3:hr>164</ns3:hr>
            <ns3:cad>88</ns3:cad>
          </ns3:TrackPointExtension>
        </extensions>
      </trkpt>
      <trkpt lat="34.18030436150729656219482421875" lon="108.932704590260982513427734375">
        <ele>438.79998779296875</ele>
        <time>2026-09-15T00:56:28.000Z</time>
        <extensions>
          <ns3:TrackPointExtension>
            <ns3:hr>164</ns3:hr>
            <ns3:cad>87</ns3:cad>
          </ns3:TrackPointExtension>
        </extensions>
      </trkpt>
      <trkpt lat="34.18030746281147003173828125" lon="108.93272730521857738494873046875">
        <ele>438.79998779296875</ele>
        <time>2026-09-15T00:56:29.000Z</time>
        <extensions>
          <ns3:TrackPointExtension>
            <ns3:hr>163</ns3:hr>
            <ns3:cad>87</ns3:cad>
          </ns3:TrackPointExtension>
        </extensions>
      </trkpt>
      <trkpt lat="34.18030234985053539276123046875" lon="108.93274985253810882568359375">
        <ele>438.79998779296875</ele>
        <time>2026-09-15T00:56:30.000Z</time>
        <extensions>
          <ns3:TrackPointExtension>
            <ns3:hr>164</ns3:hr>
            <ns3:cad>87</ns3:cad>
          </ns3:TrackPointExtension>
        </extensions>
      </trkpt>
      <trkpt lat="34.1803027689456939697265625" lon="108.932771645486354827880859375">
        <ele>438.79998779296875</ele>
        <time>2026-09-15T00:56:31.000Z</time>
        <extensions>
          <ns3:TrackPointExtension>
            <ns3:hr>164</ns3:hr>
            <ns3:cad>87</ns3:cad>
          </ns3:TrackPointExtension>
        </extensions>
      </trkpt>
      <trkpt lat="34.1802881844341754913330078125" lon="108.93280006013810634613037109375">
        <ele>438.79998779296875</ele>
        <time>2026-09-15T00:56:32.000Z</time>
        <extensions>
          <ns3:TrackPointExtension>
            <ns3:hr>164</ns3:hr>
            <ns3:cad>88</ns3:cad>
          </ns3:TrackPointExtension>
        </extensions>
      </trkpt>
      <trkpt lat="34.1802814789116382598876953125" lon="108.932825289666652679443359375">
        <ele>438.79998779296875</ele>
        <time>2026-09-15T00:56:33.000Z</time>
        <extensions>
          <ns3:TrackPointExtension>
            <ns3:hr>164</ns3:hr>
            <ns3:cad>87</ns3:cad>
          </ns3:TrackPointExtension>
        </extensions>
      </trkpt>
      <trkpt lat="34.18027351610362529754638671875" lon="108.93285856582224369049072265625">
        <ele>438.79998779296875</ele>
        <time>2026-09-15T00:56:34.000Z</time>
        <extensions>
          <ns3:TrackPointExtension>
            <ns3:hr>165</ns3:hr>
            <ns3:cad>87</ns3:cad>
          </ns3:TrackPointExtension>
        </extensions>
      </trkpt>
      <trkpt lat="34.180264212191104888916015625" lon="108.93288262188434600830078125">
        <ele>439</ele>
        <time>2026-09-15T00:56:35.000Z</time>
        <extensions>
          <ns3:TrackPointExtension>
            <ns3:hr>165</ns3:hr>
            <ns3:cad>87</ns3:cad>
          </ns3:TrackPointExtension>
        </extensions>
      </trkpt>
      <trkpt lat="34.1802637092769145965576171875" lon="108.93290332518517971038818359375">
        <ele>439</ele>
        <time>2026-09-15T00:56:36.000Z</time>
        <extensions>
          <ns3:TrackPointExtension>
            <ns3:hr>165</ns3:hr>
            <ns3:cad>87</ns3:cad>
          </ns3:TrackPointExtension>
        </extensions>
      </trkpt>
    </trkseg>
  </trk>
</gpx>
