<gpx xmlns:ns3="http://www.garmin.com/xmlschemas/TrackPointExtension/v1" xmlns="http://www.topografix.com/GPX/1/1" xmlns:xsi="http://www.w3.org/2001/XMLSchema-instance" xmlns:ns2="http://www.garmin.com/xmlschemas/GpxExtensions/v3" creator="Garmin Connect" version="1.1" xsi:schemaLocation="http://www.topografix.com/GPX/1/1 http://www.topografix.com/GPX/11.xsd">
  <extensions>
<distance>11264.44</distance>
<average_hr>74.0</average_hr>
<average_speed>1.590999960899353</average_speed>
<start_time>2026-10-04T08:03:59+00:00</start_time>
<end_time>2026-10-04T10:02:00.132000+00:00</end_time>
<moving_time>5128.0</moving_time>
<elapsed_time>8863.061</elapsed_time>
</extensions>
<metadata>
    <link href="connect.garmin.com">
      <text>Garmin Connect</text>
    </link>
    <time>2026-10-04T08:03:59.000Z</time>
  </metadata>
  <trk>
    <name>武汉市 骑行</name>
    <type>cycling</type>
    <trkseg>
      <trkpt lat="30.58097281493246555328369140625" lon="114.37346457503736019134521484375">
        <ele>23.3999996185302734375</ele>
        <time>2026-10-04T08:03:59.000Z</time>
        <extensions>
          <ns3:TrackPointExtension>
            <ns3:hr>73</ns3:hr>
          </ns3:TrackPointExtension>
        </extensions>
      </trkpt>
      <trkpt lat="30.58095596730709075927734375" lon="114.3734980188310146331787109375">
        <ele>23.3999996185302734375</ele>
        <time>2026-10-04T08:04:00.000Z</time>
        <extensions>
          <ns3:TrackPointExtension>
            <ns3:hr>73</ns3:hr>
          </ns3:TrackPointExtension>
        </extensions>
      </trkpt>
      <trkpt lat="30.5809645168483257293701171875" lon="114.3736509047448635101318359375">
        <ele>23.3999996185302734375</ele>
        <time>2026-10-04T08:04:06.000Z</time>
        <extensions>
          <ns3:TrackPointExtension>
            <ns3:hr>73</ns3:hr>
          </ns3:TrackPointExtension>
        </extensions>
      </trkpt>
      <trkpt lat="30.58097147382795810699462890625" lon="114.3737591989338397979736328125">
        <ele>23.200000762939453125</ele>
        <time>2026-10-04T08:04:11.000Z</time>
        <extensions>
          <ns3:TrackPointExtension>
            <ns3:hr>76</ns3:hr>
          </ns3:TrackPointExtension>
        </extensions>
      </trkpt>
      <trkpt lat="30.580978095531463623046875" lon="114.37377889640629291534423828125">
        <ele>23.200000762939453125</ele>
        <time>2026-10-04T08:04:12.000Z</time>
        <extensions>
          <ns3:TrackPointExtension>
            <ns3:hr>77</ns3:hr>
          </ns3:TrackPointExtension>
        </extensions>
      </trkpt>
      <trkpt lat="30.58098622597754001617431640625" lon="114.3739137612283229827880859375">
        <ele>23</ele>
        <time>2026-10-04T08:04:18.000Z</time>
        <extensions>
          <ns3:TrackPointExtension>
            <ns3:hr>77</ns3:hr>
          </ns3:TrackPointExtension>
        </extensions>
      </trkpt>
      <trkpt lat="30.5810060910880565643310546875" lon="114.37416873872280120849609375">
        <ele>22.799999237060546875</ele>
        <time>2026-10-04T08:04:27.000Z</time>
        <extensions>
          <ns3:TrackPointExtension>
            <ns3:hr>75</ns3:hr>
          </ns3:TrackPointExtension>
        </extensions>
      </trkpt>
      <trkpt lat="30.5809946916997432708740234375" lon="114.37424459494650363922119140625">
        <ele>22.799999237060546875</ele>
        <time>2026-10-04T08:04:32.000Z</time>
        <extensions>
          <ns3:TrackPointExtension>
            <ns3:hr>76</ns3:hr>
          </ns3:TrackPointExtension>
        </extensions>
      </trkpt>
      <trkpt lat="30.5810094438493251800537109375" lon="114.3743412382900714874267578125">
        <ele>22.799999237060546875</ele>
        <time>2026-10-04T08:04:39.000Z</time>
        <extensions>
          <ns3:TrackPointExtension>
            <ns3:hr>76</ns3:hr>
          </ns3:TrackPointExtension>
        </extensions>
      </trkpt>
      <trkpt lat="30.5810195021331310272216796875" lon="114.374431259930133819580078125">
        <ele>23</ele>
        <time>2026-10-04T08:04:45.000Z</time>
        <extensions>
          <ns3:TrackPointExtension>
            <ns3:hr>78</ns3:hr>
          </ns3:TrackPointExtension>
        </extensions>
      </trkpt>
      <trkpt lat="30.581037104129791259765625" lon="114.37455321662127971649169921875">
        <ele>23.200000762939453125</ele>
        <time>2026-10-04T08:04:52.000Z</time>
        <extensions>
          <ns3:TrackPointExtension>
            <ns3:hr>81</ns3:hr>
          </ns3:TrackPointExtension>
        </extensions>
      </trkpt>
      <trkpt lat="30.5810396187007427215576171875" lon="114.3745725788176059722900390625">
        <ele>23.200000762939453125</ele>
        <time>2026-10-04T08:04:54.000Z</time>
        <extensions>
          <ns3:TrackPointExtension>
            <ns3:hr>84</ns3:hr>
          </ns3:TrackPointExtension>
        </extensions>
      </trkpt>
      <trkpt lat="30.581037439405918121337890625" lon="114.37459914945065975189208984375">
        <ele>23.3999996185302734375</ele>
        <time>2026-10-04T08:04:57.000Z</time>
        <extensions>
          <ns3:TrackPointExtension>
            <ns3:hr>85</ns3:hr>
          </ns3:TrackPointExtension>
        </extensions>
      </trkpt>
      <trkpt lat="30.5810560472309589385986328125" lon="114.374720938503742218017578125">
        <ele>23.3999996185302734375</ele>
        <time>2026-10-04T08:05:03.000Z</time>
        <extensions>
          <ns3:TrackPointExtension>
            <ns3:hr>88</ns3:hr>
          </ns3:TrackPointExtension>
        </extensions>
      </trkpt>
      <trkpt lat="30.58106568641960620880126953125" lon="114.37487809918820858001708984375">
        <ele>23.799999237060546875</ele>
        <time>2026-10-04T08:05:08.000Z</time>
        <extensions>
          <ns3:TrackPointExtension>
            <ns3:hr>89</ns3:hr>
          </ns3:TrackPointExtension>
        </extensions>
      </trkpt>
      <trkpt lat="30.581071637570858001708984375" lon="114.37496728263795375823974609375">
        <ele>24.3999996185302734375</ele>
        <time>2026-10-04T08:05:14.000Z</time>
        <extensions>
          <ns3:TrackPointExtension>
            <ns3:hr>91</ns3:hr>
          </ns3:TrackPointExtension>
        </extensions>
      </trkpt>
      <trkpt lat="30.58106920681893825531005859375" lon="114.3750262074172496795654296875">
        <ele>24.3999996185302734375</ele>
        <time>2026-10-04T08:05:18.000Z</time>
        <extensions>
          <ns3:TrackPointExtension>
            <ns3:hr>94</ns3:hr>
          </ns3:TrackPointExtension>
        </extensions>
      </trkpt>
      <trkpt lat="30.58107088319957256317138671875" lon="114.37506484799087047576904296875">
        <ele>24.200000762939453125</ele>
        <time>2026-10-04T08:05:20.000Z</time>
        <extensions>
          <ns3:TrackPointExtension>
            <ns3:hr>98</ns3:hr>
          </ns3:TrackPointExtension>
        </extensions>
      </trkpt>
      <trkpt lat="30.58107323013246059417724609375" lon="114.37507800757884979248046875">
        <ele>24.200000762939453125</ele>
        <time>2026-10-04T08:05:21.000Z</time>
        <extensions>
          <ns3:TrackPointExtension>
            <ns3:hr>99</ns3:hr>
          </ns3:TrackPointExtension>
        </extensions>
      </trkpt>
      <trkpt lat="30.581077001988887786865234375" lon="114.375136680901050567626953125">
        <ele>24</ele>
        <time>2026-10-04T08:05:27.000Z</time>
        <extensions>
          <ns3:TrackPointExtension>
            <ns3:hr>100</ns3:hr>
          </ns3:TrackPointExtension>
        </extensions>
      </trkpt>
      <trkpt lat="30.58108479715883731842041015625" lon="114.37520273029804229736328125">
        <ele>24</ele>
        <time>2026-10-04T08:05:35.000Z</time>
        <extensions>
          <ns3:TrackPointExtension>
            <ns3:hr>97</ns3:hr>
          </ns3:TrackPointExtension>
        </extensions>
      </trkpt>
      <trkpt lat="30.58109502308070659637451171875" lon="114.37525126151740550994873046875">
        <ele>24</ele>
        <time>2026-10-04T08:05:39.000Z</time>
        <extensions>
          <ns3:TrackPointExtension>
            <ns3:hr>94</ns3:hr>
          </ns3:TrackPointExtension>
        </extensions>
      </trkpt>
      <trkpt lat="30.58110273443162441253662109375" lon="114.375268779695034027099609375">
        <ele>23.799999237060546875</ele>
        <time>2026-10-04T08:05:41.000Z</time>
        <extensions>
          <ns3:TrackPointExtension>
            <ns3:hr>94</ns3:hr>
          </ns3:TrackPointExtension>
        </extensions>
      </trkpt>
      <trkpt lat="30.5811341665685176849365234375" lon="114.375353269279003143310546875">
        <ele>23.799999237060546875</ele>
        <time>2026-10-04T08:05:45.000Z</time>
        <extensions>
          <ns3:TrackPointExtension>
            <ns3:hr>94</ns3:hr>
          </ns3:TrackPointExtension>
        </extensions>
      </trkpt>
      <trkpt lat="30.58116140775382518768310546875" lon="114.37547405250370502471923828125">
        <ele>23.799999237060546875</ele>
        <time>2026-10-04T08:05:49.000Z</time>
        <extensions>
          <ns3:TrackPointExtension>
            <ns3:hr>94</ns3:hr>
          </ns3:TrackPointExtension>
        </extensions>
      </trkpt>
      <trkpt lat="30.5812116153538227081298828125" lon="114.37558217905461788177490234375">
        <ele>23.799999237060546875</ele>
        <time>2026-10-04T08:05:54.000Z</time>
        <extensions>
          <ns3:TrackPointExtension>
            <ns3:hr>97</ns3:hr>
          </ns3:TrackPointExtension>
        </extensions>
      </trkpt>
      <trkpt lat="30.58122058399021625518798828125" lon="114.37559969723224639892578125">
        <ele>23.799999237060546875</ele>
        <time>2026-10-04T08:05:55.000Z</time>
        <extensions>
          <ns3:TrackPointExtension>
            <ns3:hr>99</ns3:hr>
          </ns3:TrackPointExtension>
        </extensions>
      </trkpt>
      <trkpt lat="30.581246316432952880859375" lon="114.375639259815216064453125">
        <ele>23.799999237060546875</ele>
        <time>2026-10-04T08:06:01.000Z</time>
        <extensions>
          <ns3:TrackPointExtension>
            <ns3:hr>99</ns3:hr>
          </ns3:TrackPointExtension>
        </extensions>
      </trkpt>
      <trkpt lat="30.58129518292844295501708984375" lon="114.37568343244493007659912109375">
        <ele>23.6000003814697265625</ele>
        <time>2026-10-04T08:06:05.000Z</time>
        <extensions>
          <ns3:TrackPointExtension>
            <ns3:hr>98</ns3:hr>
          </ns3:TrackPointExtension>
        </extensions>
      </trkpt>
      <trkpt lat="30.58142225258052349090576171875" lon="114.3758301995694637298583984375">
        <ele>23.6000003814697265625</ele>
        <time>2026-10-04T08:06:13.000Z</time>
        <extensions>
          <ns3:TrackPointExtension>
            <ns3:hr>97</ns3:hr>
          </ns3:TrackPointExtension>
        </extensions>
      </trkpt>
      <trkpt lat="30.5814915709197521209716796875" lon="114.3758969195187091827392578125">
        <ele>23.6000003814697265625</ele>
        <time>2026-10-04T08:06:17.000Z</time>
        <extensions>
          <ns3:TrackPointExtension>
            <ns3:hr>94</ns3:hr>
          </ns3:TrackPointExtension>
        </extensions>
      </trkpt>
      <trkpt lat="30.581526271998882293701171875" lon="114.37593187205493450164794921875">
        <ele>23.3999996185302734375</ele>
        <time>2026-10-04T08:06:19.000Z</time>
        <extensions>
          <ns3:TrackPointExtension>
            <ns3:hr>92</ns3:hr>
          </ns3:TrackPointExtension>
        </extensions>
      </trkpt>
      <trkpt lat="30.58161470107734203338623046875" lon="114.37604804523289203643798828125">
        <ele>23.6000003814697265625</ele>
        <time>2026-10-04T08:06:25.000Z</time>
        <extensions>
          <ns3:TrackPointExtension>
            <ns3:hr>91</ns3:hr>
          </ns3:TrackPointExtension>
        </extensions>
      </trkpt>
      <trkpt lat="30.581661723554134368896484375" lon="114.37612683512270450592041015625">
        <ele>23.799999237060546875</ele>
        <time>2026-10-04T08:06:31.000Z</time>
        <extensions>
          <ns3:TrackPointExtension>
            <ns3:hr>88</ns3:hr>
          </ns3:TrackPointExtension>
        </extensions>
      </trkpt>
      <trkpt lat="30.58172198943793773651123046875" lon="114.37621534802019596099853515625">
        <ele>24</ele>
        <time>2026-10-04T08:06:37.000Z</time>
        <extensions>
          <ns3:TrackPointExtension>
            <ns3:hr>87</ns3:hr>
          </ns3:TrackPointExtension>
        </extensions>
      </trkpt>
      <trkpt lat="30.5817805789411067962646484375" lon="114.37633353285491466522216796875">
        <ele>24</ele>
        <time>2026-10-04T08:06:42.000Z</time>
        <extensions>
          <ns3:TrackPointExtension>
            <ns3:hr>89</ns3:hr>
          </ns3:TrackPointExtension>
        </extensions>
      </trkpt>
      <trkpt lat="30.58182299137115478515625" lon="114.376475103199481964111328125">
        <ele>24</ele>
        <time>2026-10-04T08:06:48.000Z</time>
        <extensions>
          <ns3:TrackPointExtension>
            <ns3:hr>89</ns3:hr>
          </ns3:TrackPointExtension>
        </extensions>
      </trkpt>
      <trkpt lat="30.5818680860102176666259765625" lon="114.37663729302585124969482421875">
        <ele>23.799999237060546875</ele>
        <time>2026-10-04T08:06:54.000Z</time>
        <extensions>
          <ns3:TrackPointExtension>
            <ns3:hr>86</ns3:hr>
          </ns3:TrackPointExtension>
        </extensions>
      </trkpt>
      <trkpt lat="30.5819141864776611328125" lon="114.376760758459568023681640625">
        <ele>23.6000003814697265625</ele>
        <time>2026-10-04T08:06:59.000Z</time>
        <extensions>
          <ns3:TrackPointExtension>
            <ns3:hr>82</ns3:hr>
          </ns3:TrackPointExtension>
        </extensions>
      </trkpt>
      <trkpt lat="30.581921227276325225830078125" lon="114.3768128938972949981689453125">
        <ele>23.3999996185302734375</ele>
        <time>2026-10-04T08:07:01.000Z</time>
        <extensions>
          <ns3:TrackPointExtension>
            <ns3:hr>79</ns3:hr>
          </ns3:TrackPointExtension>
        </extensions>
      </trkpt>
      <trkpt lat="30.5819338001310825347900390625" lon="114.3768797814846038818359375">
        <ele>23.3999996185302734375</ele>
        <time>2026-10-04T08:07:04.000Z</time>
        <extensions>
          <ns3:TrackPointExtension>
            <ns3:hr>76</ns3:hr>
          </ns3:TrackPointExtension>
        </extensions>
      </trkpt>
      <trkpt lat="30.5819368176162242889404296875" lon="114.376896880567073822021484375">
        <ele>23.3999996185302734375</ele>
        <time>2026-10-04T08:07:05.000Z</time>
        <extensions>
          <ns3:TrackPointExtension>
            <ns3:hr>76</ns3:hr>
          </ns3:TrackPointExtension>
        </extensions>
      </trkpt>
      <trkpt lat="30.58194436132907867431640625" lon="114.376920349895954132080078125">
        <ele>23.6000003814697265625</ele>
        <time>2026-10-04T08:07:11.000Z</time>
        <extensions>
          <ns3:TrackPointExtension>
            <ns3:hr>75</ns3:hr>
          </ns3:TrackPointExtension>
        </extensions>
      </trkpt>
      <trkpt lat="30.58194436132907867431640625" lon="114.376920349895954132080078125">
        <ele>23.3999996185302734375</ele>
        <time>2026-10-04T08:07:20.000Z</time>
        <extensions>
          <ns3:TrackPointExtension>
            <ns3:hr>72</ns3:hr>
          </ns3:TrackPointExtension>
        </extensions>
      </trkpt>
      <trkpt lat="30.58194436132907867431640625" lon="114.376920349895954132080078125">
        <ele>23.3999996185302734375</ele>
        <time>2026-10-04T08:07:26.000Z</time>
        <extensions>
          <ns3:TrackPointExtension>
            <ns3:hr>75</ns3:hr>
          </ns3:TrackPointExtension>
        </extensions>
      </trkpt>
      <trkpt lat="30.58194436132907867431640625" lon="114.376920349895954132080078125">
        <ele>23.3999996185302734375</ele>
        <time>2026-10-04T08:07:28.000Z</time>
        <extensions>
          <ns3:TrackPointExtension>
            <ns3:hr>75</ns3:hr>
          </ns3:TrackPointExtension>
        </extensions>
      </trkpt>
      <trkpt lat="30.58194436132907867431640625" lon="114.376920349895954132080078125">
        <ele>23.200000762939453125</ele>
        <time>2026-10-04T08:07:33.000Z</time>
        <extensions>
          <ns3:TrackPointExtension>
            <ns3:hr>72</ns3:hr>
          </ns3:TrackPointExtension>
        </extensions>
      </trkpt>
      <trkpt lat="30.58194436132907867431640625" lon="114.376920349895954132080078125">
        <ele>23.200000762939453125</ele>
        <time>2026-10-04T08:07:35.000Z</time>
        <extensions>
          <ns3:TrackPointExtension>
            <ns3:hr>71</ns3:hr>
          </ns3:TrackPointExtension>
        </extensions>
      </trkpt>
      <trkpt lat="30.581967830657958984375" lon="114.37693267129361629486083984375">
        <ele>23.200000762939453125</ele>
        <time>2026-10-04T08:07:44.000Z</time>
        <extensions>
          <ns3:TrackPointExtension>
            <ns3:hr>72</ns3:hr>
          </ns3:TrackPointExtension>
        </extensions>
      </trkpt>
      <trkpt lat="30.58197327889502048492431640625" lon="114.37695496715605258941650390625">
        <ele>23.6000003814697265625</ele>
        <time>2026-10-04T08:07:51.000Z</time>
        <extensions>
          <ns3:TrackPointExtension>
            <ns3:hr>71</ns3:hr>
          </ns3:TrackPointExtension>
        </extensions>
      </trkpt>
      <trkpt lat="30.58200328610837459564208984375" lon="114.3770703859627246856689453125">
        <ele>23.6000003814697265625</ele>
        <time>2026-10-04T08:07:58.000Z</time>
        <extensions>
          <ns3:TrackPointExtension>
            <ns3:hr>69</ns3:hr>
          </ns3:TrackPointExtension>
        </extensions>
      </trkpt>
      <trkpt lat="30.58202742598950862884521484375" lon="114.37716367654502391815185546875">
        <ele>23.6000003814697265625</ele>
        <time>2026-10-04T08:08:03.000Z</time>
        <extensions>
          <ns3:TrackPointExtension>
            <ns3:hr>72</ns3:hr>
          </ns3:TrackPointExtension>
        </extensions>
      </trkpt>
      <trkpt lat="30.582031868398189544677734375" lon="114.37717574648559093475341796875">
        <ele>23.6000003814697265625</ele>
        <time>2026-10-04T08:08:04.000Z</time>
        <extensions>
          <ns3:TrackPointExtension>
            <ns3:hr>72</ns3:hr>
          </ns3:TrackPointExtension>
        </extensions>
      </trkpt>
      <trkpt lat="30.5820471234619617462158203125" lon="114.37721799127757549285888671875">
        <ele>23.6000003814697265625</ele>
        <time>2026-10-04T08:08:07.000Z</time>
        <extensions>
          <ns3:TrackPointExtension>
            <ns3:hr>75</ns3:hr>
          </ns3:TrackPointExtension>
        </extensions>
      </trkpt>
      <trkpt lat="30.5820679105818271636962890625" lon="114.377280436456203460693359375">
        <ele>23.6000003814697265625</ele>
        <time>2026-10-04T08:08:11.000Z</time>
        <extensions>
          <ns3:TrackPointExtension>
            <ns3:hr>77</ns3:hr>
          </ns3:TrackPointExtension>
        </extensions>
      </trkpt>
      <trkpt lat="30.582091547548770904541015625" lon="114.37737129628658294677734375">
        <ele>23.6000003814697265625</ele>
        <time>2026-10-04T08:08:18.000Z</time>
        <extensions>
          <ns3:TrackPointExtension>
            <ns3:hr>77</ns3:hr>
          </ns3:TrackPointExtension>
        </extensions>
      </trkpt>
      <trkpt lat="30.58212650008499622344970703125" lon="114.37744245864450931549072265625">
        <ele>23.799999237060546875</ele>
        <time>2026-10-04T08:08:23.000Z</time>
        <extensions>
          <ns3:TrackPointExtension>
            <ns3:hr>78</ns3:hr>
          </ns3:TrackPointExtension>
        </extensions>
      </trkpt>
      <trkpt lat="30.58215080760419368743896484375" lon="114.3775421194732189178466796875">
        <ele>23.6000003814697265625</ele>
        <time>2026-10-04T08:08:29.000Z</time>
        <extensions>
          <ns3:TrackPointExtension>
            <ns3:hr>80</ns3:hr>
          </ns3:TrackPointExtension>
        </extensions>
      </trkpt>
      <trkpt lat="30.5821765400469303131103515625" lon="114.37769676558673381805419921875">
        <ele>23.6000003814697265625</ele>
        <time>2026-10-04T08:08:35.000Z</time>
        <extensions>
          <ns3:TrackPointExtension>
            <ns3:hr>80</ns3:hr>
          </ns3:TrackPointExtension>
        </extensions>
      </trkpt>
      <trkpt lat="30.582233034074306488037109375" lon="114.37782048247754573822021484375">
        <ele>23.3999996185302734375</ele>
        <time>2026-10-04T08:08:41.000Z</time>
        <extensions>
          <ns3:TrackPointExtension>
            <ns3:hr>81</ns3:hr>
          </ns3:TrackPointExtension>
        </extensions>
      </trkpt>
      <trkpt lat="30.58226748369634151458740234375" lon="114.37792441807687282562255859375">
        <ele>23.6000003814697265625</ele>
        <time>2026-10-04T08:08:46.000Z</time>
        <extensions>
          <ns3:TrackPointExtension>
            <ns3:hr>82</ns3:hr>
          </ns3:TrackPointExtension>
        </extensions>
      </trkpt>
      <trkpt lat="30.5823140032589435577392578125" lon="114.378073699772357940673828125">
        <ele>24</ele>
        <time>2026-10-04T08:08:52.000Z</time>
        <extensions>
          <ns3:TrackPointExtension>
            <ns3:hr>81</ns3:hr>
          </ns3:TrackPointExtension>
        </extensions>
      </trkpt>
      <trkpt lat="30.582351386547088623046875" lon="114.37818978913128376007080078125">
        <ele>23.6000003814697265625</ele>
        <time>2026-10-04T08:09:00.000Z</time>
        <extensions>
          <ns3:TrackPointExtension>
            <ns3:hr>80</ns3:hr>
          </ns3:TrackPointExtension>
        </extensions>
      </trkpt>
      <trkpt lat="30.582398660480976104736328125" lon="114.3783040344715118408203125">
        <ele>23.3999996185302734375</ele>
        <time>2026-10-04T08:09:07.000Z</time>
        <extensions>
          <ns3:TrackPointExtension>
            <ns3:hr>79</ns3:hr>
          </ns3:TrackPointExtension>
        </extensions>
      </trkpt>
      <trkpt lat="30.5824385583400726318359375" lon="114.37838575802743434906005859375">
        <ele>23.3999996185302734375</ele>
        <time>2026-10-04T08:09:12.000Z</time>
        <extensions>
          <ns3:TrackPointExtension>
            <ns3:hr>81</ns3:hr>
          </ns3:TrackPointExtension>
        </extensions>
      </trkpt>
      <trkpt lat="30.58245909400284290313720703125" lon="114.3784061260521411895751953125">
        <ele>23.3999996185302734375</ele>
        <time>2026-10-04T08:09:14.000Z</time>
        <extensions>
          <ns3:TrackPointExtension>
            <ns3:hr>83</ns3:hr>
          </ns3:TrackPointExtension>
        </extensions>
      </trkpt>
      <trkpt lat="30.5824943818151950836181640625" lon="114.378433115780353546142578125">
        <ele>23.3999996185302734375</ele>
        <time>2026-10-04T08:09:18.000Z</time>
        <extensions>
          <ns3:TrackPointExtension>
            <ns3:hr>83</ns3:hr>
          </ns3:TrackPointExtension>
        </extensions>
      </trkpt>
      <trkpt lat="30.5825326032936573028564453125" lon="114.37848600558936595916748046875">
        <ele>23.3999996185302734375</ele>
        <time>2026-10-04T08:09:23.000Z</time>
        <extensions>
          <ns3:TrackPointExtension>
            <ns3:hr>83</ns3:hr>
          </ns3:TrackPointExtension>
        </extensions>
      </trkpt>
      <trkpt lat="30.5825507082045078277587890625" lon="114.3785036914050579071044921875">
        <ele>23.3999996185302734375</ele>
        <time>2026-10-04T08:09:25.000Z</time>
        <extensions>
          <ns3:TrackPointExtension>
            <ns3:hr>86</ns3:hr>
          </ns3:TrackPointExtension>
        </extensions>
      </trkpt>
      <trkpt lat="30.58259823359549045562744140625" lon="114.378544427454471588134765625">
        <ele>23.3999996185302734375</ele>
        <time>2026-10-04T08:09:30.000Z</time>
        <extensions>
          <ns3:TrackPointExtension>
            <ns3:hr>88</ns3:hr>
          </ns3:TrackPointExtension>
        </extensions>
      </trkpt>
      <trkpt lat="30.58267719112336635589599609375" lon="114.37859765253961086273193359375">
        <ele>23.3999996185302734375</ele>
        <time>2026-10-04T08:09:35.000Z</time>
        <extensions>
          <ns3:TrackPointExtension>
            <ns3:hr>88</ns3:hr>
          </ns3:TrackPointExtension>
        </extensions>
      </trkpt>
      <trkpt lat="30.582758076488971710205078125" lon="114.37864802777767181396484375">
        <ele>23.6000003814697265625</ele>
        <time>2026-10-04T08:09:39.000Z</time>
        <extensions>
          <ns3:TrackPointExtension>
            <ns3:hr>89</ns3:hr>
          </ns3:TrackPointExtension>
        </extensions>
      </trkpt>
      <trkpt lat="30.58285740204155445098876953125" lon="114.3787025101482868194580078125">
        <ele>23.799999237060546875</ele>
        <time>2026-10-04T08:09:46.000Z</time>
        <extensions>
          <ns3:TrackPointExtension>
            <ns3:hr>90</ns3:hr>
          </ns3:TrackPointExtension>
        </extensions>
      </trkpt>
      <trkpt lat="30.582893528044223785400390625" lon="114.3787162564694881439208984375">
        <ele>23.799999237060546875</ele>
        <time>2026-10-04T08:09:51.000Z</time>
        <extensions>
          <ns3:TrackPointExtension>
            <ns3:hr>92</ns3:hr>
          </ns3:TrackPointExtension>
        </extensions>
      </trkpt>
      <trkpt lat="30.58290660381317138671875" lon="114.378728158771991729736328125">
        <ele>23.799999237060546875</ele>
        <time>2026-10-04T08:09:52.000Z</time>
        <extensions>
          <ns3:TrackPointExtension>
            <ns3:hr>92</ns3:hr>
          </ns3:TrackPointExtension>
        </extensions>
      </trkpt>
      <trkpt lat="30.58297424577176570892333984375" lon="114.37875120900571346282958984375">
        <ele>23.6000003814697265625</ele>
        <time>2026-10-04T08:09:56.000Z</time>
        <extensions>
          <ns3:TrackPointExtension>
            <ns3:hr>90</ns3:hr>
          </ns3:TrackPointExtension>
        </extensions>
      </trkpt>
      <trkpt lat="30.5830499343574047088623046875" lon="114.3788128159940242767333984375">
        <ele>23.6000003814697265625</ele>
        <time>2026-10-04T08:10:02.000Z</time>
        <extensions>
          <ns3:TrackPointExtension>
            <ns3:hr>90</ns3:hr>
          </ns3:TrackPointExtension>
        </extensions>
      </trkpt>
      <trkpt lat="30.583087317645549774169921875" lon="114.3788912706077098846435546875">
        <ele>23.200000762939453125</ele>
        <time>2026-10-04T08:10:06.000Z</time>
        <extensions>
          <ns3:TrackPointExtension>
            <ns3:hr>90</ns3:hr>
          </ns3:TrackPointExtension>
        </extensions>
      </trkpt>
      <trkpt lat="30.5830797739326953887939453125" lon="114.378900825977325439453125">
        <ele>23.200000762939453125</ele>
        <time>2026-10-04T08:10:08.000Z</time>
        <extensions>
          <ns3:TrackPointExtension>
            <ns3:hr>90</ns3:hr>
          </ns3:TrackPointExtension>
        </extensions>
      </trkpt>
      <trkpt lat="30.5831002257764339447021484375" lon="114.37893879599869251251220703125">
        <ele>23</ele>
        <time>2026-10-04T08:10:14.000Z</time>
        <extensions>
          <ns3:TrackPointExtension>
            <ns3:hr>91</ns3:hr>
          </ns3:TrackPointExtension>
        </extensions>
      </trkpt>
      <trkpt lat="30.5831106193363666534423828125" lon="114.3789906799793243408203125">
        <ele>23.200000762939453125</ele>
        <time>2026-10-04T08:10:19.000Z</time>
        <extensions>
          <ns3:TrackPointExtension>
            <ns3:hr>90</ns3:hr>
          </ns3:TrackPointExtension>
        </extensions>
      </trkpt>
      <trkpt lat="30.5831198394298553466796875" lon="114.37909302301704883575439453125">
        <ele>23.3999996185302734375</ele>
        <time>2026-10-04T08:10:25.000Z</time>
        <extensions>
          <ns3:TrackPointExtension>
            <ns3:hr>89</ns3:hr>
          </ns3:TrackPointExtension>
        </extensions>
      </trkpt>
      <trkpt lat="30.583118498325347900390625" lon="114.37916628085076808929443359375">
        <ele>23.200000762939453125</ele>
        <time>2026-10-04T08:10:28.000Z</time>
        <extensions>
          <ns3:TrackPointExtension>
            <ns3:hr>86</ns3:hr>
          </ns3:TrackPointExtension>
        </extensions>
      </trkpt>
      <trkpt lat="30.5831250362098217010498046875" lon="114.37922813929617404937744140625">
        <ele>23.200000762939453125</ele>
        <time>2026-10-04T08:10:31.000Z</time>
        <extensions>
          <ns3:TrackPointExtension>
            <ns3:hr>85</ns3:hr>
          </ns3:TrackPointExtension>
        </extensions>
      </trkpt>
      <trkpt lat="30.5831412971019744873046875" lon="114.37935403548181056976318359375">
        <ele>23</ele>
        <time>2026-10-04T08:10:38.000Z</time>
        <extensions>
          <ns3:TrackPointExtension>
            <ns3:hr>83</ns3:hr>
          </ns3:TrackPointExtension>
        </extensions>
      </trkpt>
      <trkpt lat="30.5831404589116573333740234375" lon="114.37949233688414096832275390625">
        <ele>23</ele>
        <time>2026-10-04T08:10:44.000Z</time>
        <extensions>
          <ns3:TrackPointExtension>
            <ns3:hr>82</ns3:hr>
          </ns3:TrackPointExtension>
        </extensions>
      </trkpt>
      <trkpt lat="30.58314288966357707977294921875" lon="114.3795879743993282318115234375">
        <ele>23</ele>
        <time>2026-10-04T08:10:50.000Z</time>
        <extensions>
          <ns3:TrackPointExtension>
            <ns3:hr>83</ns3:hr>
          </ns3:TrackPointExtension>
        </extensions>
      </trkpt>
      <trkpt lat="30.5831552110612392425537109375" lon="114.37972686253488063812255859375">
        <ele>22.799999237060546875</ele>
        <time>2026-10-04T08:10:58.000Z</time>
        <extensions>
          <ns3:TrackPointExtension>
            <ns3:hr>84</ns3:hr>
          </ns3:TrackPointExtension>
        </extensions>
      </trkpt>
      <trkpt lat="30.5831568874418735504150390625" lon="114.3798280321061611175537109375">
        <ele>22.799999237060546875</ele>
        <time>2026-10-04T08:11:03.000Z</time>
        <extensions>
          <ns3:TrackPointExtension>
            <ns3:hr>86</ns3:hr>
          </ns3:TrackPointExtension>
        </extensions>
      </trkpt>
      <trkpt lat="30.5831719748675823211669921875" lon="114.37996876426041126251220703125">
        <ele>23</ele>
        <time>2026-10-04T08:11:10.000Z</time>
        <extensions>
          <ns3:TrackPointExtension>
            <ns3:hr>85</ns3:hr>
          </ns3:TrackPointExtension>
        </extensions>
      </trkpt>
      <trkpt lat="30.5831796862185001373291015625" lon="114.38005484640598297119140625">
        <ele>23.200000762939453125</ele>
        <time>2026-10-04T08:11:16.000Z</time>
        <extensions>
          <ns3:TrackPointExtension>
            <ns3:hr>85</ns3:hr>
          </ns3:TrackPointExtension>
        </extensions>
      </trkpt>
      <trkpt lat="30.5831894092261791229248046875" lon="114.3801619671285152435302734375">
        <ele>23.799999237060546875</ele>
        <time>2026-10-04T08:11:21.000Z</time>
        <extensions>
          <ns3:TrackPointExtension>
            <ns3:hr>85</ns3:hr>
          </ns3:TrackPointExtension>
        </extensions>
      </trkpt>
      <trkpt lat="30.5832138843834400177001953125" lon="114.38034259714186191558837890625">
        <ele>23.3999996185302734375</ele>
        <time>2026-10-04T08:11:28.000Z</time>
        <extensions>
          <ns3:TrackPointExtension>
            <ns3:hr>84</ns3:hr>
          </ns3:TrackPointExtension>
        </extensions>
      </trkpt>
      <trkpt lat="30.5832108668982982635498046875" lon="114.38047318719327449798583984375">
        <ele>23</ele>
        <time>2026-10-04T08:11:35.000Z</time>
        <extensions>
          <ns3:TrackPointExtension>
            <ns3:hr>83</ns3:hr>
          </ns3:TrackPointExtension>
        </extensions>
      </trkpt>
      <trkpt lat="30.58323777280747890472412109375" lon="114.3806172721087932586669921875">
        <ele>22.799999237060546875</ele>
        <time>2026-10-04T08:11:43.000Z</time>
        <extensions>
          <ns3:TrackPointExtension>
            <ns3:hr>82</ns3:hr>
          </ns3:TrackPointExtension>
        </extensions>
      </trkpt>
      <trkpt lat="30.583226792514324188232421875" lon="114.3807631172239780426025390625">
        <ele>22.799999237060546875</ele>
        <time>2026-10-04T08:11:48.000Z</time>
        <extensions>
          <ns3:TrackPointExtension>
            <ns3:hr>81</ns3:hr>
          </ns3:TrackPointExtension>
        </extensions>
      </trkpt>
      <trkpt lat="30.58322285301983356475830078125" lon="114.3807808868587017059326171875">
        <ele>23</ele>
        <time>2026-10-04T08:11:52.000Z</time>
        <extensions>
          <ns3:TrackPointExtension>
            <ns3:hr>83</ns3:hr>
          </ns3:TrackPointExtension>
        </extensions>
      </trkpt>
      <trkpt lat="30.58322285301983356475830078125" lon="114.38078063540160655975341796875">
        <ele>22.799999237060546875</ele>
        <time>2026-10-04T08:11:56.000Z</time>
        <extensions>
          <ns3:TrackPointExtension>
            <ns3:hr>83</ns3:hr>
          </ns3:TrackPointExtension>
        </extensions>
      </trkpt>
      <trkpt lat="30.58322285301983356475830078125" lon="114.38078063540160655975341796875">
        <ele>22.200000762939453125</ele>
        <time>2026-10-04T08:12:06.000Z</time>
        <extensions>
          <ns3:TrackPointExtension>
            <ns3:hr>84</ns3:hr>
          </ns3:TrackPointExtension>
        </extensions>
      </trkpt>
      <trkpt lat="30.58322285301983356475830078125" lon="114.38078063540160655975341796875">
        <ele>22.200000762939453125</ele>
        <time>2026-10-04T08:12:11.000Z</time>
        <extensions>
          <ns3:TrackPointExtension>
            <ns3:hr>81</ns3:hr>
          </ns3:TrackPointExtension>
        </extensions>
      </trkpt>
      <trkpt lat="30.58322285301983356475830078125" lon="114.38078063540160655975341796875">
        <ele>22</ele>
        <time>2026-10-04T08:12:19.000Z</time>
        <extensions>
          <ns3:TrackPointExtension>
            <ns3:hr>78</ns3:hr>
          </ns3:TrackPointExtension>
        </extensions>
      </trkpt>
      <trkpt lat="30.58322285301983356475830078125" lon="114.38078063540160655975341796875">
        <ele>22</ele>
        <time>2026-10-04T08:12:20.000Z</time>
        <extensions>
          <ns3:TrackPointExtension>
            <ns3:hr>77</ns3:hr>
          </ns3:TrackPointExtension>
        </extensions>
      </trkpt>
      <trkpt lat="30.58322285301983356475830078125" lon="114.38078063540160655975341796875">
        <ele>22</ele>
        <time>2026-10-04T08:12:23.000Z</time>
        <extensions>
          <ns3:TrackPointExtension>
            <ns3:hr>76</ns3:hr>
          </ns3:TrackPointExtension>
        </extensions>
      </trkpt>
      <trkpt lat="30.58322285301983356475830078125" lon="114.38078063540160655975341796875">
        <ele>21.799999237060546875</ele>
        <time>2026-10-04T08:12:31.000Z</time>
        <extensions>
          <ns3:TrackPointExtension>
            <ns3:hr>75</ns3:hr>
          </ns3:TrackPointExtension>
        </extensions>
      </trkpt>
      <trkpt lat="30.58322285301983356475830078125" lon="114.38078063540160655975341796875">
        <ele>22.799999237060546875</ele>
        <time>2026-10-04T08:12:39.000Z</time>
        <extensions>
          <ns3:TrackPointExtension>
            <ns3:hr>75</ns3:hr>
          </ns3:TrackPointExtension>
        </extensions>
      </trkpt>
      <trkpt lat="30.58322285301983356475830078125" lon="114.38078063540160655975341796875">
        <ele>23</ele>
        <time>2026-10-04T08:12:40.000Z</time>
        <extensions>
          <ns3:TrackPointExtension>
            <ns3:hr>74</ns3:hr>
          </ns3:TrackPointExtension>
        </extensions>
      </trkpt>
      <trkpt lat="30.58322285301983356475830078125" lon="114.38078063540160655975341796875">
        <ele>22.3999996185302734375</ele>
        <time>2026-10-04T08:12:54.000Z</time>
        <extensions>
          <ns3:TrackPointExtension>
            <ns3:hr>73</ns3:hr>
          </ns3:TrackPointExtension>
        </extensions>
      </trkpt>
      <trkpt lat="30.58322285301983356475830078125" lon="114.38078063540160655975341796875">
        <ele>22.3999996185302734375</ele>
        <time>2026-10-04T08:13:10.000Z</time>
        <extensions>
          <ns3:TrackPointExtension>
            <ns3:hr>75</ns3:hr>
          </ns3:TrackPointExtension>
        </extensions>
      </trkpt>
      <trkpt lat="30.58322285301983356475830078125" lon="114.38078063540160655975341796875">
        <ele>22.3999996185302734375</ele>
        <time>2026-10-04T08:13:14.000Z</time>
        <extensions>
          <ns3:TrackPointExtension>
            <ns3:hr>72</ns3:hr>
          </ns3:TrackPointExtension>
        </extensions>
      </trkpt>
      <trkpt lat="30.58322285301983356475830078125" lon="114.38078063540160655975341796875">
        <ele>22.6000003814697265625</ele>
        <time>2026-10-04T08:13:25.000Z</time>
        <extensions>
          <ns3:TrackPointExtension>
            <ns3:hr>74</ns3:hr>
          </ns3:TrackPointExtension>
        </extensions>
      </trkpt>
      <trkpt lat="30.58322285301983356475830078125" lon="114.38078063540160655975341796875">
        <ele>22.3999996185302734375</ele>
        <time>2026-10-04T08:13:29.000Z</time>
        <extensions>
          <ns3:TrackPointExtension>
            <ns3:hr>77</ns3:hr>
          </ns3:TrackPointExtension>
        </extensions>
      </trkpt>
      <trkpt lat="30.58322285301983356475830078125" lon="114.38078063540160655975341796875">
        <ele>22.200000762939453125</ele>
        <time>2026-10-04T08:13:32.000Z</time>
        <extensions>
          <ns3:TrackPointExtension>
            <ns3:hr>77</ns3:hr>
          </ns3:TrackPointExtension>
        </extensions>
      </trkpt>
      <trkpt lat="30.58322285301983356475830078125" lon="114.38078063540160655975341796875">
        <ele>21.799999237060546875</ele>
        <time>2026-10-04T08:13:37.000Z</time>
        <extensions>
          <ns3:TrackPointExtension>
            <ns3:hr>81</ns3:hr>
          </ns3:TrackPointExtension>
        </extensions>
      </trkpt>
      <trkpt lat="30.58322285301983356475830078125" lon="114.38078063540160655975341796875">
        <ele>22.3999996185302734375</ele>
        <time>2026-10-04T08:13:45.000Z</time>
        <extensions>
          <ns3:TrackPointExtension>
            <ns3:hr>78</ns3:hr>
          </ns3:TrackPointExtension>
        </extensions>
      </trkpt>
      <trkpt lat="30.58322285301983356475830078125" lon="114.38078063540160655975341796875">
        <ele>22.200000762939453125</ele>
        <time>2026-10-04T08:13:47.000Z</time>
        <extensions>
          <ns3:TrackPointExtension>
            <ns3:hr>77</ns3:hr>
          </ns3:TrackPointExtension>
        </extensions>
      </trkpt>
      <trkpt lat="30.58322285301983356475830078125" lon="114.38078063540160655975341796875">
        <ele>22.200000762939453125</ele>
        <time>2026-10-04T08:13:50.000Z</time>
        <extensions>
          <ns3:TrackPointExtension>
            <ns3:hr>73</ns3:hr>
          </ns3:TrackPointExtension>
        </extensions>
      </trkpt>
      <trkpt lat="30.58322285301983356475830078125" lon="114.38078063540160655975341796875">
        <ele>22.6000003814697265625</ele>
        <time>2026-10-04T08:13:58.000Z</time>
        <extensions>
          <ns3:TrackPointExtension>
            <ns3:hr>72</ns3:hr>
          </ns3:TrackPointExtension>
        </extensions>
      </trkpt>
      <trkpt lat="30.5832351744174957275390625" lon="114.38081298954784870147705078125">
        <ele>22.6000003814697265625</ele>
        <time>2026-10-04T08:14:05.000Z</time>
        <extensions>
          <ns3:TrackPointExtension>
            <ns3:hr>72</ns3:hr>
          </ns3:TrackPointExtension>
        </extensions>
      </trkpt>
      <trkpt lat="30.5832346715033054351806640625" lon="114.380820952355861663818359375">
        <ele>22.6000003814697265625</ele>
        <time>2026-10-04T08:14:06.000Z</time>
        <extensions>
          <ns3:TrackPointExtension>
            <ns3:hr>72</ns3:hr>
          </ns3:TrackPointExtension>
        </extensions>
      </trkpt>
      <trkpt lat="30.5832303129136562347412109375" lon="114.380824975669384002685546875">
        <ele>22.6000003814697265625</ele>
        <time>2026-10-04T08:14:12.000Z</time>
        <extensions>
          <ns3:TrackPointExtension>
            <ns3:hr>73</ns3:hr>
          </ns3:TrackPointExtension>
        </extensions>
      </trkpt>
      <trkpt lat="30.5832303129136562347412109375" lon="114.380824975669384002685546875">
        <ele>22.6000003814697265625</ele>
        <time>2026-10-04T08:14:16.000Z</time>
        <extensions>
          <ns3:TrackPointExtension>
            <ns3:hr>76</ns3:hr>
          </ns3:TrackPointExtension>
        </extensions>
      </trkpt>
      <trkpt lat="30.5832303129136562347412109375" lon="114.380824975669384002685546875">
        <ele>22.6000003814697265625</ele>
        <time>2026-10-04T08:14:18.000Z</time>
        <extensions>
          <ns3:TrackPointExtension>
            <ns3:hr>82</ns3:hr>
          </ns3:TrackPointExtension>
        </extensions>
      </trkpt>
      <trkpt lat="30.5832299776375293731689453125" lon="114.3808268196880817413330078125">
        <ele>22.6000003814697265625</ele>
        <time>2026-10-04T08:14:20.000Z</time>
        <extensions>
          <ns3:TrackPointExtension>
            <ns3:hr>84</ns3:hr>
          </ns3:TrackPointExtension>
        </extensions>
      </trkpt>
      <trkpt lat="30.583231486380100250244140625" lon="114.38084148801863193511962890625">
        <ele>22.6000003814697265625</ele>
        <time>2026-10-04T08:14:21.000Z</time>
        <extensions>
          <ns3:TrackPointExtension>
            <ns3:hr>84</ns3:hr>
          </ns3:TrackPointExtension>
        </extensions>
      </trkpt>
      <trkpt lat="30.58324079029262065887451171875" lon="114.38090736977756023406982421875">
        <ele>22.3999996185302734375</ele>
        <time>2026-10-04T08:14:25.000Z</time>
        <extensions>
          <ns3:TrackPointExtension>
            <ns3:hr>86</ns3:hr>
          </ns3:TrackPointExtension>
        </extensions>
      </trkpt>
      <trkpt lat="30.583254285156726837158203125" lon="114.381086826324462890625">
        <ele>22.799999237060546875</ele>
        <time>2026-10-04T08:14:33.000Z</time>
        <extensions>
          <ns3:TrackPointExtension>
            <ns3:hr>87</ns3:hr>
          </ns3:TrackPointExtension>
        </extensions>
      </trkpt>
      <trkpt lat="30.5832618288695812225341796875" lon="114.3812449090182781219482421875">
        <ele>22.6000003814697265625</ele>
        <time>2026-10-04T08:14:40.000Z</time>
        <extensions>
          <ns3:TrackPointExtension>
            <ns3:hr>89</ns3:hr>
          </ns3:TrackPointExtension>
        </extensions>
      </trkpt>
      <trkpt lat="30.5832738988101482391357421875" lon="114.3813295662403106689453125">
        <ele>22.6000003814697265625</ele>
        <time>2026-10-04T08:14:45.000Z</time>
        <extensions>
          <ns3:TrackPointExtension>
            <ns3:hr>84</ns3:hr>
          </ns3:TrackPointExtension>
        </extensions>
      </trkpt>
      <trkpt lat="30.5832769162952899932861328125" lon="114.38134633004665374755859375">
        <ele>22.799999237060546875</ele>
        <time>2026-10-04T08:14:46.000Z</time>
        <extensions>
          <ns3:TrackPointExtension>
            <ns3:hr>82</ns3:hr>
          </ns3:TrackPointExtension>
        </extensions>
      </trkpt>
      <trkpt lat="30.58327582664787769317626953125" lon="114.3814537860453128814697265625">
        <ele>22.6000003814697265625</ele>
        <time>2026-10-04T08:14:53.000Z</time>
        <extensions>
          <ns3:TrackPointExtension>
            <ns3:hr>82</ns3:hr>
          </ns3:TrackPointExtension>
        </extensions>
      </trkpt>
      <trkpt lat="30.58328571729362010955810546875" lon="114.381571300327777862548828125">
        <ele>22.6000003814697265625</ele>
        <time>2026-10-04T08:14:59.000Z</time>
        <extensions>
          <ns3:TrackPointExtension>
            <ns3:hr>81</ns3:hr>
          </ns3:TrackPointExtension>
        </extensions>
      </trkpt>
      <trkpt lat="30.5832966975867748260498046875" lon="114.3816921673715114593505859375">
        <ele>22.6000003814697265625</ele>
        <time>2026-10-04T08:15:06.000Z</time>
        <extensions>
          <ns3:TrackPointExtension>
            <ns3:hr>80</ns3:hr>
          </ns3:TrackPointExtension>
        </extensions>
      </trkpt>
      <trkpt lat="30.58330214582383632659912109375" lon="114.38171940855681896209716796875">
        <ele>22.799999237060546875</ele>
        <time>2026-10-04T08:15:08.000Z</time>
        <extensions>
          <ns3:TrackPointExtension>
            <ns3:hr>83</ns3:hr>
          </ns3:TrackPointExtension>
        </extensions>
      </trkpt>
      <trkpt lat="30.5833070911467075347900390625" lon="114.38173483125865459442138671875">
        <ele>22.6000003814697265625</ele>
        <time>2026-10-04T08:15:10.000Z</time>
        <extensions>
          <ns3:TrackPointExtension>
            <ns3:hr>86</ns3:hr>
          </ns3:TrackPointExtension>
        </extensions>
      </trkpt>
      <trkpt lat="30.58329611085355281829833984375" lon="114.38178042881190776824951171875">
        <ele>22.799999237060546875</ele>
        <time>2026-10-04T08:15:13.000Z</time>
        <extensions>
          <ns3:TrackPointExtension>
            <ns3:hr>87</ns3:hr>
          </ns3:TrackPointExtension>
        </extensions>
      </trkpt>
      <trkpt lat="30.5833080969750881195068359375" lon="114.3818088434636592864990234375">
        <ele>22.799999237060546875</ele>
        <time>2026-10-04T08:15:14.000Z</time>
        <extensions>
          <ns3:TrackPointExtension>
            <ns3:hr>87</ns3:hr>
          </ns3:TrackPointExtension>
        </extensions>
      </trkpt>
      <trkpt lat="30.5833231844007968902587890625" lon="114.38188855536282062530517578125">
        <ele>22.6000003814697265625</ele>
        <time>2026-10-04T08:15:16.000Z</time>
        <extensions>
          <ns3:TrackPointExtension>
            <ns3:hr>87</ns3:hr>
          </ns3:TrackPointExtension>
        </extensions>
      </trkpt>
      <trkpt lat="30.58332544751465320587158203125" lon="114.3820519186556339263916015625">
        <ele>22.799999237060546875</ele>
        <time>2026-10-04T08:15:21.000Z</time>
        <extensions>
          <ns3:TrackPointExtension>
            <ns3:hr>87</ns3:hr>
          </ns3:TrackPointExtension>
        </extensions>
      </trkpt>
      <trkpt lat="30.58332963846623897552490234375" lon="114.3820703588426113128662109375">
        <ele>23</ele>
        <time>2026-10-04T08:15:22.000Z</time>
        <extensions>
          <ns3:TrackPointExtension>
            <ns3:hr>86</ns3:hr>
          </ns3:TrackPointExtension>
        </extensions>
      </trkpt>
      <trkpt lat="30.58333642780780792236328125" lon="114.38215543515980243682861328125">
        <ele>23.799999237060546875</ele>
        <time>2026-10-04T08:15:27.000Z</time>
        <extensions>
          <ns3:TrackPointExtension>
            <ns3:hr>84</ns3:hr>
          </ns3:TrackPointExtension>
        </extensions>
      </trkpt>
      <trkpt lat="30.5833345837891101837158203125" lon="114.3821940757334232330322265625">
        <ele>24</ele>
        <time>2026-10-04T08:15:31.000Z</time>
        <extensions>
          <ns3:TrackPointExtension>
            <ns3:hr>81</ns3:hr>
          </ns3:TrackPointExtension>
        </extensions>
      </trkpt>
      <trkpt lat="30.58333634398877620697021484375" lon="114.38220488838851451873779296875">
        <ele>24.200000762939453125</ele>
        <time>2026-10-04T08:15:33.000Z</time>
        <extensions>
          <ns3:TrackPointExtension>
            <ns3:hr>81</ns3:hr>
          </ns3:TrackPointExtension>
        </extensions>
      </trkpt>
      <trkpt lat="30.58333802036941051483154296875" lon="114.38228216953575611114501953125">
        <ele>24</ele>
        <time>2026-10-04T08:15:41.000Z</time>
        <extensions>
          <ns3:TrackPointExtension>
            <ns3:hr>82</ns3:hr>
          </ns3:TrackPointExtension>
        </extensions>
      </trkpt>
      <trkpt lat="30.58334941975772380828857421875" lon="114.3823702633380889892578125">
        <ele>23.3999996185302734375</ele>
        <time>2026-10-04T08:15:48.000Z</time>
        <extensions>
          <ns3:TrackPointExtension>
            <ns3:hr>84</ns3:hr>
          </ns3:TrackPointExtension>
        </extensions>
      </trkpt>
      <trkpt lat="30.58335880748927593231201171875" lon="114.382421560585498809814453125">
        <ele>23</ele>
        <time>2026-10-04T08:15:51.000Z</time>
        <extensions>
          <ns3:TrackPointExtension>
            <ns3:hr>85</ns3:hr>
          </ns3:TrackPointExtension>
        </extensions>
      </trkpt>
      <trkpt lat="30.58336995542049407958984375" lon="114.38250596635043621063232421875">
        <ele>22.799999237060546875</ele>
        <time>2026-10-04T08:15:55.000Z</time>
        <extensions>
          <ns3:TrackPointExtension>
            <ns3:hr>84</ns3:hr>
          </ns3:TrackPointExtension>
        </extensions>
      </trkpt>
      <trkpt lat="30.583385042846202850341796875" lon="114.38271651975810527801513671875">
        <ele>22.799999237060546875</ele>
        <time>2026-10-04T08:16:02.000Z</time>
        <extensions>
          <ns3:TrackPointExtension>
            <ns3:hr>86</ns3:hr>
          </ns3:TrackPointExtension>
        </extensions>
      </trkpt>
      <trkpt lat="30.58339099399745464324951171875" lon="114.3827680684626102447509765625">
        <ele>22.799999237060546875</ele>
        <time>2026-10-04T08:16:04.000Z</time>
        <extensions>
          <ns3:TrackPointExtension>
            <ns3:hr>89</ns3:hr>
          </ns3:TrackPointExtension>
        </extensions>
      </trkpt>
      <trkpt lat="30.58339468203485012054443359375" lon="114.382890947163105010986328125">
        <ele>22.799999237060546875</ele>
        <time>2026-10-04T08:16:09.000Z</time>
        <extensions>
          <ns3:TrackPointExtension>
            <ns3:hr>87</ns3:hr>
          </ns3:TrackPointExtension>
        </extensions>
      </trkpt>
      <trkpt lat="30.58340071700513362884521484375" lon="114.38300192356109619140625">
        <ele>22.6000003814697265625</ele>
        <time>2026-10-04T08:16:15.000Z</time>
        <extensions>
          <ns3:TrackPointExtension>
            <ns3:hr>87</ns3:hr>
          </ns3:TrackPointExtension>
        </extensions>
      </trkpt>
      <trkpt lat="30.58340524323284626007080078125" lon="114.383133351802825927734375">
        <ele>22.799999237060546875</ele>
        <time>2026-10-04T08:16:21.000Z</time>
        <extensions>
          <ns3:TrackPointExtension>
            <ns3:hr>87</ns3:hr>
          </ns3:TrackPointExtension>
        </extensions>
      </trkpt>
      <trkpt lat="30.5834059976041316986083984375" lon="114.3831522949039936065673828125">
        <ele>22.799999237060546875</ele>
        <time>2026-10-04T08:16:22.000Z</time>
        <extensions>
          <ns3:TrackPointExtension>
            <ns3:hr>87</ns3:hr>
          </ns3:TrackPointExtension>
        </extensions>
      </trkpt>
      <trkpt lat="30.58342133648693561553955078125" lon="114.383240640163421630859375">
        <ele>22.799999237060546875</ele>
        <time>2026-10-04T08:16:27.000Z</time>
        <extensions>
          <ns3:TrackPointExtension>
            <ns3:hr>88</ns3:hr>
          </ns3:TrackPointExtension>
        </extensions>
      </trkpt>
      <trkpt lat="30.58342762291431427001953125" lon="114.383319430053234100341796875">
        <ele>22.6000003814697265625</ele>
        <time>2026-10-04T08:16:32.000Z</time>
        <extensions>
          <ns3:TrackPointExtension>
            <ns3:hr>87</ns3:hr>
          </ns3:TrackPointExtension>
        </extensions>
      </trkpt>
      <trkpt lat="30.583436004817485809326171875" lon="114.38341431319713592529296875">
        <ele>22.799999237060546875</ele>
        <time>2026-10-04T08:16:38.000Z</time>
        <extensions>
          <ns3:TrackPointExtension>
            <ns3:hr>86</ns3:hr>
          </ns3:TrackPointExtension>
        </extensions>
      </trkpt>
      <trkpt lat="30.583440363407135009765625" lon="114.38355219550430774688720703125">
        <ele>23</ele>
        <time>2026-10-04T08:16:45.000Z</time>
        <extensions>
          <ns3:TrackPointExtension>
            <ns3:hr>83</ns3:hr>
          </ns3:TrackPointExtension>
        </extensions>
      </trkpt>
      <trkpt lat="30.58344128541648387908935546875" lon="114.38357315026223659515380859375">
        <ele>22.799999237060546875</ele>
        <time>2026-10-04T08:16:46.000Z</time>
        <extensions>
          <ns3:TrackPointExtension>
            <ns3:hr>83</ns3:hr>
          </ns3:TrackPointExtension>
        </extensions>
      </trkpt>
      <trkpt lat="30.583466179668903350830078125" lon="114.383712708950042724609375">
        <ele>22.799999237060546875</ele>
        <time>2026-10-04T08:16:52.000Z</time>
        <extensions>
          <ns3:TrackPointExtension>
            <ns3:hr>83</ns3:hr>
          </ns3:TrackPointExtension>
        </extensions>
      </trkpt>
      <trkpt lat="30.5834784172475337982177734375" lon="114.38390457071363925933837890625">
        <ele>23</ele>
        <time>2026-10-04T08:16:59.000Z</time>
        <extensions>
          <ns3:TrackPointExtension>
            <ns3:hr>84</ns3:hr>
          </ns3:TrackPointExtension>
        </extensions>
      </trkpt>
      <trkpt lat="30.58348654769361019134521484375" lon="114.38404790125787258148193359375">
        <ele>23</ele>
        <time>2026-10-04T08:17:05.000Z</time>
        <extensions>
          <ns3:TrackPointExtension>
            <ns3:hr>84</ns3:hr>
          </ns3:TrackPointExtension>
        </extensions>
      </trkpt>
      <trkpt lat="30.58349727652966976165771484375" lon="114.3841537646949291229248046875">
        <ele>22.799999237060546875</ele>
        <time>2026-10-04T08:17:11.000Z</time>
        <extensions>
          <ns3:TrackPointExtension>
            <ns3:hr>84</ns3:hr>
          </ns3:TrackPointExtension>
        </extensions>
      </trkpt>
      <trkpt lat="30.58350247330963611602783203125" lon="114.38432165421545505523681640625">
        <ele>22.799999237060546875</ele>
        <time>2026-10-04T08:17:18.000Z</time>
        <extensions>
          <ns3:TrackPointExtension>
            <ns3:hr>85</ns3:hr>
          </ns3:TrackPointExtension>
        </extensions>
      </trkpt>
      <trkpt lat="30.58351077139377593994140625" lon="114.38448459841310977935791015625">
        <ele>22.6000003814697265625</ele>
        <time>2026-10-04T08:17:24.000Z</time>
        <extensions>
          <ns3:TrackPointExtension>
            <ns3:hr>87</ns3:hr>
          </ns3:TrackPointExtension>
        </extensions>
      </trkpt>
      <trkpt lat="30.58353013359010219573974609375" lon="114.3846818245947360992431640625">
        <ele>22.6000003814697265625</ele>
        <time>2026-10-04T08:17:31.000Z</time>
        <extensions>
          <ns3:TrackPointExtension>
            <ns3:hr>86</ns3:hr>
          </ns3:TrackPointExtension>
        </extensions>
      </trkpt>
      <trkpt lat="30.58353968895971775054931640625" lon="114.384901262819766998291015625">
        <ele>22.6000003814697265625</ele>
        <time>2026-10-04T08:17:39.000Z</time>
        <extensions>
          <ns3:TrackPointExtension>
            <ns3:hr>85</ns3:hr>
          </ns3:TrackPointExtension>
        </extensions>
      </trkpt>
      <trkpt lat="30.5835424549877643585205078125" lon="114.38503327779471874237060546875">
        <ele>22.799999237060546875</ele>
        <time>2026-10-04T08:17:44.000Z</time>
        <extensions>
          <ns3:TrackPointExtension>
            <ns3:hr>82</ns3:hr>
          </ns3:TrackPointExtension>
        </extensions>
      </trkpt>
      <trkpt lat="30.58355041779577732086181640625" lon="114.38508155755698680877685546875">
        <ele>22.799999237060546875</ele>
        <time>2026-10-04T08:17:46.000Z</time>
        <extensions>
          <ns3:TrackPointExtension>
            <ns3:hr>81</ns3:hr>
          </ns3:TrackPointExtension>
        </extensions>
      </trkpt>
      <trkpt lat="30.58354823850095272064208984375" lon="114.38512162305414676666259765625">
        <ele>22.799999237060546875</ele>
        <time>2026-10-04T08:17:48.000Z</time>
        <extensions>
          <ns3:TrackPointExtension>
            <ns3:hr>78</ns3:hr>
          </ns3:TrackPointExtension>
        </extensions>
      </trkpt>
      <trkpt lat="30.5835481546819210052490234375" lon="114.3851424939930438995361328125">
        <ele>22.799999237060546875</ele>
        <time>2026-10-04T08:17:51.000Z</time>
        <extensions>
          <ns3:TrackPointExtension>
            <ns3:hr>78</ns3:hr>
          </ns3:TrackPointExtension>
        </extensions>
      </trkpt>
      <trkpt lat="30.5835481546819210052490234375" lon="114.38514241017401218414306640625">
        <ele>22.200000762939453125</ele>
        <time>2026-10-04T08:18:00.000Z</time>
        <extensions>
          <ns3:TrackPointExtension>
            <ns3:hr>79</ns3:hr>
          </ns3:TrackPointExtension>
        </extensions>
      </trkpt>
      <trkpt lat="30.5835481546819210052490234375" lon="114.38514241017401218414306640625">
        <ele>22.200000762939453125</ele>
        <time>2026-10-04T08:18:07.000Z</time>
        <extensions>
          <ns3:TrackPointExtension>
            <ns3:hr>76</ns3:hr>
          </ns3:TrackPointExtension>
        </extensions>
      </trkpt>
      <trkpt lat="30.5835481546819210052490234375" lon="114.38514241017401218414306640625">
        <ele>22</ele>
        <time>2026-10-04T08:18:10.000Z</time>
        <extensions>
          <ns3:TrackPointExtension>
            <ns3:hr>76</ns3:hr>
          </ns3:TrackPointExtension>
        </extensions>
      </trkpt>
      <trkpt lat="30.5835481546819210052490234375" lon="114.38514241017401218414306640625">
        <ele>22</ele>
        <time>2026-10-04T08:18:21.000Z</time>
        <extensions>
          <ns3:TrackPointExtension>
            <ns3:hr>75</ns3:hr>
          </ns3:TrackPointExtension>
        </extensions>
      </trkpt>
      <trkpt lat="30.5835481546819210052490234375" lon="114.38514241017401218414306640625">
        <ele>22</ele>
        <time>2026-10-04T08:18:24.000Z</time>
        <extensions>
          <ns3:TrackPointExtension>
            <ns3:hr>72</ns3:hr>
          </ns3:TrackPointExtension>
        </extensions>
      </trkpt>
      <trkpt lat="30.58356039226055145263671875" lon="114.38516847789287567138671875">
        <ele>22.3999996185302734375</ele>
        <time>2026-10-04T08:18:31.000Z</time>
        <extensions>
          <ns3:TrackPointExtension>
            <ns3:hr>71</ns3:hr>
          </ns3:TrackPointExtension>
        </extensions>
      </trkpt>
      <trkpt lat="30.5835598893463611602783203125" lon="114.3851706571877002716064453125">
        <ele>22.6000003814697265625</ele>
        <time>2026-10-04T08:18:40.000Z</time>
        <extensions>
          <ns3:TrackPointExtension>
            <ns3:hr>73</ns3:hr>
          </ns3:TrackPointExtension>
        </extensions>
      </trkpt>
      <trkpt lat="30.5835598893463611602783203125" lon="114.3851706571877002716064453125">
        <ele>22.3999996185302734375</ele>
        <time>2026-10-04T08:18:42.000Z</time>
        <extensions>
          <ns3:TrackPointExtension>
            <ns3:hr>76</ns3:hr>
          </ns3:TrackPointExtension>
        </extensions>
      </trkpt>
      <trkpt lat="30.5835598893463611602783203125" lon="114.3851706571877002716064453125">
        <ele>22.3999996185302734375</ele>
        <time>2026-10-04T08:18:45.000Z</time>
        <extensions>
          <ns3:TrackPointExtension>
            <ns3:hr>79</ns3:hr>
          </ns3:TrackPointExtension>
        </extensions>
      </trkpt>
      <trkpt lat="30.5835598893463611602783203125" lon="114.3851706571877002716064453125">
        <ele>22.3999996185302734375</ele>
        <time>2026-10-04T08:18:49.000Z</time>
        <extensions>
          <ns3:TrackPointExtension>
            <ns3:hr>78</ns3:hr>
          </ns3:TrackPointExtension>
        </extensions>
      </trkpt>
      <trkpt lat="30.58356936089694499969482421875" lon="114.38519060611724853515625">
        <ele>22.799999237060546875</ele>
        <time>2026-10-04T08:18:52.000Z</time>
        <extensions>
          <ns3:TrackPointExtension>
            <ns3:hr>81</ns3:hr>
          </ns3:TrackPointExtension>
        </extensions>
      </trkpt>
      <trkpt lat="30.58356952853500843048095703125" lon="114.38519068993628025054931640625">
        <ele>22.799999237060546875</ele>
        <time>2026-10-04T08:18:54.000Z</time>
        <extensions>
          <ns3:TrackPointExtension>
            <ns3:hr>84</ns3:hr>
          </ns3:TrackPointExtension>
        </extensions>
      </trkpt>
      <trkpt lat="30.58356952853500843048095703125" lon="114.38519068993628025054931640625">
        <ele>22.799999237060546875</ele>
        <time>2026-10-04T08:18:55.000Z</time>
        <extensions>
          <ns3:TrackPointExtension>
            <ns3:hr>86</ns3:hr>
          </ns3:TrackPointExtension>
        </extensions>
      </trkpt>
      <trkpt lat="30.58356952853500843048095703125" lon="114.38519068993628025054931640625">
        <ele>22.799999237060546875</ele>
        <time>2026-10-04T08:19:06.000Z</time>
        <extensions>
          <ns3:TrackPointExtension>
            <ns3:hr>83</ns3:hr>
          </ns3:TrackPointExtension>
        </extensions>
      </trkpt>
      <trkpt lat="30.58356952853500843048095703125" lon="114.38519068993628025054931640625">
        <ele>22.799999237060546875</ele>
        <time>2026-10-04T08:19:10.000Z</time>
        <extensions>
          <ns3:TrackPointExtension>
            <ns3:hr>80</ns3:hr>
          </ns3:TrackPointExtension>
        </extensions>
      </trkpt>
      <trkpt lat="30.58356952853500843048095703125" lon="114.38519068993628025054931640625">
        <ele>22.799999237060546875</ele>
        <time>2026-10-04T08:19:12.000Z</time>
        <extensions>
          <ns3:TrackPointExtension>
            <ns3:hr>76</ns3:hr>
          </ns3:TrackPointExtension>
        </extensions>
      </trkpt>
      <trkpt lat="30.58356952853500843048095703125" lon="114.38519068993628025054931640625">
        <ele>22.799999237060546875</ele>
        <time>2026-10-04T08:19:15.000Z</time>
        <extensions>
          <ns3:TrackPointExtension>
            <ns3:hr>72</ns3:hr>
          </ns3:TrackPointExtension>
        </extensions>
      </trkpt>
      <trkpt lat="30.5835731327533721923828125" lon="114.38518649898469448089599609375">
        <ele>22.799999237060546875</ele>
        <time>2026-10-04T08:19:21.000Z</time>
        <extensions>
          <ns3:TrackPointExtension>
            <ns3:hr>72</ns3:hr>
          </ns3:TrackPointExtension>
        </extensions>
      </trkpt>
      <trkpt lat="30.58357246220111846923828125" lon="114.3852333538234233856201171875">
        <ele>22.799999237060546875</ele>
        <time>2026-10-04T08:19:27.000Z</time>
        <extensions>
          <ns3:TrackPointExtension>
            <ns3:hr>71</ns3:hr>
          </ns3:TrackPointExtension>
        </extensions>
      </trkpt>
      <trkpt lat="30.5835619010031223297119140625" lon="114.3852804601192474365234375">
        <ele>22.799999237060546875</ele>
        <time>2026-10-04T08:19:30.000Z</time>
        <extensions>
          <ns3:TrackPointExtension>
            <ns3:hr>74</ns3:hr>
          </ns3:TrackPointExtension>
        </extensions>
      </trkpt>
      <trkpt lat="30.5835602246224880218505859375" lon="114.38529361970722675323486328125">
        <ele>22.799999237060546875</ele>
        <time>2026-10-04T08:19:31.000Z</time>
        <extensions>
          <ns3:TrackPointExtension>
            <ns3:hr>79</ns3:hr>
          </ns3:TrackPointExtension>
        </extensions>
      </trkpt>
      <trkpt lat="30.58355427347123622894287109375" lon="114.38530434854328632354736328125">
        <ele>22.799999237060546875</ele>
        <time>2026-10-04T08:19:32.000Z</time>
        <extensions>
          <ns3:TrackPointExtension>
            <ns3:hr>82</ns3:hr>
          </ns3:TrackPointExtension>
        </extensions>
      </trkpt>
      <trkpt lat="30.58352912776172161102294921875" lon="114.385331757366657257080078125">
        <ele>22.6000003814697265625</ele>
        <time>2026-10-04T08:19:35.000Z</time>
        <extensions>
          <ns3:TrackPointExtension>
            <ns3:hr>84</ns3:hr>
          </ns3:TrackPointExtension>
        </extensions>
      </trkpt>
      <trkpt lat="30.58352015912532806396484375" lon="114.3854150734841823577880859375">
        <ele>22.6000003814697265625</ele>
        <time>2026-10-04T08:19:42.000Z</time>
        <extensions>
          <ns3:TrackPointExtension>
            <ns3:hr>84</ns3:hr>
          </ns3:TrackPointExtension>
        </extensions>
      </trkpt>
      <trkpt lat="30.58353315107524394989013671875" lon="114.3854331783950328826904296875">
        <ele>22.799999237060546875</ele>
        <time>2026-10-04T08:19:48.000Z</time>
        <extensions>
          <ns3:TrackPointExtension>
            <ns3:hr>81</ns3:hr>
          </ns3:TrackPointExtension>
        </extensions>
      </trkpt>
      <trkpt lat="30.583537258207798004150390625" lon="114.38543493859469890594482421875">
        <ele>22.6000003814697265625</ele>
        <time>2026-10-04T08:19:49.000Z</time>
        <extensions>
          <ns3:TrackPointExtension>
            <ns3:hr>81</ns3:hr>
          </ns3:TrackPointExtension>
        </extensions>
      </trkpt>
      <trkpt lat="30.5835749767720699310302734375" lon="114.38546846620738506317138671875">
        <ele>22.6000003814697265625</ele>
        <time>2026-10-04T08:19:54.000Z</time>
        <extensions>
          <ns3:TrackPointExtension>
            <ns3:hr>81</ns3:hr>
          </ns3:TrackPointExtension>
        </extensions>
      </trkpt>
      <trkpt lat="30.58361127041280269622802734375" lon="114.38554423861205577850341796875">
        <ele>22.6000003814697265625</ele>
        <time>2026-10-04T08:20:00.000Z</time>
        <extensions>
          <ns3:TrackPointExtension>
            <ns3:hr>80</ns3:hr>
          </ns3:TrackPointExtension>
        </extensions>
      </trkpt>
      <trkpt lat="30.583628118038177490234375" lon="114.38558028079569339752197265625">
        <ele>22.6000003814697265625</ele>
        <time>2026-10-04T08:20:02.000Z</time>
        <extensions>
          <ns3:TrackPointExtension>
            <ns3:hr>79</ns3:hr>
          </ns3:TrackPointExtension>
        </extensions>
      </trkpt>
      <trkpt lat="30.58364060707390308380126953125" lon="114.3856584839522838592529296875">
        <ele>22.3999996185302734375</ele>
        <time>2026-10-04T08:20:06.000Z</time>
        <extensions>
          <ns3:TrackPointExtension>
            <ns3:hr>76</ns3:hr>
          </ns3:TrackPointExtension>
        </extensions>
      </trkpt>
      <trkpt lat="30.5836956761777400970458984375" lon="114.38578463159501552581787109375">
        <ele>22.6000003814697265625</ele>
        <time>2026-10-04T08:20:12.000Z</time>
        <extensions>
          <ns3:TrackPointExtension>
            <ns3:hr>75</ns3:hr>
          </ns3:TrackPointExtension>
        </extensions>
      </trkpt>
      <trkpt lat="30.58376549743115901947021484375" lon="114.38595277257263660430908203125">
        <ele>22.6000003814697265625</ele>
        <time>2026-10-04T08:20:19.000Z</time>
        <extensions>
          <ns3:TrackPointExtension>
            <ns3:hr>75</ns3:hr>
          </ns3:TrackPointExtension>
        </extensions>
      </trkpt>
      <trkpt lat="30.583841018378734588623046875" lon="114.3861489929258823394775390625">
        <ele>22.799999237060546875</ele>
        <time>2026-10-04T08:20:27.000Z</time>
        <extensions>
          <ns3:TrackPointExtension>
            <ns3:hr>75</ns3:hr>
          </ns3:TrackPointExtension>
        </extensions>
      </trkpt>
      <trkpt lat="30.583888627588748931884765625" lon="114.3862673453986644744873046875">
        <ele>22.799999237060546875</ele>
        <time>2026-10-04T08:20:32.000Z</time>
        <extensions>
          <ns3:TrackPointExtension>
            <ns3:hr>78</ns3:hr>
          </ns3:TrackPointExtension>
        </extensions>
      </trkpt>
      <trkpt lat="30.58389960788190364837646484375" lon="114.386358372867107391357421875">
        <ele>22.799999237060546875</ele>
        <time>2026-10-04T08:20:36.000Z</time>
        <extensions>
          <ns3:TrackPointExtension>
            <ns3:hr>79</ns3:hr>
          </ns3:TrackPointExtension>
        </extensions>
      </trkpt>
      <trkpt lat="30.58387010358273983001708984375" lon="114.3864165432751178741455078125">
        <ele>23</ele>
        <time>2026-10-04T08:20:40.000Z</time>
        <extensions>
          <ns3:TrackPointExtension>
            <ns3:hr>83</ns3:hr>
          </ns3:TrackPointExtension>
        </extensions>
      </trkpt>
      <trkpt lat="30.58386825956404209136962890625" lon="114.3864178843796253204345703125">
        <ele>23</ele>
        <time>2026-10-04T08:20:42.000Z</time>
        <extensions>
          <ns3:TrackPointExtension>
            <ns3:hr>84</ns3:hr>
          </ns3:TrackPointExtension>
        </extensions>
      </trkpt>
      <trkpt lat="30.58386825956404209136962890625" lon="114.3864178843796253204345703125">
        <ele>23</ele>
        <time>2026-10-04T08:20:52.000Z</time>
        <extensions>
          <ns3:TrackPointExtension>
            <ns3:hr>80</ns3:hr>
          </ns3:TrackPointExtension>
        </extensions>
      </trkpt>
      <trkpt lat="30.58386825956404209136962890625" lon="114.3864178843796253204345703125">
        <ele>23</ele>
        <time>2026-10-04T08:20:53.000Z</time>
        <extensions>
          <ns3:TrackPointExtension>
            <ns3:hr>79</ns3:hr>
          </ns3:TrackPointExtension>
        </extensions>
      </trkpt>
      <trkpt lat="30.58386825956404209136962890625" lon="114.3864178843796253204345703125">
        <ele>23</ele>
        <time>2026-10-04T08:20:54.000Z</time>
        <extensions>
          <ns3:TrackPointExtension>
            <ns3:hr>76</ns3:hr>
          </ns3:TrackPointExtension>
        </extensions>
      </trkpt>
      <trkpt lat="30.58386825956404209136962890625" lon="114.3864178843796253204345703125">
        <ele>23</ele>
        <time>2026-10-04T08:20:56.000Z</time>
        <extensions>
          <ns3:TrackPointExtension>
            <ns3:hr>71</ns3:hr>
          </ns3:TrackPointExtension>
        </extensions>
      </trkpt>
      <trkpt lat="30.58386825956404209136962890625" lon="114.3864178843796253204345703125">
        <ele>23</ele>
        <time>2026-10-04T08:20:58.000Z</time>
        <extensions>
          <ns3:TrackPointExtension>
            <ns3:hr>68</ns3:hr>
          </ns3:TrackPointExtension>
        </extensions>
      </trkpt>
      <trkpt lat="30.58386825956404209136962890625" lon="114.3864178843796253204345703125">
        <ele>23</ele>
        <time>2026-10-04T08:21:00.000Z</time>
        <extensions>
          <ns3:TrackPointExtension>
            <ns3:hr>65</ns3:hr>
          </ns3:TrackPointExtension>
        </extensions>
      </trkpt>
      <trkpt lat="30.58386825956404209136962890625" lon="114.3864178843796253204345703125">
        <ele>23</ele>
        <time>2026-10-04T08:21:02.000Z</time>
        <extensions>
          <ns3:TrackPointExtension>
            <ns3:hr>65</ns3:hr>
          </ns3:TrackPointExtension>
        </extensions>
      </trkpt>
      <trkpt lat="30.58386825956404209136962890625" lon="114.3864178843796253204345703125">
        <ele>23</ele>
        <time>2026-10-04T08:21:08.000Z</time>
        <extensions>
          <ns3:TrackPointExtension>
            <ns3:hr>70</ns3:hr>
          </ns3:TrackPointExtension>
        </extensions>
      </trkpt>
      <trkpt lat="30.58386825956404209136962890625" lon="114.3864178843796253204345703125">
        <ele>23</ele>
        <time>2026-10-04T08:21:14.000Z</time>
        <extensions>
          <ns3:TrackPointExtension>
            <ns3:hr>74</ns3:hr>
          </ns3:TrackPointExtension>
        </extensions>
      </trkpt>
      <trkpt lat="30.58386825956404209136962890625" lon="114.3864178843796253204345703125">
        <ele>23</ele>
        <time>2026-10-04T08:21:16.000Z</time>
        <extensions>
          <ns3:TrackPointExtension>
            <ns3:hr>75</ns3:hr>
          </ns3:TrackPointExtension>
        </extensions>
      </trkpt>
      <trkpt lat="30.5838830955326557159423828125" lon="114.3864282779395580291748046875">
        <ele>23</ele>
        <time>2026-10-04T08:21:22.000Z</time>
        <extensions>
          <ns3:TrackPointExtension>
            <ns3:hr>76</ns3:hr>
          </ns3:TrackPointExtension>
        </extensions>
      </trkpt>
      <trkpt lat="30.5838830955326557159423828125" lon="114.3864282779395580291748046875">
        <ele>23</ele>
        <time>2026-10-04T08:21:30.000Z</time>
        <extensions>
          <ns3:TrackPointExtension>
            <ns3:hr>73</ns3:hr>
          </ns3:TrackPointExtension>
        </extensions>
      </trkpt>
      <trkpt lat="30.5838830955326557159423828125" lon="114.3864282779395580291748046875">
        <ele>23</ele>
        <time>2026-10-04T08:21:35.000Z</time>
        <extensions>
          <ns3:TrackPointExtension>
            <ns3:hr>70</ns3:hr>
          </ns3:TrackPointExtension>
        </extensions>
      </trkpt>
      <trkpt lat="30.5838830955326557159423828125" lon="114.3864282779395580291748046875">
        <ele>23</ele>
        <time>2026-10-04T08:21:36.000Z</time>
        <extensions>
          <ns3:TrackPointExtension>
            <ns3:hr>71</ns3:hr>
          </ns3:TrackPointExtension>
        </extensions>
      </trkpt>
      <trkpt lat="30.5838579498231410980224609375" lon="114.3864618055522441864013671875">
        <ele>23</ele>
        <time>2026-10-04T08:21:47.000Z</time>
        <extensions>
          <ns3:TrackPointExtension>
            <ns3:hr>71</ns3:hr>
          </ns3:TrackPointExtension>
        </extensions>
      </trkpt>
      <trkpt lat="30.5838452093303203582763671875" lon="114.38647496514022350311279296875">
        <ele>23</ele>
        <time>2026-10-04T08:21:55.000Z</time>
        <extensions>
          <ns3:TrackPointExtension>
            <ns3:hr>72</ns3:hr>
          </ns3:TrackPointExtension>
        </extensions>
      </trkpt>
      <trkpt lat="30.583843700587749481201171875" lon="114.38647479750216007232666015625">
        <ele>23</ele>
        <time>2026-10-04T08:22:01.000Z</time>
        <extensions>
          <ns3:TrackPointExtension>
            <ns3:hr>69</ns3:hr>
          </ns3:TrackPointExtension>
        </extensions>
      </trkpt>
      <trkpt lat="30.58382450602948665618896484375" lon="114.38646172173321247100830078125">
        <ele>23</ele>
        <time>2026-10-04T08:22:06.000Z</time>
        <extensions>
          <ns3:TrackPointExtension>
            <ns3:hr>70</ns3:hr>
          </ns3:TrackPointExtension>
        </extensions>
      </trkpt>
      <trkpt lat="30.5838385038077831268310546875" lon="114.3864359892904758453369140625">
        <ele>23</ele>
        <time>2026-10-04T08:22:09.000Z</time>
        <extensions>
          <ns3:TrackPointExtension>
            <ns3:hr>71</ns3:hr>
          </ns3:TrackPointExtension>
        </extensions>
      </trkpt>
      <trkpt lat="30.58386490680277347564697265625" lon="114.38641310669481754302978515625">
        <ele>23</ele>
        <time>2026-10-04T08:22:12.000Z</time>
        <extensions>
          <ns3:TrackPointExtension>
            <ns3:hr>69</ns3:hr>
          </ns3:TrackPointExtension>
        </extensions>
      </trkpt>
      <trkpt lat="30.5839156173169612884521484375" lon="114.3863989412784576416015625">
        <ele>23</ele>
        <time>2026-10-04T08:22:15.000Z</time>
        <extensions>
          <ns3:TrackPointExtension>
            <ns3:hr>69</ns3:hr>
          </ns3:TrackPointExtension>
        </extensions>
      </trkpt>
      <trkpt lat="30.58394822292029857635498046875" lon="114.38638544641435146331787109375">
        <ele>23</ele>
        <time>2026-10-04T08:22:17.000Z</time>
        <extensions>
          <ns3:TrackPointExtension>
            <ns3:hr>70</ns3:hr>
          </ns3:TrackPointExtension>
        </extensions>
      </trkpt>
      <trkpt lat="30.58402885682880878448486328125" lon="114.3862770684063434600830078125">
        <ele>23.200000762939453125</ele>
        <time>2026-10-04T08:22:23.000Z</time>
        <extensions>
          <ns3:TrackPointExtension>
            <ns3:hr>70</ns3:hr>
          </ns3:TrackPointExtension>
        </extensions>
      </trkpt>
      <trkpt lat="30.58397336862981319427490234375" lon="114.386140443384647369384765625">
        <ele>23.200000762939453125</ele>
        <time>2026-10-04T08:22:28.000Z</time>
        <extensions>
          <ns3:TrackPointExtension>
            <ns3:hr>74</ns3:hr>
          </ns3:TrackPointExtension>
        </extensions>
      </trkpt>
      <trkpt lat="30.58393321931362152099609375" lon="114.386050589382648468017578125">
        <ele>23.200000762939453125</ele>
        <time>2026-10-04T08:22:31.000Z</time>
        <extensions>
          <ns3:TrackPointExtension>
            <ns3:hr>77</ns3:hr>
          </ns3:TrackPointExtension>
        </extensions>
      </trkpt>
      <trkpt lat="30.583881251513957977294921875" lon="114.38589208759367465972900390625">
        <ele>23</ele>
        <time>2026-10-04T08:22:36.000Z</time>
        <extensions>
          <ns3:TrackPointExtension>
            <ns3:hr>78</ns3:hr>
          </ns3:TrackPointExtension>
        </extensions>
      </trkpt>
      <trkpt lat="30.5838207341730594635009765625" lon="114.3857231922447681427001953125">
        <ele>23.200000762939453125</ele>
        <time>2026-10-04T08:22:42.000Z</time>
        <extensions>
          <ns3:TrackPointExtension>
            <ns3:hr>75</ns3:hr>
          </ns3:TrackPointExtension>
        </extensions>
      </trkpt>
      <trkpt lat="30.5838011205196380615234375" lon="114.385670386254787445068359375">
        <ele>23</ele>
        <time>2026-10-04T08:22:44.000Z</time>
        <extensions>
          <ns3:TrackPointExtension>
            <ns3:hr>73</ns3:hr>
          </ns3:TrackPointExtension>
        </extensions>
      </trkpt>
      <trkpt lat="30.58372593484818935394287109375" lon="114.3855112977325916290283203125">
        <ele>23.200000762939453125</ele>
        <time>2026-10-04T08:22:53.000Z</time>
        <extensions>
          <ns3:TrackPointExtension>
            <ns3:hr>72</ns3:hr>
          </ns3:TrackPointExtension>
        </extensions>
      </trkpt>
      <trkpt lat="30.5837394297122955322265625" lon="114.38546611927449703216552734375">
        <ele>23.200000762939453125</ele>
        <time>2026-10-04T08:22:57.000Z</time>
        <extensions>
          <ns3:TrackPointExtension>
            <ns3:hr>73</ns3:hr>
          </ns3:TrackPointExtension>
        </extensions>
      </trkpt>
      <trkpt lat="30.58374705724418163299560546875" lon="114.38547148369252681732177734375">
        <ele>23.200000762939453125</ele>
        <time>2026-10-04T08:22:58.000Z</time>
        <extensions>
          <ns3:TrackPointExtension>
            <ns3:hr>74</ns3:hr>
          </ns3:TrackPointExtension>
        </extensions>
      </trkpt>
      <trkpt lat="30.583756864070892333984375" lon="114.38548497855663299560546875">
        <ele>23.200000762939453125</ele>
        <time>2026-10-04T08:23:00.000Z</time>
        <extensions>
          <ns3:TrackPointExtension>
            <ns3:hr>73</ns3:hr>
          </ns3:TrackPointExtension>
        </extensions>
      </trkpt>
      <trkpt lat="30.58376868255436420440673828125" lon="114.38554524444043636322021484375">
        <ele>23.200000762939453125</ele>
        <time>2026-10-04T08:23:03.000Z</time>
        <extensions>
          <ns3:TrackPointExtension>
            <ns3:hr>74</ns3:hr>
          </ns3:TrackPointExtension>
        </extensions>
      </trkpt>
      <trkpt lat="30.5838413536548614501953125" lon="114.385753534734249114990234375">
        <ele>23</ele>
        <time>2026-10-04T08:23:11.000Z</time>
        <extensions>
          <ns3:TrackPointExtension>
            <ns3:hr>74</ns3:hr>
          </ns3:TrackPointExtension>
        </extensions>
      </trkpt>
      <trkpt lat="30.58389030396938323974609375" lon="114.38591907732188701629638671875">
        <ele>23</ele>
        <time>2026-10-04T08:23:17.000Z</time>
        <extensions>
          <ns3:TrackPointExtension>
            <ns3:hr>75</ns3:hr>
          </ns3:TrackPointExtension>
        </extensions>
      </trkpt>
      <trkpt lat="30.5839565210044384002685546875" lon="114.38609291799366474151611328125">
        <ele>22.799999237060546875</ele>
        <time>2026-10-04T08:23:24.000Z</time>
        <extensions>
          <ns3:TrackPointExtension>
            <ns3:hr>76</ns3:hr>
          </ns3:TrackPointExtension>
        </extensions>
      </trkpt>
      <trkpt lat="30.58403153903782367706298828125" lon="114.3862680159509181976318359375">
        <ele>23.200000762939453125</ele>
        <time>2026-10-04T08:23:31.000Z</time>
        <extensions>
          <ns3:TrackPointExtension>
            <ns3:hr>75</ns3:hr>
          </ns3:TrackPointExtension>
        </extensions>
      </trkpt>
      <trkpt lat="30.5840215645730495452880859375" lon="114.3863129429519176483154296875">
        <ele>23.200000762939453125</ele>
        <time>2026-10-04T08:23:35.000Z</time>
        <extensions>
          <ns3:TrackPointExtension>
            <ns3:hr>79</ns3:hr>
          </ns3:TrackPointExtension>
        </extensions>
      </trkpt>
      <trkpt lat="30.58401008136570453643798828125" lon="114.386317469179630279541015625">
        <ele>23.200000762939453125</ele>
        <time>2026-10-04T08:23:36.000Z</time>
        <extensions>
          <ns3:TrackPointExtension>
            <ns3:hr>81</ns3:hr>
          </ns3:TrackPointExtension>
        </extensions>
      </trkpt>
      <trkpt lat="30.58392374776303768157958984375" lon="114.38638209365308284759521484375">
        <ele>23</ele>
        <time>2026-10-04T08:23:42.000Z</time>
        <extensions>
          <ns3:TrackPointExtension>
            <ns3:hr>81</ns3:hr>
          </ns3:TrackPointExtension>
        </extensions>
      </trkpt>
      <trkpt lat="30.5838666670024394989013671875" lon="114.386450238525867462158203125">
        <ele>23</ele>
        <time>2026-10-04T08:23:47.000Z</time>
        <extensions>
          <ns3:TrackPointExtension>
            <ns3:hr>82</ns3:hr>
          </ns3:TrackPointExtension>
        </extensions>
      </trkpt>
      <trkpt lat="30.5838452093303203582763671875" lon="114.38647496514022350311279296875">
        <ele>23</ele>
        <time>2026-10-04T08:23:52.000Z</time>
        <extensions>
          <ns3:TrackPointExtension>
            <ns3:hr>82</ns3:hr>
          </ns3:TrackPointExtension>
        </extensions>
      </trkpt>
      <trkpt lat="30.5838452093303203582763671875" lon="114.38647496514022350311279296875">
        <ele>22.799999237060546875</ele>
        <time>2026-10-04T08:23:57.000Z</time>
        <extensions>
          <ns3:TrackPointExtension>
            <ns3:hr>79</ns3:hr>
          </ns3:TrackPointExtension>
        </extensions>
      </trkpt>
      <trkpt lat="30.5838452093303203582763671875" lon="114.38647496514022350311279296875">
        <ele>23</ele>
        <time>2026-10-04T08:24:07.000Z</time>
        <extensions>
          <ns3:TrackPointExtension>
            <ns3:hr>82</ns3:hr>
          </ns3:TrackPointExtension>
        </extensions>
      </trkpt>
      <trkpt lat="30.583843030035495758056640625" lon="114.3864597938954830169677734375">
        <ele>23.200000762939453125</ele>
        <time>2026-10-04T08:24:14.000Z</time>
        <extensions>
          <ns3:TrackPointExtension>
            <ns3:hr>85</ns3:hr>
          </ns3:TrackPointExtension>
        </extensions>
      </trkpt>
      <trkpt lat="30.58383255265653133392333984375" lon="114.38643976114690303802490234375">
        <ele>23.200000762939453125</ele>
        <time>2026-10-04T08:24:16.000Z</time>
        <extensions>
          <ns3:TrackPointExtension>
            <ns3:hr>85</ns3:hr>
          </ns3:TrackPointExtension>
        </extensions>
      </trkpt>
      <trkpt lat="30.58385082520544528961181640625" lon="114.3864115141332149505615234375">
        <ele>23</ele>
        <time>2026-10-04T08:24:22.000Z</time>
        <extensions>
          <ns3:TrackPointExtension>
            <ns3:hr>87</ns3:hr>
          </ns3:TrackPointExtension>
        </extensions>
      </trkpt>
      <trkpt lat="30.5839350633323192596435546875" lon="114.38639164902269840240478515625">
        <ele>23</ele>
        <time>2026-10-04T08:24:29.000Z</time>
        <extensions>
          <ns3:TrackPointExtension>
            <ns3:hr>86</ns3:hr>
          </ns3:TrackPointExtension>
        </extensions>
      </trkpt>
      <trkpt lat="30.58402634225785732269287109375" lon="114.38632182776927947998046875">
        <ele>22.799999237060546875</ele>
        <time>2026-10-04T08:24:34.000Z</time>
        <extensions>
          <ns3:TrackPointExtension>
            <ns3:hr>86</ns3:hr>
          </ns3:TrackPointExtension>
        </extensions>
      </trkpt>
      <trkpt lat="30.5840366519987583160400390625" lon="114.3863008730113506317138671875">
        <ele>22.799999237060546875</ele>
        <time>2026-10-04T08:24:35.000Z</time>
        <extensions>
          <ns3:TrackPointExtension>
            <ns3:hr>86</ns3:hr>
          </ns3:TrackPointExtension>
        </extensions>
      </trkpt>
      <trkpt lat="30.5840406753122806549072265625" lon="114.38625904731452465057373046875">
        <ele>23</ele>
        <time>2026-10-04T08:24:37.000Z</time>
        <extensions>
          <ns3:TrackPointExtension>
            <ns3:hr>85</ns3:hr>
          </ns3:TrackPointExtension>
        </extensions>
      </trkpt>
      <trkpt lat="30.58403380215167999267578125" lon="114.3862375058233737945556640625">
        <ele>22.799999237060546875</ele>
        <time>2026-10-04T08:24:38.000Z</time>
        <extensions>
          <ns3:TrackPointExtension>
            <ns3:hr>85</ns3:hr>
          </ns3:TrackPointExtension>
        </extensions>
      </trkpt>
      <trkpt lat="30.58396138250827789306640625" lon="114.38608713448047637939453125">
        <ele>22.799999237060546875</ele>
        <time>2026-10-04T08:24:44.000Z</time>
        <extensions>
          <ns3:TrackPointExtension>
            <ns3:hr>83</ns3:hr>
          </ns3:TrackPointExtension>
        </extensions>
      </trkpt>
      <trkpt lat="30.58389969170093536376953125" lon="114.3859035708010196685791015625">
        <ele>22.6000003814697265625</ele>
        <time>2026-10-04T08:24:50.000Z</time>
        <extensions>
          <ns3:TrackPointExtension>
            <ns3:hr>84</ns3:hr>
          </ns3:TrackPointExtension>
        </extensions>
      </trkpt>
      <trkpt lat="30.5838091671466827392578125" lon="114.38569159246981143951416015625">
        <ele>22.6000003814697265625</ele>
        <time>2026-10-04T08:24:58.000Z</time>
        <extensions>
          <ns3:TrackPointExtension>
            <ns3:hr>84</ns3:hr>
          </ns3:TrackPointExtension>
        </extensions>
      </trkpt>
      <trkpt lat="30.5837623961269855499267578125" lon="114.38556586392223834991455078125">
        <ele>23</ele>
        <time>2026-10-04T08:25:05.000Z</time>
        <extensions>
          <ns3:TrackPointExtension>
            <ns3:hr>83</ns3:hr>
          </ns3:TrackPointExtension>
        </extensions>
      </trkpt>
      <trkpt lat="30.58374420739710330963134765625" lon="114.38547986559569835662841796875">
        <ele>22.6000003814697265625</ele>
        <time>2026-10-04T08:25:09.000Z</time>
        <extensions>
          <ns3:TrackPointExtension>
            <ns3:hr>84</ns3:hr>
          </ns3:TrackPointExtension>
        </extensions>
      </trkpt>
      <trkpt lat="30.583760552108287811279296875" lon="114.38544885255396366119384765625">
        <ele>22.799999237060546875</ele>
        <time>2026-10-04T08:25:11.000Z</time>
        <extensions>
          <ns3:TrackPointExtension>
            <ns3:hr>84</ns3:hr>
          </ns3:TrackPointExtension>
        </extensions>
      </trkpt>
      <trkpt lat="30.583790726959705352783203125" lon="114.3854237906634807586669921875">
        <ele>23</ele>
        <time>2026-10-04T08:25:15.000Z</time>
        <extensions>
          <ns3:TrackPointExtension>
            <ns3:hr>80</ns3:hr>
          </ns3:TrackPointExtension>
        </extensions>
      </trkpt>
      <trkpt lat="30.58379701338708400726318359375" lon="114.38541934825479984283447265625">
        <ele>23</ele>
        <time>2026-10-04T08:25:16.000Z</time>
        <extensions>
          <ns3:TrackPointExtension>
            <ns3:hr>78</ns3:hr>
          </ns3:TrackPointExtension>
        </extensions>
      </trkpt>
      <trkpt lat="30.583869516849517822265625" lon="114.38544130884110927581787109375">
        <ele>23</ele>
        <time>2026-10-04T08:25:22.000Z</time>
        <extensions>
          <ns3:TrackPointExtension>
            <ns3:hr>77</ns3:hr>
          </ns3:TrackPointExtension>
        </extensions>
      </trkpt>
      <trkpt lat="30.58394302614033222198486328125" lon="114.38544583506882190704345703125">
        <ele>23</ele>
        <time>2026-10-04T08:25:28.000Z</time>
        <extensions>
          <ns3:TrackPointExtension>
            <ns3:hr>79</ns3:hr>
          </ns3:TrackPointExtension>
        </extensions>
      </trkpt>
      <trkpt lat="30.58406707830727100372314453125" lon="114.38545673154294490814208984375">
        <ele>23</ele>
        <time>2026-10-04T08:25:34.000Z</time>
        <extensions>
          <ns3:TrackPointExtension>
            <ns3:hr>82</ns3:hr>
          </ns3:TrackPointExtension>
        </extensions>
      </trkpt>
      <trkpt lat="30.58424192480742931365966796875" lon="114.38548841513693332672119140625">
        <ele>23</ele>
        <time>2026-10-04T08:25:41.000Z</time>
        <extensions>
          <ns3:TrackPointExtension>
            <ns3:hr>84</ns3:hr>
          </ns3:TrackPointExtension>
        </extensions>
      </trkpt>
      <trkpt lat="30.5842847563326358795166015625" lon="114.38549377955496311187744140625">
        <ele>23.200000762939453125</ele>
        <time>2026-10-04T08:25:43.000Z</time>
        <extensions>
          <ns3:TrackPointExtension>
            <ns3:hr>88</ns3:hr>
          </ns3:TrackPointExtension>
        </extensions>
      </trkpt>
      <trkpt lat="30.5843268334865570068359375" lon="114.38550082035362720489501953125">
        <ele>23</ele>
        <time>2026-10-04T08:25:45.000Z</time>
        <extensions>
          <ns3:TrackPointExtension>
            <ns3:hr>92</ns3:hr>
          </ns3:TrackPointExtension>
        </extensions>
      </trkpt>
      <trkpt lat="30.584392882883548736572265625" lon="114.38551389612257480621337890625">
        <ele>23</ele>
        <time>2026-10-04T08:25:48.000Z</time>
        <extensions>
          <ns3:TrackPointExtension>
            <ns3:hr>93</ns3:hr>
          </ns3:TrackPointExtension>
        </extensions>
      </trkpt>
      <trkpt lat="30.58451416902244091033935546875" lon="114.38554122112691402435302734375">
        <ele>23.200000762939453125</ele>
        <time>2026-10-04T08:25:53.000Z</time>
        <extensions>
          <ns3:TrackPointExtension>
            <ns3:hr>90</ns3:hr>
          </ns3:TrackPointExtension>
        </extensions>
      </trkpt>
      <trkpt lat="30.5845643766224384307861328125" lon="114.38554708845913410186767578125">
        <ele>23.3999996185302734375</ele>
        <time>2026-10-04T08:25:55.000Z</time>
        <extensions>
          <ns3:TrackPointExtension>
            <ns3:hr>88</ns3:hr>
          </ns3:TrackPointExtension>
        </extensions>
      </trkpt>
      <trkpt lat="30.58476336300373077392578125" lon="114.38552680425345897674560546875">
        <ele>23</ele>
        <time>2026-10-04T08:26:03.000Z</time>
        <extensions>
          <ns3:TrackPointExtension>
            <ns3:hr>87</ns3:hr>
          </ns3:TrackPointExtension>
        </extensions>
      </trkpt>
      <trkpt lat="30.584984980523586273193359375" lon="114.38553250394761562347412109375">
        <ele>23</ele>
        <time>2026-10-04T08:26:11.000Z</time>
        <extensions>
          <ns3:TrackPointExtension>
            <ns3:hr>85</ns3:hr>
          </ns3:TrackPointExtension>
        </extensions>
      </trkpt>
      <trkpt lat="30.58521690778434276580810546875" lon="114.38560928218066692352294921875">
        <ele>23.3999996185302734375</ele>
        <time>2026-10-04T08:26:20.000Z</time>
        <extensions>
          <ns3:TrackPointExtension>
            <ns3:hr>84</ns3:hr>
          </ns3:TrackPointExtension>
        </extensions>
      </trkpt>
      <trkpt lat="30.58543215505778789520263671875" lon="114.3856849707663059234619140625">
        <ele>23.3999996185302734375</ele>
        <time>2026-10-04T08:26:29.000Z</time>
        <extensions>
          <ns3:TrackPointExtension>
            <ns3:hr>86</ns3:hr>
          </ns3:TrackPointExtension>
        </extensions>
      </trkpt>
      <trkpt lat="30.5855638347566127777099609375" lon="114.38575093634426593780517578125">
        <ele>23.6000003814697265625</ele>
        <time>2026-10-04T08:26:35.000Z</time>
        <extensions>
          <ns3:TrackPointExtension>
            <ns3:hr>89</ns3:hr>
          </ns3:TrackPointExtension>
        </extensions>
      </trkpt>
      <trkpt lat="30.58561018668115139007568359375" lon="114.38577474094927310943603515625">
        <ele>23.6000003814697265625</ele>
        <time>2026-10-04T08:26:37.000Z</time>
        <extensions>
          <ns3:TrackPointExtension>
            <ns3:hr>88</ns3:hr>
          </ns3:TrackPointExtension>
        </extensions>
      </trkpt>
      <trkpt lat="30.585656203329563140869140625" lon="114.38580709509551525115966796875">
        <ele>23.799999237060546875</ele>
        <time>2026-10-04T08:26:39.000Z</time>
        <extensions>
          <ns3:TrackPointExtension>
            <ns3:hr>87</ns3:hr>
          </ns3:TrackPointExtension>
        </extensions>
      </trkpt>
      <trkpt lat="30.58576106093823909759521484375" lon="114.38588705845177173614501953125">
        <ele>23.6000003814697265625</ele>
        <time>2026-10-04T08:26:44.000Z</time>
        <extensions>
          <ns3:TrackPointExtension>
            <ns3:hr>84</ns3:hr>
          </ns3:TrackPointExtension>
        </extensions>
      </trkpt>
      <trkpt lat="30.58577799238264560699462890625" lon="114.38590340316295623779296875">
        <ele>23.6000003814697265625</ele>
        <time>2026-10-04T08:26:45.000Z</time>
        <extensions>
          <ns3:TrackPointExtension>
            <ns3:hr>84</ns3:hr>
          </ns3:TrackPointExtension>
        </extensions>
      </trkpt>
      <trkpt lat="30.58586801402270793914794921875" lon="114.38598252832889556884765625">
        <ele>23.6000003814697265625</ele>
        <time>2026-10-04T08:26:50.000Z</time>
        <extensions>
          <ns3:TrackPointExtension>
            <ns3:hr>81</ns3:hr>
          </ns3:TrackPointExtension>
        </extensions>
      </trkpt>
      <trkpt lat="30.5859269388020038604736328125" lon="114.3860168941318988800048828125">
        <ele>23.799999237060546875</ele>
        <time>2026-10-04T08:26:53.000Z</time>
        <extensions>
          <ns3:TrackPointExtension>
            <ns3:hr>77</ns3:hr>
          </ns3:TrackPointExtension>
        </extensions>
      </trkpt>
      <trkpt lat="30.58596457354724407196044921875" lon="114.38604044727981090545654296875">
        <ele>23.799999237060546875</ele>
        <time>2026-10-04T08:26:55.000Z</time>
        <extensions>
          <ns3:TrackPointExtension>
            <ns3:hr>76</ns3:hr>
          </ns3:TrackPointExtension>
        </extensions>
      </trkpt>
      <trkpt lat="30.5861830897629261016845703125" lon="114.38616785220801830291748046875">
        <ele>23.799999237060546875</ele>
        <time>2026-10-04T08:27:05.000Z</time>
        <extensions>
          <ns3:TrackPointExtension>
            <ns3:hr>76</ns3:hr>
          </ns3:TrackPointExtension>
        </extensions>
      </trkpt>
      <trkpt lat="30.586328096687793731689453125" lon="114.3862512521445751190185546875">
        <ele>23.799999237060546875</ele>
        <time>2026-10-04T08:27:12.000Z</time>
        <extensions>
          <ns3:TrackPointExtension>
            <ns3:hr>77</ns3:hr>
          </ns3:TrackPointExtension>
        </extensions>
      </trkpt>
      <trkpt lat="30.58653303422033786773681640625" lon="114.3863223306834697723388671875">
        <ele>23.3999996185302734375</ele>
        <time>2026-10-04T08:27:19.000Z</time>
        <extensions>
          <ns3:TrackPointExtension>
            <ns3:hr>77</ns3:hr>
          </ns3:TrackPointExtension>
        </extensions>
      </trkpt>
      <trkpt lat="30.58674442581832408905029296875" lon="114.38637941144406795501708984375">
        <ele>23.200000762939453125</ele>
        <time>2026-10-04T08:27:27.000Z</time>
        <extensions>
          <ns3:TrackPointExtension>
            <ns3:hr>78</ns3:hr>
          </ns3:TrackPointExtension>
        </extensions>
      </trkpt>
      <trkpt lat="30.58684584684669971466064453125" lon="114.38642048276960849761962890625">
        <ele>23.6000003814697265625</ele>
        <time>2026-10-04T08:27:32.000Z</time>
        <extensions>
          <ns3:TrackPointExtension>
            <ns3:hr>75</ns3:hr>
          </ns3:TrackPointExtension>
        </extensions>
      </trkpt>
      <trkpt lat="30.5868791230022907257080078125" lon="114.3864359892904758453369140625">
        <ele>23.6000003814697265625</ele>
        <time>2026-10-04T08:27:34.000Z</time>
        <extensions>
          <ns3:TrackPointExtension>
            <ns3:hr>74</ns3:hr>
          </ns3:TrackPointExtension>
        </extensions>
      </trkpt>
      <trkpt lat="30.587019436061382293701171875" lon="114.38653296791017055511474609375">
        <ele>23.3999996185302734375</ele>
        <time>2026-10-04T08:27:43.000Z</time>
        <extensions>
          <ns3:TrackPointExtension>
            <ns3:hr>72</ns3:hr>
          </ns3:TrackPointExtension>
        </extensions>
      </trkpt>
      <trkpt lat="30.5871785245835781097412109375" lon="114.38661812804639339447021484375">
        <ele>23.3999996185302734375</ele>
        <time>2026-10-04T08:27:52.000Z</time>
        <extensions>
          <ns3:TrackPointExtension>
            <ns3:hr>72</ns3:hr>
          </ns3:TrackPointExtension>
        </extensions>
      </trkpt>
      <trkpt lat="30.58717827312648296356201171875" lon="114.3866217322647571563720703125">
        <ele>23.3999996185302734375</ele>
        <time>2026-10-04T08:27:57.000Z</time>
        <extensions>
          <ns3:TrackPointExtension>
            <ns3:hr>73</ns3:hr>
          </ns3:TrackPointExtension>
        </extensions>
      </trkpt>
      <trkpt lat="30.58717827312648296356201171875" lon="114.3866217322647571563720703125">
        <ele>23.3999996185302734375</ele>
        <time>2026-10-04T08:28:00.000Z</time>
        <extensions>
          <ns3:TrackPointExtension>
            <ns3:hr>76</ns3:hr>
          </ns3:TrackPointExtension>
        </extensions>
      </trkpt>
      <trkpt lat="30.58717827312648296356201171875" lon="114.3866217322647571563720703125">
        <ele>23.3999996185302734375</ele>
        <time>2026-10-04T08:28:03.000Z</time>
        <extensions>
          <ns3:TrackPointExtension>
            <ns3:hr>79</ns3:hr>
          </ns3:TrackPointExtension>
        </extensions>
      </trkpt>
      <trkpt lat="30.5872026644647121429443359375" lon="114.3866116739809513092041015625">
        <ele>23.3999996185302734375</ele>
        <time>2026-10-04T08:28:06.000Z</time>
        <extensions>
          <ns3:TrackPointExtension>
            <ns3:hr>81</ns3:hr>
          </ns3:TrackPointExtension>
        </extensions>
      </trkpt>
      <trkpt lat="30.58722303248941898345947265625" lon="114.386593736708164215087890625">
        <ele>23.200000762939453125</ele>
        <time>2026-10-04T08:28:10.000Z</time>
        <extensions>
          <ns3:TrackPointExtension>
            <ns3:hr>82</ns3:hr>
          </ns3:TrackPointExtension>
        </extensions>
      </trkpt>
      <trkpt lat="30.5872247926890850067138671875" lon="114.38658200204372406005859375">
        <ele>22.799999237060546875</ele>
        <time>2026-10-04T08:28:12.000Z</time>
        <extensions>
          <ns3:TrackPointExtension>
            <ns3:hr>82</ns3:hr>
          </ns3:TrackPointExtension>
        </extensions>
      </trkpt>
      <trkpt lat="30.58723233640193939208984375" lon="114.3865154497325420379638671875">
        <ele>23</ele>
        <time>2026-10-04T08:28:20.000Z</time>
        <extensions>
          <ns3:TrackPointExtension>
            <ns3:hr>82</ns3:hr>
          </ns3:TrackPointExtension>
        </extensions>
      </trkpt>
      <trkpt lat="30.58724105358123779296875" lon="114.38650698401033878326416015625">
        <ele>23</ele>
        <time>2026-10-04T08:28:21.000Z</time>
        <extensions>
          <ns3:TrackPointExtension>
            <ns3:hr>82</ns3:hr>
          </ns3:TrackPointExtension>
        </extensions>
      </trkpt>
      <trkpt lat="30.58726930059492588043212890625" lon="114.386501871049404144287109375">
        <ele>22.6000003814697265625</ele>
        <time>2026-10-04T08:28:24.000Z</time>
        <extensions>
          <ns3:TrackPointExtension>
            <ns3:hr>82</ns3:hr>
          </ns3:TrackPointExtension>
        </extensions>
      </trkpt>
      <trkpt lat="30.58727684430778026580810546875" lon="114.38649885356426239013671875">
        <ele>22.6000003814697265625</ele>
        <time>2026-10-04T08:28:25.000Z</time>
        <extensions>
          <ns3:TrackPointExtension>
            <ns3:hr>82</ns3:hr>
          </ns3:TrackPointExtension>
        </extensions>
      </trkpt>
      <trkpt lat="30.5873532034456729888916015625" lon="114.38651720993220806121826171875">
        <ele>23</ele>
        <time>2026-10-04T08:28:31.000Z</time>
        <extensions>
          <ns3:TrackPointExtension>
            <ns3:hr>81</ns3:hr>
          </ns3:TrackPointExtension>
        </extensions>
      </trkpt>
      <trkpt lat="30.587405003607273101806640625" lon="114.3865382485091686248779296875">
        <ele>23</ele>
        <time>2026-10-04T08:28:36.000Z</time>
        <extensions>
          <ns3:TrackPointExtension>
            <ns3:hr>84</ns3:hr>
          </ns3:TrackPointExtension>
        </extensions>
      </trkpt>
      <trkpt lat="30.58741447515785694122314453125" lon="114.3865493126213550567626953125">
        <ele>23.200000762939453125</ele>
        <time>2026-10-04T08:28:38.000Z</time>
        <extensions>
          <ns3:TrackPointExtension>
            <ns3:hr>84</ns3:hr>
          </ns3:TrackPointExtension>
        </extensions>
      </trkpt>
      <trkpt lat="30.58741916902363300323486328125" lon="114.3865513242781162261962890625">
        <ele>22.799999237060546875</ele>
        <time>2026-10-04T08:28:43.000Z</time>
        <extensions>
          <ns3:TrackPointExtension>
            <ns3:hr>83</ns3:hr>
          </ns3:TrackPointExtension>
        </extensions>
      </trkpt>
      <trkpt lat="30.58741916902363300323486328125" lon="114.3865513242781162261962890625">
        <ele>22.799999237060546875</ele>
        <time>2026-10-04T08:28:44.000Z</time>
        <extensions>
          <ns3:TrackPointExtension>
            <ns3:hr>84</ns3:hr>
          </ns3:TrackPointExtension>
        </extensions>
      </trkpt>
      <trkpt lat="30.58783256448805332183837890625" lon="114.3870113231241703033447265625">
        <ele>22.6000003814697265625</ele>
        <time>2026-10-04T08:37:20.000Z</time>
        <extensions>
          <ns3:TrackPointExtension>
            <ns3:hr>69</ns3:hr>
          </ns3:TrackPointExtension>
        </extensions>
      </trkpt>
      <trkpt lat="30.58782870881259441375732421875" lon="114.38701576553285121917724609375">
        <ele>22.6000003814697265625</ele>
        <time>2026-10-04T08:37:21.000Z</time>
        <extensions>
          <ns3:TrackPointExtension>
            <ns3:hr>70</ns3:hr>
          </ns3:TrackPointExtension>
        </extensions>
      </trkpt>
      <trkpt lat="30.5879317224025726318359375" lon="114.387073852121829986572265625">
        <ele>22.6000003814697265625</ele>
        <time>2026-10-04T08:37:27.000Z</time>
        <extensions>
          <ns3:TrackPointExtension>
            <ns3:hr>71</ns3:hr>
          </ns3:TrackPointExtension>
        </extensions>
      </trkpt>
      <trkpt lat="30.588044039905071258544921875" lon="114.387137554585933685302734375">
        <ele>22.6000003814697265625</ele>
        <time>2026-10-04T08:37:32.000Z</time>
        <extensions>
          <ns3:TrackPointExtension>
            <ns3:hr>74</ns3:hr>
          </ns3:TrackPointExtension>
        </extensions>
      </trkpt>
      <trkpt lat="30.58812174014747142791748046875" lon="114.387174434959888458251953125">
        <ele>22.6000003814697265625</ele>
        <time>2026-10-04T08:37:36.000Z</time>
        <extensions>
          <ns3:TrackPointExtension>
            <ns3:hr>75</ns3:hr>
          </ns3:TrackPointExtension>
        </extensions>
      </trkpt>
      <trkpt lat="30.58830195106565952301025390625" lon="114.38724945299327373504638671875">
        <ele>22.6000003814697265625</ele>
        <time>2026-10-04T08:37:45.000Z</time>
        <extensions>
          <ns3:TrackPointExtension>
            <ns3:hr>76</ns3:hr>
          </ns3:TrackPointExtension>
        </extensions>
      </trkpt>
      <trkpt lat="30.58852256275713443756103515625" lon="114.3873350322246551513671875">
        <ele>22.3999996185302734375</ele>
        <time>2026-10-04T08:37:57.000Z</time>
        <extensions>
          <ns3:TrackPointExtension>
            <ns3:hr>75</ns3:hr>
          </ns3:TrackPointExtension>
        </extensions>
      </trkpt>
      <trkpt lat="30.58866639621555805206298828125" lon="114.387373588979244232177734375">
        <ele>22.200000762939453125</ele>
        <time>2026-10-04T08:38:05.000Z</time>
        <extensions>
          <ns3:TrackPointExtension>
            <ns3:hr>73</ns3:hr>
          </ns3:TrackPointExtension>
        </extensions>
      </trkpt>
      <trkpt lat="30.5887982435524463653564453125" lon="114.38741256482899188995361328125">
        <ele>22.200000762939453125</ele>
        <time>2026-10-04T08:38:12.000Z</time>
        <extensions>
          <ns3:TrackPointExtension>
            <ns3:hr>73</ns3:hr>
          </ns3:TrackPointExtension>
        </extensions>
      </trkpt>
      <trkpt lat="30.58886404149234294891357421875" lon="114.38743905164301395416259765625">
        <ele>22.200000762939453125</ele>
        <time>2026-10-04T08:38:18.000Z</time>
        <extensions>
          <ns3:TrackPointExtension>
            <ns3:hr>75</ns3:hr>
          </ns3:TrackPointExtension>
        </extensions>
      </trkpt>
      <trkpt lat="30.58886303566396236419677734375" lon="114.38744005747139453887939453125">
        <ele>21.799999237060546875</ele>
        <time>2026-10-04T08:38:26.000Z</time>
        <extensions>
          <ns3:TrackPointExtension>
            <ns3:hr>77</ns3:hr>
          </ns3:TrackPointExtension>
        </extensions>
      </trkpt>
      <trkpt lat="30.5889055319130420684814453125" lon="114.38743452541530132293701171875">
        <ele>21.799999237060546875</ele>
        <time>2026-10-04T08:38:32.000Z</time>
        <extensions>
          <ns3:TrackPointExtension>
            <ns3:hr>78</ns3:hr>
          </ns3:TrackPointExtension>
        </extensions>
      </trkpt>
      <trkpt lat="30.5890582501888275146484375" lon="114.3874723277986049652099609375">
        <ele>21.799999237060546875</ele>
        <time>2026-10-04T08:38:40.000Z</time>
        <extensions>
          <ns3:TrackPointExtension>
            <ns3:hr>77</ns3:hr>
          </ns3:TrackPointExtension>
        </extensions>
      </trkpt>
      <trkpt lat="30.58919311501085758209228515625" lon="114.38751331530511379241943359375">
        <ele>22.200000762939453125</ele>
        <time>2026-10-04T08:38:46.000Z</time>
        <extensions>
          <ns3:TrackPointExtension>
            <ns3:hr>75</ns3:hr>
          </ns3:TrackPointExtension>
        </extensions>
      </trkpt>
      <trkpt lat="30.58933376334607601165771484375" lon="114.38757081516087055206298828125">
        <ele>22.200000762939453125</ele>
        <time>2026-10-04T08:38:53.000Z</time>
        <extensions>
          <ns3:TrackPointExtension>
            <ns3:hr>76</ns3:hr>
          </ns3:TrackPointExtension>
        </extensions>
      </trkpt>
      <trkpt lat="30.589470304548740386962890625" lon="114.387624375522136688232421875">
        <ele>22.799999237060546875</ele>
        <time>2026-10-04T08:39:01.000Z</time>
        <extensions>
          <ns3:TrackPointExtension>
            <ns3:hr>73</ns3:hr>
          </ns3:TrackPointExtension>
        </extensions>
      </trkpt>
      <trkpt lat="30.5896196700632572174072265625" lon="114.387708194553852081298828125">
        <ele>22.3999996185302734375</ele>
        <time>2026-10-04T08:39:09.000Z</time>
        <extensions>
          <ns3:TrackPointExtension>
            <ns3:hr>71</ns3:hr>
          </ns3:TrackPointExtension>
        </extensions>
      </trkpt>
      <trkpt lat="30.58973081409931182861328125" lon="114.38776695169508457183837890625">
        <ele>22.3999996185302734375</ele>
        <time>2026-10-04T08:39:15.000Z</time>
        <extensions>
          <ns3:TrackPointExtension>
            <ns3:hr>72</ns3:hr>
          </ns3:TrackPointExtension>
        </extensions>
      </trkpt>
      <trkpt lat="30.58980734087526798248291015625" lon="114.38782922923564910888671875">
        <ele>22.6000003814697265625</ele>
        <time>2026-10-04T08:39:21.000Z</time>
        <extensions>
          <ns3:TrackPointExtension>
            <ns3:hr>72</ns3:hr>
          </ns3:TrackPointExtension>
        </extensions>
      </trkpt>
      <trkpt lat="30.5898173153400421142578125" lon="114.38784758560359477996826171875">
        <ele>22.6000003814697265625</ele>
        <time>2026-10-04T08:39:22.000Z</time>
        <extensions>
          <ns3:TrackPointExtension>
            <ns3:hr>73</ns3:hr>
          </ns3:TrackPointExtension>
        </extensions>
      </trkpt>
      <trkpt lat="30.58991253376007080078125" lon="114.3879286386072635650634765625">
        <ele>23</ele>
        <time>2026-10-04T08:39:29.000Z</time>
        <extensions>
          <ns3:TrackPointExtension>
            <ns3:hr>71</ns3:hr>
          </ns3:TrackPointExtension>
        </extensions>
      </trkpt>
      <trkpt lat="30.58998554013669490814208984375" lon="114.3879921734333038330078125">
        <ele>22.799999237060546875</ele>
        <time>2026-10-04T08:39:35.000Z</time>
        <extensions>
          <ns3:TrackPointExtension>
            <ns3:hr>72</ns3:hr>
          </ns3:TrackPointExtension>
        </extensions>
      </trkpt>
      <trkpt lat="30.590038262307643890380859375" lon="114.3880533613264560699462890625">
        <ele>22.799999237060546875</ele>
        <time>2026-10-04T08:39:42.000Z</time>
        <extensions>
          <ns3:TrackPointExtension>
            <ns3:hr>72</ns3:hr>
          </ns3:TrackPointExtension>
        </extensions>
      </trkpt>
      <trkpt lat="30.590070784091949462890625" lon="114.38808764331042766571044921875">
        <ele>22.799999237060546875</ele>
        <time>2026-10-04T08:39:49.000Z</time>
        <extensions>
          <ns3:TrackPointExtension>
            <ns3:hr>74</ns3:hr>
          </ns3:TrackPointExtension>
        </extensions>
      </trkpt>
      <trkpt lat="30.59008947573602199554443359375" lon="114.38810692168772220611572265625">
        <ele>22.6000003814697265625</ele>
        <time>2026-10-04T08:39:56.000Z</time>
        <extensions>
          <ns3:TrackPointExtension>
            <ns3:hr>74</ns3:hr>
          </ns3:TrackPointExtension>
        </extensions>
      </trkpt>
      <trkpt lat="30.590105988085269927978515625" lon="114.3881371803581714630126953125">
        <ele>22.6000003814697265625</ele>
        <time>2026-10-04T08:40:03.000Z</time>
        <extensions>
          <ns3:TrackPointExtension>
            <ns3:hr>72</ns3:hr>
          </ns3:TrackPointExtension>
        </extensions>
      </trkpt>
      <trkpt lat="30.5901644937694072723388671875" lon="114.388199709355831146240234375">
        <ele>22.6000003814697265625</ele>
        <time>2026-10-04T08:40:09.000Z</time>
        <extensions>
          <ns3:TrackPointExtension>
            <ns3:hr>72</ns3:hr>
          </ns3:TrackPointExtension>
        </extensions>
      </trkpt>
      <trkpt lat="30.59025074355304241180419921875" lon="114.38830842263996601104736328125">
        <ele>22.799999237060546875</ele>
        <time>2026-10-04T08:40:16.000Z</time>
        <extensions>
          <ns3:TrackPointExtension>
            <ns3:hr>73</ns3:hr>
          </ns3:TrackPointExtension>
        </extensions>
      </trkpt>
      <trkpt lat="30.59038653038442134857177734375" lon="114.388465918600559234619140625">
        <ele>22.200000762939453125</ele>
        <time>2026-10-04T08:40:25.000Z</time>
        <extensions>
          <ns3:TrackPointExtension>
            <ns3:hr>74</ns3:hr>
          </ns3:TrackPointExtension>
        </extensions>
      </trkpt>
      <trkpt lat="30.5904917232692241668701171875" lon="114.38861855305731296539306640625">
        <ele>22.200000762939453125</ele>
        <time>2026-10-04T08:40:33.000Z</time>
        <extensions>
          <ns3:TrackPointExtension>
            <ns3:hr>73</ns3:hr>
          </ns3:TrackPointExtension>
        </extensions>
      </trkpt>
      <trkpt lat="30.5905651487410068511962890625" lon="114.3887118436396121978759765625">
        <ele>22.3999996185302734375</ele>
        <time>2026-10-04T08:40:38.000Z</time>
        <extensions>
          <ns3:TrackPointExtension>
            <ns3:hr>70</ns3:hr>
          </ns3:TrackPointExtension>
        </extensions>
      </trkpt>
      <trkpt lat="30.5906005203723907470703125" lon="114.3887775577604770660400390625">
        <ele>22</ele>
        <time>2026-10-04T08:40:41.000Z</time>
        <extensions>
          <ns3:TrackPointExtension>
            <ns3:hr>73</ns3:hr>
          </ns3:TrackPointExtension>
        </extensions>
      </trkpt>
      <trkpt lat="30.59068559668958187103271484375" lon="114.3888989277184009552001953125">
        <ele>22</ele>
        <time>2026-10-04T08:40:47.000Z</time>
        <extensions>
          <ns3:TrackPointExtension>
            <ns3:hr>74</ns3:hr>
          </ns3:TrackPointExtension>
        </extensions>
      </trkpt>
      <trkpt lat="30.590814761817455291748046875" lon="114.38903085887432098388671875">
        <ele>22</ele>
        <time>2026-10-04T08:40:56.000Z</time>
        <extensions>
          <ns3:TrackPointExtension>
            <ns3:hr>75</ns3:hr>
          </ns3:TrackPointExtension>
        </extensions>
      </trkpt>
      <trkpt lat="30.5909131653606891632080078125" lon="114.3891312740743160247802734375">
        <ele>22.200000762939453125</ele>
        <time>2026-10-04T08:41:03.000Z</time>
        <extensions>
          <ns3:TrackPointExtension>
            <ns3:hr>77</ns3:hr>
          </ns3:TrackPointExtension>
        </extensions>
      </trkpt>
      <trkpt lat="30.59098877012729644775390625" lon="114.38920922577381134033203125">
        <ele>22.799999237060546875</ele>
        <time>2026-10-04T08:41:10.000Z</time>
        <extensions>
          <ns3:TrackPointExtension>
            <ns3:hr>78</ns3:hr>
          </ns3:TrackPointExtension>
        </extensions>
      </trkpt>
      <trkpt lat="30.591040067374706268310546875" lon="114.38928432762622833251953125">
        <ele>22.6000003814697265625</ele>
        <time>2026-10-04T08:41:17.000Z</time>
        <extensions>
          <ns3:TrackPointExtension>
            <ns3:hr>76</ns3:hr>
          </ns3:TrackPointExtension>
        </extensions>
      </trkpt>
      <trkpt lat="30.59105071239173412322998046875" lon="114.38929145224392414093017578125">
        <ele>22.3999996185302734375</ele>
        <time>2026-10-04T08:41:23.000Z</time>
        <extensions>
          <ns3:TrackPointExtension>
            <ns3:hr>73</ns3:hr>
          </ns3:TrackPointExtension>
        </extensions>
      </trkpt>
      <trkpt lat="30.59105716645717620849609375" lon="114.38929396681487560272216796875">
        <ele>22.3999996185302734375</ele>
        <time>2026-10-04T08:41:24.000Z</time>
        <extensions>
          <ns3:TrackPointExtension>
            <ns3:hr>73</ns3:hr>
          </ns3:TrackPointExtension>
        </extensions>
      </trkpt>
      <trkpt lat="30.5910643748939037322998046875" lon="114.38930368982255458831787109375">
        <ele>22.3999996185302734375</ele>
        <time>2026-10-04T08:41:30.000Z</time>
        <extensions>
          <ns3:TrackPointExtension>
            <ns3:hr>74</ns3:hr>
          </ns3:TrackPointExtension>
        </extensions>
      </trkpt>
      <trkpt lat="30.5910687334835529327392578125" lon="114.389302432537078857421875">
        <ele>22.3999996185302734375</ele>
        <time>2026-10-04T08:41:37.000Z</time>
        <extensions>
          <ns3:TrackPointExtension>
            <ns3:hr>73</ns3:hr>
          </ns3:TrackPointExtension>
        </extensions>
      </trkpt>
      <trkpt lat="30.59106253087520599365234375" lon="114.3893026001751422882080078125">
        <ele>22.3999996185302734375</ele>
        <time>2026-10-04T08:41:43.000Z</time>
        <extensions>
          <ns3:TrackPointExtension>
            <ns3:hr>72</ns3:hr>
          </ns3:TrackPointExtension>
        </extensions>
      </trkpt>
      <trkpt lat="30.59106253087520599365234375" lon="114.3893026001751422882080078125">
        <ele>22.3999996185302734375</ele>
        <time>2026-10-04T08:41:53.000Z</time>
        <extensions>
          <ns3:TrackPointExtension>
            <ns3:hr>70</ns3:hr>
          </ns3:TrackPointExtension>
        </extensions>
      </trkpt>
      <trkpt lat="30.59106253087520599365234375" lon="114.3893026001751422882080078125">
        <ele>22.3999996185302734375</ele>
        <time>2026-10-04T08:42:07.000Z</time>
        <extensions>
          <ns3:TrackPointExtension>
            <ns3:hr>71</ns3:hr>
          </ns3:TrackPointExtension>
        </extensions>
      </trkpt>
      <trkpt lat="30.59106253087520599365234375" lon="114.3893026001751422882080078125">
        <ele>22.3999996185302734375</ele>
        <time>2026-10-04T08:42:20.000Z</time>
        <extensions>
          <ns3:TrackPointExtension>
            <ns3:hr>70</ns3:hr>
          </ns3:TrackPointExtension>
        </extensions>
      </trkpt>
      <trkpt lat="30.59106253087520599365234375" lon="114.3893026001751422882080078125">
        <ele>22.3999996185302734375</ele>
        <time>2026-10-04T08:42:29.000Z</time>
        <extensions>
          <ns3:TrackPointExtension>
            <ns3:hr>70</ns3:hr>
          </ns3:TrackPointExtension>
        </extensions>
      </trkpt>
      <trkpt lat="30.59106253087520599365234375" lon="114.3893026001751422882080078125">
        <ele>22.3999996185302734375</ele>
        <time>2026-10-04T08:42:45.000Z</time>
        <extensions>
          <ns3:TrackPointExtension>
            <ns3:hr>68</ns3:hr>
          </ns3:TrackPointExtension>
        </extensions>
      </trkpt>
      <trkpt lat="30.59106253087520599365234375" lon="114.3893026001751422882080078125">
        <ele>22.3999996185302734375</ele>
        <time>2026-10-04T08:42:51.000Z</time>
        <extensions>
          <ns3:TrackPointExtension>
            <ns3:hr>64</ns3:hr>
          </ns3:TrackPointExtension>
        </extensions>
      </trkpt>
      <trkpt lat="30.59106253087520599365234375" lon="114.3893026001751422882080078125">
        <ele>22.3999996185302734375</ele>
        <time>2026-10-04T08:42:58.000Z</time>
        <extensions>
          <ns3:TrackPointExtension>
            <ns3:hr>67</ns3:hr>
          </ns3:TrackPointExtension>
        </extensions>
      </trkpt>
      <trkpt lat="30.59106253087520599365234375" lon="114.3893026001751422882080078125">
        <ele>22.3999996185302734375</ele>
        <time>2026-10-04T08:43:01.000Z</time>
        <extensions>
          <ns3:TrackPointExtension>
            <ns3:hr>67</ns3:hr>
          </ns3:TrackPointExtension>
        </extensions>
      </trkpt>
      <trkpt lat="30.59106253087520599365234375" lon="114.3893026001751422882080078125">
        <ele>22.3999996185302734375</ele>
        <time>2026-10-04T08:43:04.000Z</time>
        <extensions>
          <ns3:TrackPointExtension>
            <ns3:hr>70</ns3:hr>
          </ns3:TrackPointExtension>
        </extensions>
      </trkpt>
      <trkpt lat="30.59107166714966297149658203125" lon="114.389292709529399871826171875">
        <ele>22.3999996185302734375</ele>
        <time>2026-10-04T08:43:10.000Z</time>
        <extensions>
          <ns3:TrackPointExtension>
            <ns3:hr>70</ns3:hr>
          </ns3:TrackPointExtension>
        </extensions>
      </trkpt>
      <trkpt lat="30.59108491055667400360107421875" lon="114.3893139995634555816650390625">
        <ele>22.3999996185302734375</ele>
        <time>2026-10-04T08:43:13.000Z</time>
        <extensions>
          <ns3:TrackPointExtension>
            <ns3:hr>70</ns3:hr>
          </ns3:TrackPointExtension>
        </extensions>
      </trkpt>
      <trkpt lat="30.5911441706120967864990234375" lon="114.38940393738448619842529296875">
        <ele>22.3999996185302734375</ele>
        <time>2026-10-04T08:43:19.000Z</time>
        <extensions>
          <ns3:TrackPointExtension>
            <ns3:hr>71</ns3:hr>
          </ns3:TrackPointExtension>
        </extensions>
      </trkpt>
      <trkpt lat="30.59124668128788471221923828125" lon="114.38952296040952205657958984375">
        <ele>22.200000762939453125</ele>
        <time>2026-10-04T08:43:26.000Z</time>
        <extensions>
          <ns3:TrackPointExtension>
            <ns3:hr>76</ns3:hr>
          </ns3:TrackPointExtension>
        </extensions>
      </trkpt>
      <trkpt lat="30.5912625230848789215087890625" lon="114.38954089768230915069580078125">
        <ele>22.200000762939453125</ele>
        <time>2026-10-04T08:43:27.000Z</time>
        <extensions>
          <ns3:TrackPointExtension>
            <ns3:hr>79</ns3:hr>
          </ns3:TrackPointExtension>
        </extensions>
      </trkpt>
      <trkpt lat="30.59127668850123882293701171875" lon="114.38956151716411113739013671875">
        <ele>22.200000762939453125</ele>
        <time>2026-10-04T08:43:28.000Z</time>
        <extensions>
          <ns3:TrackPointExtension>
            <ns3:hr>79</ns3:hr>
          </ns3:TrackPointExtension>
        </extensions>
      </trkpt>
      <trkpt lat="30.5913647823035717010498046875" lon="114.3896630220115184783935546875">
        <ele>22.200000762939453125</ele>
        <time>2026-10-04T08:43:34.000Z</time>
        <extensions>
          <ns3:TrackPointExtension>
            <ns3:hr>80</ns3:hr>
          </ns3:TrackPointExtension>
        </extensions>
      </trkpt>
      <trkpt lat="30.5913798697292804718017578125" lon="114.389683306217193603515625">
        <ele>22.200000762939453125</ele>
        <time>2026-10-04T08:43:35.000Z</time>
        <extensions>
          <ns3:TrackPointExtension>
            <ns3:hr>77</ns3:hr>
          </ns3:TrackPointExtension>
        </extensions>
      </trkpt>
      <trkpt lat="30.59148757718503475189208984375" lon="114.38980677165091037750244140625">
        <ele>22.3999996185302734375</ele>
        <time>2026-10-04T08:43:42.000Z</time>
        <extensions>
          <ns3:TrackPointExtension>
            <ns3:hr>75</ns3:hr>
          </ns3:TrackPointExtension>
        </extensions>
      </trkpt>
      <trkpt lat="30.59161531738936901092529296875" lon="114.38996653072535991668701171875">
        <ele>22.3999996185302734375</ele>
        <time>2026-10-04T08:43:51.000Z</time>
        <extensions>
          <ns3:TrackPointExtension>
            <ns3:hr>73</ns3:hr>
          </ns3:TrackPointExtension>
        </extensions>
      </trkpt>
      <trkpt lat="30.59169041924178600311279296875" lon="114.39004615880548954010009765625">
        <ele>22.200000762939453125</ele>
        <time>2026-10-04T08:43:56.000Z</time>
        <extensions>
          <ns3:TrackPointExtension>
            <ns3:hr>76</ns3:hr>
          </ns3:TrackPointExtension>
        </extensions>
      </trkpt>
      <trkpt lat="30.591703914105892181396484375" lon="114.3900636769831180572509765625">
        <ele>22.200000762939453125</ele>
        <time>2026-10-04T08:43:57.000Z</time>
        <extensions>
          <ns3:TrackPointExtension>
            <ns3:hr>76</ns3:hr>
          </ns3:TrackPointExtension>
        </extensions>
      </trkpt>
      <trkpt lat="30.5917389504611492156982421875" lon="114.390117488801479339599609375">
        <ele>22.3999996185302734375</ele>
        <time>2026-10-04T08:44:00.000Z</time>
        <extensions>
          <ns3:TrackPointExtension>
            <ns3:hr>71</ns3:hr>
          </ns3:TrackPointExtension>
        </extensions>
      </trkpt>
      <trkpt lat="30.591776669025421142578125" lon="114.39016752876341342926025390625">
        <ele>22.6000003814697265625</ele>
        <time>2026-10-04T08:44:03.000Z</time>
        <extensions>
          <ns3:TrackPointExtension>
            <ns3:hr>68</ns3:hr>
          </ns3:TrackPointExtension>
        </extensions>
      </trkpt>
      <trkpt lat="30.59182226657867431640625" lon="114.3902182392776012420654296875">
        <ele>22.799999237060546875</ele>
        <time>2026-10-04T08:44:06.000Z</time>
        <extensions>
          <ns3:TrackPointExtension>
            <ns3:hr>70</ns3:hr>
          </ns3:TrackPointExtension>
        </extensions>
      </trkpt>
      <trkpt lat="30.59193148277699947357177734375" lon="114.3903449736535549163818359375">
        <ele>22.799999237060546875</ele>
        <time>2026-10-04T08:44:13.000Z</time>
        <extensions>
          <ns3:TrackPointExtension>
            <ns3:hr>72</ns3:hr>
          </ns3:TrackPointExtension>
        </extensions>
      </trkpt>
      <trkpt lat="30.592068694531917572021484375" lon="114.39050615765154361724853515625">
        <ele>22.200000762939453125</ele>
        <time>2026-10-04T08:44:22.000Z</time>
        <extensions>
          <ns3:TrackPointExtension>
            <ns3:hr>73</ns3:hr>
          </ns3:TrackPointExtension>
        </extensions>
      </trkpt>
      <trkpt lat="30.59213818050920963287353515625" lon="114.39059819094836711883544921875">
        <ele>22.3999996185302734375</ele>
        <time>2026-10-04T08:44:27.000Z</time>
        <extensions>
          <ns3:TrackPointExtension>
            <ns3:hr>76</ns3:hr>
          </ns3:TrackPointExtension>
        </extensions>
      </trkpt>
      <trkpt lat="30.59218914248049259185791015625" lon="114.390647225081920623779296875">
        <ele>22.6000003814697265625</ele>
        <time>2026-10-04T08:44:30.000Z</time>
        <extensions>
          <ns3:TrackPointExtension>
            <ns3:hr>76</ns3:hr>
          </ns3:TrackPointExtension>
        </extensions>
      </trkpt>
      <trkpt lat="30.5922740511596202850341796875" lon="114.39075878821313381195068359375">
        <ele>22.3999996185302734375</ele>
        <time>2026-10-04T08:44:36.000Z</time>
        <extensions>
          <ns3:TrackPointExtension>
            <ns3:hr>77</ns3:hr>
          </ns3:TrackPointExtension>
        </extensions>
      </trkpt>
      <trkpt lat="30.59237371198832988739013671875" lon="114.39086322672665119171142578125">
        <ele>22.200000762939453125</ele>
        <time>2026-10-04T08:44:43.000Z</time>
        <extensions>
          <ns3:TrackPointExtension>
            <ns3:hr>76</ns3:hr>
          </ns3:TrackPointExtension>
        </extensions>
      </trkpt>
      <trkpt lat="30.59244789183139801025390625" lon="114.39098157919943332672119140625">
        <ele>22</ele>
        <time>2026-10-04T08:44:49.000Z</time>
        <extensions>
          <ns3:TrackPointExtension>
            <ns3:hr>77</ns3:hr>
          </ns3:TrackPointExtension>
        </extensions>
      </trkpt>
      <trkpt lat="30.59249675832688808441162109375" lon="114.3910359777510166168212890625">
        <ele>22</ele>
        <time>2026-10-04T08:44:52.000Z</time>
        <extensions>
          <ns3:TrackPointExtension>
            <ns3:hr>80</ns3:hr>
          </ns3:TrackPointExtension>
        </extensions>
      </trkpt>
      <trkpt lat="30.59252358041703701019287109375" lon="114.39107478596270084381103515625">
        <ele>22</ele>
        <time>2026-10-04T08:44:54.000Z</time>
        <extensions>
          <ns3:TrackPointExtension>
            <ns3:hr>80</ns3:hr>
          </ns3:TrackPointExtension>
        </extensions>
      </trkpt>
      <trkpt lat="30.5926002748310565948486328125" lon="114.39116857945919036865234375">
        <ele>22.200000762939453125</ele>
        <time>2026-10-04T08:44:59.000Z</time>
        <extensions>
          <ns3:TrackPointExtension>
            <ns3:hr>79</ns3:hr>
          </ns3:TrackPointExtension>
        </extensions>
      </trkpt>
      <trkpt lat="30.59270714409649372100830078125" lon="114.391306377947330474853515625">
        <ele>22.6000003814697265625</ele>
        <time>2026-10-04T08:45:07.000Z</time>
        <extensions>
          <ns3:TrackPointExtension>
            <ns3:hr>79</ns3:hr>
          </ns3:TrackPointExtension>
        </extensions>
      </trkpt>
      <trkpt lat="30.5927494727075099945068359375" lon="114.39136429689824581146240234375">
        <ele>22.799999237060546875</ele>
        <time>2026-10-04T08:45:11.000Z</time>
        <extensions>
          <ns3:TrackPointExtension>
            <ns3:hr>76</ns3:hr>
          </ns3:TrackPointExtension>
        </extensions>
      </trkpt>
      <trkpt lat="30.5927789770066738128662109375" lon="114.39140000380575656890869140625">
        <ele>22.6000003814697265625</ele>
        <time>2026-10-04T08:45:14.000Z</time>
        <extensions>
          <ns3:TrackPointExtension>
            <ns3:hr>75</ns3:hr>
          </ns3:TrackPointExtension>
        </extensions>
      </trkpt>
      <trkpt lat="30.592821724712848663330078125" lon="114.3914456851780414581298828125">
        <ele>22.3999996185302734375</ele>
        <time>2026-10-04T08:45:18.000Z</time>
        <extensions>
          <ns3:TrackPointExtension>
            <ns3:hr>80</ns3:hr>
          </ns3:TrackPointExtension>
        </extensions>
      </trkpt>
      <trkpt lat="30.59283086098730564117431640625" lon="114.39145834185183048248291015625">
        <ele>22.200000762939453125</ele>
        <time>2026-10-04T08:45:19.000Z</time>
        <extensions>
          <ns3:TrackPointExtension>
            <ns3:hr>83</ns3:hr>
          </ns3:TrackPointExtension>
        </extensions>
      </trkpt>
      <trkpt lat="30.59283949434757232666015625" lon="114.39147208817303180694580078125">
        <ele>22.200000762939453125</ele>
        <time>2026-10-04T08:45:20.000Z</time>
        <extensions>
          <ns3:TrackPointExtension>
            <ns3:hr>86</ns3:hr>
          </ns3:TrackPointExtension>
        </extensions>
      </trkpt>
      <trkpt lat="30.5928482115268707275390625" lon="114.391485750675201416015625">
        <ele>22.200000762939453125</ele>
        <time>2026-10-04T08:45:21.000Z</time>
        <extensions>
          <ns3:TrackPointExtension>
            <ns3:hr>86</ns3:hr>
          </ns3:TrackPointExtension>
        </extensions>
      </trkpt>
      <trkpt lat="30.592858605086803436279296875" lon="114.39149924553930759429931640625">
        <ele>22.200000762939453125</ele>
        <time>2026-10-04T08:45:22.000Z</time>
        <extensions>
          <ns3:TrackPointExtension>
            <ns3:hr>86</ns3:hr>
          </ns3:TrackPointExtension>
        </extensions>
      </trkpt>
      <trkpt lat="30.592908225953578948974609375" lon="114.39156596548855304718017578125">
        <ele>22.3999996185302734375</ele>
        <time>2026-10-04T08:45:27.000Z</time>
        <extensions>
          <ns3:TrackPointExtension>
            <ns3:hr>83</ns3:hr>
          </ns3:TrackPointExtension>
        </extensions>
      </trkpt>
      <trkpt lat="30.59292373247444629669189453125" lon="114.39159094356000423431396484375">
        <ele>22.3999996185302734375</ele>
        <time>2026-10-04T08:45:29.000Z</time>
        <extensions>
          <ns3:TrackPointExtension>
            <ns3:hr>80</ns3:hr>
          </ns3:TrackPointExtension>
        </extensions>
      </trkpt>
      <trkpt lat="30.59293203055858612060546875" lon="114.39159949310123920440673828125">
        <ele>22.3999996185302734375</ele>
        <time>2026-10-04T08:45:30.000Z</time>
        <extensions>
          <ns3:TrackPointExtension>
            <ns3:hr>80</ns3:hr>
          </ns3:TrackPointExtension>
        </extensions>
      </trkpt>
      <trkpt lat="30.5929499678313732147216796875" lon="114.39162681810557842254638671875">
        <ele>22.799999237060546875</ele>
        <time>2026-10-04T08:45:36.000Z</time>
        <extensions>
          <ns3:TrackPointExtension>
            <ns3:hr>79</ns3:hr>
          </ns3:TrackPointExtension>
        </extensions>
      </trkpt>
      <trkpt lat="30.59294535778462886810302734375" lon="114.39163804985582828521728515625">
        <ele>22.799999237060546875</ele>
        <time>2026-10-04T08:45:37.000Z</time>
        <extensions>
          <ns3:TrackPointExtension>
            <ns3:hr>80</ns3:hr>
          </ns3:TrackPointExtension>
        </extensions>
      </trkpt>
      <trkpt lat="30.5929191224277019500732421875" lon="114.39165866933763027191162109375">
        <ele>23</ele>
        <time>2026-10-04T08:45:42.000Z</time>
        <extensions>
          <ns3:TrackPointExtension>
            <ns3:hr>80</ns3:hr>
          </ns3:TrackPointExtension>
        </extensions>
      </trkpt>
      <trkpt lat="30.59287209995090961456298828125" lon="114.39167417585849761962890625">
        <ele>23.200000762939453125</ele>
        <time>2026-10-04T08:45:48.000Z</time>
        <extensions>
          <ns3:TrackPointExtension>
            <ns3:hr>79</ns3:hr>
          </ns3:TrackPointExtension>
        </extensions>
      </trkpt>
      <trkpt lat="30.5928366445004940032958984375" lon="114.39172807149589061737060546875">
        <ele>23</ele>
        <time>2026-10-04T08:45:52.000Z</time>
        <extensions>
          <ns3:TrackPointExtension>
            <ns3:hr>80</ns3:hr>
          </ns3:TrackPointExtension>
        </extensions>
      </trkpt>
      <trkpt lat="30.59276397339999675750732421875" lon="114.3917960487306118011474609375">
        <ele>23</ele>
        <time>2026-10-04T08:45:57.000Z</time>
        <extensions>
          <ns3:TrackPointExtension>
            <ns3:hr>82</ns3:hr>
          </ns3:TrackPointExtension>
        </extensions>
      </trkpt>
      <trkpt lat="30.5927249975502490997314453125" lon="114.39184139482676982879638671875">
        <ele>23</ele>
        <time>2026-10-04T08:46:00.000Z</time>
        <extensions>
          <ns3:TrackPointExtension>
            <ns3:hr>85</ns3:hr>
          </ns3:TrackPointExtension>
        </extensions>
      </trkpt>
      <trkpt lat="30.59264461509883403778076171875" lon="114.391938038170337677001953125">
        <ele>23</ele>
        <time>2026-10-04T08:46:05.000Z</time>
        <extensions>
          <ns3:TrackPointExtension>
            <ns3:hr>84</ns3:hr>
          </ns3:TrackPointExtension>
        </extensions>
      </trkpt>
      <trkpt lat="30.59256347827613353729248046875" lon="114.3920347653329372406005859375">
        <ele>22.799999237060546875</ele>
        <time>2026-10-04T08:46:11.000Z</time>
        <extensions>
          <ns3:TrackPointExtension>
            <ns3:hr>80</ns3:hr>
          </ns3:TrackPointExtension>
        </extensions>
      </trkpt>
      <trkpt lat="30.59252911247313022613525390625" lon="114.3920602463185787200927734375">
        <ele>22.799999237060546875</ele>
        <time>2026-10-04T08:46:13.000Z</time>
        <extensions>
          <ns3:TrackPointExtension>
            <ns3:hr>77</ns3:hr>
          </ns3:TrackPointExtension>
        </extensions>
      </trkpt>
      <trkpt lat="30.5925110913813114166259765625" lon="114.39207390882074832916259765625">
        <ele>22.6000003814697265625</ele>
        <time>2026-10-04T08:46:14.000Z</time>
        <extensions>
          <ns3:TrackPointExtension>
            <ns3:hr>75</ns3:hr>
          </ns3:TrackPointExtension>
        </extensions>
      </trkpt>
      <trkpt lat="30.592409335076808929443359375" lon="114.3922488391399383544921875">
        <ele>22.200000762939453125</ele>
        <time>2026-10-04T08:46:21.000Z</time>
        <extensions>
          <ns3:TrackPointExtension>
            <ns3:hr>74</ns3:hr>
          </ns3:TrackPointExtension>
        </extensions>
      </trkpt>
      <trkpt lat="30.5923850275576114654541015625" lon="114.39232989214360713958740234375">
        <ele>22</ele>
        <time>2026-10-04T08:46:26.000Z</time>
        <extensions>
          <ns3:TrackPointExtension>
            <ns3:hr>73</ns3:hr>
          </ns3:TrackPointExtension>
        </extensions>
      </trkpt>
      <trkpt lat="30.59238594956696033477783203125" lon="114.39232922159135341644287109375">
        <ele>21.799999237060546875</ele>
        <time>2026-10-04T08:46:32.000Z</time>
        <extensions>
          <ns3:TrackPointExtension>
            <ns3:hr>73</ns3:hr>
          </ns3:TrackPointExtension>
        </extensions>
      </trkpt>
      <trkpt lat="30.59238594956696033477783203125" lon="114.39232922159135341644287109375">
        <ele>21.6000003814697265625</ele>
        <time>2026-10-04T08:46:35.000Z</time>
        <extensions>
          <ns3:TrackPointExtension>
            <ns3:hr>73</ns3:hr>
          </ns3:TrackPointExtension>
        </extensions>
      </trkpt>
      <trkpt lat="30.59238594956696033477783203125" lon="114.39232922159135341644287109375">
        <ele>21.799999237060546875</ele>
        <time>2026-10-04T08:46:47.000Z</time>
        <extensions>
          <ns3:TrackPointExtension>
            <ns3:hr>72</ns3:hr>
          </ns3:TrackPointExtension>
        </extensions>
      </trkpt>
      <trkpt lat="30.59238594956696033477783203125" lon="114.39232922159135341644287109375">
        <ele>21.3999996185302734375</ele>
        <time>2026-10-04T08:47:02.000Z</time>
        <extensions>
          <ns3:TrackPointExtension>
            <ns3:hr>70</ns3:hr>
          </ns3:TrackPointExtension>
        </extensions>
      </trkpt>
      <trkpt lat="30.592388547956943511962890625" lon="114.39232234843075275421142578125">
        <ele>21.200000762939453125</ele>
        <time>2026-10-04T08:47:04.000Z</time>
        <extensions>
          <ns3:TrackPointExtension>
            <ns3:hr>70</ns3:hr>
          </ns3:TrackPointExtension>
        </extensions>
      </trkpt>
      <trkpt lat="30.592375807464122772216796875" lon="114.39233257435262203216552734375">
        <ele>21.200000762939453125</ele>
        <time>2026-10-04T08:47:06.000Z</time>
        <extensions>
          <ns3:TrackPointExtension>
            <ns3:hr>69</ns3:hr>
          </ns3:TrackPointExtension>
        </extensions>
      </trkpt>
      <trkpt lat="30.59235359542071819305419921875" lon="114.39236241392791271209716796875">
        <ele>21</ele>
        <time>2026-10-04T08:47:10.000Z</time>
        <extensions>
          <ns3:TrackPointExtension>
            <ns3:hr>70</ns3:hr>
          </ns3:TrackPointExtension>
        </extensions>
      </trkpt>
      <trkpt lat="30.592358373105525970458984375" lon="114.3923764117062091827392578125">
        <ele>21</ele>
        <time>2026-10-04T08:47:11.000Z</time>
        <extensions>
          <ns3:TrackPointExtension>
            <ns3:hr>70</ns3:hr>
          </ns3:TrackPointExtension>
        </extensions>
      </trkpt>
      <trkpt lat="30.59237455017864704132080078125" lon="114.39239258877933025360107421875">
        <ele>20.799999237060546875</ele>
        <time>2026-10-04T08:47:13.000Z</time>
        <extensions>
          <ns3:TrackPointExtension>
            <ns3:hr>70</ns3:hr>
          </ns3:TrackPointExtension>
        </extensions>
      </trkpt>
      <trkpt lat="30.59236482717096805572509765625" lon="114.39238940365612506866455078125">
        <ele>20.6000003814697265625</ele>
        <time>2026-10-04T08:47:15.000Z</time>
        <extensions>
          <ns3:TrackPointExtension>
            <ns3:hr>70</ns3:hr>
          </ns3:TrackPointExtension>
        </extensions>
      </trkpt>
      <trkpt lat="30.59236197732388973236083984375" lon="114.392387308180332183837890625">
        <ele>20.3999996185302734375</ele>
        <time>2026-10-04T08:47:16.000Z</time>
        <extensions>
          <ns3:TrackPointExtension>
            <ns3:hr>69</ns3:hr>
          </ns3:TrackPointExtension>
        </extensions>
      </trkpt>
      <trkpt lat="30.5923546850681304931640625" lon="114.3923630006611347198486328125">
        <ele>20.3999996185302734375</ele>
        <time>2026-10-04T08:47:23.000Z</time>
        <extensions>
          <ns3:TrackPointExtension>
            <ns3:hr>71</ns3:hr>
          </ns3:TrackPointExtension>
        </extensions>
      </trkpt>
      <trkpt lat="30.5923546850681304931640625" lon="114.3923630006611347198486328125">
        <ele>20</ele>
        <time>2026-10-04T08:47:37.000Z</time>
        <extensions>
          <ns3:TrackPointExtension>
            <ns3:hr>71</ns3:hr>
          </ns3:TrackPointExtension>
        </extensions>
      </trkpt>
      <trkpt lat="30.592348314821720123291015625" lon="114.39236610196530818939208984375">
        <ele>20.200000762939453125</ele>
        <time>2026-10-04T08:47:44.000Z</time>
        <extensions>
          <ns3:TrackPointExtension>
            <ns3:hr>70</ns3:hr>
          </ns3:TrackPointExtension>
        </extensions>
      </trkpt>
      <trkpt lat="30.5923546850681304931640625" lon="114.3923630006611347198486328125">
        <ele>20.799999237060546875</ele>
        <time>2026-10-04T08:47:50.000Z</time>
        <extensions>
          <ns3:TrackPointExtension>
            <ns3:hr>70</ns3:hr>
          </ns3:TrackPointExtension>
        </extensions>
      </trkpt>
      <trkpt lat="30.59237438254058361053466796875" lon="114.3923534452915191650390625">
        <ele>20.799999237060546875</ele>
        <time>2026-10-04T08:48:00.000Z</time>
        <extensions>
          <ns3:TrackPointExtension>
            <ns3:hr>71</ns3:hr>
          </ns3:TrackPointExtension>
        </extensions>
      </trkpt>
      <trkpt lat="30.59239827096462249755859375" lon="114.3923261202871799468994140625">
        <ele>21</ele>
        <time>2026-10-04T08:48:06.000Z</time>
        <extensions>
          <ns3:TrackPointExtension>
            <ns3:hr>72</ns3:hr>
          </ns3:TrackPointExtension>
        </extensions>
      </trkpt>
      <trkpt lat="30.59239282272756099700927734375" lon="114.39231798984110355377197265625">
        <ele>21</ele>
        <time>2026-10-04T08:48:14.000Z</time>
        <extensions>
          <ns3:TrackPointExtension>
            <ns3:hr>73</ns3:hr>
          </ns3:TrackPointExtension>
        </extensions>
      </trkpt>
      <trkpt lat="30.5923934094607830047607421875" lon="114.39228328876197338104248046875">
        <ele>21.6000003814697265625</ele>
        <time>2026-10-04T08:48:19.000Z</time>
        <extensions>
          <ns3:TrackPointExtension>
            <ns3:hr>73</ns3:hr>
          </ns3:TrackPointExtension>
        </extensions>
      </trkpt>
      <trkpt lat="30.59239835478365421295166015625" lon="114.3922697938978672027587890625">
        <ele>21.3999996185302734375</ele>
        <time>2026-10-04T08:48:20.000Z</time>
        <extensions>
          <ns3:TrackPointExtension>
            <ns3:hr>73</ns3:hr>
          </ns3:TrackPointExtension>
        </extensions>
      </trkpt>
      <trkpt lat="30.5924494005739688873291015625" lon="114.39217734150588512420654296875">
        <ele>21.6000003814697265625</ele>
        <time>2026-10-04T08:48:26.000Z</time>
        <extensions>
          <ns3:TrackPointExtension>
            <ns3:hr>73</ns3:hr>
          </ns3:TrackPointExtension>
        </extensions>
      </trkpt>
      <trkpt lat="30.59245769865810871124267578125" lon="114.392160661518573760986328125">
        <ele>21.6000003814697265625</ele>
        <time>2026-10-04T08:48:27.000Z</time>
        <extensions>
          <ns3:TrackPointExtension>
            <ns3:hr>73</ns3:hr>
          </ns3:TrackPointExtension>
        </extensions>
      </trkpt>
      <trkpt lat="30.59248820878565311431884765625" lon="114.39210735261440277099609375">
        <ele>21.6000003814697265625</ele>
        <time>2026-10-04T08:48:30.000Z</time>
        <extensions>
          <ns3:TrackPointExtension>
            <ns3:hr>70</ns3:hr>
          </ns3:TrackPointExtension>
        </extensions>
      </trkpt>
      <trkpt lat="30.59252240695059299468994140625" lon="114.3920736573636531829833984375">
        <ele>21.6000003814697265625</ele>
        <time>2026-10-04T08:48:33.000Z</time>
        <extensions>
          <ns3:TrackPointExtension>
            <ns3:hr>69</ns3:hr>
          </ns3:TrackPointExtension>
        </extensions>
      </trkpt>
      <trkpt lat="30.5925536714494228363037109375" lon="114.39203702844679355621337890625">
        <ele>22</ele>
        <time>2026-10-04T08:48:36.000Z</time>
        <extensions>
          <ns3:TrackPointExtension>
            <ns3:hr>74</ns3:hr>
          </ns3:TrackPointExtension>
        </extensions>
      </trkpt>
      <trkpt lat="30.59260723181068897247314453125" lon="114.3919667042791843414306640625">
        <ele>22.200000762939453125</ele>
        <time>2026-10-04T08:48:41.000Z</time>
        <extensions>
          <ns3:TrackPointExtension>
            <ns3:hr>76</ns3:hr>
          </ns3:TrackPointExtension>
        </extensions>
      </trkpt>
      <trkpt lat="30.592688284814357757568359375" lon="114.39188539981842041015625">
        <ele>22.200000762939453125</ele>
        <time>2026-10-04T08:48:47.000Z</time>
        <extensions>
          <ns3:TrackPointExtension>
            <ns3:hr>76</ns3:hr>
          </ns3:TrackPointExtension>
        </extensions>
      </trkpt>
      <trkpt lat="30.592781491577625274658203125" lon="114.39179948531091213226318359375">
        <ele>22.3999996185302734375</ele>
        <time>2026-10-04T08:48:54.000Z</time>
        <extensions>
          <ns3:TrackPointExtension>
            <ns3:hr>76</ns3:hr>
          </ns3:TrackPointExtension>
        </extensions>
      </trkpt>
      <trkpt lat="30.592890791594982147216796875" lon="114.391699992120265960693359375">
        <ele>21.6000003814697265625</ele>
        <time>2026-10-04T08:49:02.000Z</time>
        <extensions>
          <ns3:TrackPointExtension>
            <ns3:hr>79</ns3:hr>
          </ns3:TrackPointExtension>
        </extensions>
      </trkpt>
      <trkpt lat="30.59292809106409549713134765625" lon="114.39174517057836055755615234375">
        <ele>21.200000762939453125</ele>
        <time>2026-10-04T08:49:05.000Z</time>
        <extensions>
          <ns3:TrackPointExtension>
            <ns3:hr>79</ns3:hr>
          </ns3:TrackPointExtension>
        </extensions>
      </trkpt>
      <trkpt lat="30.5930207110941410064697265625" lon="114.3918049335479736328125">
        <ele>21.6000003814697265625</ele>
        <time>2026-10-04T08:49:11.000Z</time>
        <extensions>
          <ns3:TrackPointExtension>
            <ns3:hr>79</ns3:hr>
          </ns3:TrackPointExtension>
        </extensions>
      </trkpt>
      <trkpt lat="30.593047030270099639892578125" lon="114.3918305821716785430908203125">
        <ele>22.799999237060546875</ele>
        <time>2026-10-04T08:49:13.000Z</time>
        <extensions>
          <ns3:TrackPointExtension>
            <ns3:hr>79</ns3:hr>
          </ns3:TrackPointExtension>
        </extensions>
      </trkpt>
      <trkpt lat="30.5931226350367069244384765625" lon="114.39190710894763469696044921875">
        <ele>23.6000003814697265625</ele>
        <time>2026-10-04T08:49:18.000Z</time>
        <extensions>
          <ns3:TrackPointExtension>
            <ns3:hr>79</ns3:hr>
          </ns3:TrackPointExtension>
        </extensions>
      </trkpt>
      <trkpt lat="30.59315457008779048919677734375" lon="114.3919405527412891387939453125">
        <ele>23.799999237060546875</ele>
        <time>2026-10-04T08:49:20.000Z</time>
        <extensions>
          <ns3:TrackPointExtension>
            <ns3:hr>79</ns3:hr>
          </ns3:TrackPointExtension>
        </extensions>
      </trkpt>
      <trkpt lat="30.593287758529186248779296875" lon="114.39208044670522212982177734375">
        <ele>23.200000762939453125</ele>
        <time>2026-10-04T08:49:28.000Z</time>
        <extensions>
          <ns3:TrackPointExtension>
            <ns3:hr>79</ns3:hr>
          </ns3:TrackPointExtension>
        </extensions>
      </trkpt>
      <trkpt lat="30.59335506521165370941162109375" lon="114.39214264042675495147705078125">
        <ele>23.200000762939453125</ele>
        <time>2026-10-04T08:49:32.000Z</time>
        <extensions>
          <ns3:TrackPointExtension>
            <ns3:hr>76</ns3:hr>
          </ns3:TrackPointExtension>
        </extensions>
      </trkpt>
      <trkpt lat="30.59341927058994770050048828125" lon="114.39220315776765346527099609375">
        <ele>23</ele>
        <time>2026-10-04T08:49:36.000Z</time>
        <extensions>
          <ns3:TrackPointExtension>
            <ns3:hr>74</ns3:hr>
          </ns3:TrackPointExtension>
        </extensions>
      </trkpt>
      <trkpt lat="30.59345380403101444244384765625" lon="114.39223836176097393035888671875">
        <ele>22.799999237060546875</ele>
        <time>2026-10-04T08:49:38.000Z</time>
        <extensions>
          <ns3:TrackPointExtension>
            <ns3:hr>73</ns3:hr>
          </ns3:TrackPointExtension>
        </extensions>
      </trkpt>
      <trkpt lat="30.593557655811309814453125" lon="114.392335005104541778564453125">
        <ele>22.3999996185302734375</ele>
        <time>2026-10-04T08:49:44.000Z</time>
        <extensions>
          <ns3:TrackPointExtension>
            <ns3:hr>71</ns3:hr>
          </ns3:TrackPointExtension>
        </extensions>
      </trkpt>
      <trkpt lat="30.59362940490245819091796875" lon="114.392405413091182708740234375">
        <ele>22.799999237060546875</ele>
        <time>2026-10-04T08:49:49.000Z</time>
        <extensions>
          <ns3:TrackPointExtension>
            <ns3:hr>70</ns3:hr>
          </ns3:TrackPointExtension>
        </extensions>
      </trkpt>
      <trkpt lat="30.59373510070145130157470703125" lon="114.39250675030052661895751953125">
        <ele>22.799999237060546875</ele>
        <time>2026-10-04T08:49:56.000Z</time>
        <extensions>
          <ns3:TrackPointExtension>
            <ns3:hr>71</ns3:hr>
          </ns3:TrackPointExtension>
        </extensions>
      </trkpt>
      <trkpt lat="30.59383065439760684967041015625" lon="114.392609931528568267822265625">
        <ele>22.6000003814697265625</ele>
        <time>2026-10-04T08:50:03.000Z</time>
        <extensions>
          <ns3:TrackPointExtension>
            <ns3:hr>73</ns3:hr>
          </ns3:TrackPointExtension>
        </extensions>
      </trkpt>
      <trkpt lat="30.593967698514461517333984375" lon="114.39277061261236667633056640625">
        <ele>22.799999237060546875</ele>
        <time>2026-10-04T08:50:13.000Z</time>
        <extensions>
          <ns3:TrackPointExtension>
            <ns3:hr>75</ns3:hr>
          </ns3:TrackPointExtension>
        </extensions>
      </trkpt>
      <trkpt lat="30.594064928591251373291015625" lon="114.39288376830518245697021484375">
        <ele>22.799999237060546875</ele>
        <time>2026-10-04T08:50:20.000Z</time>
        <extensions>
          <ns3:TrackPointExtension>
            <ns3:hr>72</ns3:hr>
          </ns3:TrackPointExtension>
        </extensions>
      </trkpt>
      <trkpt lat="30.59409971348941326141357421875" lon="114.3929262645542621612548828125">
        <ele>23.200000762939453125</ele>
        <time>2026-10-04T08:50:23.000Z</time>
        <extensions>
          <ns3:TrackPointExtension>
            <ns3:hr>72</ns3:hr>
          </ns3:TrackPointExtension>
        </extensions>
      </trkpt>
      <trkpt lat="30.59423767961561679840087890625" lon="114.39310991205275058746337890625">
        <ele>22.6000003814697265625</ele>
        <time>2026-10-04T08:50:32.000Z</time>
        <extensions>
          <ns3:TrackPointExtension>
            <ns3:hr>72</ns3:hr>
          </ns3:TrackPointExtension>
        </extensions>
      </trkpt>
      <trkpt lat="30.5943715386092662811279296875" lon="114.3932600319385528564453125">
        <ele>22</ele>
        <time>2026-10-04T08:50:38.000Z</time>
        <extensions>
          <ns3:TrackPointExtension>
            <ns3:hr>69</ns3:hr>
          </ns3:TrackPointExtension>
        </extensions>
      </trkpt>
      <trkpt lat="30.594409592449665069580078125" lon="114.39329699613153934478759765625">
        <ele>22</ele>
        <time>2026-10-04T08:50:40.000Z</time>
        <extensions>
          <ns3:TrackPointExtension>
            <ns3:hr>68</ns3:hr>
          </ns3:TrackPointExtension>
        </extensions>
      </trkpt>
      <trkpt lat="30.59453808702528476715087890625" lon="114.393438734114170074462890625">
        <ele>22.3999996185302734375</ele>
        <time>2026-10-04T08:50:49.000Z</time>
        <extensions>
          <ns3:TrackPointExtension>
            <ns3:hr>66</ns3:hr>
          </ns3:TrackPointExtension>
        </extensions>
      </trkpt>
      <trkpt lat="30.5946065671741962432861328125" lon="114.39353353343904018402099609375">
        <ele>22.200000762939453125</ele>
        <time>2026-10-04T08:50:56.000Z</time>
        <extensions>
          <ns3:TrackPointExtension>
            <ns3:hr>65</ns3:hr>
          </ns3:TrackPointExtension>
        </extensions>
      </trkpt>
      <trkpt lat="30.59467806480824947357177734375" lon="114.3936087191104888916015625">
        <ele>22.200000762939453125</ele>
        <time>2026-10-04T08:51:02.000Z</time>
        <extensions>
          <ns3:TrackPointExtension>
            <ns3:hr>66</ns3:hr>
          </ns3:TrackPointExtension>
        </extensions>
      </trkpt>
      <trkpt lat="30.59469449333846569061279296875" lon="114.39363420009613037109375">
        <ele>22.200000762939453125</ele>
        <time>2026-10-04T08:51:04.000Z</time>
        <extensions>
          <ns3:TrackPointExtension>
            <ns3:hr>67</ns3:hr>
          </ns3:TrackPointExtension>
        </extensions>
      </trkpt>
      <trkpt lat="30.59470404870808124542236328125" lon="114.393657334148883819580078125">
        <ele>22.3999996185302734375</ele>
        <time>2026-10-04T08:51:07.000Z</time>
        <extensions>
          <ns3:TrackPointExtension>
            <ns3:hr>68</ns3:hr>
          </ns3:TrackPointExtension>
        </extensions>
      </trkpt>
      <trkpt lat="30.59474076144397258758544921875" lon="114.3936682306230068206787109375">
        <ele>22.3999996185302734375</ele>
        <time>2026-10-04T08:51:13.000Z</time>
        <extensions>
          <ns3:TrackPointExtension>
            <ns3:hr>68</ns3:hr>
          </ns3:TrackPointExtension>
        </extensions>
      </trkpt>
      <trkpt lat="30.5947943218052387237548828125" lon="114.3937473557889461517333984375">
        <ele>22.3999996185302734375</ele>
        <time>2026-10-04T08:51:19.000Z</time>
        <extensions>
          <ns3:TrackPointExtension>
            <ns3:hr>67</ns3:hr>
          </ns3:TrackPointExtension>
        </extensions>
      </trkpt>
      <trkpt lat="30.5948410928249359130859375" lon="114.39382153563201427459716796875">
        <ele>22.3999996185302734375</ele>
        <time>2026-10-04T08:51:24.000Z</time>
        <extensions>
          <ns3:TrackPointExtension>
            <ns3:hr>70</ns3:hr>
          </ns3:TrackPointExtension>
        </extensions>
      </trkpt>
      <trkpt lat="30.59488425962626934051513671875" lon="114.39386512152850627899169921875">
        <ele>22.3999996185302734375</ele>
        <time>2026-10-04T08:51:28.000Z</time>
        <extensions>
          <ns3:TrackPointExtension>
            <ns3:hr>71</ns3:hr>
          </ns3:TrackPointExtension>
        </extensions>
      </trkpt>
      <trkpt lat="30.59489834122359752655029296875" lon="114.393872581422328948974609375">
        <ele>22.3999996185302734375</ele>
        <time>2026-10-04T08:51:29.000Z</time>
        <extensions>
          <ns3:TrackPointExtension>
            <ns3:hr>71</ns3:hr>
          </ns3:TrackPointExtension>
        </extensions>
      </trkpt>
      <trkpt lat="30.59495575726032257080078125" lon="114.39388758502900600433349609375">
        <ele>22.200000762939453125</ele>
        <time>2026-10-04T08:51:35.000Z</time>
        <extensions>
          <ns3:TrackPointExtension>
            <ns3:hr>72</ns3:hr>
          </ns3:TrackPointExtension>
        </extensions>
      </trkpt>
      <trkpt lat="30.59497193433344364166259765625" lon="114.39388087950646877288818359375">
        <ele>22.200000762939453125</ele>
        <time>2026-10-04T08:51:37.000Z</time>
        <extensions>
          <ns3:TrackPointExtension>
            <ns3:hr>73</ns3:hr>
          </ns3:TrackPointExtension>
        </extensions>
      </trkpt>
      <trkpt lat="30.594988949596881866455078125" lon="114.39386629499495029449462890625">
        <ele>22.3999996185302734375</ele>
        <time>2026-10-04T08:51:40.000Z</time>
        <extensions>
          <ns3:TrackPointExtension>
            <ns3:hr>74</ns3:hr>
          </ns3:TrackPointExtension>
        </extensions>
      </trkpt>
      <trkpt lat="30.5950316973030567169189453125" lon="114.39382069744169712066650390625">
        <ele>22.200000762939453125</ele>
        <time>2026-10-04T08:51:46.000Z</time>
        <extensions>
          <ns3:TrackPointExtension>
            <ns3:hr>80</ns3:hr>
          </ns3:TrackPointExtension>
        </extensions>
      </trkpt>
      <trkpt lat="30.5950407497584819793701171875" lon="114.39381600357592105865478515625">
        <ele>22.200000762939453125</ele>
        <time>2026-10-04T08:51:47.000Z</time>
        <extensions>
          <ns3:TrackPointExtension>
            <ns3:hr>81</ns3:hr>
          </ns3:TrackPointExtension>
        </extensions>
      </trkpt>
      <trkpt lat="30.59506279416382312774658203125" lon="114.393814913928508758544921875">
        <ele>22.200000762939453125</ele>
        <time>2026-10-04T08:51:49.000Z</time>
        <extensions>
          <ns3:TrackPointExtension>
            <ns3:hr>82</ns3:hr>
          </ns3:TrackPointExtension>
        </extensions>
      </trkpt>
      <trkpt lat="30.5950803123414516448974609375" lon="114.39383075572550296783447265625">
        <ele>22.6000003814697265625</ele>
        <time>2026-10-04T08:51:56.000Z</time>
        <extensions>
          <ns3:TrackPointExtension>
            <ns3:hr>82</ns3:hr>
          </ns3:TrackPointExtension>
        </extensions>
      </trkpt>
      <trkpt lat="30.5950803123414516448974609375" lon="114.39383075572550296783447265625">
        <ele>22.200000762939453125</ele>
        <time>2026-10-04T08:52:08.000Z</time>
        <extensions>
          <ns3:TrackPointExtension>
            <ns3:hr>79</ns3:hr>
          </ns3:TrackPointExtension>
        </extensions>
      </trkpt>
      <trkpt lat="30.5950803123414516448974609375" lon="114.39383075572550296783447265625">
        <ele>22.3999996185302734375</ele>
        <time>2026-10-04T08:52:10.000Z</time>
        <extensions>
          <ns3:TrackPointExtension>
            <ns3:hr>75</ns3:hr>
          </ns3:TrackPointExtension>
        </extensions>
      </trkpt>
      <trkpt lat="30.5950803123414516448974609375" lon="114.39383075572550296783447265625">
        <ele>22.3999996185302734375</ele>
        <time>2026-10-04T08:52:21.000Z</time>
        <extensions>
          <ns3:TrackPointExtension>
            <ns3:hr>72</ns3:hr>
          </ns3:TrackPointExtension>
        </extensions>
      </trkpt>
      <trkpt lat="30.5950803123414516448974609375" lon="114.39383075572550296783447265625">
        <ele>22.3999996185302734375</ele>
        <time>2026-10-04T08:52:31.000Z</time>
        <extensions>
          <ns3:TrackPointExtension>
            <ns3:hr>69</ns3:hr>
          </ns3:TrackPointExtension>
        </extensions>
      </trkpt>
      <trkpt lat="30.5950803123414516448974609375" lon="114.39383075572550296783447265625">
        <ele>22.3999996185302734375</ele>
        <time>2026-10-04T08:52:35.000Z</time>
        <extensions>
          <ns3:TrackPointExtension>
            <ns3:hr>67</ns3:hr>
          </ns3:TrackPointExtension>
        </extensions>
      </trkpt>
      <trkpt lat="30.5950803123414516448974609375" lon="114.39383075572550296783447265625">
        <ele>22.3999996185302734375</ele>
        <time>2026-10-04T08:52:46.000Z</time>
        <extensions>
          <ns3:TrackPointExtension>
            <ns3:hr>68</ns3:hr>
          </ns3:TrackPointExtension>
        </extensions>
      </trkpt>
      <trkpt lat="30.5950803123414516448974609375" lon="114.39383075572550296783447265625">
        <ele>22.3999996185302734375</ele>
        <time>2026-10-04T08:52:48.000Z</time>
        <extensions>
          <ns3:TrackPointExtension>
            <ns3:hr>71</ns3:hr>
          </ns3:TrackPointExtension>
        </extensions>
      </trkpt>
      <trkpt lat="30.5950803123414516448974609375" lon="114.39383075572550296783447265625">
        <ele>22.3999996185302734375</ele>
        <time>2026-10-04T08:52:54.000Z</time>
        <extensions>
          <ns3:TrackPointExtension>
            <ns3:hr>72</ns3:hr>
          </ns3:TrackPointExtension>
        </extensions>
      </trkpt>
      <trkpt lat="30.5950803123414516448974609375" lon="114.39383075572550296783447265625">
        <ele>22.3999996185302734375</ele>
        <time>2026-10-04T08:53:02.000Z</time>
        <extensions>
          <ns3:TrackPointExtension>
            <ns3:hr>75</ns3:hr>
          </ns3:TrackPointExtension>
        </extensions>
      </trkpt>
      <trkpt lat="30.5950803123414516448974609375" lon="114.39383075572550296783447265625">
        <ele>22.3999996185302734375</ele>
        <time>2026-10-04T08:53:03.000Z</time>
        <extensions>
          <ns3:TrackPointExtension>
            <ns3:hr>77</ns3:hr>
          </ns3:TrackPointExtension>
        </extensions>
      </trkpt>
      <trkpt lat="30.5950803123414516448974609375" lon="114.39383075572550296783447265625">
        <ele>22.3999996185302734375</ele>
        <time>2026-10-04T08:53:12.000Z</time>
        <extensions>
          <ns3:TrackPointExtension>
            <ns3:hr>77</ns3:hr>
          </ns3:TrackPointExtension>
        </extensions>
      </trkpt>
      <trkpt lat="30.5950803123414516448974609375" lon="114.39383075572550296783447265625">
        <ele>22.3999996185302734375</ele>
        <time>2026-10-04T08:53:19.000Z</time>
        <extensions>
          <ns3:TrackPointExtension>
            <ns3:hr>75</ns3:hr>
          </ns3:TrackPointExtension>
        </extensions>
      </trkpt>
      <trkpt lat="30.595082826912403106689453125" lon="114.3938298337161540985107421875">
        <ele>22.3999996185302734375</ele>
        <time>2026-10-04T08:53:23.000Z</time>
        <extensions>
          <ns3:TrackPointExtension>
            <ns3:hr>72</ns3:hr>
          </ns3:TrackPointExtension>
        </extensions>
      </trkpt>
      <trkpt lat="30.5950803123414516448974609375" lon="114.39383075572550296783447265625">
        <ele>22.3999996185302734375</ele>
        <time>2026-10-04T08:53:26.000Z</time>
        <extensions>
          <ns3:TrackPointExtension>
            <ns3:hr>73</ns3:hr>
          </ns3:TrackPointExtension>
        </extensions>
      </trkpt>
      <trkpt lat="30.5950803123414516448974609375" lon="114.39383075572550296783447265625">
        <ele>22.3999996185302734375</ele>
        <time>2026-10-04T08:53:34.000Z</time>
        <extensions>
          <ns3:TrackPointExtension>
            <ns3:hr>73</ns3:hr>
          </ns3:TrackPointExtension>
        </extensions>
      </trkpt>
      <trkpt lat="30.5950803123414516448974609375" lon="114.39383075572550296783447265625">
        <ele>22.3999996185302734375</ele>
        <time>2026-10-04T08:53:43.000Z</time>
        <extensions>
          <ns3:TrackPointExtension>
            <ns3:hr>70</ns3:hr>
          </ns3:TrackPointExtension>
        </extensions>
      </trkpt>
      <trkpt lat="30.5950803123414516448974609375" lon="114.39383075572550296783447265625">
        <ele>22.3999996185302734375</ele>
        <time>2026-10-04T08:53:44.000Z</time>
        <extensions>
          <ns3:TrackPointExtension>
            <ns3:hr>67</ns3:hr>
          </ns3:TrackPointExtension>
        </extensions>
      </trkpt>
      <trkpt lat="30.5950803123414516448974609375" lon="114.39383075572550296783447265625">
        <ele>22.3999996185302734375</ele>
        <time>2026-10-04T08:53:46.000Z</time>
        <extensions>
          <ns3:TrackPointExtension>
            <ns3:hr>66</ns3:hr>
          </ns3:TrackPointExtension>
        </extensions>
      </trkpt>
      <trkpt lat="30.5950833298265933990478515625" lon="114.39382120035588741302490234375">
        <ele>22.3999996185302734375</ele>
        <time>2026-10-04T08:53:58.000Z</time>
        <extensions>
          <ns3:TrackPointExtension>
            <ns3:hr>67</ns3:hr>
          </ns3:TrackPointExtension>
        </extensions>
      </trkpt>
      <trkpt lat="30.5950474552810192108154296875" lon="114.3938633613288402557373046875">
        <ele>22.3999996185302734375</ele>
        <time>2026-10-04T08:54:05.000Z</time>
        <extensions>
          <ns3:TrackPointExtension>
            <ns3:hr>69</ns3:hr>
          </ns3:TrackPointExtension>
        </extensions>
      </trkpt>
      <trkpt lat="30.59500311501324176788330078125" lon="114.39390216954052448272705078125">
        <ele>22.3999996185302734375</ele>
        <time>2026-10-04T08:54:12.000Z</time>
        <extensions>
          <ns3:TrackPointExtension>
            <ns3:hr>70</ns3:hr>
          </ns3:TrackPointExtension>
        </extensions>
      </trkpt>
      <trkpt lat="30.5949941463768482208251953125" lon="114.39390988089144229888916015625">
        <ele>22.3999996185302734375</ele>
        <time>2026-10-04T08:54:20.000Z</time>
        <extensions>
          <ns3:TrackPointExtension>
            <ns3:hr>72</ns3:hr>
          </ns3:TrackPointExtension>
        </extensions>
      </trkpt>
      <trkpt lat="30.59497746638953685760498046875" lon="114.3939287401735782623291015625">
        <ele>22.3999996185302734375</ele>
        <time>2026-10-04T08:54:22.000Z</time>
        <extensions>
          <ns3:TrackPointExtension>
            <ns3:hr>75</ns3:hr>
          </ns3:TrackPointExtension>
        </extensions>
      </trkpt>
      <trkpt lat="30.594971515238285064697265625" lon="114.39395413734018802642822265625">
        <ele>22.3999996185302734375</ele>
        <time>2026-10-04T08:54:26.000Z</time>
        <extensions>
          <ns3:TrackPointExtension>
            <ns3:hr>75</ns3:hr>
          </ns3:TrackPointExtension>
        </extensions>
      </trkpt>
      <trkpt lat="30.5950229801237583160400390625" lon="114.39402823336422443389892578125">
        <ele>22.6000003814697265625</ele>
        <time>2026-10-04T08:54:31.000Z</time>
        <extensions>
          <ns3:TrackPointExtension>
            <ns3:hr>74</ns3:hr>
          </ns3:TrackPointExtension>
        </extensions>
      </trkpt>
      <trkpt lat="30.59514862485229969024658203125" lon="114.39417743124067783355712890625">
        <ele>22.6000003814697265625</ele>
        <time>2026-10-04T08:54:38.000Z</time>
        <extensions>
          <ns3:TrackPointExtension>
            <ns3:hr>75</ns3:hr>
          </ns3:TrackPointExtension>
        </extensions>
      </trkpt>
      <trkpt lat="30.5952110700309276580810546875" lon="114.39424817450344562530517578125">
        <ele>22.3999996185302734375</ele>
        <time>2026-10-04T08:54:41.000Z</time>
        <extensions>
          <ns3:TrackPointExtension>
            <ns3:hr>78</ns3:hr>
          </ns3:TrackPointExtension>
        </extensions>
      </trkpt>
      <trkpt lat="30.5952425859868526458740234375" lon="114.3942998908460140228271484375">
        <ele>22.200000762939453125</ele>
        <time>2026-10-04T08:54:43.000Z</time>
        <extensions>
          <ns3:TrackPointExtension>
            <ns3:hr>80</ns3:hr>
          </ns3:TrackPointExtension>
        </extensions>
      </trkpt>
      <trkpt lat="30.595383234322071075439453125" lon="114.39442570321261882781982421875">
        <ele>22.200000762939453125</ele>
        <time>2026-10-04T08:54:51.000Z</time>
        <extensions>
          <ns3:TrackPointExtension>
            <ns3:hr>79</ns3:hr>
          </ns3:TrackPointExtension>
        </extensions>
      </trkpt>
      <trkpt lat="30.59547149576246738433837890625" lon="114.39454874955117702484130859375">
        <ele>22.3999996185302734375</ele>
        <time>2026-10-04T08:54:57.000Z</time>
        <extensions>
          <ns3:TrackPointExtension>
            <ns3:hr>79</ns3:hr>
          </ns3:TrackPointExtension>
        </extensions>
      </trkpt>
      <trkpt lat="30.59559420682489871978759765625" lon="114.3946874700486660003662109375">
        <ele>22.3999996185302734375</ele>
        <time>2026-10-04T08:55:05.000Z</time>
        <extensions>
          <ns3:TrackPointExtension>
            <ns3:hr>78</ns3:hr>
          </ns3:TrackPointExtension>
        </extensions>
      </trkpt>
      <trkpt lat="30.5956237949430942535400390625" lon="114.394724853336811065673828125">
        <ele>22.200000762939453125</ele>
        <time>2026-10-04T08:55:07.000Z</time>
        <extensions>
          <ns3:TrackPointExtension>
            <ns3:hr>69</ns3:hr>
          </ns3:TrackPointExtension>
        </extensions>
      </trkpt>
      <trkpt lat="30.59565891511738300323486328125" lon="114.394763074815273284912109375">
        <ele>22.3999996185302734375</ele>
        <time>2026-10-04T08:55:09.000Z</time>
        <extensions>
          <ns3:TrackPointExtension>
            <ns3:hr>66</ns3:hr>
          </ns3:TrackPointExtension>
        </extensions>
      </trkpt>
      <trkpt lat="30.59572563506662845611572265625" lon="114.394841529428958892822265625">
        <ele>22.3999996185302734375</ele>
        <time>2026-10-04T08:55:13.000Z</time>
        <extensions>
          <ns3:TrackPointExtension>
            <ns3:hr>67</ns3:hr>
          </ns3:TrackPointExtension>
        </extensions>
      </trkpt>
      <trkpt lat="30.59578279964625835418701171875" lon="114.39491738565266132354736328125">
        <ele>22.799999237060546875</ele>
        <time>2026-10-04T08:55:17.000Z</time>
        <extensions>
          <ns3:TrackPointExtension>
            <ns3:hr>70</ns3:hr>
          </ns3:TrackPointExtension>
        </extensions>
      </trkpt>
      <trkpt lat="30.59581817127764225006103515625" lon="114.394957534968852996826171875">
        <ele>22.799999237060546875</ele>
        <time>2026-10-04T08:55:19.000Z</time>
        <extensions>
          <ns3:TrackPointExtension>
            <ns3:hr>71</ns3:hr>
          </ns3:TrackPointExtension>
        </extensions>
      </trkpt>
      <trkpt lat="30.5959139764308929443359375" lon="114.39507186412811279296875">
        <ele>23</ele>
        <time>2026-10-04T08:55:25.000Z</time>
        <extensions>
          <ns3:TrackPointExtension>
            <ns3:hr>72</ns3:hr>
          </ns3:TrackPointExtension>
        </extensions>
      </trkpt>
      <trkpt lat="30.5960036627948284149169921875" lon="114.39519281499087810516357421875">
        <ele>23.200000762939453125</ele>
        <time>2026-10-04T08:55:32.000Z</time>
        <extensions>
          <ns3:TrackPointExtension>
            <ns3:hr>72</ns3:hr>
          </ns3:TrackPointExtension>
        </extensions>
      </trkpt>
      <trkpt lat="30.59610240161418914794921875" lon="114.395306222140789031982421875">
        <ele>23.6000003814697265625</ele>
        <time>2026-10-04T08:55:39.000Z</time>
        <extensions>
          <ns3:TrackPointExtension>
            <ns3:hr>72</ns3:hr>
          </ns3:TrackPointExtension>
        </extensions>
      </trkpt>
      <trkpt lat="30.59615596197545528411865234375" lon="114.39544108696281909942626953125">
        <ele>23.6000003814697265625</ele>
        <time>2026-10-04T08:55:45.000Z</time>
        <extensions>
          <ns3:TrackPointExtension>
            <ns3:hr>74</ns3:hr>
          </ns3:TrackPointExtension>
        </extensions>
      </trkpt>
      <trkpt lat="30.5961605720221996307373046875" lon="114.3955839984118938446044921875">
        <ele>23.799999237060546875</ele>
        <time>2026-10-04T08:55:51.000Z</time>
        <extensions>
          <ns3:TrackPointExtension>
            <ns3:hr>75</ns3:hr>
          </ns3:TrackPointExtension>
        </extensions>
      </trkpt>
      <trkpt lat="30.59615629725158214569091796875" lon="114.395605288445949554443359375">
        <ele>23.799999237060546875</ele>
        <time>2026-10-04T08:55:52.000Z</time>
        <extensions>
          <ns3:TrackPointExtension>
            <ns3:hr>75</ns3:hr>
          </ns3:TrackPointExtension>
        </extensions>
      </trkpt>
      <trkpt lat="30.59612260200083255767822265625" lon="114.395734034478664398193359375">
        <ele>23.799999237060546875</ele>
        <time>2026-10-04T08:55:57.000Z</time>
        <extensions>
          <ns3:TrackPointExtension>
            <ns3:hr>76</ns3:hr>
          </ns3:TrackPointExtension>
        </extensions>
      </trkpt>
      <trkpt lat="30.596055127680301666259765625" lon="114.3958424963057041168212890625">
        <ele>23.3999996185302734375</ele>
        <time>2026-10-04T08:56:00.000Z</time>
        <extensions>
          <ns3:TrackPointExtension>
            <ns3:hr>80</ns3:hr>
          </ns3:TrackPointExtension>
        </extensions>
      </trkpt>
      <trkpt lat="30.59600986540317535400390625" lon="114.395927153527736663818359375">
        <ele>23.200000762939453125</ele>
        <time>2026-10-04T08:56:02.000Z</time>
        <extensions>
          <ns3:TrackPointExtension>
            <ns3:hr>83</ns3:hr>
          </ns3:TrackPointExtension>
        </extensions>
      </trkpt>
      <trkpt lat="30.59596384875476360321044921875" lon="114.39600870944559574127197265625">
        <ele>23.200000762939453125</ele>
        <time>2026-10-04T08:56:04.000Z</time>
        <extensions>
          <ns3:TrackPointExtension>
            <ns3:hr>86</ns3:hr>
          </ns3:TrackPointExtension>
        </extensions>
      </trkpt>
      <trkpt lat="30.59581515379250049591064453125" lon="114.39630643464624881744384765625">
        <ele>23.3999996185302734375</ele>
        <time>2026-10-04T08:56:11.000Z</time>
        <extensions>
          <ns3:TrackPointExtension>
            <ns3:hr>88</ns3:hr>
          </ns3:TrackPointExtension>
        </extensions>
      </trkpt>
      <trkpt lat="30.5956730805337429046630859375" lon="114.39656141214072704315185546875">
        <ele>23.3999996185302734375</ele>
        <time>2026-10-04T08:56:18.000Z</time>
        <extensions>
          <ns3:TrackPointExtension>
            <ns3:hr>87</ns3:hr>
          </ns3:TrackPointExtension>
        </extensions>
      </trkpt>
      <trkpt lat="30.5955034308135509490966796875" lon="114.39686718396842479705810546875">
        <ele>23.3999996185302734375</ele>
        <time>2026-10-04T08:56:27.000Z</time>
        <extensions>
          <ns3:TrackPointExtension>
            <ns3:hr>86</ns3:hr>
          </ns3:TrackPointExtension>
        </extensions>
      </trkpt>
      <trkpt lat="30.59543679468333721160888671875" lon="114.39699827693402767181396484375">
        <ele>23.3999996185302734375</ele>
        <time>2026-10-04T08:56:31.000Z</time>
        <extensions>
          <ns3:TrackPointExtension>
            <ns3:hr>83</ns3:hr>
          </ns3:TrackPointExtension>
        </extensions>
      </trkpt>
      <trkpt lat="30.5953998304903507232666015625" lon="114.3970639072358608245849609375">
        <ele>23.3999996185302734375</ele>
        <time>2026-10-04T08:56:33.000Z</time>
        <extensions>
          <ns3:TrackPointExtension>
            <ns3:hr>80</ns3:hr>
          </ns3:TrackPointExtension>
        </extensions>
      </trkpt>
      <trkpt lat="30.595382563769817352294921875" lon="114.39709701575338840484619140625">
        <ele>23.3999996185302734375</ele>
        <time>2026-10-04T08:56:34.000Z</time>
        <extensions>
          <ns3:TrackPointExtension>
            <ns3:hr>80</ns3:hr>
          </ns3:TrackPointExtension>
        </extensions>
      </trkpt>
      <trkpt lat="30.595234371721744537353515625" lon="114.39739155583083629608154296875">
        <ele>23.3999996185302734375</ele>
        <time>2026-10-04T08:56:43.000Z</time>
        <extensions>
          <ns3:TrackPointExtension>
            <ns3:hr>82</ns3:hr>
          </ns3:TrackPointExtension>
        </extensions>
      </trkpt>
      <trkpt lat="30.595114342868328094482421875" lon="114.39762826077640056610107421875">
        <ele>23.3999996185302734375</ele>
        <time>2026-10-04T08:56:50.000Z</time>
        <extensions>
          <ns3:TrackPointExtension>
            <ns3:hr>81</ns3:hr>
          </ns3:TrackPointExtension>
        </extensions>
      </trkpt>
      <trkpt lat="30.59500009752810001373291015625" lon="114.397849626839160919189453125">
        <ele>23.200000762939453125</ele>
        <time>2026-10-04T08:56:57.000Z</time>
        <extensions>
          <ns3:TrackPointExtension>
            <ns3:hr>86</ns3:hr>
          </ns3:TrackPointExtension>
        </extensions>
      </trkpt>
      <trkpt lat="30.5949837528169155120849609375" lon="114.3978792987763881683349609375">
        <ele>23.200000762939453125</ele>
        <time>2026-10-04T08:56:58.000Z</time>
        <extensions>
          <ns3:TrackPointExtension>
            <ns3:hr>87</ns3:hr>
          </ns3:TrackPointExtension>
        </extensions>
      </trkpt>
      <trkpt lat="30.59484084136784076690673828125" lon="114.3981592543423175811767578125">
        <ele>23.799999237060546875</ele>
        <time>2026-10-04T08:57:07.000Z</time>
        <extensions>
          <ns3:TrackPointExtension>
            <ns3:hr>87</ns3:hr>
          </ns3:TrackPointExtension>
        </extensions>
      </trkpt>
      <trkpt lat="30.59471796266734600067138671875" lon="114.398387409746646881103515625">
        <ele>23.3999996185302734375</ele>
        <time>2026-10-04T08:57:14.000Z</time>
        <extensions>
          <ns3:TrackPointExtension>
            <ns3:hr>87</ns3:hr>
          </ns3:TrackPointExtension>
        </extensions>
      </trkpt>
      <trkpt lat="30.5945934914052486419677734375" lon="114.39862243831157684326171875">
        <ele>23.200000762939453125</ele>
        <time>2026-10-04T08:57:22.000Z</time>
        <extensions>
          <ns3:TrackPointExtension>
            <ns3:hr>85</ns3:hr>
          </ns3:TrackPointExtension>
        </extensions>
      </trkpt>
      <trkpt lat="30.59450606815516948699951171875" lon="114.39879518933594226837158203125">
        <ele>23.200000762939453125</ele>
        <time>2026-10-04T08:57:28.000Z</time>
        <extensions>
          <ns3:TrackPointExtension>
            <ns3:hr>86</ns3:hr>
          </ns3:TrackPointExtension>
        </extensions>
      </trkpt>
      <trkpt lat="30.5943745560944080352783203125" lon="114.3990517593920230865478515625">
        <ele>23</ele>
        <time>2026-10-04T08:57:37.000Z</time>
        <extensions>
          <ns3:TrackPointExtension>
            <ns3:hr>87</ns3:hr>
          </ns3:TrackPointExtension>
        </extensions>
      </trkpt>
      <trkpt lat="30.59431361965835094451904296875" lon="114.39917136915028095245361328125">
        <ele>23.200000762939453125</ele>
        <time>2026-10-04T08:57:42.000Z</time>
        <extensions>
          <ns3:TrackPointExtension>
            <ns3:hr>84</ns3:hr>
          </ns3:TrackPointExtension>
        </extensions>
      </trkpt>
      <trkpt lat="30.59428294189274311065673828125" lon="114.39923205412924289703369140625">
        <ele>23</ele>
        <time>2026-10-04T08:57:45.000Z</time>
        <extensions>
          <ns3:TrackPointExtension>
            <ns3:hr>82</ns3:hr>
          </ns3:TrackPointExtension>
        </extensions>
      </trkpt>
      <trkpt lat="30.59424891136586666107177734375" lon="114.39927413128316402435302734375">
        <ele>23.200000762939453125</ele>
        <time>2026-10-04T08:57:51.000Z</time>
        <extensions>
          <ns3:TrackPointExtension>
            <ns3:hr>82</ns3:hr>
          </ns3:TrackPointExtension>
        </extensions>
      </trkpt>
      <trkpt lat="30.59424891136586666107177734375" lon="114.39927413128316402435302734375">
        <ele>23</ele>
        <time>2026-10-04T08:57:54.000Z</time>
        <extensions>
          <ns3:TrackPointExtension>
            <ns3:hr>79</ns3:hr>
          </ns3:TrackPointExtension>
        </extensions>
      </trkpt>
      <trkpt lat="30.59424891136586666107177734375" lon="114.39927413128316402435302734375">
        <ele>22.799999237060546875</ele>
        <time>2026-10-04T08:57:56.000Z</time>
        <extensions>
          <ns3:TrackPointExtension>
            <ns3:hr>77</ns3:hr>
          </ns3:TrackPointExtension>
        </extensions>
      </trkpt>
      <trkpt lat="30.59424891136586666107177734375" lon="114.39927413128316402435302734375">
        <ele>22.6000003814697265625</ele>
        <time>2026-10-04T08:58:03.000Z</time>
        <extensions>
          <ns3:TrackPointExtension>
            <ns3:hr>73</ns3:hr>
          </ns3:TrackPointExtension>
        </extensions>
      </trkpt>
      <trkpt lat="30.59424891136586666107177734375" lon="114.39927413128316402435302734375">
        <ele>22.6000003814697265625</ele>
        <time>2026-10-04T08:58:09.000Z</time>
        <extensions>
          <ns3:TrackPointExtension>
            <ns3:hr>70</ns3:hr>
          </ns3:TrackPointExtension>
        </extensions>
      </trkpt>
      <trkpt lat="30.59424891136586666107177734375" lon="114.39927413128316402435302734375">
        <ele>22.6000003814697265625</ele>
        <time>2026-10-04T08:58:19.000Z</time>
        <extensions>
          <ns3:TrackPointExtension>
            <ns3:hr>68</ns3:hr>
          </ns3:TrackPointExtension>
        </extensions>
      </trkpt>
      <trkpt lat="30.59424891136586666107177734375" lon="114.39927413128316402435302734375">
        <ele>22.6000003814697265625</ele>
        <time>2026-10-04T08:58:21.000Z</time>
        <extensions>
          <ns3:TrackPointExtension>
            <ns3:hr>65</ns3:hr>
          </ns3:TrackPointExtension>
        </extensions>
      </trkpt>
      <trkpt lat="30.59425779618322849273681640625" lon="114.39928636886179447174072265625">
        <ele>22.799999237060546875</ele>
        <time>2026-10-04T08:58:27.000Z</time>
        <extensions>
          <ns3:TrackPointExtension>
            <ns3:hr>68</ns3:hr>
          </ns3:TrackPointExtension>
        </extensions>
      </trkpt>
      <trkpt lat="30.59426148422062397003173828125" lon="114.39931218512356281280517578125">
        <ele>22.799999237060546875</ele>
        <time>2026-10-04T08:58:28.000Z</time>
        <extensions>
          <ns3:TrackPointExtension>
            <ns3:hr>69</ns3:hr>
          </ns3:TrackPointExtension>
        </extensions>
      </trkpt>
      <trkpt lat="30.5942585505545139312744140625" lon="114.399331547319889068603515625">
        <ele>22.799999237060546875</ele>
        <time>2026-10-04T08:58:30.000Z</time>
        <extensions>
          <ns3:TrackPointExtension>
            <ns3:hr>73</ns3:hr>
          </ns3:TrackPointExtension>
        </extensions>
      </trkpt>
      <trkpt lat="30.5942551977932453155517578125" lon="114.39934152178466320037841796875">
        <ele>22.799999237060546875</ele>
        <time>2026-10-04T08:58:31.000Z</time>
        <extensions>
          <ns3:TrackPointExtension>
            <ns3:hr>80</ns3:hr>
          </ns3:TrackPointExtension>
        </extensions>
      </trkpt>
      <trkpt lat="30.59424631297588348388671875" lon="114.39935727976262569427490234375">
        <ele>23</ele>
        <time>2026-10-04T08:58:33.000Z</time>
        <extensions>
          <ns3:TrackPointExtension>
            <ns3:hr>85</ns3:hr>
          </ns3:TrackPointExtension>
        </extensions>
      </trkpt>
      <trkpt lat="30.59423399157822132110595703125" lon="114.39937152899801731109619140625">
        <ele>23</ele>
        <time>2026-10-04T08:58:35.000Z</time>
        <extensions>
          <ns3:TrackPointExtension>
            <ns3:hr>87</ns3:hr>
          </ns3:TrackPointExtension>
        </extensions>
      </trkpt>
      <trkpt lat="30.5941941775381565093994140625" lon="114.39944679848849773406982421875">
        <ele>22.6000003814697265625</ele>
        <time>2026-10-04T08:58:42.000Z</time>
        <extensions>
          <ns3:TrackPointExtension>
            <ns3:hr>87</ns3:hr>
          </ns3:TrackPointExtension>
        </extensions>
      </trkpt>
      <trkpt lat="30.59415989555418491363525390625" lon="114.399524666368961334228515625">
        <ele>22.799999237060546875</ele>
        <time>2026-10-04T08:58:49.000Z</time>
        <extensions>
          <ns3:TrackPointExtension>
            <ns3:hr>85</ns3:hr>
          </ns3:TrackPointExtension>
        </extensions>
      </trkpt>
      <trkpt lat="30.59411848895251750946044921875" lon="114.39956724643707275390625">
        <ele>22.6000003814697265625</ele>
        <time>2026-10-04T08:58:54.000Z</time>
        <extensions>
          <ns3:TrackPointExtension>
            <ns3:hr>82</ns3:hr>
          </ns3:TrackPointExtension>
        </extensions>
      </trkpt>
      <trkpt lat="30.5941168963909149169921875" lon="114.399581663310527801513671875">
        <ele>22.6000003814697265625</ele>
        <time>2026-10-04T08:58:55.000Z</time>
        <extensions>
          <ns3:TrackPointExtension>
            <ns3:hr>81</ns3:hr>
          </ns3:TrackPointExtension>
        </extensions>
      </trkpt>
      <trkpt lat="30.59410708956420421600341796875" lon="114.3996150232851505279541015625">
        <ele>22.6000003814697265625</ele>
        <time>2026-10-04T08:58:57.000Z</time>
        <extensions>
          <ns3:TrackPointExtension>
            <ns3:hr>79</ns3:hr>
          </ns3:TrackPointExtension>
        </extensions>
      </trkpt>
      <trkpt lat="30.594070963561534881591796875" lon="114.39965936355292797088623046875">
        <ele>22.6000003814697265625</ele>
        <time>2026-10-04T08:59:00.000Z</time>
        <extensions>
          <ns3:TrackPointExtension>
            <ns3:hr>77</ns3:hr>
          </ns3:TrackPointExtension>
        </extensions>
      </trkpt>
      <trkpt lat="30.5940137989819049835205078125" lon="114.39977855421602725982666015625">
        <ele>22.799999237060546875</ele>
        <time>2026-10-04T08:59:07.000Z</time>
        <extensions>
          <ns3:TrackPointExtension>
            <ns3:hr>74</ns3:hr>
          </ns3:TrackPointExtension>
        </extensions>
      </trkpt>
      <trkpt lat="30.5940017290413379669189453125" lon="114.3998312763869762420654296875">
        <ele>22.799999237060546875</ele>
        <time>2026-10-04T08:59:10.000Z</time>
        <extensions>
          <ns3:TrackPointExtension>
            <ns3:hr>71</ns3:hr>
          </ns3:TrackPointExtension>
        </extensions>
      </trkpt>
      <trkpt lat="30.593976080417633056640625" lon="114.3999020196497440338134765625">
        <ele>22.6000003814697265625</ele>
        <time>2026-10-04T08:59:13.000Z</time>
        <extensions>
          <ns3:TrackPointExtension>
            <ns3:hr>71</ns3:hr>
          </ns3:TrackPointExtension>
        </extensions>
      </trkpt>
      <trkpt lat="30.59388044290244579315185546875" lon="114.4000927917659282684326171875">
        <ele>22.200000762939453125</ele>
        <time>2026-10-04T08:59:19.000Z</time>
        <extensions>
          <ns3:TrackPointExtension>
            <ns3:hr>70</ns3:hr>
          </ns3:TrackPointExtension>
        </extensions>
      </trkpt>
      <trkpt lat="30.59378857724368572235107421875" lon="114.40028230659663677215576171875">
        <ele>21.799999237060546875</ele>
        <time>2026-10-04T08:59:24.000Z</time>
        <extensions>
          <ns3:TrackPointExtension>
            <ns3:hr>73</ns3:hr>
          </ns3:TrackPointExtension>
        </extensions>
      </trkpt>
      <trkpt lat="30.59376887977123260498046875" lon="114.40031566657125949859619140625">
        <ele>21.799999237060546875</ele>
        <time>2026-10-04T08:59:25.000Z</time>
        <extensions>
          <ns3:TrackPointExtension>
            <ns3:hr>73</ns3:hr>
          </ns3:TrackPointExtension>
        </extensions>
      </trkpt>
      <trkpt lat="30.593691430985927581787109375" lon="114.40046335570514202117919921875">
        <ele>21.3999996185302734375</ele>
        <time>2026-10-04T08:59:29.000Z</time>
        <extensions>
          <ns3:TrackPointExtension>
            <ns3:hr>73</ns3:hr>
          </ns3:TrackPointExtension>
        </extensions>
      </trkpt>
      <trkpt lat="30.59355254285037517547607421875" lon="114.40072906203567981719970703125">
        <ele>21.3999996185302734375</ele>
        <time>2026-10-04T08:59:37.000Z</time>
        <extensions>
          <ns3:TrackPointExtension>
            <ns3:hr>73</ns3:hr>
          </ns3:TrackPointExtension>
        </extensions>
      </trkpt>
      <trkpt lat="30.5934797041118144989013671875" lon="114.4009418785572052001953125">
        <ele>21.3999996185302734375</ele>
        <time>2026-10-04T08:59:44.000Z</time>
        <extensions>
          <ns3:TrackPointExtension>
            <ns3:hr>73</ns3:hr>
          </ns3:TrackPointExtension>
        </extensions>
      </trkpt>
      <trkpt lat="30.59344458393752574920654296875" lon="114.40111110918223857879638671875">
        <ele>21.6000003814697265625</ele>
        <time>2026-10-04T08:59:49.000Z</time>
        <extensions>
          <ns3:TrackPointExtension>
            <ns3:hr>76</ns3:hr>
          </ns3:TrackPointExtension>
        </extensions>
      </trkpt>
      <trkpt lat="30.59342949651181697845458984375" lon="114.4012109376490116119384765625">
        <ele>21.799999237060546875</ele>
        <time>2026-10-04T08:59:52.000Z</time>
        <extensions>
          <ns3:TrackPointExtension>
            <ns3:hr>79</ns3:hr>
          </ns3:TrackPointExtension>
        </extensions>
      </trkpt>
      <trkpt lat="30.59337283484637737274169921875" lon="114.40147857181727886199951171875">
        <ele>21.799999237060546875</ele>
        <time>2026-10-04T09:00:00.000Z</time>
        <extensions>
          <ns3:TrackPointExtension>
            <ns3:hr>80</ns3:hr>
          </ns3:TrackPointExtension>
        </extensions>
      </trkpt>
      <trkpt lat="30.593318939208984375" lon="114.40181300975382328033447265625">
        <ele>21.6000003814697265625</ele>
        <time>2026-10-04T09:00:10.000Z</time>
        <extensions>
          <ns3:TrackPointExtension>
            <ns3:hr>80</ns3:hr>
          </ns3:TrackPointExtension>
        </extensions>
      </trkpt>
      <trkpt lat="30.59326822869479656219482421875" lon="114.40209724009037017822265625">
        <ele>21.3999996185302734375</ele>
        <time>2026-10-04T09:00:18.000Z</time>
        <extensions>
          <ns3:TrackPointExtension>
            <ns3:hr>79</ns3:hr>
          </ns3:TrackPointExtension>
        </extensions>
      </trkpt>
      <trkpt lat="30.593221373856067657470703125" lon="114.40240058116614818572998046875">
        <ele>21.3999996185302734375</ele>
        <time>2026-10-04T09:00:27.000Z</time>
        <extensions>
          <ns3:TrackPointExtension>
            <ns3:hr>77</ns3:hr>
          </ns3:TrackPointExtension>
        </extensions>
      </trkpt>
      <trkpt lat="30.593179799616336822509765625" lon="114.4026261381804943084716796875">
        <ele>21.3999996185302734375</ele>
        <time>2026-10-04T09:00:34.000Z</time>
        <extensions>
          <ns3:TrackPointExtension>
            <ns3:hr>78</ns3:hr>
          </ns3:TrackPointExtension>
        </extensions>
      </trkpt>
      <trkpt lat="30.593113414943218231201171875" lon="114.40289813093841075897216796875">
        <ele>21.200000762939453125</ele>
        <time>2026-10-04T09:00:43.000Z</time>
        <extensions>
          <ns3:TrackPointExtension>
            <ns3:hr>79</ns3:hr>
          </ns3:TrackPointExtension>
        </extensions>
      </trkpt>
      <trkpt lat="30.59300721623003482818603515625" lon="114.403138272464275360107421875">
        <ele>21</ele>
        <time>2026-10-04T09:00:51.000Z</time>
        <extensions>
          <ns3:TrackPointExtension>
            <ns3:hr>81</ns3:hr>
          </ns3:TrackPointExtension>
        </extensions>
      </trkpt>
      <trkpt lat="30.59289573691785335540771484375" lon="114.4033439643681049346923828125">
        <ele>21.200000762939453125</ele>
        <time>2026-10-04T09:00:59.000Z</time>
        <extensions>
          <ns3:TrackPointExtension>
            <ns3:hr>81</ns3:hr>
          </ns3:TrackPointExtension>
        </extensions>
      </trkpt>
      <trkpt lat="30.5928322859108448028564453125" lon="114.40344228409230709075927734375">
        <ele>21</ele>
        <time>2026-10-04T09:01:04.000Z</time>
        <extensions>
          <ns3:TrackPointExtension>
            <ns3:hr>78</ns3:hr>
          </ns3:TrackPointExtension>
        </extensions>
      </trkpt>
      <trkpt lat="30.59280269779264926910400390625" lon="114.403499029576778411865234375">
        <ele>21</ele>
        <time>2026-10-04T09:01:07.000Z</time>
        <extensions>
          <ns3:TrackPointExtension>
            <ns3:hr>75</ns3:hr>
          </ns3:TrackPointExtension>
        </extensions>
      </trkpt>
      <trkpt lat="30.59279297478497028350830078125" lon="114.40350749529898166656494140625">
        <ele>21.200000762939453125</ele>
        <time>2026-10-04T09:01:08.000Z</time>
        <extensions>
          <ns3:TrackPointExtension>
            <ns3:hr>74</ns3:hr>
          </ns3:TrackPointExtension>
        </extensions>
      </trkpt>
      <trkpt lat="30.59279062785208225250244140625" lon="114.40350447781383991241455078125">
        <ele>22</ele>
        <time>2026-10-04T09:01:13.000Z</time>
        <extensions>
          <ns3:TrackPointExtension>
            <ns3:hr>73</ns3:hr>
          </ns3:TrackPointExtension>
        </extensions>
      </trkpt>
      <trkpt lat="30.59277973137795925140380859375" lon="114.40349676646292209625244140625">
        <ele>22</ele>
        <time>2026-10-04T09:01:19.000Z</time>
        <extensions>
          <ns3:TrackPointExtension>
            <ns3:hr>75</ns3:hr>
          </ns3:TrackPointExtension>
        </extensions>
      </trkpt>
      <trkpt lat="30.59276439249515533447265625" lon="114.403490312397480010986328125">
        <ele>22</ele>
        <time>2026-10-04T09:01:25.000Z</time>
        <extensions>
          <ns3:TrackPointExtension>
            <ns3:hr>76</ns3:hr>
          </ns3:TrackPointExtension>
        </extensions>
      </trkpt>
      <trkpt lat="30.59276212938129901885986328125" lon="114.4034891389310359954833984375">
        <ele>22</ele>
        <time>2026-10-04T09:01:30.000Z</time>
        <extensions>
          <ns3:TrackPointExtension>
            <ns3:hr>77</ns3:hr>
          </ns3:TrackPointExtension>
        </extensions>
      </trkpt>
      <trkpt lat="30.59276129119098186492919921875" lon="114.4034834392368793487548828125">
        <ele>22</ele>
        <time>2026-10-04T09:01:35.000Z</time>
        <extensions>
          <ns3:TrackPointExtension>
            <ns3:hr>77</ns3:hr>
          </ns3:TrackPointExtension>
        </extensions>
      </trkpt>
      <trkpt lat="30.59276313520967960357666015625" lon="114.4034872949123382568359375">
        <ele>22</ele>
        <time>2026-10-04T09:01:36.000Z</time>
        <extensions>
          <ns3:TrackPointExtension>
            <ns3:hr>78</ns3:hr>
          </ns3:TrackPointExtension>
        </extensions>
      </trkpt>
      <trkpt lat="30.59276439249515533447265625" lon="114.403490312397480010986328125">
        <ele>22</ele>
        <time>2026-10-04T09:01:43.000Z</time>
        <extensions>
          <ns3:TrackPointExtension>
            <ns3:hr>79</ns3:hr>
          </ns3:TrackPointExtension>
        </extensions>
      </trkpt>
      <trkpt lat="30.59276439249515533447265625" lon="114.403490312397480010986328125">
        <ele>22</ele>
        <time>2026-10-04T09:01:53.000Z</time>
        <extensions>
          <ns3:TrackPointExtension>
            <ns3:hr>76</ns3:hr>
          </ns3:TrackPointExtension>
        </extensions>
      </trkpt>
      <trkpt lat="30.59276439249515533447265625" lon="114.403490312397480010986328125">
        <ele>22</ele>
        <time>2026-10-04T09:01:55.000Z</time>
        <extensions>
          <ns3:TrackPointExtension>
            <ns3:hr>73</ns3:hr>
          </ns3:TrackPointExtension>
        </extensions>
      </trkpt>
      <trkpt lat="30.59276439249515533447265625" lon="114.403490312397480010986328125">
        <ele>22</ele>
        <time>2026-10-04T09:01:57.000Z</time>
        <extensions>
          <ns3:TrackPointExtension>
            <ns3:hr>70</ns3:hr>
          </ns3:TrackPointExtension>
        </extensions>
      </trkpt>
      <trkpt lat="30.59276439249515533447265625" lon="114.403490312397480010986328125">
        <ele>22</ele>
        <time>2026-10-04T09:01:59.000Z</time>
        <extensions>
          <ns3:TrackPointExtension>
            <ns3:hr>67</ns3:hr>
          </ns3:TrackPointExtension>
        </extensions>
      </trkpt>
      <trkpt lat="30.59276439249515533447265625" lon="114.403490312397480010986328125">
        <ele>20.6000003814697265625</ele>
        <time>2026-10-04T09:02:00.000Z</time>
        <extensions>
          <ns3:TrackPointExtension>
            <ns3:hr>67</ns3:hr>
          </ns3:TrackPointExtension>
        </extensions>
      </trkpt>
      <trkpt lat="30.59276439249515533447265625" lon="114.403490312397480010986328125">
        <ele>20.3999996185302734375</ele>
        <time>2026-10-04T09:02:06.000Z</time>
        <extensions>
          <ns3:TrackPointExtension>
            <ns3:hr>68</ns3:hr>
          </ns3:TrackPointExtension>
        </extensions>
      </trkpt>
      <trkpt lat="30.59276439249515533447265625" lon="114.403490312397480010986328125">
        <ele>19.799999237060546875</ele>
        <time>2026-10-04T09:02:11.000Z</time>
        <extensions>
          <ns3:TrackPointExtension>
            <ns3:hr>64</ns3:hr>
          </ns3:TrackPointExtension>
        </extensions>
      </trkpt>
      <trkpt lat="30.59276439249515533447265625" lon="114.403490312397480010986328125">
        <ele>19.799999237060546875</ele>
        <time>2026-10-04T09:02:15.000Z</time>
        <extensions>
          <ns3:TrackPointExtension>
            <ns3:hr>63</ns3:hr>
          </ns3:TrackPointExtension>
        </extensions>
      </trkpt>
      <trkpt lat="30.59276439249515533447265625" lon="114.403490312397480010986328125">
        <ele>20.6000003814697265625</ele>
        <time>2026-10-04T09:02:24.000Z</time>
        <extensions>
          <ns3:TrackPointExtension>
            <ns3:hr>63</ns3:hr>
          </ns3:TrackPointExtension>
        </extensions>
      </trkpt>
      <trkpt lat="30.59276439249515533447265625" lon="114.403490312397480010986328125">
        <ele>20</ele>
        <time>2026-10-04T09:02:33.000Z</time>
        <extensions>
          <ns3:TrackPointExtension>
            <ns3:hr>66</ns3:hr>
          </ns3:TrackPointExtension>
        </extensions>
      </trkpt>
      <trkpt lat="30.59276439249515533447265625" lon="114.403490312397480010986328125">
        <ele>20</ele>
        <time>2026-10-04T09:02:34.000Z</time>
        <extensions>
          <ns3:TrackPointExtension>
            <ns3:hr>66</ns3:hr>
          </ns3:TrackPointExtension>
        </extensions>
      </trkpt>
      <trkpt lat="30.5927742831408977508544921875" lon="114.40349425189197063446044921875">
        <ele>20.6000003814697265625</ele>
        <time>2026-10-04T09:02:40.000Z</time>
        <extensions>
          <ns3:TrackPointExtension>
            <ns3:hr>65</ns3:hr>
          </ns3:TrackPointExtension>
        </extensions>
      </trkpt>
      <trkpt lat="30.59276439249515533447265625" lon="114.403490312397480010986328125">
        <ele>21.3999996185302734375</ele>
        <time>2026-10-04T09:02:47.000Z</time>
        <extensions>
          <ns3:TrackPointExtension>
            <ns3:hr>66</ns3:hr>
          </ns3:TrackPointExtension>
        </extensions>
      </trkpt>
      <trkpt lat="30.5927729420363903045654296875" lon="114.40349944867193698883056640625">
        <ele>20.799999237060546875</ele>
        <time>2026-10-04T09:02:55.000Z</time>
        <extensions>
          <ns3:TrackPointExtension>
            <ns3:hr>67</ns3:hr>
          </ns3:TrackPointExtension>
        </extensions>
      </trkpt>
      <trkpt lat="30.59277939610183238983154296875" lon="114.40350078977644443511962890625">
        <ele>21.6000003814697265625</ele>
        <time>2026-10-04T09:03:00.000Z</time>
        <extensions>
          <ns3:TrackPointExtension>
            <ns3:hr>67</ns3:hr>
          </ns3:TrackPointExtension>
        </extensions>
      </trkpt>
      <trkpt lat="30.59277939610183238983154296875" lon="114.40350078977644443511962890625">
        <ele>21.6000003814697265625</ele>
        <time>2026-10-04T09:03:02.000Z</time>
        <extensions>
          <ns3:TrackPointExtension>
            <ns3:hr>67</ns3:hr>
          </ns3:TrackPointExtension>
        </extensions>
      </trkpt>
      <trkpt lat="30.59278509579598903656005859375" lon="114.403548650443553924560546875">
        <ele>21</ele>
        <time>2026-10-04T09:03:08.000Z</time>
        <extensions>
          <ns3:TrackPointExtension>
            <ns3:hr>67</ns3:hr>
          </ns3:TrackPointExtension>
        </extensions>
      </trkpt>
      <trkpt lat="30.59276112355291843414306640625" lon="114.4035954214632511138916015625">
        <ele>20.6000003814697265625</ele>
        <time>2026-10-04T09:03:11.000Z</time>
        <extensions>
          <ns3:TrackPointExtension>
            <ns3:hr>68</ns3:hr>
          </ns3:TrackPointExtension>
        </extensions>
      </trkpt>
      <trkpt lat="30.5927065573632717132568359375" lon="114.40366591326892375946044921875">
        <ele>20.3999996185302734375</ele>
        <time>2026-10-04T09:03:15.000Z</time>
        <extensions>
          <ns3:TrackPointExtension>
            <ns3:hr>67</ns3:hr>
          </ns3:TrackPointExtension>
        </extensions>
      </trkpt>
      <trkpt lat="30.59258627705276012420654296875" lon="114.40385408699512481689453125">
        <ele>20.6000003814697265625</ele>
        <time>2026-10-04T09:03:24.000Z</time>
        <extensions>
          <ns3:TrackPointExtension>
            <ns3:hr>67</ns3:hr>
          </ns3:TrackPointExtension>
        </extensions>
      </trkpt>
      <trkpt lat="30.59249407611787319183349609375" lon="114.4040141813457012176513671875">
        <ele>20.799999237060546875</ele>
        <time>2026-10-04T09:03:31.000Z</time>
        <extensions>
          <ns3:TrackPointExtension>
            <ns3:hr>68</ns3:hr>
          </ns3:TrackPointExtension>
        </extensions>
      </trkpt>
      <trkpt lat="30.59236030094325542449951171875" lon="114.40421861596405506134033203125">
        <ele>20.3999996185302734375</ele>
        <time>2026-10-04T09:03:40.000Z</time>
        <extensions>
          <ns3:TrackPointExtension>
            <ns3:hr>67</ns3:hr>
          </ns3:TrackPointExtension>
        </extensions>
      </trkpt>
      <trkpt lat="30.592209510505199432373046875" lon="114.40445481799542903900146484375">
        <ele>20.6000003814697265625</ele>
        <time>2026-10-04T09:03:50.000Z</time>
        <extensions>
          <ns3:TrackPointExtension>
            <ns3:hr>69</ns3:hr>
          </ns3:TrackPointExtension>
        </extensions>
      </trkpt>
      <trkpt lat="30.5920866318047046661376953125" lon="114.40463326871395111083984375">
        <ele>21.200000762939453125</ele>
        <time>2026-10-04T09:03:58.000Z</time>
        <extensions>
          <ns3:TrackPointExtension>
            <ns3:hr>70</ns3:hr>
          </ns3:TrackPointExtension>
        </extensions>
      </trkpt>
      <trkpt lat="30.59206827543675899505615234375" lon="114.4046629406511783599853515625">
        <ele>21.799999237060546875</ele>
        <time>2026-10-04T09:04:00.000Z</time>
        <extensions>
          <ns3:TrackPointExtension>
            <ns3:hr>70</ns3:hr>
          </ns3:TrackPointExtension>
        </extensions>
      </trkpt>
      <trkpt lat="30.59202988632023334503173828125" lon="114.4047041796147823333740234375">
        <ele>22.6000003814697265625</ele>
        <time>2026-10-04T09:04:05.000Z</time>
        <extensions>
          <ns3:TrackPointExtension>
            <ns3:hr>72</ns3:hr>
          </ns3:TrackPointExtension>
        </extensions>
      </trkpt>
      <trkpt lat="30.59202703647315502166748046875" lon="114.40471800975501537322998046875">
        <ele>22.6000003814697265625</ele>
        <time>2026-10-04T09:04:06.000Z</time>
        <extensions>
          <ns3:TrackPointExtension>
            <ns3:hr>72</ns3:hr>
          </ns3:TrackPointExtension>
        </extensions>
      </trkpt>
      <trkpt lat="30.59201312251389026641845703125" lon="114.40475396811962127685546875">
        <ele>22.799999237060546875</ele>
        <time>2026-10-04T09:04:08.000Z</time>
        <extensions>
          <ns3:TrackPointExtension>
            <ns3:hr>73</ns3:hr>
          </ns3:TrackPointExtension>
        </extensions>
      </trkpt>
      <trkpt lat="30.59198764152824878692626953125" lon="114.40481565892696380615234375">
        <ele>24.3999996185302734375</ele>
        <time>2026-10-04T09:04:11.000Z</time>
        <extensions>
          <ns3:TrackPointExtension>
            <ns3:hr>74</ns3:hr>
          </ns3:TrackPointExtension>
        </extensions>
      </trkpt>
      <trkpt lat="30.591938607394695281982421875" lon="114.40490551292896270751953125">
        <ele>25.3999996185302734375</ele>
        <time>2026-10-04T09:04:16.000Z</time>
        <extensions>
          <ns3:TrackPointExtension>
            <ns3:hr>77</ns3:hr>
          </ns3:TrackPointExtension>
        </extensions>
      </trkpt>
      <trkpt lat="30.59192712418735027313232421875" lon="114.404915235936641693115234375">
        <ele>25.6000003814697265625</ele>
        <time>2026-10-04T09:04:17.000Z</time>
        <extensions>
          <ns3:TrackPointExtension>
            <ns3:hr>77</ns3:hr>
          </ns3:TrackPointExtension>
        </extensions>
      </trkpt>
      <trkpt lat="30.5919159762561321258544921875" lon="114.404923617839813232421875">
        <ele>25.6000003814697265625</ele>
        <time>2026-10-04T09:04:18.000Z</time>
        <extensions>
          <ns3:TrackPointExtension>
            <ns3:hr>77</ns3:hr>
          </ns3:TrackPointExtension>
        </extensions>
      </trkpt>
      <trkpt lat="30.591890327632427215576171875" lon="114.40494432114064693450927734375">
        <ele>25.799999237060546875</ele>
        <time>2026-10-04T09:04:24.000Z</time>
        <extensions>
          <ns3:TrackPointExtension>
            <ns3:hr>78</ns3:hr>
          </ns3:TrackPointExtension>
        </extensions>
      </trkpt>
      <trkpt lat="30.5918744020164012908935546875" lon="114.404970221221446990966796875">
        <ele>26</ele>
        <time>2026-10-04T09:04:29.000Z</time>
        <extensions>
          <ns3:TrackPointExtension>
            <ns3:hr>81</ns3:hr>
          </ns3:TrackPointExtension>
        </extensions>
      </trkpt>
      <trkpt lat="30.5918611586093902587890625" lon="114.4049730710685253143310546875">
        <ele>26</ele>
        <time>2026-10-04T09:04:31.000Z</time>
        <extensions>
          <ns3:TrackPointExtension>
            <ns3:hr>81</ns3:hr>
          </ns3:TrackPointExtension>
        </extensions>
      </trkpt>
      <trkpt lat="30.5918314866721630096435546875" lon="114.4049935229122638702392578125">
        <ele>26.200000762939453125</ele>
        <time>2026-10-04T09:04:36.000Z</time>
        <extensions>
          <ns3:TrackPointExtension>
            <ns3:hr>82</ns3:hr>
          </ns3:TrackPointExtension>
        </extensions>
      </trkpt>
      <trkpt lat="30.59183659963309764862060546875" lon="114.404998384416103363037109375">
        <ele>26</ele>
        <time>2026-10-04T09:04:40.000Z</time>
        <extensions>
          <ns3:TrackPointExtension>
            <ns3:hr>81</ns3:hr>
          </ns3:TrackPointExtension>
        </extensions>
      </trkpt>
      <trkpt lat="30.59182561933994293212890625" lon="114.40499595366418361663818359375">
        <ele>25.6000003814697265625</ele>
        <time>2026-10-04T09:04:43.000Z</time>
        <extensions>
          <ns3:TrackPointExtension>
            <ns3:hr>81</ns3:hr>
          </ns3:TrackPointExtension>
        </extensions>
      </trkpt>
      <trkpt lat="30.59183659963309764862060546875" lon="114.404998384416103363037109375">
        <ele>25.6000003814697265625</ele>
        <time>2026-10-04T09:04:44.000Z</time>
        <extensions>
          <ns3:TrackPointExtension>
            <ns3:hr>81</ns3:hr>
          </ns3:TrackPointExtension>
        </extensions>
      </trkpt>
      <trkpt lat="30.59183659963309764862060546875" lon="114.404998384416103363037109375">
        <ele>25.6000003814697265625</ele>
        <time>2026-10-04T09:04:54.000Z</time>
        <extensions>
          <ns3:TrackPointExtension>
            <ns3:hr>84</ns3:hr>
          </ns3:TrackPointExtension>
        </extensions>
      </trkpt>
      <trkpt lat="30.59182687662541866302490234375" lon="114.40500047989189624786376953125">
        <ele>25.799999237060546875</ele>
        <time>2026-10-04T09:04:58.000Z</time>
        <extensions>
          <ns3:TrackPointExtension>
            <ns3:hr>86</ns3:hr>
          </ns3:TrackPointExtension>
        </extensions>
      </trkpt>
      <trkpt lat="30.59183659963309764862060546875" lon="114.404998384416103363037109375">
        <ele>25.799999237060546875</ele>
        <time>2026-10-04T09:04:59.000Z</time>
        <extensions>
          <ns3:TrackPointExtension>
            <ns3:hr>86</ns3:hr>
          </ns3:TrackPointExtension>
        </extensions>
      </trkpt>
      <trkpt lat="30.59183106757700443267822265625" lon="114.40501414239406585693359375">
        <ele>25.799999237060546875</ele>
        <time>2026-10-04T09:05:04.000Z</time>
        <extensions>
          <ns3:TrackPointExtension>
            <ns3:hr>84</ns3:hr>
          </ns3:TrackPointExtension>
        </extensions>
      </trkpt>
      <trkpt lat="30.59183106757700443267822265625" lon="114.40501414239406585693359375">
        <ele>25.799999237060546875</ele>
        <time>2026-10-04T09:05:09.000Z</time>
        <extensions>
          <ns3:TrackPointExtension>
            <ns3:hr>84</ns3:hr>
          </ns3:TrackPointExtension>
        </extensions>
      </trkpt>
      <trkpt lat="30.59183106757700443267822265625" lon="114.40501414239406585693359375">
        <ele>25.799999237060546875</ele>
        <time>2026-10-04T09:05:18.000Z</time>
        <extensions>
          <ns3:TrackPointExtension>
            <ns3:hr>81</ns3:hr>
          </ns3:TrackPointExtension>
        </extensions>
      </trkpt>
      <trkpt lat="30.59183106757700443267822265625" lon="114.40501414239406585693359375">
        <ele>25.799999237060546875</ele>
        <time>2026-10-04T09:05:20.000Z</time>
        <extensions>
          <ns3:TrackPointExtension>
            <ns3:hr>81</ns3:hr>
          </ns3:TrackPointExtension>
        </extensions>
      </trkpt>
      <trkpt lat="30.59182771481573581695556640625" lon="114.40499846823513507843017578125">
        <ele>26.3999996185302734375</ele>
        <time>2026-10-04T09:05:29.000Z</time>
        <extensions>
          <ns3:TrackPointExtension>
            <ns3:hr>77</ns3:hr>
          </ns3:TrackPointExtension>
        </extensions>
      </trkpt>
      <trkpt lat="30.59182788245379924774169921875" lon="114.40499846823513507843017578125">
        <ele>26.3999996185302734375</ele>
        <time>2026-10-04T09:05:30.000Z</time>
        <extensions>
          <ns3:TrackPointExtension>
            <ns3:hr>73</ns3:hr>
          </ns3:TrackPointExtension>
        </extensions>
      </trkpt>
      <trkpt lat="30.591827966272830963134765625" lon="114.404998384416103363037109375">
        <ele>26.3999996185302734375</ele>
        <time>2026-10-04T09:05:31.000Z</time>
        <extensions>
          <ns3:TrackPointExtension>
            <ns3:hr>71</ns3:hr>
          </ns3:TrackPointExtension>
        </extensions>
      </trkpt>
      <trkpt lat="30.59183542616665363311767578125" lon="114.40499712713062763214111328125">
        <ele>26.6000003814697265625</ele>
        <time>2026-10-04T09:05:32.000Z</time>
        <extensions>
          <ns3:TrackPointExtension>
            <ns3:hr>68</ns3:hr>
          </ns3:TrackPointExtension>
        </extensions>
      </trkpt>
      <trkpt lat="30.59182788245379924774169921875" lon="114.40499846823513507843017578125">
        <ele>26.6000003814697265625</ele>
        <time>2026-10-04T09:05:33.000Z</time>
        <extensions>
          <ns3:TrackPointExtension>
            <ns3:hr>65</ns3:hr>
          </ns3:TrackPointExtension>
        </extensions>
      </trkpt>
      <trkpt lat="30.59182788245379924774169921875" lon="114.40499846823513507843017578125">
        <ele>26.6000003814697265625</ele>
        <time>2026-10-04T09:05:34.000Z</time>
        <extensions>
          <ns3:TrackPointExtension>
            <ns3:hr>65</ns3:hr>
          </ns3:TrackPointExtension>
        </extensions>
      </trkpt>
      <trkpt lat="30.59182788245379924774169921875" lon="114.40499846823513507843017578125">
        <ele>26.3999996185302734375</ele>
        <time>2026-10-04T09:05:38.000Z</time>
        <extensions>
          <ns3:TrackPointExtension>
            <ns3:hr>65</ns3:hr>
          </ns3:TrackPointExtension>
        </extensions>
      </trkpt>
      <trkpt lat="30.59182788245379924774169921875" lon="114.40499846823513507843017578125">
        <ele>26</ele>
        <time>2026-10-04T09:05:47.000Z</time>
        <extensions>
          <ns3:TrackPointExtension>
            <ns3:hr>67</ns3:hr>
          </ns3:TrackPointExtension>
        </extensions>
      </trkpt>
      <trkpt lat="30.59182788245379924774169921875" lon="114.40499846823513507843017578125">
        <ele>26.200000762939453125</ele>
        <time>2026-10-04T09:05:55.000Z</time>
        <extensions>
          <ns3:TrackPointExtension>
            <ns3:hr>69</ns3:hr>
          </ns3:TrackPointExtension>
        </extensions>
      </trkpt>
      <trkpt lat="30.59182788245379924774169921875" lon="114.40499846823513507843017578125">
        <ele>26</ele>
        <time>2026-10-04T09:05:58.000Z</time>
        <extensions>
          <ns3:TrackPointExtension>
            <ns3:hr>66</ns3:hr>
          </ns3:TrackPointExtension>
        </extensions>
      </trkpt>
      <trkpt lat="30.59182788245379924774169921875" lon="114.40499846823513507843017578125">
        <ele>26</ele>
        <time>2026-10-04T09:06:00.000Z</time>
        <extensions>
          <ns3:TrackPointExtension>
            <ns3:hr>62</ns3:hr>
          </ns3:TrackPointExtension>
        </extensions>
      </trkpt>
      <trkpt lat="30.59182788245379924774169921875" lon="114.40499846823513507843017578125">
        <ele>26</ele>
        <time>2026-10-04T09:06:06.000Z</time>
        <extensions>
          <ns3:TrackPointExtension>
            <ns3:hr>63</ns3:hr>
          </ns3:TrackPointExtension>
        </extensions>
      </trkpt>
      <trkpt lat="30.59182788245379924774169921875" lon="114.40499846823513507843017578125">
        <ele>26</ele>
        <time>2026-10-04T09:06:17.000Z</time>
        <extensions>
          <ns3:TrackPointExtension>
            <ns3:hr>65</ns3:hr>
          </ns3:TrackPointExtension>
        </extensions>
      </trkpt>
      <trkpt lat="30.59182788245379924774169921875" lon="114.40499846823513507843017578125">
        <ele>26</ele>
        <time>2026-10-04T09:06:29.000Z</time>
        <extensions>
          <ns3:TrackPointExtension>
            <ns3:hr>65</ns3:hr>
          </ns3:TrackPointExtension>
        </extensions>
      </trkpt>
      <trkpt lat="30.59182788245379924774169921875" lon="114.40499846823513507843017578125">
        <ele>26</ele>
        <time>2026-10-04T09:06:39.000Z</time>
        <extensions>
          <ns3:TrackPointExtension>
            <ns3:hr>65</ns3:hr>
          </ns3:TrackPointExtension>
        </extensions>
      </trkpt>
      <trkpt lat="30.59182788245379924774169921875" lon="114.40499846823513507843017578125">
        <ele>26</ele>
        <time>2026-10-04T09:06:47.000Z</time>
        <extensions>
          <ns3:TrackPointExtension>
            <ns3:hr>65</ns3:hr>
          </ns3:TrackPointExtension>
        </extensions>
      </trkpt>
      <trkpt lat="30.59182788245379924774169921875" lon="114.40499846823513507843017578125">
        <ele>26</ele>
        <time>2026-10-04T09:06:54.000Z</time>
        <extensions>
          <ns3:TrackPointExtension>
            <ns3:hr>66</ns3:hr>
          </ns3:TrackPointExtension>
        </extensions>
      </trkpt>
      <trkpt lat="30.59182788245379924774169921875" lon="114.40499846823513507843017578125">
        <ele>26</ele>
        <time>2026-10-04T09:07:07.000Z</time>
        <extensions>
          <ns3:TrackPointExtension>
            <ns3:hr>69</ns3:hr>
          </ns3:TrackPointExtension>
        </extensions>
      </trkpt>
      <trkpt lat="30.59182788245379924774169921875" lon="114.40499846823513507843017578125">
        <ele>26</ele>
        <time>2026-10-04T09:07:09.000Z</time>
        <extensions>
          <ns3:TrackPointExtension>
            <ns3:hr>69</ns3:hr>
          </ns3:TrackPointExtension>
        </extensions>
      </trkpt>
      <trkpt lat="30.59182788245379924774169921875" lon="114.40499846823513507843017578125">
        <ele>26</ele>
        <time>2026-10-04T09:07:19.000Z</time>
        <extensions>
          <ns3:TrackPointExtension>
            <ns3:hr>71</ns3:hr>
          </ns3:TrackPointExtension>
        </extensions>
      </trkpt>
      <trkpt lat="30.59184749610722064971923828125" lon="114.404998384416103363037109375">
        <ele>26</ele>
        <time>2026-10-04T09:07:27.000Z</time>
        <extensions>
          <ns3:TrackPointExtension>
            <ns3:hr>72</ns3:hr>
          </ns3:TrackPointExtension>
        </extensions>
      </trkpt>
      <trkpt lat="30.5918469093739986419677734375" lon="114.40500416792929172515869140625">
        <ele>26</ele>
        <time>2026-10-04T09:07:31.000Z</time>
        <extensions>
          <ns3:TrackPointExtension>
            <ns3:hr>68</ns3:hr>
          </ns3:TrackPointExtension>
        </extensions>
      </trkpt>
      <trkpt lat="30.5918418802320957183837890625" lon="114.40502897836267948150634765625">
        <ele>25.799999237060546875</ele>
        <time>2026-10-04T09:07:34.000Z</time>
        <extensions>
          <ns3:TrackPointExtension>
            <ns3:hr>67</ns3:hr>
          </ns3:TrackPointExtension>
        </extensions>
      </trkpt>
      <trkpt lat="30.5917929299175739288330078125" lon="114.40513090230524539947509765625">
        <ele>26.3999996185302734375</ele>
        <time>2026-10-04T09:07:45.000Z</time>
        <extensions>
          <ns3:TrackPointExtension>
            <ns3:hr>67</ns3:hr>
          </ns3:TrackPointExtension>
        </extensions>
      </trkpt>
      <trkpt lat="30.59173107147216796875" lon="114.40520055592060089111328125">
        <ele>26.200000762939453125</ele>
        <time>2026-10-04T09:07:54.000Z</time>
        <extensions>
          <ns3:TrackPointExtension>
            <ns3:hr>68</ns3:hr>
          </ns3:TrackPointExtension>
        </extensions>
      </trkpt>
      <trkpt lat="30.59171405620872974395751953125" lon="114.40521673299372196197509765625">
        <ele>26</ele>
        <time>2026-10-04T09:07:58.000Z</time>
        <extensions>
          <ns3:TrackPointExtension>
            <ns3:hr>71</ns3:hr>
          </ns3:TrackPointExtension>
        </extensions>
      </trkpt>
      <trkpt lat="30.5917054228484630584716796875" lon="114.40522712655365467071533203125">
        <ele>26</ele>
        <time>2026-10-04T09:08:01.000Z</time>
        <extensions>
          <ns3:TrackPointExtension>
            <ns3:hr>71</ns3:hr>
          </ns3:TrackPointExtension>
        </extensions>
      </trkpt>
      <trkpt lat="30.59166208840906620025634765625" lon="114.40529166720807552337646484375">
        <ele>25.3999996185302734375</ele>
        <time>2026-10-04T09:08:05.000Z</time>
        <extensions>
          <ns3:TrackPointExtension>
            <ns3:hr>72</ns3:hr>
          </ns3:TrackPointExtension>
        </extensions>
      </trkpt>
      <trkpt lat="30.591644905507564544677734375" lon="114.40531932748854160308837890625">
        <ele>25.200000762939453125</ele>
        <time>2026-10-04T09:08:06.000Z</time>
        <extensions>
          <ns3:TrackPointExtension>
            <ns3:hr>71</ns3:hr>
          </ns3:TrackPointExtension>
        </extensions>
      </trkpt>
      <trkpt lat="30.59157005511224269866943359375" lon="114.4054394401609897613525390625">
        <ele>24</ele>
        <time>2026-10-04T09:08:09.000Z</time>
        <extensions>
          <ns3:TrackPointExtension>
            <ns3:hr>71</ns3:hr>
          </ns3:TrackPointExtension>
        </extensions>
      </trkpt>
      <trkpt lat="30.59153635986149311065673828125" lon="114.405487217009067535400390625">
        <ele>23.3999996185302734375</ele>
        <time>2026-10-04T09:08:10.000Z</time>
        <extensions>
          <ns3:TrackPointExtension>
            <ns3:hr>72</ns3:hr>
          </ns3:TrackPointExtension>
        </extensions>
      </trkpt>
      <trkpt lat="30.59150450862944126129150390625" lon="114.40553256310522556304931640625">
        <ele>23</ele>
        <time>2026-10-04T09:08:11.000Z</time>
        <extensions>
          <ns3:TrackPointExtension>
            <ns3:hr>72</ns3:hr>
          </ns3:TrackPointExtension>
        </extensions>
      </trkpt>
      <trkpt lat="30.5914459191262722015380859375" lon="114.40562040545046329498291015625">
        <ele>21.799999237060546875</ele>
        <time>2026-10-04T09:08:13.000Z</time>
        <extensions>
          <ns3:TrackPointExtension>
            <ns3:hr>73</ns3:hr>
          </ns3:TrackPointExtension>
        </extensions>
      </trkpt>
      <trkpt lat="30.591368973255157470703125" lon="114.40575099550187587738037109375">
        <ele>20.6000003814697265625</ele>
        <time>2026-10-04T09:08:16.000Z</time>
        <extensions>
          <ns3:TrackPointExtension>
            <ns3:hr>74</ns3:hr>
          </ns3:TrackPointExtension>
        </extensions>
      </trkpt>
      <trkpt lat="30.59117224998772144317626953125" lon="114.406041763722896575927734375">
        <ele>21.200000762939453125</ele>
        <time>2026-10-04T09:08:23.000Z</time>
        <extensions>
          <ns3:TrackPointExtension>
            <ns3:hr>76</ns3:hr>
          </ns3:TrackPointExtension>
        </extensions>
      </trkpt>
      <trkpt lat="30.5910315178334712982177734375" lon="114.4062457792460918426513671875">
        <ele>20.3999996185302734375</ele>
        <time>2026-10-04T09:08:29.000Z</time>
        <extensions>
          <ns3:TrackPointExtension>
            <ns3:hr>74</ns3:hr>
          </ns3:TrackPointExtension>
        </extensions>
      </trkpt>
      <trkpt lat="30.59091073460876941680908203125" lon="114.40637393854558467864990234375">
        <ele>20.3999996185302734375</ele>
        <time>2026-10-04T09:08:34.000Z</time>
        <extensions>
          <ns3:TrackPointExtension>
            <ns3:hr>74</ns3:hr>
          </ns3:TrackPointExtension>
        </extensions>
      </trkpt>
      <trkpt lat="30.59071719646453857421875" lon="114.40659538842737674713134765625">
        <ele>20.3999996185302734375</ele>
        <time>2026-10-04T09:08:43.000Z</time>
        <extensions>
          <ns3:TrackPointExtension>
            <ns3:hr>72</ns3:hr>
          </ns3:TrackPointExtension>
        </extensions>
      </trkpt>
      <trkpt lat="30.59055567719042301177978515625" lon="114.406774342060089111328125">
        <ele>20.3999996185302734375</ele>
        <time>2026-10-04T09:08:52.000Z</time>
        <extensions>
          <ns3:TrackPointExtension>
            <ns3:hr>70</ns3:hr>
          </ns3:TrackPointExtension>
        </extensions>
      </trkpt>
      <trkpt lat="30.5904246680438518524169921875" lon="114.40691507421433925628662109375">
        <ele>20.3999996185302734375</ele>
        <time>2026-10-04T09:08:59.000Z</time>
        <extensions>
          <ns3:TrackPointExtension>
            <ns3:hr>70</ns3:hr>
          </ns3:TrackPointExtension>
        </extensions>
      </trkpt>
      <trkpt lat="30.5902920663356781005859375" lon="114.40704583190381526947021484375">
        <ele>20.3999996185302734375</ele>
        <time>2026-10-04T09:09:06.000Z</time>
        <extensions>
          <ns3:TrackPointExtension>
            <ns3:hr>69</ns3:hr>
          </ns3:TrackPointExtension>
        </extensions>
      </trkpt>
      <trkpt lat="30.59013658203184604644775390625" lon="114.40720106475055217742919921875">
        <ele>20.3999996185302734375</ele>
        <time>2026-10-04T09:09:14.000Z</time>
        <extensions>
          <ns3:TrackPointExtension>
            <ns3:hr>68</ns3:hr>
          </ns3:TrackPointExtension>
        </extensions>
      </trkpt>
      <trkpt lat="30.59003599919378757476806640625" lon="114.40728723071515560150146484375">
        <ele>20.6000003814697265625</ele>
        <time>2026-10-04T09:09:19.000Z</time>
        <extensions>
          <ns3:TrackPointExtension>
            <ns3:hr>69</ns3:hr>
          </ns3:TrackPointExtension>
        </extensions>
      </trkpt>
      <trkpt lat="30.59001445770263671875" lon="114.40730650909245014190673828125">
        <ele>20.6000003814697265625</ele>
        <time>2026-10-04T09:09:20.000Z</time>
        <extensions>
          <ns3:TrackPointExtension>
            <ns3:hr>69</ns3:hr>
          </ns3:TrackPointExtension>
        </extensions>
      </trkpt>
      <trkpt lat="30.5897681973874568939208984375" lon="114.4074998795986175537109375">
        <ele>20.3999996185302734375</ele>
        <time>2026-10-04T09:09:31.000Z</time>
        <extensions>
          <ns3:TrackPointExtension>
            <ns3:hr>69</ns3:hr>
          </ns3:TrackPointExtension>
        </extensions>
      </trkpt>
      <trkpt lat="30.58957030065357685089111328125" lon="114.40765586681663990020751953125">
        <ele>20</ele>
        <time>2026-10-04T09:09:40.000Z</time>
        <extensions>
          <ns3:TrackPointExtension>
            <ns3:hr>69</ns3:hr>
          </ns3:TrackPointExtension>
        </extensions>
      </trkpt>
      <trkpt lat="30.589416325092315673828125" lon="114.4077853672206401824951171875">
        <ele>20.200000762939453125</ele>
        <time>2026-10-04T09:09:47.000Z</time>
        <extensions>
          <ns3:TrackPointExtension>
            <ns3:hr>68</ns3:hr>
          </ns3:TrackPointExtension>
        </extensions>
      </trkpt>
      <trkpt lat="30.589263774454593658447265625" lon="114.4079302065074443817138671875">
        <ele>20.3999996185302734375</ele>
        <time>2026-10-04T09:09:55.000Z</time>
        <extensions>
          <ns3:TrackPointExtension>
            <ns3:hr>70</ns3:hr>
          </ns3:TrackPointExtension>
        </extensions>
      </trkpt>
      <trkpt lat="30.589129664003849029541015625" lon="114.40807311795651912689208984375">
        <ele>20.6000003814697265625</ele>
        <time>2026-10-04T09:10:03.000Z</time>
        <extensions>
          <ns3:TrackPointExtension>
            <ns3:hr>70</ns3:hr>
          </ns3:TrackPointExtension>
        </extensions>
      </trkpt>
      <trkpt lat="30.58899588882923126220703125" lon="114.40822214819490909576416015625">
        <ele>20.3999996185302734375</ele>
        <time>2026-10-04T09:10:11.000Z</time>
        <extensions>
          <ns3:TrackPointExtension>
            <ns3:hr>70</ns3:hr>
          </ns3:TrackPointExtension>
        </extensions>
      </trkpt>
      <trkpt lat="30.5888636223971843719482421875" lon="114.40838836133480072021484375">
        <ele>20.3999996185302734375</ele>
        <time>2026-10-04T09:10:19.000Z</time>
        <extensions>
          <ns3:TrackPointExtension>
            <ns3:hr>73</ns3:hr>
          </ns3:TrackPointExtension>
        </extensions>
      </trkpt>
      <trkpt lat="30.58875725604593753814697265625" lon="114.408541582524776458740234375">
        <ele>20.6000003814697265625</ele>
        <time>2026-10-04T09:10:27.000Z</time>
        <extensions>
          <ns3:TrackPointExtension>
            <ns3:hr>71</ns3:hr>
          </ns3:TrackPointExtension>
        </extensions>
      </trkpt>
      <trkpt lat="30.58864963240921497344970703125" lon="114.408703856170177459716796875">
        <ele>20.200000762939453125</ele>
        <time>2026-10-04T09:10:35.000Z</time>
        <extensions>
          <ns3:TrackPointExtension>
            <ns3:hr>69</ns3:hr>
          </ns3:TrackPointExtension>
        </extensions>
      </trkpt>
      <trkpt lat="30.588552318513393402099609375" lon="114.408858753740787506103515625">
        <ele>20</ele>
        <time>2026-10-04T09:10:42.000Z</time>
        <extensions>
          <ns3:TrackPointExtension>
            <ns3:hr>70</ns3:hr>
          </ns3:TrackPointExtension>
        </extensions>
      </trkpt>
      <trkpt lat="30.58843958191573619842529296875" lon="114.4090513698756694793701171875">
        <ele>20</ele>
        <time>2026-10-04T09:10:51.000Z</time>
        <extensions>
          <ns3:TrackPointExtension>
            <ns3:hr>70</ns3:hr>
          </ns3:TrackPointExtension>
        </extensions>
      </trkpt>
      <trkpt lat="30.588343106210231781005859375" lon="114.40919436514377593994140625">
        <ele>20</ele>
        <time>2026-10-04T09:10:58.000Z</time>
        <extensions>
          <ns3:TrackPointExtension>
            <ns3:hr>69</ns3:hr>
          </ns3:TrackPointExtension>
        </extensions>
      </trkpt>
      <trkpt lat="30.5882473848760128021240234375" lon="114.40933920443058013916015625">
        <ele>20.200000762939453125</ele>
        <time>2026-10-04T09:11:05.000Z</time>
        <extensions>
          <ns3:TrackPointExtension>
            <ns3:hr>70</ns3:hr>
          </ns3:TrackPointExtension>
        </extensions>
      </trkpt>
      <trkpt lat="30.58815225027501583099365234375" lon="114.40950072370469570159912109375">
        <ele>20</ele>
        <time>2026-10-04T09:11:13.000Z</time>
        <extensions>
          <ns3:TrackPointExtension>
            <ns3:hr>69</ns3:hr>
          </ns3:TrackPointExtension>
        </extensions>
      </trkpt>
      <trkpt lat="30.5880371667444705963134765625" lon="114.40969191491603851318359375">
        <ele>20.3999996185302734375</ele>
        <time>2026-10-04T09:11:23.000Z</time>
        <extensions>
          <ns3:TrackPointExtension>
            <ns3:hr>71</ns3:hr>
          </ns3:TrackPointExtension>
        </extensions>
      </trkpt>
      <trkpt lat="30.58798276819288730621337890625" lon="114.4097564555704593658447265625">
        <ele>20.6000003814697265625</ele>
        <time>2026-10-04T09:11:30.000Z</time>
        <extensions>
          <ns3:TrackPointExtension>
            <ns3:hr>71</ns3:hr>
          </ns3:TrackPointExtension>
        </extensions>
      </trkpt>
      <trkpt lat="30.58798276819288730621337890625" lon="114.4097564555704593658447265625">
        <ele>20.200000762939453125</ele>
        <time>2026-10-04T09:11:38.000Z</time>
        <extensions>
          <ns3:TrackPointExtension>
            <ns3:hr>71</ns3:hr>
          </ns3:TrackPointExtension>
        </extensions>
      </trkpt>
      <trkpt lat="30.58798276819288730621337890625" lon="114.4097564555704593658447265625">
        <ele>20.3999996185302734375</ele>
        <time>2026-10-04T09:11:45.000Z</time>
        <extensions>
          <ns3:TrackPointExtension>
            <ns3:hr>74</ns3:hr>
          </ns3:TrackPointExtension>
        </extensions>
      </trkpt>
      <trkpt lat="30.58798276819288730621337890625" lon="114.4097564555704593658447265625">
        <ele>20.200000762939453125</ele>
        <time>2026-10-04T09:11:48.000Z</time>
        <extensions>
          <ns3:TrackPointExtension>
            <ns3:hr>71</ns3:hr>
          </ns3:TrackPointExtension>
        </extensions>
      </trkpt>
      <trkpt lat="30.58798276819288730621337890625" lon="114.4097564555704593658447265625">
        <ele>20.200000762939453125</ele>
        <time>2026-10-04T09:11:49.000Z</time>
        <extensions>
          <ns3:TrackPointExtension>
            <ns3:hr>70</ns3:hr>
          </ns3:TrackPointExtension>
        </extensions>
      </trkpt>
      <trkpt lat="30.58798276819288730621337890625" lon="114.4097564555704593658447265625">
        <ele>20.200000762939453125</ele>
        <time>2026-10-04T09:11:53.000Z</time>
        <extensions>
          <ns3:TrackPointExtension>
            <ns3:hr>67</ns3:hr>
          </ns3:TrackPointExtension>
        </extensions>
      </trkpt>
      <trkpt lat="30.58798276819288730621337890625" lon="114.4097564555704593658447265625">
        <ele>20.200000762939453125</ele>
        <time>2026-10-04T09:11:57.000Z</time>
        <extensions>
          <ns3:TrackPointExtension>
            <ns3:hr>67</ns3:hr>
          </ns3:TrackPointExtension>
        </extensions>
      </trkpt>
      <trkpt lat="30.58797153644263744354248046875" lon="114.40976944752037525177001953125">
        <ele>20.3999996185302734375</ele>
        <time>2026-10-04T09:12:01.000Z</time>
        <extensions>
          <ns3:TrackPointExtension>
            <ns3:hr>66</ns3:hr>
          </ns3:TrackPointExtension>
        </extensions>
      </trkpt>
      <trkpt lat="30.5879657529294490814208984375" lon="114.40977548249065876007080078125">
        <ele>20.3999996185302734375</ele>
        <time>2026-10-04T09:12:02.000Z</time>
        <extensions>
          <ns3:TrackPointExtension>
            <ns3:hr>67</ns3:hr>
          </ns3:TrackPointExtension>
        </extensions>
      </trkpt>
      <trkpt lat="30.587885789573192596435546875" lon="114.40979375503957271575927734375">
        <ele>20.6000003814697265625</ele>
        <time>2026-10-04T09:12:09.000Z</time>
        <extensions>
          <ns3:TrackPointExtension>
            <ns3:hr>66</ns3:hr>
          </ns3:TrackPointExtension>
        </extensions>
      </trkpt>
      <trkpt lat="30.587801299989223480224609375" lon="114.4097671844065189361572265625">
        <ele>20.3999996185302734375</ele>
        <time>2026-10-04T09:12:14.000Z</time>
        <extensions>
          <ns3:TrackPointExtension>
            <ns3:hr>65</ns3:hr>
          </ns3:TrackPointExtension>
        </extensions>
      </trkpt>
      <trkpt lat="30.58768688701093196868896484375" lon="114.40976190380752086639404296875">
        <ele>20.200000762939453125</ele>
        <time>2026-10-04T09:12:19.000Z</time>
        <extensions>
          <ns3:TrackPointExtension>
            <ns3:hr>68</ns3:hr>
          </ns3:TrackPointExtension>
        </extensions>
      </trkpt>
      <trkpt lat="30.58764883317053318023681640625" lon="114.4097671844065189361572265625">
        <ele>20.200000762939453125</ele>
        <time>2026-10-04T09:12:21.000Z</time>
        <extensions>
          <ns3:TrackPointExtension>
            <ns3:hr>68</ns3:hr>
          </ns3:TrackPointExtension>
        </extensions>
      </trkpt>
      <trkpt lat="30.58750349096953868865966796875" lon="114.40981722436845302581787109375">
        <ele>20.200000762939453125</ele>
        <time>2026-10-04T09:12:28.000Z</time>
        <extensions>
          <ns3:TrackPointExtension>
            <ns3:hr>67</ns3:hr>
          </ns3:TrackPointExtension>
        </extensions>
      </trkpt>
      <trkpt lat="30.58734892867505550384521484375" lon="114.4098969362676143646240234375">
        <ele>20</ele>
        <time>2026-10-04T09:12:36.000Z</time>
        <extensions>
          <ns3:TrackPointExtension>
            <ns3:hr>67</ns3:hr>
          </ns3:TrackPointExtension>
        </extensions>
      </trkpt>
      <trkpt lat="30.587209202349185943603515625" lon="114.41002610139548778533935546875">
        <ele>19.799999237060546875</ele>
        <time>2026-10-04T09:12:44.000Z</time>
        <extensions>
          <ns3:TrackPointExtension>
            <ns3:hr>67</ns3:hr>
          </ns3:TrackPointExtension>
        </extensions>
      </trkpt>
      <trkpt lat="30.58710501529276371002197265625" lon="114.41013573668897151947021484375">
        <ele>19.799999237060546875</ele>
        <time>2026-10-04T09:12:51.000Z</time>
        <extensions>
          <ns3:TrackPointExtension>
            <ns3:hr>69</ns3:hr>
          </ns3:TrackPointExtension>
        </extensions>
      </trkpt>
      <trkpt lat="30.58702647686004638671875" lon="114.4102318771183490753173828125">
        <ele>19.799999237060546875</ele>
        <time>2026-10-04T09:12:56.000Z</time>
        <extensions>
          <ns3:TrackPointExtension>
            <ns3:hr>69</ns3:hr>
          </ns3:TrackPointExtension>
        </extensions>
      </trkpt>
      <trkpt lat="30.58692597784101963043212890625" lon="114.41040337085723876953125">
        <ele>20</ele>
        <time>2026-10-04T09:13:04.000Z</time>
        <extensions>
          <ns3:TrackPointExtension>
            <ns3:hr>71</ns3:hr>
          </ns3:TrackPointExtension>
        </extensions>
      </trkpt>
      <trkpt lat="30.586870573461055755615234375" lon="114.41057193093001842498779296875">
        <ele>19.6000003814697265625</ele>
        <time>2026-10-04T09:13:11.000Z</time>
        <extensions>
          <ns3:TrackPointExtension>
            <ns3:hr>71</ns3:hr>
          </ns3:TrackPointExtension>
        </extensions>
      </trkpt>
      <trkpt lat="30.58684685267508029937744140625" lon="114.41070721484720706939697265625">
        <ele>20</ele>
        <time>2026-10-04T09:13:17.000Z</time>
        <extensions>
          <ns3:TrackPointExtension>
            <ns3:hr>71</ns3:hr>
          </ns3:TrackPointExtension>
        </extensions>
      </trkpt>
      <trkpt lat="30.5868197791278362274169921875" lon="114.4108974002301692962646484375">
        <ele>19.799999237060546875</ele>
        <time>2026-10-04T09:13:25.000Z</time>
        <extensions>
          <ns3:TrackPointExtension>
            <ns3:hr>73</ns3:hr>
          </ns3:TrackPointExtension>
        </extensions>
      </trkpt>
      <trkpt lat="30.58681164868175983428955078125" lon="114.41098348237574100494384765625">
        <ele>19.6000003814697265625</ele>
        <time>2026-10-04T09:13:28.000Z</time>
        <extensions>
          <ns3:TrackPointExtension>
            <ns3:hr>76</ns3:hr>
          </ns3:TrackPointExtension>
        </extensions>
      </trkpt>
      <trkpt lat="30.58680041693150997161865234375" lon="114.41103578545153141021728515625">
        <ele>19.799999237060546875</ele>
        <time>2026-10-04T09:13:30.000Z</time>
        <extensions>
          <ns3:TrackPointExtension>
            <ns3:hr>79</ns3:hr>
          </ns3:TrackPointExtension>
        </extensions>
      </trkpt>
      <trkpt lat="30.58678834699094295501708984375" lon="114.41111708991229534149169921875">
        <ele>19.799999237060546875</ele>
        <time>2026-10-04T09:13:33.000Z</time>
        <extensions>
          <ns3:TrackPointExtension>
            <ns3:hr>81</ns3:hr>
          </ns3:TrackPointExtension>
        </extensions>
      </trkpt>
      <trkpt lat="30.58676957152783870697021484375" lon="114.4112558104097843170166015625">
        <ele>19.799999237060546875</ele>
        <time>2026-10-04T09:13:38.000Z</time>
        <extensions>
          <ns3:TrackPointExtension>
            <ns3:hr>84</ns3:hr>
          </ns3:TrackPointExtension>
        </extensions>
      </trkpt>
      <trkpt lat="30.58676672168076038360595703125" lon="114.41127567552030086517333984375">
        <ele>19.799999237060546875</ele>
        <time>2026-10-04T09:13:39.000Z</time>
        <extensions>
          <ns3:TrackPointExtension>
            <ns3:hr>84</ns3:hr>
          </ns3:TrackPointExtension>
        </extensions>
      </trkpt>
      <trkpt lat="30.58672003448009490966796875" lon="114.411439038813114166259765625">
        <ele>20.3999996185302734375</ele>
        <time>2026-10-04T09:13:47.000Z</time>
        <extensions>
          <ns3:TrackPointExtension>
            <ns3:hr>85</ns3:hr>
          </ns3:TrackPointExtension>
        </extensions>
      </trkpt>
      <trkpt lat="30.58669899590313434600830078125" lon="114.41147784702479839324951171875">
        <ele>20.6000003814697265625</ele>
        <time>2026-10-04T09:13:49.000Z</time>
        <extensions>
          <ns3:TrackPointExtension>
            <ns3:hr>85</ns3:hr>
          </ns3:TrackPointExtension>
        </extensions>
      </trkpt>
      <trkpt lat="30.58667032979428768157958984375" lon="114.4115002267062664031982421875">
        <ele>21</ele>
        <time>2026-10-04T09:13:51.000Z</time>
        <extensions>
          <ns3:TrackPointExtension>
            <ns3:hr>86</ns3:hr>
          </ns3:TrackPointExtension>
        </extensions>
      </trkpt>
      <trkpt lat="30.5866410769522190093994140625" lon="114.41152327693998813629150390625">
        <ele>21.200000762939453125</ele>
        <time>2026-10-04T09:13:53.000Z</time>
        <extensions>
          <ns3:TrackPointExtension>
            <ns3:hr>86</ns3:hr>
          </ns3:TrackPointExtension>
        </extensions>
      </trkpt>
      <trkpt lat="30.5865877680480480194091796875" lon="114.41154129803180694580078125">
        <ele>21.3999996185302734375</ele>
        <time>2026-10-04T09:13:56.000Z</time>
        <extensions>
          <ns3:TrackPointExtension>
            <ns3:hr>83</ns3:hr>
          </ns3:TrackPointExtension>
        </extensions>
      </trkpt>
      <trkpt lat="30.58655348606407642364501953125" lon="114.41155068576335906982421875">
        <ele>21.6000003814697265625</ele>
        <time>2026-10-04T09:13:58.000Z</time>
        <extensions>
          <ns3:TrackPointExtension>
            <ns3:hr>82</ns3:hr>
          </ns3:TrackPointExtension>
        </extensions>
      </trkpt>
      <trkpt lat="30.58649783022701740264892578125" lon="114.411572478711605072021484375">
        <ele>21.799999237060546875</ele>
        <time>2026-10-04T09:14:01.000Z</time>
        <extensions>
          <ns3:TrackPointExtension>
            <ns3:hr>81</ns3:hr>
          </ns3:TrackPointExtension>
        </extensions>
      </trkpt>
      <trkpt lat="30.58643798343837261199951171875" lon="114.4115850515663623809814453125">
        <ele>21.799999237060546875</ele>
        <time>2026-10-04T09:14:04.000Z</time>
        <extensions>
          <ns3:TrackPointExtension>
            <ns3:hr>81</ns3:hr>
          </ns3:TrackPointExtension>
        </extensions>
      </trkpt>
      <trkpt lat="30.5863289348781108856201171875" lon="114.41159628331661224365234375">
        <ele>22</ele>
        <time>2026-10-04T09:14:10.000Z</time>
        <extensions>
          <ns3:TrackPointExtension>
            <ns3:hr>84</ns3:hr>
          </ns3:TrackPointExtension>
        </extensions>
      </trkpt>
      <trkpt lat="30.586311332881450653076171875" lon="114.41160106100142002105712890625">
        <ele>22</ele>
        <time>2026-10-04T09:14:11.000Z</time>
        <extensions>
          <ns3:TrackPointExtension>
            <ns3:hr>86</ns3:hr>
          </ns3:TrackPointExtension>
        </extensions>
      </trkpt>
      <trkpt lat="30.58619725517928600311279296875" lon="114.411622099578380584716796875">
        <ele>22.200000762939453125</ele>
        <time>2026-10-04T09:14:17.000Z</time>
        <extensions>
          <ns3:TrackPointExtension>
            <ns3:hr>87</ns3:hr>
          </ns3:TrackPointExtension>
        </extensions>
      </trkpt>
      <trkpt lat="30.58607823215425014495849609375" lon="114.411639533936977386474609375">
        <ele>22.200000762939453125</ele>
        <time>2026-10-04T09:14:23.000Z</time>
        <extensions>
          <ns3:TrackPointExtension>
            <ns3:hr>87</ns3:hr>
          </ns3:TrackPointExtension>
        </extensions>
      </trkpt>
      <trkpt lat="30.5859242565929889678955078125" lon="114.41166627220809459686279296875">
        <ele>22.200000762939453125</ele>
        <time>2026-10-04T09:14:30.000Z</time>
        <extensions>
          <ns3:TrackPointExtension>
            <ns3:hr>86</ns3:hr>
          </ns3:TrackPointExtension>
        </extensions>
      </trkpt>
      <trkpt lat="30.585779249668121337890625" lon="114.41169678233563899993896484375">
        <ele>22.200000762939453125</ele>
        <time>2026-10-04T09:14:37.000Z</time>
        <extensions>
          <ns3:TrackPointExtension>
            <ns3:hr>84</ns3:hr>
          </ns3:TrackPointExtension>
        </extensions>
      </trkpt>
      <trkpt lat="30.58560934849083423614501953125" lon="114.41172041930258274078369140625">
        <ele>22.3999996185302734375</ele>
        <time>2026-10-04T09:14:44.000Z</time>
        <extensions>
          <ns3:TrackPointExtension>
            <ns3:hr>82</ns3:hr>
          </ns3:TrackPointExtension>
        </extensions>
      </trkpt>
      <trkpt lat="30.58542377315461635589599609375" lon="114.41171287558972835540771484375">
        <ele>22.200000762939453125</ele>
        <time>2026-10-04T09:14:52.000Z</time>
        <extensions>
          <ns3:TrackPointExtension>
            <ns3:hr>79</ns3:hr>
          </ns3:TrackPointExtension>
        </extensions>
      </trkpt>
      <trkpt lat="30.58519243262708187103271484375" lon="114.41163626499474048614501953125">
        <ele>21.3999996185302734375</ele>
        <time>2026-10-04T09:15:00.000Z</time>
        <extensions>
          <ns3:TrackPointExtension>
            <ns3:hr>78</ns3:hr>
          </ns3:TrackPointExtension>
        </extensions>
      </trkpt>
      <trkpt lat="30.5850491859018802642822265625" lon="114.4115371070802211761474609375">
        <ele>20.6000003814697265625</ele>
        <time>2026-10-04T09:15:04.000Z</time>
        <extensions>
          <ns3:TrackPointExtension>
            <ns3:hr>77</ns3:hr>
          </ns3:TrackPointExtension>
        </extensions>
      </trkpt>
      <trkpt lat="30.58498674072325229644775390625" lon="114.411496706306934356689453125">
        <ele>20.3999996185302734375</ele>
        <time>2026-10-04T09:15:06.000Z</time>
        <extensions>
          <ns3:TrackPointExtension>
            <ns3:hr>78</ns3:hr>
          </ns3:TrackPointExtension>
        </extensions>
      </trkpt>
      <trkpt lat="30.58483754284679889678955078125" lon="114.4114536233246326446533203125">
        <ele>19.6000003814697265625</ele>
        <time>2026-10-04T09:15:11.000Z</time>
        <extensions>
          <ns3:TrackPointExtension>
            <ns3:hr>75</ns3:hr>
          </ns3:TrackPointExtension>
        </extensions>
      </trkpt>
      <trkpt lat="30.5848081223666667938232421875" lon="114.41145035438239574432373046875">
        <ele>19.6000003814697265625</ele>
        <time>2026-10-04T09:15:12.000Z</time>
        <extensions>
          <ns3:TrackPointExtension>
            <ns3:hr>74</ns3:hr>
          </ns3:TrackPointExtension>
        </extensions>
      </trkpt>
      <trkpt lat="30.58478121645748615264892578125" lon="114.41144666634500026702880859375">
        <ele>19.6000003814697265625</ele>
        <time>2026-10-04T09:15:13.000Z</time>
        <extensions>
          <ns3:TrackPointExtension>
            <ns3:hr>74</ns3:hr>
          </ns3:TrackPointExtension>
        </extensions>
      </trkpt>
      <trkpt lat="30.5846220441162586212158203125" lon="114.41147332079708576202392578125">
        <ele>19.3999996185302734375</ele>
        <time>2026-10-04T09:15:19.000Z</time>
        <extensions>
          <ns3:TrackPointExtension>
            <ns3:hr>76</ns3:hr>
          </ns3:TrackPointExtension>
        </extensions>
      </trkpt>
      <trkpt lat="30.58443470858037471771240234375" lon="114.41150215454399585723876953125">
        <ele>19.6000003814697265625</ele>
        <time>2026-10-04T09:15:27.000Z</time>
        <extensions>
          <ns3:TrackPointExtension>
            <ns3:hr>77</ns3:hr>
          </ns3:TrackPointExtension>
        </extensions>
      </trkpt>
      <trkpt lat="30.584249384701251983642578125" lon="114.41153601743280887603759765625">
        <ele>19.3999996185302734375</ele>
        <time>2026-10-04T09:15:35.000Z</time>
        <extensions>
          <ns3:TrackPointExtension>
            <ns3:hr>77</ns3:hr>
          </ns3:TrackPointExtension>
        </extensions>
      </trkpt>
      <trkpt lat="30.58407009579241275787353515625" lon="114.41155311651527881622314453125">
        <ele>19.200000762939453125</ele>
        <time>2026-10-04T09:15:42.000Z</time>
        <extensions>
          <ns3:TrackPointExtension>
            <ns3:hr>74</ns3:hr>
          </ns3:TrackPointExtension>
        </extensions>
      </trkpt>
      <trkpt lat="30.583997257053852081298828125" lon="114.4115689583122730255126953125">
        <ele>19.200000762939453125</ele>
        <time>2026-10-04T09:15:45.000Z</time>
        <extensions>
          <ns3:TrackPointExtension>
            <ns3:hr>71</ns3:hr>
          </ns3:TrackPointExtension>
        </extensions>
      </trkpt>
      <trkpt lat="30.58392223902046680450439453125" lon="114.41158513538539409637451171875">
        <ele>19.200000762939453125</ele>
        <time>2026-10-04T09:15:48.000Z</time>
        <extensions>
          <ns3:TrackPointExtension>
            <ns3:hr>68</ns3:hr>
          </ns3:TrackPointExtension>
        </extensions>
      </trkpt>
      <trkpt lat="30.58389835059642791748046875" lon="114.4115857221186161041259765625">
        <ele>19.200000762939453125</ele>
        <time>2026-10-04T09:15:49.000Z</time>
        <extensions>
          <ns3:TrackPointExtension>
            <ns3:hr>68</ns3:hr>
          </ns3:TrackPointExtension>
        </extensions>
      </trkpt>
      <trkpt lat="30.5836581252515316009521484375" lon="114.411552362143993377685546875">
        <ele>19.200000762939453125</ele>
        <time>2026-10-04T09:15:59.000Z</time>
        <extensions>
          <ns3:TrackPointExtension>
            <ns3:hr>67</ns3:hr>
          </ns3:TrackPointExtension>
        </extensions>
      </trkpt>
      <trkpt lat="30.5834980309009552001953125" lon="114.41148723475635051727294921875">
        <ele>19.200000762939453125</ele>
        <time>2026-10-04T09:16:06.000Z</time>
        <extensions>
          <ns3:TrackPointExtension>
            <ns3:hr>68</ns3:hr>
          </ns3:TrackPointExtension>
        </extensions>
      </trkpt>
      <trkpt lat="30.5833352543413639068603515625" lon="114.41140123642981052398681640625">
        <ele>19.3999996185302734375</ele>
        <time>2026-10-04T09:16:13.000Z</time>
        <extensions>
          <ns3:TrackPointExtension>
            <ns3:hr>69</ns3:hr>
          </ns3:TrackPointExtension>
        </extensions>
      </trkpt>
      <trkpt lat="30.58315546251833438873291015625" lon="114.411328397691249847412109375">
        <ele>19.200000762939453125</ele>
        <time>2026-10-04T09:16:20.000Z</time>
        <extensions>
          <ns3:TrackPointExtension>
            <ns3:hr>69</ns3:hr>
          </ns3:TrackPointExtension>
        </extensions>
      </trkpt>
      <trkpt lat="30.58293082751333713531494140625" lon="114.4112839736044406890869140625">
        <ele>19</ele>
        <time>2026-10-04T09:16:27.000Z</time>
        <extensions>
          <ns3:TrackPointExtension>
            <ns3:hr>69</ns3:hr>
          </ns3:TrackPointExtension>
        </extensions>
      </trkpt>
      <trkpt lat="30.5826848186552524566650390625" lon="114.41122789867222309112548828125">
        <ele>18.799999237060546875</ele>
        <time>2026-10-04T09:16:35.000Z</time>
        <extensions>
          <ns3:TrackPointExtension>
            <ns3:hr>69</ns3:hr>
          </ns3:TrackPointExtension>
        </extensions>
      </trkpt>
      <trkpt lat="30.58247770182788372039794921875" lon="114.41115044988691806793212890625">
        <ele>18.799999237060546875</ele>
        <time>2026-10-04T09:16:43.000Z</time>
        <extensions>
          <ns3:TrackPointExtension>
            <ns3:hr>68</ns3:hr>
          </ns3:TrackPointExtension>
        </extensions>
      </trkpt>
      <trkpt lat="30.58229715563356876373291015625" lon="114.41107417456805706024169921875">
        <ele>19</ele>
        <time>2026-10-04T09:16:50.000Z</time>
        <extensions>
          <ns3:TrackPointExtension>
            <ns3:hr>70</ns3:hr>
          </ns3:TrackPointExtension>
        </extensions>
      </trkpt>
      <trkpt lat="30.58212138712406158447265625" lon="114.41101080738008022308349609375">
        <ele>19.200000762939453125</ele>
        <time>2026-10-04T09:16:57.000Z</time>
        <extensions>
          <ns3:TrackPointExtension>
            <ns3:hr>69</ns3:hr>
          </ns3:TrackPointExtension>
        </extensions>
      </trkpt>
      <trkpt lat="30.5819311179220676422119140625" lon="114.41104684956371784210205078125">
        <ele>19</ele>
        <time>2026-10-04T09:17:04.000Z</time>
        <extensions>
          <ns3:TrackPointExtension>
            <ns3:hr>71</ns3:hr>
          </ns3:TrackPointExtension>
        </extensions>
      </trkpt>
      <trkpt lat="30.58177538216114044189453125" lon="114.411116503179073333740234375">
        <ele>18.799999237060546875</ele>
        <time>2026-10-04T09:17:10.000Z</time>
        <extensions>
          <ns3:TrackPointExtension>
            <ns3:hr>70</ns3:hr>
          </ns3:TrackPointExtension>
        </extensions>
      </trkpt>
      <trkpt lat="30.58152585290372371673583984375" lon="114.41123493947088718414306640625">
        <ele>18.6000003814697265625</ele>
        <time>2026-10-04T09:17:19.000Z</time>
        <extensions>
          <ns3:TrackPointExtension>
            <ns3:hr>71</ns3:hr>
          </ns3:TrackPointExtension>
        </extensions>
      </trkpt>
      <trkpt lat="30.58137212879955768585205078125" lon="114.4113480113446712493896484375">
        <ele>19</ele>
        <time>2026-10-04T09:17:27.000Z</time>
        <extensions>
          <ns3:TrackPointExtension>
            <ns3:hr>73</ns3:hr>
          </ns3:TrackPointExtension>
        </extensions>
      </trkpt>
      <trkpt lat="30.5811982043087482452392578125" lon="114.4114060141146183013916015625">
        <ele>19.3999996185302734375</ele>
        <time>2026-10-04T09:17:34.000Z</time>
        <extensions>
          <ns3:TrackPointExtension>
            <ns3:hr>72</ns3:hr>
          </ns3:TrackPointExtension>
        </extensions>
      </trkpt>
      <trkpt lat="30.58096510358154773712158203125" lon="114.41148270852863788604736328125">
        <ele>19.200000762939453125</ele>
        <time>2026-10-04T09:17:42.000Z</time>
        <extensions>
          <ns3:TrackPointExtension>
            <ns3:hr>73</ns3:hr>
          </ns3:TrackPointExtension>
        </extensions>
      </trkpt>
      <trkpt lat="30.58083233423531055450439453125" lon="114.41151849925518035888671875">
        <ele>19.200000762939453125</ele>
        <time>2026-10-04T09:17:47.000Z</time>
        <extensions>
          <ns3:TrackPointExtension>
            <ns3:hr>74</ns3:hr>
          </ns3:TrackPointExtension>
        </extensions>
      </trkpt>
      <trkpt lat="30.58065212331712245941162109375" lon="114.41156485117971897125244140625">
        <ele>19.200000762939453125</ele>
        <time>2026-10-04T09:17:54.000Z</time>
        <extensions>
          <ns3:TrackPointExtension>
            <ns3:hr>74</ns3:hr>
          </ns3:TrackPointExtension>
        </extensions>
      </trkpt>
      <trkpt lat="30.5804644525051116943359375" lon="114.41160005517303943634033203125">
        <ele>19</ele>
        <time>2026-10-04T09:18:01.000Z</time>
        <extensions>
          <ns3:TrackPointExtension>
            <ns3:hr>75</ns3:hr>
          </ns3:TrackPointExtension>
        </extensions>
      </trkpt>
      <trkpt lat="30.58028876781463623046875" lon="114.41159485839307308197021484375">
        <ele>19</ele>
        <time>2026-10-04T09:18:07.000Z</time>
        <extensions>
          <ns3:TrackPointExtension>
            <ns3:hr>75</ns3:hr>
          </ns3:TrackPointExtension>
        </extensions>
      </trkpt>
      <trkpt lat="30.5800406634807586669921875" lon="114.41160508431494235992431640625">
        <ele>18.799999237060546875</ele>
        <time>2026-10-04T09:18:16.000Z</time>
        <extensions>
          <ns3:TrackPointExtension>
            <ns3:hr>74</ns3:hr>
          </ns3:TrackPointExtension>
        </extensions>
      </trkpt>
      <trkpt lat="30.579846203327178955078125" lon="114.41163106821477413177490234375">
        <ele>19</ele>
        <time>2026-10-04T09:18:23.000Z</time>
        <extensions>
          <ns3:TrackPointExtension>
            <ns3:hr>74</ns3:hr>
          </ns3:TrackPointExtension>
        </extensions>
      </trkpt>
      <trkpt lat="30.57969239540398120880126953125" lon="114.411651603877544403076171875">
        <ele>19</ele>
        <time>2026-10-04T09:18:29.000Z</time>
        <extensions>
          <ns3:TrackPointExtension>
            <ns3:hr>72</ns3:hr>
          </ns3:TrackPointExtension>
        </extensions>
      </trkpt>
      <trkpt lat="30.5794799141585826873779296875" lon="114.41169410012662410736083984375">
        <ele>19.200000762939453125</ele>
        <time>2026-10-04T09:18:38.000Z</time>
        <extensions>
          <ns3:TrackPointExtension>
            <ns3:hr>73</ns3:hr>
          </ns3:TrackPointExtension>
        </extensions>
      </trkpt>
      <trkpt lat="30.57929777540266513824462890625" lon="114.41171673126518726348876953125">
        <ele>19.200000762939453125</ele>
        <time>2026-10-04T09:18:45.000Z</time>
        <extensions>
          <ns3:TrackPointExtension>
            <ns3:hr>72</ns3:hr>
          </ns3:TrackPointExtension>
        </extensions>
      </trkpt>
      <trkpt lat="30.57912477292120456695556640625" lon="114.41173953004181385040283203125">
        <ele>19</ele>
        <time>2026-10-04T09:18:52.000Z</time>
        <extensions>
          <ns3:TrackPointExtension>
            <ns3:hr>72</ns3:hr>
          </ns3:TrackPointExtension>
        </extensions>
      </trkpt>
      <trkpt lat="30.57893953286111354827880859375" lon="114.41179485060274600982666015625">
        <ele>19.200000762939453125</ele>
        <time>2026-10-04T09:19:00.000Z</time>
        <extensions>
          <ns3:TrackPointExtension>
            <ns3:hr>73</ns3:hr>
          </ns3:TrackPointExtension>
        </extensions>
      </trkpt>
      <trkpt lat="30.57885521091520786285400390625" lon="114.41182485781610012054443359375">
        <ele>19.200000762939453125</ele>
        <time>2026-10-04T09:19:04.000Z</time>
        <extensions>
          <ns3:TrackPointExtension>
            <ns3:hr>76</ns3:hr>
          </ns3:TrackPointExtension>
        </extensions>
      </trkpt>
      <trkpt lat="30.578793771564960479736328125" lon="114.41184346564114093780517578125">
        <ele>19.3999996185302734375</ele>
        <time>2026-10-04T09:19:07.000Z</time>
        <extensions>
          <ns3:TrackPointExtension>
            <ns3:hr>79</ns3:hr>
          </ns3:TrackPointExtension>
        </extensions>
      </trkpt>
      <trkpt lat="30.57874339632689952850341796875" lon="114.41185268573462963104248046875">
        <ele>19.3999996185302734375</ele>
        <time>2026-10-04T09:19:09.000Z</time>
        <extensions>
          <ns3:TrackPointExtension>
            <ns3:hr>79</ns3:hr>
          </ns3:TrackPointExtension>
        </extensions>
      </trkpt>
      <trkpt lat="30.578530244529247283935546875" lon="114.4118998758494853973388671875">
        <ele>19.200000762939453125</ele>
        <time>2026-10-04T09:19:16.000Z</time>
        <extensions>
          <ns3:TrackPointExtension>
            <ns3:hr>79</ns3:hr>
          </ns3:TrackPointExtension>
        </extensions>
      </trkpt>
      <trkpt lat="30.5783081240952014923095703125" lon="114.411937259137630462646484375">
        <ele>19.200000762939453125</ele>
        <time>2026-10-04T09:19:24.000Z</time>
        <extensions>
          <ns3:TrackPointExtension>
            <ns3:hr>77</ns3:hr>
          </ns3:TrackPointExtension>
        </extensions>
      </trkpt>
      <trkpt lat="30.578112490475177764892578125" lon="114.41198713146150112152099609375">
        <ele>19.200000762939453125</ele>
        <time>2026-10-04T09:19:32.000Z</time>
        <extensions>
          <ns3:TrackPointExtension>
            <ns3:hr>76</ns3:hr>
          </ns3:TrackPointExtension>
        </extensions>
      </trkpt>
      <trkpt lat="30.57799288071691989898681640625" lon="114.41201898269355297088623046875">
        <ele>19.200000762939453125</ele>
        <time>2026-10-04T09:19:37.000Z</time>
        <extensions>
          <ns3:TrackPointExtension>
            <ns3:hr>79</ns3:hr>
          </ns3:TrackPointExtension>
        </extensions>
      </trkpt>
      <trkpt lat="30.57791442610323429107666015625" lon="114.41202552057802677154541015625">
        <ele>19.200000762939453125</ele>
        <time>2026-10-04T09:19:40.000Z</time>
        <extensions>
          <ns3:TrackPointExtension>
            <ns3:hr>80</ns3:hr>
          </ns3:TrackPointExtension>
        </extensions>
      </trkpt>
      <trkpt lat="30.577714182436466217041015625" lon="114.41204915754497051239013671875">
        <ele>20</ele>
        <time>2026-10-04T09:19:48.000Z</time>
        <extensions>
          <ns3:TrackPointExtension>
            <ns3:hr>79</ns3:hr>
          </ns3:TrackPointExtension>
        </extensions>
      </trkpt>
      <trkpt lat="30.57762801647186279296875" lon="114.41206005401909351348876953125">
        <ele>20.3999996185302734375</ele>
        <time>2026-10-04T09:19:52.000Z</time>
        <extensions>
          <ns3:TrackPointExtension>
            <ns3:hr>82</ns3:hr>
          </ns3:TrackPointExtension>
        </extensions>
      </trkpt>
      <trkpt lat="30.57756154797971248626708984375" lon="114.412058293819427490234375">
        <ele>20.6000003814697265625</ele>
        <time>2026-10-04T09:19:55.000Z</time>
        <extensions>
          <ns3:TrackPointExtension>
            <ns3:hr>81</ns3:hr>
          </ns3:TrackPointExtension>
        </extensions>
      </trkpt>
      <trkpt lat="30.5775386653840541839599609375" lon="114.4120594672858715057373046875">
        <ele>20.6000003814697265625</ele>
        <time>2026-10-04T09:19:56.000Z</time>
        <extensions>
          <ns3:TrackPointExtension>
            <ns3:hr>81</ns3:hr>
          </ns3:TrackPointExtension>
        </extensions>
      </trkpt>
      <trkpt lat="30.57746465317904949188232421875" lon="114.41207011230289936065673828125">
        <ele>21</ele>
        <time>2026-10-04T09:20:02.000Z</time>
        <extensions>
          <ns3:TrackPointExtension>
            <ns3:hr>80</ns3:hr>
          </ns3:TrackPointExtension>
        </extensions>
      </trkpt>
      <trkpt lat="30.577451325953006744384765625" lon="114.41207237541675567626953125">
        <ele>21.3999996185302734375</ele>
        <time>2026-10-04T09:20:08.000Z</time>
        <extensions>
          <ns3:TrackPointExtension>
            <ns3:hr>82</ns3:hr>
          </ns3:TrackPointExtension>
        </extensions>
      </trkpt>
      <trkpt lat="30.577402375638484954833984375" lon="114.41207044757902622222900390625">
        <ele>21.3999996185302734375</ele>
        <time>2026-10-04T09:20:12.000Z</time>
        <extensions>
          <ns3:TrackPointExtension>
            <ns3:hr>85</ns3:hr>
          </ns3:TrackPointExtension>
        </extensions>
      </trkpt>
      <trkpt lat="30.57736021466553211212158203125" lon="114.4120732136070728302001953125">
        <ele>21.3999996185302734375</ele>
        <time>2026-10-04T09:20:15.000Z</time>
        <extensions>
          <ns3:TrackPointExtension>
            <ns3:hr>85</ns3:hr>
          </ns3:TrackPointExtension>
        </extensions>
      </trkpt>
      <trkpt lat="30.57730522938072681427001953125" lon="114.4120792485773563385009765625">
        <ele>21.200000762939453125</ele>
        <time>2026-10-04T09:20:19.000Z</time>
        <extensions>
          <ns3:TrackPointExtension>
            <ns3:hr>84</ns3:hr>
          </ns3:TrackPointExtension>
        </extensions>
      </trkpt>
      <trkpt lat="30.57726616971194744110107421875" lon="114.4120732136070728302001953125">
        <ele>21.200000762939453125</ele>
        <time>2026-10-04T09:20:21.000Z</time>
        <extensions>
          <ns3:TrackPointExtension>
            <ns3:hr>83</ns3:hr>
          </ns3:TrackPointExtension>
        </extensions>
      </trkpt>
      <trkpt lat="30.5771591328084468841552734375" lon="114.41206189803779125213623046875">
        <ele>21.200000762939453125</ele>
        <time>2026-10-04T09:20:26.000Z</time>
        <extensions>
          <ns3:TrackPointExtension>
            <ns3:hr>83</ns3:hr>
          </ns3:TrackPointExtension>
        </extensions>
      </trkpt>
      <trkpt lat="30.57704740203917026519775390625" lon="114.4120571203529834747314453125">
        <ele>21.200000762939453125</ele>
        <time>2026-10-04T09:20:31.000Z</time>
        <extensions>
          <ns3:TrackPointExtension>
            <ns3:hr>79</ns3:hr>
          </ns3:TrackPointExtension>
        </extensions>
      </trkpt>
      <trkpt lat="30.5769633315503597259521484375" lon="114.41205100156366825103759765625">
        <ele>21.200000762939453125</ele>
        <time>2026-10-04T09:20:35.000Z</time>
        <extensions>
          <ns3:TrackPointExtension>
            <ns3:hr>76</ns3:hr>
          </ns3:TrackPointExtension>
        </extensions>
      </trkpt>
      <trkpt lat="30.5769070051610469818115234375" lon="114.4120527617633342742919921875">
        <ele>21.200000762939453125</ele>
        <time>2026-10-04T09:20:41.000Z</time>
        <extensions>
          <ns3:TrackPointExtension>
            <ns3:hr>75</ns3:hr>
          </ns3:TrackPointExtension>
        </extensions>
      </trkpt>
      <trkpt lat="30.5769070051610469818115234375" lon="114.4120527617633342742919921875">
        <ele>20.799999237060546875</ele>
        <time>2026-10-04T09:20:49.000Z</time>
        <extensions>
          <ns3:TrackPointExtension>
            <ns3:hr>74</ns3:hr>
          </ns3:TrackPointExtension>
        </extensions>
      </trkpt>
      <trkpt lat="30.5769070051610469818115234375" lon="114.4120527617633342742919921875">
        <ele>20.3999996185302734375</ele>
        <time>2026-10-04T09:20:57.000Z</time>
        <extensions>
          <ns3:TrackPointExtension>
            <ns3:hr>70</ns3:hr>
          </ns3:TrackPointExtension>
        </extensions>
      </trkpt>
      <trkpt lat="30.5769070051610469818115234375" lon="114.4120527617633342742919921875">
        <ele>20.6000003814697265625</ele>
        <time>2026-10-04T09:20:58.000Z</time>
        <extensions>
          <ns3:TrackPointExtension>
            <ns3:hr>69</ns3:hr>
          </ns3:TrackPointExtension>
        </extensions>
      </trkpt>
      <trkpt lat="30.5768848769366741180419921875" lon="114.41205888055264949798583984375">
        <ele>21</ele>
        <time>2026-10-04T09:21:03.000Z</time>
        <extensions>
          <ns3:TrackPointExtension>
            <ns3:hr>67</ns3:hr>
          </ns3:TrackPointExtension>
        </extensions>
      </trkpt>
      <trkpt lat="30.57684288360178470611572265625" lon="114.412024430930614471435546875">
        <ele>21</ele>
        <time>2026-10-04T09:21:09.000Z</time>
        <extensions>
          <ns3:TrackPointExtension>
            <ns3:hr>70</ns3:hr>
          </ns3:TrackPointExtension>
        </extensions>
      </trkpt>
      <trkpt lat="30.57680231519043445587158203125" lon="114.4119357503950595855712890625">
        <ele>21.200000762939453125</ele>
        <time>2026-10-04T09:21:14.000Z</time>
        <extensions>
          <ns3:TrackPointExtension>
            <ns3:hr>71</ns3:hr>
          </ns3:TrackPointExtension>
        </extensions>
      </trkpt>
      <trkpt lat="30.576785467565059661865234375" lon="114.411755539476871490478515625">
        <ele>20.799999237060546875</ele>
        <time>2026-10-04T09:21:20.000Z</time>
        <extensions>
          <ns3:TrackPointExtension>
            <ns3:hr>70</ns3:hr>
          </ns3:TrackPointExtension>
        </extensions>
      </trkpt>
      <trkpt lat="30.57675269432365894317626953125" lon="114.41150902770459651947021484375">
        <ele>20.200000762939453125</ele>
        <time>2026-10-04T09:21:26.000Z</time>
        <extensions>
          <ns3:TrackPointExtension>
            <ns3:hr>70</ns3:hr>
          </ns3:TrackPointExtension>
        </extensions>
      </trkpt>
      <trkpt lat="30.5767088569700717926025390625" lon="114.41126343794167041778564453125">
        <ele>20.3999996185302734375</ele>
        <time>2026-10-04T09:21:33.000Z</time>
        <extensions>
          <ns3:TrackPointExtension>
            <ns3:hr>72</ns3:hr>
          </ns3:TrackPointExtension>
        </extensions>
      </trkpt>
      <trkpt lat="30.57668999768793582916259765625" lon="114.41105841659009456634521484375">
        <ele>20.6000003814697265625</ele>
        <time>2026-10-04T09:21:39.000Z</time>
        <extensions>
          <ns3:TrackPointExtension>
            <ns3:hr>71</ns3:hr>
          </ns3:TrackPointExtension>
        </extensions>
      </trkpt>
      <trkpt lat="30.5766552127897739410400390625" lon="114.41081567667424678802490234375">
        <ele>20.799999237060546875</ele>
        <time>2026-10-04T09:21:47.000Z</time>
        <extensions>
          <ns3:TrackPointExtension>
            <ns3:hr>69</ns3:hr>
          </ns3:TrackPointExtension>
        </extensions>
      </trkpt>
      <trkpt lat="30.5766260437667369842529296875" lon="114.4105832464993000030517578125">
        <ele>20.3999996185302734375</ele>
        <time>2026-10-04T09:21:55.000Z</time>
        <extensions>
          <ns3:TrackPointExtension>
            <ns3:hr>69</ns3:hr>
          </ns3:TrackPointExtension>
        </extensions>
      </trkpt>
      <trkpt lat="30.57664372958242893218994140625" lon="114.41046782769262790679931640625">
        <ele>20.200000762939453125</ele>
        <time>2026-10-04T09:21:59.000Z</time>
        <extensions>
          <ns3:TrackPointExtension>
            <ns3:hr>69</ns3:hr>
          </ns3:TrackPointExtension>
        </extensions>
      </trkpt>
      <trkpt lat="30.5767195858061313629150390625" lon="114.41028007306158542633056640625">
        <ele>20</ele>
        <time>2026-10-04T09:22:05.000Z</time>
        <extensions>
          <ns3:TrackPointExtension>
            <ns3:hr>69</ns3:hr>
          </ns3:TrackPointExtension>
        </extensions>
      </trkpt>
      <trkpt lat="30.576829724013805389404296875" lon="114.41011344082653522491455078125">
        <ele>20.6000003814697265625</ele>
        <time>2026-10-04T09:22:12.000Z</time>
        <extensions>
          <ns3:TrackPointExtension>
            <ns3:hr>68</ns3:hr>
          </ns3:TrackPointExtension>
        </extensions>
      </trkpt>
      <trkpt lat="30.57688169181346893310546875" lon="114.40999408252537250518798828125">
        <ele>20.3999996185302734375</ele>
        <time>2026-10-04T09:22:17.000Z</time>
        <extensions>
          <ns3:TrackPointExtension>
            <ns3:hr>68</ns3:hr>
          </ns3:TrackPointExtension>
        </extensions>
      </trkpt>
      <trkpt lat="30.57690859772264957427978515625" lon="114.40982527099549770355224609375">
        <ele>20.200000762939453125</ele>
        <time>2026-10-04T09:22:23.000Z</time>
        <extensions>
          <ns3:TrackPointExtension>
            <ns3:hr>67</ns3:hr>
          </ns3:TrackPointExtension>
        </extensions>
      </trkpt>
      <trkpt lat="30.57691295631229877471923828125" lon="114.409698955714702606201171875">
        <ele>20.3999996185302734375</ele>
        <time>2026-10-04T09:22:28.000Z</time>
        <extensions>
          <ns3:TrackPointExtension>
            <ns3:hr>70</ns3:hr>
          </ns3:TrackPointExtension>
        </extensions>
      </trkpt>
      <trkpt lat="30.57690490968525409698486328125" lon="114.4096402823925018310546875">
        <ele>20.3999996185302734375</ele>
        <time>2026-10-04T09:22:30.000Z</time>
        <extensions>
          <ns3:TrackPointExtension>
            <ns3:hr>71</ns3:hr>
          </ns3:TrackPointExtension>
        </extensions>
      </trkpt>
      <trkpt lat="30.57690289802849292755126953125" lon="114.4095841236412525177001953125">
        <ele>20.3999996185302734375</ele>
        <time>2026-10-04T09:22:32.000Z</time>
        <extensions>
          <ns3:TrackPointExtension>
            <ns3:hr>74</ns3:hr>
          </ns3:TrackPointExtension>
        </extensions>
      </trkpt>
      <trkpt lat="30.57690440677106380462646484375" lon="114.4094949401915073394775390625">
        <ele>20.3999996185302734375</ele>
        <time>2026-10-04T09:22:35.000Z</time>
        <extensions>
          <ns3:TrackPointExtension>
            <ns3:hr>77</ns3:hr>
          </ns3:TrackPointExtension>
        </extensions>
      </trkpt>
      <trkpt lat="30.5769066698849201202392578125" lon="114.4094364345073699951171875">
        <ele>20.3999996185302734375</ele>
        <time>2026-10-04T09:22:37.000Z</time>
        <extensions>
          <ns3:TrackPointExtension>
            <ns3:hr>80</ns3:hr>
          </ns3:TrackPointExtension>
        </extensions>
      </trkpt>
      <trkpt lat="30.576906837522983551025390625" lon="114.4094074331223964691162109375">
        <ele>20.200000762939453125</ele>
        <time>2026-10-04T09:22:38.000Z</time>
        <extensions>
          <ns3:TrackPointExtension>
            <ns3:hr>80</ns3:hr>
          </ns3:TrackPointExtension>
        </extensions>
      </trkpt>
      <trkpt lat="30.576902143657207489013671875" lon="114.40919176675379276275634765625">
        <ele>20</ele>
        <time>2026-10-04T09:22:46.000Z</time>
        <extensions>
          <ns3:TrackPointExtension>
            <ns3:hr>79</ns3:hr>
          </ns3:TrackPointExtension>
        </extensions>
      </trkpt>
      <trkpt lat="30.5768972821533679962158203125" lon="114.4091360270977020263671875">
        <ele>20.200000762939453125</ele>
        <time>2026-10-04T09:22:48.000Z</time>
        <extensions>
          <ns3:TrackPointExtension>
            <ns3:hr>84</ns3:hr>
          </ns3:TrackPointExtension>
        </extensions>
      </trkpt>
      <trkpt lat="30.5768945999443531036376953125" lon="114.409106187522411346435546875">
        <ele>20.200000762939453125</ele>
        <time>2026-10-04T09:22:49.000Z</time>
        <extensions>
          <ns3:TrackPointExtension>
            <ns3:hr>88</ns3:hr>
          </ns3:TrackPointExtension>
        </extensions>
      </trkpt>
      <trkpt lat="30.5769002996385097503662109375" lon="114.40905162133276462554931640625">
        <ele>20.6000003814697265625</ele>
        <time>2026-10-04T09:22:51.000Z</time>
        <extensions>
          <ns3:TrackPointExtension>
            <ns3:hr>91</ns3:hr>
          </ns3:TrackPointExtension>
        </extensions>
      </trkpt>
      <trkpt lat="30.57695151306688785552978515625" lon="114.40893276594579219818115234375">
        <ele>20.6000003814697265625</ele>
        <time>2026-10-04T09:22:56.000Z</time>
        <extensions>
          <ns3:TrackPointExtension>
            <ns3:hr>90</ns3:hr>
          </ns3:TrackPointExtension>
        </extensions>
      </trkpt>
      <trkpt lat="30.57704555802047252655029296875" lon="114.40887358970940113067626953125">
        <ele>20.799999237060546875</ele>
        <time>2026-10-04T09:23:01.000Z</time>
        <extensions>
          <ns3:TrackPointExtension>
            <ns3:hr>89</ns3:hr>
          </ns3:TrackPointExtension>
        </extensions>
      </trkpt>
      <trkpt lat="30.5771680176258087158203125" lon="114.408854730427265167236328125">
        <ele>20.3999996185302734375</ele>
        <time>2026-10-04T09:23:08.000Z</time>
        <extensions>
          <ns3:TrackPointExtension>
            <ns3:hr>86</ns3:hr>
          </ns3:TrackPointExtension>
        </extensions>
      </trkpt>
      <trkpt lat="30.5772578716278076171875" lon="114.40889856778085231781005859375">
        <ele>20.6000003814697265625</ele>
        <time>2026-10-04T09:23:13.000Z</time>
        <extensions>
          <ns3:TrackPointExtension>
            <ns3:hr>83</ns3:hr>
          </ns3:TrackPointExtension>
        </extensions>
      </trkpt>
      <trkpt lat="30.57733632624149322509765625" lon="114.408925473690032958984375">
        <ele>20.799999237060546875</ele>
        <time>2026-10-04T09:23:17.000Z</time>
        <extensions>
          <ns3:TrackPointExtension>
            <ns3:hr>80</ns3:hr>
          </ns3:TrackPointExtension>
        </extensions>
      </trkpt>
      <trkpt lat="30.57737798430025577545166015625" lon="114.40892941318452358245849609375">
        <ele>20.799999237060546875</ele>
        <time>2026-10-04T09:23:19.000Z</time>
        <extensions>
          <ns3:TrackPointExtension>
            <ns3:hr>80</ns3:hr>
          </ns3:TrackPointExtension>
        </extensions>
      </trkpt>
      <trkpt lat="30.5774823389947414398193359375" lon="114.408988170325756072998046875">
        <ele>20.799999237060546875</ele>
        <time>2026-10-04T09:23:25.000Z</time>
        <extensions>
          <ns3:TrackPointExtension>
            <ns3:hr>77</ns3:hr>
          </ns3:TrackPointExtension>
        </extensions>
      </trkpt>
      <trkpt lat="30.57761083357036113739013671875" lon="114.40903217531740665435791015625">
        <ele>20.3999996185302734375</ele>
        <time>2026-10-04T09:23:31.000Z</time>
        <extensions>
          <ns3:TrackPointExtension>
            <ns3:hr>76</ns3:hr>
          </ns3:TrackPointExtension>
        </extensions>
      </trkpt>
      <trkpt lat="30.5777103267610073089599609375" lon="114.4090681336820125579833984375">
        <ele>21</ele>
        <time>2026-10-04T09:23:36.000Z</time>
        <extensions>
          <ns3:TrackPointExtension>
            <ns3:hr>79</ns3:hr>
          </ns3:TrackPointExtension>
        </extensions>
      </trkpt>
      <trkpt lat="30.577754080295562744140625" lon="114.40908364020287990570068359375">
        <ele>21</ele>
        <time>2026-10-04T09:23:38.000Z</time>
        <extensions>
          <ns3:TrackPointExtension>
            <ns3:hr>79</ns3:hr>
          </ns3:TrackPointExtension>
        </extensions>
      </trkpt>
      <trkpt lat="30.5778546631336212158203125" lon="114.4091341830790042877197265625">
        <ele>20.3999996185302734375</ele>
        <time>2026-10-04T09:23:44.000Z</time>
        <extensions>
          <ns3:TrackPointExtension>
            <ns3:hr>79</ns3:hr>
          </ns3:TrackPointExtension>
        </extensions>
      </trkpt>
      <trkpt lat="30.57790227234363555908203125" lon="114.409188330173492431640625">
        <ele>21.6000003814697265625</ele>
        <time>2026-10-04T09:23:49.000Z</time>
        <extensions>
          <ns3:TrackPointExtension>
            <ns3:hr>80</ns3:hr>
          </ns3:TrackPointExtension>
        </extensions>
      </trkpt>
      <trkpt lat="30.57790361344814300537109375" lon="114.40919629298150539398193359375">
        <ele>21.6000003814697265625</ele>
        <time>2026-10-04T09:23:50.000Z</time>
        <extensions>
          <ns3:TrackPointExtension>
            <ns3:hr>80</ns3:hr>
          </ns3:TrackPointExtension>
        </extensions>
      </trkpt>
      <trkpt lat="30.57790621183812618255615234375" lon="114.40920182503759860992431640625">
        <ele>21.3999996185302734375</ele>
        <time>2026-10-04T09:23:58.000Z</time>
        <extensions>
          <ns3:TrackPointExtension>
            <ns3:hr>77</ns3:hr>
          </ns3:TrackPointExtension>
        </extensions>
      </trkpt>
      <trkpt lat="30.57790621183812618255615234375" lon="114.40920182503759860992431640625">
        <ele>21.3999996185302734375</ele>
        <time>2026-10-04T09:24:01.000Z</time>
        <extensions>
          <ns3:TrackPointExtension>
            <ns3:hr>74</ns3:hr>
          </ns3:TrackPointExtension>
        </extensions>
      </trkpt>
      <trkpt lat="30.5779379792511463165283203125" lon="114.4092009030282497406005859375">
        <ele>21.3999996185302734375</ele>
        <time>2026-10-04T09:24:08.000Z</time>
        <extensions>
          <ns3:TrackPointExtension>
            <ns3:hr>72</ns3:hr>
          </ns3:TrackPointExtension>
        </extensions>
      </trkpt>
      <trkpt lat="30.5779691599309444427490234375" lon="114.409190677106380462646484375">
        <ele>21.3999996185302734375</ele>
        <time>2026-10-04T09:24:14.000Z</time>
        <extensions>
          <ns3:TrackPointExtension>
            <ns3:hr>71</ns3:hr>
          </ns3:TrackPointExtension>
        </extensions>
      </trkpt>
      <trkpt lat="30.5780489556491374969482421875" lon="114.40923049114644527435302734375">
        <ele>20.799999237060546875</ele>
        <time>2026-10-04T09:24:20.000Z</time>
        <extensions>
          <ns3:TrackPointExtension>
            <ns3:hr>73</ns3:hr>
          </ns3:TrackPointExtension>
        </extensions>
      </trkpt>
      <trkpt lat="30.57816185988485813140869140625" lon="114.40926619805395603179931640625">
        <ele>21.200000762939453125</ele>
        <time>2026-10-04T09:24:27.000Z</time>
        <extensions>
          <ns3:TrackPointExtension>
            <ns3:hr>73</ns3:hr>
          </ns3:TrackPointExtension>
        </extensions>
      </trkpt>
      <trkpt lat="30.5783165059983730316162109375" lon="114.409327469766139984130859375">
        <ele>21</ele>
        <time>2026-10-04T09:24:34.000Z</time>
        <extensions>
          <ns3:TrackPointExtension>
            <ns3:hr>74</ns3:hr>
          </ns3:TrackPointExtension>
        </extensions>
      </trkpt>
      <trkpt lat="30.578467212617397308349609375" lon="114.4093397073447704315185546875">
        <ele>20.799999237060546875</ele>
        <time>2026-10-04T09:24:40.000Z</time>
        <extensions>
          <ns3:TrackPointExtension>
            <ns3:hr>73</ns3:hr>
          </ns3:TrackPointExtension>
        </extensions>
      </trkpt>
      <trkpt lat="30.5785709805786609649658203125" lon="114.40923552028834819793701171875">
        <ele>20.6000003814697265625</ele>
        <time>2026-10-04T09:24:45.000Z</time>
        <extensions>
          <ns3:TrackPointExtension>
            <ns3:hr>73</ns3:hr>
          </ns3:TrackPointExtension>
        </extensions>
      </trkpt>
      <trkpt lat="30.57858699001371860504150390625" lon="114.4092082791030406951904296875">
        <ele>20.6000003814697265625</ele>
        <time>2026-10-04T09:24:46.000Z</time>
        <extensions>
          <ns3:TrackPointExtension>
            <ns3:hr>72</ns3:hr>
          </ns3:TrackPointExtension>
        </extensions>
      </trkpt>
      <trkpt lat="30.5786645226180553436279296875" lon="114.40896914340555667877197265625">
        <ele>20.200000762939453125</ele>
        <time>2026-10-04T09:24:53.000Z</time>
        <extensions>
          <ns3:TrackPointExtension>
            <ns3:hr>72</ns3:hr>
          </ns3:TrackPointExtension>
        </extensions>
      </trkpt>
      <trkpt lat="30.578766278922557830810546875" lon="114.40870888531208038330078125">
        <ele>19.6000003814697265625</ele>
        <time>2026-10-04T09:25:00.000Z</time>
        <extensions>
          <ns3:TrackPointExtension>
            <ns3:hr>72</ns3:hr>
          </ns3:TrackPointExtension>
        </extensions>
      </trkpt>
      <trkpt lat="30.578801818192005157470703125" lon="114.40864057280123233795166015625">
        <ele>19.3999996185302734375</ele>
        <time>2026-10-04T09:25:02.000Z</time>
        <extensions>
          <ns3:TrackPointExtension>
            <ns3:hr>71</ns3:hr>
          </ns3:TrackPointExtension>
        </extensions>
      </trkpt>
      <trkpt lat="30.578934587538242340087890625" lon="114.4084746949374675750732421875">
        <ele>18.6000003814697265625</ele>
        <time>2026-10-04T09:25:08.000Z</time>
        <extensions>
          <ns3:TrackPointExtension>
            <ns3:hr>72</ns3:hr>
          </ns3:TrackPointExtension>
        </extensions>
      </trkpt>
      <trkpt lat="30.57896031998097896575927734375" lon="114.40845063887536525726318359375">
        <ele>18.3999996185302734375</ele>
        <time>2026-10-04T09:25:09.000Z</time>
        <extensions>
          <ns3:TrackPointExtension>
            <ns3:hr>70</ns3:hr>
          </ns3:TrackPointExtension>
        </extensions>
      </trkpt>
      <trkpt lat="30.5790088512003421783447265625" lon="114.4083925522863864898681640625">
        <ele>18.200000762939453125</ele>
        <time>2026-10-04T09:25:11.000Z</time>
        <extensions>
          <ns3:TrackPointExtension>
            <ns3:hr>67</ns3:hr>
          </ns3:TrackPointExtension>
        </extensions>
      </trkpt>
      <trkpt lat="30.57906526140868663787841796875" lon="114.40835391171276569366455078125">
        <ele>18</ele>
        <time>2026-10-04T09:25:13.000Z</time>
        <extensions>
          <ns3:TrackPointExtension>
            <ns3:hr>63</ns3:hr>
          </ns3:TrackPointExtension>
        </extensions>
      </trkpt>
      <trkpt lat="30.5790946818888187408447265625" lon="114.408335052430629730224609375">
        <ele>18</ele>
        <time>2026-10-04T09:25:14.000Z</time>
        <extensions>
          <ns3:TrackPointExtension>
            <ns3:hr>62</ns3:hr>
          </ns3:TrackPointExtension>
        </extensions>
      </trkpt>
      <trkpt lat="30.579298697412014007568359375" lon="114.40823019482195377349853515625">
        <ele>18</ele>
        <time>2026-10-04T09:25:22.000Z</time>
        <extensions>
          <ns3:TrackPointExtension>
            <ns3:hr>59</ns3:hr>
          </ns3:TrackPointExtension>
        </extensions>
      </trkpt>
      <trkpt lat="30.57945569045841693878173828125" lon="114.40814402885735034942626953125">
        <ele>17.6000003814697265625</ele>
        <time>2026-10-04T09:25:29.000Z</time>
        <extensions>
          <ns3:TrackPointExtension>
            <ns3:hr>58</ns3:hr>
          </ns3:TrackPointExtension>
        </extensions>
      </trkpt>
      <trkpt lat="30.57957303710281848907470703125" lon="114.40791428089141845703125">
        <ele>17.6000003814697265625</ele>
        <time>2026-10-04T09:25:37.000Z</time>
        <extensions>
          <ns3:TrackPointExtension>
            <ns3:hr>58</ns3:hr>
          </ns3:TrackPointExtension>
        </extensions>
      </trkpt>
      <trkpt lat="30.579599104821681976318359375" lon="114.40786072053015232086181640625">
        <ele>17.200000762939453125</ele>
        <time>2026-10-04T09:25:39.000Z</time>
        <extensions>
          <ns3:TrackPointExtension>
            <ns3:hr>62</ns3:hr>
          </ns3:TrackPointExtension>
        </extensions>
      </trkpt>
      <trkpt lat="30.57960924692451953887939453125" lon="114.40783674828708171844482421875">
        <ele>17.200000762939453125</ele>
        <time>2026-10-04T09:25:40.000Z</time>
        <extensions>
          <ns3:TrackPointExtension>
            <ns3:hr>65</ns3:hr>
          </ns3:TrackPointExtension>
        </extensions>
      </trkpt>
      <trkpt lat="30.579629950225353240966796875" lon="114.40778494812548160552978515625">
        <ele>17.3999996185302734375</ele>
        <time>2026-10-04T09:25:42.000Z</time>
        <extensions>
          <ns3:TrackPointExtension>
            <ns3:hr>68</ns3:hr>
          </ns3:TrackPointExtension>
        </extensions>
      </trkpt>
      <trkpt lat="30.57967194356024265289306640625" lon="114.407708756625652313232421875">
        <ele>17.3999996185302734375</ele>
        <time>2026-10-04T09:25:45.000Z</time>
        <extensions>
          <ns3:TrackPointExtension>
            <ns3:hr>69</ns3:hr>
          </ns3:TrackPointExtension>
        </extensions>
      </trkpt>
      <trkpt lat="30.57972961105406284332275390625" lon="114.40755913965404033660888671875">
        <ele>18.200000762939453125</ele>
        <time>2026-10-04T09:25:51.000Z</time>
        <extensions>
          <ns3:TrackPointExtension>
            <ns3:hr>70</ns3:hr>
          </ns3:TrackPointExtension>
        </extensions>
      </trkpt>
      <trkpt lat="30.57979633100330829620361328125" lon="114.4074648432433605194091796875">
        <ele>17.3999996185302734375</ele>
        <time>2026-10-04T09:25:55.000Z</time>
        <extensions>
          <ns3:TrackPointExtension>
            <ns3:hr>67</ns3:hr>
          </ns3:TrackPointExtension>
        </extensions>
      </trkpt>
      <trkpt lat="30.5798349715769290924072265625" lon="114.4073979556560516357421875">
        <ele>17.6000003814697265625</ele>
        <time>2026-10-04T09:25:58.000Z</time>
        <extensions>
          <ns3:TrackPointExtension>
            <ns3:hr>67</ns3:hr>
          </ns3:TrackPointExtension>
        </extensions>
      </trkpt>
      <trkpt lat="30.579855926334857940673828125" lon="114.40738010220229625701904296875">
        <ele>17.799999237060546875</ele>
        <time>2026-10-04T09:26:02.000Z</time>
        <extensions>
          <ns3:TrackPointExtension>
            <ns3:hr>67</ns3:hr>
          </ns3:TrackPointExtension>
        </extensions>
      </trkpt>
      <trkpt lat="30.5798591114580631256103515625" lon="114.407368116080760955810546875">
        <ele>17.799999237060546875</ele>
        <time>2026-10-04T09:26:09.000Z</time>
        <extensions>
          <ns3:TrackPointExtension>
            <ns3:hr>66</ns3:hr>
          </ns3:TrackPointExtension>
        </extensions>
      </trkpt>
      <trkpt lat="30.57992172427475452423095703125" lon="114.40729443915188312530517578125">
        <ele>17.3999996185302734375</ele>
        <time>2026-10-04T09:26:14.000Z</time>
        <extensions>
          <ns3:TrackPointExtension>
            <ns3:hr>66</ns3:hr>
          </ns3:TrackPointExtension>
        </extensions>
      </trkpt>
      <trkpt lat="30.57993027381598949432373046875" lon="114.4072874821722507476806640625">
        <ele>17.799999237060546875</ele>
        <time>2026-10-04T09:26:18.000Z</time>
        <extensions>
          <ns3:TrackPointExtension>
            <ns3:hr>66</ns3:hr>
          </ns3:TrackPointExtension>
        </extensions>
      </trkpt>
      <trkpt lat="30.57993027381598949432373046875" lon="114.4072874821722507476806640625">
        <ele>18</ele>
        <time>2026-10-04T09:26:21.000Z</time>
        <extensions>
          <ns3:TrackPointExtension>
            <ns3:hr>69</ns3:hr>
          </ns3:TrackPointExtension>
        </extensions>
      </trkpt>
      <trkpt lat="30.57993027381598949432373046875" lon="114.4072874821722507476806640625">
        <ele>18</ele>
        <time>2026-10-04T09:26:22.000Z</time>
        <extensions>
          <ns3:TrackPointExtension>
            <ns3:hr>73</ns3:hr>
          </ns3:TrackPointExtension>
        </extensions>
      </trkpt>
      <trkpt lat="30.57993027381598949432373046875" lon="114.4072874821722507476806640625">
        <ele>18.200000762939453125</ele>
        <time>2026-10-04T09:26:23.000Z</time>
        <extensions>
          <ns3:TrackPointExtension>
            <ns3:hr>76</ns3:hr>
          </ns3:TrackPointExtension>
        </extensions>
      </trkpt>
      <trkpt lat="30.579929351806640625" lon="114.40728773362934589385986328125">
        <ele>18.200000762939453125</ele>
        <time>2026-10-04T09:26:27.000Z</time>
        <extensions>
          <ns3:TrackPointExtension>
            <ns3:hr>77</ns3:hr>
          </ns3:TrackPointExtension>
        </extensions>
      </trkpt>
      <trkpt lat="30.57992557995021343231201171875" lon="114.4072687067091464996337890625">
        <ele>17.6000003814697265625</ele>
        <time>2026-10-04T09:26:34.000Z</time>
        <extensions>
          <ns3:TrackPointExtension>
            <ns3:hr>75</ns3:hr>
          </ns3:TrackPointExtension>
        </extensions>
      </trkpt>
      <trkpt lat="30.57989255525171756744384765625" lon="114.40720877610146999359130859375">
        <ele>18</ele>
        <time>2026-10-04T09:26:38.000Z</time>
        <extensions>
          <ns3:TrackPointExtension>
            <ns3:hr>75</ns3:hr>
          </ns3:TrackPointExtension>
        </extensions>
      </trkpt>
      <trkpt lat="30.57989339344203472137451171875" lon="114.40719318576157093048095703125">
        <ele>18.200000762939453125</ele>
        <time>2026-10-04T09:26:39.000Z</time>
        <extensions>
          <ns3:TrackPointExtension>
            <ns3:hr>76</ns3:hr>
          </ns3:TrackPointExtension>
        </extensions>
      </trkpt>
      <trkpt lat="30.57988920249044895172119140625" lon="114.40715747885406017303466796875">
        <ele>18.799999237060546875</ele>
        <time>2026-10-04T09:26:44.000Z</time>
        <extensions>
          <ns3:TrackPointExtension>
            <ns3:hr>77</ns3:hr>
          </ns3:TrackPointExtension>
        </extensions>
      </trkpt>
      <trkpt lat="30.57988920249044895172119140625" lon="114.40715747885406017303466796875">
        <ele>18.200000762939453125</ele>
        <time>2026-10-04T09:26:56.000Z</time>
        <extensions>
          <ns3:TrackPointExtension>
            <ns3:hr>76</ns3:hr>
          </ns3:TrackPointExtension>
        </extensions>
      </trkpt>
      <trkpt lat="30.57991082780063152313232421875" lon="114.40719737671315670013427734375">
        <ele>18</ele>
        <time>2026-10-04T09:27:03.000Z</time>
        <extensions>
          <ns3:TrackPointExtension>
            <ns3:hr>75</ns3:hr>
          </ns3:TrackPointExtension>
        </extensions>
      </trkpt>
      <trkpt lat="30.57993278838694095611572265625" lon="114.40727113746106624603271484375">
        <ele>18</ele>
        <time>2026-10-04T09:27:09.000Z</time>
        <extensions>
          <ns3:TrackPointExtension>
            <ns3:hr>76</ns3:hr>
          </ns3:TrackPointExtension>
        </extensions>
      </trkpt>
      <trkpt lat="30.57993882335722446441650390625" lon="114.4072931818664073944091796875">
        <ele>17.200000762939453125</ele>
        <time>2026-10-04T09:27:14.000Z</time>
        <extensions>
          <ns3:TrackPointExtension>
            <ns3:hr>76</ns3:hr>
          </ns3:TrackPointExtension>
        </extensions>
      </trkpt>
      <trkpt lat="30.57998324744403362274169921875" lon="114.40725303255021572113037109375">
        <ele>17</ele>
        <time>2026-10-04T09:27:20.000Z</time>
        <extensions>
          <ns3:TrackPointExtension>
            <ns3:hr>76</ns3:hr>
          </ns3:TrackPointExtension>
        </extensions>
      </trkpt>
      <trkpt lat="30.58012791909277439117431640625" lon="114.407163597643375396728515625">
        <ele>16.799999237060546875</ele>
        <time>2026-10-04T09:27:27.000Z</time>
        <extensions>
          <ns3:TrackPointExtension>
            <ns3:hr>76</ns3:hr>
          </ns3:TrackPointExtension>
        </extensions>
      </trkpt>
      <trkpt lat="30.5802426673471927642822265625" lon="114.4070916809141635894775390625">
        <ele>16.799999237060546875</ele>
        <time>2026-10-04T09:27:32.000Z</time>
        <extensions>
          <ns3:TrackPointExtension>
            <ns3:hr>81</ns3:hr>
          </ns3:TrackPointExtension>
        </extensions>
      </trkpt>
      <trkpt lat="30.58031366206705570220947265625" lon="114.4070578180253505706787109375">
        <ele>17</ele>
        <time>2026-10-04T09:27:35.000Z</time>
        <extensions>
          <ns3:TrackPointExtension>
            <ns3:hr>84</ns3:hr>
          </ns3:TrackPointExtension>
        </extensions>
      </trkpt>
      <trkpt lat="30.580414831638336181640625" lon="114.40701909363269805908203125">
        <ele>16.6000003814697265625</ele>
        <time>2026-10-04T09:27:39.000Z</time>
        <extensions>
          <ns3:TrackPointExtension>
            <ns3:hr>81</ns3:hr>
          </ns3:TrackPointExtension>
        </extensions>
      </trkpt>
      <trkpt lat="30.5805377103388309478759765625" lon="114.40700124017894268035888671875">
        <ele>16.799999237060546875</ele>
        <time>2026-10-04T09:27:44.000Z</time>
        <extensions>
          <ns3:TrackPointExtension>
            <ns3:hr>79</ns3:hr>
          </ns3:TrackPointExtension>
        </extensions>
      </trkpt>
      <trkpt lat="30.58062999509274959564208984375" lon="114.40699503757059574127197265625">
        <ele>16.3999996185302734375</ele>
        <time>2026-10-04T09:27:49.000Z</time>
        <extensions>
          <ns3:TrackPointExtension>
            <ns3:hr>82</ns3:hr>
          </ns3:TrackPointExtension>
        </extensions>
      </trkpt>
      <trkpt lat="30.58068816550076007843017578125" lon="114.40697810612618923187255859375">
        <ele>16.6000003814697265625</ele>
        <time>2026-10-04T09:27:52.000Z</time>
        <extensions>
          <ns3:TrackPointExtension>
            <ns3:hr>82</ns3:hr>
          </ns3:TrackPointExtension>
        </extensions>
      </trkpt>
      <trkpt lat="30.5808247067034244537353515625" lon="114.40686746500432491302490234375">
        <ele>15.80000019073486328125</ele>
        <time>2026-10-04T09:28:00.000Z</time>
        <extensions>
          <ns3:TrackPointExtension>
            <ns3:hr>83</ns3:hr>
          </ns3:TrackPointExtension>
        </extensions>
      </trkpt>
      <trkpt lat="30.5808867327868938446044921875" lon="114.40671944059431552886962890625">
        <ele>16.6000003814697265625</ele>
        <time>2026-10-04T09:28:07.000Z</time>
        <extensions>
          <ns3:TrackPointExtension>
            <ns3:hr>83</ns3:hr>
          </ns3:TrackPointExtension>
        </extensions>
      </trkpt>
      <trkpt lat="30.58088799007236957550048828125" lon="114.40669412724673748016357421875">
        <ele>17</ele>
        <time>2026-10-04T09:28:08.000Z</time>
        <extensions>
          <ns3:TrackPointExtension>
            <ns3:hr>84</ns3:hr>
          </ns3:TrackPointExtension>
        </extensions>
      </trkpt>
      <trkpt lat="30.58086418546736240386962890625" lon="114.4065478630363941192626953125">
        <ele>17.3999996185302734375</ele>
        <time>2026-10-04T09:28:14.000Z</time>
        <extensions>
          <ns3:TrackPointExtension>
            <ns3:hr>84</ns3:hr>
          </ns3:TrackPointExtension>
        </extensions>
      </trkpt>
      <trkpt lat="30.580762512981891632080078125" lon="114.40634074620902538299560546875">
        <ele>17.6000003814697265625</ele>
        <time>2026-10-04T09:28:23.000Z</time>
        <extensions>
          <ns3:TrackPointExtension>
            <ns3:hr>82</ns3:hr>
          </ns3:TrackPointExtension>
        </extensions>
      </trkpt>
      <trkpt lat="30.5806490220129489898681640625" lon="114.4061683304607868194580078125">
        <ele>17.799999237060546875</ele>
        <time>2026-10-04T09:28:31.000Z</time>
        <extensions>
          <ns3:TrackPointExtension>
            <ns3:hr>79</ns3:hr>
          </ns3:TrackPointExtension>
        </extensions>
      </trkpt>
      <trkpt lat="30.5805615149438381195068359375" lon="114.40604084171354770660400390625">
        <ele>17.3999996185302734375</ele>
        <time>2026-10-04T09:28:37.000Z</time>
        <extensions>
          <ns3:TrackPointExtension>
            <ns3:hr>77</ns3:hr>
          </ns3:TrackPointExtension>
        </extensions>
      </trkpt>
      <trkpt lat="30.58048347942531108856201171875" lon="114.40594646148383617401123046875">
        <ele>17.799999237060546875</ele>
        <time>2026-10-04T09:28:42.000Z</time>
        <extensions>
          <ns3:TrackPointExtension>
            <ns3:hr>80</ns3:hr>
          </ns3:TrackPointExtension>
        </extensions>
      </trkpt>
      <trkpt lat="30.58044307865202426910400390625" lon="114.40589298494160175323486328125">
        <ele>17.799999237060546875</ele>
        <time>2026-10-04T09:28:45.000Z</time>
        <extensions>
          <ns3:TrackPointExtension>
            <ns3:hr>82</ns3:hr>
          </ns3:TrackPointExtension>
        </extensions>
      </trkpt>
      <trkpt lat="30.5804334394633769989013671875" lon="114.40586666576564311981201171875">
        <ele>18</ele>
        <time>2026-10-04T09:28:49.000Z</time>
        <extensions>
          <ns3:TrackPointExtension>
            <ns3:hr>83</ns3:hr>
          </ns3:TrackPointExtension>
        </extensions>
      </trkpt>
      <trkpt lat="30.58043385855853557586669921875" lon="114.4058622233569622039794921875">
        <ele>18</ele>
        <time>2026-10-04T09:28:50.000Z</time>
        <extensions>
          <ns3:TrackPointExtension>
            <ns3:hr>84</ns3:hr>
          </ns3:TrackPointExtension>
        </extensions>
      </trkpt>
      <trkpt lat="30.58044240809977054595947265625" lon="114.40584696829319000244140625">
        <ele>17.799999237060546875</ele>
        <time>2026-10-04T09:28:53.000Z</time>
        <extensions>
          <ns3:TrackPointExtension>
            <ns3:hr>87</ns3:hr>
          </ns3:TrackPointExtension>
        </extensions>
      </trkpt>
      <trkpt lat="30.58044190518558025360107421875" lon="114.4058454595506191253662109375">
        <ele>17.799999237060546875</ele>
        <time>2026-10-04T09:28:55.000Z</time>
        <extensions>
          <ns3:TrackPointExtension>
            <ns3:hr>88</ns3:hr>
          </ns3:TrackPointExtension>
        </extensions>
      </trkpt>
      <trkpt lat="30.58044173754751682281494140625" lon="114.40584554336965084075927734375">
        <ele>17.799999237060546875</ele>
        <time>2026-10-04T09:28:57.000Z</time>
        <extensions>
          <ns3:TrackPointExtension>
            <ns3:hr>91</ns3:hr>
          </ns3:TrackPointExtension>
        </extensions>
      </trkpt>
      <trkpt lat="30.58043737895786762237548828125" lon="114.40583012066781520843505859375">
        <ele>17.799999237060546875</ele>
        <time>2026-10-04T09:28:59.000Z</time>
        <extensions>
          <ns3:TrackPointExtension>
            <ns3:hr>94</ns3:hr>
          </ns3:TrackPointExtension>
        </extensions>
      </trkpt>
      <trkpt lat="30.5804431624710559844970703125" lon="114.40581855364143848419189453125">
        <ele>17.799999237060546875</ele>
        <time>2026-10-04T09:29:00.000Z</time>
        <extensions>
          <ns3:TrackPointExtension>
            <ns3:hr>94</ns3:hr>
          </ns3:TrackPointExtension>
        </extensions>
      </trkpt>
      <trkpt lat="30.5804445035755634307861328125" lon="114.40581385977566242218017578125">
        <ele>18.200000762939453125</ele>
        <time>2026-10-04T09:29:01.000Z</time>
        <extensions>
          <ns3:TrackPointExtension>
            <ns3:hr>95</ns3:hr>
          </ns3:TrackPointExtension>
        </extensions>
      </trkpt>
      <trkpt lat="30.5804421566426753997802734375" lon="114.4058126024901866912841796875">
        <ele>18</ele>
        <time>2026-10-04T09:29:03.000Z</time>
        <extensions>
          <ns3:TrackPointExtension>
            <ns3:hr>98</ns3:hr>
          </ns3:TrackPointExtension>
        </extensions>
      </trkpt>
      <trkpt lat="30.5804421566426753997802734375" lon="114.4058126024901866912841796875">
        <ele>19</ele>
        <time>2026-10-04T09:29:07.000Z</time>
        <extensions>
          <ns3:TrackPointExtension>
            <ns3:hr>100</ns3:hr>
          </ns3:TrackPointExtension>
        </extensions>
      </trkpt>
      <trkpt lat="30.5804421566426753997802734375" lon="114.4058126024901866912841796875">
        <ele>18.6000003814697265625</ele>
        <time>2026-10-04T09:29:16.000Z</time>
        <extensions>
          <ns3:TrackPointExtension>
            <ns3:hr>100</ns3:hr>
          </ns3:TrackPointExtension>
        </extensions>
      </trkpt>
      <trkpt lat="30.5804421566426753997802734375" lon="114.4058126024901866912841796875">
        <ele>18.3999996185302734375</ele>
        <time>2026-10-04T09:29:28.000Z</time>
        <extensions>
          <ns3:TrackPointExtension>
            <ns3:hr>98</ns3:hr>
          </ns3:TrackPointExtension>
        </extensions>
      </trkpt>
      <trkpt lat="30.5804421566426753997802734375" lon="114.4058126024901866912841796875">
        <ele>19.200000762939453125</ele>
        <time>2026-10-04T09:29:33.000Z</time>
        <extensions>
          <ns3:TrackPointExtension>
            <ns3:hr>99</ns3:hr>
          </ns3:TrackPointExtension>
        </extensions>
      </trkpt>
      <trkpt lat="30.5804421566426753997802734375" lon="114.4058126024901866912841796875">
        <ele>19.3999996185302734375</ele>
        <time>2026-10-04T09:29:38.000Z</time>
        <extensions>
          <ns3:TrackPointExtension>
            <ns3:hr>99</ns3:hr>
          </ns3:TrackPointExtension>
        </extensions>
      </trkpt>
      <trkpt lat="30.5804394744336605072021484375" lon="114.40581402741372585296630859375">
        <ele>19.6000003814697265625</ele>
        <time>2026-10-04T09:29:43.000Z</time>
        <extensions>
          <ns3:TrackPointExtension>
            <ns3:hr>96</ns3:hr>
          </ns3:TrackPointExtension>
        </extensions>
      </trkpt>
      <trkpt lat="30.5804398097097873687744140625" lon="114.40581142902374267578125">
        <ele>18.200000762939453125</ele>
        <time>2026-10-04T09:29:52.000Z</time>
        <extensions>
          <ns3:TrackPointExtension>
            <ns3:hr>92</ns3:hr>
          </ns3:TrackPointExtension>
        </extensions>
      </trkpt>
      <trkpt lat="30.5804421566426753997802734375" lon="114.4058126024901866912841796875">
        <ele>18.3999996185302734375</ele>
        <time>2026-10-04T09:29:57.000Z</time>
        <extensions>
          <ns3:TrackPointExtension>
            <ns3:hr>88</ns3:hr>
          </ns3:TrackPointExtension>
        </extensions>
      </trkpt>
      <trkpt lat="30.5804421566426753997802734375" lon="114.4058126024901866912841796875">
        <ele>18.6000003814697265625</ele>
        <time>2026-10-04T09:29:58.000Z</time>
        <extensions>
          <ns3:TrackPointExtension>
            <ns3:hr>85</ns3:hr>
          </ns3:TrackPointExtension>
        </extensions>
      </trkpt>
      <trkpt lat="30.5804421566426753997802734375" lon="114.4058126024901866912841796875">
        <ele>18.6000003814697265625</ele>
        <time>2026-10-04T09:29:59.000Z</time>
        <extensions>
          <ns3:TrackPointExtension>
            <ns3:hr>84</ns3:hr>
          </ns3:TrackPointExtension>
        </extensions>
      </trkpt>
      <trkpt lat="30.5804421566426753997802734375" lon="114.4058126024901866912841796875">
        <ele>18.3999996185302734375</ele>
        <time>2026-10-04T09:30:02.000Z</time>
        <extensions>
          <ns3:TrackPointExtension>
            <ns3:hr>80</ns3:hr>
          </ns3:TrackPointExtension>
        </extensions>
      </trkpt>
      <trkpt lat="30.5804421566426753997802734375" lon="114.4058126024901866912841796875">
        <ele>18.200000762939453125</ele>
        <time>2026-10-04T09:30:03.000Z</time>
        <extensions>
          <ns3:TrackPointExtension>
            <ns3:hr>70</ns3:hr>
          </ns3:TrackPointExtension>
        </extensions>
      </trkpt>
      <trkpt lat="30.5804421566426753997802734375" lon="114.4058126024901866912841796875">
        <ele>18.200000762939453125</ele>
        <time>2026-10-04T09:30:04.000Z</time>
        <extensions>
          <ns3:TrackPointExtension>
            <ns3:hr>66</ns3:hr>
          </ns3:TrackPointExtension>
        </extensions>
      </trkpt>
      <trkpt lat="30.5804421566426753997802734375" lon="114.4058126024901866912841796875">
        <ele>18</ele>
        <time>2026-10-04T09:30:06.000Z</time>
        <extensions>
          <ns3:TrackPointExtension>
            <ns3:hr>65</ns3:hr>
          </ns3:TrackPointExtension>
        </extensions>
      </trkpt>
      <trkpt lat="30.5804421566426753997802734375" lon="114.4058126024901866912841796875">
        <ele>18</ele>
        <time>2026-10-04T09:30:09.000Z</time>
        <extensions>
          <ns3:TrackPointExtension>
            <ns3:hr>62</ns3:hr>
          </ns3:TrackPointExtension>
        </extensions>
      </trkpt>
      <trkpt lat="30.5804421566426753997802734375" lon="114.4058126024901866912841796875">
        <ele>18</ele>
        <time>2026-10-04T09:30:12.000Z</time>
        <extensions>
          <ns3:TrackPointExtension>
            <ns3:hr>61</ns3:hr>
          </ns3:TrackPointExtension>
        </extensions>
      </trkpt>
      <trkpt lat="30.5804421566426753997802734375" lon="114.4058126024901866912841796875">
        <ele>19</ele>
        <time>2026-10-04T09:30:18.000Z</time>
        <extensions>
          <ns3:TrackPointExtension>
            <ns3:hr>62</ns3:hr>
          </ns3:TrackPointExtension>
        </extensions>
      </trkpt>
      <trkpt lat="30.5804421566426753997802734375" lon="114.4058126024901866912841796875">
        <ele>19</ele>
        <time>2026-10-04T09:30:21.000Z</time>
        <extensions>
          <ns3:TrackPointExtension>
            <ns3:hr>63</ns3:hr>
          </ns3:TrackPointExtension>
        </extensions>
      </trkpt>
      <trkpt lat="30.5804421566426753997802734375" lon="114.4058126024901866912841796875">
        <ele>18.799999237060546875</ele>
        <time>2026-10-04T09:30:25.000Z</time>
        <extensions>
          <ns3:TrackPointExtension>
            <ns3:hr>66</ns3:hr>
          </ns3:TrackPointExtension>
        </extensions>
      </trkpt>
      <trkpt lat="30.5804421566426753997802734375" lon="114.4058126024901866912841796875">
        <ele>18.200000762939453125</ele>
        <time>2026-10-04T09:30:29.000Z</time>
        <extensions>
          <ns3:TrackPointExtension>
            <ns3:hr>63</ns3:hr>
          </ns3:TrackPointExtension>
        </extensions>
      </trkpt>
      <trkpt lat="30.5804421566426753997802734375" lon="114.4058126024901866912841796875">
        <ele>19</ele>
        <time>2026-10-04T09:30:36.000Z</time>
        <extensions>
          <ns3:TrackPointExtension>
            <ns3:hr>63</ns3:hr>
          </ns3:TrackPointExtension>
        </extensions>
      </trkpt>
      <trkpt lat="30.58043201453983783721923828125" lon="114.40581670962274074554443359375">
        <ele>19.6000003814697265625</ele>
        <time>2026-10-04T09:30:46.000Z</time>
        <extensions>
          <ns3:TrackPointExtension>
            <ns3:hr>63</ns3:hr>
          </ns3:TrackPointExtension>
        </extensions>
      </trkpt>
      <trkpt lat="30.5804421566426753997802734375" lon="114.4058126024901866912841796875">
        <ele>18.6000003814697265625</ele>
        <time>2026-10-04T09:30:52.000Z</time>
        <extensions>
          <ns3:TrackPointExtension>
            <ns3:hr>64</ns3:hr>
          </ns3:TrackPointExtension>
        </extensions>
      </trkpt>
      <trkpt lat="30.5804421566426753997802734375" lon="114.4058126024901866912841796875">
        <ele>18.799999237060546875</ele>
        <time>2026-10-04T09:31:03.000Z</time>
        <extensions>
          <ns3:TrackPointExtension>
            <ns3:hr>61</ns3:hr>
          </ns3:TrackPointExtension>
        </extensions>
      </trkpt>
      <trkpt lat="30.5804421566426753997802734375" lon="114.4058126024901866912841796875">
        <ele>19</ele>
        <time>2026-10-04T09:31:10.000Z</time>
        <extensions>
          <ns3:TrackPointExtension>
            <ns3:hr>62</ns3:hr>
          </ns3:TrackPointExtension>
        </extensions>
      </trkpt>
      <trkpt lat="30.5804421566426753997802734375" lon="114.4058126024901866912841796875">
        <ele>18.799999237060546875</ele>
        <time>2026-10-04T09:31:20.000Z</time>
        <extensions>
          <ns3:TrackPointExtension>
            <ns3:hr>63</ns3:hr>
          </ns3:TrackPointExtension>
        </extensions>
      </trkpt>
      <trkpt lat="30.5804347805678844451904296875" lon="114.40581939183175563812255859375">
        <ele>18.6000003814697265625</ele>
        <time>2026-10-04T09:31:26.000Z</time>
        <extensions>
          <ns3:TrackPointExtension>
            <ns3:hr>63</ns3:hr>
          </ns3:TrackPointExtension>
        </extensions>
      </trkpt>
      <trkpt lat="30.58043293654918670654296875" lon="114.4058270193636417388916015625">
        <ele>18.6000003814697265625</ele>
        <time>2026-10-04T09:31:27.000Z</time>
        <extensions>
          <ns3:TrackPointExtension>
            <ns3:hr>63</ns3:hr>
          </ns3:TrackPointExtension>
        </extensions>
      </trkpt>
      <trkpt lat="30.5804270692169666290283203125" lon="114.40584252588450908660888671875">
        <ele>18</ele>
        <time>2026-10-04T09:31:30.000Z</time>
        <extensions>
          <ns3:TrackPointExtension>
            <ns3:hr>64</ns3:hr>
          </ns3:TrackPointExtension>
        </extensions>
      </trkpt>
      <trkpt lat="30.58042757213115692138671875" lon="114.40584705211222171783447265625">
        <ele>18.799999237060546875</ele>
        <time>2026-10-04T09:31:38.000Z</time>
        <extensions>
          <ns3:TrackPointExtension>
            <ns3:hr>65</ns3:hr>
          </ns3:TrackPointExtension>
        </extensions>
      </trkpt>
      <trkpt lat="30.58042757213115692138671875" lon="114.40584705211222171783447265625">
        <ele>19</ele>
        <time>2026-10-04T09:31:41.000Z</time>
        <extensions>
          <ns3:TrackPointExtension>
            <ns3:hr>69</ns3:hr>
          </ns3:TrackPointExtension>
        </extensions>
      </trkpt>
      <trkpt lat="30.58042757213115692138671875" lon="114.40584705211222171783447265625">
        <ele>19</ele>
        <time>2026-10-04T09:31:42.000Z</time>
        <extensions>
          <ns3:TrackPointExtension>
            <ns3:hr>72</ns3:hr>
          </ns3:TrackPointExtension>
        </extensions>
      </trkpt>
      <trkpt lat="30.580429919064044952392578125" lon="114.40586649812757968902587890625">
        <ele>18.3999996185302734375</ele>
        <time>2026-10-04T09:31:48.000Z</time>
        <extensions>
          <ns3:TrackPointExtension>
            <ns3:hr>73</ns3:hr>
          </ns3:TrackPointExtension>
        </extensions>
      </trkpt>
      <trkpt lat="30.5804263986647129058837890625" lon="114.4058672524988651275634765625">
        <ele>19.200000762939453125</ele>
        <time>2026-10-04T09:31:51.000Z</time>
        <extensions>
          <ns3:TrackPointExtension>
            <ns3:hr>73</ns3:hr>
          </ns3:TrackPointExtension>
        </extensions>
      </trkpt>
      <trkpt lat="30.58042346499860286712646484375" lon="114.405864067375659942626953125">
        <ele>19.799999237060546875</ele>
        <time>2026-10-04T09:31:52.000Z</time>
        <extensions>
          <ns3:TrackPointExtension>
            <ns3:hr>73</ns3:hr>
          </ns3:TrackPointExtension>
        </extensions>
      </trkpt>
      <trkpt lat="30.5804196931421756744384765625" lon="114.4058649055659770965576171875">
        <ele>19.6000003814697265625</ele>
        <time>2026-10-04T09:31:59.000Z</time>
        <extensions>
          <ns3:TrackPointExtension>
            <ns3:hr>74</ns3:hr>
          </ns3:TrackPointExtension>
        </extensions>
      </trkpt>
      <trkpt lat="30.5804196931421756744384765625" lon="114.4058649055659770965576171875">
        <ele>19.200000762939453125</ele>
        <time>2026-10-04T09:32:07.000Z</time>
        <extensions>
          <ns3:TrackPointExtension>
            <ns3:hr>74</ns3:hr>
          </ns3:TrackPointExtension>
        </extensions>
      </trkpt>
      <trkpt lat="30.5804196931421756744384765625" lon="114.4058649055659770965576171875">
        <ele>19.200000762939453125</ele>
        <time>2026-10-04T09:32:15.000Z</time>
        <extensions>
          <ns3:TrackPointExtension>
            <ns3:hr>74</ns3:hr>
          </ns3:TrackPointExtension>
        </extensions>
      </trkpt>
      <trkpt lat="30.58036529459059238433837890625" lon="114.40587203018367290496826171875">
        <ele>19.200000762939453125</ele>
        <time>2026-10-04T09:32:25.000Z</time>
        <extensions>
          <ns3:TrackPointExtension>
            <ns3:hr>76</ns3:hr>
          </ns3:TrackPointExtension>
        </extensions>
      </trkpt>
      <trkpt lat="30.580250211060047149658203125" lon="114.40585895441472530364990234375">
        <ele>19.200000762939453125</ele>
        <time>2026-10-04T09:32:31.000Z</time>
        <extensions>
          <ns3:TrackPointExtension>
            <ns3:hr>77</ns3:hr>
          </ns3:TrackPointExtension>
        </extensions>
      </trkpt>
      <trkpt lat="30.58012641035020351409912109375" lon="114.40584403462707996368408203125">
        <ele>19.200000762939453125</ele>
        <time>2026-10-04T09:32:36.000Z</time>
        <extensions>
          <ns3:TrackPointExtension>
            <ns3:hr>74</ns3:hr>
          </ns3:TrackPointExtension>
        </extensions>
      </trkpt>
      <trkpt lat="30.58005608618259429931640625" lon="114.405837245285511016845703125">
        <ele>19.200000762939453125</ele>
        <time>2026-10-04T09:32:39.000Z</time>
        <extensions>
          <ns3:TrackPointExtension>
            <ns3:hr>73</ns3:hr>
          </ns3:TrackPointExtension>
        </extensions>
      </trkpt>
      <trkpt lat="30.57996162213385105133056640625" lon="114.405844621360301971435546875">
        <ele>19.200000762939453125</ele>
        <time>2026-10-04T09:32:44.000Z</time>
        <extensions>
          <ns3:TrackPointExtension>
            <ns3:hr>72</ns3:hr>
          </ns3:TrackPointExtension>
        </extensions>
      </trkpt>
      <trkpt lat="30.57984863407909870147705078125" lon="114.405842609703540802001953125">
        <ele>19.200000762939453125</ele>
        <time>2026-10-04T09:32:50.000Z</time>
        <extensions>
          <ns3:TrackPointExtension>
            <ns3:hr>72</ns3:hr>
          </ns3:TrackPointExtension>
        </extensions>
      </trkpt>
      <trkpt lat="30.57975961826741695404052734375" lon="114.40584252588450908660888671875">
        <ele>19.200000762939453125</ele>
        <time>2026-10-04T09:32:56.000Z</time>
        <extensions>
          <ns3:TrackPointExtension>
            <ns3:hr>72</ns3:hr>
          </ns3:TrackPointExtension>
        </extensions>
      </trkpt>
      <trkpt lat="30.5797343887388706207275390625" lon="114.40584571100771427154541015625">
        <ele>19.200000762939453125</ele>
        <time>2026-10-04T09:33:02.000Z</time>
        <extensions>
          <ns3:TrackPointExtension>
            <ns3:hr>72</ns3:hr>
          </ns3:TrackPointExtension>
        </extensions>
      </trkpt>
      <trkpt lat="30.5797223187983036041259765625" lon="114.40583380870521068572998046875">
        <ele>19.200000762939453125</ele>
        <time>2026-10-04T09:33:09.000Z</time>
        <extensions>
          <ns3:TrackPointExtension>
            <ns3:hr>74</ns3:hr>
          </ns3:TrackPointExtension>
        </extensions>
      </trkpt>
      <trkpt lat="30.5797223187983036041259765625" lon="114.40583380870521068572998046875">
        <ele>19.200000762939453125</ele>
        <time>2026-10-04T09:33:21.000Z</time>
        <extensions>
          <ns3:TrackPointExtension>
            <ns3:hr>71</ns3:hr>
          </ns3:TrackPointExtension>
        </extensions>
      </trkpt>
      <trkpt lat="30.5797223187983036041259765625" lon="114.40583380870521068572998046875">
        <ele>19.200000762939453125</ele>
        <time>2026-10-04T09:33:23.000Z</time>
        <extensions>
          <ns3:TrackPointExtension>
            <ns3:hr>64</ns3:hr>
          </ns3:TrackPointExtension>
        </extensions>
      </trkpt>
      <trkpt lat="30.57971787638962268829345703125" lon="114.405835904181003570556640625">
        <ele>19.200000762939453125</ele>
        <time>2026-10-04T09:33:28.000Z</time>
        <extensions>
          <ns3:TrackPointExtension>
            <ns3:hr>63</ns3:hr>
          </ns3:TrackPointExtension>
        </extensions>
      </trkpt>
      <trkpt lat="30.57968803681433200836181640625" lon="114.40584872849285602569580078125">
        <ele>19.200000762939453125</ele>
        <time>2026-10-04T09:33:30.000Z</time>
        <extensions>
          <ns3:TrackPointExtension>
            <ns3:hr>63</ns3:hr>
          </ns3:TrackPointExtension>
        </extensions>
      </trkpt>
      <trkpt lat="30.579664148390293121337890625" lon="114.40586306154727935791015625">
        <ele>19.200000762939453125</ele>
        <time>2026-10-04T09:33:32.000Z</time>
        <extensions>
          <ns3:TrackPointExtension>
            <ns3:hr>64</ns3:hr>
          </ns3:TrackPointExtension>
        </extensions>
      </trkpt>
      <trkpt lat="30.57961746118962764739990234375" lon="114.4058638997375965118408203125">
        <ele>19.200000762939453125</ele>
        <time>2026-10-04T09:33:35.000Z</time>
        <extensions>
          <ns3:TrackPointExtension>
            <ns3:hr>65</ns3:hr>
          </ns3:TrackPointExtension>
        </extensions>
      </trkpt>
      <trkpt lat="30.57954185642302036285400390625" lon="114.40586482174694538116455078125">
        <ele>19.3999996185302734375</ele>
        <time>2026-10-04T09:33:40.000Z</time>
        <extensions>
          <ns3:TrackPointExtension>
            <ns3:hr>65</ns3:hr>
          </ns3:TrackPointExtension>
        </extensions>
      </trkpt>
      <trkpt lat="30.5794988572597503662109375" lon="114.4058679230511188507080078125">
        <ele>19.200000762939453125</ele>
        <time>2026-10-04T09:33:46.000Z</time>
        <extensions>
          <ns3:TrackPointExtension>
            <ns3:hr>66</ns3:hr>
          </ns3:TrackPointExtension>
        </extensions>
      </trkpt>
      <trkpt lat="30.57938913814723491668701171875" lon="114.4059012830257415771484375">
        <ele>19.200000762939453125</ele>
        <time>2026-10-04T09:33:52.000Z</time>
        <extensions>
          <ns3:TrackPointExtension>
            <ns3:hr>65</ns3:hr>
          </ns3:TrackPointExtension>
        </extensions>
      </trkpt>
      <trkpt lat="30.5793494917452335357666015625" lon="114.40590974874794483184814453125">
        <ele>19.200000762939453125</ele>
        <time>2026-10-04T09:33:54.000Z</time>
        <extensions>
          <ns3:TrackPointExtension>
            <ns3:hr>62</ns3:hr>
          </ns3:TrackPointExtension>
        </extensions>
      </trkpt>
      <trkpt lat="30.579240024089813232421875" lon="114.4059571065008640289306640625">
        <ele>19.200000762939453125</ele>
        <time>2026-10-04T09:34:00.000Z</time>
        <extensions>
          <ns3:TrackPointExtension>
            <ns3:hr>63</ns3:hr>
          </ns3:TrackPointExtension>
        </extensions>
      </trkpt>
      <trkpt lat="30.57920121587812900543212890625" lon="114.405974708497524261474609375">
        <ele>19.200000762939453125</ele>
        <time>2026-10-04T09:34:02.000Z</time>
        <extensions>
          <ns3:TrackPointExtension>
            <ns3:hr>66</ns3:hr>
          </ns3:TrackPointExtension>
        </extensions>
      </trkpt>
      <trkpt lat="30.5791268683969974517822265625" lon="114.40599457360804080963134765625">
        <ele>19</ele>
        <time>2026-10-04T09:34:06.000Z</time>
        <extensions>
          <ns3:TrackPointExtension>
            <ns3:hr>68</ns3:hr>
          </ns3:TrackPointExtension>
        </extensions>
      </trkpt>
      <trkpt lat="30.57901295833289623260498046875" lon="114.40605291165411472320556640625">
        <ele>19</ele>
        <time>2026-10-04T09:34:12.000Z</time>
        <extensions>
          <ns3:TrackPointExtension>
            <ns3:hr>69</ns3:hr>
          </ns3:TrackPointExtension>
        </extensions>
      </trkpt>
      <trkpt lat="30.57890701107680797576904296875" lon="114.40616321749985218048095703125">
        <ele>19</ele>
        <time>2026-10-04T09:34:18.000Z</time>
        <extensions>
          <ns3:TrackPointExtension>
            <ns3:hr>67</ns3:hr>
          </ns3:TrackPointExtension>
        </extensions>
      </trkpt>
      <trkpt lat="30.57887951843440532684326171875" lon="114.406294561922550201416015625">
        <ele>19.200000762939453125</ele>
        <time>2026-10-04T09:34:23.000Z</time>
        <extensions>
          <ns3:TrackPointExtension>
            <ns3:hr>68</ns3:hr>
          </ns3:TrackPointExtension>
        </extensions>
      </trkpt>
      <trkpt lat="30.57889158837497234344482421875" lon="114.40650067292153835296630859375">
        <ele>19</ele>
        <time>2026-10-04T09:34:30.000Z</time>
        <extensions>
          <ns3:TrackPointExtension>
            <ns3:hr>71</ns3:hr>
          </ns3:TrackPointExtension>
        </extensions>
      </trkpt>
      <trkpt lat="30.57890986092388629913330078125" lon="114.40672681666910648345947265625">
        <ele>19.6000003814697265625</ele>
        <time>2026-10-04T09:34:38.000Z</time>
        <extensions>
          <ns3:TrackPointExtension>
            <ns3:hr>72</ns3:hr>
          </ns3:TrackPointExtension>
        </extensions>
      </trkpt>
      <trkpt lat="30.57886225171387195587158203125" lon="114.40689831040799617767333984375">
        <ele>19.200000762939453125</ele>
        <time>2026-10-04T09:34:44.000Z</time>
        <extensions>
          <ns3:TrackPointExtension>
            <ns3:hr>72</ns3:hr>
          </ns3:TrackPointExtension>
        </extensions>
      </trkpt>
      <trkpt lat="30.57874272577464580535888671875" lon="114.40705371089279651641845703125">
        <ele>19.6000003814697265625</ele>
        <time>2026-10-04T09:34:51.000Z</time>
        <extensions>
          <ns3:TrackPointExtension>
            <ns3:hr>74</ns3:hr>
          </ns3:TrackPointExtension>
        </extensions>
      </trkpt>
      <trkpt lat="30.57860744185745716094970703125" lon="114.4071471691131591796875">
        <ele>19.6000003814697265625</ele>
        <time>2026-10-04T09:35:00.000Z</time>
        <extensions>
          <ns3:TrackPointExtension>
            <ns3:hr>73</ns3:hr>
          </ns3:TrackPointExtension>
        </extensions>
      </trkpt>
      <trkpt lat="30.578436367213726043701171875" lon="114.40718664787709712982177734375">
        <ele>19.799999237060546875</ele>
        <time>2026-10-04T09:35:07.000Z</time>
        <extensions>
          <ns3:TrackPointExtension>
            <ns3:hr>74</ns3:hr>
          </ns3:TrackPointExtension>
        </extensions>
      </trkpt>
      <trkpt lat="30.578378029167652130126953125" lon="114.40718983300030231475830078125">
        <ele>20.200000762939453125</ele>
        <time>2026-10-04T09:35:10.000Z</time>
        <extensions>
          <ns3:TrackPointExtension>
            <ns3:hr>76</ns3:hr>
          </ns3:TrackPointExtension>
        </extensions>
      </trkpt>
      <trkpt lat="30.5783366225659847259521484375" lon="114.40718933008611202239990234375">
        <ele>20.799999237060546875</ele>
        <time>2026-10-04T09:35:13.000Z</time>
        <extensions>
          <ns3:TrackPointExtension>
            <ns3:hr>79</ns3:hr>
          </ns3:TrackPointExtension>
        </extensions>
      </trkpt>
      <trkpt lat="30.57824827730655670166015625" lon="114.4071966223418712615966796875">
        <ele>20.3999996185302734375</ele>
        <time>2026-10-04T09:35:18.000Z</time>
        <extensions>
          <ns3:TrackPointExtension>
            <ns3:hr>82</ns3:hr>
          </ns3:TrackPointExtension>
        </extensions>
      </trkpt>
      <trkpt lat="30.57820142246782779693603515625" lon="114.407191760838031768798828125">
        <ele>20</ele>
        <time>2026-10-04T09:35:19.000Z</time>
        <extensions>
          <ns3:TrackPointExtension>
            <ns3:hr>81</ns3:hr>
          </ns3:TrackPointExtension>
        </extensions>
      </trkpt>
      <trkpt lat="30.57810285128653049468994140625" lon="114.40717197954654693603515625">
        <ele>19.200000762939453125</ele>
        <time>2026-10-04T09:35:21.000Z</time>
        <extensions>
          <ns3:TrackPointExtension>
            <ns3:hr>82</ns3:hr>
          </ns3:TrackPointExtension>
        </extensions>
      </trkpt>
      <trkpt lat="30.57797879911959171295166015625" lon="114.4071067683398723602294921875">
        <ele>18.6000003814697265625</ele>
        <time>2026-10-04T09:35:24.000Z</time>
        <extensions>
          <ns3:TrackPointExtension>
            <ns3:hr>81</ns3:hr>
          </ns3:TrackPointExtension>
        </extensions>
      </trkpt>
      <trkpt lat="30.5779433436691761016845703125" lon="114.40699629485607147216796875">
        <ele>18.6000003814697265625</ele>
        <time>2026-10-04T09:35:27.000Z</time>
        <extensions>
          <ns3:TrackPointExtension>
            <ns3:hr>80</ns3:hr>
          </ns3:TrackPointExtension>
        </extensions>
      </trkpt>
      <trkpt lat="30.57794610969722270965576171875" lon="114.40691926516592502593994140625">
        <ele>18.3999996185302734375</ele>
        <time>2026-10-04T09:35:29.000Z</time>
        <extensions>
          <ns3:TrackPointExtension>
            <ns3:hr>76</ns3:hr>
          </ns3:TrackPointExtension>
        </extensions>
      </trkpt>
      <trkpt lat="30.57796639390289783477783203125" lon="114.40678515471518039703369140625">
        <ele>18.799999237060546875</ele>
        <time>2026-10-04T09:35:33.000Z</time>
        <extensions>
          <ns3:TrackPointExtension>
            <ns3:hr>73</ns3:hr>
          </ns3:TrackPointExtension>
        </extensions>
      </trkpt>
      <trkpt lat="30.57799237780272960662841796875" lon="114.40662405453622341156005859375">
        <ele>18.799999237060546875</ele>
        <time>2026-10-04T09:35:39.000Z</time>
        <extensions>
          <ns3:TrackPointExtension>
            <ns3:hr>73</ns3:hr>
          </ns3:TrackPointExtension>
        </extensions>
      </trkpt>
      <trkpt lat="30.5779852531850337982177734375" lon="114.40643345005810260772705078125">
        <ele>18.799999237060546875</ele>
        <time>2026-10-04T09:35:45.000Z</time>
        <extensions>
          <ns3:TrackPointExtension>
            <ns3:hr>73</ns3:hr>
          </ns3:TrackPointExtension>
        </extensions>
      </trkpt>
      <trkpt lat="30.57789028622210025787353515625" lon="114.40622440539300441741943359375">
        <ele>18.6000003814697265625</ele>
        <time>2026-10-04T09:35:52.000Z</time>
        <extensions>
          <ns3:TrackPointExtension>
            <ns3:hr>74</ns3:hr>
          </ns3:TrackPointExtension>
        </extensions>
      </trkpt>
      <trkpt lat="30.57780646719038486480712890625" lon="114.40612298436462879180908203125">
        <ele>18.6000003814697265625</ele>
        <time>2026-10-04T09:35:56.000Z</time>
        <extensions>
          <ns3:TrackPointExtension>
            <ns3:hr>78</ns3:hr>
          </ns3:TrackPointExtension>
        </extensions>
      </trkpt>
      <trkpt lat="30.5777428485453128814697265625" lon="114.40605391748249530792236328125">
        <ele>18.6000003814697265625</ele>
        <time>2026-10-04T09:35:59.000Z</time>
        <extensions>
          <ns3:TrackPointExtension>
            <ns3:hr>79</ns3:hr>
          </ns3:TrackPointExtension>
        </extensions>
      </trkpt>
      <trkpt lat="30.57761401869356632232666015625" lon="114.40590002574026584625244140625">
        <ele>19</ele>
        <time>2026-10-04T09:36:06.000Z</time>
        <extensions>
          <ns3:TrackPointExtension>
            <ns3:hr>80</ns3:hr>
          </ns3:TrackPointExtension>
        </extensions>
      </trkpt>
      <trkpt lat="30.57743866927921772003173828125" lon="114.40570170991122722625732421875">
        <ele>19.200000762939453125</ele>
        <time>2026-10-04T09:36:15.000Z</time>
        <extensions>
          <ns3:TrackPointExtension>
            <ns3:hr>79</ns3:hr>
          </ns3:TrackPointExtension>
        </extensions>
      </trkpt>
      <trkpt lat="30.57738351635634899139404296875" lon="114.40563616342842578887939453125">
        <ele>19</ele>
        <time>2026-10-04T09:36:18.000Z</time>
        <extensions>
          <ns3:TrackPointExtension>
            <ns3:hr>76</ns3:hr>
          </ns3:TrackPointExtension>
        </extensions>
      </trkpt>
      <trkpt lat="30.5773364938795566558837890625" lon="114.4055685214698314666748046875">
        <ele>18.799999237060546875</ele>
        <time>2026-10-04T09:36:21.000Z</time>
        <extensions>
          <ns3:TrackPointExtension>
            <ns3:hr>72</ns3:hr>
          </ns3:TrackPointExtension>
        </extensions>
      </trkpt>
      <trkpt lat="30.57729751802980899810791015625" lon="114.40553105436265468597412109375">
        <ele>18.799999237060546875</ele>
        <time>2026-10-04T09:36:23.000Z</time>
        <extensions>
          <ns3:TrackPointExtension>
            <ns3:hr>71</ns3:hr>
          </ns3:TrackPointExtension>
        </extensions>
      </trkpt>
      <trkpt lat="30.577150918543338775634765625" lon="114.40536056645214557647705078125">
        <ele>19</ele>
        <time>2026-10-04T09:36:30.000Z</time>
        <extensions>
          <ns3:TrackPointExtension>
            <ns3:hr>70</ns3:hr>
          </ns3:TrackPointExtension>
        </extensions>
      </trkpt>
      <trkpt lat="30.57700381614267826080322265625" lon="114.405278675258159637451171875">
        <ele>19.200000762939453125</ele>
        <time>2026-10-04T09:36:36.000Z</time>
        <extensions>
          <ns3:TrackPointExtension>
            <ns3:hr>71</ns3:hr>
          </ns3:TrackPointExtension>
        </extensions>
      </trkpt>
      <trkpt lat="30.57691379450261592864990234375" lon="114.40529501996934413909912109375">
        <ele>19.3999996185302734375</ele>
        <time>2026-10-04T09:36:40.000Z</time>
        <extensions>
          <ns3:TrackPointExtension>
            <ns3:hr>68</ns3:hr>
          </ns3:TrackPointExtension>
        </extensions>
      </trkpt>
      <trkpt lat="30.57689501903951168060302734375" lon="114.4053004682064056396484375">
        <ele>19.3999996185302734375</ele>
        <time>2026-10-04T09:36:41.000Z</time>
        <extensions>
          <ns3:TrackPointExtension>
            <ns3:hr>67</ns3:hr>
          </ns3:TrackPointExtension>
        </extensions>
      </trkpt>
      <trkpt lat="30.57680063880980014801025390625" lon="114.405359812080860137939453125">
        <ele>19.799999237060546875</ele>
        <time>2026-10-04T09:36:47.000Z</time>
        <extensions>
          <ns3:TrackPointExtension>
            <ns3:hr>67</ns3:hr>
          </ns3:TrackPointExtension>
        </extensions>
      </trkpt>
      <trkpt lat="30.57676426135003566741943359375" lon="114.40540976822376251220703125">
        <ele>20.200000762939453125</ele>
        <time>2026-10-04T09:36:54.000Z</time>
        <extensions>
          <ns3:TrackPointExtension>
            <ns3:hr>70</ns3:hr>
          </ns3:TrackPointExtension>
        </extensions>
      </trkpt>
      <trkpt lat="30.5767621658742427825927734375" lon="114.405410774052143096923828125">
        <ele>20.200000762939453125</ele>
        <time>2026-10-04T09:36:56.000Z</time>
        <extensions>
          <ns3:TrackPointExtension>
            <ns3:hr>70</ns3:hr>
          </ns3:TrackPointExtension>
        </extensions>
      </trkpt>
      <trkpt lat="30.5767621658742427825927734375" lon="114.405410774052143096923828125">
        <ele>20</ele>
        <time>2026-10-04T09:37:03.000Z</time>
        <extensions>
          <ns3:TrackPointExtension>
            <ns3:hr>69</ns3:hr>
          </ns3:TrackPointExtension>
        </extensions>
      </trkpt>
      <trkpt lat="30.5767621658742427825927734375" lon="114.405410774052143096923828125">
        <ele>20</ele>
        <time>2026-10-04T09:37:06.000Z</time>
        <extensions>
          <ns3:TrackPointExtension>
            <ns3:hr>66</ns3:hr>
          </ns3:TrackPointExtension>
        </extensions>
      </trkpt>
      <trkpt lat="30.5767621658742427825927734375" lon="114.405410774052143096923828125">
        <ele>20</ele>
        <time>2026-10-04T09:37:16.000Z</time>
        <extensions>
          <ns3:TrackPointExtension>
            <ns3:hr>64</ns3:hr>
          </ns3:TrackPointExtension>
        </extensions>
      </trkpt>
      <trkpt lat="30.57675722055137157440185546875" lon="114.40541706047952175140380859375">
        <ele>19.799999237060546875</ele>
        <time>2026-10-04T09:37:20.000Z</time>
        <extensions>
          <ns3:TrackPointExtension>
            <ns3:hr>61</ns3:hr>
          </ns3:TrackPointExtension>
        </extensions>
      </trkpt>
      <trkpt lat="30.57675051502883434295654296875" lon="114.4054501689970493316650390625">
        <ele>19.799999237060546875</ele>
        <time>2026-10-04T09:37:23.000Z</time>
        <extensions>
          <ns3:TrackPointExtension>
            <ns3:hr>58</ns3:hr>
          </ns3:TrackPointExtension>
        </extensions>
      </trkpt>
      <trkpt lat="30.57671547867357730865478515625" lon="114.40558754839003086090087890625">
        <ele>20.200000762939453125</ele>
        <time>2026-10-04T09:37:30.000Z</time>
        <extensions>
          <ns3:TrackPointExtension>
            <ns3:hr>58</ns3:hr>
          </ns3:TrackPointExtension>
        </extensions>
      </trkpt>
      <trkpt lat="30.57672117836773395538330078125" lon="114.405784271657466888427734375">
        <ele>20.6000003814697265625</ele>
        <time>2026-10-04T09:37:39.000Z</time>
        <extensions>
          <ns3:TrackPointExtension>
            <ns3:hr>60</ns3:hr>
          </ns3:TrackPointExtension>
        </extensions>
      </trkpt>
      <trkpt lat="30.576802231371402740478515625" lon="114.4058746285736560821533203125">
        <ele>20.799999237060546875</ele>
        <time>2026-10-04T09:37:45.000Z</time>
        <extensions>
          <ns3:TrackPointExtension>
            <ns3:hr>61</ns3:hr>
          </ns3:TrackPointExtension>
        </extensions>
      </trkpt>
      <trkpt lat="30.57693533599376678466796875" lon="114.406031034886837005615234375">
        <ele>20.6000003814697265625</ele>
        <time>2026-10-04T09:37:52.000Z</time>
        <extensions>
          <ns3:TrackPointExtension>
            <ns3:hr>63</ns3:hr>
          </ns3:TrackPointExtension>
        </extensions>
      </trkpt>
      <trkpt lat="30.577006749808788299560546875" lon="114.4061934761703014373779296875">
        <ele>20.6000003814697265625</ele>
        <time>2026-10-04T09:37:58.000Z</time>
        <extensions>
          <ns3:TrackPointExtension>
            <ns3:hr>66</ns3:hr>
          </ns3:TrackPointExtension>
        </extensions>
      </trkpt>
      <trkpt lat="30.57701856829226016998291015625" lon="114.40622205846011638641357421875">
        <ele>20.3999996185302734375</ele>
        <time>2026-10-04T09:37:59.000Z</time>
        <extensions>
          <ns3:TrackPointExtension>
            <ns3:hr>69</ns3:hr>
          </ns3:TrackPointExtension>
        </extensions>
      </trkpt>
      <trkpt lat="30.57702745310962200164794921875" lon="114.40625022165477275848388671875">
        <ele>20.6000003814697265625</ele>
        <time>2026-10-04T09:38:00.000Z</time>
        <extensions>
          <ns3:TrackPointExtension>
            <ns3:hr>70</ns3:hr>
          </ns3:TrackPointExtension>
        </extensions>
      </trkpt>
      <trkpt lat="30.577038936316967010498046875" lon="114.40633286722004413604736328125">
        <ele>20.6000003814697265625</ele>
        <time>2026-10-04T09:38:03.000Z</time>
        <extensions>
          <ns3:TrackPointExtension>
            <ns3:hr>73</ns3:hr>
          </ns3:TrackPointExtension>
        </extensions>
      </trkpt>
      <trkpt lat="30.5770307220518589019775390625" lon="114.4064231403172016143798828125">
        <ele>20.6000003814697265625</ele>
        <time>2026-10-04T09:38:06.000Z</time>
        <extensions>
          <ns3:TrackPointExtension>
            <ns3:hr>76</ns3:hr>
          </ns3:TrackPointExtension>
        </extensions>
      </trkpt>
      <trkpt lat="30.57694732211530208587646484375" lon="114.406590946018695831298828125">
        <ele>20.6000003814697265625</ele>
        <time>2026-10-04T09:38:12.000Z</time>
        <extensions>
          <ns3:TrackPointExtension>
            <ns3:hr>77</ns3:hr>
          </ns3:TrackPointExtension>
        </extensions>
      </trkpt>
      <trkpt lat="30.5768017284572124481201171875" lon="114.406660683453083038330078125">
        <ele>20.6000003814697265625</ele>
        <time>2026-10-04T09:38:18.000Z</time>
        <extensions>
          <ns3:TrackPointExtension>
            <ns3:hr>75</ns3:hr>
          </ns3:TrackPointExtension>
        </extensions>
      </trkpt>
      <trkpt lat="30.5767142213881015777587890625" lon="114.40666328184306621551513671875">
        <ele>20.6000003814697265625</ele>
        <time>2026-10-04T09:38:21.000Z</time>
        <extensions>
          <ns3:TrackPointExtension>
            <ns3:hr>72</ns3:hr>
          </ns3:TrackPointExtension>
        </extensions>
      </trkpt>
      <trkpt lat="30.5766106210649013519287109375" lon="114.4066434167325496673583984375">
        <ele>20.6000003814697265625</ele>
        <time>2026-10-04T09:38:25.000Z</time>
        <extensions>
          <ns3:TrackPointExtension>
            <ns3:hr>71</ns3:hr>
          </ns3:TrackPointExtension>
        </extensions>
      </trkpt>
      <trkpt lat="30.57648338377475738525390625" lon="114.406619109213352203369140625">
        <ele>20.6000003814697265625</ele>
        <time>2026-10-04T09:38:30.000Z</time>
        <extensions>
          <ns3:TrackPointExtension>
            <ns3:hr>71</ns3:hr>
          </ns3:TrackPointExtension>
        </extensions>
      </trkpt>
      <trkpt lat="30.57630074210464954376220703125" lon="114.40659170038998126983642578125">
        <ele>20.6000003814697265625</ele>
        <time>2026-10-04T09:38:37.000Z</time>
        <extensions>
          <ns3:TrackPointExtension>
            <ns3:hr>71</ns3:hr>
          </ns3:TrackPointExtension>
        </extensions>
      </trkpt>
      <trkpt lat="30.57612664997577667236328125" lon="114.40657895989716053009033203125">
        <ele>20.6000003814697265625</ele>
        <time>2026-10-04T09:38:43.000Z</time>
        <extensions>
          <ns3:TrackPointExtension>
            <ns3:hr>72</ns3:hr>
          </ns3:TrackPointExtension>
        </extensions>
      </trkpt>
      <trkpt lat="30.57592975907027721405029296875" lon="114.40661885775625705718994140625">
        <ele>20.799999237060546875</ele>
        <time>2026-10-04T09:38:50.000Z</time>
        <extensions>
          <ns3:TrackPointExtension>
            <ns3:hr>72</ns3:hr>
          </ns3:TrackPointExtension>
        </extensions>
      </trkpt>
      <trkpt lat="30.57579950429499149322509765625" lon="114.4066501222550868988037109375">
        <ele>20.799999237060546875</ele>
        <time>2026-10-04T09:38:55.000Z</time>
        <extensions>
          <ns3:TrackPointExtension>
            <ns3:hr>69</ns3:hr>
          </ns3:TrackPointExtension>
        </extensions>
      </trkpt>
      <trkpt lat="30.5757201276719570159912109375" lon="114.40667317248880863189697265625">
        <ele>20.799999237060546875</ele>
        <time>2026-10-04T09:38:58.000Z</time>
        <extensions>
          <ns3:TrackPointExtension>
            <ns3:hr>67</ns3:hr>
          </ns3:TrackPointExtension>
        </extensions>
      </trkpt>
      <trkpt lat="30.57557880878448486328125" lon="114.4067010842263698577880859375">
        <ele>21</ele>
        <time>2026-10-04T09:39:04.000Z</time>
        <extensions>
          <ns3:TrackPointExtension>
            <ns3:hr>70</ns3:hr>
          </ns3:TrackPointExtension>
        </extensions>
      </trkpt>
      <trkpt lat="30.57553916238248348236083984375" lon="114.40670217387378215789794921875">
        <ele>21</ele>
        <time>2026-10-04T09:39:06.000Z</time>
        <extensions>
          <ns3:TrackPointExtension>
            <ns3:hr>70</ns3:hr>
          </ns3:TrackPointExtension>
        </extensions>
      </trkpt>
      <trkpt lat="30.5754673294723033905029296875" lon="114.40671843476593494415283203125">
        <ele>21</ele>
        <time>2026-10-04T09:39:11.000Z</time>
        <extensions>
          <ns3:TrackPointExtension>
            <ns3:hr>67</ns3:hr>
          </ns3:TrackPointExtension>
        </extensions>
      </trkpt>
      <trkpt lat="30.5754488892853260040283203125" lon="114.40671793185174465179443359375">
        <ele>21</ele>
        <time>2026-10-04T09:39:16.000Z</time>
        <extensions>
          <ns3:TrackPointExtension>
            <ns3:hr>66</ns3:hr>
          </ns3:TrackPointExtension>
        </extensions>
      </trkpt>
      <trkpt lat="30.5754488892853260040283203125" lon="114.40671793185174465179443359375">
        <ele>20.799999237060546875</ele>
        <time>2026-10-04T09:39:21.000Z</time>
        <extensions>
          <ns3:TrackPointExtension>
            <ns3:hr>69</ns3:hr>
          </ns3:TrackPointExtension>
        </extensions>
      </trkpt>
      <trkpt lat="30.5754488892853260040283203125" lon="114.40671793185174465179443359375">
        <ele>20.3999996185302734375</ele>
        <time>2026-10-04T09:39:25.000Z</time>
        <extensions>
          <ns3:TrackPointExtension>
            <ns3:hr>70</ns3:hr>
          </ns3:TrackPointExtension>
        </extensions>
      </trkpt>
      <trkpt lat="30.5754452012479305267333984375" lon="114.4067193567752838134765625">
        <ele>20.3999996185302734375</ele>
        <time>2026-10-04T09:39:27.000Z</time>
        <extensions>
          <ns3:TrackPointExtension>
            <ns3:hr>70</ns3:hr>
          </ns3:TrackPointExtension>
        </extensions>
      </trkpt>
      <trkpt lat="30.57542567141354084014892578125" lon="114.40672195516526699066162109375">
        <ele>20.6000003814697265625</ele>
        <time>2026-10-04T09:39:29.000Z</time>
        <extensions>
          <ns3:TrackPointExtension>
            <ns3:hr>70</ns3:hr>
          </ns3:TrackPointExtension>
        </extensions>
      </trkpt>
      <trkpt lat="30.57542567141354084014892578125" lon="114.40672195516526699066162109375">
        <ele>20.799999237060546875</ele>
        <time>2026-10-04T09:39:33.000Z</time>
        <extensions>
          <ns3:TrackPointExtension>
            <ns3:hr>74</ns3:hr>
          </ns3:TrackPointExtension>
        </extensions>
      </trkpt>
      <trkpt lat="30.57542567141354084014892578125" lon="114.40672195516526699066162109375">
        <ele>20.799999237060546875</ele>
        <time>2026-10-04T09:39:34.000Z</time>
        <extensions>
          <ns3:TrackPointExtension>
            <ns3:hr>77</ns3:hr>
          </ns3:TrackPointExtension>
        </extensions>
      </trkpt>
      <trkpt lat="30.57542583905160427093505859375" lon="114.40672145225107669830322265625">
        <ele>21</ele>
        <time>2026-10-04T09:39:35.000Z</time>
        <extensions>
          <ns3:TrackPointExtension>
            <ns3:hr>77</ns3:hr>
          </ns3:TrackPointExtension>
        </extensions>
      </trkpt>
      <trkpt lat="30.5754379928112030029296875" lon="114.40671944059431552886962890625">
        <ele>21</ele>
        <time>2026-10-04T09:39:37.000Z</time>
        <extensions>
          <ns3:TrackPointExtension>
            <ns3:hr>77</ns3:hr>
          </ns3:TrackPointExtension>
        </extensions>
      </trkpt>
      <trkpt lat="30.57544897310435771942138671875" lon="114.406714327633380889892578125">
        <ele>20.3999996185302734375</ele>
        <time>2026-10-04T09:39:43.000Z</time>
        <extensions>
          <ns3:TrackPointExtension>
            <ns3:hr>77</ns3:hr>
          </ns3:TrackPointExtension>
        </extensions>
      </trkpt>
      <trkpt lat="30.57544897310435771942138671875" lon="114.406714327633380889892578125">
        <ele>20.3999996185302734375</ele>
        <time>2026-10-04T09:39:50.000Z</time>
        <extensions>
          <ns3:TrackPointExtension>
            <ns3:hr>72</ns3:hr>
          </ns3:TrackPointExtension>
        </extensions>
      </trkpt>
      <trkpt lat="30.57544897310435771942138671875" lon="114.406714327633380889892578125">
        <ele>20.200000762939453125</ele>
        <time>2026-10-04T09:39:52.000Z</time>
        <extensions>
          <ns3:TrackPointExtension>
            <ns3:hr>71</ns3:hr>
          </ns3:TrackPointExtension>
        </extensions>
      </trkpt>
      <trkpt lat="30.57547152042388916015625" lon="114.40669110976159572601318359375">
        <ele>20.3999996185302734375</ele>
        <time>2026-10-04T09:39:59.000Z</time>
        <extensions>
          <ns3:TrackPointExtension>
            <ns3:hr>70</ns3:hr>
          </ns3:TrackPointExtension>
        </extensions>
      </trkpt>
      <trkpt lat="30.57550664059817790985107421875" lon="114.40667468123137950897216796875">
        <ele>20.3999996185302734375</ele>
        <time>2026-10-04T09:40:06.000Z</time>
        <extensions>
          <ns3:TrackPointExtension>
            <ns3:hr>69</ns3:hr>
          </ns3:TrackPointExtension>
        </extensions>
      </trkpt>
      <trkpt lat="30.575546957552433013916015625" lon="114.40668691881000995635986328125">
        <ele>20.3999996185302734375</ele>
        <time>2026-10-04T09:40:13.000Z</time>
        <extensions>
          <ns3:TrackPointExtension>
            <ns3:hr>72</ns3:hr>
          </ns3:TrackPointExtension>
        </extensions>
      </trkpt>
      <trkpt lat="30.575549304485321044921875" lon="114.40668993629515171051025390625">
        <ele>20.3999996185302734375</ele>
        <time>2026-10-04T09:40:14.000Z</time>
        <extensions>
          <ns3:TrackPointExtension>
            <ns3:hr>73</ns3:hr>
          </ns3:TrackPointExtension>
        </extensions>
      </trkpt>
      <trkpt lat="30.5755484662950038909912109375" lon="114.406692199409008026123046875">
        <ele>20.799999237060546875</ele>
        <time>2026-10-04T09:40:22.000Z</time>
        <extensions>
          <ns3:TrackPointExtension>
            <ns3:hr>73</ns3:hr>
          </ns3:TrackPointExtension>
        </extensions>
      </trkpt>
      <trkpt lat="30.57554385624825954437255859375" lon="114.4067000783979892730712890625">
        <ele>20.799999237060546875</ele>
        <time>2026-10-04T09:40:24.000Z</time>
        <extensions>
          <ns3:TrackPointExtension>
            <ns3:hr>70</ns3:hr>
          </ns3:TrackPointExtension>
        </extensions>
      </trkpt>
      <trkpt lat="30.57554301805794239044189453125" lon="114.40670502372086048126220703125">
        <ele>20.799999237060546875</ele>
        <time>2026-10-04T09:40:26.000Z</time>
        <extensions>
          <ns3:TrackPointExtension>
            <ns3:hr>65</ns3:hr>
          </ns3:TrackPointExtension>
        </extensions>
      </trkpt>
      <trkpt lat="30.575542934238910675048828125" lon="114.406704939901828765869140625">
        <ele>20.799999237060546875</ele>
        <time>2026-10-04T09:40:27.000Z</time>
        <extensions>
          <ns3:TrackPointExtension>
            <ns3:hr>65</ns3:hr>
          </ns3:TrackPointExtension>
        </extensions>
      </trkpt>
      <trkpt lat="30.575542934238910675048828125" lon="114.406704939901828765869140625">
        <ele>20.799999237060546875</ele>
        <time>2026-10-04T09:40:32.000Z</time>
        <extensions>
          <ns3:TrackPointExtension>
            <ns3:hr>68</ns3:hr>
          </ns3:TrackPointExtension>
        </extensions>
      </trkpt>
      <trkpt lat="30.575542934238910675048828125" lon="114.406704939901828765869140625">
        <ele>20.799999237060546875</ele>
        <time>2026-10-04T09:40:33.000Z</time>
        <extensions>
          <ns3:TrackPointExtension>
            <ns3:hr>73</ns3:hr>
          </ns3:TrackPointExtension>
        </extensions>
      </trkpt>
      <trkpt lat="30.5755414254963397979736328125" lon="114.40671491436660289764404296875">
        <ele>20.799999237060546875</ele>
        <time>2026-10-04T09:40:35.000Z</time>
        <extensions>
          <ns3:TrackPointExtension>
            <ns3:hr>75</ns3:hr>
          </ns3:TrackPointExtension>
        </extensions>
      </trkpt>
      <trkpt lat="30.57554100640118122100830078125" lon="114.40672648139297962188720703125">
        <ele>20.799999237060546875</ele>
        <time>2026-10-04T09:40:38.000Z</time>
        <extensions>
          <ns3:TrackPointExtension>
            <ns3:hr>69</ns3:hr>
          </ns3:TrackPointExtension>
        </extensions>
      </trkpt>
      <trkpt lat="30.5755286850035190582275390625" lon="114.40671063959598541259765625">
        <ele>20.799999237060546875</ele>
        <time>2026-10-04T09:40:42.000Z</time>
        <extensions>
          <ns3:TrackPointExtension>
            <ns3:hr>70</ns3:hr>
          </ns3:TrackPointExtension>
        </extensions>
      </trkpt>
      <trkpt lat="30.57551720179617404937744140625" lon="114.40670753829181194305419921875">
        <ele>20.799999237060546875</ele>
        <time>2026-10-04T09:40:48.000Z</time>
        <extensions>
          <ns3:TrackPointExtension>
            <ns3:hr>71</ns3:hr>
          </ns3:TrackPointExtension>
        </extensions>
      </trkpt>
      <trkpt lat="30.57552591897547245025634765625" lon="114.40672564320266246795654296875">
        <ele>20.799999237060546875</ele>
        <time>2026-10-04T09:40:56.000Z</time>
        <extensions>
          <ns3:TrackPointExtension>
            <ns3:hr>71</ns3:hr>
          </ns3:TrackPointExtension>
        </extensions>
      </trkpt>
      <trkpt lat="30.57552508078515529632568359375" lon="114.40672094933688640594482421875">
        <ele>20.799999237060546875</ele>
        <time>2026-10-04T09:40:59.000Z</time>
        <extensions>
          <ns3:TrackPointExtension>
            <ns3:hr>68</ns3:hr>
          </ns3:TrackPointExtension>
        </extensions>
      </trkpt>
      <trkpt lat="30.57552508078515529632568359375" lon="114.40672094933688640594482421875">
        <ele>20.799999237060546875</ele>
        <time>2026-10-04T09:41:06.000Z</time>
        <extensions>
          <ns3:TrackPointExtension>
            <ns3:hr>65</ns3:hr>
          </ns3:TrackPointExtension>
        </extensions>
      </trkpt>
      <trkpt lat="30.57552508078515529632568359375" lon="114.40672094933688640594482421875">
        <ele>20.799999237060546875</ele>
        <time>2026-10-04T09:41:17.000Z</time>
        <extensions>
          <ns3:TrackPointExtension>
            <ns3:hr>63</ns3:hr>
          </ns3:TrackPointExtension>
        </extensions>
      </trkpt>
      <trkpt lat="30.57552508078515529632568359375" lon="114.40672094933688640594482421875">
        <ele>20.799999237060546875</ele>
        <time>2026-10-04T09:41:24.000Z</time>
        <extensions>
          <ns3:TrackPointExtension>
            <ns3:hr>65</ns3:hr>
          </ns3:TrackPointExtension>
        </extensions>
      </trkpt>
      <trkpt lat="30.57552508078515529632568359375" lon="114.40672094933688640594482421875">
        <ele>20.799999237060546875</ele>
        <time>2026-10-04T09:41:42.000Z</time>
        <extensions>
          <ns3:TrackPointExtension>
            <ns3:hr>66</ns3:hr>
          </ns3:TrackPointExtension>
        </extensions>
      </trkpt>
      <trkpt lat="30.57552508078515529632568359375" lon="114.40672094933688640594482421875">
        <ele>20.799999237060546875</ele>
        <time>2026-10-04T09:41:55.000Z</time>
        <extensions>
          <ns3:TrackPointExtension>
            <ns3:hr>68</ns3:hr>
          </ns3:TrackPointExtension>
        </extensions>
      </trkpt>
      <trkpt lat="30.5755184590816497802734375" lon="114.40671776421368122100830078125">
        <ele>20.799999237060546875</ele>
        <time>2026-10-04T09:42:02.000Z</time>
        <extensions>
          <ns3:TrackPointExtension>
            <ns3:hr>67</ns3:hr>
          </ns3:TrackPointExtension>
        </extensions>
      </trkpt>
      <trkpt lat="30.57546691037714481353759765625" lon="114.40672396682202816009521484375">
        <ele>20.799999237060546875</ele>
        <time>2026-10-04T09:42:08.000Z</time>
        <extensions>
          <ns3:TrackPointExtension>
            <ns3:hr>68</ns3:hr>
          </ns3:TrackPointExtension>
        </extensions>
      </trkpt>
      <trkpt lat="30.5754401721060276031494140625" lon="114.40672195516526699066162109375">
        <ele>20.799999237060546875</ele>
        <time>2026-10-04T09:42:15.000Z</time>
        <extensions>
          <ns3:TrackPointExtension>
            <ns3:hr>69</ns3:hr>
          </ns3:TrackPointExtension>
        </extensions>
      </trkpt>
      <trkpt lat="30.57544847019016742706298828125" lon="114.4067188538610935211181640625">
        <ele>20.799999237060546875</ele>
        <time>2026-10-04T09:42:22.000Z</time>
        <extensions>
          <ns3:TrackPointExtension>
            <ns3:hr>68</ns3:hr>
          </ns3:TrackPointExtension>
        </extensions>
      </trkpt>
      <trkpt lat="30.575445704162120819091796875" lon="114.406713657081127166748046875">
        <ele>20.799999237060546875</ele>
        <time>2026-10-04T09:42:28.000Z</time>
        <extensions>
          <ns3:TrackPointExtension>
            <ns3:hr>68</ns3:hr>
          </ns3:TrackPointExtension>
        </extensions>
      </trkpt>
      <trkpt lat="30.575436986982822418212890625" lon="114.40672044642269611358642578125">
        <ele>20.799999237060546875</ele>
        <time>2026-10-04T09:42:29.000Z</time>
        <extensions>
          <ns3:TrackPointExtension>
            <ns3:hr>69</ns3:hr>
          </ns3:TrackPointExtension>
        </extensions>
      </trkpt>
      <trkpt lat="30.57540354318916797637939453125" lon="114.40672949887812137603759765625">
        <ele>20.799999237060546875</ele>
        <time>2026-10-04T09:42:32.000Z</time>
        <extensions>
          <ns3:TrackPointExtension>
            <ns3:hr>68</ns3:hr>
          </ns3:TrackPointExtension>
        </extensions>
      </trkpt>
      <trkpt lat="30.575273036956787109375" lon="114.4067352823913097381591796875">
        <ele>20.6000003814697265625</ele>
        <time>2026-10-04T09:42:38.000Z</time>
        <extensions>
          <ns3:TrackPointExtension>
            <ns3:hr>67</ns3:hr>
          </ns3:TrackPointExtension>
        </extensions>
      </trkpt>
      <trkpt lat="30.5751682631671428680419921875" lon="114.40673612058162689208984375">
        <ele>20.3999996185302734375</ele>
        <time>2026-10-04T09:42:42.000Z</time>
        <extensions>
          <ns3:TrackPointExtension>
            <ns3:hr>70</ns3:hr>
          </ns3:TrackPointExtension>
        </extensions>
      </trkpt>
      <trkpt lat="30.575093328952789306640625" lon="114.406729079782962799072265625">
        <ele>20.200000762939453125</ele>
        <time>2026-10-04T09:42:45.000Z</time>
        <extensions>
          <ns3:TrackPointExtension>
            <ns3:hr>69</ns3:hr>
          </ns3:TrackPointExtension>
        </extensions>
      </trkpt>
      <trkpt lat="30.57486198842525482177734375" lon="114.4067456759512424468994140625">
        <ele>20</ele>
        <time>2026-10-04T09:42:53.000Z</time>
        <extensions>
          <ns3:TrackPointExtension>
            <ns3:hr>71</ns3:hr>
          </ns3:TrackPointExtension>
        </extensions>
      </trkpt>
      <trkpt lat="30.5746834538877010345458984375" lon="114.40671105869114398956298828125">
        <ele>19.799999237060546875</ele>
        <time>2026-10-04T09:42:59.000Z</time>
        <extensions>
          <ns3:TrackPointExtension>
            <ns3:hr>70</ns3:hr>
          </ns3:TrackPointExtension>
        </extensions>
      </trkpt>
      <trkpt lat="30.5744876526296138763427734375" lon="114.40674609504640102386474609375">
        <ele>19.200000762939453125</ele>
        <time>2026-10-04T09:43:06.000Z</time>
        <extensions>
          <ns3:TrackPointExtension>
            <ns3:hr>69</ns3:hr>
          </ns3:TrackPointExtension>
        </extensions>
      </trkpt>
      <trkpt lat="30.57438329793512821197509765625" lon="114.40688758157193660736083984375">
        <ele>19.200000762939453125</ele>
        <time>2026-10-04T09:43:11.000Z</time>
        <extensions>
          <ns3:TrackPointExtension>
            <ns3:hr>68</ns3:hr>
          </ns3:TrackPointExtension>
        </extensions>
      </trkpt>
      <trkpt lat="30.57437089271843433380126953125" lon="114.40692228265106678009033203125">
        <ele>19</ele>
        <time>2026-10-04T09:43:12.000Z</time>
        <extensions>
          <ns3:TrackPointExtension>
            <ns3:hr>69</ns3:hr>
          </ns3:TrackPointExtension>
        </extensions>
      </trkpt>
      <trkpt lat="30.57423627935349941253662109375" lon="114.40711054019629955291748046875">
        <ele>18.799999237060546875</ele>
        <time>2026-10-04T09:43:19.000Z</time>
        <extensions>
          <ns3:TrackPointExtension>
            <ns3:hr>70</ns3:hr>
          </ns3:TrackPointExtension>
        </extensions>
      </trkpt>
      <trkpt lat="30.5741051025688648223876953125" lon="114.4071141444146633148193359375">
        <ele>19</ele>
        <time>2026-10-04T09:43:24.000Z</time>
        <extensions>
          <ns3:TrackPointExtension>
            <ns3:hr>71</ns3:hr>
          </ns3:TrackPointExtension>
        </extensions>
      </trkpt>
      <trkpt lat="30.5740135721862316131591796875" lon="114.40706158988177776336669921875">
        <ele>18.799999237060546875</ele>
        <time>2026-10-04T09:43:28.000Z</time>
        <extensions>
          <ns3:TrackPointExtension>
            <ns3:hr>74</ns3:hr>
          </ns3:TrackPointExtension>
        </extensions>
      </trkpt>
      <trkpt lat="30.5739642865955829620361328125" lon="114.40703812055289745330810546875">
        <ele>18.799999237060546875</ele>
        <time>2026-10-04T09:43:30.000Z</time>
        <extensions>
          <ns3:TrackPointExtension>
            <ns3:hr>77</ns3:hr>
          </ns3:TrackPointExtension>
        </extensions>
      </trkpt>
      <trkpt lat="30.5739381350576877593994140625" lon="114.4070249609649181365966796875">
        <ele>18.799999237060546875</ele>
        <time>2026-10-04T09:43:31.000Z</time>
        <extensions>
          <ns3:TrackPointExtension>
            <ns3:hr>77</ns3:hr>
          </ns3:TrackPointExtension>
        </extensions>
      </trkpt>
      <trkpt lat="30.5738152563571929931640625" lon="114.406962431967258453369140625">
        <ele>18.799999237060546875</ele>
        <time>2026-10-04T09:43:36.000Z</time>
        <extensions>
          <ns3:TrackPointExtension>
            <ns3:hr>80</ns3:hr>
          </ns3:TrackPointExtension>
        </extensions>
      </trkpt>
      <trkpt lat="30.57376454584300518035888671875" lon="114.406943656504154205322265625">
        <ele>18.799999237060546875</ele>
        <time>2026-10-04T09:43:38.000Z</time>
        <extensions>
          <ns3:TrackPointExtension>
            <ns3:hr>78</ns3:hr>
          </ns3:TrackPointExtension>
        </extensions>
      </trkpt>
      <trkpt lat="30.5737138353288173675537109375" lon="114.406927563250064849853515625">
        <ele>18.799999237060546875</ele>
        <time>2026-10-04T09:43:40.000Z</time>
        <extensions>
          <ns3:TrackPointExtension>
            <ns3:hr>74</ns3:hr>
          </ns3:TrackPointExtension>
        </extensions>
      </trkpt>
      <trkpt lat="30.5736585147678852081298828125" lon="114.40690769813954830169677734375">
        <ele>18.799999237060546875</ele>
        <time>2026-10-04T09:43:42.000Z</time>
        <extensions>
          <ns3:TrackPointExtension>
            <ns3:hr>70</ns3:hr>
          </ns3:TrackPointExtension>
        </extensions>
      </trkpt>
      <trkpt lat="30.57362892664968967437744140625" lon="114.40689646638929843902587890625">
        <ele>18.799999237060546875</ele>
        <time>2026-10-04T09:43:43.000Z</time>
        <extensions>
          <ns3:TrackPointExtension>
            <ns3:hr>66</ns3:hr>
          </ns3:TrackPointExtension>
        </extensions>
      </trkpt>
      <trkpt lat="30.57351811788976192474365234375" lon="114.406864531338214874267578125">
        <ele>18.6000003814697265625</ele>
        <time>2026-10-04T09:43:47.000Z</time>
        <extensions>
          <ns3:TrackPointExtension>
            <ns3:hr>64</ns3:hr>
          </ns3:TrackPointExtension>
        </extensions>
      </trkpt>
      <trkpt lat="30.5733101628720760345458984375" lon="114.40687148831784725189208984375">
        <ele>18.6000003814697265625</ele>
        <time>2026-10-04T09:43:54.000Z</time>
        <extensions>
          <ns3:TrackPointExtension>
            <ns3:hr>63</ns3:hr>
          </ns3:TrackPointExtension>
        </extensions>
      </trkpt>
      <trkpt lat="30.57311117649078369140625" lon="114.4069394655525684356689453125">
        <ele>18.6000003814697265625</ele>
        <time>2026-10-04T09:44:02.000Z</time>
        <extensions>
          <ns3:TrackPointExtension>
            <ns3:hr>66</ns3:hr>
          </ns3:TrackPointExtension>
        </extensions>
      </trkpt>
      <trkpt lat="30.5729413591325283050537109375" lon="114.40700995735824108123779296875">
        <ele>18.6000003814697265625</ele>
        <time>2026-10-04T09:44:09.000Z</time>
        <extensions>
          <ns3:TrackPointExtension>
            <ns3:hr>66</ns3:hr>
          </ns3:TrackPointExtension>
        </extensions>
      </trkpt>
      <trkpt lat="30.572743378579616546630859375" lon="114.4071050919592380523681640625">
        <ele>18.6000003814697265625</ele>
        <time>2026-10-04T09:44:17.000Z</time>
        <extensions>
          <ns3:TrackPointExtension>
            <ns3:hr>66</ns3:hr>
          </ns3:TrackPointExtension>
        </extensions>
      </trkpt>
      <trkpt lat="30.57260365225374698638916015625" lon="114.40712244249880313873291015625">
        <ele>18.6000003814697265625</ele>
        <time>2026-10-04T09:44:22.000Z</time>
        <extensions>
          <ns3:TrackPointExtension>
            <ns3:hr>69</ns3:hr>
          </ns3:TrackPointExtension>
        </extensions>
      </trkpt>
      <trkpt lat="30.5725705437362194061279296875" lon="114.40711699426174163818359375">
        <ele>18.6000003814697265625</ele>
        <time>2026-10-04T09:44:23.000Z</time>
        <extensions>
          <ns3:TrackPointExtension>
            <ns3:hr>69</ns3:hr>
          </ns3:TrackPointExtension>
        </extensions>
      </trkpt>
      <trkpt lat="30.5723626725375652313232421875" lon="114.407079778611660003662109375">
        <ele>18.3999996185302734375</ele>
        <time>2026-10-04T09:44:30.000Z</time>
        <extensions>
          <ns3:TrackPointExtension>
            <ns3:hr>71</ns3:hr>
          </ns3:TrackPointExtension>
        </extensions>
      </trkpt>
      <trkpt lat="30.5722407996654510498046875" lon="114.40705572254955768585205078125">
        <ele>18.3999996185302734375</ele>
        <time>2026-10-04T09:44:35.000Z</time>
        <extensions>
          <ns3:TrackPointExtension>
            <ns3:hr>72</ns3:hr>
          </ns3:TrackPointExtension>
        </extensions>
      </trkpt>
      <trkpt lat="30.57214398868381977081298828125" lon="114.4070517830550670623779296875">
        <ele>18.6000003814697265625</ele>
        <time>2026-10-04T09:44:40.000Z</time>
        <extensions>
          <ns3:TrackPointExtension>
            <ns3:hr>69</ns3:hr>
          </ns3:TrackPointExtension>
        </extensions>
      </trkpt>
      <trkpt lat="30.5721216090023517608642578125" lon="114.4070470891892910003662109375">
        <ele>18.6000003814697265625</ele>
        <time>2026-10-04T09:44:42.000Z</time>
        <extensions>
          <ns3:TrackPointExtension>
            <ns3:hr>67</ns3:hr>
          </ns3:TrackPointExtension>
        </extensions>
      </trkpt>
      <trkpt lat="30.57211364619433879852294921875" lon="114.40705035813152790069580078125">
        <ele>18.6000003814697265625</ele>
        <time>2026-10-04T09:44:44.000Z</time>
        <extensions>
          <ns3:TrackPointExtension>
            <ns3:hr>64</ns3:hr>
          </ns3:TrackPointExtension>
        </extensions>
      </trkpt>
      <trkpt lat="30.5721216090023517608642578125" lon="114.407075755298137664794921875">
        <ele>18.3999996185302734375</ele>
        <time>2026-10-04T09:44:47.000Z</time>
        <extensions>
          <ns3:TrackPointExtension>
            <ns3:hr>64</ns3:hr>
          </ns3:TrackPointExtension>
        </extensions>
      </trkpt>
      <trkpt lat="30.57217416353523731231689453125" lon="114.40704331733286380767822265625">
        <ele>18.3999996185302734375</ele>
        <time>2026-10-04T09:44:51.000Z</time>
        <extensions>
          <ns3:TrackPointExtension>
            <ns3:hr>65</ns3:hr>
          </ns3:TrackPointExtension>
        </extensions>
      </trkpt>
      <trkpt lat="30.57228782214224338531494140625" lon="114.40705840475857257843017578125">
        <ele>19</ele>
        <time>2026-10-04T09:44:57.000Z</time>
        <extensions>
          <ns3:TrackPointExtension>
            <ns3:hr>64</ns3:hr>
          </ns3:TrackPointExtension>
        </extensions>
      </trkpt>
      <trkpt lat="30.572339035570621490478515625" lon="114.40704734064638614654541015625">
        <ele>18.799999237060546875</ele>
        <time>2026-10-04T09:45:00.000Z</time>
        <extensions>
          <ns3:TrackPointExtension>
            <ns3:hr>65</ns3:hr>
          </ns3:TrackPointExtension>
        </extensions>
      </trkpt>
      <trkpt lat="30.57234750129282474517822265625" lon="114.40700492821633815765380859375">
        <ele>18.6000003814697265625</ele>
        <time>2026-10-04T09:45:02.000Z</time>
        <extensions>
          <ns3:TrackPointExtension>
            <ns3:hr>65</ns3:hr>
          </ns3:TrackPointExtension>
        </extensions>
      </trkpt>
      <trkpt lat="30.57237650267779827117919921875" lon="114.406890682876110076904296875">
        <ele>18.6000003814697265625</ele>
        <time>2026-10-04T09:45:08.000Z</time>
        <extensions>
          <ns3:TrackPointExtension>
            <ns3:hr>66</ns3:hr>
          </ns3:TrackPointExtension>
        </extensions>
      </trkpt>
      <trkpt lat="30.57239980436861515045166015625" lon="114.40677903592586517333984375">
        <ele>19</ele>
        <time>2026-10-04T09:45:13.000Z</time>
        <extensions>
          <ns3:TrackPointExtension>
            <ns3:hr>71</ns3:hr>
          </ns3:TrackPointExtension>
        </extensions>
      </trkpt>
      <trkpt lat="30.57240500114858150482177734375" lon="114.40676034428179264068603515625">
        <ele>19</ele>
        <time>2026-10-04T09:45:14.000Z</time>
        <extensions>
          <ns3:TrackPointExtension>
            <ns3:hr>74</ns3:hr>
          </ns3:TrackPointExtension>
        </extensions>
      </trkpt>
      <trkpt lat="30.57240734808146953582763671875" lon="114.40673746168613433837890625">
        <ele>18.799999237060546875</ele>
        <time>2026-10-04T09:45:15.000Z</time>
        <extensions>
          <ns3:TrackPointExtension>
            <ns3:hr>75</ns3:hr>
          </ns3:TrackPointExtension>
        </extensions>
      </trkpt>
      <trkpt lat="30.57244003750383853912353515625" lon="114.4066206179559230804443359375">
        <ele>18.3999996185302734375</ele>
        <time>2026-10-04T09:45:20.000Z</time>
        <extensions>
          <ns3:TrackPointExtension>
            <ns3:hr>74</ns3:hr>
          </ns3:TrackPointExtension>
        </extensions>
      </trkpt>
      <trkpt lat="30.572467111051082611083984375" lon="114.4064958952367305755615234375">
        <ele>18.6000003814697265625</ele>
        <time>2026-10-04T09:45:25.000Z</time>
        <extensions>
          <ns3:TrackPointExtension>
            <ns3:hr>74</ns3:hr>
          </ns3:TrackPointExtension>
        </extensions>
      </trkpt>
      <trkpt lat="30.5724843777716159820556640625" lon="114.4064452685415744781494140625">
        <ele>18.3999996185302734375</ele>
        <time>2026-10-04T09:45:28.000Z</time>
        <extensions>
          <ns3:TrackPointExtension>
            <ns3:hr>74</ns3:hr>
          </ns3:TrackPointExtension>
        </extensions>
      </trkpt>
      <trkpt lat="30.57246836833655834197998046875" lon="114.4064117409288883209228515625">
        <ele>18.6000003814697265625</ele>
        <time>2026-10-04T09:45:30.000Z</time>
        <extensions>
          <ns3:TrackPointExtension>
            <ns3:hr>74</ns3:hr>
          </ns3:TrackPointExtension>
        </extensions>
      </trkpt>
      <trkpt lat="30.57236929424107074737548828125" lon="114.40631006844341754913330078125">
        <ele>18.6000003814697265625</ele>
        <time>2026-10-04T09:45:37.000Z</time>
        <extensions>
          <ns3:TrackPointExtension>
            <ns3:hr>76</ns3:hr>
          </ns3:TrackPointExtension>
        </extensions>
      </trkpt>
      <trkpt lat="30.57233677245676517486572265625" lon="114.4062675721943378448486328125">
        <ele>18.3999996185302734375</ele>
        <time>2026-10-04T09:45:42.000Z</time>
        <extensions>
          <ns3:TrackPointExtension>
            <ns3:hr>74</ns3:hr>
          </ns3:TrackPointExtension>
        </extensions>
      </trkpt>
      <trkpt lat="30.57233677245676517486572265625" lon="114.4062675721943378448486328125">
        <ele>18.6000003814697265625</ele>
        <time>2026-10-04T09:45:50.000Z</time>
        <extensions>
          <ns3:TrackPointExtension>
            <ns3:hr>73</ns3:hr>
          </ns3:TrackPointExtension>
        </extensions>
      </trkpt>
      <trkpt lat="30.57233677245676517486572265625" lon="114.4062675721943378448486328125">
        <ele>18.6000003814697265625</ele>
        <time>2026-10-04T09:45:56.000Z</time>
        <extensions>
          <ns3:TrackPointExtension>
            <ns3:hr>73</ns3:hr>
          </ns3:TrackPointExtension>
        </extensions>
      </trkpt>
      <trkpt lat="30.57232654653489589691162109375" lon="114.40626279450953006744384765625">
        <ele>18.6000003814697265625</ele>
        <time>2026-10-04T09:45:59.000Z</time>
        <extensions>
          <ns3:TrackPointExtension>
            <ns3:hr>72</ns3:hr>
          </ns3:TrackPointExtension>
        </extensions>
      </trkpt>
      <trkpt lat="30.57229754514992237091064453125" lon="114.40626279450953006744384765625">
        <ele>18.799999237060546875</ele>
        <time>2026-10-04T09:46:02.000Z</time>
        <extensions>
          <ns3:TrackPointExtension>
            <ns3:hr>69</ns3:hr>
          </ns3:TrackPointExtension>
        </extensions>
      </trkpt>
      <trkpt lat="30.57218891568481922149658203125" lon="114.40627612173557281494140625">
        <ele>18.6000003814697265625</ele>
        <time>2026-10-04T09:46:10.000Z</time>
        <extensions>
          <ns3:TrackPointExtension>
            <ns3:hr>68</ns3:hr>
          </ns3:TrackPointExtension>
        </extensions>
      </trkpt>
      <trkpt lat="30.57201406918466091156005859375" lon="114.40631744451820850372314453125">
        <ele>18.3999996185302734375</ele>
        <time>2026-10-04T09:46:19.000Z</time>
        <extensions>
          <ns3:TrackPointExtension>
            <ns3:hr>68</ns3:hr>
          </ns3:TrackPointExtension>
        </extensions>
      </trkpt>
      <trkpt lat="30.5719335190951824188232421875" lon="114.40635398961603641510009765625">
        <ele>18</ele>
        <time>2026-10-04T09:46:23.000Z</time>
        <extensions>
          <ns3:TrackPointExtension>
            <ns3:hr>68</ns3:hr>
          </ns3:TrackPointExtension>
        </extensions>
      </trkpt>
      <trkpt lat="30.57191155850887298583984375" lon="114.406357593834400177001953125">
        <ele>18.200000762939453125</ele>
        <time>2026-10-04T09:46:24.000Z</time>
        <extensions>
          <ns3:TrackPointExtension>
            <ns3:hr>67</ns3:hr>
          </ns3:TrackPointExtension>
        </extensions>
      </trkpt>
      <trkpt lat="30.5718091316521167755126953125" lon="114.4063922949135303497314453125">
        <ele>18.6000003814697265625</ele>
        <time>2026-10-04T09:46:29.000Z</time>
        <extensions>
          <ns3:TrackPointExtension>
            <ns3:hr>67</ns3:hr>
          </ns3:TrackPointExtension>
        </extensions>
      </trkpt>
      <trkpt lat="30.57169538922607898712158203125" lon="114.4064201228320598602294921875">
        <ele>18.6000003814697265625</ele>
        <time>2026-10-04T09:46:35.000Z</time>
        <extensions>
          <ns3:TrackPointExtension>
            <ns3:hr>70</ns3:hr>
          </ns3:TrackPointExtension>
        </extensions>
      </trkpt>
      <trkpt lat="30.57167292572557926177978515625" lon="114.40642339177429676055908203125">
        <ele>18.6000003814697265625</ele>
        <time>2026-10-04T09:46:36.000Z</time>
        <extensions>
          <ns3:TrackPointExtension>
            <ns3:hr>70</ns3:hr>
          </ns3:TrackPointExtension>
        </extensions>
      </trkpt>
      <trkpt lat="30.5716129951179027557373046875" lon="114.4064224697649478912353515625">
        <ele>18.6000003814697265625</ele>
        <time>2026-10-04T09:46:41.000Z</time>
        <extensions>
          <ns3:TrackPointExtension>
            <ns3:hr>71</ns3:hr>
          </ns3:TrackPointExtension>
        </extensions>
      </trkpt>
      <trkpt lat="30.5716129951179027557373046875" lon="114.4064224697649478912353515625">
        <ele>18.3999996185302734375</ele>
        <time>2026-10-04T09:46:47.000Z</time>
        <extensions>
          <ns3:TrackPointExtension>
            <ns3:hr>71</ns3:hr>
          </ns3:TrackPointExtension>
        </extensions>
      </trkpt>
      <trkpt lat="30.5716129951179027557373046875" lon="114.4064224697649478912353515625">
        <ele>18.200000762939453125</ele>
        <time>2026-10-04T09:46:55.000Z</time>
        <extensions>
          <ns3:TrackPointExtension>
            <ns3:hr>71</ns3:hr>
          </ns3:TrackPointExtension>
        </extensions>
      </trkpt>
      <trkpt lat="30.57159950025379657745361328125" lon="114.40641987137496471405029296875">
        <ele>18.200000762939453125</ele>
        <time>2026-10-04T09:47:00.000Z</time>
        <extensions>
          <ns3:TrackPointExtension>
            <ns3:hr>70</ns3:hr>
          </ns3:TrackPointExtension>
        </extensions>
      </trkpt>
      <trkpt lat="30.5716119892895221710205078125" lon="114.40641065128147602081298828125">
        <ele>18</ele>
        <time>2026-10-04T09:47:02.000Z</time>
        <extensions>
          <ns3:TrackPointExtension>
            <ns3:hr>70</ns3:hr>
          </ns3:TrackPointExtension>
        </extensions>
      </trkpt>
      <trkpt lat="30.5716210417449474334716796875" lon="114.40640059299767017364501953125">
        <ele>18</ele>
        <time>2026-10-04T09:47:05.000Z</time>
        <extensions>
          <ns3:TrackPointExtension>
            <ns3:hr>71</ns3:hr>
          </ns3:TrackPointExtension>
        </extensions>
      </trkpt>
      <trkpt lat="30.57162112556397914886474609375" lon="114.406400509178638458251953125">
        <ele>17.3999996185302734375</ele>
        <time>2026-10-04T09:47:12.000Z</time>
        <extensions>
          <ns3:TrackPointExtension>
            <ns3:hr>72</ns3:hr>
          </ns3:TrackPointExtension>
        </extensions>
      </trkpt>
      <trkpt lat="30.57162213139235973358154296875" lon="114.40640009008347988128662109375">
        <ele>17.6000003814697265625</ele>
        <time>2026-10-04T09:47:19.000Z</time>
        <extensions>
          <ns3:TrackPointExtension>
            <ns3:hr>74</ns3:hr>
          </ns3:TrackPointExtension>
        </extensions>
      </trkpt>
      <trkpt lat="30.5716210417449474334716796875" lon="114.40640059299767017364501953125">
        <ele>17.6000003814697265625</ele>
        <time>2026-10-04T09:47:20.000Z</time>
        <extensions>
          <ns3:TrackPointExtension>
            <ns3:hr>78</ns3:hr>
          </ns3:TrackPointExtension>
        </extensions>
      </trkpt>
      <trkpt lat="30.5716210417449474334716796875" lon="114.40640059299767017364501953125">
        <ele>17.6000003814697265625</ele>
        <time>2026-10-04T09:47:21.000Z</time>
        <extensions>
          <ns3:TrackPointExtension>
            <ns3:hr>78</ns3:hr>
          </ns3:TrackPointExtension>
        </extensions>
      </trkpt>
      <trkpt lat="30.5716210417449474334716796875" lon="114.40640059299767017364501953125">
        <ele>17.6000003814697265625</ele>
        <time>2026-10-04T09:47:27.000Z</time>
        <extensions>
          <ns3:TrackPointExtension>
            <ns3:hr>76</ns3:hr>
          </ns3:TrackPointExtension>
        </extensions>
      </trkpt>
      <trkpt lat="30.5716210417449474334716796875" lon="114.40640059299767017364501953125">
        <ele>17.799999237060546875</ele>
        <time>2026-10-04T09:47:29.000Z</time>
        <extensions>
          <ns3:TrackPointExtension>
            <ns3:hr>73</ns3:hr>
          </ns3:TrackPointExtension>
        </extensions>
      </trkpt>
      <trkpt lat="30.5716210417449474334716796875" lon="114.40640059299767017364501953125">
        <ele>17.6000003814697265625</ele>
        <time>2026-10-04T09:47:35.000Z</time>
        <extensions>
          <ns3:TrackPointExtension>
            <ns3:hr>73</ns3:hr>
          </ns3:TrackPointExtension>
        </extensions>
      </trkpt>
      <trkpt lat="30.571616180241107940673828125" lon="114.40639925189316272735595703125">
        <ele>17.200000762939453125</ele>
        <time>2026-10-04T09:47:41.000Z</time>
        <extensions>
          <ns3:TrackPointExtension>
            <ns3:hr>74</ns3:hr>
          </ns3:TrackPointExtension>
        </extensions>
      </trkpt>
      <trkpt lat="30.5716170184314250946044921875" lon="114.406400509178638458251953125">
        <ele>17</ele>
        <time>2026-10-04T09:47:45.000Z</time>
        <extensions>
          <ns3:TrackPointExtension>
            <ns3:hr>74</ns3:hr>
          </ns3:TrackPointExtension>
        </extensions>
      </trkpt>
      <trkpt lat="30.5716210417449474334716796875" lon="114.40640059299767017364501953125">
        <ele>17</ele>
        <time>2026-10-04T09:47:49.000Z</time>
        <extensions>
          <ns3:TrackPointExtension>
            <ns3:hr>73</ns3:hr>
          </ns3:TrackPointExtension>
        </extensions>
      </trkpt>
      <trkpt lat="30.5716210417449474334716796875" lon="114.40640059299767017364501953125">
        <ele>17</ele>
        <time>2026-10-04T09:47:59.000Z</time>
        <extensions>
          <ns3:TrackPointExtension>
            <ns3:hr>69</ns3:hr>
          </ns3:TrackPointExtension>
        </extensions>
      </trkpt>
      <trkpt lat="30.5716210417449474334716796875" lon="114.40640059299767017364501953125">
        <ele>17</ele>
        <time>2026-10-04T09:48:01.000Z</time>
        <extensions>
          <ns3:TrackPointExtension>
            <ns3:hr>68</ns3:hr>
          </ns3:TrackPointExtension>
        </extensions>
      </trkpt>
      <trkpt lat="30.5716210417449474334716796875" lon="114.40640059299767017364501953125">
        <ele>17</ele>
        <time>2026-10-04T09:48:03.000Z</time>
        <extensions>
          <ns3:TrackPointExtension>
            <ns3:hr>64</ns3:hr>
          </ns3:TrackPointExtension>
        </extensions>
      </trkpt>
      <trkpt lat="30.5716210417449474334716796875" lon="114.40640059299767017364501953125">
        <ele>17</ele>
        <time>2026-10-04T09:48:05.000Z</time>
        <extensions>
          <ns3:TrackPointExtension>
            <ns3:hr>61</ns3:hr>
          </ns3:TrackPointExtension>
        </extensions>
      </trkpt>
      <trkpt lat="30.5716210417449474334716796875" lon="114.40640059299767017364501953125">
        <ele>17</ele>
        <time>2026-10-04T09:48:19.000Z</time>
        <extensions>
          <ns3:TrackPointExtension>
            <ns3:hr>61</ns3:hr>
          </ns3:TrackPointExtension>
        </extensions>
      </trkpt>
      <trkpt lat="30.5716210417449474334716796875" lon="114.40640059299767017364501953125">
        <ele>17</ele>
        <time>2026-10-04T09:48:30.000Z</time>
        <extensions>
          <ns3:TrackPointExtension>
            <ns3:hr>58</ns3:hr>
          </ns3:TrackPointExtension>
        </extensions>
      </trkpt>
      <trkpt lat="30.5716210417449474334716796875" lon="114.40640059299767017364501953125">
        <ele>17</ele>
        <time>2026-10-04T09:48:35.000Z</time>
        <extensions>
          <ns3:TrackPointExtension>
            <ns3:hr>57</ns3:hr>
          </ns3:TrackPointExtension>
        </extensions>
      </trkpt>
      <trkpt lat="30.5716210417449474334716796875" lon="114.40640059299767017364501953125">
        <ele>16.799999237060546875</ele>
        <time>2026-10-04T09:48:47.000Z</time>
        <extensions>
          <ns3:TrackPointExtension>
            <ns3:hr>58</ns3:hr>
          </ns3:TrackPointExtension>
        </extensions>
      </trkpt>
      <trkpt lat="30.5716210417449474334716796875" lon="114.40640059299767017364501953125">
        <ele>16.799999237060546875</ele>
        <time>2026-10-04T09:48:56.000Z</time>
        <extensions>
          <ns3:TrackPointExtension>
            <ns3:hr>61</ns3:hr>
          </ns3:TrackPointExtension>
        </extensions>
      </trkpt>
      <trkpt lat="30.5716210417449474334716796875" lon="114.40640059299767017364501953125">
        <ele>16.799999237060546875</ele>
        <time>2026-10-04T09:48:58.000Z</time>
        <extensions>
          <ns3:TrackPointExtension>
            <ns3:hr>65</ns3:hr>
          </ns3:TrackPointExtension>
        </extensions>
      </trkpt>
      <trkpt lat="30.5716210417449474334716796875" lon="114.40640059299767017364501953125">
        <ele>16.799999237060546875</ele>
        <time>2026-10-04T09:49:02.000Z</time>
        <extensions>
          <ns3:TrackPointExtension>
            <ns3:hr>60</ns3:hr>
          </ns3:TrackPointExtension>
        </extensions>
      </trkpt>
      <trkpt lat="30.5716210417449474334716796875" lon="114.40640059299767017364501953125">
        <ele>16.799999237060546875</ele>
        <time>2026-10-04T09:49:03.000Z</time>
        <extensions>
          <ns3:TrackPointExtension>
            <ns3:hr>60</ns3:hr>
          </ns3:TrackPointExtension>
        </extensions>
      </trkpt>
      <trkpt lat="30.5716210417449474334716796875" lon="114.40640059299767017364501953125">
        <ele>16.799999237060546875</ele>
        <time>2026-10-04T09:49:04.000Z</time>
        <extensions>
          <ns3:TrackPointExtension>
            <ns3:hr>60</ns3:hr>
          </ns3:TrackPointExtension>
        </extensions>
      </trkpt>
      <trkpt lat="30.5716210417449474334716796875" lon="114.40640059299767017364501953125">
        <ele>16.799999237060546875</ele>
        <time>2026-10-04T09:49:19.000Z</time>
        <extensions>
          <ns3:TrackPointExtension>
            <ns3:hr>57</ns3:hr>
          </ns3:TrackPointExtension>
        </extensions>
      </trkpt>
      <trkpt lat="30.5716210417449474334716796875" lon="114.40640059299767017364501953125">
        <ele>16.799999237060546875</ele>
        <time>2026-10-04T09:49:31.000Z</time>
        <extensions>
          <ns3:TrackPointExtension>
            <ns3:hr>55</ns3:hr>
          </ns3:TrackPointExtension>
        </extensions>
      </trkpt>
      <trkpt lat="30.57155557908117771148681640625" lon="114.406449794769287109375">
        <ele>17</ele>
        <time>2026-10-04T10:09:46.000Z</time>
        <extensions>
          <ns3:TrackPointExtension>
            <ns3:hr>81</ns3:hr>
          </ns3:TrackPointExtension>
        </extensions>
      </trkpt>
      <trkpt lat="30.57155557908117771148681640625" lon="114.406449794769287109375">
        <ele>17.200000762939453125</ele>
        <time>2026-10-04T10:09:47.000Z</time>
        <extensions>
          <ns3:TrackPointExtension>
            <ns3:hr>81</ns3:hr>
          </ns3:TrackPointExtension>
        </extensions>
      </trkpt>
      <trkpt lat="30.57151115499436855316162109375" lon="114.40647921524941921234130859375">
        <ele>17.6000003814697265625</ele>
        <time>2026-10-04T10:09:51.000Z</time>
        <extensions>
          <ns3:TrackPointExtension>
            <ns3:hr>80</ns3:hr>
          </ns3:TrackPointExtension>
        </extensions>
      </trkpt>
      <trkpt lat="30.57140487246215343475341796875" lon="114.40649581141769886016845703125">
        <ele>17.200000762939453125</ele>
        <time>2026-10-04T10:09:56.000Z</time>
        <extensions>
          <ns3:TrackPointExtension>
            <ns3:hr>79</ns3:hr>
          </ns3:TrackPointExtension>
        </extensions>
      </trkpt>
      <trkpt lat="30.57126087136566638946533203125" lon="114.40653202123939990997314453125">
        <ele>17.3999996185302734375</ele>
        <time>2026-10-04T10:10:02.000Z</time>
        <extensions>
          <ns3:TrackPointExtension>
            <ns3:hr>80</ns3:hr>
          </ns3:TrackPointExtension>
        </extensions>
      </trkpt>
      <trkpt lat="30.5711375735700130462646484375" lon="114.40661081112921237945556640625">
        <ele>17.799999237060546875</ele>
        <time>2026-10-04T10:10:08.000Z</time>
        <extensions>
          <ns3:TrackPointExtension>
            <ns3:hr>81</ns3:hr>
          </ns3:TrackPointExtension>
        </extensions>
      </trkpt>
      <trkpt lat="30.5711221508681774139404296875" lon="114.406596310436725616455078125">
        <ele>17.799999237060546875</ele>
        <time>2026-10-04T10:10:09.000Z</time>
        <extensions>
          <ns3:TrackPointExtension>
            <ns3:hr>81</ns3:hr>
          </ns3:TrackPointExtension>
        </extensions>
      </trkpt>
      <trkpt lat="30.5710016191005706787109375" lon="114.40654744394123554229736328125">
        <ele>18</ele>
        <time>2026-10-04T10:10:15.000Z</time>
        <extensions>
          <ns3:TrackPointExtension>
            <ns3:hr>82</ns3:hr>
          </ns3:TrackPointExtension>
        </extensions>
      </trkpt>
      <trkpt lat="30.57095644064247608184814453125" lon="114.4065381400287151336669921875">
        <ele>18</ele>
        <time>2026-10-04T10:10:17.000Z</time>
        <extensions>
          <ns3:TrackPointExtension>
            <ns3:hr>85</ns3:hr>
          </ns3:TrackPointExtension>
        </extensions>
      </trkpt>
      <trkpt lat="30.570893324911594390869140625" lon="114.40653386525809764862060546875">
        <ele>18</ele>
        <time>2026-10-04T10:10:20.000Z</time>
        <extensions>
          <ns3:TrackPointExtension>
            <ns3:hr>85</ns3:hr>
          </ns3:TrackPointExtension>
        </extensions>
      </trkpt>
      <trkpt lat="30.5707214958965778350830078125" lon="114.4065538980066776275634765625">
        <ele>18</ele>
        <time>2026-10-04T10:10:29.000Z</time>
        <extensions>
          <ns3:TrackPointExtension>
            <ns3:hr>84</ns3:hr>
          </ns3:TrackPointExtension>
        </extensions>
      </trkpt>
      <trkpt lat="30.57058696635067462921142578125" lon="114.40661718137562274932861328125">
        <ele>17.799999237060546875</ele>
        <time>2026-10-04T10:10:36.000Z</time>
        <extensions>
          <ns3:TrackPointExtension>
            <ns3:hr>83</ns3:hr>
          </ns3:TrackPointExtension>
        </extensions>
      </trkpt>
      <trkpt lat="30.5704680271446704864501953125" lon="114.406678117811679840087890625">
        <ele>17.6000003814697265625</ele>
        <time>2026-10-04T10:10:42.000Z</time>
        <extensions>
          <ns3:TrackPointExtension>
            <ns3:hr>82</ns3:hr>
          </ns3:TrackPointExtension>
        </extensions>
      </trkpt>
      <trkpt lat="30.57031857781112194061279296875" lon="114.40676285885274410247802734375">
        <ele>17.6000003814697265625</ele>
        <time>2026-10-04T10:10:49.000Z</time>
        <extensions>
          <ns3:TrackPointExtension>
            <ns3:hr>80</ns3:hr>
          </ns3:TrackPointExtension>
        </extensions>
      </trkpt>
      <trkpt lat="30.57018497027456760406494140625" lon="114.40684768371284008026123046875">
        <ele>17.799999237060546875</ele>
        <time>2026-10-04T10:10:56.000Z</time>
        <extensions>
          <ns3:TrackPointExtension>
            <ns3:hr>78</ns3:hr>
          </ns3:TrackPointExtension>
        </extensions>
      </trkpt>
      <trkpt lat="30.570035018026828765869140625" lon="114.4069263897836208343505859375">
        <ele>18</ele>
        <time>2026-10-04T10:11:03.000Z</time>
        <extensions>
          <ns3:TrackPointExtension>
            <ns3:hr>77</ns3:hr>
          </ns3:TrackPointExtension>
        </extensions>
      </trkpt>
      <trkpt lat="30.56983888149261474609375" lon="114.40694491378962993621826171875">
        <ele>18</ele>
        <time>2026-10-04T10:11:12.000Z</time>
        <extensions>
          <ns3:TrackPointExtension>
            <ns3:hr>77</ns3:hr>
          </ns3:TrackPointExtension>
        </extensions>
      </trkpt>
      <trkpt lat="30.56972698308527469635009765625" lon="114.4069290719926357269287109375">
        <ele>18</ele>
        <time>2026-10-04T10:11:19.000Z</time>
        <extensions>
          <ns3:TrackPointExtension>
            <ns3:hr>75</ns3:hr>
          </ns3:TrackPointExtension>
        </extensions>
      </trkpt>
      <trkpt lat="30.5696417391300201416015625" lon="114.40689143724739551544189453125">
        <ele>18</ele>
        <time>2026-10-04T10:11:24.000Z</time>
        <extensions>
          <ns3:TrackPointExtension>
            <ns3:hr>75</ns3:hr>
          </ns3:TrackPointExtension>
        </extensions>
      </trkpt>
      <trkpt lat="30.56957225315272808074951171875" lon="114.4068596698343753814697265625">
        <ele>18</ele>
        <time>2026-10-04T10:11:29.000Z</time>
        <extensions>
          <ns3:TrackPointExtension>
            <ns3:hr>77</ns3:hr>
          </ns3:TrackPointExtension>
        </extensions>
      </trkpt>
      <trkpt lat="30.5695701576769351959228515625" lon="114.40685774199664592742919921875">
        <ele>18</ele>
        <time>2026-10-04T10:11:34.000Z</time>
        <extensions>
          <ns3:TrackPointExtension>
            <ns3:hr>79</ns3:hr>
          </ns3:TrackPointExtension>
        </extensions>
      </trkpt>
      <trkpt lat="30.5695728398859500885009765625" lon="114.40685874782502651214599609375">
        <ele>18</ele>
        <time>2026-10-04T10:11:35.000Z</time>
        <extensions>
          <ns3:TrackPointExtension>
            <ns3:hr>79</ns3:hr>
          </ns3:TrackPointExtension>
        </extensions>
      </trkpt>
      <trkpt lat="30.569566302001476287841796875" lon="114.406892359256744384765625">
        <ele>17.6000003814697265625</ele>
        <time>2026-10-04T10:11:41.000Z</time>
        <extensions>
          <ns3:TrackPointExtension>
            <ns3:hr>80</ns3:hr>
          </ns3:TrackPointExtension>
        </extensions>
      </trkpt>
      <trkpt lat="30.56954677216708660125732421875" lon="114.40692865289747714996337890625">
        <ele>17.6000003814697265625</ele>
        <time>2026-10-04T10:11:44.000Z</time>
        <extensions>
          <ns3:TrackPointExtension>
            <ns3:hr>80</ns3:hr>
          </ns3:TrackPointExtension>
        </extensions>
      </trkpt>
      <trkpt lat="30.56953503750264644622802734375" lon="114.40694826655089855194091796875">
        <ele>17.6000003814697265625</ele>
        <time>2026-10-04T10:11:47.000Z</time>
        <extensions>
          <ns3:TrackPointExtension>
            <ns3:hr>79</ns3:hr>
          </ns3:TrackPointExtension>
        </extensions>
      </trkpt>
      <trkpt lat="30.56951777078211307525634765625" lon="114.40702043473720550537109375">
        <ele>17.3999996185302734375</ele>
        <time>2026-10-04T10:11:53.000Z</time>
        <extensions>
          <ns3:TrackPointExtension>
            <ns3:hr>81</ns3:hr>
          </ns3:TrackPointExtension>
        </extensions>
      </trkpt>
      <trkpt lat="30.56953520514070987701416015625" lon="114.40708656795322895050048828125">
        <ele>17.3999996185302734375</ele>
        <time>2026-10-04T10:11:59.000Z</time>
        <extensions>
          <ns3:TrackPointExtension>
            <ns3:hr>82</ns3:hr>
          </ns3:TrackPointExtension>
        </extensions>
      </trkpt>
      <trkpt lat="30.5695024318993091583251953125" lon="114.407154880464076995849609375">
        <ele>17.799999237060546875</ele>
        <time>2026-10-04T10:12:05.000Z</time>
        <extensions>
          <ns3:TrackPointExtension>
            <ns3:hr>84</ns3:hr>
          </ns3:TrackPointExtension>
        </extensions>
      </trkpt>
      <trkpt lat="30.56952950544655323028564453125" lon="114.40715714357793331146240234375">
        <ele>17.6000003814697265625</ele>
        <time>2026-10-04T10:12:11.000Z</time>
        <extensions>
          <ns3:TrackPointExtension>
            <ns3:hr>86</ns3:hr>
          </ns3:TrackPointExtension>
        </extensions>
      </trkpt>
      <trkpt lat="30.56948139332234859466552734375" lon="114.40728320740163326263427734375">
        <ele>17.6000003814697265625</ele>
        <time>2026-10-04T10:12:22.000Z</time>
        <extensions>
          <ns3:TrackPointExtension>
            <ns3:hr>83</ns3:hr>
          </ns3:TrackPointExtension>
        </extensions>
      </trkpt>
      <trkpt lat="30.569493882358074188232421875" lon="114.40722922794520854949951171875">
        <ele>17.6000003814697265625</ele>
        <time>2026-10-04T10:12:25.000Z</time>
        <extensions>
          <ns3:TrackPointExtension>
            <ns3:hr>82</ns3:hr>
          </ns3:TrackPointExtension>
        </extensions>
      </trkpt>
      <trkpt lat="30.56946949101984500885009765625" lon="114.40728287212550640106201171875">
        <ele>17.3999996185302734375</ele>
        <time>2026-10-04T10:12:29.000Z</time>
        <extensions>
          <ns3:TrackPointExtension>
            <ns3:hr>81</ns3:hr>
          </ns3:TrackPointExtension>
        </extensions>
      </trkpt>
      <trkpt lat="30.56943110190331935882568359375" lon="114.40726392902433872222900390625">
        <ele>17.3999996185302734375</ele>
        <time>2026-10-04T10:12:31.000Z</time>
        <extensions>
          <ns3:TrackPointExtension>
            <ns3:hr>85</ns3:hr>
          </ns3:TrackPointExtension>
        </extensions>
      </trkpt>
      <trkpt lat="30.56944551877677440643310546875" lon="114.40729393623769283294677734375">
        <ele>17.6000003814697265625</ele>
        <time>2026-10-04T10:12:34.000Z</time>
        <extensions>
          <ns3:TrackPointExtension>
            <ns3:hr>88</ns3:hr>
          </ns3:TrackPointExtension>
        </extensions>
      </trkpt>
      <trkpt lat="30.569522045552730560302734375" lon="114.4071808643639087677001953125">
        <ele>17.6000003814697265625</ele>
        <time>2026-10-04T10:12:40.000Z</time>
        <extensions>
          <ns3:TrackPointExtension>
            <ns3:hr>90</ns3:hr>
          </ns3:TrackPointExtension>
        </extensions>
      </trkpt>
      <trkpt lat="30.5695349536836147308349609375" lon="114.407138787209987640380859375">
        <ele>17.3999996185302734375</ele>
        <time>2026-10-04T10:12:41.000Z</time>
        <extensions>
          <ns3:TrackPointExtension>
            <ns3:hr>91</ns3:hr>
          </ns3:TrackPointExtension>
        </extensions>
      </trkpt>
      <trkpt lat="30.5695316009223461151123046875" lon="114.40708271227777004241943359375">
        <ele>17.3999996185302734375</ele>
        <time>2026-10-04T10:12:44.000Z</time>
        <extensions>
          <ns3:TrackPointExtension>
            <ns3:hr>88</ns3:hr>
          </ns3:TrackPointExtension>
        </extensions>
      </trkpt>
      <trkpt lat="30.569519698619842529296875" lon="114.40706335008144378662109375">
        <ele>17.3999996185302734375</ele>
        <time>2026-10-04T10:12:46.000Z</time>
        <extensions>
          <ns3:TrackPointExtension>
            <ns3:hr>85</ns3:hr>
          </ns3:TrackPointExtension>
        </extensions>
      </trkpt>
      <trkpt lat="30.56950561702251434326171875" lon="114.4070212729275226593017578125">
        <ele>17.6000003814697265625</ele>
        <time>2026-10-04T10:12:50.000Z</time>
        <extensions>
          <ns3:TrackPointExtension>
            <ns3:hr>84</ns3:hr>
          </ns3:TrackPointExtension>
        </extensions>
      </trkpt>
      <trkpt lat="30.56949916295707225799560546875" lon="114.4069902598857879638671875">
        <ele>17.6000003814697265625</ele>
        <time>2026-10-04T10:12:54.000Z</time>
        <extensions>
          <ns3:TrackPointExtension>
            <ns3:hr>85</ns3:hr>
          </ns3:TrackPointExtension>
        </extensions>
      </trkpt>
      <trkpt lat="30.56950435973703861236572265625" lon="114.40696771256625652313232421875">
        <ele>17.6000003814697265625</ele>
        <time>2026-10-04T10:12:56.000Z</time>
        <extensions>
          <ns3:TrackPointExtension>
            <ns3:hr>85</ns3:hr>
          </ns3:TrackPointExtension>
        </extensions>
      </trkpt>
      <trkpt lat="30.569520033895969390869140625" lon="114.40693669952452182769775390625">
        <ele>17.6000003814697265625</ele>
        <time>2026-10-04T10:12:58.000Z</time>
        <extensions>
          <ns3:TrackPointExtension>
            <ns3:hr>84</ns3:hr>
          </ns3:TrackPointExtension>
        </extensions>
      </trkpt>
      <trkpt lat="30.5695359595119953155517578125" lon="114.4069019146263599395751953125">
        <ele>17.6000003814697265625</ele>
        <time>2026-10-04T10:13:03.000Z</time>
        <extensions>
          <ns3:TrackPointExtension>
            <ns3:hr>85</ns3:hr>
          </ns3:TrackPointExtension>
        </extensions>
      </trkpt>
      <trkpt lat="30.5695560760796070098876953125" lon="114.40688556991517543792724609375">
        <ele>17.6000003814697265625</ele>
        <time>2026-10-04T10:13:08.000Z</time>
        <extensions>
          <ns3:TrackPointExtension>
            <ns3:hr>84</ns3:hr>
          </ns3:TrackPointExtension>
        </extensions>
      </trkpt>
      <trkpt lat="30.5695798806846141815185546875" lon="114.40684433095157146453857421875">
        <ele>17.6000003814697265625</ele>
        <time>2026-10-04T10:13:14.000Z</time>
        <extensions>
          <ns3:TrackPointExtension>
            <ns3:hr>84</ns3:hr>
          </ns3:TrackPointExtension>
        </extensions>
      </trkpt>
      <trkpt lat="30.5695798806846141815185546875" lon="114.40684433095157146453857421875">
        <ele>18</ele>
        <time>2026-10-04T10:13:23.000Z</time>
        <extensions>
          <ns3:TrackPointExtension>
            <ns3:hr>77</ns3:hr>
          </ns3:TrackPointExtension>
        </extensions>
      </trkpt>
      <trkpt lat="30.5695798806846141815185546875" lon="114.40684433095157146453857421875">
        <ele>18</ele>
        <time>2026-10-04T10:13:24.000Z</time>
        <extensions>
          <ns3:TrackPointExtension>
            <ns3:hr>77</ns3:hr>
          </ns3:TrackPointExtension>
        </extensions>
      </trkpt>
      <trkpt lat="30.5695798806846141815185546875" lon="114.40684433095157146453857421875">
        <ele>17.799999237060546875</ele>
        <time>2026-10-04T10:13:32.000Z</time>
        <extensions>
          <ns3:TrackPointExtension>
            <ns3:hr>77</ns3:hr>
          </ns3:TrackPointExtension>
        </extensions>
      </trkpt>
      <trkpt lat="30.5695798806846141815185546875" lon="114.40684433095157146453857421875">
        <ele>18</ele>
        <time>2026-10-04T10:13:45.000Z</time>
        <extensions>
          <ns3:TrackPointExtension>
            <ns3:hr>74</ns3:hr>
          </ns3:TrackPointExtension>
        </extensions>
      </trkpt>
      <trkpt lat="30.5695798806846141815185546875" lon="114.40684433095157146453857421875">
        <ele>18</ele>
        <time>2026-10-04T10:13:47.000Z</time>
        <extensions>
          <ns3:TrackPointExtension>
            <ns3:hr>69</ns3:hr>
          </ns3:TrackPointExtension>
        </extensions>
      </trkpt>
      <trkpt lat="30.5695798806846141815185546875" lon="114.40684433095157146453857421875">
        <ele>18</ele>
        <time>2026-10-04T10:13:48.000Z</time>
        <extensions>
          <ns3:TrackPointExtension>
            <ns3:hr>66</ns3:hr>
          </ns3:TrackPointExtension>
        </extensions>
      </trkpt>
      <trkpt lat="30.5695798806846141815185546875" lon="114.40684433095157146453857421875">
        <ele>18</ele>
        <time>2026-10-04T10:13:49.000Z</time>
        <extensions>
          <ns3:TrackPointExtension>
            <ns3:hr>63</ns3:hr>
          </ns3:TrackPointExtension>
        </extensions>
      </trkpt>
      <trkpt lat="30.5695798806846141815185546875" lon="114.40684433095157146453857421875">
        <ele>17.799999237060546875</ele>
        <time>2026-10-04T10:13:52.000Z</time>
        <extensions>
          <ns3:TrackPointExtension>
            <ns3:hr>60</ns3:hr>
          </ns3:TrackPointExtension>
        </extensions>
      </trkpt>
      <trkpt lat="30.5695798806846141815185546875" lon="114.40684433095157146453857421875">
        <ele>17.799999237060546875</ele>
        <time>2026-10-04T10:13:56.000Z</time>
        <extensions>
          <ns3:TrackPointExtension>
            <ns3:hr>57</ns3:hr>
          </ns3:TrackPointExtension>
        </extensions>
      </trkpt>
      <trkpt lat="30.5695798806846141815185546875" lon="114.40684433095157146453857421875">
        <ele>18</ele>
        <time>2026-10-04T10:14:05.000Z</time>
        <extensions>
          <ns3:TrackPointExtension>
            <ns3:hr>56</ns3:hr>
          </ns3:TrackPointExtension>
        </extensions>
      </trkpt>
      <trkpt lat="30.5695798806846141815185546875" lon="114.40684433095157146453857421875">
        <ele>18</ele>
        <time>2026-10-04T10:14:13.000Z</time>
        <extensions>
          <ns3:TrackPointExtension>
            <ns3:hr>61</ns3:hr>
          </ns3:TrackPointExtension>
        </extensions>
      </trkpt>
      <trkpt lat="30.5695798806846141815185546875" lon="114.40684433095157146453857421875">
        <ele>18</ele>
        <time>2026-10-04T10:14:20.000Z</time>
        <extensions>
          <ns3:TrackPointExtension>
            <ns3:hr>64</ns3:hr>
          </ns3:TrackPointExtension>
        </extensions>
      </trkpt>
      <trkpt lat="30.5695798806846141815185546875" lon="114.40684433095157146453857421875">
        <ele>18</ele>
        <time>2026-10-04T10:14:21.000Z</time>
        <extensions>
          <ns3:TrackPointExtension>
            <ns3:hr>64</ns3:hr>
          </ns3:TrackPointExtension>
        </extensions>
      </trkpt>
      <trkpt lat="30.5695798806846141815185546875" lon="114.40684433095157146453857421875">
        <ele>18</ele>
        <time>2026-10-04T10:14:25.000Z</time>
        <extensions>
          <ns3:TrackPointExtension>
            <ns3:hr>65</ns3:hr>
          </ns3:TrackPointExtension>
        </extensions>
      </trkpt>
      <trkpt lat="30.5695798806846141815185546875" lon="114.40684433095157146453857421875">
        <ele>18</ele>
        <time>2026-10-04T10:15:18.000Z</time>
        <extensions>
          <ns3:TrackPointExtension>
            <ns3:hr>60</ns3:hr>
          </ns3:TrackPointExtension>
        </extensions>
      </trkpt>
      <trkpt lat="30.56957275606691837310791015625" lon="114.4068579934537410736083984375">
        <ele>18</ele>
        <time>2026-10-04T10:15:19.000Z</time>
        <extensions>
          <ns3:TrackPointExtension>
            <ns3:hr>60</ns3:hr>
          </ns3:TrackPointExtension>
        </extensions>
      </trkpt>
      <trkpt lat="30.56956504471600055694580078125" lon="114.4068579934537410736083984375">
        <ele>18</ele>
        <time>2026-10-04T10:15:21.000Z</time>
        <extensions>
          <ns3:TrackPointExtension>
            <ns3:hr>60</ns3:hr>
          </ns3:TrackPointExtension>
        </extensions>
      </trkpt>
      <trkpt lat="30.56951391510665416717529296875" lon="114.40685321576893329620361328125">
        <ele>18</ele>
        <time>2026-10-04T10:15:27.000Z</time>
        <extensions>
          <ns3:TrackPointExtension>
            <ns3:hr>60</ns3:hr>
          </ns3:TrackPointExtension>
        </extensions>
      </trkpt>
      <trkpt lat="30.56938097812235355377197265625" lon="114.40680342726409435272216796875">
        <ele>18</ele>
        <time>2026-10-04T10:15:35.000Z</time>
        <extensions>
          <ns3:TrackPointExtension>
            <ns3:hr>58</ns3:hr>
          </ns3:TrackPointExtension>
        </extensions>
      </trkpt>
      <trkpt lat="30.56923798285424709320068359375" lon="114.40677761100232601165771484375">
        <ele>18</ele>
        <time>2026-10-04T10:15:42.000Z</time>
        <extensions>
          <ns3:TrackPointExtension>
            <ns3:hr>58</ns3:hr>
          </ns3:TrackPointExtension>
        </extensions>
      </trkpt>
      <trkpt lat="30.56906841695308685302734375" lon="114.406793452799320220947265625">
        <ele>17.799999237060546875</ele>
        <time>2026-10-04T10:15:50.000Z</time>
        <extensions>
          <ns3:TrackPointExtension>
            <ns3:hr>59</ns3:hr>
          </ns3:TrackPointExtension>
        </extensions>
      </trkpt>
      <trkpt lat="30.56889633648097515106201171875" lon="114.40683427266776561737060546875">
        <ele>17.799999237060546875</ele>
        <time>2026-10-04T10:15:58.000Z</time>
        <extensions>
          <ns3:TrackPointExtension>
            <ns3:hr>60</ns3:hr>
          </ns3:TrackPointExtension>
        </extensions>
      </trkpt>
      <trkpt lat="30.5687604658305644989013671875" lon="114.40686444751918315887451171875">
        <ele>17.6000003814697265625</ele>
        <time>2026-10-04T10:16:04.000Z</time>
        <extensions>
          <ns3:TrackPointExtension>
            <ns3:hr>62</ns3:hr>
          </ns3:TrackPointExtension>
        </extensions>
      </trkpt>
      <trkpt lat="30.5686726234853267669677734375" lon="114.40688439644873142242431640625">
        <ele>17.799999237060546875</ele>
        <time>2026-10-04T10:16:08.000Z</time>
        <extensions>
          <ns3:TrackPointExtension>
            <ns3:hr>63</ns3:hr>
          </ns3:TrackPointExtension>
        </extensions>
      </trkpt>
      <trkpt lat="30.56853608228266239166259765625" lon="114.40693083219230175018310546875">
        <ele>17.799999237060546875</ele>
        <time>2026-10-04T10:16:14.000Z</time>
        <extensions>
          <ns3:TrackPointExtension>
            <ns3:hr>65</ns3:hr>
          </ns3:TrackPointExtension>
        </extensions>
      </trkpt>
      <trkpt lat="30.5683708749711513519287109375" lon="114.40698497928678989410400390625">
        <ele>17.3999996185302734375</ele>
        <time>2026-10-04T10:16:22.000Z</time>
        <extensions>
          <ns3:TrackPointExtension>
            <ns3:hr>63</ns3:hr>
          </ns3:TrackPointExtension>
        </extensions>
      </trkpt>
      <trkpt lat="30.5683044902980327606201171875" lon="114.407003335654735565185546875">
        <ele>17.3999996185302734375</ele>
        <time>2026-10-04T10:16:26.000Z</time>
        <extensions>
          <ns3:TrackPointExtension>
            <ns3:hr>59</ns3:hr>
          </ns3:TrackPointExtension>
        </extensions>
      </trkpt>
      <trkpt lat="30.56825512088835239410400390625" lon="114.4070222787559032440185546875">
        <ele>17.6000003814697265625</ele>
        <time>2026-10-04T10:16:29.000Z</time>
        <extensions>
          <ns3:TrackPointExtension>
            <ns3:hr>59</ns3:hr>
          </ns3:TrackPointExtension>
        </extensions>
      </trkpt>
      <trkpt lat="30.56810659356415271759033203125" lon="114.407072402536869049072265625">
        <ele>18.200000762939453125</ele>
        <time>2026-10-04T10:16:37.000Z</time>
        <extensions>
          <ns3:TrackPointExtension>
            <ns3:hr>59</ns3:hr>
          </ns3:TrackPointExtension>
        </extensions>
      </trkpt>
      <trkpt lat="30.56805361993610858917236328125" lon="114.40709914080798625946044921875">
        <ele>18.3999996185302734375</ele>
        <time>2026-10-04T10:16:40.000Z</time>
        <extensions>
          <ns3:TrackPointExtension>
            <ns3:hr>62</ns3:hr>
          </ns3:TrackPointExtension>
        </extensions>
      </trkpt>
      <trkpt lat="30.56797114200890064239501953125" lon="114.407124035060405731201171875">
        <ele>18.3999996185302734375</ele>
        <time>2026-10-04T10:16:45.000Z</time>
        <extensions>
          <ns3:TrackPointExtension>
            <ns3:hr>64</ns3:hr>
          </ns3:TrackPointExtension>
        </extensions>
      </trkpt>
      <trkpt lat="30.56796577759087085723876953125" lon="114.40712294541299343109130859375">
        <ele>18.799999237060546875</ele>
        <time>2026-10-04T10:16:51.000Z</time>
        <extensions>
          <ns3:TrackPointExtension>
            <ns3:hr>63</ns3:hr>
          </ns3:TrackPointExtension>
        </extensions>
      </trkpt>
      <trkpt lat="30.56796577759087085723876953125" lon="114.40712294541299343109130859375">
        <ele>18.6000003814697265625</ele>
        <time>2026-10-04T10:17:04.000Z</time>
        <extensions>
          <ns3:TrackPointExtension>
            <ns3:hr>61</ns3:hr>
          </ns3:TrackPointExtension>
        </extensions>
      </trkpt>
      <trkpt lat="30.56796577759087085723876953125" lon="114.40712294541299343109130859375">
        <ele>18.3999996185302734375</ele>
        <time>2026-10-04T10:17:16.000Z</time>
        <extensions>
          <ns3:TrackPointExtension>
            <ns3:hr>60</ns3:hr>
          </ns3:TrackPointExtension>
        </extensions>
      </trkpt>
      <trkpt lat="30.5679128877818584442138671875" lon="114.40718078054487705230712890625">
        <ele>18</ele>
        <time>2026-10-04T10:17:21.000Z</time>
        <extensions>
          <ns3:TrackPointExtension>
            <ns3:hr>58</ns3:hr>
          </ns3:TrackPointExtension>
        </extensions>
      </trkpt>
      <trkpt lat="30.567797720432281494140625" lon="114.40725420601665973663330078125">
        <ele>18</ele>
        <time>2026-10-04T10:17:28.000Z</time>
        <extensions>
          <ns3:TrackPointExtension>
            <ns3:hr>58</ns3:hr>
          </ns3:TrackPointExtension>
        </extensions>
      </trkpt>
      <trkpt lat="30.56766872294247150421142578125" lon="114.40735713578760623931884765625">
        <ele>18.200000762939453125</ele>
        <time>2026-10-04T10:17:35.000Z</time>
        <extensions>
          <ns3:TrackPointExtension>
            <ns3:hr>61</ns3:hr>
          </ns3:TrackPointExtension>
        </extensions>
      </trkpt>
      <trkpt lat="30.56759764440357685089111328125" lon="114.407436847686767578125">
        <ele>18.3999996185302734375</ele>
        <time>2026-10-04T10:17:39.000Z</time>
        <extensions>
          <ns3:TrackPointExtension>
            <ns3:hr>64</ns3:hr>
          </ns3:TrackPointExtension>
        </extensions>
      </trkpt>
      <trkpt lat="30.5675335228443145751953125" lon="114.40755394287407398223876953125">
        <ele>18.3999996185302734375</ele>
        <time>2026-10-04T10:17:44.000Z</time>
        <extensions>
          <ns3:TrackPointExtension>
            <ns3:hr>67</ns3:hr>
          </ns3:TrackPointExtension>
        </extensions>
      </trkpt>
      <trkpt lat="30.5674790404736995697021484375" lon="114.407734237611293792724609375">
        <ele>18.6000003814697265625</ele>
        <time>2026-10-04T10:17:51.000Z</time>
        <extensions>
          <ns3:TrackPointExtension>
            <ns3:hr>69</ns3:hr>
          </ns3:TrackPointExtension>
        </extensions>
      </trkpt>
      <trkpt lat="30.567400753498077392578125" lon="114.407893158495426177978515625">
        <ele>18.6000003814697265625</ele>
        <time>2026-10-04T10:17:58.000Z</time>
        <extensions>
          <ns3:TrackPointExtension>
            <ns3:hr>70</ns3:hr>
          </ns3:TrackPointExtension>
        </extensions>
      </trkpt>
      <trkpt lat="30.56730947457253932952880859375" lon="114.40796784125268459320068359375">
        <ele>18.799999237060546875</ele>
        <time>2026-10-04T10:18:03.000Z</time>
        <extensions>
          <ns3:TrackPointExtension>
            <ns3:hr>71</ns3:hr>
          </ns3:TrackPointExtension>
        </extensions>
      </trkpt>
      <trkpt lat="30.56718659587204456329345703125" lon="114.4080175459384918212890625">
        <ele>19</ele>
        <time>2026-10-04T10:18:09.000Z</time>
        <extensions>
          <ns3:TrackPointExtension>
            <ns3:hr>71</ns3:hr>
          </ns3:TrackPointExtension>
        </extensions>
      </trkpt>
      <trkpt lat="30.567066483199596405029296875" lon="114.407998435199260711669921875">
        <ele>19</ele>
        <time>2026-10-04T10:18:15.000Z</time>
        <extensions>
          <ns3:TrackPointExtension>
            <ns3:hr>70</ns3:hr>
          </ns3:TrackPointExtension>
        </extensions>
      </trkpt>
      <trkpt lat="30.56703865528106689453125" lon="114.40796582959592342376708984375">
        <ele>19</ele>
        <time>2026-10-04T10:18:17.000Z</time>
        <extensions>
          <ns3:TrackPointExtension>
            <ns3:hr>70</ns3:hr>
          </ns3:TrackPointExtension>
        </extensions>
      </trkpt>
      <trkpt lat="30.5670207180082798004150390625" lon="114.40789542160928249359130859375">
        <ele>19.200000762939453125</ele>
        <time>2026-10-04T10:18:20.000Z</time>
        <extensions>
          <ns3:TrackPointExtension>
            <ns3:hr>69</ns3:hr>
          </ns3:TrackPointExtension>
        </extensions>
      </trkpt>
      <trkpt lat="30.566998086869716644287109375" lon="114.4077265262603759765625">
        <ele>19</ele>
        <time>2026-10-04T10:18:27.000Z</time>
        <extensions>
          <ns3:TrackPointExtension>
            <ns3:hr>69</ns3:hr>
          </ns3:TrackPointExtension>
        </extensions>
      </trkpt>
      <trkpt lat="30.56695927865803241729736328125" lon="114.4075798429548740386962890625">
        <ele>19</ele>
        <time>2026-10-04T10:18:33.000Z</time>
        <extensions>
          <ns3:TrackPointExtension>
            <ns3:hr>70</ns3:hr>
          </ns3:TrackPointExtension>
        </extensions>
      </trkpt>
      <trkpt lat="30.56693865917623043060302734375" lon="114.40749929286539554595947265625">
        <ele>19</ele>
        <time>2026-10-04T10:18:36.000Z</time>
        <extensions>
          <ns3:TrackPointExtension>
            <ns3:hr>71</ns3:hr>
          </ns3:TrackPointExtension>
        </extensions>
      </trkpt>
      <trkpt lat="30.56687931530177593231201171875" lon="114.40722428262233734130859375">
        <ele>18.799999237060546875</ele>
        <time>2026-10-04T10:18:46.000Z</time>
        <extensions>
          <ns3:TrackPointExtension>
            <ns3:hr>71</ns3:hr>
          </ns3:TrackPointExtension>
        </extensions>
      </trkpt>
      <trkpt lat="30.566823743283748626708984375" lon="114.40701833926141262054443359375">
        <ele>18.799999237060546875</ele>
        <time>2026-10-04T10:18:54.000Z</time>
        <extensions>
          <ns3:TrackPointExtension>
            <ns3:hr>68</ns3:hr>
          </ns3:TrackPointExtension>
        </extensions>
      </trkpt>
      <trkpt lat="30.566823072731494903564453125" lon="114.40699160099029541015625">
        <ele>18.799999237060546875</ele>
        <time>2026-10-04T10:18:55.000Z</time>
        <extensions>
          <ns3:TrackPointExtension>
            <ns3:hr>67</ns3:hr>
          </ns3:TrackPointExtension>
        </extensions>
      </trkpt>
      <trkpt lat="30.56680337525904178619384765625" lon="114.40686126239597797393798828125">
        <ele>19</ele>
        <time>2026-10-04T10:19:00.000Z</time>
        <extensions>
          <ns3:TrackPointExtension>
            <ns3:hr>64</ns3:hr>
          </ns3:TrackPointExtension>
        </extensions>
      </trkpt>
      <trkpt lat="30.56679247878491878509521484375" lon="114.4068422354757785797119140625">
        <ele>19</ele>
        <time>2026-10-04T10:19:01.000Z</time>
        <extensions>
          <ns3:TrackPointExtension>
            <ns3:hr>64</ns3:hr>
          </ns3:TrackPointExtension>
        </extensions>
      </trkpt>
      <trkpt lat="30.566792897880077362060546875" lon="114.40681851468980312347412109375">
        <ele>19.200000762939453125</ele>
        <time>2026-10-04T10:19:02.000Z</time>
        <extensions>
          <ns3:TrackPointExtension>
            <ns3:hr>64</ns3:hr>
          </ns3:TrackPointExtension>
        </extensions>
      </trkpt>
      <trkpt lat="30.56678141467273235321044921875" lon="114.40674953162670135498046875">
        <ele>19</ele>
        <time>2026-10-04T10:19:05.000Z</time>
        <extensions>
          <ns3:TrackPointExtension>
            <ns3:hr>65</ns3:hr>
          </ns3:TrackPointExtension>
        </extensions>
      </trkpt>
      <trkpt lat="30.5667330510914325714111328125" lon="114.40661449916660785675048828125">
        <ele>18.799999237060546875</ele>
        <time>2026-10-04T10:19:11.000Z</time>
        <extensions>
          <ns3:TrackPointExtension>
            <ns3:hr>66</ns3:hr>
          </ns3:TrackPointExtension>
        </extensions>
      </trkpt>
      <trkpt lat="30.56667781434953212738037109375" lon="114.4064982421696186065673828125">
        <ele>18.799999237060546875</ele>
        <time>2026-10-04T10:19:16.000Z</time>
        <extensions>
          <ns3:TrackPointExtension>
            <ns3:hr>65</ns3:hr>
          </ns3:TrackPointExtension>
        </extensions>
      </trkpt>
      <trkpt lat="30.566623918712139129638671875" lon="114.40638081170618534088134765625">
        <ele>19</ele>
        <time>2026-10-04T10:19:21.000Z</time>
        <extensions>
          <ns3:TrackPointExtension>
            <ns3:hr>62</ns3:hr>
          </ns3:TrackPointExtension>
        </extensions>
      </trkpt>
      <trkpt lat="30.56661360897123813629150390625" lon="114.40635533072054386138916015625">
        <ele>19</ele>
        <time>2026-10-04T10:19:22.000Z</time>
        <extensions>
          <ns3:TrackPointExtension>
            <ns3:hr>64</ns3:hr>
          </ns3:TrackPointExtension>
        </extensions>
      </trkpt>
      <trkpt lat="30.56652073748409748077392578125" lon="114.40618760883808135986328125">
        <ele>18.799999237060546875</ele>
        <time>2026-10-04T10:19:29.000Z</time>
        <extensions>
          <ns3:TrackPointExtension>
            <ns3:hr>64</ns3:hr>
          </ns3:TrackPointExtension>
        </extensions>
      </trkpt>
      <trkpt lat="30.56639249436557292938232421875" lon="114.4060124270617961883544921875">
        <ele>19</ele>
        <time>2026-10-04T10:19:37.000Z</time>
        <extensions>
          <ns3:TrackPointExtension>
            <ns3:hr>65</ns3:hr>
          </ns3:TrackPointExtension>
        </extensions>
      </trkpt>
      <trkpt lat="30.56626877747476100921630859375" lon="114.40588720142841339111328125">
        <ele>19</ele>
        <time>2026-10-04T10:19:44.000Z</time>
        <extensions>
          <ns3:TrackPointExtension>
            <ns3:hr>67</ns3:hr>
          </ns3:TrackPointExtension>
        </extensions>
      </trkpt>
      <trkpt lat="30.56615545414388179779052734375" lon="114.40578083507716655731201171875">
        <ele>19.200000762939453125</ele>
        <time>2026-10-04T10:19:51.000Z</time>
        <extensions>
          <ns3:TrackPointExtension>
            <ns3:hr>67</ns3:hr>
          </ns3:TrackPointExtension>
        </extensions>
      </trkpt>
      <trkpt lat="30.56605353020131587982177734375" lon="114.40567153505980968475341796875">
        <ele>19</ele>
        <time>2026-10-04T10:19:58.000Z</time>
        <extensions>
          <ns3:TrackPointExtension>
            <ns3:hr>67</ns3:hr>
          </ns3:TrackPointExtension>
        </extensions>
      </trkpt>
      <trkpt lat="30.56589670479297637939453125" lon="114.40550959669053554534912109375">
        <ele>18.799999237060546875</ele>
        <time>2026-10-04T10:20:07.000Z</time>
        <extensions>
          <ns3:TrackPointExtension>
            <ns3:hr>67</ns3:hr>
          </ns3:TrackPointExtension>
        </extensions>
      </trkpt>
      <trkpt lat="30.56575186550617218017578125" lon="114.405355118215084075927734375">
        <ele>18.6000003814697265625</ele>
        <time>2026-10-04T10:20:15.000Z</time>
        <extensions>
          <ns3:TrackPointExtension>
            <ns3:hr>64</ns3:hr>
          </ns3:TrackPointExtension>
        </extensions>
      </trkpt>
      <trkpt lat="30.565734095871448516845703125" lon="114.40533575601875782012939453125">
        <ele>18.3999996185302734375</ele>
        <time>2026-10-04T10:20:16.000Z</time>
        <extensions>
          <ns3:TrackPointExtension>
            <ns3:hr>63</ns3:hr>
          </ns3:TrackPointExtension>
        </extensions>
      </trkpt>
      <trkpt lat="30.5656283162534236907958984375" lon="114.4052158109843730926513671875">
        <ele>18.3999996185302734375</ele>
        <time>2026-10-04T10:20:22.000Z</time>
        <extensions>
          <ns3:TrackPointExtension>
            <ns3:hr>60</ns3:hr>
          </ns3:TrackPointExtension>
        </extensions>
      </trkpt>
      <trkpt lat="30.56559319607913494110107421875" lon="114.40517842769622802734375">
        <ele>18.3999996185302734375</ele>
        <time>2026-10-04T10:20:24.000Z</time>
        <extensions>
          <ns3:TrackPointExtension>
            <ns3:hr>60</ns3:hr>
          </ns3:TrackPointExtension>
        </extensions>
      </trkpt>
      <trkpt lat="30.5654378794133663177490234375" lon="114.40503166057169437408447265625">
        <ele>18.3999996185302734375</ele>
        <time>2026-10-04T10:20:33.000Z</time>
        <extensions>
          <ns3:TrackPointExtension>
            <ns3:hr>60</ns3:hr>
          </ns3:TrackPointExtension>
        </extensions>
      </trkpt>
      <trkpt lat="30.5653000809252262115478515625" lon="114.4049130566418170928955078125">
        <ele>18.3999996185302734375</ele>
        <time>2026-10-04T10:20:41.000Z</time>
        <extensions>
          <ns3:TrackPointExtension>
            <ns3:hr>61</ns3:hr>
          </ns3:TrackPointExtension>
        </extensions>
      </trkpt>
      <trkpt lat="30.56518030352890491485595703125" lon="114.40481624566018581390380859375">
        <ele>18.3999996185302734375</ele>
        <time>2026-10-04T10:20:48.000Z</time>
        <extensions>
          <ns3:TrackPointExtension>
            <ns3:hr>60</ns3:hr>
          </ns3:TrackPointExtension>
        </extensions>
      </trkpt>
      <trkpt lat="30.56501870043575763702392578125" lon="114.40467660315334796905517578125">
        <ele>18.3999996185302734375</ele>
        <time>2026-10-04T10:20:57.000Z</time>
        <extensions>
          <ns3:TrackPointExtension>
            <ns3:hr>62</ns3:hr>
          </ns3:TrackPointExtension>
        </extensions>
      </trkpt>
      <trkpt lat="30.5648518167436122894287109375" lon="114.40457417629659175872802734375">
        <ele>18.3999996185302734375</ele>
        <time>2026-10-04T10:21:06.000Z</time>
        <extensions>
          <ns3:TrackPointExtension>
            <ns3:hr>64</ns3:hr>
          </ns3:TrackPointExtension>
        </extensions>
      </trkpt>
      <trkpt lat="30.5647053010761737823486328125" lon="114.4044808857142925262451171875">
        <ele>18.200000762939453125</ele>
        <time>2026-10-04T10:21:14.000Z</time>
        <extensions>
          <ns3:TrackPointExtension>
            <ns3:hr>66</ns3:hr>
          </ns3:TrackPointExtension>
        </extensions>
      </trkpt>
      <trkpt lat="30.5645909719169139862060546875" lon="114.40438407473266124725341796875">
        <ele>18.200000762939453125</ele>
        <time>2026-10-04T10:21:21.000Z</time>
        <extensions>
          <ns3:TrackPointExtension>
            <ns3:hr>68</ns3:hr>
          </ns3:TrackPointExtension>
        </extensions>
      </trkpt>
      <trkpt lat="30.564552582800388336181640625" lon="114.40435674972832202911376953125">
        <ele>18.200000762939453125</ele>
        <time>2026-10-04T10:21:23.000Z</time>
        <extensions>
          <ns3:TrackPointExtension>
            <ns3:hr>71</ns3:hr>
          </ns3:TrackPointExtension>
        </extensions>
      </trkpt>
      <trkpt lat="30.56443749926984310150146484375" lon="114.404286928474903106689453125">
        <ele>18.6000003814697265625</ele>
        <time>2026-10-04T10:21:29.000Z</time>
        <extensions>
          <ns3:TrackPointExtension>
            <ns3:hr>72</ns3:hr>
          </ns3:TrackPointExtension>
        </extensions>
      </trkpt>
      <trkpt lat="30.5642667599022388458251953125" lon="114.40417670644819736480712890625">
        <ele>18.3999996185302734375</ele>
        <time>2026-10-04T10:21:38.000Z</time>
        <extensions>
          <ns3:TrackPointExtension>
            <ns3:hr>71</ns3:hr>
          </ns3:TrackPointExtension>
        </extensions>
      </trkpt>
      <trkpt lat="30.56413047015666961669921875" lon="114.40407914109528064727783203125">
        <ele>18</ele>
        <time>2026-10-04T10:21:45.000Z</time>
        <extensions>
          <ns3:TrackPointExtension>
            <ns3:hr>68</ns3:hr>
          </ns3:TrackPointExtension>
        </extensions>
      </trkpt>
      <trkpt lat="30.564080178737640380859375" lon="114.4040383212268352508544921875">
        <ele>18</ele>
        <time>2026-10-04T10:21:48.000Z</time>
        <extensions>
          <ns3:TrackPointExtension>
            <ns3:hr>68</ns3:hr>
          </ns3:TrackPointExtension>
        </extensions>
      </trkpt>
      <trkpt lat="30.56397984735667705535888671875" lon="114.4039620459079742431640625">
        <ele>18.200000762939453125</ele>
        <time>2026-10-04T10:21:54.000Z</time>
        <extensions>
          <ns3:TrackPointExtension>
            <ns3:hr>66</ns3:hr>
          </ns3:TrackPointExtension>
        </extensions>
      </trkpt>
      <trkpt lat="30.5638857185840606689453125" lon="114.403871186077594757080078125">
        <ele>17.799999237060546875</ele>
        <time>2026-10-04T10:22:01.000Z</time>
        <extensions>
          <ns3:TrackPointExtension>
            <ns3:hr>66</ns3:hr>
          </ns3:TrackPointExtension>
        </extensions>
      </trkpt>
      <trkpt lat="30.5638882331550121307373046875" lon="114.40386707894504070281982421875">
        <ele>17.799999237060546875</ele>
        <time>2026-10-04T10:22:06.000Z</time>
        <extensions>
          <ns3:TrackPointExtension>
            <ns3:hr>67</ns3:hr>
          </ns3:TrackPointExtension>
        </extensions>
      </trkpt>
      <trkpt lat="30.5638882331550121307373046875" lon="114.40386707894504070281982421875">
        <ele>17.799999237060546875</ele>
        <time>2026-10-04T10:22:15.000Z</time>
        <extensions>
          <ns3:TrackPointExtension>
            <ns3:hr>69</ns3:hr>
          </ns3:TrackPointExtension>
        </extensions>
      </trkpt>
      <trkpt lat="30.5638882331550121307373046875" lon="114.40386707894504070281982421875">
        <ele>17.799999237060546875</ele>
        <time>2026-10-04T10:22:22.000Z</time>
        <extensions>
          <ns3:TrackPointExtension>
            <ns3:hr>67</ns3:hr>
          </ns3:TrackPointExtension>
        </extensions>
      </trkpt>
      <trkpt lat="30.5638882331550121307373046875" lon="114.40386707894504070281982421875">
        <ele>17.799999237060546875</ele>
        <time>2026-10-04T10:22:28.000Z</time>
        <extensions>
          <ns3:TrackPointExtension>
            <ns3:hr>69</ns3:hr>
          </ns3:TrackPointExtension>
        </extensions>
      </trkpt>
      <trkpt lat="30.5638882331550121307373046875" lon="114.40386707894504070281982421875">
        <ele>17.799999237060546875</ele>
        <time>2026-10-04T10:22:32.000Z</time>
        <extensions>
          <ns3:TrackPointExtension>
            <ns3:hr>72</ns3:hr>
          </ns3:TrackPointExtension>
        </extensions>
      </trkpt>
      <trkpt lat="30.5638882331550121307373046875" lon="114.40386707894504070281982421875">
        <ele>17.799999237060546875</ele>
        <time>2026-10-04T10:22:37.000Z</time>
        <extensions>
          <ns3:TrackPointExtension>
            <ns3:hr>75</ns3:hr>
          </ns3:TrackPointExtension>
        </extensions>
      </trkpt>
      <trkpt lat="30.5638882331550121307373046875" lon="114.40386707894504070281982421875">
        <ele>17.799999237060546875</ele>
        <time>2026-10-04T10:22:38.000Z</time>
        <extensions>
          <ns3:TrackPointExtension>
            <ns3:hr>75</ns3:hr>
          </ns3:TrackPointExtension>
        </extensions>
      </trkpt>
      <trkpt lat="30.5638882331550121307373046875" lon="114.40386707894504070281982421875">
        <ele>17.799999237060546875</ele>
        <time>2026-10-04T10:22:46.000Z</time>
        <extensions>
          <ns3:TrackPointExtension>
            <ns3:hr>72</ns3:hr>
          </ns3:TrackPointExtension>
        </extensions>
      </trkpt>
      <trkpt lat="30.56388077326118946075439453125" lon="114.40387764014303684234619140625">
        <ele>17.799999237060546875</ele>
        <time>2026-10-04T10:22:47.000Z</time>
        <extensions>
          <ns3:TrackPointExtension>
            <ns3:hr>72</ns3:hr>
          </ns3:TrackPointExtension>
        </extensions>
      </trkpt>
      <trkpt lat="30.5638211779296398162841796875" lon="114.4038716889917850494384765625">
        <ele>17.799999237060546875</ele>
        <time>2026-10-04T10:22:51.000Z</time>
        <extensions>
          <ns3:TrackPointExtension>
            <ns3:hr>68</ns3:hr>
          </ns3:TrackPointExtension>
        </extensions>
      </trkpt>
      <trkpt lat="30.56379695422947406768798828125" lon="114.40385031513869762420654296875">
        <ele>17.6000003814697265625</ele>
        <time>2026-10-04T10:22:53.000Z</time>
        <extensions>
          <ns3:TrackPointExtension>
            <ns3:hr>67</ns3:hr>
          </ns3:TrackPointExtension>
        </extensions>
      </trkpt>
      <trkpt lat="30.56368849240243434906005859375" lon="114.40378091298043727874755859375">
        <ele>17.799999237060546875</ele>
        <time>2026-10-04T10:22:59.000Z</time>
        <extensions>
          <ns3:TrackPointExtension>
            <ns3:hr>66</ns3:hr>
          </ns3:TrackPointExtension>
        </extensions>
      </trkpt>
      <trkpt lat="30.56357667781412601470947265625" lon="114.403691478073596954345703125">
        <ele>17.6000003814697265625</ele>
        <time>2026-10-04T10:23:05.000Z</time>
        <extensions>
          <ns3:TrackPointExtension>
            <ns3:hr>64</ns3:hr>
          </ns3:TrackPointExtension>
        </extensions>
      </trkpt>
      <trkpt lat="30.56347559206187725067138671875" lon="114.4036084972321987152099609375">
        <ele>17.799999237060546875</ele>
        <time>2026-10-04T10:23:11.000Z</time>
        <extensions>
          <ns3:TrackPointExtension>
            <ns3:hr>61</ns3:hr>
          </ns3:TrackPointExtension>
        </extensions>
      </trkpt>
      <trkpt lat="30.563434772193431854248046875" lon="114.40358259715139865875244140625">
        <ele>17.799999237060546875</ele>
        <time>2026-10-04T10:23:13.000Z</time>
        <extensions>
          <ns3:TrackPointExtension>
            <ns3:hr>60</ns3:hr>
          </ns3:TrackPointExtension>
        </extensions>
      </trkpt>
      <trkpt lat="30.56329269893467426300048828125" lon="114.40347681753337383270263671875">
        <ele>17.6000003814697265625</ele>
        <time>2026-10-04T10:23:21.000Z</time>
        <extensions>
          <ns3:TrackPointExtension>
            <ns3:hr>59</ns3:hr>
          </ns3:TrackPointExtension>
        </extensions>
      </trkpt>
      <trkpt lat="30.56311584077775478363037109375" lon="114.40334849059581756591796875">
        <ele>17.6000003814697265625</ele>
        <time>2026-10-04T10:23:30.000Z</time>
        <extensions>
          <ns3:TrackPointExtension>
            <ns3:hr>61</ns3:hr>
          </ns3:TrackPointExtension>
        </extensions>
      </trkpt>
      <trkpt lat="30.56298189796507358551025390625" lon="114.40325000323355197906494140625">
        <ele>17.799999237060546875</ele>
        <time>2026-10-04T10:23:37.000Z</time>
        <extensions>
          <ns3:TrackPointExtension>
            <ns3:hr>61</ns3:hr>
          </ns3:TrackPointExtension>
        </extensions>
      </trkpt>
      <trkpt lat="30.56284192018210887908935546875" lon="114.4031612388789653778076171875">
        <ele>17.6000003814697265625</ele>
        <time>2026-10-04T10:23:44.000Z</time>
        <extensions>
          <ns3:TrackPointExtension>
            <ns3:hr>63</ns3:hr>
          </ns3:TrackPointExtension>
        </extensions>
      </trkpt>
      <trkpt lat="30.56277654133737087249755859375" lon="114.40312192775309085845947265625">
        <ele>17.6000003814697265625</ele>
        <time>2026-10-04T10:23:47.000Z</time>
        <extensions>
          <ns3:TrackPointExtension>
            <ns3:hr>66</ns3:hr>
          </ns3:TrackPointExtension>
        </extensions>
      </trkpt>
      <trkpt lat="30.56267109699547290802001953125" lon="114.40305076539516448974609375">
        <ele>17.6000003814697265625</ele>
        <time>2026-10-04T10:23:52.000Z</time>
        <extensions>
          <ns3:TrackPointExtension>
            <ns3:hr>69</ns3:hr>
          </ns3:TrackPointExtension>
        </extensions>
      </trkpt>
      <trkpt lat="30.56265215389430522918701171875" lon="114.403035007417201995849609375">
        <ele>17.6000003814697265625</ele>
        <time>2026-10-04T10:23:53.000Z</time>
        <extensions>
          <ns3:TrackPointExtension>
            <ns3:hr>69</ns3:hr>
          </ns3:TrackPointExtension>
        </extensions>
      </trkpt>
      <trkpt lat="30.562560372054576873779296875" lon="114.402955882251262664794921875">
        <ele>17.6000003814697265625</ele>
        <time>2026-10-04T10:23:59.000Z</time>
        <extensions>
          <ns3:TrackPointExtension>
            <ns3:hr>71</ns3:hr>
          </ns3:TrackPointExtension>
        </extensions>
      </trkpt>
      <trkpt lat="30.56244336068630218505859375" lon="114.40288245677947998046875">
        <ele>17.799999237060546875</ele>
        <time>2026-10-04T10:24:05.000Z</time>
        <extensions>
          <ns3:TrackPointExtension>
            <ns3:hr>71</ns3:hr>
          </ns3:TrackPointExtension>
        </extensions>
      </trkpt>
      <trkpt lat="30.5622775666415691375732421875" lon="114.402713812887668609619140625">
        <ele>17.3999996185302734375</ele>
        <time>2026-10-04T10:24:13.000Z</time>
        <extensions>
          <ns3:TrackPointExtension>
            <ns3:hr>70</ns3:hr>
          </ns3:TrackPointExtension>
        </extensions>
      </trkpt>
      <trkpt lat="30.56221243925392627716064453125" lon="114.40259370021522045135498046875">
        <ele>17.6000003814697265625</ele>
        <time>2026-10-04T10:24:18.000Z</time>
        <extensions>
          <ns3:TrackPointExtension>
            <ns3:hr>73</ns3:hr>
          </ns3:TrackPointExtension>
        </extensions>
      </trkpt>
      <trkpt lat="30.56217757053673267364501953125" lon="114.4025215320289134979248046875">
        <ele>17.6000003814697265625</ele>
        <time>2026-10-04T10:24:21.000Z</time>
        <extensions>
          <ns3:TrackPointExtension>
            <ns3:hr>74</ns3:hr>
          </ns3:TrackPointExtension>
        </extensions>
      </trkpt>
      <trkpt lat="30.56213348172605037689208984375" lon="114.40236856229603290557861328125">
        <ele>17.3999996185302734375</ele>
        <time>2026-10-04T10:24:27.000Z</time>
        <extensions>
          <ns3:TrackPointExtension>
            <ns3:hr>76</ns3:hr>
          </ns3:TrackPointExtension>
        </extensions>
      </trkpt>
      <trkpt lat="30.5620955117046833038330078125" lon="114.40213252790272235870361328125">
        <ele>17.200000762939453125</ele>
        <time>2026-10-04T10:24:36.000Z</time>
        <extensions>
          <ns3:TrackPointExtension>
            <ns3:hr>76</ns3:hr>
          </ns3:TrackPointExtension>
        </extensions>
      </trkpt>
      <trkpt lat="30.56205837987363338470458984375" lon="114.40199120901525020599365234375">
        <ele>17.200000762939453125</ele>
        <time>2026-10-04T10:24:43.000Z</time>
        <extensions>
          <ns3:TrackPointExtension>
            <ns3:hr>77</ns3:hr>
          </ns3:TrackPointExtension>
        </extensions>
      </trkpt>
      <trkpt lat="30.56202619336545467376708984375" lon="114.401857852935791015625">
        <ele>17.200000762939453125</ele>
        <time>2026-10-04T10:24:49.000Z</time>
        <extensions>
          <ns3:TrackPointExtension>
            <ns3:hr>77</ns3:hr>
          </ns3:TrackPointExtension>
        </extensions>
      </trkpt>
      <trkpt lat="30.56197087280452251434326171875" lon="114.40173941664397716522216796875">
        <ele>17.200000762939453125</ele>
        <time>2026-10-04T10:24:54.000Z</time>
        <extensions>
          <ns3:TrackPointExtension>
            <ns3:hr>76</ns3:hr>
          </ns3:TrackPointExtension>
        </extensions>
      </trkpt>
      <trkpt lat="30.56186199188232421875" lon="114.40161712467670440673828125">
        <ele>17.3999996185302734375</ele>
        <time>2026-10-04T10:25:01.000Z</time>
        <extensions>
          <ns3:TrackPointExtension>
            <ns3:hr>76</ns3:hr>
          </ns3:TrackPointExtension>
        </extensions>
      </trkpt>
      <trkpt lat="30.56176182813942432403564453125" lon="114.40158753655850887298583984375">
        <ele>17.3999996185302734375</ele>
        <time>2026-10-04T10:25:06.000Z</time>
        <extensions>
          <ns3:TrackPointExtension>
            <ns3:hr>74</ns3:hr>
          </ns3:TrackPointExtension>
        </extensions>
      </trkpt>
      <trkpt lat="30.561601817607879638671875" lon="114.40157781355082988739013671875">
        <ele>17.3999996185302734375</ele>
        <time>2026-10-04T10:25:14.000Z</time>
        <extensions>
          <ns3:TrackPointExtension>
            <ns3:hr>71</ns3:hr>
          </ns3:TrackPointExtension>
        </extensions>
      </trkpt>
      <trkpt lat="30.56157256476581096649169921875" lon="114.40156658180058002471923828125">
        <ele>17.3999996185302734375</ele>
        <time>2026-10-04T10:25:19.000Z</time>
        <extensions>
          <ns3:TrackPointExtension>
            <ns3:hr>71</ns3:hr>
          </ns3:TrackPointExtension>
        </extensions>
      </trkpt>
      <trkpt lat="30.56157256476581096649169921875" lon="114.40156658180058002471923828125">
        <ele>17.3999996185302734375</ele>
        <time>2026-10-04T10:25:29.000Z</time>
        <extensions>
          <ns3:TrackPointExtension>
            <ns3:hr>70</ns3:hr>
          </ns3:TrackPointExtension>
        </extensions>
      </trkpt>
      <trkpt lat="30.56155865080654621124267578125" lon="114.4015659950673580169677734375">
        <ele>17</ele>
        <time>2026-10-04T10:25:40.000Z</time>
        <extensions>
          <ns3:TrackPointExtension>
            <ns3:hr>69</ns3:hr>
          </ns3:TrackPointExtension>
        </extensions>
      </trkpt>
      <trkpt lat="30.56155445985496044158935546875" lon="114.40156792290508747100830078125">
        <ele>17.200000762939453125</ele>
        <time>2026-10-04T10:25:42.000Z</time>
        <extensions>
          <ns3:TrackPointExtension>
            <ns3:hr>68</ns3:hr>
          </ns3:TrackPointExtension>
        </extensions>
      </trkpt>
      <trkpt lat="30.56155445985496044158935546875" lon="114.40156792290508747100830078125">
        <ele>17.200000762939453125</ele>
        <time>2026-10-04T10:25:51.000Z</time>
        <extensions>
          <ns3:TrackPointExtension>
            <ns3:hr>73</ns3:hr>
          </ns3:TrackPointExtension>
        </extensions>
      </trkpt>
      <trkpt lat="30.56155445985496044158935546875" lon="114.40156792290508747100830078125">
        <ele>17.200000762939453125</ele>
        <time>2026-10-04T10:25:53.000Z</time>
        <extensions>
          <ns3:TrackPointExtension>
            <ns3:hr>73</ns3:hr>
          </ns3:TrackPointExtension>
        </extensions>
      </trkpt>
      <trkpt lat="30.56155445985496044158935546875" lon="114.40156792290508747100830078125">
        <ele>17</ele>
        <time>2026-10-04T10:25:56.000Z</time>
        <extensions>
          <ns3:TrackPointExtension>
            <ns3:hr>69</ns3:hr>
          </ns3:TrackPointExtension>
        </extensions>
      </trkpt>
      <trkpt lat="30.56155445985496044158935546875" lon="114.40156792290508747100830078125">
        <ele>17</ele>
        <time>2026-10-04T10:25:58.000Z</time>
        <extensions>
          <ns3:TrackPointExtension>
            <ns3:hr>66</ns3:hr>
          </ns3:TrackPointExtension>
        </extensions>
      </trkpt>
      <trkpt lat="30.56155445985496044158935546875" lon="114.40156792290508747100830078125">
        <ele>17</ele>
        <time>2026-10-04T10:26:02.000Z</time>
        <extensions>
          <ns3:TrackPointExtension>
            <ns3:hr>63</ns3:hr>
          </ns3:TrackPointExtension>
        </extensions>
      </trkpt>
      <trkpt lat="30.56155445985496044158935546875" lon="114.40156792290508747100830078125">
        <ele>17</ele>
        <time>2026-10-04T10:26:03.000Z</time>
        <extensions>
          <ns3:TrackPointExtension>
            <ns3:hr>63</ns3:hr>
          </ns3:TrackPointExtension>
        </extensions>
      </trkpt>
      <trkpt lat="30.56155445985496044158935546875" lon="114.40156792290508747100830078125">
        <ele>17</ele>
        <time>2026-10-04T10:26:13.000Z</time>
        <extensions>
          <ns3:TrackPointExtension>
            <ns3:hr>63</ns3:hr>
          </ns3:TrackPointExtension>
        </extensions>
      </trkpt>
      <trkpt lat="30.56155445985496044158935546875" lon="114.40156792290508747100830078125">
        <ele>16.799999237060546875</ele>
        <time>2026-10-04T10:26:24.000Z</time>
        <extensions>
          <ns3:TrackPointExtension>
            <ns3:hr>60</ns3:hr>
          </ns3:TrackPointExtension>
        </extensions>
      </trkpt>
      <trkpt lat="30.56155445985496044158935546875" lon="114.40156792290508747100830078125">
        <ele>16.799999237060546875</ele>
        <time>2026-10-04T10:26:28.000Z</time>
        <extensions>
          <ns3:TrackPointExtension>
            <ns3:hr>61</ns3:hr>
          </ns3:TrackPointExtension>
        </extensions>
      </trkpt>
      <trkpt lat="30.56155445985496044158935546875" lon="114.40156792290508747100830078125">
        <ele>16.799999237060546875</ele>
        <time>2026-10-04T10:26:39.000Z</time>
        <extensions>
          <ns3:TrackPointExtension>
            <ns3:hr>60</ns3:hr>
          </ns3:TrackPointExtension>
        </extensions>
      </trkpt>
      <trkpt lat="30.56155445985496044158935546875" lon="114.40156792290508747100830078125">
        <ele>16.799999237060546875</ele>
        <time>2026-10-04T10:26:53.000Z</time>
        <extensions>
          <ns3:TrackPointExtension>
            <ns3:hr>63</ns3:hr>
          </ns3:TrackPointExtension>
        </extensions>
      </trkpt>
      <trkpt lat="30.56155445985496044158935546875" lon="114.40156792290508747100830078125">
        <ele>16.799999237060546875</ele>
        <time>2026-10-04T10:26:54.000Z</time>
        <extensions>
          <ns3:TrackPointExtension>
            <ns3:hr>63</ns3:hr>
          </ns3:TrackPointExtension>
        </extensions>
      </trkpt>
      <trkpt lat="30.56155445985496044158935546875" lon="114.40156792290508747100830078125">
        <ele>16.799999237060546875</ele>
        <time>2026-10-04T10:27:08.000Z</time>
        <extensions>
          <ns3:TrackPointExtension>
            <ns3:hr>66</ns3:hr>
          </ns3:TrackPointExtension>
        </extensions>
      </trkpt>
      <trkpt lat="30.56155445985496044158935546875" lon="114.40156792290508747100830078125">
        <ele>16.799999237060546875</ele>
        <time>2026-10-04T10:27:15.000Z</time>
        <extensions>
          <ns3:TrackPointExtension>
            <ns3:hr>63</ns3:hr>
          </ns3:TrackPointExtension>
        </extensions>
      </trkpt>
      <trkpt lat="30.56155445985496044158935546875" lon="114.40156792290508747100830078125">
        <ele>16.6000003814697265625</ele>
        <time>2026-10-04T10:27:21.000Z</time>
        <extensions>
          <ns3:TrackPointExtension>
            <ns3:hr>64</ns3:hr>
          </ns3:TrackPointExtension>
        </extensions>
      </trkpt>
      <trkpt lat="30.56155445985496044158935546875" lon="114.40156792290508747100830078125">
        <ele>16.6000003814697265625</ele>
        <time>2026-10-04T10:27:25.000Z</time>
        <extensions>
          <ns3:TrackPointExtension>
            <ns3:hr>67</ns3:hr>
          </ns3:TrackPointExtension>
        </extensions>
      </trkpt>
      <trkpt lat="30.561545155942440032958984375" lon="114.40160094760358333587646484375">
        <ele>16.6000003814697265625</ele>
        <time>2026-10-04T10:27:31.000Z</time>
        <extensions>
          <ns3:TrackPointExtension>
            <ns3:hr>64</ns3:hr>
          </ns3:TrackPointExtension>
        </extensions>
      </trkpt>
      <trkpt lat="30.56153601966798305511474609375" lon="114.401604048907756805419921875">
        <ele>16.6000003814697265625</ele>
        <time>2026-10-04T10:27:32.000Z</time>
        <extensions>
          <ns3:TrackPointExtension>
            <ns3:hr>64</ns3:hr>
          </ns3:TrackPointExtension>
        </extensions>
      </trkpt>
      <trkpt lat="30.56144348345696926116943359375" lon="114.40159692429006099700927734375">
        <ele>16.6000003814697265625</ele>
        <time>2026-10-04T10:27:37.000Z</time>
        <extensions>
          <ns3:TrackPointExtension>
            <ns3:hr>62</ns3:hr>
          </ns3:TrackPointExtension>
        </extensions>
      </trkpt>
      <trkpt lat="30.56129998527467250823974609375" lon="114.40157848410308361053466796875">
        <ele>16.3999996185302734375</ele>
        <time>2026-10-04T10:27:43.000Z</time>
        <extensions>
          <ns3:TrackPointExtension>
            <ns3:hr>62</ns3:hr>
          </ns3:TrackPointExtension>
        </extensions>
      </trkpt>
      <trkpt lat="30.5611560679972171783447265625" lon="114.40158083103597164154052734375">
        <ele>16.200000762939453125</ele>
        <time>2026-10-04T10:27:50.000Z</time>
        <extensions>
          <ns3:TrackPointExtension>
            <ns3:hr>64</ns3:hr>
          </ns3:TrackPointExtension>
        </extensions>
      </trkpt>
      <trkpt lat="30.56112279184162616729736328125" lon="114.40157965756952762603759765625">
        <ele>16</ele>
        <time>2026-10-04T10:27:52.000Z</time>
        <extensions>
          <ns3:TrackPointExtension>
            <ns3:hr>65</ns3:hr>
          </ns3:TrackPointExtension>
        </extensions>
      </trkpt>
      <trkpt lat="30.561037547886371612548828125" lon="114.401590637862682342529296875">
        <ele>16.200000762939453125</ele>
        <time>2026-10-04T10:27:56.000Z</time>
        <extensions>
          <ns3:TrackPointExtension>
            <ns3:hr>65</ns3:hr>
          </ns3:TrackPointExtension>
        </extensions>
      </trkpt>
      <trkpt lat="30.56087669916450977325439453125" lon="114.40159172751009464263916015625">
        <ele>16</ele>
        <time>2026-10-04T10:28:01.000Z</time>
        <extensions>
          <ns3:TrackPointExtension>
            <ns3:hr>66</ns3:hr>
          </ns3:TrackPointExtension>
        </extensions>
      </trkpt>
      <trkpt lat="30.5606625415384769439697265625" lon="114.40158569253981113433837890625">
        <ele>15.6000003814697265625</ele>
        <time>2026-10-04T10:28:07.000Z</time>
        <extensions>
          <ns3:TrackPointExtension>
            <ns3:hr>67</ns3:hr>
          </ns3:TrackPointExtension>
        </extensions>
      </trkpt>
      <trkpt lat="30.5603765510022640228271484375" lon="114.4015894643962383270263671875">
        <ele>15.6000003814697265625</ele>
        <time>2026-10-04T10:28:15.000Z</time>
        <extensions>
          <ns3:TrackPointExtension>
            <ns3:hr>68</ns3:hr>
          </ns3:TrackPointExtension>
        </extensions>
      </trkpt>
      <trkpt lat="30.5601918138563632965087890625" lon="114.40158753655850887298583984375">
        <ele>15.6000003814697265625</ele>
        <time>2026-10-04T10:28:21.000Z</time>
        <extensions>
          <ns3:TrackPointExtension>
            <ns3:hr>67</ns3:hr>
          </ns3:TrackPointExtension>
        </extensions>
      </trkpt>
      <trkpt lat="30.5599735490977764129638671875" lon="114.401591978967189788818359375">
        <ele>15.80000019073486328125</ele>
        <time>2026-10-04T10:28:29.000Z</time>
        <extensions>
          <ns3:TrackPointExtension>
            <ns3:hr>65</ns3:hr>
          </ns3:TrackPointExtension>
        </extensions>
      </trkpt>
      <trkpt lat="30.5598531849682331085205078125" lon="114.40160564146935939788818359375">
        <ele>15.6000003814697265625</ele>
        <time>2026-10-04T10:28:34.000Z</time>
        <extensions>
          <ns3:TrackPointExtension>
            <ns3:hr>66</ns3:hr>
          </ns3:TrackPointExtension>
        </extensions>
      </trkpt>
      <trkpt lat="30.55967188440263271331787109375" lon="114.40159725956618785858154296875">
        <ele>15.6000003814697265625</ele>
        <time>2026-10-04T10:28:41.000Z</time>
        <extensions>
          <ns3:TrackPointExtension>
            <ns3:hr>66</ns3:hr>
          </ns3:TrackPointExtension>
        </extensions>
      </trkpt>
      <trkpt lat="30.559448339045047760009765625" lon="114.40160547383129596710205078125">
        <ele>15.80000019073486328125</ele>
        <time>2026-10-04T10:28:50.000Z</time>
        <extensions>
          <ns3:TrackPointExtension>
            <ns3:hr>66</ns3:hr>
          </ns3:TrackPointExtension>
        </extensions>
      </trkpt>
      <trkpt lat="30.55928170680999755859375" lon="114.40159021876752376556396484375">
        <ele>16</ele>
        <time>2026-10-04T10:28:58.000Z</time>
        <extensions>
          <ns3:TrackPointExtension>
            <ns3:hr>67</ns3:hr>
          </ns3:TrackPointExtension>
        </extensions>
      </trkpt>
      <trkpt lat="30.559133850038051605224609375" lon="114.40161335282027721405029296875">
        <ele>15.80000019073486328125</ele>
        <time>2026-10-04T10:29:04.000Z</time>
        <extensions>
          <ns3:TrackPointExtension>
            <ns3:hr>67</ns3:hr>
          </ns3:TrackPointExtension>
        </extensions>
      </trkpt>
      <trkpt lat="30.5589875020086765289306640625" lon="114.40160178579390048980712890625">
        <ele>16</ele>
        <time>2026-10-04T10:29:10.000Z</time>
        <extensions>
          <ns3:TrackPointExtension>
            <ns3:hr>66</ns3:hr>
          </ns3:TrackPointExtension>
        </extensions>
      </trkpt>
      <trkpt lat="30.5588346160948276519775390625" lon="114.40160077996551990509033203125">
        <ele>16</ele>
        <time>2026-10-04T10:29:16.000Z</time>
        <extensions>
          <ns3:TrackPointExtension>
            <ns3:hr>68</ns3:hr>
          </ns3:TrackPointExtension>
        </extensions>
      </trkpt>
      <trkpt lat="30.55867058224976062774658203125" lon="114.40161754377186298370361328125">
        <ele>16</ele>
        <time>2026-10-04T10:29:22.000Z</time>
        <extensions>
          <ns3:TrackPointExtension>
            <ns3:hr>69</ns3:hr>
          </ns3:TrackPointExtension>
        </extensions>
      </trkpt>
      <trkpt lat="30.55849707685410976409912109375" lon="114.40161041915416717529296875">
        <ele>15.80000019073486328125</ele>
        <time>2026-10-04T10:29:29.000Z</time>
        <extensions>
          <ns3:TrackPointExtension>
            <ns3:hr>71</ns3:hr>
          </ns3:TrackPointExtension>
        </extensions>
      </trkpt>
      <trkpt lat="30.5584114976227283477783203125" lon="114.40159491263329982757568359375">
        <ele>16.200000762939453125</ele>
        <time>2026-10-04T10:29:35.000Z</time>
        <extensions>
          <ns3:TrackPointExtension>
            <ns3:hr>71</ns3:hr>
          </ns3:TrackPointExtension>
        </extensions>
      </trkpt>
      <trkpt lat="30.55841141380369663238525390625" lon="114.40159491263329982757568359375">
        <ele>16</ele>
        <time>2026-10-04T10:29:43.000Z</time>
        <extensions>
          <ns3:TrackPointExtension>
            <ns3:hr>69</ns3:hr>
          </ns3:TrackPointExtension>
        </extensions>
      </trkpt>
      <trkpt lat="30.55840261280536651611328125" lon="114.4016290269792079925537109375">
        <ele>16</ele>
        <time>2026-10-04T10:29:52.000Z</time>
        <extensions>
          <ns3:TrackPointExtension>
            <ns3:hr>70</ns3:hr>
          </ns3:TrackPointExtension>
        </extensions>
      </trkpt>
      <trkpt lat="30.5583923868834972381591796875" lon="114.40166448242962360382080078125">
        <ele>16</ele>
        <time>2026-10-04T10:29:57.000Z</time>
        <extensions>
          <ns3:TrackPointExtension>
            <ns3:hr>70</ns3:hr>
          </ns3:TrackPointExtension>
        </extensions>
      </trkpt>
      <trkpt lat="30.55841200053691864013671875" lon="114.4016679190099239349365234375">
        <ele>16</ele>
        <time>2026-10-04T10:29:59.000Z</time>
        <extensions>
          <ns3:TrackPointExtension>
            <ns3:hr>70</ns3:hr>
          </ns3:TrackPointExtension>
        </extensions>
      </trkpt>
      <trkpt lat="30.558465979993343353271484375" lon="114.4016633927822113037109375">
        <ele>15.80000019073486328125</ele>
        <time>2026-10-04T10:30:06.000Z</time>
        <extensions>
          <ns3:TrackPointExtension>
            <ns3:hr>68</ns3:hr>
          </ns3:TrackPointExtension>
        </extensions>
      </trkpt>
      <trkpt lat="30.5584936402738094329833984375" lon="114.4016632251441478729248046875">
        <ele>15.3999996185302734375</ele>
        <time>2026-10-04T10:30:13.000Z</time>
        <extensions>
          <ns3:TrackPointExtension>
            <ns3:hr>68</ns3:hr>
          </ns3:TrackPointExtension>
        </extensions>
      </trkpt>
      <trkpt lat="30.55850110016763210296630859375" lon="114.40165258012712001800537109375">
        <ele>15</ele>
        <time>2026-10-04T10:30:17.000Z</time>
        <extensions>
          <ns3:TrackPointExtension>
            <ns3:hr>70</ns3:hr>
          </ns3:TrackPointExtension>
        </extensions>
      </trkpt>
      <trkpt lat="30.55851367302238941192626953125" lon="114.4016457907855510711669921875">
        <ele>15</ele>
        <time>2026-10-04T10:30:19.000Z</time>
        <extensions>
          <ns3:TrackPointExtension>
            <ns3:hr>68</ns3:hr>
          </ns3:TrackPointExtension>
        </extensions>
      </trkpt>
      <trkpt lat="30.55852373130619525909423828125" lon="114.4016578607261180877685546875">
        <ele>15</ele>
        <time>2026-10-04T10:30:22.000Z</time>
        <extensions>
          <ns3:TrackPointExtension>
            <ns3:hr>66</ns3:hr>
          </ns3:TrackPointExtension>
        </extensions>
      </trkpt>
      <trkpt lat="30.5585191212594509124755859375" lon="114.40166272222995758056640625">
        <ele>14.80000019073486328125</ele>
        <time>2026-10-04T10:30:24.000Z</time>
        <extensions>
          <ns3:TrackPointExtension>
            <ns3:hr>66</ns3:hr>
          </ns3:TrackPointExtension>
        </extensions>
      </trkpt>
      <trkpt lat="30.55852205492556095123291015625" lon="114.40166515298187732696533203125">
        <ele>15</ele>
        <time>2026-10-04T10:30:30.000Z</time>
        <extensions>
          <ns3:TrackPointExtension>
            <ns3:hr>66</ns3:hr>
          </ns3:TrackPointExtension>
        </extensions>
      </trkpt>
      <trkpt lat="30.55852205492556095123291015625" lon="114.40166515298187732696533203125">
        <ele>15</ele>
        <time>2026-10-04T10:30:37.000Z</time>
        <extensions>
          <ns3:TrackPointExtension>
            <ns3:hr>67</ns3:hr>
          </ns3:TrackPointExtension>
        </extensions>
      </trkpt>
      <trkpt lat="30.55852205492556095123291015625" lon="114.40166515298187732696533203125">
        <ele>14.80000019073486328125</ele>
        <time>2026-10-04T10:30:44.000Z</time>
        <extensions>
          <ns3:TrackPointExtension>
            <ns3:hr>66</ns3:hr>
          </ns3:TrackPointExtension>
        </extensions>
      </trkpt>
      <trkpt lat="30.55852691642940044403076171875" lon="114.401678480207920074462890625">
        <ele>14.3999996185302734375</ele>
        <time>2026-10-04T10:30:50.000Z</time>
        <extensions>
          <ns3:TrackPointExtension>
            <ns3:hr>66</ns3:hr>
          </ns3:TrackPointExtension>
        </extensions>
      </trkpt>
      <trkpt lat="30.55852465331554412841796875" lon="114.40168275497853755950927734375">
        <ele>14</ele>
        <time>2026-10-04T10:30:55.000Z</time>
        <extensions>
          <ns3:TrackPointExtension>
            <ns3:hr>70</ns3:hr>
          </ns3:TrackPointExtension>
        </extensions>
      </trkpt>
      <trkpt lat="30.5585228092968463897705078125" lon="114.4016830064356327056884765625">
        <ele>14.19999980926513671875</ele>
        <time>2026-10-04T10:30:56.000Z</time>
        <extensions>
          <ns3:TrackPointExtension>
            <ns3:hr>70</ns3:hr>
          </ns3:TrackPointExtension>
        </extensions>
      </trkpt>
      <trkpt lat="30.5585197918117046356201171875" lon="114.4016933999955654144287109375">
        <ele>14.19999980926513671875</ele>
        <time>2026-10-04T10:30:59.000Z</time>
        <extensions>
          <ns3:TrackPointExtension>
            <ns3:hr>73</ns3:hr>
          </ns3:TrackPointExtension>
        </extensions>
      </trkpt>
      <trkpt lat="30.55851987563073635101318359375" lon="114.40169348381459712982177734375">
        <ele>14.19999980926513671875</ele>
        <time>2026-10-04T10:31:04.000Z</time>
        <extensions>
          <ns3:TrackPointExtension>
            <ns3:hr>73</ns3:hr>
          </ns3:TrackPointExtension>
        </extensions>
      </trkpt>
      <trkpt lat="30.55852004326879978179931640625" lon="114.40169281326234340667724609375">
        <ele>14.19999980926513671875</ele>
        <time>2026-10-04T10:31:05.000Z</time>
        <extensions>
          <ns3:TrackPointExtension>
            <ns3:hr>72</ns3:hr>
          </ns3:TrackPointExtension>
        </extensions>
      </trkpt>
      <trkpt lat="30.5585181154310703277587890625" lon="114.40169583074748516082763671875">
        <ele>14.19999980926513671875</ele>
        <time>2026-10-04T10:31:08.000Z</time>
        <extensions>
          <ns3:TrackPointExtension>
            <ns3:hr>73</ns3:hr>
          </ns3:TrackPointExtension>
        </extensions>
      </trkpt>
      <trkpt lat="30.55851987563073635101318359375" lon="114.40169348381459712982177734375">
        <ele>14.3999996185302734375</ele>
        <time>2026-10-04T10:31:15.000Z</time>
        <extensions>
          <ns3:TrackPointExtension>
            <ns3:hr>73</ns3:hr>
          </ns3:TrackPointExtension>
        </extensions>
      </trkpt>
      <trkpt lat="30.55851987563073635101318359375" lon="114.40169348381459712982177734375">
        <ele>14.3999996185302734375</ele>
        <time>2026-10-04T10:31:29.000Z</time>
        <extensions>
          <ns3:TrackPointExtension>
            <ns3:hr>74</ns3:hr>
          </ns3:TrackPointExtension>
        </extensions>
      </trkpt>
      <trkpt lat="30.55851987563073635101318359375" lon="114.40169348381459712982177734375">
        <ele>14.19999980926513671875</ele>
        <time>2026-10-04T10:31:32.000Z</time>
        <extensions>
          <ns3:TrackPointExtension>
            <ns3:hr>71</ns3:hr>
          </ns3:TrackPointExtension>
        </extensions>
      </trkpt>
      <trkpt lat="30.55851987563073635101318359375" lon="114.40169348381459712982177734375">
        <ele>14.19999980926513671875</ele>
        <time>2026-10-04T10:31:35.000Z</time>
        <extensions>
          <ns3:TrackPointExtension>
            <ns3:hr>70</ns3:hr>
          </ns3:TrackPointExtension>
        </extensions>
      </trkpt>
      <trkpt lat="30.55851987563073635101318359375" lon="114.40169348381459712982177734375">
        <ele>14</ele>
        <time>2026-10-04T10:31:39.000Z</time>
        <extensions>
          <ns3:TrackPointExtension>
            <ns3:hr>69</ns3:hr>
          </ns3:TrackPointExtension>
        </extensions>
      </trkpt>
      <trkpt lat="30.55851987563073635101318359375" lon="114.40169348381459712982177734375">
        <ele>14.19999980926513671875</ele>
        <time>2026-10-04T10:31:41.000Z</time>
        <extensions>
          <ns3:TrackPointExtension>
            <ns3:hr>69</ns3:hr>
          </ns3:TrackPointExtension>
        </extensions>
      </trkpt>
    </trkseg>
  </trk>
</gpx>
