<gpx xmlns:ns3="http://www.garmin.com/xmlschemas/TrackPointExtension/v1" xmlns="http://www.topografix.com/GPX/1/1" xmlns:xsi="http://www.w3.org/2001/XMLSchema-instance" xmlns:ns2="http://www.garmin.com/xmlschemas/GpxExtensions/v3" creator="Garmin Connect" version="1.1" xsi:schemaLocation="http://www.topografix.com/GPX/1/1 http://www.topografix.com/GPX/11.xsd">
  <extensions>
<distance>5916.01</distance>
<average_hr>150.0</average_hr>
<average_speed>2.7639999389648438</average_speed>
<start_time>2026-10-08T00:04:39+00:00</start_time>
<end_time>2026-10-08T00:40:19.488000+00:00</end_time>
<moving_time>2136.598</moving_time>
<elapsed_time>2159.0</elapsed_time>
</extensions>
<metadata>
    <link href="connect.garmin.com">
      <text>Garmin Connect</text>
    </link>
    <time>2026-10-08T00:04:39.000Z</time>
  </metadata>
  <trk>
    <name>西安市 - 基础训练</name>
    <type>running</type>
    <trkseg>
      <trkpt lat="34.18045364320278167724609375" lon="108.9343751035630702972412109375">
        <ele>438.399993896484375</ele>
        <time>2026-10-08T00:04:39.000Z</time>
        <extensions>
          <ns3:TrackPointExtension>
            <ns3:hr>65</ns3:hr>
            <ns3:cad>92</ns3:cad>
          </ns3:TrackPointExtension>
        </extensions>
      </trkpt>
      <trkpt lat="34.18044433929026126861572265625" lon="108.934322297573089599609375">
        <ele>438.399993896484375</ele>
        <time>2026-10-08T00:04:40.000Z</time>
        <extensions>
          <ns3:TrackPointExtension>
            <ns3:hr>65</ns3:hr>
            <ns3:cad>92</ns3:cad>
          </ns3:TrackPointExtension>
        </extensions>
      </trkpt>
      <trkpt lat="34.180447943508625030517578125" lon="108.93429237417876720428466796875">
        <ele>438.399993896484375</ele>
        <time>2026-10-08T00:04:41.000Z</time>
        <extensions>
          <ns3:TrackPointExtension>
            <ns3:hr>66</ns3:hr>
            <ns3:cad>92</ns3:cad>
          </ns3:TrackPointExtension>
        </extensions>
      </trkpt>
      <trkpt lat="34.180451296269893646240234375" lon="108.93424929119646549224853515625">
        <ele>438.600006103515625</ele>
        <time>2026-10-08T00:04:42.000Z</time>
        <extensions>
          <ns3:TrackPointExtension>
            <ns3:hr>66</ns3:hr>
            <ns3:cad>91</ns3:cad>
          </ns3:TrackPointExtension>
        </extensions>
      </trkpt>
      <trkpt lat="34.18045355938374996185302734375" lon="108.9342165179550647735595703125">
        <ele>438.600006103515625</ele>
        <time>2026-10-08T00:04:43.000Z</time>
        <extensions>
          <ns3:TrackPointExtension>
            <ns3:hr>67</ns3:hr>
            <ns3:cad>91</ns3:cad>
          </ns3:TrackPointExtension>
        </extensions>
      </trkpt>
      <trkpt lat="34.1804568283259868621826171875" lon="108.934175781905651092529296875">
        <ele>438.600006103515625</ele>
        <time>2026-10-08T00:04:44.000Z</time>
        <extensions>
          <ns3:TrackPointExtension>
            <ns3:hr>68</ns3:hr>
            <ns3:cad>91</ns3:cad>
          </ns3:TrackPointExtension>
        </extensions>
      </trkpt>
      <trkpt lat="34.18046034872531890869140625" lon="108.9341481216251850128173828125">
        <ele>438.79998779296875</ele>
        <time>2026-10-08T00:04:45.000Z</time>
        <extensions>
          <ns3:TrackPointExtension>
            <ns3:hr>70</ns3:hr>
            <ns3:cad>90</ns3:cad>
          </ns3:TrackPointExtension>
        </extensions>
      </trkpt>
      <trkpt lat="34.18045959435403347015380859375" lon="108.934107720851898193359375">
        <ele>438.600006103515625</ele>
        <time>2026-10-08T00:04:46.000Z</time>
        <extensions>
          <ns3:TrackPointExtension>
            <ns3:hr>71</ns3:hr>
            <ns3:cad>90</ns3:cad>
          </ns3:TrackPointExtension>
        </extensions>
      </trkpt>
      <trkpt lat="34.1804591752588748931884765625" lon="108.934070169925689697265625">
        <ele>438.600006103515625</ele>
        <time>2026-10-08T00:04:47.000Z</time>
        <extensions>
          <ns3:TrackPointExtension>
            <ns3:hr>73</ns3:hr>
            <ns3:cad>90</ns3:cad>
          </ns3:TrackPointExtension>
        </extensions>
      </trkpt>
      <trkpt lat="34.180459678173065185546875" lon="108.93402247689664363861083984375">
        <ele>438.600006103515625</ele>
        <time>2026-10-08T00:04:48.000Z</time>
        <extensions>
          <ns3:TrackPointExtension>
            <ns3:hr>74</ns3:hr>
            <ns3:cad>88</ns3:cad>
          </ns3:TrackPointExtension>
        </extensions>
      </trkpt>
      <trkpt lat="34.18046160601079463958740234375" lon="108.93398257903754711151123046875">
        <ele>438.600006103515625</ele>
        <time>2026-10-08T00:04:49.000Z</time>
        <extensions>
          <ns3:TrackPointExtension>
            <ns3:hr>76</ns3:hr>
            <ns3:cad>88</ns3:cad>
          </ns3:TrackPointExtension>
        </extensions>
      </trkpt>
      <trkpt lat="34.18046579696238040924072265625" lon="108.9339355565607547760009765625">
        <ele>438.399993896484375</ele>
        <time>2026-10-08T00:04:50.000Z</time>
        <extensions>
          <ns3:TrackPointExtension>
            <ns3:hr>77</ns3:hr>
            <ns3:cad>88</ns3:cad>
          </ns3:TrackPointExtension>
        </extensions>
      </trkpt>
      <trkpt lat="34.1804682277143001556396484375" lon="108.933902196586132049560546875">
        <ele>438.399993896484375</ele>
        <time>2026-10-08T00:04:51.000Z</time>
        <extensions>
          <ns3:TrackPointExtension>
            <ns3:hr>78</ns3:hr>
            <ns3:cad>88</ns3:cad>
          </ns3:TrackPointExtension>
        </extensions>
      </trkpt>
      <trkpt lat="34.180480800569057464599609375" lon="108.93385919742286205291748046875">
        <ele>438.399993896484375</ele>
        <time>2026-10-08T00:04:52.000Z</time>
        <extensions>
          <ns3:TrackPointExtension>
            <ns3:hr>80</ns3:hr>
            <ns3:cad>92</ns3:cad>
          </ns3:TrackPointExtension>
        </extensions>
      </trkpt>
      <trkpt lat="34.18048608116805553436279296875" lon="108.93382407724857330322265625">
        <ele>438.399993896484375</ele>
        <time>2026-10-08T00:04:53.000Z</time>
        <extensions>
          <ns3:TrackPointExtension>
            <ns3:hr>81</ns3:hr>
            <ns3:cad>92</ns3:cad>
          </ns3:TrackPointExtension>
        </extensions>
      </trkpt>
      <trkpt lat="34.1804963909089565277099609375" lon="108.933778814971446990966796875">
        <ele>438.399993896484375</ele>
        <time>2026-10-08T00:04:54.000Z</time>
        <extensions>
          <ns3:TrackPointExtension>
            <ns3:hr>82</ns3:hr>
            <ns3:cad>92</ns3:cad>
          </ns3:TrackPointExtension>
        </extensions>
      </trkpt>
      <trkpt lat="34.180501587688922882080078125" lon="108.933745957911014556884765625">
        <ele>438.399993896484375</ele>
        <time>2026-10-08T00:04:55.000Z</time>
        <extensions>
          <ns3:TrackPointExtension>
            <ns3:hr>84</ns3:hr>
            <ns3:cad>92</ns3:cad>
          </ns3:TrackPointExtension>
        </extensions>
      </trkpt>
      <trkpt lat="34.18051323853433132171630859375" lon="108.933704383671283721923828125">
        <ele>438.399993896484375</ele>
        <time>2026-10-08T00:04:56.000Z</time>
        <extensions>
          <ns3:TrackPointExtension>
            <ns3:hr>85</ns3:hr>
            <ns3:cad>92</ns3:cad>
          </ns3:TrackPointExtension>
        </extensions>
      </trkpt>
      <trkpt lat="34.1805165074765682220458984375" lon="108.93366741947829723358154296875">
        <ele>438.399993896484375</ele>
        <time>2026-10-08T00:04:57.000Z</time>
        <extensions>
          <ns3:TrackPointExtension>
            <ns3:hr>86</ns3:hr>
            <ns3:cad>91</ns3:cad>
          </ns3:TrackPointExtension>
        </extensions>
      </trkpt>
      <trkpt lat="34.180520363152027130126953125" lon="108.9336214028298854827880859375">
        <ele>438.399993896484375</ele>
        <time>2026-10-08T00:04:58.000Z</time>
        <extensions>
          <ns3:TrackPointExtension>
            <ns3:hr>88</ns3:hr>
            <ns3:cad>91</ns3:cad>
          </ns3:TrackPointExtension>
        </extensions>
      </trkpt>
      <trkpt lat="34.1805201955139636993408203125" lon="108.933587037026882171630859375">
        <ele>438.399993896484375</ele>
        <time>2026-10-08T00:04:59.000Z</time>
        <extensions>
          <ns3:TrackPointExtension>
            <ns3:hr>90</ns3:hr>
            <ns3:cad>91</ns3:cad>
          </ns3:TrackPointExtension>
        </extensions>
      </trkpt>
      <trkpt lat="34.1805205307900905609130859375" lon="108.933542110025882720947265625">
        <ele>438.399993896484375</ele>
        <time>2026-10-08T00:05:00.000Z</time>
        <extensions>
          <ns3:TrackPointExtension>
            <ns3:hr>92</ns3:hr>
            <ns3:cad>91</ns3:cad>
          </ns3:TrackPointExtension>
        </extensions>
      </trkpt>
      <trkpt lat="34.18051575310528278350830078125" lon="108.933504559099674224853515625">
        <ele>438.399993896484375</ele>
        <time>2026-10-08T00:05:01.000Z</time>
        <extensions>
          <ns3:TrackPointExtension>
            <ns3:hr>93</ns3:hr>
            <ns3:cad>90</ns3:cad>
          </ns3:TrackPointExtension>
        </extensions>
      </trkpt>
      <trkpt lat="34.18052631430327892303466796875" lon="108.93346139229834079742431640625">
        <ele>438.399993896484375</ele>
        <time>2026-10-08T00:05:02.000Z</time>
        <extensions>
          <ns3:TrackPointExtension>
            <ns3:hr>94</ns3:hr>
            <ns3:cad>89</ns3:cad>
          </ns3:TrackPointExtension>
        </extensions>
      </trkpt>
      <trkpt lat="34.180528409779071807861328125" lon="108.93343004398047924041748046875">
        <ele>438.20001220703125</ele>
        <time>2026-10-08T00:05:03.000Z</time>
        <extensions>
          <ns3:TrackPointExtension>
            <ns3:hr>94</ns3:hr>
            <ns3:cad>89</ns3:cad>
          </ns3:TrackPointExtension>
        </extensions>
      </trkpt>
      <trkpt lat="34.18053536675870418548583984375" lon="108.9333870448172092437744140625">
        <ele>438.20001220703125</ele>
        <time>2026-10-08T00:05:04.000Z</time>
        <extensions>
          <ns3:TrackPointExtension>
            <ns3:hr>95</ns3:hr>
            <ns3:cad>89</ns3:cad>
          </ns3:TrackPointExtension>
        </extensions>
      </trkpt>
      <trkpt lat="34.18053419329226016998291015625" lon="108.93335527740418910980224609375">
        <ele>438.20001220703125</ele>
        <time>2026-10-08T00:05:05.000Z</time>
        <extensions>
          <ns3:TrackPointExtension>
            <ns3:hr>96</ns3:hr>
            <ns3:cad>89</ns3:cad>
          </ns3:TrackPointExtension>
        </extensions>
      </trkpt>
      <trkpt lat="34.18054282665252685546875" lon="108.933316804468631744384765625">
        <ele>438.20001220703125</ele>
        <time>2026-10-08T00:05:06.000Z</time>
        <extensions>
          <ns3:TrackPointExtension>
            <ns3:hr>97</ns3:hr>
            <ns3:cad>90</ns3:cad>
          </ns3:TrackPointExtension>
        </extensions>
      </trkpt>
      <trkpt lat="34.18054886162281036376953125" lon="108.93328973092138767242431640625">
        <ele>438.20001220703125</ele>
        <time>2026-10-08T00:05:07.000Z</time>
        <extensions>
          <ns3:TrackPointExtension>
            <ns3:hr>99</ns3:hr>
            <ns3:cad>90</ns3:cad>
          </ns3:TrackPointExtension>
        </extensions>
      </trkpt>
      <trkpt lat="34.18055799789726734161376953125" lon="108.93325586803257465362548828125">
        <ele>438.20001220703125</ele>
        <time>2026-10-08T00:05:08.000Z</time>
        <extensions>
          <ns3:TrackPointExtension>
            <ns3:hr>100</ns3:hr>
            <ns3:cad>90</ns3:cad>
          </ns3:TrackPointExtension>
        </extensions>
      </trkpt>
      <trkpt lat="34.1805637814104557037353515625" lon="108.9332267828285694122314453125">
        <ele>438.20001220703125</ele>
        <time>2026-10-08T00:05:09.000Z</time>
        <extensions>
          <ns3:TrackPointExtension>
            <ns3:hr>102</ns3:hr>
            <ns3:cad>89</ns3:cad>
          </ns3:TrackPointExtension>
        </extensions>
      </trkpt>
      <trkpt lat="34.18057006783783435821533203125" lon="108.933197446167469024658203125">
        <ele>438.20001220703125</ele>
        <time>2026-10-08T00:05:10.000Z</time>
        <extensions>
          <ns3:TrackPointExtension>
            <ns3:hr>103</ns3:hr>
            <ns3:cad>88</ns3:cad>
          </ns3:TrackPointExtension>
        </extensions>
      </trkpt>
      <trkpt lat="34.1805731691420078277587890625" lon="108.9331702888011932373046875">
        <ele>438.20001220703125</ele>
        <time>2026-10-08T00:05:11.000Z</time>
        <extensions>
          <ns3:TrackPointExtension>
            <ns3:hr>105</ns3:hr>
            <ns3:cad>88</ns3:cad>
          </ns3:TrackPointExtension>
        </extensions>
      </trkpt>
      <trkpt lat="34.18057501316070556640625" lon="108.93313609063625335693359375">
        <ele>438.20001220703125</ele>
        <time>2026-10-08T00:05:12.000Z</time>
        <extensions>
          <ns3:TrackPointExtension>
            <ns3:hr>106</ns3:hr>
            <ns3:cad>89</ns3:cad>
          </ns3:TrackPointExtension>
        </extensions>
      </trkpt>
      <trkpt lat="34.18058046139776706695556640625" lon="108.93310616724193096160888671875">
        <ele>438.20001220703125</ele>
        <time>2026-10-08T00:05:13.000Z</time>
        <extensions>
          <ns3:TrackPointExtension>
            <ns3:hr>107</ns3:hr>
            <ns3:cad>89</ns3:cad>
          </ns3:TrackPointExtension>
        </extensions>
      </trkpt>
      <trkpt lat="34.18058549053966999053955078125" lon="108.93307314254343509674072265625">
        <ele>438</ele>
        <time>2026-10-08T00:05:14.000Z</time>
        <extensions>
          <ns3:TrackPointExtension>
            <ns3:hr>108</ns3:hr>
            <ns3:cad>88</ns3:cad>
          </ns3:TrackPointExtension>
        </extensions>
      </trkpt>
      <trkpt lat="34.1805926151573657989501953125" lon="108.9330386929214000701904296875">
        <ele>438</ele>
        <time>2026-10-08T00:05:15.000Z</time>
        <extensions>
          <ns3:TrackPointExtension>
            <ns3:hr>109</ns3:hr>
            <ns3:cad>87</ns3:cad>
          </ns3:TrackPointExtension>
        </extensions>
      </trkpt>
      <trkpt lat="34.18059420771896839141845703125" lon="108.9330065064132213592529296875">
        <ele>438</ele>
        <time>2026-10-08T00:05:16.000Z</time>
        <extensions>
          <ns3:TrackPointExtension>
            <ns3:hr>110</ns3:hr>
            <ns3:cad>87</ns3:cad>
          </ns3:TrackPointExtension>
        </extensions>
      </trkpt>
      <trkpt lat="34.1805979795753955841064453125" lon="108.9329739846289157867431640625">
        <ele>438</ele>
        <time>2026-10-08T00:05:17.000Z</time>
        <extensions>
          <ns3:TrackPointExtension>
            <ns3:hr>111</ns3:hr>
            <ns3:cad>88</ns3:cad>
          </ns3:TrackPointExtension>
        </extensions>
      </trkpt>
      <trkpt lat="34.18060091324150562286376953125" lon="108.93294607289135456085205078125">
        <ele>437.79998779296875</ele>
        <time>2026-10-08T00:05:18.000Z</time>
        <extensions>
          <ns3:TrackPointExtension>
            <ns3:hr>112</ns3:hr>
            <ns3:cad>88</ns3:cad>
          </ns3:TrackPointExtension>
        </extensions>
      </trkpt>
      <trkpt lat="34.1806077025830745697021484375" lon="108.93291078507900238037109375">
        <ele>437.79998779296875</ele>
        <time>2026-10-08T00:05:19.000Z</time>
        <extensions>
          <ns3:TrackPointExtension>
            <ns3:hr>113</ns3:hr>
            <ns3:cad>88</ns3:cad>
          </ns3:TrackPointExtension>
        </extensions>
      </trkpt>
      <trkpt lat="34.18060711584985256195068359375" lon="108.93288421444594860076904296875">
        <ele>437.79998779296875</ele>
        <time>2026-10-08T00:05:20.000Z</time>
        <extensions>
          <ns3:TrackPointExtension>
            <ns3:hr>114</ns3:hr>
            <ns3:cad>88</ns3:cad>
          </ns3:TrackPointExtension>
        </extensions>
      </trkpt>
      <trkpt lat="34.1806107200682163238525390625" lon="108.932850100100040435791015625">
        <ele>437.79998779296875</ele>
        <time>2026-10-08T00:05:21.000Z</time>
        <extensions>
          <ns3:TrackPointExtension>
            <ns3:hr>115</ns3:hr>
            <ns3:cad>88</ns3:cad>
          </ns3:TrackPointExtension>
        </extensions>
      </trkpt>
      <trkpt lat="34.18060895986855030059814453125" lon="108.932824619114398956298828125">
        <ele>437.79998779296875</ele>
        <time>2026-10-08T00:05:22.000Z</time>
        <extensions>
          <ns3:TrackPointExtension>
            <ns3:hr>116</ns3:hr>
            <ns3:cad>88</ns3:cad>
          </ns3:TrackPointExtension>
        </extensions>
      </trkpt>
      <trkpt lat="34.1806170903146266937255859375" lon="108.93279008567333221435546875">
        <ele>437.600006103515625</ele>
        <time>2026-10-08T00:05:23.000Z</time>
        <extensions>
          <ns3:TrackPointExtension>
            <ns3:hr>116</ns3:hr>
            <ns3:cad>88</ns3:cad>
          </ns3:TrackPointExtension>
        </extensions>
      </trkpt>
      <trkpt lat="34.18061667121946811676025390625" lon="108.9327671192586421966552734375">
        <ele>437.600006103515625</ele>
        <time>2026-10-08T00:05:24.000Z</time>
        <extensions>
          <ns3:TrackPointExtension>
            <ns3:hr>117</ns3:hr>
            <ns3:cad>88</ns3:cad>
          </ns3:TrackPointExtension>
        </extensions>
      </trkpt>
      <trkpt lat="34.180620945990085601806640625" lon="108.93273334018886089324951171875">
        <ele>437.600006103515625</ele>
        <time>2026-10-08T00:05:25.000Z</time>
        <extensions>
          <ns3:TrackPointExtension>
            <ns3:hr>117</ns3:hr>
            <ns3:cad>88</ns3:cad>
          </ns3:TrackPointExtension>
        </extensions>
      </trkpt>
      <trkpt lat="34.1806170903146266937255859375" lon="108.93270852975547313690185546875">
        <ele>437.600006103515625</ele>
        <time>2026-10-08T00:05:26.000Z</time>
        <extensions>
          <ns3:TrackPointExtension>
            <ns3:hr>118</ns3:hr>
            <ns3:cad>88</ns3:cad>
          </ns3:TrackPointExtension>
        </extensions>
      </trkpt>
      <trkpt lat="34.180618263781070709228515625" lon="108.93267097882926464080810546875">
        <ele>437.600006103515625</ele>
        <time>2026-10-08T00:05:27.000Z</time>
        <extensions>
          <ns3:TrackPointExtension>
            <ns3:hr>119</ns3:hr>
            <ns3:cad>88</ns3:cad>
          </ns3:TrackPointExtension>
        </extensions>
      </trkpt>
      <trkpt lat="34.18062102980911731719970703125" lon="108.93264398910105228424072265625">
        <ele>437.600006103515625</ele>
        <time>2026-10-08T00:05:28.000Z</time>
        <extensions>
          <ns3:TrackPointExtension>
            <ns3:hr>119</ns3:hr>
            <ns3:cad>88</ns3:cad>
          </ns3:TrackPointExtension>
        </extensions>
      </trkpt>
      <trkpt lat="34.1806273162364959716796875" lon="108.93261046148836612701416015625">
        <ele>437.600006103515625</ele>
        <time>2026-10-08T00:05:29.000Z</time>
        <extensions>
          <ns3:TrackPointExtension>
            <ns3:hr>120</ns3:hr>
            <ns3:cad>88</ns3:cad>
          </ns3:TrackPointExtension>
        </extensions>
      </trkpt>
      <trkpt lat="34.1806291602551937103271484375" lon="108.9325810410082340240478515625">
        <ele>437.600006103515625</ele>
        <time>2026-10-08T00:05:30.000Z</time>
        <extensions>
          <ns3:TrackPointExtension>
            <ns3:hr>121</ns3:hr>
            <ns3:cad>88</ns3:cad>
          </ns3:TrackPointExtension>
        </extensions>
      </trkpt>
      <trkpt lat="34.180634021759033203125" lon="108.93254575319588184356689453125">
        <ele>437.600006103515625</ele>
        <time>2026-10-08T00:05:31.000Z</time>
        <extensions>
          <ns3:TrackPointExtension>
            <ns3:hr>121</ns3:hr>
            <ns3:cad>88</ns3:cad>
          </ns3:TrackPointExtension>
        </extensions>
      </trkpt>
      <trkpt lat="34.18063796125352382659912109375" lon="108.93251557834446430206298828125">
        <ele>437.399993896484375</ele>
        <time>2026-10-08T00:05:32.000Z</time>
        <extensions>
          <ns3:TrackPointExtension>
            <ns3:hr>122</ns3:hr>
            <ns3:cad>88</ns3:cad>
          </ns3:TrackPointExtension>
        </extensions>
      </trkpt>
      <trkpt lat="34.18064164929091930389404296875" lon="108.9324851520359516143798828125">
        <ele>437.399993896484375</ele>
        <time>2026-10-08T00:05:33.000Z</time>
        <extensions>
          <ns3:TrackPointExtension>
            <ns3:hr>122</ns3:hr>
            <ns3:cad>88</ns3:cad>
          </ns3:TrackPointExtension>
        </extensions>
      </trkpt>
      <trkpt lat="34.1806492768228054046630859375" lon="108.93245371989905834197998046875">
        <ele>437.399993896484375</ele>
        <time>2026-10-08T00:05:34.000Z</time>
        <extensions>
          <ns3:TrackPointExtension>
            <ns3:hr>123</ns3:hr>
            <ns3:cad>88</ns3:cad>
          </ns3:TrackPointExtension>
        </extensions>
      </trkpt>
      <trkpt lat="34.1806482709944248199462890625" lon="108.93242253921926021575927734375">
        <ele>437.399993896484375</ele>
        <time>2026-10-08T00:05:35.000Z</time>
        <extensions>
          <ns3:TrackPointExtension>
            <ns3:hr>123</ns3:hr>
            <ns3:cad>89</ns3:cad>
          </ns3:TrackPointExtension>
        </extensions>
      </trkpt>
      <trkpt lat="34.1806512884795665740966796875" lon="108.93239906989037990570068359375">
        <ele>437.399993896484375</ele>
        <time>2026-10-08T00:05:36.000Z</time>
        <extensions>
          <ns3:TrackPointExtension>
            <ns3:hr>124</ns3:hr>
            <ns3:cad>89</ns3:cad>
          </ns3:TrackPointExtension>
        </extensions>
      </trkpt>
      <trkpt lat="34.18065975420176982879638671875" lon="108.9323751814663410186767578125">
        <ele>437.399993896484375</ele>
        <time>2026-10-08T00:05:37.000Z</time>
        <extensions>
          <ns3:TrackPointExtension>
            <ns3:hr>124</ns3:hr>
            <ns3:cad>88</ns3:cad>
          </ns3:TrackPointExtension>
        </extensions>
      </trkpt>
      <trkpt lat="34.1806700639426708221435546875" lon="108.93234425224363803863525390625">
        <ele>437.399993896484375</ele>
        <time>2026-10-08T00:05:38.000Z</time>
        <extensions>
          <ns3:TrackPointExtension>
            <ns3:hr>125</ns3:hr>
            <ns3:cad>88</ns3:cad>
          </ns3:TrackPointExtension>
        </extensions>
      </trkpt>
      <trkpt lat="34.18066863901913166046142578125" lon="108.93232095055282115936279296875">
        <ele>437.399993896484375</ele>
        <time>2026-10-08T00:05:39.000Z</time>
        <extensions>
          <ns3:TrackPointExtension>
            <ns3:hr>125</ns3:hr>
            <ns3:cad>87</ns3:cad>
          </ns3:TrackPointExtension>
        </extensions>
      </trkpt>
      <trkpt lat="34.180673919618129730224609375" lon="108.93228583037853240966796875">
        <ele>437.399993896484375</ele>
        <time>2026-10-08T00:05:40.000Z</time>
        <extensions>
          <ns3:TrackPointExtension>
            <ns3:hr>125</ns3:hr>
            <ns3:cad>87</ns3:cad>
          </ns3:TrackPointExtension>
        </extensions>
      </trkpt>
      <trkpt lat="34.18067760765552520751953125" lon="108.93226143904030323028564453125">
        <ele>437.399993896484375</ele>
        <time>2026-10-08T00:05:41.000Z</time>
        <extensions>
          <ns3:TrackPointExtension>
            <ns3:hr>126</ns3:hr>
            <ns3:cad>88</ns3:cad>
          </ns3:TrackPointExtension>
        </extensions>
      </trkpt>
      <trkpt lat="34.18068297207355499267578125" lon="108.93222455866634845733642578125">
        <ele>437.20001220703125</ele>
        <time>2026-10-08T00:05:42.000Z</time>
        <extensions>
          <ns3:TrackPointExtension>
            <ns3:hr>126</ns3:hr>
            <ns3:cad>88</ns3:cad>
          </ns3:TrackPointExtension>
        </extensions>
      </trkpt>
      <trkpt lat="34.18068406172096729278564453125" lon="108.932198323309421539306640625">
        <ele>437.20001220703125</ele>
        <time>2026-10-08T00:05:43.000Z</time>
        <extensions>
          <ns3:TrackPointExtension>
            <ns3:hr>126</ns3:hr>
            <ns3:cad>88</ns3:cad>
          </ns3:TrackPointExtension>
        </extensions>
      </trkpt>
      <trkpt lat="34.18069160543382167816162109375" lon="108.932162113487720489501953125">
        <ele>437.20001220703125</ele>
        <time>2026-10-08T00:05:44.000Z</time>
        <extensions>
          <ns3:TrackPointExtension>
            <ns3:hr>127</ns3:hr>
            <ns3:cad>89</ns3:cad>
          </ns3:TrackPointExtension>
        </extensions>
      </trkpt>
      <trkpt lat="34.18069244362413883209228515625" lon="108.9321403205394744873046875">
        <ele>437.20001220703125</ele>
        <time>2026-10-08T00:05:45.000Z</time>
        <extensions>
          <ns3:TrackPointExtension>
            <ns3:hr>127</ns3:hr>
            <ns3:cad>88</ns3:cad>
          </ns3:TrackPointExtension>
        </extensions>
      </trkpt>
      <trkpt lat="34.1806970536708831787109375" lon="108.93210771493613719940185546875">
        <ele>437</ele>
        <time>2026-10-08T00:05:46.000Z</time>
        <extensions>
          <ns3:TrackPointExtension>
            <ns3:hr>127</ns3:hr>
            <ns3:cad>88</ns3:cad>
          </ns3:TrackPointExtension>
        </extensions>
      </trkpt>
      <trkpt lat="34.18069646693766117095947265625" lon="108.9320811443030834197998046875">
        <ele>437</ele>
        <time>2026-10-08T00:05:47.000Z</time>
        <extensions>
          <ns3:TrackPointExtension>
            <ns3:hr>127</ns3:hr>
            <ns3:cad>87</ns3:cad>
          </ns3:TrackPointExtension>
        </extensions>
      </trkpt>
      <trkpt lat="34.180701076984405517578125" lon="108.93205247819423675537109375">
        <ele>437.20001220703125</ele>
        <time>2026-10-08T00:05:48.000Z</time>
        <extensions>
          <ns3:TrackPointExtension>
            <ns3:hr>128</ns3:hr>
            <ns3:cad>87</ns3:cad>
          </ns3:TrackPointExtension>
        </extensions>
      </trkpt>
      <trkpt lat="34.1807052679359912872314453125" lon="108.93202289007604122161865234375">
        <ele>437.20001220703125</ele>
        <time>2026-10-08T00:05:49.000Z</time>
        <extensions>
          <ns3:TrackPointExtension>
            <ns3:hr>128</ns3:hr>
            <ns3:cad>87</ns3:cad>
          </ns3:TrackPointExtension>
        </extensions>
      </trkpt>
      <trkpt lat="34.18070736341178417205810546875" lon="108.9319943077862262725830078125">
        <ele>437.20001220703125</ele>
        <time>2026-10-08T00:05:50.000Z</time>
        <extensions>
          <ns3:TrackPointExtension>
            <ns3:hr>128</ns3:hr>
            <ns3:cad>88</ns3:cad>
          </ns3:TrackPointExtension>
        </extensions>
      </trkpt>
      <trkpt lat="34.18071381747722625732421875" lon="108.9319641329348087310791015625">
        <ele>437.20001220703125</ele>
        <time>2026-10-08T00:05:51.000Z</time>
        <extensions>
          <ns3:TrackPointExtension>
            <ns3:hr>128</ns3:hr>
            <ns3:cad>88</ns3:cad>
          </ns3:TrackPointExtension>
        </extensions>
      </trkpt>
      <trkpt lat="34.180715493857860565185546875" lon="108.93193856813013553619384765625">
        <ele>437</ele>
        <time>2026-10-08T00:05:52.000Z</time>
        <extensions>
          <ns3:TrackPointExtension>
            <ns3:hr>128</ns3:hr>
            <ns3:cad>88</ns3:cad>
          </ns3:TrackPointExtension>
        </extensions>
      </trkpt>
      <trkpt lat="34.18072328902781009674072265625" lon="108.9319074712693691253662109375">
        <ele>437</ele>
        <time>2026-10-08T00:05:53.000Z</time>
        <extensions>
          <ns3:TrackPointExtension>
            <ns3:hr>129</ns3:hr>
            <ns3:cad>88</ns3:cad>
          </ns3:TrackPointExtension>
        </extensions>
      </trkpt>
      <trkpt lat="34.18073116801679134368896484375" lon="108.931887187063694000244140625">
        <ele>436.79998779296875</ele>
        <time>2026-10-08T00:05:54.000Z</time>
        <extensions>
          <ns3:TrackPointExtension>
            <ns3:hr>129</ns3:hr>
            <ns3:cad>88</ns3:cad>
          </ns3:TrackPointExtension>
        </extensions>
      </trkpt>
      <trkpt lat="34.1807364486157894134521484375" lon="108.93185667693614959716796875">
        <ele>436.79998779296875</ele>
        <time>2026-10-08T00:05:55.000Z</time>
        <extensions>
          <ns3:TrackPointExtension>
            <ns3:hr>129</ns3:hr>
            <ns3:cad>88</ns3:cad>
          </ns3:TrackPointExtension>
        </extensions>
      </trkpt>
      <trkpt lat="34.1807347722351551055908203125" lon="108.931830860674381256103515625">
        <ele>436.79998779296875</ele>
        <time>2026-10-08T00:05:56.000Z</time>
        <extensions>
          <ns3:TrackPointExtension>
            <ns3:hr>129</ns3:hr>
            <ns3:cad>88</ns3:cad>
          </ns3:TrackPointExtension>
        </extensions>
      </trkpt>
      <trkpt lat="34.180738292634487152099609375" lon="108.931791298091411590576171875">
        <ele>436.79998779296875</ele>
        <time>2026-10-08T00:05:57.000Z</time>
        <extensions>
          <ns3:TrackPointExtension>
            <ns3:hr>129</ns3:hr>
            <ns3:cad>88</ns3:cad>
          </ns3:TrackPointExtension>
        </extensions>
      </trkpt>
      <trkpt lat="34.18073586188256740570068359375" lon="108.93176305107772350311279296875">
        <ele>436.79998779296875</ele>
        <time>2026-10-08T00:05:58.000Z</time>
        <extensions>
          <ns3:TrackPointExtension>
            <ns3:hr>129</ns3:hr>
            <ns3:cad>89</ns3:cad>
          </ns3:TrackPointExtension>
        </extensions>
      </trkpt>
      <trkpt lat="34.1807468421757221221923828125" lon="108.931728266179561614990234375">
        <ele>436.79998779296875</ele>
        <time>2026-10-08T00:05:59.000Z</time>
        <extensions>
          <ns3:TrackPointExtension>
            <ns3:hr>129</ns3:hr>
            <ns3:cad>89</ns3:cad>
          </ns3:TrackPointExtension>
        </extensions>
      </trkpt>
      <trkpt lat="34.18074809946119785308837890625" lon="108.93170379102230072021484375">
        <ele>436.79998779296875</ele>
        <time>2026-10-08T00:06:00.000Z</time>
        <extensions>
          <ns3:TrackPointExtension>
            <ns3:hr>129</ns3:hr>
            <ns3:cad>89</ns3:cad>
          </ns3:TrackPointExtension>
        </extensions>
      </trkpt>
      <trkpt lat="34.1807565651834011077880859375" lon="108.93167034722864627838134765625">
        <ele>436.79998779296875</ele>
        <time>2026-10-08T00:06:01.000Z</time>
        <extensions>
          <ns3:TrackPointExtension>
            <ns3:hr>129</ns3:hr>
            <ns3:cad>88</ns3:cad>
          </ns3:TrackPointExtension>
        </extensions>
      </trkpt>
      <trkpt lat="34.18075832538306713104248046875" lon="108.9316479675471782684326171875">
        <ele>436.79998779296875</ele>
        <time>2026-10-08T00:06:02.000Z</time>
        <extensions>
          <ns3:TrackPointExtension>
            <ns3:hr>129</ns3:hr>
            <ns3:cad>87</ns3:cad>
          </ns3:TrackPointExtension>
        </extensions>
      </trkpt>
      <trkpt lat="34.180762767791748046875" lon="108.93161519430577754974365234375">
        <ele>436.79998779296875</ele>
        <time>2026-10-08T00:06:03.000Z</time>
        <extensions>
          <ns3:TrackPointExtension>
            <ns3:hr>129</ns3:hr>
            <ns3:cad>87</ns3:cad>
          </ns3:TrackPointExtension>
        </extensions>
      </trkpt>
      <trkpt lat="34.18076368980109691619873046875" lon="108.93158904276788234710693359375">
        <ele>436.600006103515625</ele>
        <time>2026-10-08T00:06:04.000Z</time>
        <extensions>
          <ns3:TrackPointExtension>
            <ns3:hr>130</ns3:hr>
            <ns3:cad>87</ns3:cad>
          </ns3:TrackPointExtension>
        </extensions>
      </trkpt>
      <trkpt lat="34.18076721020042896270751953125" lon="108.93155870027840137481689453125">
        <ele>436.600006103515625</ele>
        <time>2026-10-08T00:06:05.000Z</time>
        <extensions>
          <ns3:TrackPointExtension>
            <ns3:hr>129</ns3:hr>
            <ns3:cad>87</ns3:cad>
          </ns3:TrackPointExtension>
        </extensions>
      </trkpt>
      <trkpt lat="34.180768467485904693603515625" lon="108.931533806025981903076171875">
        <ele>436.600006103515625</ele>
        <time>2026-10-08T00:06:06.000Z</time>
        <extensions>
          <ns3:TrackPointExtension>
            <ns3:hr>129</ns3:hr>
            <ns3:cad>89</ns3:cad>
          </ns3:TrackPointExtension>
        </extensions>
      </trkpt>
      <trkpt lat="34.1807706467807292938232421875" lon="108.9315054751932621002197265625">
        <ele>436.600006103515625</ele>
        <time>2026-10-08T00:06:07.000Z</time>
        <extensions>
          <ns3:TrackPointExtension>
            <ns3:hr>130</ns3:hr>
            <ns3:cad>89</ns3:cad>
          </ns3:TrackPointExtension>
        </extensions>
      </trkpt>
      <trkpt lat="34.18077458627521991729736328125" lon="108.93147848546504974365234375">
        <ele>436.600006103515625</ele>
        <time>2026-10-08T00:06:08.000Z</time>
        <extensions>
          <ns3:TrackPointExtension>
            <ns3:hr>130</ns3:hr>
            <ns3:cad>88</ns3:cad>
          </ns3:TrackPointExtension>
        </extensions>
      </trkpt>
      <trkpt lat="34.1807739995419979095458984375" lon="108.93145409412682056427001953125">
        <ele>436.600006103515625</ele>
        <time>2026-10-08T00:06:09.000Z</time>
        <extensions>
          <ns3:TrackPointExtension>
            <ns3:hr>130</ns3:hr>
            <ns3:cad>88</ns3:cad>
          </ns3:TrackPointExtension>
        </extensions>
      </trkpt>
      <trkpt lat="34.1807820461690425872802734375" lon="108.93142425455152988433837890625">
        <ele>436.600006103515625</ele>
        <time>2026-10-08T00:06:10.000Z</time>
        <extensions>
          <ns3:TrackPointExtension>
            <ns3:hr>131</ns3:hr>
            <ns3:cad>88</ns3:cad>
          </ns3:TrackPointExtension>
        </extensions>
      </trkpt>
      <trkpt lat="34.180785901844501495361328125" lon="108.93139827065169811248779296875">
        <ele>436.600006103515625</ele>
        <time>2026-10-08T00:06:11.000Z</time>
        <extensions>
          <ns3:TrackPointExtension>
            <ns3:hr>131</ns3:hr>
            <ns3:cad>87</ns3:cad>
          </ns3:TrackPointExtension>
        </extensions>
      </trkpt>
      <trkpt lat="34.18079587630927562713623046875" lon="108.931365497410297393798828125">
        <ele>436.600006103515625</ele>
        <time>2026-10-08T00:06:12.000Z</time>
        <extensions>
          <ns3:TrackPointExtension>
            <ns3:hr>132</ns3:hr>
            <ns3:cad>87</ns3:cad>
          </ns3:TrackPointExtension>
        </extensions>
      </trkpt>
      <trkpt lat="34.18079738505184650421142578125" lon="108.93133909441530704498291015625">
        <ele>436.600006103515625</ele>
        <time>2026-10-08T00:06:13.000Z</time>
        <extensions>
          <ns3:TrackPointExtension>
            <ns3:hr>132</ns3:hr>
            <ns3:cad>87</ns3:cad>
          </ns3:TrackPointExtension>
        </extensions>
      </trkpt>
      <trkpt lat="34.180806688964366912841796875" lon="108.9313009567558765411376953125">
        <ele>436.399993896484375</ele>
        <time>2026-10-08T00:06:14.000Z</time>
        <extensions>
          <ns3:TrackPointExtension>
            <ns3:hr>133</ns3:hr>
            <ns3:cad>87</ns3:cad>
          </ns3:TrackPointExtension>
        </extensions>
      </trkpt>
      <trkpt lat="34.18080643750727176666259765625" lon="108.931276313960552215576171875">
        <ele>436.399993896484375</ele>
        <time>2026-10-08T00:06:15.000Z</time>
        <extensions>
          <ns3:TrackPointExtension>
            <ns3:hr>134</ns3:hr>
            <ns3:cad>87</ns3:cad>
          </ns3:TrackPointExtension>
        </extensions>
      </trkpt>
      <trkpt lat="34.18081062845885753631591796875" lon="108.9312379248440265655517578125">
        <ele>436.399993896484375</ele>
        <time>2026-10-08T00:06:16.000Z</time>
        <extensions>
          <ns3:TrackPointExtension>
            <ns3:hr>134</ns3:hr>
            <ns3:cad>87</ns3:cad>
          </ns3:TrackPointExtension>
        </extensions>
      </trkpt>
      <trkpt lat="34.18080878444015979766845703125" lon="108.931215293705463409423828125">
        <ele>436.399993896484375</ele>
        <time>2026-10-08T00:06:17.000Z</time>
        <extensions>
          <ns3:TrackPointExtension>
            <ns3:hr>135</ns3:hr>
            <ns3:cad>87</ns3:cad>
          </ns3:TrackPointExtension>
        </extensions>
      </trkpt>
      <trkpt lat="34.18081012554466724395751953125" lon="108.93118168227374553680419921875">
        <ele>436.399993896484375</ele>
        <time>2026-10-08T00:06:18.000Z</time>
        <extensions>
          <ns3:TrackPointExtension>
            <ns3:hr>136</ns3:hr>
            <ns3:cad>87</ns3:cad>
          </ns3:TrackPointExtension>
        </extensions>
      </trkpt>
      <trkpt lat="34.18081666342914104461669921875" lon="108.93115670420229434967041015625">
        <ele>436.399993896484375</ele>
        <time>2026-10-08T00:06:19.000Z</time>
        <extensions>
          <ns3:TrackPointExtension>
            <ns3:hr>137</ns3:hr>
            <ns3:cad>87</ns3:cad>
          </ns3:TrackPointExtension>
        </extensions>
      </trkpt>
      <trkpt lat="34.1808195970952510833740234375" lon="108.93112921155989170074462890625">
        <ele>436.399993896484375</ele>
        <time>2026-10-08T00:06:20.000Z</time>
        <extensions>
          <ns3:TrackPointExtension>
            <ns3:hr>137</ns3:hr>
            <ns3:cad>87</ns3:cad>
          </ns3:TrackPointExtension>
        </extensions>
      </trkpt>
      <trkpt lat="34.18083242140710353851318359375" lon="108.931097947061061859130859375">
        <ele>436.399993896484375</ele>
        <time>2026-10-08T00:06:21.000Z</time>
        <extensions>
          <ns3:TrackPointExtension>
            <ns3:hr>137</ns3:hr>
            <ns3:cad>87</ns3:cad>
          </ns3:TrackPointExtension>
        </extensions>
      </trkpt>
      <trkpt lat="34.18083912692964076995849609375" lon="108.93107405863702297210693359375">
        <ele>436.399993896484375</ele>
        <time>2026-10-08T00:06:22.000Z</time>
        <extensions>
          <ns3:TrackPointExtension>
            <ns3:hr>137</ns3:hr>
            <ns3:cad>87</ns3:cad>
          </ns3:TrackPointExtension>
        </extensions>
      </trkpt>
      <trkpt lat="34.18085396289825439453125" lon="108.93104254268109798431396484375">
        <ele>436.399993896484375</ele>
        <time>2026-10-08T00:06:23.000Z</time>
        <extensions>
          <ns3:TrackPointExtension>
            <ns3:hr>137</ns3:hr>
            <ns3:cad>87</ns3:cad>
          </ns3:TrackPointExtension>
        </extensions>
      </trkpt>
      <trkpt lat="34.18086142279207706451416015625" lon="108.9310218393802642822265625">
        <ele>436.399993896484375</ele>
        <time>2026-10-08T00:06:24.000Z</time>
        <extensions>
          <ns3:TrackPointExtension>
            <ns3:hr>137</ns3:hr>
            <ns3:cad>87</ns3:cad>
          </ns3:TrackPointExtension>
        </extensions>
      </trkpt>
      <trkpt lat="34.180881120264530181884765625" lon="108.93099627457559108734130859375">
        <ele>436.20001220703125</ele>
        <time>2026-10-08T00:06:25.000Z</time>
        <extensions>
          <ns3:TrackPointExtension>
            <ns3:hr>137</ns3:hr>
            <ns3:cad>87</ns3:cad>
          </ns3:TrackPointExtension>
        </extensions>
      </trkpt>
      <trkpt lat="34.180896542966365814208984375" lon="108.93097816966474056243896484375">
        <ele>436.20001220703125</ele>
        <time>2026-10-08T00:06:26.000Z</time>
        <extensions>
          <ns3:TrackPointExtension>
            <ns3:hr>138</ns3:hr>
            <ns3:cad>87</ns3:cad>
          </ns3:TrackPointExtension>
        </extensions>
      </trkpt>
      <trkpt lat="34.18091339059174060821533203125" lon="108.9309566281735897064208984375">
        <ele>436.20001220703125</ele>
        <time>2026-10-08T00:06:27.000Z</time>
        <extensions>
          <ns3:TrackPointExtension>
            <ns3:hr>139</ns3:hr>
            <ns3:cad>87</ns3:cad>
          </ns3:TrackPointExtension>
        </extensions>
      </trkpt>
      <trkpt lat="34.18092093430459499359130859375" lon="108.9309408701956272125244140625">
        <ele>436.20001220703125</ele>
        <time>2026-10-08T00:06:28.000Z</time>
        <extensions>
          <ns3:TrackPointExtension>
            <ns3:hr>139</ns3:hr>
            <ns3:cad>87</ns3:cad>
          </ns3:TrackPointExtension>
        </extensions>
      </trkpt>
      <trkpt lat="34.18091406114399433135986328125" lon="108.93094195984303951263427734375">
        <ele>436</ele>
        <time>2026-10-08T00:06:29.000Z</time>
        <extensions>
          <ns3:TrackPointExtension>
            <ns3:hr>139</ns3:hr>
            <ns3:cad>87</ns3:cad>
          </ns3:TrackPointExtension>
        </extensions>
      </trkpt>
      <trkpt lat="34.18089947663247585296630859375" lon="108.9309589751064777374267578125">
        <ele>436</ele>
        <time>2026-10-08T00:06:30.000Z</time>
        <extensions>
          <ns3:TrackPointExtension>
            <ns3:hr>139</ns3:hr>
            <ns3:cad>87</ns3:cad>
          </ns3:TrackPointExtension>
        </extensions>
      </trkpt>
      <trkpt lat="34.18088455684483051300048828125" lon="108.9309710450470447540283203125">
        <ele>436</ele>
        <time>2026-10-08T00:06:31.000Z</time>
        <extensions>
          <ns3:TrackPointExtension>
            <ns3:hr>139</ns3:hr>
            <ns3:cad>86</ns3:cad>
          </ns3:TrackPointExtension>
        </extensions>
      </trkpt>
      <trkpt lat="34.1808682121336460113525390625" lon="108.9309878088533878326416015625">
        <ele>436</ele>
        <time>2026-10-08T00:06:32.000Z</time>
        <extensions>
          <ns3:TrackPointExtension>
            <ns3:hr>139</ns3:hr>
            <ns3:cad>85</ns3:cad>
          </ns3:TrackPointExtension>
        </extensions>
      </trkpt>
      <trkpt lat="34.1808517836034297943115234375" lon="108.93100046552717685699462890625">
        <ele>436</ele>
        <time>2026-10-08T00:06:33.000Z</time>
        <extensions>
          <ns3:TrackPointExtension>
            <ns3:hr>139</ns3:hr>
            <ns3:cad>84</ns3:cad>
          </ns3:TrackPointExtension>
        </extensions>
      </trkpt>
      <trkpt lat="34.18083962984383106231689453125" lon="108.9310084283351898193359375">
        <ele>436.20001220703125</ele>
        <time>2026-10-08T00:06:34.000Z</time>
        <extensions>
          <ns3:TrackPointExtension>
            <ns3:hr>139</ns3:hr>
            <ns3:cad>83</ns3:cad>
          </ns3:TrackPointExtension>
        </extensions>
      </trkpt>
      <trkpt lat="34.18083460070192813873291015625" lon="108.93101572059094905853271484375">
        <ele>436.20001220703125</ele>
        <time>2026-10-08T00:06:35.000Z</time>
        <extensions>
          <ns3:TrackPointExtension>
            <ns3:hr>139</ns3:hr>
            <ns3:cad>83</ns3:cad>
          </ns3:TrackPointExtension>
        </extensions>
      </trkpt>
      <trkpt lat="34.1808189265429973602294921875" lon="108.93102963455021381378173828125">
        <ele>436.20001220703125</ele>
        <time>2026-10-08T00:06:36.000Z</time>
        <extensions>
          <ns3:TrackPointExtension>
            <ns3:hr>138</ns3:hr>
            <ns3:cad>83</ns3:cad>
          </ns3:TrackPointExtension>
        </extensions>
      </trkpt>
      <trkpt lat="34.18079034425318241119384765625" lon="108.93102460540831089019775390625">
        <ele>436.20001220703125</ele>
        <time>2026-10-08T00:06:37.000Z</time>
        <extensions>
          <ns3:TrackPointExtension>
            <ns3:hr>138</ns3:hr>
            <ns3:cad>83</ns3:cad>
          </ns3:TrackPointExtension>
        </extensions>
      </trkpt>
      <trkpt lat="34.18076746165752410888671875" lon="108.9310303889214992523193359375">
        <ele>436.20001220703125</ele>
        <time>2026-10-08T00:06:38.000Z</time>
        <extensions>
          <ns3:TrackPointExtension>
            <ns3:hr>138</ns3:hr>
            <ns3:cad>83</ns3:cad>
          </ns3:TrackPointExtension>
        </extensions>
      </trkpt>
      <trkpt lat="34.18073703534901142120361328125" lon="108.931028880178928375244140625">
        <ele>436.20001220703125</ele>
        <time>2026-10-08T00:06:39.000Z</time>
        <extensions>
          <ns3:TrackPointExtension>
            <ns3:hr>138</ns3:hr>
            <ns3:cad>83</ns3:cad>
          </ns3:TrackPointExtension>
        </extensions>
      </trkpt>
      <trkpt lat="34.18071473948657512664794921875" lon="108.93103122711181640625">
        <ele>436.399993896484375</ele>
        <time>2026-10-08T00:06:40.000Z</time>
        <extensions>
          <ns3:TrackPointExtension>
            <ns3:hr>138</ns3:hr>
            <ns3:cad>83</ns3:cad>
          </ns3:TrackPointExtension>
        </extensions>
      </trkpt>
      <trkpt lat="34.18067735619843006134033203125" lon="108.9310256950557231903076171875">
        <ele>436.399993896484375</ele>
        <time>2026-10-08T00:06:41.000Z</time>
        <extensions>
          <ns3:TrackPointExtension>
            <ns3:hr>137</ns3:hr>
            <ns3:cad>83</ns3:cad>
          </ns3:TrackPointExtension>
        </extensions>
      </trkpt>
      <trkpt lat="34.180651791393756866455078125" lon="108.9310176484286785125732421875">
        <ele>436.399993896484375</ele>
        <time>2026-10-08T00:06:42.000Z</time>
        <extensions>
          <ns3:TrackPointExtension>
            <ns3:hr>138</ns3:hr>
            <ns3:cad>85</ns3:cad>
          </ns3:TrackPointExtension>
        </extensions>
      </trkpt>
      <trkpt lat="34.18062128126621246337890625" lon="108.93100281246006488800048828125">
        <ele>436.600006103515625</ele>
        <time>2026-10-08T00:06:43.000Z</time>
        <extensions>
          <ns3:TrackPointExtension>
            <ns3:hr>138</ns3:hr>
            <ns3:cad>86</ns3:cad>
          </ns3:TrackPointExtension>
        </extensions>
      </trkpt>
      <trkpt lat="34.18059990741312503814697265625" lon="108.930974565446376800537109375">
        <ele>436.399993896484375</ele>
        <time>2026-10-08T00:06:44.000Z</time>
        <extensions>
          <ns3:TrackPointExtension>
            <ns3:hr>139</ns3:hr>
            <ns3:cad>86</ns3:cad>
          </ns3:TrackPointExtension>
        </extensions>
      </trkpt>
      <trkpt lat="34.180587418377399444580078125" lon="108.93094548024237155914306640625">
        <ele>436.399993896484375</ele>
        <time>2026-10-08T00:06:45.000Z</time>
        <extensions>
          <ns3:TrackPointExtension>
            <ns3:hr>141</ns3:hr>
            <ns3:cad>88</ns3:cad>
          </ns3:TrackPointExtension>
        </extensions>
      </trkpt>
      <trkpt lat="34.18058616109192371368408203125" lon="108.9309145510196685791015625">
        <ele>436.399993896484375</ele>
        <time>2026-10-08T00:06:46.000Z</time>
        <extensions>
          <ns3:TrackPointExtension>
            <ns3:hr>142</ns3:hr>
            <ns3:cad>88</ns3:cad>
          </ns3:TrackPointExtension>
        </extensions>
      </trkpt>
      <trkpt lat="34.18058565817773342132568359375" lon="108.9308858849108219146728515625">
        <ele>436.399993896484375</ele>
        <time>2026-10-08T00:06:47.000Z</time>
        <extensions>
          <ns3:TrackPointExtension>
            <ns3:hr>142</ns3:hr>
            <ns3:cad>88</ns3:cad>
          </ns3:TrackPointExtension>
        </extensions>
      </trkpt>
      <trkpt lat="34.180583395063877105712890625" lon="108.93084741197526454925537109375">
        <ele>436.399993896484375</ele>
        <time>2026-10-08T00:06:48.000Z</time>
        <extensions>
          <ns3:TrackPointExtension>
            <ns3:hr>142</ns3:hr>
            <ns3:cad>88</ns3:cad>
          </ns3:TrackPointExtension>
        </extensions>
      </trkpt>
      <trkpt lat="34.1805798746645450592041015625" lon="108.93082343973219394683837890625">
        <ele>436.399993896484375</ele>
        <time>2026-10-08T00:06:49.000Z</time>
        <extensions>
          <ns3:TrackPointExtension>
            <ns3:hr>142</ns3:hr>
            <ns3:cad>87</ns3:cad>
          </ns3:TrackPointExtension>
        </extensions>
      </trkpt>
      <trkpt lat="34.18058314360678195953369140625" lon="108.9307965338230133056640625">
        <ele>436.399993896484375</ele>
        <time>2026-10-08T00:06:50.000Z</time>
        <extensions>
          <ns3:TrackPointExtension>
            <ns3:hr>143</ns3:hr>
            <ns3:cad>87</ns3:cad>
          </ns3:TrackPointExtension>
        </extensions>
      </trkpt>
      <trkpt lat="34.18057610280811786651611328125" lon="108.93076677806675434112548828125">
        <ele>436.20001220703125</ele>
        <time>2026-10-08T00:06:51.000Z</time>
        <extensions>
          <ns3:TrackPointExtension>
            <ns3:hr>143</ns3:hr>
            <ns3:cad>87</ns3:cad>
          </ns3:TrackPointExtension>
        </extensions>
      </trkpt>
      <trkpt lat="34.18057744391262531280517578125" lon="108.93073090352118015289306640625">
        <ele>436.20001220703125</ele>
        <time>2026-10-08T00:06:52.000Z</time>
        <extensions>
          <ns3:TrackPointExtension>
            <ns3:hr>143</ns3:hr>
            <ns3:cad>87</ns3:cad>
          </ns3:TrackPointExtension>
        </extensions>
      </trkpt>
      <trkpt lat="34.18057794682681560516357421875" lon="108.93070240505039691925048828125">
        <ele>436.20001220703125</ele>
        <time>2026-10-08T00:06:53.000Z</time>
        <extensions>
          <ns3:TrackPointExtension>
            <ns3:hr>143</ns3:hr>
            <ns3:cad>88</ns3:cad>
          </ns3:TrackPointExtension>
        </extensions>
      </trkpt>
      <trkpt lat="34.18058197014033794403076171875" lon="108.9306686259806156158447265625">
        <ele>436.20001220703125</ele>
        <time>2026-10-08T00:06:54.000Z</time>
        <extensions>
          <ns3:TrackPointExtension>
            <ns3:hr>142</ns3:hr>
            <ns3:cad>89</ns3:cad>
          </ns3:TrackPointExtension>
        </extensions>
      </trkpt>
      <trkpt lat="34.18057970702648162841796875" lon="108.9306441508233547210693359375">
        <ele>436.20001220703125</ele>
        <time>2026-10-08T00:06:55.000Z</time>
        <extensions>
          <ns3:TrackPointExtension>
            <ns3:hr>143</ns3:hr>
            <ns3:cad>89</ns3:cad>
          </ns3:TrackPointExtension>
        </extensions>
      </trkpt>
      <trkpt lat="34.1805792041122913360595703125" lon="108.93060869537293910980224609375">
        <ele>436.20001220703125</ele>
        <time>2026-10-08T00:06:56.000Z</time>
        <extensions>
          <ns3:TrackPointExtension>
            <ns3:hr>143</ns3:hr>
            <ns3:cad>88</ns3:cad>
          </ns3:TrackPointExtension>
        </extensions>
      </trkpt>
      <trkpt lat="34.18058331124484539031982421875" lon="108.9305871538817882537841796875">
        <ele>436.20001220703125</ele>
        <time>2026-10-08T00:06:57.000Z</time>
        <extensions>
          <ns3:TrackPointExtension>
            <ns3:hr>143</ns3:hr>
            <ns3:cad>88</ns3:cad>
          </ns3:TrackPointExtension>
        </extensions>
      </trkpt>
      <trkpt lat="34.18058046139776706695556640625" lon="108.93055538646876811981201171875">
        <ele>436.20001220703125</ele>
        <time>2026-10-08T00:06:58.000Z</time>
        <extensions>
          <ns3:TrackPointExtension>
            <ns3:hr>143</ns3:hr>
            <ns3:cad>88</ns3:cad>
          </ns3:TrackPointExtension>
        </extensions>
      </trkpt>
      <trkpt lat="34.180583395063877105712890625" lon="108.93053024075925350189208984375">
        <ele>436.20001220703125</ele>
        <time>2026-10-08T00:06:59.000Z</time>
        <extensions>
          <ns3:TrackPointExtension>
            <ns3:hr>143</ns3:hr>
            <ns3:cad>88</ns3:cad>
          </ns3:TrackPointExtension>
        </extensions>
      </trkpt>
      <trkpt lat="34.18058163486421108245849609375" lon="108.93050274811685085296630859375">
        <ele>436.20001220703125</ele>
        <time>2026-10-08T00:07:00.000Z</time>
        <extensions>
          <ns3:TrackPointExtension>
            <ns3:hr>143</ns3:hr>
            <ns3:cad>88</ns3:cad>
          </ns3:TrackPointExtension>
        </extensions>
      </trkpt>
      <trkpt lat="34.1805882565677165985107421875" lon="108.93047533929347991943359375">
        <ele>436.20001220703125</ele>
        <time>2026-10-08T00:07:01.000Z</time>
        <extensions>
          <ns3:TrackPointExtension>
            <ns3:hr>143</ns3:hr>
            <ns3:cad>88</ns3:cad>
          </ns3:TrackPointExtension>
        </extensions>
      </trkpt>
      <trkpt lat="34.18059102259576320648193359375" lon="108.9304443262517452239990234375">
        <ele>436.20001220703125</ele>
        <time>2026-10-08T00:07:02.000Z</time>
        <extensions>
          <ns3:TrackPointExtension>
            <ns3:hr>143</ns3:hr>
            <ns3:cad>88</ns3:cad>
          </ns3:TrackPointExtension>
        </extensions>
      </trkpt>
      <trkpt lat="34.18059236370027065277099609375" lon="108.93041842617094516754150390625">
        <ele>436.20001220703125</ele>
        <time>2026-10-08T00:07:03.000Z</time>
        <extensions>
          <ns3:TrackPointExtension>
            <ns3:hr>143</ns3:hr>
            <ns3:cad>88</ns3:cad>
          </ns3:TrackPointExtension>
        </extensions>
      </trkpt>
      <trkpt lat="34.18059621937572956085205078125" lon="108.9303923584520816802978515625">
        <ele>436.20001220703125</ele>
        <time>2026-10-08T00:07:04.000Z</time>
        <extensions>
          <ns3:TrackPointExtension>
            <ns3:hr>143</ns3:hr>
            <ns3:cad>88</ns3:cad>
          </ns3:TrackPointExtension>
        </extensions>
      </trkpt>
      <trkpt lat="34.1805973090231418609619140625" lon="108.9303620159626007080078125">
        <ele>436.20001220703125</ele>
        <time>2026-10-08T00:07:05.000Z</time>
        <extensions>
          <ns3:TrackPointExtension>
            <ns3:hr>143</ns3:hr>
            <ns3:cad>87</ns3:cad>
          </ns3:TrackPointExtension>
        </extensions>
      </trkpt>
      <trkpt lat="34.1805976442992687225341796875" lon="108.93033343367278575897216796875">
        <ele>436.20001220703125</ele>
        <time>2026-10-08T00:07:06.000Z</time>
        <extensions>
          <ns3:TrackPointExtension>
            <ns3:hr>143</ns3:hr>
            <ns3:cad>87</ns3:cad>
          </ns3:TrackPointExtension>
        </extensions>
      </trkpt>
      <trkpt lat="34.1806020028889179229736328125" lon="108.930304348468780517578125">
        <ele>436.399993896484375</ele>
        <time>2026-10-08T00:07:07.000Z</time>
        <extensions>
          <ns3:TrackPointExtension>
            <ns3:hr>143</ns3:hr>
            <ns3:cad>87</ns3:cad>
          </ns3:TrackPointExtension>
        </extensions>
      </trkpt>
      <trkpt lat="34.18060443364083766937255859375" lon="108.93027819693088531494140625">
        <ele>436.399993896484375</ele>
        <time>2026-10-08T00:07:08.000Z</time>
        <extensions>
          <ns3:TrackPointExtension>
            <ns3:hr>143</ns3:hr>
            <ns3:cad>88</ns3:cad>
          </ns3:TrackPointExtension>
        </extensions>
      </trkpt>
      <trkpt lat="34.1806080378592014312744140625" lon="108.930249698460102081298828125">
        <ele>436.399993896484375</ele>
        <time>2026-10-08T00:07:09.000Z</time>
        <extensions>
          <ns3:TrackPointExtension>
            <ns3:hr>143</ns3:hr>
            <ns3:cad>88</ns3:cad>
          </ns3:TrackPointExtension>
        </extensions>
      </trkpt>
      <trkpt lat="34.180609546601772308349609375" lon="108.93021910451352596282958984375">
        <ele>436.399993896484375</ele>
        <time>2026-10-08T00:07:10.000Z</time>
        <extensions>
          <ns3:TrackPointExtension>
            <ns3:hr>143</ns3:hr>
            <ns3:cad>88</ns3:cad>
          </ns3:TrackPointExtension>
        </extensions>
      </trkpt>
      <trkpt lat="34.1806219518184661865234375" lon="108.93017828464508056640625">
        <ele>436.399993896484375</ele>
        <time>2026-10-08T00:07:11.000Z</time>
        <extensions>
          <ns3:TrackPointExtension>
            <ns3:hr>143</ns3:hr>
            <ns3:cad>88</ns3:cad>
          </ns3:TrackPointExtension>
        </extensions>
      </trkpt>
      <trkpt lat="34.180627651512622833251953125" lon="108.9301536418497562408447265625">
        <ele>436.399993896484375</ele>
        <time>2026-10-08T00:07:12.000Z</time>
        <extensions>
          <ns3:TrackPointExtension>
            <ns3:hr>143</ns3:hr>
            <ns3:cad>88</ns3:cad>
          </ns3:TrackPointExtension>
        </extensions>
      </trkpt>
      <trkpt lat="34.1806353628635406494140625" lon="108.9301152527332305908203125">
        <ele>436.399993896484375</ele>
        <time>2026-10-08T00:07:13.000Z</time>
        <extensions>
          <ns3:TrackPointExtension>
            <ns3:hr>143</ns3:hr>
            <ns3:cad>88</ns3:cad>
          </ns3:TrackPointExtension>
        </extensions>
      </trkpt>
      <trkpt lat="34.180634357035160064697265625" lon="108.93008180893957614898681640625">
        <ele>436.399993896484375</ele>
        <time>2026-10-08T00:07:14.000Z</time>
        <extensions>
          <ns3:TrackPointExtension>
            <ns3:hr>143</ns3:hr>
            <ns3:cad>88</ns3:cad>
          </ns3:TrackPointExtension>
        </extensions>
      </trkpt>
      <trkpt lat="34.1806353628635406494140625" lon="108.93005314283072948455810546875">
        <ele>436.399993896484375</ele>
        <time>2026-10-08T00:07:15.000Z</time>
        <extensions>
          <ns3:TrackPointExtension>
            <ns3:hr>143</ns3:hr>
            <ns3:cad>89</ns3:cad>
          </ns3:TrackPointExtension>
        </extensions>
      </trkpt>
      <trkpt lat="34.180637709796428680419921875" lon="108.93002615310251712799072265625">
        <ele>436.399993896484375</ele>
        <time>2026-10-08T00:07:16.000Z</time>
        <extensions>
          <ns3:TrackPointExtension>
            <ns3:hr>142</ns3:hr>
            <ns3:cad>89</ns3:cad>
          </ns3:TrackPointExtension>
        </extensions>
      </trkpt>
      <trkpt lat="34.18064114637672901153564453125" lon="108.929998576641082763671875">
        <ele>436.399993896484375</ele>
        <time>2026-10-08T00:07:17.000Z</time>
        <extensions>
          <ns3:TrackPointExtension>
            <ns3:hr>143</ns3:hr>
            <ns3:cad>90</ns3:cad>
          </ns3:TrackPointExtension>
        </extensions>
      </trkpt>
      <trkpt lat="34.18064265511929988861083984375" lon="108.9299705810844898223876953125">
        <ele>436.600006103515625</ele>
        <time>2026-10-08T00:07:18.000Z</time>
        <extensions>
          <ns3:TrackPointExtension>
            <ns3:hr>143</ns3:hr>
            <ns3:cad>89</ns3:cad>
          </ns3:TrackPointExtension>
        </extensions>
      </trkpt>
      <trkpt lat="34.18064567260444164276123046875" lon="108.92994451336562633514404296875">
        <ele>436.600006103515625</ele>
        <time>2026-10-08T00:07:19.000Z</time>
        <extensions>
          <ns3:TrackPointExtension>
            <ns3:hr>142</ns3:hr>
            <ns3:cad>89</ns3:cad>
          </ns3:TrackPointExtension>
        </extensions>
      </trkpt>
      <trkpt lat="34.18065606616437435150146484375" lon="108.9299169369041919708251953125">
        <ele>436.399993896484375</ele>
        <time>2026-10-08T00:07:20.000Z</time>
        <extensions>
          <ns3:TrackPointExtension>
            <ns3:hr>143</ns3:hr>
            <ns3:cad>88</ns3:cad>
          </ns3:TrackPointExtension>
        </extensions>
      </trkpt>
      <trkpt lat="34.18066495098173618316650390625" lon="108.92989925108850002288818359375">
        <ele>436.399993896484375</ele>
        <time>2026-10-08T00:07:21.000Z</time>
        <extensions>
          <ns3:TrackPointExtension>
            <ns3:hr>143</ns3:hr>
            <ns3:cad>87</ns3:cad>
          </ns3:TrackPointExtension>
        </extensions>
      </trkpt>
      <trkpt lat="34.18066914193332195281982421875" lon="108.929876200854778289794921875">
        <ele>436.399993896484375</ele>
        <time>2026-10-08T00:07:22.000Z</time>
        <extensions>
          <ns3:TrackPointExtension>
            <ns3:hr>142</ns3:hr>
            <ns3:cad>87</ns3:cad>
          </ns3:TrackPointExtension>
        </extensions>
      </trkpt>
      <trkpt lat="34.180671907961368560791015625" lon="108.92985315062105655670166015625">
        <ele>436.399993896484375</ele>
        <time>2026-10-08T00:07:23.000Z</time>
        <extensions>
          <ns3:TrackPointExtension>
            <ns3:hr>143</ns3:hr>
            <ns3:cad>88</ns3:cad>
          </ns3:TrackPointExtension>
        </extensions>
      </trkpt>
      <trkpt lat="34.180677942931652069091796875" lon="108.92982096411287784576416015625">
        <ele>436.600006103515625</ele>
        <time>2026-10-08T00:07:24.000Z</time>
        <extensions>
          <ns3:TrackPointExtension>
            <ns3:hr>143</ns3:hr>
            <ns3:cad>88</ns3:cad>
          </ns3:TrackPointExtension>
        </extensions>
      </trkpt>
      <trkpt lat="34.18067785911262035369873046875" lon="108.9297999255359172821044921875">
        <ele>436.600006103515625</ele>
        <time>2026-10-08T00:07:25.000Z</time>
        <extensions>
          <ns3:TrackPointExtension>
            <ns3:hr>142</ns3:hr>
            <ns3:cad>88</ns3:cad>
          </ns3:TrackPointExtension>
        </extensions>
      </trkpt>
      <trkpt lat="34.1806841455399990081787109375" lon="108.92976857721805572509765625">
        <ele>436.600006103515625</ele>
        <time>2026-10-08T00:07:26.000Z</time>
        <extensions>
          <ns3:TrackPointExtension>
            <ns3:hr>143</ns3:hr>
            <ns3:cad>88</ns3:cad>
          </ns3:TrackPointExtension>
        </extensions>
      </trkpt>
      <trkpt lat="34.18068565428256988525390625" lon="108.92974376678466796875">
        <ele>436.600006103515625</ele>
        <time>2026-10-08T00:07:27.000Z</time>
        <extensions>
          <ns3:TrackPointExtension>
            <ns3:hr>143</ns3:hr>
            <ns3:cad>88</ns3:cad>
          </ns3:TrackPointExtension>
        </extensions>
      </trkpt>
      <trkpt lat="34.180691353976726531982421875" lon="108.929713927209377288818359375">
        <ele>436.600006103515625</ele>
        <time>2026-10-08T00:07:28.000Z</time>
        <extensions>
          <ns3:TrackPointExtension>
            <ns3:hr>143</ns3:hr>
            <ns3:cad>89</ns3:cad>
          </ns3:TrackPointExtension>
        </extensions>
      </trkpt>
      <trkpt lat="34.18069227598607540130615234375" lon="108.92968811094760894775390625">
        <ele>436.600006103515625</ele>
        <time>2026-10-08T00:07:29.000Z</time>
        <extensions>
          <ns3:TrackPointExtension>
            <ns3:hr>142</ns3:hr>
            <ns3:cad>89</ns3:cad>
          </ns3:TrackPointExtension>
        </extensions>
      </trkpt>
      <trkpt lat="34.1807019151747226715087890625" lon="108.92965986393392086029052734375">
        <ele>436.600006103515625</ele>
        <time>2026-10-08T00:07:30.000Z</time>
        <extensions>
          <ns3:TrackPointExtension>
            <ns3:hr>143</ns3:hr>
            <ns3:cad>89</ns3:cad>
          </ns3:TrackPointExtension>
        </extensions>
      </trkpt>
      <trkpt lat="34.18070434592664241790771484375" lon="108.92963320948183536529541015625">
        <ele>436.600006103515625</ele>
        <time>2026-10-08T00:07:31.000Z</time>
        <extensions>
          <ns3:TrackPointExtension>
            <ns3:hr>142</ns3:hr>
            <ns3:cad>88</ns3:cad>
          </ns3:TrackPointExtension>
        </extensions>
      </trkpt>
      <trkpt lat="34.18070618994534015655517578125" lon="108.92960320226848125457763671875">
        <ele>436.600006103515625</ele>
        <time>2026-10-08T00:07:32.000Z</time>
        <extensions>
          <ns3:TrackPointExtension>
            <ns3:hr>142</ns3:hr>
            <ns3:cad>89</ns3:cad>
          </ns3:TrackPointExtension>
        </extensions>
      </trkpt>
      <trkpt lat="34.18070987798273563385009765625" lon="108.92958073876798152923583984375">
        <ele>436.600006103515625</ele>
        <time>2026-10-08T00:07:33.000Z</time>
        <extensions>
          <ns3:TrackPointExtension>
            <ns3:hr>142</ns3:hr>
            <ns3:cad>89</ns3:cad>
          </ns3:TrackPointExtension>
        </extensions>
      </trkpt>
      <trkpt lat="34.180712811648845672607421875" lon="108.9295504800975322723388671875">
        <ele>436.600006103515625</ele>
        <time>2026-10-08T00:07:34.000Z</time>
        <extensions>
          <ns3:TrackPointExtension>
            <ns3:hr>143</ns3:hr>
            <ns3:cad>89</ns3:cad>
          </ns3:TrackPointExtension>
        </extensions>
      </trkpt>
      <trkpt lat="34.18071004562079906463623046875" lon="108.9295266754925251007080078125">
        <ele>436.600006103515625</ele>
        <time>2026-10-08T00:07:35.000Z</time>
        <extensions>
          <ns3:TrackPointExtension>
            <ns3:hr>142</ns3:hr>
            <ns3:cad>89</ns3:cad>
          </ns3:TrackPointExtension>
        </extensions>
      </trkpt>
      <trkpt lat="34.1807133145630359649658203125" lon="108.9294981770217418670654296875">
        <ele>436.600006103515625</ele>
        <time>2026-10-08T00:07:36.000Z</time>
        <extensions>
          <ns3:TrackPointExtension>
            <ns3:hr>142</ns3:hr>
            <ns3:cad>88</ns3:cad>
          </ns3:TrackPointExtension>
        </extensions>
      </trkpt>
      <trkpt lat="34.18071591295301914215087890625" lon="108.92946548759937286376953125">
        <ele>436.600006103515625</ele>
        <time>2026-10-08T00:07:37.000Z</time>
        <extensions>
          <ns3:TrackPointExtension>
            <ns3:hr>142</ns3:hr>
            <ns3:cad>88</ns3:cad>
          </ns3:TrackPointExtension>
        </extensions>
      </trkpt>
      <trkpt lat="34.1807196848094463348388671875" lon="108.92943824641406536102294921875">
        <ele>436.600006103515625</ele>
        <time>2026-10-08T00:07:38.000Z</time>
        <extensions>
          <ns3:TrackPointExtension>
            <ns3:hr>142</ns3:hr>
            <ns3:cad>88</ns3:cad>
          </ns3:TrackPointExtension>
        </extensions>
      </trkpt>
      <trkpt lat="34.18072094209492206573486328125" lon="108.929406814277172088623046875">
        <ele>436.79998779296875</ele>
        <time>2026-10-08T00:07:39.000Z</time>
        <extensions>
          <ns3:TrackPointExtension>
            <ns3:hr>143</ns3:hr>
            <ns3:cad>88</ns3:cad>
          </ns3:TrackPointExtension>
        </extensions>
      </trkpt>
      <trkpt lat="34.18072245083749294281005859375" lon="108.92937890253961086273193359375">
        <ele>436.79998779296875</ele>
        <time>2026-10-08T00:07:40.000Z</time>
        <extensions>
          <ns3:TrackPointExtension>
            <ns3:hr>142</ns3:hr>
            <ns3:cad>88</ns3:cad>
          </ns3:TrackPointExtension>
        </extensions>
      </trkpt>
      <trkpt lat="34.180728234350681304931640625" lon="108.9293479733169078826904296875">
        <ele>436.79998779296875</ele>
        <time>2026-10-08T00:07:41.000Z</time>
        <extensions>
          <ns3:TrackPointExtension>
            <ns3:hr>142</ns3:hr>
            <ns3:cad>88</ns3:cad>
          </ns3:TrackPointExtension>
        </extensions>
      </trkpt>
      <trkpt lat="34.18072731234133243560791015625" lon="108.9293240010738372802734375">
        <ele>436.79998779296875</ele>
        <time>2026-10-08T00:07:42.000Z</time>
        <extensions>
          <ns3:TrackPointExtension>
            <ns3:hr>142</ns3:hr>
            <ns3:cad>88</ns3:cad>
          </ns3:TrackPointExtension>
        </extensions>
      </trkpt>
      <trkpt lat="34.1807307489216327667236328125" lon="108.92929114401340484619140625">
        <ele>436.79998779296875</ele>
        <time>2026-10-08T00:07:43.000Z</time>
        <extensions>
          <ns3:TrackPointExtension>
            <ns3:hr>142</ns3:hr>
            <ns3:cad>88</ns3:cad>
          </ns3:TrackPointExtension>
        </extensions>
      </trkpt>
      <trkpt lat="34.1807330958545207977294921875" lon="108.92926524393260478973388671875">
        <ele>436.79998779296875</ele>
        <time>2026-10-08T00:07:44.000Z</time>
        <extensions>
          <ns3:TrackPointExtension>
            <ns3:hr>142</ns3:hr>
            <ns3:cad>88</ns3:cad>
          </ns3:TrackPointExtension>
        </extensions>
      </trkpt>
      <trkpt lat="34.18073804117739200592041015625" lon="108.92923121340572834014892578125">
        <ele>436.79998779296875</ele>
        <time>2026-10-08T00:07:45.000Z</time>
        <extensions>
          <ns3:TrackPointExtension>
            <ns3:hr>142</ns3:hr>
            <ns3:cad>88</ns3:cad>
          </ns3:TrackPointExtension>
        </extensions>
      </trkpt>
      <trkpt lat="34.18074508197605609893798828125" lon="108.92920590005815029144287109375">
        <ele>436.79998779296875</ele>
        <time>2026-10-08T00:07:46.000Z</time>
        <extensions>
          <ns3:TrackPointExtension>
            <ns3:hr>141</ns3:hr>
            <ns3:cad>88</ns3:cad>
          </ns3:TrackPointExtension>
        </extensions>
      </trkpt>
      <trkpt lat="34.1807508654892444610595703125" lon="108.92916935496032238006591796875">
        <ele>436.79998779296875</ele>
        <time>2026-10-08T00:07:47.000Z</time>
        <extensions>
          <ns3:TrackPointExtension>
            <ns3:hr>142</ns3:hr>
            <ns3:cad>88</ns3:cad>
          </ns3:TrackPointExtension>
        </extensions>
      </trkpt>
      <trkpt lat="34.18075530789792537689208984375" lon="108.9291437901556491851806640625">
        <ele>436.79998779296875</ele>
        <time>2026-10-08T00:07:48.000Z</time>
        <extensions>
          <ns3:TrackPointExtension>
            <ns3:hr>142</ns3:hr>
            <ns3:cad>88</ns3:cad>
          </ns3:TrackPointExtension>
        </extensions>
      </trkpt>
      <trkpt lat="34.18076318688690662384033203125" lon="108.9291102625429630279541015625">
        <ele>436.79998779296875</ele>
        <time>2026-10-08T00:07:49.000Z</time>
        <extensions>
          <ns3:TrackPointExtension>
            <ns3:hr>142</ns3:hr>
            <ns3:cad>89</ns3:cad>
          </ns3:TrackPointExtension>
        </extensions>
      </trkpt>
      <trkpt lat="34.18076318688690662384033203125" lon="108.92908302135765552520751953125">
        <ele>436.79998779296875</ele>
        <time>2026-10-08T00:07:50.000Z</time>
        <extensions>
          <ns3:TrackPointExtension>
            <ns3:hr>142</ns3:hr>
            <ns3:cad>89</ns3:cad>
          </ns3:TrackPointExtension>
        </extensions>
      </trkpt>
      <trkpt lat="34.1807662881910800933837890625" lon="108.92905100248754024505615234375">
        <ele>436.79998779296875</ele>
        <time>2026-10-08T00:07:51.000Z</time>
        <extensions>
          <ns3:TrackPointExtension>
            <ns3:hr>142</ns3:hr>
            <ns3:cad>89</ns3:cad>
          </ns3:TrackPointExtension>
        </extensions>
      </trkpt>
      <trkpt lat="34.18076871894299983978271484375" lon="108.92902585677802562713623046875">
        <ele>436.79998779296875</ele>
        <time>2026-10-08T00:07:52.000Z</time>
        <extensions>
          <ns3:TrackPointExtension>
            <ns3:hr>142</ns3:hr>
            <ns3:cad>89</ns3:cad>
          </ns3:TrackPointExtension>
        </extensions>
      </trkpt>
      <trkpt lat="34.180777184665203094482421875" lon="108.928992748260498046875">
        <ele>436.79998779296875</ele>
        <time>2026-10-08T00:07:53.000Z</time>
        <extensions>
          <ns3:TrackPointExtension>
            <ns3:hr>142</ns3:hr>
            <ns3:cad>88</ns3:cad>
          </ns3:TrackPointExtension>
        </extensions>
      </trkpt>
      <trkpt lat="34.18078078888356685638427734375" lon="108.92896718345582485198974609375">
        <ele>436.79998779296875</ele>
        <time>2026-10-08T00:07:54.000Z</time>
        <extensions>
          <ns3:TrackPointExtension>
            <ns3:hr>141</ns3:hr>
            <ns3:cad>88</ns3:cad>
          </ns3:TrackPointExtension>
        </extensions>
      </trkpt>
      <trkpt lat="34.18078355491161346435546875" lon="108.92893549986183643341064453125">
        <ele>436.79998779296875</ele>
        <time>2026-10-08T00:07:55.000Z</time>
        <extensions>
          <ns3:TrackPointExtension>
            <ns3:hr>142</ns3:hr>
            <ns3:cad>89</ns3:cad>
          </ns3:TrackPointExtension>
        </extensions>
      </trkpt>
      <trkpt lat="34.18078313581645488739013671875" lon="108.92891303636133670806884765625">
        <ele>437</ele>
        <time>2026-10-08T00:07:56.000Z</time>
        <extensions>
          <ns3:TrackPointExtension>
            <ns3:hr>141</ns3:hr>
            <ns3:cad>89</ns3:cad>
          </ns3:TrackPointExtension>
        </extensions>
      </trkpt>
      <trkpt lat="34.18079101480543613433837890625" lon="108.928883112967014312744140625">
        <ele>436.79998779296875</ele>
        <time>2026-10-08T00:07:57.000Z</time>
        <extensions>
          <ns3:TrackPointExtension>
            <ns3:hr>141</ns3:hr>
            <ns3:cad>89</ns3:cad>
          </ns3:TrackPointExtension>
        </extensions>
      </trkpt>
      <trkpt lat="34.1807894222438335418701171875" lon="108.92886106856167316436767578125">
        <ele>436.79998779296875</ele>
        <time>2026-10-08T00:07:58.000Z</time>
        <extensions>
          <ns3:TrackPointExtension>
            <ns3:hr>142</ns3:hr>
            <ns3:cad>89</ns3:cad>
          </ns3:TrackPointExtension>
        </extensions>
      </trkpt>
      <trkpt lat="34.1807978041470050811767578125" lon="108.92882502637803554534912109375">
        <ele>436.79998779296875</ele>
        <time>2026-10-08T00:07:59.000Z</time>
        <extensions>
          <ns3:TrackPointExtension>
            <ns3:hr>142</ns3:hr>
            <ns3:cad>89</ns3:cad>
          </ns3:TrackPointExtension>
        </extensions>
      </trkpt>
      <trkpt lat="34.1807984746992588043212890625" lon="108.92880055122077465057373046875">
        <ele>436.79998779296875</ele>
        <time>2026-10-08T00:08:00.000Z</time>
        <extensions>
          <ns3:TrackPointExtension>
            <ns3:hr>142</ns3:hr>
            <ns3:cad>89</ns3:cad>
          </ns3:TrackPointExtension>
        </extensions>
      </trkpt>
      <trkpt lat="34.18080031871795654296875" lon="108.92876232974231243133544921875">
        <ele>436.79998779296875</ele>
        <time>2026-10-08T00:08:01.000Z</time>
        <extensions>
          <ns3:TrackPointExtension>
            <ns3:hr>142</ns3:hr>
            <ns3:cad>89</ns3:cad>
          </ns3:TrackPointExtension>
        </extensions>
      </trkpt>
      <trkpt lat="34.18080040253698825836181640625" lon="108.92873324453830718994140625">
        <ele>437</ele>
        <time>2026-10-08T00:08:02.000Z</time>
        <extensions>
          <ns3:TrackPointExtension>
            <ns3:hr>141</ns3:hr>
            <ns3:cad>89</ns3:cad>
          </ns3:TrackPointExtension>
        </extensions>
      </trkpt>
      <trkpt lat="34.18080593459308147430419921875" lon="108.9287025667726993560791015625">
        <ele>437</ele>
        <time>2026-10-08T00:08:03.000Z</time>
        <extensions>
          <ns3:TrackPointExtension>
            <ns3:hr>142</ns3:hr>
            <ns3:cad>89</ns3:cad>
          </ns3:TrackPointExtension>
        </extensions>
      </trkpt>
      <trkpt lat="34.18080895207822322845458984375" lon="108.92867733724415302276611328125">
        <ele>437</ele>
        <time>2026-10-08T00:08:04.000Z</time>
        <extensions>
          <ns3:TrackPointExtension>
            <ns3:hr>141</ns3:hr>
            <ns3:cad>88</ns3:cad>
          </ns3:TrackPointExtension>
        </extensions>
      </trkpt>
      <trkpt lat="34.1808108799159526824951171875" lon="108.9286452345550060272216796875">
        <ele>437</ele>
        <time>2026-10-08T00:08:05.000Z</time>
        <extensions>
          <ns3:TrackPointExtension>
            <ns3:hr>141</ns3:hr>
            <ns3:cad>88</ns3:cad>
          </ns3:TrackPointExtension>
        </extensions>
      </trkpt>
      <trkpt lat="34.18081833980977535247802734375" lon="108.9286172389984130859375">
        <ele>437</ele>
        <time>2026-10-08T00:08:06.000Z</time>
        <extensions>
          <ns3:TrackPointExtension>
            <ns3:hr>141</ns3:hr>
            <ns3:cad>89</ns3:cad>
          </ns3:TrackPointExtension>
        </extensions>
      </trkpt>
      <trkpt lat="34.18082051910459995269775390625" lon="108.92858999781310558319091796875">
        <ele>437</ele>
        <time>2026-10-08T00:08:07.000Z</time>
        <extensions>
          <ns3:TrackPointExtension>
            <ns3:hr>140</ns3:hr>
            <ns3:cad>89</ns3:cad>
          </ns3:TrackPointExtension>
        </extensions>
      </trkpt>
      <trkpt lat="34.1808289848268032073974609375" lon="108.9285622537136077880859375">
        <ele>437</ele>
        <time>2026-10-08T00:08:08.000Z</time>
        <extensions>
          <ns3:TrackPointExtension>
            <ns3:hr>140</ns3:hr>
            <ns3:cad>89</ns3:cad>
          </ns3:TrackPointExtension>
        </extensions>
      </trkpt>
      <trkpt lat="34.18083225376904010772705078125" lon="108.92853610217571258544921875">
        <ele>437</ele>
        <time>2026-10-08T00:08:09.000Z</time>
        <extensions>
          <ns3:TrackPointExtension>
            <ns3:hr>139</ns3:hr>
            <ns3:cad>88</ns3:cad>
          </ns3:TrackPointExtension>
        </extensions>
      </trkpt>
      <trkpt lat="34.1808380372822284698486328125" lon="108.9285099506378173828125">
        <ele>437</ele>
        <time>2026-10-08T00:08:10.000Z</time>
        <extensions>
          <ns3:TrackPointExtension>
            <ns3:hr>140</ns3:hr>
            <ns3:cad>88</ns3:cad>
          </ns3:TrackPointExtension>
        </extensions>
      </trkpt>
      <trkpt lat="34.1808377020061016082763671875" lon="108.9284791052341461181640625">
        <ele>436.79998779296875</ele>
        <time>2026-10-08T00:08:11.000Z</time>
        <extensions>
          <ns3:TrackPointExtension>
            <ns3:hr>140</ns3:hr>
            <ns3:cad>88</ns3:cad>
          </ns3:TrackPointExtension>
        </extensions>
      </trkpt>
      <trkpt lat="34.18084231205284595489501953125" lon="108.928449265658855438232421875">
        <ele>436.79998779296875</ele>
        <time>2026-10-08T00:08:12.000Z</time>
        <extensions>
          <ns3:TrackPointExtension>
            <ns3:hr>140</ns3:hr>
            <ns3:cad>88</ns3:cad>
          </ns3:TrackPointExtension>
        </extensions>
      </trkpt>
      <trkpt lat="34.18084331788122653961181640625" lon="108.92842269502580165863037109375">
        <ele>437</ele>
        <time>2026-10-08T00:08:13.000Z</time>
        <extensions>
          <ns3:TrackPointExtension>
            <ns3:hr>141</ns3:hr>
            <ns3:cad>88</ns3:cad>
          </ns3:TrackPointExtension>
        </extensions>
      </trkpt>
      <trkpt lat="34.18084851466119289398193359375" lon="108.92839469946920871734619140625">
        <ele>437</ele>
        <time>2026-10-08T00:08:14.000Z</time>
        <extensions>
          <ns3:TrackPointExtension>
            <ns3:hr>141</ns3:hr>
            <ns3:cad>89</ns3:cad>
          </ns3:TrackPointExtension>
        </extensions>
      </trkpt>
      <trkpt lat="34.18084884993731975555419921875" lon="108.92836980521678924560546875">
        <ele>437</ele>
        <time>2026-10-08T00:08:15.000Z</time>
        <extensions>
          <ns3:TrackPointExtension>
            <ns3:hr>141</ns3:hr>
            <ns3:cad>89</ns3:cad>
          </ns3:TrackPointExtension>
        </extensions>
      </trkpt>
      <trkpt lat="34.18085404671728610992431640625" lon="108.9283404685556888580322265625">
        <ele>437</ele>
        <time>2026-10-08T00:08:16.000Z</time>
        <extensions>
          <ns3:TrackPointExtension>
            <ns3:hr>141</ns3:hr>
            <ns3:cad>89</ns3:cad>
          </ns3:TrackPointExtension>
        </extensions>
      </trkpt>
      <trkpt lat="34.1808561421930789947509765625" lon="108.9283168315887451171875">
        <ele>437</ele>
        <time>2026-10-08T00:08:17.000Z</time>
        <extensions>
          <ns3:TrackPointExtension>
            <ns3:hr>142</ns3:hr>
            <ns3:cad>89</ns3:cad>
          </ns3:TrackPointExtension>
        </extensions>
      </trkpt>
      <trkpt lat="34.18086804449558258056640625" lon="108.92828824929893016815185546875">
        <ele>437</ele>
        <time>2026-10-08T00:08:18.000Z</time>
        <extensions>
          <ns3:TrackPointExtension>
            <ns3:hr>142</ns3:hr>
            <ns3:cad>89</ns3:cad>
          </ns3:TrackPointExtension>
        </extensions>
      </trkpt>
      <trkpt lat="34.18087198399007320404052734375" lon="108.928265534341335296630859375">
        <ele>437</ele>
        <time>2026-10-08T00:08:19.000Z</time>
        <extensions>
          <ns3:TrackPointExtension>
            <ns3:hr>142</ns3:hr>
            <ns3:cad>88</ns3:cad>
          </ns3:TrackPointExtension>
        </extensions>
      </trkpt>
      <trkpt lat="34.18087902478873729705810546875" lon="108.92823577858507633209228515625">
        <ele>437</ele>
        <time>2026-10-08T00:08:20.000Z</time>
        <extensions>
          <ns3:TrackPointExtension>
            <ns3:hr>141</ns3:hr>
            <ns3:cad>88</ns3:cad>
          </ns3:TrackPointExtension>
        </extensions>
      </trkpt>
      <trkpt lat="34.18087718077003955841064453125" lon="108.9282108843326568603515625">
        <ele>437</ele>
        <time>2026-10-08T00:08:21.000Z</time>
        <extensions>
          <ns3:TrackPointExtension>
            <ns3:hr>141</ns3:hr>
            <ns3:cad>88</ns3:cad>
          </ns3:TrackPointExtension>
        </extensions>
      </trkpt>
      <trkpt lat="34.18088338337838649749755859375" lon="108.92817744053900241851806640625">
        <ele>437</ele>
        <time>2026-10-08T00:08:22.000Z</time>
        <extensions>
          <ns3:TrackPointExtension>
            <ns3:hr>141</ns3:hr>
            <ns3:cad>89</ns3:cad>
          </ns3:TrackPointExtension>
        </extensions>
      </trkpt>
      <trkpt lat="34.1808859817683696746826171875" lon="108.928155563771724700927734375">
        <ele>437</ele>
        <time>2026-10-08T00:08:23.000Z</time>
        <extensions>
          <ns3:TrackPointExtension>
            <ns3:hr>141</ns3:hr>
            <ns3:cad>89</ns3:cad>
          </ns3:TrackPointExtension>
        </extensions>
      </trkpt>
      <trkpt lat="34.18089226819574832916259765625" lon="108.928121365606784820556640625">
        <ele>437</ele>
        <time>2026-10-08T00:08:24.000Z</time>
        <extensions>
          <ns3:TrackPointExtension>
            <ns3:hr>140</ns3:hr>
            <ns3:cad>89</ns3:cad>
          </ns3:TrackPointExtension>
        </extensions>
      </trkpt>
      <trkpt lat="34.18089243583381175994873046875" lon="108.92809680663049221038818359375">
        <ele>437.20001220703125</ele>
        <time>2026-10-08T00:08:25.000Z</time>
        <extensions>
          <ns3:TrackPointExtension>
            <ns3:hr>140</ns3:hr>
            <ns3:cad>89</ns3:cad>
          </ns3:TrackPointExtension>
        </extensions>
      </trkpt>
      <trkpt lat="34.1808990575373172760009765625" lon="108.9280581660568714141845703125">
        <ele>437.20001220703125</ele>
        <time>2026-10-08T00:08:26.000Z</time>
        <extensions>
          <ns3:TrackPointExtension>
            <ns3:hr>140</ns3:hr>
            <ns3:cad>89</ns3:cad>
          </ns3:TrackPointExtension>
        </extensions>
      </trkpt>
      <trkpt lat="34.18090023100376129150390625" lon="108.92803587019443511962890625">
        <ele>437.20001220703125</ele>
        <time>2026-10-08T00:08:27.000Z</time>
        <extensions>
          <ns3:TrackPointExtension>
            <ns3:hr>140</ns3:hr>
            <ns3:cad>88</ns3:cad>
          </ns3:TrackPointExtension>
        </extensions>
      </trkpt>
      <trkpt lat="34.18090685270726680755615234375" lon="108.92799974419176578521728515625">
        <ele>437.20001220703125</ele>
        <time>2026-10-08T00:08:28.000Z</time>
        <extensions>
          <ns3:TrackPointExtension>
            <ns3:hr>141</ns3:hr>
            <ns3:cad>88</ns3:cad>
          </ns3:TrackPointExtension>
        </extensions>
      </trkpt>
      <trkpt lat="34.1809030808508396148681640625" lon="108.9279743470251560211181640625">
        <ele>437.20001220703125</ele>
        <time>2026-10-08T00:08:29.000Z</time>
        <extensions>
          <ns3:TrackPointExtension>
            <ns3:hr>141</ns3:hr>
            <ns3:cad>88</ns3:cad>
          </ns3:TrackPointExtension>
        </extensions>
      </trkpt>
      <trkpt lat="34.1809094510972499847412109375" lon="108.927940987050533294677734375">
        <ele>437</ele>
        <time>2026-10-08T00:08:30.000Z</time>
        <extensions>
          <ns3:TrackPointExtension>
            <ns3:hr>141</ns3:hr>
            <ns3:cad>88</ns3:cad>
          </ns3:TrackPointExtension>
        </extensions>
      </trkpt>
      <trkpt lat="34.18091070838272571563720703125" lon="108.92791450023651123046875">
        <ele>437.20001220703125</ele>
        <time>2026-10-08T00:08:31.000Z</time>
        <extensions>
          <ns3:TrackPointExtension>
            <ns3:hr>140</ns3:hr>
            <ns3:cad>88</ns3:cad>
          </ns3:TrackPointExtension>
        </extensions>
      </trkpt>
      <trkpt lat="34.1809141449630260467529296875" lon="108.9278808049857616424560546875">
        <ele>437.20001220703125</ele>
        <time>2026-10-08T00:08:32.000Z</time>
        <extensions>
          <ns3:TrackPointExtension>
            <ns3:hr>140</ns3:hr>
            <ns3:cad>89</ns3:cad>
          </ns3:TrackPointExtension>
        </extensions>
      </trkpt>
      <trkpt lat="34.18091976083815097808837890625" lon="108.92785549163818359375">
        <ele>437.20001220703125</ele>
        <time>2026-10-08T00:08:33.000Z</time>
        <extensions>
          <ns3:TrackPointExtension>
            <ns3:hr>140</ns3:hr>
            <ns3:cad>89</ns3:cad>
          </ns3:TrackPointExtension>
        </extensions>
      </trkpt>
      <trkpt lat="34.1809218563139438629150390625" lon="108.92782053910195827484130859375">
        <ele>437.20001220703125</ele>
        <time>2026-10-08T00:08:34.000Z</time>
        <extensions>
          <ns3:TrackPointExtension>
            <ns3:hr>140</ns3:hr>
            <ns3:cad>89</ns3:cad>
          </ns3:TrackPointExtension>
        </extensions>
      </trkpt>
      <trkpt lat="34.180926047265529632568359375" lon="108.92779321409761905670166015625">
        <ele>437.20001220703125</ele>
        <time>2026-10-08T00:08:35.000Z</time>
        <extensions>
          <ns3:TrackPointExtension>
            <ns3:hr>140</ns3:hr>
            <ns3:cad>88</ns3:cad>
          </ns3:TrackPointExtension>
        </extensions>
      </trkpt>
      <trkpt lat="34.180927388370037078857421875" lon="108.92776220105588436126708984375">
        <ele>437.20001220703125</ele>
        <time>2026-10-08T00:08:36.000Z</time>
        <extensions>
          <ns3:TrackPointExtension>
            <ns3:hr>140</ns3:hr>
            <ns3:cad>88</ns3:cad>
          </ns3:TrackPointExtension>
        </extensions>
      </trkpt>
      <trkpt lat="34.18093266896903514862060546875" lon="108.92773412168025970458984375">
        <ele>437.20001220703125</ele>
        <time>2026-10-08T00:08:37.000Z</time>
        <extensions>
          <ns3:TrackPointExtension>
            <ns3:hr>139</ns3:hr>
            <ns3:cad>88</ns3:cad>
          </ns3:TrackPointExtension>
        </extensions>
      </trkpt>
      <trkpt lat="34.18093635700643062591552734375" lon="108.92770771868526935577392578125">
        <ele>437.20001220703125</ele>
        <time>2026-10-08T00:08:38.000Z</time>
        <extensions>
          <ns3:TrackPointExtension>
            <ns3:hr>139</ns3:hr>
            <ns3:cad>88</ns3:cad>
          </ns3:TrackPointExtension>
        </extensions>
      </trkpt>
      <trkpt lat="34.1809426434338092803955078125" lon="108.92768106423318386077880859375">
        <ele>437.20001220703125</ele>
        <time>2026-10-08T00:08:39.000Z</time>
        <extensions>
          <ns3:TrackPointExtension>
            <ns3:hr>139</ns3:hr>
            <ns3:cad>88</ns3:cad>
          </ns3:TrackPointExtension>
        </extensions>
      </trkpt>
      <trkpt lat="34.18094457127153873443603515625" lon="108.92765390686690807342529296875">
        <ele>437.20001220703125</ele>
        <time>2026-10-08T00:08:40.000Z</time>
        <extensions>
          <ns3:TrackPointExtension>
            <ns3:hr>140</ns3:hr>
            <ns3:cad>89</ns3:cad>
          </ns3:TrackPointExtension>
        </extensions>
      </trkpt>
      <trkpt lat="34.180949516594409942626953125" lon="108.92762457020580768585205078125">
        <ele>437.20001220703125</ele>
        <time>2026-10-08T00:08:41.000Z</time>
        <extensions>
          <ns3:TrackPointExtension>
            <ns3:hr>140</ns3:hr>
            <ns3:cad>89</ns3:cad>
          </ns3:TrackPointExtension>
        </extensions>
      </trkpt>
      <trkpt lat="34.18094976805150508880615234375" lon="108.927598334848880767822265625">
        <ele>437.20001220703125</ele>
        <time>2026-10-08T00:08:42.000Z</time>
        <extensions>
          <ns3:TrackPointExtension>
            <ns3:hr>140</ns3:hr>
            <ns3:cad>89</ns3:cad>
          </ns3:TrackPointExtension>
        </extensions>
      </trkpt>
      <trkpt lat="34.1809570603072643280029296875" lon="108.92756774090230464935302734375">
        <ele>437.20001220703125</ele>
        <time>2026-10-08T00:08:43.000Z</time>
        <extensions>
          <ns3:TrackPointExtension>
            <ns3:hr>140</ns3:hr>
            <ns3:cad>89</ns3:cad>
          </ns3:TrackPointExtension>
        </extensions>
      </trkpt>
      <trkpt lat="34.1809587366878986358642578125" lon="108.9275495521724224090576171875">
        <ele>437.20001220703125</ele>
        <time>2026-10-08T00:08:44.000Z</time>
        <extensions>
          <ns3:TrackPointExtension>
            <ns3:hr>139</ns3:hr>
            <ns3:cad>88</ns3:cad>
          </ns3:TrackPointExtension>
        </extensions>
      </trkpt>
      <trkpt lat="34.18096636421978473663330078125" lon="108.92751158215105533599853515625">
        <ele>437.20001220703125</ele>
        <time>2026-10-08T00:08:45.000Z</time>
        <extensions>
          <ns3:TrackPointExtension>
            <ns3:hr>140</ns3:hr>
            <ns3:cad>88</ns3:cad>
          </ns3:TrackPointExtension>
        </extensions>
      </trkpt>
      <trkpt lat="34.180968962609767913818359375" lon="108.92748358659446239471435546875">
        <ele>437.20001220703125</ele>
        <time>2026-10-08T00:08:46.000Z</time>
        <extensions>
          <ns3:TrackPointExtension>
            <ns3:hr>140</ns3:hr>
            <ns3:cad>88</ns3:cad>
          </ns3:TrackPointExtension>
        </extensions>
      </trkpt>
      <trkpt lat="34.18097876943647861480712890625" lon="108.9274459518492221832275390625">
        <ele>437</ele>
        <time>2026-10-08T00:08:47.000Z</time>
        <extensions>
          <ns3:TrackPointExtension>
            <ns3:hr>140</ns3:hr>
            <ns3:cad>87</ns3:cad>
          </ns3:TrackPointExtension>
        </extensions>
      </trkpt>
      <trkpt lat="34.18097893707454204559326171875" lon="108.92742172814905643463134765625">
        <ele>437</ele>
        <time>2026-10-08T00:08:48.000Z</time>
        <extensions>
          <ns3:TrackPointExtension>
            <ns3:hr>140</ns3:hr>
            <ns3:cad>87</ns3:cad>
          </ns3:TrackPointExtension>
        </extensions>
      </trkpt>
      <trkpt lat="34.18098329566419124603271484375" lon="108.92738602124154567718505859375">
        <ele>437</ele>
        <time>2026-10-08T00:08:49.000Z</time>
        <extensions>
          <ns3:TrackPointExtension>
            <ns3:hr>141</ns3:hr>
            <ns3:cad>88</ns3:cad>
          </ns3:TrackPointExtension>
        </extensions>
      </trkpt>
      <trkpt lat="34.18098832480609416961669921875" lon="108.92735819332301616668701171875">
        <ele>436.79998779296875</ele>
        <time>2026-10-08T00:08:50.000Z</time>
        <extensions>
          <ns3:TrackPointExtension>
            <ns3:hr>140</ns3:hr>
            <ns3:cad>89</ns3:cad>
          </ns3:TrackPointExtension>
        </extensions>
      </trkpt>
      <trkpt lat="34.1809947788715362548828125" lon="108.927330113947391510009765625">
        <ele>436.79998779296875</ele>
        <time>2026-10-08T00:08:51.000Z</time>
        <extensions>
          <ns3:TrackPointExtension>
            <ns3:hr>141</ns3:hr>
            <ns3:cad>89</ns3:cad>
          </ns3:TrackPointExtension>
        </extensions>
      </trkpt>
      <trkpt lat="34.1809982992708683013916015625" lon="108.9273024536669254302978515625">
        <ele>436.79998779296875</ele>
        <time>2026-10-08T00:08:52.000Z</time>
        <extensions>
          <ns3:TrackPointExtension>
            <ns3:hr>141</ns3:hr>
            <ns3:cad>88</ns3:cad>
          </ns3:TrackPointExtension>
        </extensions>
      </trkpt>
      <trkpt lat="34.18100005947053432464599609375" lon="108.92727035097777843475341796875">
        <ele>436.79998779296875</ele>
        <time>2026-10-08T00:08:53.000Z</time>
        <extensions>
          <ns3:TrackPointExtension>
            <ns3:hr>141</ns3:hr>
            <ns3:cad>88</ns3:cad>
          </ns3:TrackPointExtension>
        </extensions>
      </trkpt>
      <trkpt lat="34.1810043342411518096923828125" lon="108.92723866738379001617431640625">
        <ele>436.79998779296875</ele>
        <time>2026-10-08T00:08:54.000Z</time>
        <extensions>
          <ns3:TrackPointExtension>
            <ns3:hr>141</ns3:hr>
            <ns3:cad>88</ns3:cad>
          </ns3:TrackPointExtension>
        </extensions>
      </trkpt>
      <trkpt lat="34.1810073517262935638427734375" lon="108.927208743989467620849609375">
        <ele>436.600006103515625</ele>
        <time>2026-10-08T00:08:55.000Z</time>
        <extensions>
          <ns3:TrackPointExtension>
            <ns3:hr>141</ns3:hr>
            <ns3:cad>87</ns3:cad>
          </ns3:TrackPointExtension>
        </extensions>
      </trkpt>
      <trkpt lat="34.18101263232529163360595703125" lon="108.92717613838613033294677734375">
        <ele>436.600006103515625</ele>
        <time>2026-10-08T00:08:56.000Z</time>
        <extensions>
          <ns3:TrackPointExtension>
            <ns3:hr>141</ns3:hr>
            <ns3:cad>87</ns3:cad>
          </ns3:TrackPointExtension>
        </extensions>
      </trkpt>
      <trkpt lat="34.1810073517262935638427734375" lon="108.9271492324769496917724609375">
        <ele>436.600006103515625</ele>
        <time>2026-10-08T00:08:57.000Z</time>
        <extensions>
          <ns3:TrackPointExtension>
            <ns3:hr>142</ns3:hr>
            <ns3:cad>87</ns3:cad>
          </ns3:TrackPointExtension>
        </extensions>
      </trkpt>
      <trkpt lat="34.1810023225843906402587890625" lon="108.92711989581584930419921875">
        <ele>436.600006103515625</ele>
        <time>2026-10-08T00:08:58.000Z</time>
        <extensions>
          <ns3:TrackPointExtension>
            <ns3:hr>142</ns3:hr>
            <ns3:cad>88</ns3:cad>
          </ns3:TrackPointExtension>
        </extensions>
      </trkpt>
      <trkpt lat="34.180989749729633331298828125" lon="108.92710522748529911041259765625">
        <ele>436.399993896484375</ele>
        <time>2026-10-08T00:08:59.000Z</time>
        <extensions>
          <ns3:TrackPointExtension>
            <ns3:hr>142</ns3:hr>
            <ns3:cad>88</ns3:cad>
          </ns3:TrackPointExtension>
        </extensions>
      </trkpt>
      <trkpt lat="34.18097038753330707550048828125" lon="108.927082680165767669677734375">
        <ele>436.399993896484375</ele>
        <time>2026-10-08T00:09:00.000Z</time>
        <extensions>
          <ns3:TrackPointExtension>
            <ns3:hr>142</ns3:hr>
            <ns3:cad>88</ns3:cad>
          </ns3:TrackPointExtension>
        </extensions>
      </trkpt>
      <trkpt lat="34.1809540428221225738525390625" lon="108.9270707778632640838623046875">
        <ele>436.399993896484375</ele>
        <time>2026-10-08T00:09:01.000Z</time>
        <extensions>
          <ns3:TrackPointExtension>
            <ns3:hr>141</ns3:hr>
            <ns3:cad>88</ns3:cad>
          </ns3:TrackPointExtension>
        </extensions>
      </trkpt>
      <trkpt lat="34.18093618936836719512939453125" lon="108.927043788135051727294921875">
        <ele>436.399993896484375</ele>
        <time>2026-10-08T00:09:02.000Z</time>
        <extensions>
          <ns3:TrackPointExtension>
            <ns3:hr>142</ns3:hr>
            <ns3:cad>87</ns3:cad>
          </ns3:TrackPointExtension>
        </extensions>
      </trkpt>
      <trkpt lat="34.1809223592281341552734375" lon="108.92701989971101284027099609375">
        <ele>436.20001220703125</ele>
        <time>2026-10-08T00:09:03.000Z</time>
        <extensions>
          <ns3:TrackPointExtension>
            <ns3:hr>142</ns3:hr>
            <ns3:cad>87</ns3:cad>
          </ns3:TrackPointExtension>
        </extensions>
      </trkpt>
      <trkpt lat="34.18090266175568103790283203125" lon="108.9270037226378917694091796875">
        <ele>436.20001220703125</ele>
        <time>2026-10-08T00:09:04.000Z</time>
        <extensions>
          <ns3:TrackPointExtension>
            <ns3:hr>142</ns3:hr>
            <ns3:cad>86</ns3:cad>
          </ns3:TrackPointExtension>
        </extensions>
      </trkpt>
      <trkpt lat="34.18088220991194248199462890625" lon="108.92699022777378559112548828125">
        <ele>436.20001220703125</ele>
        <time>2026-10-08T00:09:05.000Z</time>
        <extensions>
          <ns3:TrackPointExtension>
            <ns3:hr>142</ns3:hr>
            <ns3:cad>86</ns3:cad>
          </ns3:TrackPointExtension>
        </extensions>
      </trkpt>
      <trkpt lat="34.18085488490760326385498046875" lon="108.92698855139315128326416015625">
        <ele>436.20001220703125</ele>
        <time>2026-10-08T00:09:06.000Z</time>
        <extensions>
          <ns3:TrackPointExtension>
            <ns3:hr>142</ns3:hr>
            <ns3:cad>87</ns3:cad>
          </ns3:TrackPointExtension>
        </extensions>
      </trkpt>
      <trkpt lat="34.18083040975034236907958984375" lon="108.9269842766225337982177734375">
        <ele>436.20001220703125</ele>
        <time>2026-10-08T00:09:07.000Z</time>
        <extensions>
          <ns3:TrackPointExtension>
            <ns3:hr>142</ns3:hr>
            <ns3:cad>87</ns3:cad>
          </ns3:TrackPointExtension>
        </extensions>
      </trkpt>
      <trkpt lat="34.180806018412113189697265625" lon="108.92698712646961212158203125">
        <ele>436.20001220703125</ele>
        <time>2026-10-08T00:09:08.000Z</time>
        <extensions>
          <ns3:TrackPointExtension>
            <ns3:hr>142</ns3:hr>
            <ns3:cad>88</ns3:cad>
          </ns3:TrackPointExtension>
        </extensions>
      </trkpt>
      <trkpt lat="34.18078221380710601806640625" lon="108.92698754556477069854736328125">
        <ele>436.20001220703125</ele>
        <time>2026-10-08T00:09:09.000Z</time>
        <extensions>
          <ns3:TrackPointExtension>
            <ns3:hr>142</ns3:hr>
            <ns3:cad>88</ns3:cad>
          </ns3:TrackPointExtension>
        </extensions>
      </trkpt>
      <trkpt lat="34.180762432515621185302734375" lon="108.926991485059261322021484375">
        <ele>436.20001220703125</ele>
        <time>2026-10-08T00:09:10.000Z</time>
        <extensions>
          <ns3:TrackPointExtension>
            <ns3:hr>143</ns3:hr>
            <ns3:cad>88</ns3:cad>
          </ns3:TrackPointExtension>
        </extensions>
      </trkpt>
      <trkpt lat="34.18073284439742565155029296875" lon="108.92699777148663997650146484375">
        <ele>436.399993896484375</ele>
        <time>2026-10-08T00:09:11.000Z</time>
        <extensions>
          <ns3:TrackPointExtension>
            <ns3:hr>143</ns3:hr>
            <ns3:cad>88</ns3:cad>
          </ns3:TrackPointExtension>
        </extensions>
      </trkpt>
      <trkpt lat="34.180710129439830780029296875" lon="108.9270040579140186309814453125">
        <ele>436.399993896484375</ele>
        <time>2026-10-08T00:09:12.000Z</time>
        <extensions>
          <ns3:TrackPointExtension>
            <ns3:hr>143</ns3:hr>
            <ns3:cad>88</ns3:cad>
          </ns3:TrackPointExtension>
        </extensions>
      </trkpt>
      <trkpt lat="34.1806782782077789306640625" lon="108.92700766213238239288330078125">
        <ele>436.399993896484375</ele>
        <time>2026-10-08T00:09:13.000Z</time>
        <extensions>
          <ns3:TrackPointExtension>
            <ns3:hr>144</ns3:hr>
            <ns3:cad>88</ns3:cad>
          </ns3:TrackPointExtension>
        </extensions>
      </trkpt>
      <trkpt lat="34.1806603409349918365478515625" lon="108.92701051197946071624755859375">
        <ele>436.600006103515625</ele>
        <time>2026-10-08T00:09:14.000Z</time>
        <extensions>
          <ns3:TrackPointExtension>
            <ns3:hr>144</ns3:hr>
            <ns3:cad>88</ns3:cad>
          </ns3:TrackPointExtension>
        </extensions>
      </trkpt>
      <trkpt lat="34.1806291602551937103271484375" lon="108.9270077459514141082763671875">
        <ele>436.600006103515625</ele>
        <time>2026-10-08T00:09:15.000Z</time>
        <extensions>
          <ns3:TrackPointExtension>
            <ns3:hr>144</ns3:hr>
            <ns3:cad>87</ns3:cad>
          </ns3:TrackPointExtension>
        </extensions>
      </trkpt>
      <trkpt lat="34.1806085407733917236328125" lon="108.92700766213238239288330078125">
        <ele>436.79998779296875</ele>
        <time>2026-10-08T00:09:16.000Z</time>
        <extensions>
          <ns3:TrackPointExtension>
            <ns3:hr>144</ns3:hr>
            <ns3:cad>88</ns3:cad>
          </ns3:TrackPointExtension>
        </extensions>
      </trkpt>
      <trkpt lat="34.1805869154632091522216796875" lon="108.92701453529298305511474609375">
        <ele>436.79998779296875</ele>
        <time>2026-10-08T00:09:17.000Z</time>
        <extensions>
          <ns3:TrackPointExtension>
            <ns3:hr>144</ns3:hr>
            <ns3:cad>88</ns3:cad>
          </ns3:TrackPointExtension>
        </extensions>
      </trkpt>
      <trkpt lat="34.180569984018802642822265625" lon="108.9270174689590930938720703125">
        <ele>436.79998779296875</ele>
        <time>2026-10-08T00:09:18.000Z</time>
        <extensions>
          <ns3:TrackPointExtension>
            <ns3:hr>143</ns3:hr>
            <ns3:cad>88</ns3:cad>
          </ns3:TrackPointExtension>
        </extensions>
      </trkpt>
      <trkpt lat="34.1805470176041126251220703125" lon="108.92702107317745685577392578125">
        <ele>437</ele>
        <time>2026-10-08T00:09:19.000Z</time>
        <extensions>
          <ns3:TrackPointExtension>
            <ns3:hr>144</ns3:hr>
            <ns3:cad>87</ns3:cad>
          </ns3:TrackPointExtension>
        </extensions>
      </trkpt>
      <trkpt lat="34.1805262304842472076416015625" lon="108.9270253479480743408203125">
        <ele>437</ele>
        <time>2026-10-08T00:09:20.000Z</time>
        <extensions>
          <ns3:TrackPointExtension>
            <ns3:hr>144</ns3:hr>
            <ns3:cad>87</ns3:cad>
          </ns3:TrackPointExtension>
        </extensions>
      </trkpt>
      <trkpt lat="34.180498234927654266357421875" lon="108.927031718194484710693359375">
        <ele>437.20001220703125</ele>
        <time>2026-10-08T00:09:21.000Z</time>
        <extensions>
          <ns3:TrackPointExtension>
            <ns3:hr>144</ns3:hr>
            <ns3:cad>87</ns3:cad>
          </ns3:TrackPointExtension>
        </extensions>
      </trkpt>
      <trkpt lat="34.18047510087490081787109375" lon="108.92703498713672161102294921875">
        <ele>437.20001220703125</ele>
        <time>2026-10-08T00:09:22.000Z</time>
        <extensions>
          <ns3:TrackPointExtension>
            <ns3:hr>144</ns3:hr>
            <ns3:cad>87</ns3:cad>
          </ns3:TrackPointExtension>
        </extensions>
      </trkpt>
      <trkpt lat="34.18044836260378360748291015625" lon="108.92704051919281482696533203125">
        <ele>437.399993896484375</ele>
        <time>2026-10-08T00:09:23.000Z</time>
        <extensions>
          <ns3:TrackPointExtension>
            <ns3:hr>144</ns3:hr>
            <ns3:cad>88</ns3:cad>
          </ns3:TrackPointExtension>
        </extensions>
      </trkpt>
      <trkpt lat="34.1804249770939350128173828125" lon="108.9270436204969882965087890625">
        <ele>437.600006103515625</ele>
        <time>2026-10-08T00:09:24.000Z</time>
        <extensions>
          <ns3:TrackPointExtension>
            <ns3:hr>144</ns3:hr>
            <ns3:cad>88</ns3:cad>
          </ns3:TrackPointExtension>
        </extensions>
      </trkpt>
      <trkpt lat="34.18040310032665729522705078125" lon="108.92704747617244720458984375">
        <ele>437.600006103515625</ele>
        <time>2026-10-08T00:09:25.000Z</time>
        <extensions>
          <ns3:TrackPointExtension>
            <ns3:hr>143</ns3:hr>
            <ns3:cad>89</ns3:cad>
          </ns3:TrackPointExtension>
        </extensions>
      </trkpt>
      <trkpt lat="34.18038231320679187774658203125" lon="108.92704202793538570404052734375">
        <ele>437.79998779296875</ele>
        <time>2026-10-08T00:09:26.000Z</time>
        <extensions>
          <ns3:TrackPointExtension>
            <ns3:hr>143</ns3:hr>
            <ns3:cad>89</ns3:cad>
          </ns3:TrackPointExtension>
        </extensions>
      </trkpt>
      <trkpt lat="34.1803592629730701446533203125" lon="108.92704118974506855010986328125">
        <ele>438</ele>
        <time>2026-10-08T00:09:27.000Z</time>
        <extensions>
          <ns3:TrackPointExtension>
            <ns3:hr>143</ns3:hr>
            <ns3:cad>89</ns3:cad>
          </ns3:TrackPointExtension>
        </extensions>
      </trkpt>
      <trkpt lat="34.1803334467113018035888671875" lon="108.92703800462186336517333984375">
        <ele>438.20001220703125</ele>
        <time>2026-10-08T00:09:28.000Z</time>
        <extensions>
          <ns3:TrackPointExtension>
            <ns3:hr>143</ns3:hr>
            <ns3:cad>89</ns3:cad>
          </ns3:TrackPointExtension>
        </extensions>
      </trkpt>
      <trkpt lat="34.180315174162387847900390625" lon="108.927039094269275665283203125">
        <ele>438.20001220703125</ele>
        <time>2026-10-08T00:09:29.000Z</time>
        <extensions>
          <ns3:TrackPointExtension>
            <ns3:hr>143</ns3:hr>
            <ns3:cad>88</ns3:cad>
          </ns3:TrackPointExtension>
        </extensions>
      </trkpt>
      <trkpt lat="34.18028776533901691436767578125" lon="108.92703347839415073394775390625">
        <ele>438.399993896484375</ele>
        <time>2026-10-08T00:09:30.000Z</time>
        <extensions>
          <ns3:TrackPointExtension>
            <ns3:hr>143</ns3:hr>
            <ns3:cad>87</ns3:cad>
          </ns3:TrackPointExtension>
        </extensions>
      </trkpt>
      <trkpt lat="34.18026848696172237396240234375" lon="108.9270395971834659576416015625">
        <ele>438.600006103515625</ele>
        <time>2026-10-08T00:09:31.000Z</time>
        <extensions>
          <ns3:TrackPointExtension>
            <ns3:hr>143</ns3:hr>
            <ns3:cad>87</ns3:cad>
          </ns3:TrackPointExtension>
        </extensions>
      </trkpt>
      <trkpt lat="34.18024132959544658660888671875" lon="108.92703331075608730316162109375">
        <ele>438.79998779296875</ele>
        <time>2026-10-08T00:09:32.000Z</time>
        <extensions>
          <ns3:TrackPointExtension>
            <ns3:hr>143</ns3:hr>
            <ns3:cad>88</ns3:cad>
          </ns3:TrackPointExtension>
        </extensions>
      </trkpt>
      <trkpt lat="34.180221296846866607666015625" lon="108.9270280301570892333984375">
        <ele>438.79998779296875</ele>
        <time>2026-10-08T00:09:33.000Z</time>
        <extensions>
          <ns3:TrackPointExtension>
            <ns3:hr>143</ns3:hr>
            <ns3:cad>89</ns3:cad>
          </ns3:TrackPointExtension>
        </extensions>
      </trkpt>
      <trkpt lat="34.1801909543573856353759765625" lon="108.92702392302453517913818359375">
        <ele>439</ele>
        <time>2026-10-08T00:09:34.000Z</time>
        <extensions>
          <ns3:TrackPointExtension>
            <ns3:hr>144</ns3:hr>
            <ns3:cad>89</ns3:cad>
          </ns3:TrackPointExtension>
        </extensions>
      </trkpt>
      <trkpt lat="34.1801738552749156951904296875" lon="108.92702207900583744049072265625">
        <ele>439.399993896484375</ele>
        <time>2026-10-08T00:09:35.000Z</time>
        <extensions>
          <ns3:TrackPointExtension>
            <ns3:hr>145</ns3:hr>
            <ns3:cad>88</ns3:cad>
          </ns3:TrackPointExtension>
        </extensions>
      </trkpt>
      <trkpt lat="34.18014653027057647705078125" lon="108.9270184747874736785888671875">
        <ele>439.600006103515625</ele>
        <time>2026-10-08T00:09:36.000Z</time>
        <extensions>
          <ns3:TrackPointExtension>
            <ns3:hr>145</ns3:hr>
            <ns3:cad>88</ns3:cad>
          </ns3:TrackPointExtension>
        </extensions>
      </trkpt>
      <trkpt lat="34.180126078426837921142578125" lon="108.92702459357678890228271484375">
        <ele>439.79998779296875</ele>
        <time>2026-10-08T00:09:37.000Z</time>
        <extensions>
          <ns3:TrackPointExtension>
            <ns3:hr>146</ns3:hr>
            <ns3:cad>88</ns3:cad>
          </ns3:TrackPointExtension>
        </extensions>
      </trkpt>
      <trkpt lat="34.18010369874536991119384765625" lon="108.92702409066259860992431640625">
        <ele>440</ele>
        <time>2026-10-08T00:09:38.000Z</time>
        <extensions>
          <ns3:TrackPointExtension>
            <ns3:hr>146</ns3:hr>
            <ns3:cad>88</ns3:cad>
          </ns3:TrackPointExtension>
        </extensions>
      </trkpt>
      <trkpt lat="34.18008081614971160888671875" lon="108.92703431658446788787841796875">
        <ele>440</ele>
        <time>2026-10-08T00:09:39.000Z</time>
        <extensions>
          <ns3:TrackPointExtension>
            <ns3:hr>146</ns3:hr>
            <ns3:cad>88</ns3:cad>
          </ns3:TrackPointExtension>
        </extensions>
      </trkpt>
      <trkpt lat="34.1800585202872753143310546875" lon="108.9270355738699436187744140625">
        <ele>440.20001220703125</ele>
        <time>2026-10-08T00:09:40.000Z</time>
        <extensions>
          <ns3:TrackPointExtension>
            <ns3:hr>147</ns3:hr>
            <ns3:cad>88</ns3:cad>
          </ns3:TrackPointExtension>
        </extensions>
      </trkpt>
      <trkpt lat="34.180038236081600189208984375" lon="108.92703616060316562652587890625">
        <ele>440.399993896484375</ele>
        <time>2026-10-08T00:09:41.000Z</time>
        <extensions>
          <ns3:TrackPointExtension>
            <ns3:hr>148</ns3:hr>
            <ns3:cad>88</ns3:cad>
          </ns3:TrackPointExtension>
        </extensions>
      </trkpt>
      <trkpt lat="34.18001334182918071746826171875" lon="108.9270456321537494659423828125">
        <ele>440.399993896484375</ele>
        <time>2026-10-08T00:09:42.000Z</time>
        <extensions>
          <ns3:TrackPointExtension>
            <ns3:hr>148</ns3:hr>
            <ns3:cad>88</ns3:cad>
          </ns3:TrackPointExtension>
        </extensions>
      </trkpt>
      <trkpt lat="34.179989285767078399658203125" lon="108.92704755999147891998291015625">
        <ele>440.600006103515625</ele>
        <time>2026-10-08T00:09:43.000Z</time>
        <extensions>
          <ns3:TrackPointExtension>
            <ns3:hr>149</ns3:hr>
            <ns3:cad>88</ns3:cad>
          </ns3:TrackPointExtension>
        </extensions>
      </trkpt>
      <trkpt lat="34.17996422387659549713134765625" lon="108.92704739235341548919677734375">
        <ele>440.79998779296875</ele>
        <time>2026-10-08T00:09:44.000Z</time>
        <extensions>
          <ns3:TrackPointExtension>
            <ns3:hr>149</ns3:hr>
            <ns3:cad>88</ns3:cad>
          </ns3:TrackPointExtension>
        </extensions>
      </trkpt>
      <trkpt lat="34.179940335452556610107421875" lon="108.92703649587929248809814453125">
        <ele>440.79998779296875</ele>
        <time>2026-10-08T00:09:45.000Z</time>
        <extensions>
          <ns3:TrackPointExtension>
            <ns3:hr>150</ns3:hr>
            <ns3:cad>88</ns3:cad>
          </ns3:TrackPointExtension>
        </extensions>
      </trkpt>
      <trkpt lat="34.17991879396140575408935546875" lon="108.92703716643154621124267578125">
        <ele>441.20001220703125</ele>
        <time>2026-10-08T00:09:46.000Z</time>
        <extensions>
          <ns3:TrackPointExtension>
            <ns3:hr>150</ns3:hr>
            <ns3:cad>89</ns3:cad>
          </ns3:TrackPointExtension>
        </extensions>
      </trkpt>
      <trkpt lat="34.1798922233283519744873046875" lon="108.92703649587929248809814453125">
        <ele>441.399993896484375</ele>
        <time>2026-10-08T00:09:47.000Z</time>
        <extensions>
          <ns3:TrackPointExtension>
            <ns3:hr>150</ns3:hr>
            <ns3:cad>89</ns3:cad>
          </ns3:TrackPointExtension>
        </extensions>
      </trkpt>
      <trkpt lat="34.17987436987459659576416015625" lon="108.92703549005091190338134765625">
        <ele>441.600006103515625</ele>
        <time>2026-10-08T00:09:48.000Z</time>
        <extensions>
          <ns3:TrackPointExtension>
            <ns3:hr>150</ns3:hr>
            <ns3:cad>88</ns3:cad>
          </ns3:TrackPointExtension>
        </extensions>
      </trkpt>
      <trkpt lat="34.17984838597476482391357421875" lon="108.927030377089977264404296875">
        <ele>441.600006103515625</ele>
        <time>2026-10-08T00:09:49.000Z</time>
        <extensions>
          <ns3:TrackPointExtension>
            <ns3:hr>150</ns3:hr>
            <ns3:cad>88</ns3:cad>
          </ns3:TrackPointExtension>
        </extensions>
      </trkpt>
      <trkpt lat="34.1798307001590728759765625" lon="108.927036412060260772705078125">
        <ele>441.79998779296875</ele>
        <time>2026-10-08T00:09:50.000Z</time>
        <extensions>
          <ns3:TrackPointExtension>
            <ns3:hr>151</ns3:hr>
            <ns3:cad>89</ns3:cad>
          </ns3:TrackPointExtension>
        </extensions>
      </trkpt>
      <trkpt lat="34.17980480007827281951904296875" lon="108.92703599296510219573974609375">
        <ele>442</ele>
        <time>2026-10-08T00:09:51.000Z</time>
        <extensions>
          <ns3:TrackPointExtension>
            <ns3:hr>151</ns3:hr>
            <ns3:cad>89</ns3:cad>
          </ns3:TrackPointExtension>
        </extensions>
      </trkpt>
      <trkpt lat="34.17978635989129543304443359375" lon="108.92704018391668796539306640625">
        <ele>442.20001220703125</ele>
        <time>2026-10-08T00:09:52.000Z</time>
        <extensions>
          <ns3:TrackPointExtension>
            <ns3:hr>152</ns3:hr>
            <ns3:cad>88</ns3:cad>
          </ns3:TrackPointExtension>
        </extensions>
      </trkpt>
      <trkpt lat="34.17975953780114650726318359375" lon="108.927042782306671142578125">
        <ele>442.399993896484375</ele>
        <time>2026-10-08T00:09:53.000Z</time>
        <extensions>
          <ns3:TrackPointExtension>
            <ns3:hr>152</ns3:hr>
            <ns3:cad>88</ns3:cad>
          </ns3:TrackPointExtension>
        </extensions>
      </trkpt>
      <trkpt lat="34.179740846157073974609375" lon="108.9270436204969882965087890625">
        <ele>442.600006103515625</ele>
        <time>2026-10-08T00:09:54.000Z</time>
        <extensions>
          <ns3:TrackPointExtension>
            <ns3:hr>153</ns3:hr>
            <ns3:cad>88</ns3:cad>
          </ns3:TrackPointExtension>
        </extensions>
      </trkpt>
      <trkpt lat="34.179719388484954833984375" lon="108.927044458687305450439453125">
        <ele>443</ele>
        <time>2026-10-08T00:09:55.000Z</time>
        <extensions>
          <ns3:TrackPointExtension>
            <ns3:hr>153</ns3:hr>
            <ns3:cad>87</ns3:cad>
          </ns3:TrackPointExtension>
        </extensions>
      </trkpt>
      <trkpt lat="34.179699607193470001220703125" lon="108.927042447030544281005859375">
        <ele>443.20001220703125</ele>
        <time>2026-10-08T00:09:56.000Z</time>
        <extensions>
          <ns3:TrackPointExtension>
            <ns3:hr>154</ns3:hr>
            <ns3:cad>86</ns3:cad>
          </ns3:TrackPointExtension>
        </extensions>
      </trkpt>
      <trkpt lat="34.17967580258846282958984375" lon="108.92704370431602001190185546875">
        <ele>443.399993896484375</ele>
        <time>2026-10-08T00:09:57.000Z</time>
        <extensions>
          <ns3:TrackPointExtension>
            <ns3:hr>154</ns3:hr>
            <ns3:cad>86</ns3:cad>
          </ns3:TrackPointExtension>
        </extensions>
      </trkpt>
      <trkpt lat="34.179655350744724273681640625" lon="108.92704353667795658111572265625">
        <ele>443.600006103515625</ele>
        <time>2026-10-08T00:09:58.000Z</time>
        <extensions>
          <ns3:TrackPointExtension>
            <ns3:hr>154</ns3:hr>
            <ns3:cad>87</ns3:cad>
          </ns3:TrackPointExtension>
        </extensions>
      </trkpt>
      <trkpt lat="34.17962894774973392486572265625" lon="108.927047811448574066162109375">
        <ele>443.79998779296875</ele>
        <time>2026-10-08T00:09:59.000Z</time>
        <extensions>
          <ns3:TrackPointExtension>
            <ns3:hr>155</ns3:hr>
            <ns3:cad>88</ns3:cad>
          </ns3:TrackPointExtension>
        </extensions>
      </trkpt>
      <trkpt lat="34.17960472404956817626953125" lon="108.92704018391668796539306640625">
        <ele>443.79998779296875</ele>
        <time>2026-10-08T00:10:00.000Z</time>
        <extensions>
          <ns3:TrackPointExtension>
            <ns3:hr>155</ns3:hr>
            <ns3:cad>88</ns3:cad>
          </ns3:TrackPointExtension>
        </extensions>
      </trkpt>
      <trkpt lat="34.17958787642419338226318359375" lon="108.92704336903989315032958984375">
        <ele>444</ele>
        <time>2026-10-08T00:10:01.000Z</time>
        <extensions>
          <ns3:TrackPointExtension>
            <ns3:hr>155</ns3:hr>
            <ns3:cad>88</ns3:cad>
          </ns3:TrackPointExtension>
        </extensions>
      </trkpt>
      <trkpt lat="34.17956407181918621063232421875" lon="108.92705711536109447479248046875">
        <ele>444.20001220703125</ele>
        <time>2026-10-08T00:10:02.000Z</time>
        <extensions>
          <ns3:TrackPointExtension>
            <ns3:hr>155</ns3:hr>
            <ns3:cad>88</ns3:cad>
          </ns3:TrackPointExtension>
        </extensions>
      </trkpt>
      <trkpt lat="34.1795465536415576934814453125" lon="108.9270707778632640838623046875">
        <ele>444.20001220703125</ele>
        <time>2026-10-08T00:10:03.000Z</time>
        <extensions>
          <ns3:TrackPointExtension>
            <ns3:hr>155</ns3:hr>
            <ns3:cad>88</ns3:cad>
          </ns3:TrackPointExtension>
        </extensions>
      </trkpt>
      <trkpt lat="34.17952015064656734466552734375" lon="108.92708234488964080810546875">
        <ele>444.399993896484375</ele>
        <time>2026-10-08T00:10:04.000Z</time>
        <extensions>
          <ns3:TrackPointExtension>
            <ns3:hr>154</ns3:hr>
            <ns3:cad>88</ns3:cad>
          </ns3:TrackPointExtension>
        </extensions>
      </trkpt>
      <trkpt lat="34.17950757779181003570556640625" lon="108.927093409001827239990234375">
        <ele>444.600006103515625</ele>
        <time>2026-10-08T00:10:05.000Z</time>
        <extensions>
          <ns3:TrackPointExtension>
            <ns3:hr>154</ns3:hr>
            <ns3:cad>87</ns3:cad>
          </ns3:TrackPointExtension>
        </extensions>
      </trkpt>
      <trkpt lat="34.17948394082486629486083984375" lon="108.9271110109984874725341796875">
        <ele>444.79998779296875</ele>
        <time>2026-10-08T00:10:06.000Z</time>
        <extensions>
          <ns3:TrackPointExtension>
            <ns3:hr>154</ns3:hr>
            <ns3:cad>87</ns3:cad>
          </ns3:TrackPointExtension>
        </extensions>
      </trkpt>
      <trkpt lat="34.17947203852236270904541015625" lon="108.9271250925958156585693359375">
        <ele>444.79998779296875</ele>
        <time>2026-10-08T00:10:07.000Z</time>
        <extensions>
          <ns3:TrackPointExtension>
            <ns3:hr>154</ns3:hr>
            <ns3:cad>87</ns3:cad>
          </ns3:TrackPointExtension>
        </extensions>
      </trkpt>
      <trkpt lat="34.1794520057737827301025390625" lon="108.927145041525363922119140625">
        <ele>445</ele>
        <time>2026-10-08T00:10:08.000Z</time>
        <extensions>
          <ns3:TrackPointExtension>
            <ns3:hr>154</ns3:hr>
            <ns3:cad>87</ns3:cad>
          </ns3:TrackPointExtension>
        </extensions>
      </trkpt>
      <trkpt lat="34.1794359125196933746337890625" lon="108.92715786583721637725830078125">
        <ele>445.20001220703125</ele>
        <time>2026-10-08T00:10:09.000Z</time>
        <extensions>
          <ns3:TrackPointExtension>
            <ns3:hr>154</ns3:hr>
            <ns3:cad>87</ns3:cad>
          </ns3:TrackPointExtension>
        </extensions>
      </trkpt>
      <trkpt lat="34.17942057363688945770263671875" lon="108.9271733723580837249755859375">
        <ele>445.20001220703125</ele>
        <time>2026-10-08T00:10:10.000Z</time>
        <extensions>
          <ns3:TrackPointExtension>
            <ns3:hr>154</ns3:hr>
            <ns3:cad>87</ns3:cad>
          </ns3:TrackPointExtension>
        </extensions>
      </trkpt>
      <trkpt lat="34.17940213344991207122802734375" lon="108.9271804131567478179931640625">
        <ele>445.20001220703125</ele>
        <time>2026-10-08T00:10:11.000Z</time>
        <extensions>
          <ns3:TrackPointExtension>
            <ns3:hr>154</ns3:hr>
            <ns3:cad>87</ns3:cad>
          </ns3:TrackPointExtension>
        </extensions>
      </trkpt>
      <trkpt lat="34.1793859563767910003662109375" lon="108.92719055525958538055419921875">
        <ele>445.399993896484375</ele>
        <time>2026-10-08T00:10:12.000Z</time>
        <extensions>
          <ns3:TrackPointExtension>
            <ns3:hr>154</ns3:hr>
            <ns3:cad>87</ns3:cad>
          </ns3:TrackPointExtension>
        </extensions>
      </trkpt>
      <trkpt lat="34.17936257086694240570068359375" lon="108.9272052235901355743408203125">
        <ele>445.600006103515625</ele>
        <time>2026-10-08T00:10:13.000Z</time>
        <extensions>
          <ns3:TrackPointExtension>
            <ns3:hr>154</ns3:hr>
            <ns3:cad>87</ns3:cad>
          </ns3:TrackPointExtension>
        </extensions>
      </trkpt>
      <trkpt lat="34.17934966273605823516845703125" lon="108.92722676508128643035888671875">
        <ele>445.79998779296875</ele>
        <time>2026-10-08T00:10:14.000Z</time>
        <extensions>
          <ns3:TrackPointExtension>
            <ns3:hr>154</ns3:hr>
            <ns3:cad>87</ns3:cad>
          </ns3:TrackPointExtension>
        </extensions>
      </trkpt>
      <trkpt lat="34.17933943681418895721435546875" lon="108.927245624363422393798828125">
        <ele>445.79998779296875</ele>
        <time>2026-10-08T00:10:15.000Z</time>
        <extensions>
          <ns3:TrackPointExtension>
            <ns3:hr>154</ns3:hr>
            <ns3:cad>87</ns3:cad>
          </ns3:TrackPointExtension>
        </extensions>
      </trkpt>
      <trkpt lat="34.1793279536068439483642578125" lon="108.92725945450365543365478515625">
        <ele>446</ele>
        <time>2026-10-08T00:10:16.000Z</time>
        <extensions>
          <ns3:TrackPointExtension>
            <ns3:hr>154</ns3:hr>
            <ns3:cad>87</ns3:cad>
          </ns3:TrackPointExtension>
        </extensions>
      </trkpt>
      <trkpt lat="34.1793085075914859771728515625" lon="108.92727144062519073486328125">
        <ele>446.20001220703125</ele>
        <time>2026-10-08T00:10:17.000Z</time>
        <extensions>
          <ns3:TrackPointExtension>
            <ns3:hr>154</ns3:hr>
            <ns3:cad>87</ns3:cad>
          </ns3:TrackPointExtension>
        </extensions>
      </trkpt>
      <trkpt lat="34.179291911423206329345703125" lon="108.9272689260542392730712890625">
        <ele>446.399993896484375</ele>
        <time>2026-10-08T00:10:18.000Z</time>
        <extensions>
          <ns3:TrackPointExtension>
            <ns3:hr>154</ns3:hr>
            <ns3:cad>86</ns3:cad>
          </ns3:TrackPointExtension>
        </extensions>
      </trkpt>
      <trkpt lat="34.17928285896778106689453125" lon="108.92727739177644252777099609375">
        <ele>446.399993896484375</ele>
        <time>2026-10-08T00:10:19.000Z</time>
        <extensions>
          <ns3:TrackPointExtension>
            <ns3:hr>154</ns3:hr>
            <ns3:cad>85</ns3:cad>
          </ns3:TrackPointExtension>
        </extensions>
      </trkpt>
      <trkpt lat="34.17926399968564510345458984375" lon="108.927300274372100830078125">
        <ele>446.600006103515625</ele>
        <time>2026-10-08T00:10:20.000Z</time>
        <extensions>
          <ns3:TrackPointExtension>
            <ns3:hr>154</ns3:hr>
            <ns3:cad>85</ns3:cad>
          </ns3:TrackPointExtension>
        </extensions>
      </trkpt>
      <trkpt lat="34.17925612069666385650634765625" lon="108.92731578089296817779541015625">
        <ele>446.79998779296875</ele>
        <time>2026-10-08T00:10:21.000Z</time>
        <extensions>
          <ns3:TrackPointExtension>
            <ns3:hr>154</ns3:hr>
            <ns3:cad>85</ns3:cad>
          </ns3:TrackPointExtension>
        </extensions>
      </trkpt>
      <trkpt lat="34.1792360879480838775634765625" lon="108.92734075896441936492919921875">
        <ele>446.79998779296875</ele>
        <time>2026-10-08T00:10:22.000Z</time>
        <extensions>
          <ns3:TrackPointExtension>
            <ns3:hr>154</ns3:hr>
            <ns3:cad>85</ns3:cad>
          </ns3:TrackPointExtension>
        </extensions>
      </trkpt>
      <trkpt lat="34.179222173988819122314453125" lon="108.9273567683994770050048828125">
        <ele>447</ele>
        <time>2026-10-08T00:10:23.000Z</time>
        <extensions>
          <ns3:TrackPointExtension>
            <ns3:hr>154</ns3:hr>
            <ns3:cad>85</ns3:cad>
          </ns3:TrackPointExtension>
        </extensions>
      </trkpt>
      <trkpt lat="34.1792035661637783050537109375" lon="108.92737646587193012237548828125">
        <ele>447.20001220703125</ele>
        <time>2026-10-08T00:10:24.000Z</time>
        <extensions>
          <ns3:TrackPointExtension>
            <ns3:hr>154</ns3:hr>
            <ns3:cad>86</ns3:cad>
          </ns3:TrackPointExtension>
        </extensions>
      </trkpt>
      <trkpt lat="34.17918822728097438812255859375" lon="108.92739322967827320098876953125">
        <ele>447.20001220703125</ele>
        <time>2026-10-08T00:10:25.000Z</time>
        <extensions>
          <ns3:TrackPointExtension>
            <ns3:hr>154</ns3:hr>
            <ns3:cad>86</ns3:cad>
          </ns3:TrackPointExtension>
        </extensions>
      </trkpt>
      <trkpt lat="34.1791784204542636871337890625" lon="108.927415944635868072509765625">
        <ele>447.399993896484375</ele>
        <time>2026-10-08T00:10:26.000Z</time>
        <extensions>
          <ns3:TrackPointExtension>
            <ns3:hr>154</ns3:hr>
            <ns3:cad>86</ns3:cad>
          </ns3:TrackPointExtension>
        </extensions>
      </trkpt>
      <trkpt lat="34.1791653446853160858154296875" lon="108.9274384081363677978515625">
        <ele>447.600006103515625</ele>
        <time>2026-10-08T00:10:27.000Z</time>
        <extensions>
          <ns3:TrackPointExtension>
            <ns3:hr>154</ns3:hr>
            <ns3:cad>87</ns3:cad>
          </ns3:TrackPointExtension>
        </extensions>
      </trkpt>
      <trkpt lat="34.1791569627821445465087890625" lon="108.92746229656040668487548828125">
        <ele>447.79998779296875</ele>
        <time>2026-10-08T00:10:28.000Z</time>
        <extensions>
          <ns3:TrackPointExtension>
            <ns3:hr>154</ns3:hr>
            <ns3:cad>87</ns3:cad>
          </ns3:TrackPointExtension>
        </extensions>
      </trkpt>
      <trkpt lat="34.17914246208965778350830078125" lon="108.92748467624187469482421875">
        <ele>448</ele>
        <time>2026-10-08T00:10:29.000Z</time>
        <extensions>
          <ns3:TrackPointExtension>
            <ns3:hr>153</ns3:hr>
            <ns3:cad>87</ns3:cad>
          </ns3:TrackPointExtension>
        </extensions>
      </trkpt>
      <trkpt lat="34.17913357727229595184326171875" lon="108.9275059662759304046630859375">
        <ele>448.20001220703125</ele>
        <time>2026-10-08T00:10:30.000Z</time>
        <extensions>
          <ns3:TrackPointExtension>
            <ns3:hr>154</ns3:hr>
            <ns3:cad>87</ns3:cad>
          </ns3:TrackPointExtension>
        </extensions>
      </trkpt>
      <trkpt lat="34.17911664582788944244384765625" lon="108.92752348445355892181396484375">
        <ele>448.399993896484375</ele>
        <time>2026-10-08T00:10:31.000Z</time>
        <extensions>
          <ns3:TrackPointExtension>
            <ns3:hr>154</ns3:hr>
            <ns3:cad>87</ns3:cad>
          </ns3:TrackPointExtension>
        </extensions>
      </trkpt>
      <trkpt lat="34.1791073419153690338134765625" lon="108.92754259519279003143310546875">
        <ele>448.399993896484375</ele>
        <time>2026-10-08T00:10:32.000Z</time>
        <extensions>
          <ns3:TrackPointExtension>
            <ns3:hr>153</ns3:hr>
            <ns3:cad>87</ns3:cad>
          </ns3:TrackPointExtension>
        </extensions>
      </trkpt>
      <trkpt lat="34.17909108102321624755859375" lon="108.9275671541690826416015625">
        <ele>448.79998779296875</ele>
        <time>2026-10-08T00:10:33.000Z</time>
        <extensions>
          <ns3:TrackPointExtension>
            <ns3:hr>153</ns3:hr>
            <ns3:cad>88</ns3:cad>
          </ns3:TrackPointExtension>
        </extensions>
      </trkpt>
      <trkpt lat="34.1790815256536006927490234375" lon="108.92758936621248722076416015625">
        <ele>449</ele>
        <time>2026-10-08T00:10:34.000Z</time>
        <extensions>
          <ns3:TrackPointExtension>
            <ns3:hr>154</ns3:hr>
            <ns3:cad>90</ns3:cad>
          </ns3:TrackPointExtension>
        </extensions>
      </trkpt>
      <trkpt lat="34.17906585149466991424560546875" lon="108.9276142604649066925048828125">
        <ele>449</ele>
        <time>2026-10-08T00:10:35.000Z</time>
        <extensions>
          <ns3:TrackPointExtension>
            <ns3:hr>154</ns3:hr>
            <ns3:cad>90</ns3:cad>
          </ns3:TrackPointExtension>
        </extensions>
      </trkpt>
      <trkpt lat="34.17906166054308414459228515625" lon="108.92763596959412097930908203125">
        <ele>449.399993896484375</ele>
        <time>2026-10-08T00:10:36.000Z</time>
        <extensions>
          <ns3:TrackPointExtension>
            <ns3:hr>154</ns3:hr>
            <ns3:cad>90</ns3:cad>
          </ns3:TrackPointExtension>
        </extensions>
      </trkpt>
      <trkpt lat="34.17904741130769252777099609375" lon="108.9276662282645702362060546875">
        <ele>449.600006103515625</ele>
        <time>2026-10-08T00:10:37.000Z</time>
        <extensions>
          <ns3:TrackPointExtension>
            <ns3:hr>155</ns3:hr>
            <ns3:cad>89</ns3:cad>
          </ns3:TrackPointExtension>
        </extensions>
      </trkpt>
      <trkpt lat="34.1790453158318996429443359375" lon="108.9276880212128162384033203125">
        <ele>449.79998779296875</ele>
        <time>2026-10-08T00:10:38.000Z</time>
        <extensions>
          <ns3:TrackPointExtension>
            <ns3:hr>155</ns3:hr>
            <ns3:cad>88</ns3:cad>
          </ns3:TrackPointExtension>
        </extensions>
      </trkpt>
      <trkpt lat="34.179029725492000579833984375" lon="108.92771358601748943328857421875">
        <ele>450</ele>
        <time>2026-10-08T00:10:39.000Z</time>
        <extensions>
          <ns3:TrackPointExtension>
            <ns3:hr>156</ns3:hr>
            <ns3:cad>88</ns3:cad>
          </ns3:TrackPointExtension>
        </extensions>
      </trkpt>
      <trkpt lat="34.17902193032205104827880859375" lon="108.92772984690964221954345703125">
        <ele>450.20001220703125</ele>
        <time>2026-10-08T00:10:40.000Z</time>
        <extensions>
          <ns3:TrackPointExtension>
            <ns3:hr>156</ns3:hr>
            <ns3:cad>87</ns3:cad>
          </ns3:TrackPointExtension>
        </extensions>
      </trkpt>
      <trkpt lat="34.1790064238011837005615234375" lon="108.9277577586472034454345703125">
        <ele>450.20001220703125</ele>
        <time>2026-10-08T00:10:41.000Z</time>
        <extensions>
          <ns3:TrackPointExtension>
            <ns3:hr>156</ns3:hr>
            <ns3:cad>87</ns3:cad>
          </ns3:TrackPointExtension>
        </extensions>
      </trkpt>
      <trkpt lat="34.17899762280285358428955078125" lon="108.92777862958610057830810546875">
        <ele>450.399993896484375</ele>
        <time>2026-10-08T00:10:42.000Z</time>
        <extensions>
          <ns3:TrackPointExtension>
            <ns3:hr>156</ns3:hr>
            <ns3:cad>88</ns3:cad>
          </ns3:TrackPointExtension>
        </extensions>
      </trkpt>
      <trkpt lat="34.17898203246295452117919921875" lon="108.9278046973049640655517578125">
        <ele>450.600006103515625</ele>
        <time>2026-10-08T00:10:43.000Z</time>
        <extensions>
          <ns3:TrackPointExtension>
            <ns3:hr>155</ns3:hr>
            <ns3:cad>89</ns3:cad>
          </ns3:TrackPointExtension>
        </extensions>
      </trkpt>
      <trkpt lat="34.178969375789165496826171875" lon="108.92782137729227542877197265625">
        <ele>450.79998779296875</ele>
        <time>2026-10-08T00:10:44.000Z</time>
        <extensions>
          <ns3:TrackPointExtension>
            <ns3:hr>155</ns3:hr>
            <ns3:cad>89</ns3:cad>
          </ns3:TrackPointExtension>
        </extensions>
      </trkpt>
      <trkpt lat="34.17895604856312274932861328125" lon="108.92784275114536285400390625">
        <ele>450.79998779296875</ele>
        <time>2026-10-08T00:10:45.000Z</time>
        <extensions>
          <ns3:TrackPointExtension>
            <ns3:hr>156</ns3:hr>
            <ns3:cad>88</ns3:cad>
          </ns3:TrackPointExtension>
        </extensions>
      </trkpt>
      <trkpt lat="34.1789450682699680328369140625" lon="108.9278621971607208251953125">
        <ele>451</ele>
        <time>2026-10-08T00:10:46.000Z</time>
        <extensions>
          <ns3:TrackPointExtension>
            <ns3:hr>156</ns3:hr>
            <ns3:cad>88</ns3:cad>
          </ns3:TrackPointExtension>
        </extensions>
      </trkpt>
      <trkpt lat="34.178936518728733062744140625" lon="108.92788692377507686614990234375">
        <ele>451.20001220703125</ele>
        <time>2026-10-08T00:10:47.000Z</time>
        <extensions>
          <ns3:TrackPointExtension>
            <ns3:hr>156</ns3:hr>
            <ns3:cad>87</ns3:cad>
          </ns3:TrackPointExtension>
        </extensions>
      </trkpt>
      <trkpt lat="34.17892285622656345367431640625" lon="108.92790687270462512969970703125">
        <ele>451.20001220703125</ele>
        <time>2026-10-08T00:10:48.000Z</time>
        <extensions>
          <ns3:TrackPointExtension>
            <ns3:hr>156</ns3:hr>
            <ns3:cad>87</ns3:cad>
          </ns3:TrackPointExtension>
        </extensions>
      </trkpt>
      <trkpt lat="34.1789125464856624603271484375" lon="108.9279270730912685394287109375">
        <ele>451.20001220703125</ele>
        <time>2026-10-08T00:10:49.000Z</time>
        <extensions>
          <ns3:TrackPointExtension>
            <ns3:hr>157</ns3:hr>
            <ns3:cad>87</ns3:cad>
          </ns3:TrackPointExtension>
        </extensions>
      </trkpt>
      <trkpt lat="34.17889385484158992767333984375" lon="108.9279485307633876800537109375">
        <ele>451.399993896484375</ele>
        <time>2026-10-08T00:10:50.000Z</time>
        <extensions>
          <ns3:TrackPointExtension>
            <ns3:hr>157</ns3:hr>
            <ns3:cad>88</ns3:cad>
          </ns3:TrackPointExtension>
        </extensions>
      </trkpt>
      <trkpt lat="34.1788830421864986419677734375" lon="108.9279689826071262359619140625">
        <ele>451.399993896484375</ele>
        <time>2026-10-08T00:10:51.000Z</time>
        <extensions>
          <ns3:TrackPointExtension>
            <ns3:hr>157</ns3:hr>
            <ns3:cad>88</ns3:cad>
          </ns3:TrackPointExtension>
        </extensions>
      </trkpt>
      <trkpt lat="34.1788637638092041015625" lon="108.927993290126323699951171875">
        <ele>451.600006103515625</ele>
        <time>2026-10-08T00:10:52.000Z</time>
        <extensions>
          <ns3:TrackPointExtension>
            <ns3:hr>157</ns3:hr>
            <ns3:cad>88</ns3:cad>
          </ns3:TrackPointExtension>
        </extensions>
      </trkpt>
      <trkpt lat="34.178856052458286285400390625" lon="108.92801173031330108642578125">
        <ele>451.600006103515625</ele>
        <time>2026-10-08T00:10:53.000Z</time>
        <extensions>
          <ns3:TrackPointExtension>
            <ns3:hr>157</ns3:hr>
            <ns3:cad>88</ns3:cad>
          </ns3:TrackPointExtension>
        </extensions>
      </trkpt>
      <trkpt lat="34.178841300308704376220703125" lon="108.9280367083847522735595703125">
        <ele>451.79998779296875</ele>
        <time>2026-10-08T00:10:54.000Z</time>
        <extensions>
          <ns3:TrackPointExtension>
            <ns3:hr>157</ns3:hr>
            <ns3:cad>88</ns3:cad>
          </ns3:TrackPointExtension>
        </extensions>
      </trkpt>
      <trkpt lat="34.17883224785327911376953125" lon="108.928054980933666229248046875">
        <ele>451.79998779296875</ele>
        <time>2026-10-08T00:10:55.000Z</time>
        <extensions>
          <ns3:TrackPointExtension>
            <ns3:hr>157</ns3:hr>
            <ns3:cad>88</ns3:cad>
          </ns3:TrackPointExtension>
        </extensions>
      </trkpt>
      <trkpt lat="34.17881975881755352020263671875" lon="108.92807417549192905426025390625">
        <ele>452</ele>
        <time>2026-10-08T00:10:56.000Z</time>
        <extensions>
          <ns3:TrackPointExtension>
            <ns3:hr>158</ns3:hr>
            <ns3:cad>88</ns3:cad>
          </ns3:TrackPointExtension>
        </extensions>
      </trkpt>
      <trkpt lat="34.17881338857114315032958984375" lon="108.92809160985052585601806640625">
        <ele>452.20001220703125</ele>
        <time>2026-10-08T00:10:57.000Z</time>
        <extensions>
          <ns3:TrackPointExtension>
            <ns3:hr>158</ns3:hr>
            <ns3:cad>88</ns3:cad>
          </ns3:TrackPointExtension>
        </extensions>
      </trkpt>
      <trkpt lat="34.17879863642156124114990234375" lon="108.92811608500778675079345703125">
        <ele>452.20001220703125</ele>
        <time>2026-10-08T00:10:58.000Z</time>
        <extensions>
          <ns3:TrackPointExtension>
            <ns3:hr>158</ns3:hr>
            <ns3:cad>88</ns3:cad>
          </ns3:TrackPointExtension>
        </extensions>
      </trkpt>
      <trkpt lat="34.17879008688032627105712890625" lon="108.928136117756366729736328125">
        <ele>452.20001220703125</ele>
        <time>2026-10-08T00:10:59.000Z</time>
        <extensions>
          <ns3:TrackPointExtension>
            <ns3:hr>157</ns3:hr>
            <ns3:cad>88</ns3:cad>
          </ns3:TrackPointExtension>
        </extensions>
      </trkpt>
      <trkpt lat="34.1787747479975223541259765625" lon="108.9281651191413402557373046875">
        <ele>452.399993896484375</ele>
        <time>2026-10-08T00:11:00.000Z</time>
        <extensions>
          <ns3:TrackPointExtension>
            <ns3:hr>157</ns3:hr>
            <ns3:cad>89</ns3:cad>
          </ns3:TrackPointExtension>
        </extensions>
      </trkpt>
      <trkpt lat="34.17876527644693851470947265625" lon="108.9281840622425079345703125">
        <ele>452.399993896484375</ele>
        <time>2026-10-08T00:11:01.000Z</time>
        <extensions>
          <ns3:TrackPointExtension>
            <ns3:hr>158</ns3:hr>
            <ns3:cad>89</ns3:cad>
          </ns3:TrackPointExtension>
        </extensions>
      </trkpt>
      <trkpt lat="34.17874448932707309722900390625" lon="108.928212225437164306640625">
        <ele>452.399993896484375</ele>
        <time>2026-10-08T00:11:02.000Z</time>
        <extensions>
          <ns3:TrackPointExtension>
            <ns3:hr>158</ns3:hr>
            <ns3:cad>89</ns3:cad>
          </ns3:TrackPointExtension>
        </extensions>
      </trkpt>
      <trkpt lat="34.1787371970713138580322265625" lon="108.9282315038144588470458984375">
        <ele>452.600006103515625</ele>
        <time>2026-10-08T00:11:03.000Z</time>
        <extensions>
          <ns3:TrackPointExtension>
            <ns3:hr>158</ns3:hr>
            <ns3:cad>89</ns3:cad>
          </ns3:TrackPointExtension>
        </extensions>
      </trkpt>
      <trkpt lat="34.17871515266597270965576171875" lon="108.9282620139420032501220703125">
        <ele>452.600006103515625</ele>
        <time>2026-10-08T00:11:04.000Z</time>
        <extensions>
          <ns3:TrackPointExtension>
            <ns3:hr>158</ns3:hr>
            <ns3:cad>90</ns3:cad>
          </ns3:TrackPointExtension>
        </extensions>
      </trkpt>
      <trkpt lat="34.178703166544437408447265625" lon="108.9282824657857418060302734375">
        <ele>452.600006103515625</ele>
        <time>2026-10-08T00:11:05.000Z</time>
        <extensions>
          <ns3:TrackPointExtension>
            <ns3:hr>158</ns3:hr>
            <ns3:cad>90</ns3:cad>
          </ns3:TrackPointExtension>
        </extensions>
      </trkpt>
      <trkpt lat="34.1786862351000308990478515625" lon="108.92831079661846160888671875">
        <ele>452.79998779296875</ele>
        <time>2026-10-08T00:11:06.000Z</time>
        <extensions>
          <ns3:TrackPointExtension>
            <ns3:hr>157</ns3:hr>
            <ns3:cad>88</ns3:cad>
          </ns3:TrackPointExtension>
        </extensions>
      </trkpt>
      <trkpt lat="34.17867802083492279052734375" lon="108.9283315837383270263671875">
        <ele>452.79998779296875</ele>
        <time>2026-10-08T00:11:07.000Z</time>
        <extensions>
          <ns3:TrackPointExtension>
            <ns3:hr>158</ns3:hr>
            <ns3:cad>88</ns3:cad>
          </ns3:TrackPointExtension>
        </extensions>
      </trkpt>
      <trkpt lat="34.17865798808634281158447265625" lon="108.92835698090493679046630859375">
        <ele>453</ele>
        <time>2026-10-08T00:11:08.000Z</time>
        <extensions>
          <ns3:TrackPointExtension>
            <ns3:hr>158</ns3:hr>
            <ns3:cad>89</ns3:cad>
          </ns3:TrackPointExtension>
        </extensions>
      </trkpt>
      <trkpt lat="34.17864792980253696441650390625" lon="108.9283773489296436309814453125">
        <ele>453</ele>
        <time>2026-10-08T00:11:09.000Z</time>
        <extensions>
          <ns3:TrackPointExtension>
            <ns3:hr>159</ns3:hr>
            <ns3:cad>89</ns3:cad>
          </ns3:TrackPointExtension>
        </extensions>
      </trkpt>
      <trkpt lat="34.1786319203674793243408203125" lon="108.92840391956269741058349609375">
        <ele>453.20001220703125</ele>
        <time>2026-10-08T00:11:10.000Z</time>
        <extensions>
          <ns3:TrackPointExtension>
            <ns3:hr>159</ns3:hr>
            <ns3:cad>89</ns3:cad>
          </ns3:TrackPointExtension>
        </extensions>
      </trkpt>
      <trkpt lat="34.1786201857030391693115234375" lon="108.928423784673213958740234375">
        <ele>453.20001220703125</ele>
        <time>2026-10-08T00:11:11.000Z</time>
        <extensions>
          <ns3:TrackPointExtension>
            <ns3:hr>160</ns3:hr>
            <ns3:cad>89</ns3:cad>
          </ns3:TrackPointExtension>
        </extensions>
      </trkpt>
      <trkpt lat="34.178603924810886383056640625" lon="108.92845027148723602294921875">
        <ele>453.20001220703125</ele>
        <time>2026-10-08T00:11:12.000Z</time>
        <extensions>
          <ns3:TrackPointExtension>
            <ns3:hr>160</ns3:hr>
            <ns3:cad>88</ns3:cad>
          </ns3:TrackPointExtension>
        </extensions>
      </trkpt>
      <trkpt lat="34.1785926930606365203857421875" lon="108.9284688793122768402099609375">
        <ele>453.399993896484375</ele>
        <time>2026-10-08T00:11:13.000Z</time>
        <extensions>
          <ns3:TrackPointExtension>
            <ns3:hr>160</ns3:hr>
            <ns3:cad>88</ns3:cad>
          </ns3:TrackPointExtension>
        </extensions>
      </trkpt>
      <trkpt lat="34.17857735417783260345458984375" lon="108.92849796451628208160400390625">
        <ele>453.399993896484375</ele>
        <time>2026-10-08T00:11:14.000Z</time>
        <extensions>
          <ns3:TrackPointExtension>
            <ns3:hr>161</ns3:hr>
            <ns3:cad>88</ns3:cad>
          </ns3:TrackPointExtension>
        </extensions>
      </trkpt>
      <trkpt lat="34.17856947518885135650634765625" lon="108.9285218529403209686279296875">
        <ele>453.399993896484375</ele>
        <time>2026-10-08T00:11:15.000Z</time>
        <extensions>
          <ns3:TrackPointExtension>
            <ns3:hr>161</ns3:hr>
            <ns3:cad>88</ns3:cad>
          </ns3:TrackPointExtension>
        </extensions>
      </trkpt>
      <trkpt lat="34.178560674190521240234375" lon="108.928549848496913909912109375">
        <ele>453.600006103515625</ele>
        <time>2026-10-08T00:11:16.000Z</time>
        <extensions>
          <ns3:TrackPointExtension>
            <ns3:hr>161</ns3:hr>
            <ns3:cad>88</ns3:cad>
          </ns3:TrackPointExtension>
        </extensions>
      </trkpt>
      <trkpt lat="34.178551621735095977783203125" lon="108.928573988378047943115234375">
        <ele>453.600006103515625</ele>
        <time>2026-10-08T00:11:17.000Z</time>
        <extensions>
          <ns3:TrackPointExtension>
            <ns3:hr>161</ns3:hr>
            <ns3:cad>89</ns3:cad>
          </ns3:TrackPointExtension>
        </extensions>
      </trkpt>
      <trkpt lat="34.1785464249551296234130859375" lon="108.928603492677211761474609375">
        <ele>453.600006103515625</ele>
        <time>2026-10-08T00:11:18.000Z</time>
        <extensions>
          <ns3:TrackPointExtension>
            <ns3:hr>161</ns3:hr>
            <ns3:cad>89</ns3:cad>
          </ns3:TrackPointExtension>
        </extensions>
      </trkpt>
      <trkpt lat="34.17853913269937038421630859375" lon="108.928630314767360687255859375">
        <ele>453.79998779296875</ele>
        <time>2026-10-08T00:11:19.000Z</time>
        <extensions>
          <ns3:TrackPointExtension>
            <ns3:hr>161</ns3:hr>
            <ns3:cad>89</ns3:cad>
          </ns3:TrackPointExtension>
        </extensions>
      </trkpt>
      <trkpt lat="34.17853510938584804534912109375" lon="108.92865722067654132843017578125">
        <ele>453.79998779296875</ele>
        <time>2026-10-08T00:11:20.000Z</time>
        <extensions>
          <ns3:TrackPointExtension>
            <ns3:hr>161</ns3:hr>
            <ns3:cad>89</ns3:cad>
          </ns3:TrackPointExtension>
        </extensions>
      </trkpt>
      <trkpt lat="34.178531505167484283447265625" lon="108.9286864735186100006103515625">
        <ele>453.79998779296875</ele>
        <time>2026-10-08T00:11:21.000Z</time>
        <extensions>
          <ns3:TrackPointExtension>
            <ns3:hr>161</ns3:hr>
            <ns3:cad>89</ns3:cad>
          </ns3:TrackPointExtension>
        </extensions>
      </trkpt>
      <trkpt lat="34.17853125371038913726806640625" lon="108.928714804351329803466796875">
        <ele>453.79998779296875</ele>
        <time>2026-10-08T00:11:22.000Z</time>
        <extensions>
          <ns3:TrackPointExtension>
            <ns3:hr>161</ns3:hr>
            <ns3:cad>89</ns3:cad>
          </ns3:TrackPointExtension>
        </extensions>
      </trkpt>
      <trkpt lat="34.17852580547332763671875" lon="108.9287459850311279296875">
        <ele>454</ele>
        <time>2026-10-08T00:11:23.000Z</time>
        <extensions>
          <ns3:TrackPointExtension>
            <ns3:hr>160</ns3:hr>
            <ns3:cad>89</ns3:cad>
          </ns3:TrackPointExtension>
        </extensions>
      </trkpt>
      <trkpt lat="34.17852588929235935211181640625" lon="108.92877272330224514007568359375">
        <ele>454</ele>
        <time>2026-10-08T00:11:24.000Z</time>
        <extensions>
          <ns3:TrackPointExtension>
            <ns3:hr>161</ns3:hr>
            <ns3:cad>89</ns3:cad>
          </ns3:TrackPointExtension>
        </extensions>
      </trkpt>
      <trkpt lat="34.17852354235947132110595703125" lon="108.92880440689623355865478515625">
        <ele>454</ele>
        <time>2026-10-08T00:11:25.000Z</time>
        <extensions>
          <ns3:TrackPointExtension>
            <ns3:hr>161</ns3:hr>
            <ns3:cad>89</ns3:cad>
          </ns3:TrackPointExtension>
        </extensions>
      </trkpt>
      <trkpt lat="34.178521446883678436279296875" lon="108.9288326539099216461181640625">
        <ele>454</ele>
        <time>2026-10-08T00:11:26.000Z</time>
        <extensions>
          <ns3:TrackPointExtension>
            <ns3:hr>161</ns3:hr>
            <ns3:cad>89</ns3:cad>
          </ns3:TrackPointExtension>
        </extensions>
      </trkpt>
      <trkpt lat="34.178509376943111419677734375" lon="108.92886173911392688751220703125">
        <ele>454</ele>
        <time>2026-10-08T00:11:27.000Z</time>
        <extensions>
          <ns3:TrackPointExtension>
            <ns3:hr>160</ns3:hr>
            <ns3:cad>89</ns3:cad>
          </ns3:TrackPointExtension>
        </extensions>
      </trkpt>
      <trkpt lat="34.17850007303059101104736328125" lon="108.92888613045215606689453125">
        <ele>453.79998779296875</ele>
        <time>2026-10-08T00:11:28.000Z</time>
        <extensions>
          <ns3:TrackPointExtension>
            <ns3:hr>160</ns3:hr>
            <ns3:cad>89</ns3:cad>
          </ns3:TrackPointExtension>
        </extensions>
      </trkpt>
      <trkpt lat="34.1784840635955333709716796875" lon="108.9289151318371295928955078125">
        <ele>454</ele>
        <time>2026-10-08T00:11:29.000Z</time>
        <extensions>
          <ns3:TrackPointExtension>
            <ns3:hr>160</ns3:hr>
            <ns3:cad>89</ns3:cad>
          </ns3:TrackPointExtension>
        </extensions>
      </trkpt>
      <trkpt lat="34.17847308330237865447998046875" lon="108.9289359189569950103759765625">
        <ele>454</ele>
        <time>2026-10-08T00:11:30.000Z</time>
        <extensions>
          <ns3:TrackPointExtension>
            <ns3:hr>160</ns3:hr>
            <ns3:cad>88</ns3:cad>
          </ns3:TrackPointExtension>
        </extensions>
      </trkpt>
      <trkpt lat="34.17845129035413265228271484375" lon="108.92896483652293682098388671875">
        <ele>454</ele>
        <time>2026-10-08T00:11:31.000Z</time>
        <extensions>
          <ns3:TrackPointExtension>
            <ns3:hr>161</ns3:hr>
            <ns3:cad>88</ns3:cad>
          </ns3:TrackPointExtension>
        </extensions>
      </trkpt>
      <trkpt lat="34.17844198644161224365234375" lon="108.9289868809282779693603515625">
        <ele>454</ele>
        <time>2026-10-08T00:11:32.000Z</time>
        <extensions>
          <ns3:TrackPointExtension>
            <ns3:hr>160</ns3:hr>
            <ns3:cad>88</ns3:cad>
          </ns3:TrackPointExtension>
        </extensions>
      </trkpt>
      <trkpt lat="34.17842379771173000335693359375" lon="108.9290153793990612030029296875">
        <ele>454</ele>
        <time>2026-10-08T00:11:33.000Z</time>
        <extensions>
          <ns3:TrackPointExtension>
            <ns3:hr>160</ns3:hr>
            <ns3:cad>88</ns3:cad>
          </ns3:TrackPointExtension>
        </extensions>
      </trkpt>
      <trkpt lat="34.17841239832341670989990234375" lon="108.92904111184179782867431640625">
        <ele>454</ele>
        <time>2026-10-08T00:11:34.000Z</time>
        <extensions>
          <ns3:TrackPointExtension>
            <ns3:hr>160</ns3:hr>
            <ns3:cad>88</ns3:cad>
          </ns3:TrackPointExtension>
        </extensions>
      </trkpt>
      <trkpt lat="34.17839328758418560028076171875" lon="108.9290663413703441619873046875">
        <ele>454</ele>
        <time>2026-10-08T00:11:35.000Z</time>
        <extensions>
          <ns3:TrackPointExtension>
            <ns3:hr>160</ns3:hr>
            <ns3:cad>90</ns3:cad>
          </ns3:TrackPointExtension>
        </extensions>
      </trkpt>
      <trkpt lat="34.17838188819587230682373046875" lon="108.92908721230924129486083984375">
        <ele>454</ele>
        <time>2026-10-08T00:11:36.000Z</time>
        <extensions>
          <ns3:TrackPointExtension>
            <ns3:hr>160</ns3:hr>
            <ns3:cad>90</ns3:cad>
          </ns3:TrackPointExtension>
        </extensions>
      </trkpt>
      <trkpt lat="34.17836646549403667449951171875" lon="108.92911386676132678985595703125">
        <ele>454</ele>
        <time>2026-10-08T00:11:37.000Z</time>
        <extensions>
          <ns3:TrackPointExtension>
            <ns3:hr>160</ns3:hr>
            <ns3:cad>89</ns3:cad>
          </ns3:TrackPointExtension>
        </extensions>
      </trkpt>
      <trkpt lat="34.178357832133769989013671875" lon="108.92913599498569965362548828125">
        <ele>454</ele>
        <time>2026-10-08T00:11:38.000Z</time>
        <extensions>
          <ns3:TrackPointExtension>
            <ns3:hr>160</ns3:hr>
            <ns3:cad>88</ns3:cad>
          </ns3:TrackPointExtension>
        </extensions>
      </trkpt>
      <trkpt lat="34.1783395595848560333251953125" lon="108.92916717566549777984619140625">
        <ele>454</ele>
        <time>2026-10-08T00:11:39.000Z</time>
        <extensions>
          <ns3:TrackPointExtension>
            <ns3:hr>160</ns3:hr>
            <ns3:cad>87</ns3:cad>
          </ns3:TrackPointExtension>
        </extensions>
      </trkpt>
      <trkpt lat="34.17832941748201847076416015625" lon="108.92919282428920269012451171875">
        <ele>454</ele>
        <time>2026-10-08T00:11:40.000Z</time>
        <extensions>
          <ns3:TrackPointExtension>
            <ns3:hr>160</ns3:hr>
            <ns3:cad>87</ns3:cad>
          </ns3:TrackPointExtension>
        </extensions>
      </trkpt>
      <trkpt lat="34.1783073730766773223876953125" lon="108.9292266033589839935302734375">
        <ele>454</ele>
        <time>2026-10-08T00:11:41.000Z</time>
        <extensions>
          <ns3:TrackPointExtension>
            <ns3:hr>159</ns3:hr>
            <ns3:cad>88</ns3:cad>
          </ns3:TrackPointExtension>
        </extensions>
      </trkpt>
      <trkpt lat="34.17829672805964946746826171875" lon="108.92924864776432514190673828125">
        <ele>454</ele>
        <time>2026-10-08T00:11:42.000Z</time>
        <extensions>
          <ns3:TrackPointExtension>
            <ns3:hr>159</ns3:hr>
            <ns3:cad>89</ns3:cad>
          </ns3:TrackPointExtension>
        </extensions>
      </trkpt>
      <trkpt lat="34.17826973833143711090087890625" lon="108.92927647568285465240478515625">
        <ele>454</ele>
        <time>2026-10-08T00:11:43.000Z</time>
        <extensions>
          <ns3:TrackPointExtension>
            <ns3:hr>159</ns3:hr>
            <ns3:cad>90</ns3:cad>
          </ns3:TrackPointExtension>
        </extensions>
      </trkpt>
      <trkpt lat="34.17825691401958465576171875" lon="108.9292916469275951385498046875">
        <ele>454.20001220703125</ele>
        <time>2026-10-08T00:11:44.000Z</time>
        <extensions>
          <ns3:TrackPointExtension>
            <ns3:hr>159</ns3:hr>
            <ns3:cad>90</ns3:cad>
          </ns3:TrackPointExtension>
        </extensions>
      </trkpt>
      <trkpt lat="34.178237132728099822998046875" lon="108.92931788228452205657958984375">
        <ele>454.399993896484375</ele>
        <time>2026-10-08T00:11:45.000Z</time>
        <extensions>
          <ns3:TrackPointExtension>
            <ns3:hr>159</ns3:hr>
            <ns3:cad>90</ns3:cad>
          </ns3:TrackPointExtension>
        </extensions>
      </trkpt>
      <trkpt lat="34.17822606861591339111328125" lon="108.92933464609086513519287109375">
        <ele>454.600006103515625</ele>
        <time>2026-10-08T00:11:46.000Z</time>
        <extensions>
          <ns3:TrackPointExtension>
            <ns3:hr>159</ns3:hr>
            <ns3:cad>89</ns3:cad>
          </ns3:TrackPointExtension>
        </extensions>
      </trkpt>
      <trkpt lat="34.17820335365831851959228515625" lon="108.929353170096874237060546875">
        <ele>454.79998779296875</ele>
        <time>2026-10-08T00:11:47.000Z</time>
        <extensions>
          <ns3:TrackPointExtension>
            <ns3:hr>159</ns3:hr>
            <ns3:cad>90</ns3:cad>
          </ns3:TrackPointExtension>
        </extensions>
      </trkpt>
      <trkpt lat="34.178186170756816864013671875" lon="108.9293650723993778228759765625">
        <ele>455</ele>
        <time>2026-10-08T00:11:48.000Z</time>
        <extensions>
          <ns3:TrackPointExtension>
            <ns3:hr>159</ns3:hr>
            <ns3:cad>89</ns3:cad>
          </ns3:TrackPointExtension>
        </extensions>
      </trkpt>
      <trkpt lat="34.1781618632376194000244140625" lon="108.9293811656534671783447265625">
        <ele>455</ele>
        <time>2026-10-08T00:11:49.000Z</time>
        <extensions>
          <ns3:TrackPointExtension>
            <ns3:hr>159</ns3:hr>
            <ns3:cad>89</ns3:cad>
          </ns3:TrackPointExtension>
        </extensions>
      </trkpt>
      <trkpt lat="34.17814400978386402130126953125" lon="108.929395414888858795166015625">
        <ele>455.20001220703125</ele>
        <time>2026-10-08T00:11:50.000Z</time>
        <extensions>
          <ns3:TrackPointExtension>
            <ns3:hr>159</ns3:hr>
            <ns3:cad>88</ns3:cad>
          </ns3:TrackPointExtension>
        </extensions>
      </trkpt>
      <trkpt lat="34.17812188155949115753173828125" lon="108.9294120110571384429931640625">
        <ele>455.20001220703125</ele>
        <time>2026-10-08T00:11:51.000Z</time>
        <extensions>
          <ns3:TrackPointExtension>
            <ns3:hr>159</ns3:hr>
            <ns3:cad>88</ns3:cad>
          </ns3:TrackPointExtension>
        </extensions>
      </trkpt>
      <trkpt lat="34.17810679413378238677978515625" lon="108.92942584119737148284912109375">
        <ele>455.20001220703125</ele>
        <time>2026-10-08T00:11:52.000Z</time>
        <extensions>
          <ns3:TrackPointExtension>
            <ns3:hr>159</ns3:hr>
            <ns3:cad>88</ns3:cad>
          </ns3:TrackPointExtension>
        </extensions>
      </trkpt>
      <trkpt lat="34.1780860908329486846923828125" lon="108.929446041584014892578125">
        <ele>455.399993896484375</ele>
        <time>2026-10-08T00:11:53.000Z</time>
        <extensions>
          <ns3:TrackPointExtension>
            <ns3:hr>159</ns3:hr>
            <ns3:cad>90</ns3:cad>
          </ns3:TrackPointExtension>
        </extensions>
      </trkpt>
      <trkpt lat="34.17806404642760753631591796875" lon="108.9294609613716602325439453125">
        <ele>455.399993896484375</ele>
        <time>2026-10-08T00:11:54.000Z</time>
        <extensions>
          <ns3:TrackPointExtension>
            <ns3:hr>160</ns3:hr>
            <ns3:cad>90</ns3:cad>
          </ns3:TrackPointExtension>
        </extensions>
      </trkpt>
      <trkpt lat="34.17804233729839324951171875" lon="108.92947646789252758026123046875">
        <ele>455.399993896484375</ele>
        <time>2026-10-08T00:11:55.000Z</time>
        <extensions>
          <ns3:TrackPointExtension>
            <ns3:hr>160</ns3:hr>
            <ns3:cad>89</ns3:cad>
          </ns3:TrackPointExtension>
        </extensions>
      </trkpt>
      <trkpt lat="34.17801962234079837799072265625" lon="108.92948602326214313507080078125">
        <ele>455.600006103515625</ele>
        <time>2026-10-08T00:11:56.000Z</time>
        <extensions>
          <ns3:TrackPointExtension>
            <ns3:hr>160</ns3:hr>
            <ns3:cad>88</ns3:cad>
          </ns3:TrackPointExtension>
        </extensions>
      </trkpt>
      <trkpt lat="34.17799447663128376007080078125" lon="108.9294941537082195281982421875">
        <ele>455.600006103515625</ele>
        <time>2026-10-08T00:11:57.000Z</time>
        <extensions>
          <ns3:TrackPointExtension>
            <ns3:hr>160</ns3:hr>
            <ns3:cad>88</ns3:cad>
          </ns3:TrackPointExtension>
        </extensions>
      </trkpt>
      <trkpt lat="34.17796497233211994171142578125" lon="108.92949641682207584381103515625">
        <ele>455.600006103515625</ele>
        <time>2026-10-08T00:11:58.000Z</time>
        <extensions>
          <ns3:TrackPointExtension>
            <ns3:hr>160</ns3:hr>
            <ns3:cad>88</ns3:cad>
          </ns3:TrackPointExtension>
        </extensions>
      </trkpt>
      <trkpt lat="34.17794083245098590850830078125" lon="108.92950572073459625244140625">
        <ele>455.79998779296875</ele>
        <time>2026-10-08T00:11:59.000Z</time>
        <extensions>
          <ns3:TrackPointExtension>
            <ns3:hr>160</ns3:hr>
            <ns3:cad>88</ns3:cad>
          </ns3:TrackPointExtension>
        </extensions>
      </trkpt>
      <trkpt lat="34.17791183106601238250732421875" lon="108.92951242625713348388671875">
        <ele>455.79998779296875</ele>
        <time>2026-10-08T00:12:00.000Z</time>
        <extensions>
          <ns3:TrackPointExtension>
            <ns3:hr>161</ns3:hr>
            <ns3:cad>88</ns3:cad>
          </ns3:TrackPointExtension>
        </extensions>
      </trkpt>
      <trkpt lat="34.17789707891643047332763671875" lon="108.92952256835997104644775390625">
        <ele>456</ele>
        <time>2026-10-08T00:12:01.000Z</time>
        <extensions>
          <ns3:TrackPointExtension>
            <ns3:hr>161</ns3:hr>
            <ns3:cad>89</ns3:cad>
          </ns3:TrackPointExtension>
        </extensions>
      </trkpt>
      <trkpt lat="34.1778721846640110015869140625" lon="108.92953279428184032440185546875">
        <ele>456</ele>
        <time>2026-10-08T00:12:02.000Z</time>
        <extensions>
          <ns3:TrackPointExtension>
            <ns3:hr>161</ns3:hr>
            <ns3:cad>89</ns3:cad>
          </ns3:TrackPointExtension>
        </extensions>
      </trkpt>
      <trkpt lat="34.1778557561337947845458984375" lon="108.92955324612557888031005859375">
        <ele>456</ele>
        <time>2026-10-08T00:12:03.000Z</time>
        <extensions>
          <ns3:TrackPointExtension>
            <ns3:hr>160</ns3:hr>
            <ns3:cad>89</ns3:cad>
          </ns3:TrackPointExtension>
        </extensions>
      </trkpt>
      <trkpt lat="34.17783941142261028289794921875" lon="108.92957068048417568206787109375">
        <ele>456</ele>
        <time>2026-10-08T00:12:04.000Z</time>
        <extensions>
          <ns3:TrackPointExtension>
            <ns3:hr>161</ns3:hr>
            <ns3:cad>88</ns3:cad>
          </ns3:TrackPointExtension>
        </extensions>
      </trkpt>
      <trkpt lat="34.177831113338470458984375" lon="108.9295920543372631072998046875">
        <ele>456.20001220703125</ele>
        <time>2026-10-08T00:12:05.000Z</time>
        <extensions>
          <ns3:TrackPointExtension>
            <ns3:hr>161</ns3:hr>
            <ns3:cad>88</ns3:cad>
          </ns3:TrackPointExtension>
        </extensions>
      </trkpt>
      <trkpt lat="34.1778192110359668731689453125" lon="108.9296259172260761260986328125">
        <ele>456.20001220703125</ele>
        <time>2026-10-08T00:12:06.000Z</time>
        <extensions>
          <ns3:TrackPointExtension>
            <ns3:hr>160</ns3:hr>
            <ns3:cad>87</ns3:cad>
          </ns3:TrackPointExtension>
        </extensions>
      </trkpt>
      <trkpt lat="34.17781862430274486541748046875" lon="108.929648213088512420654296875">
        <ele>456.20001220703125</ele>
        <time>2026-10-08T00:12:07.000Z</time>
        <extensions>
          <ns3:TrackPointExtension>
            <ns3:hr>161</ns3:hr>
            <ns3:cad>87</ns3:cad>
          </ns3:TrackPointExtension>
        </extensions>
      </trkpt>
      <trkpt lat="34.17780990712344646453857421875" lon="108.92968718893826007843017578125">
        <ele>456.399993896484375</ele>
        <time>2026-10-08T00:12:08.000Z</time>
        <extensions>
          <ns3:TrackPointExtension>
            <ns3:hr>161</ns3:hr>
            <ns3:cad>88</ns3:cad>
          </ns3:TrackPointExtension>
        </extensions>
      </trkpt>
      <trkpt lat="34.177805297076702117919921875" lon="108.92971283756196498870849609375">
        <ele>456.399993896484375</ele>
        <time>2026-10-08T00:12:09.000Z</time>
        <extensions>
          <ns3:TrackPointExtension>
            <ns3:hr>161</ns3:hr>
            <ns3:cad>88</ns3:cad>
          </ns3:TrackPointExtension>
        </extensions>
      </trkpt>
      <trkpt lat="34.17779582552611827850341796875" lon="108.92973999492824077606201171875">
        <ele>456.399993896484375</ele>
        <time>2026-10-08T00:12:10.000Z</time>
        <extensions>
          <ns3:TrackPointExtension>
            <ns3:hr>161</ns3:hr>
            <ns3:cad>90</ns3:cad>
          </ns3:TrackPointExtension>
        </extensions>
      </trkpt>
      <trkpt lat="34.17778375558555126190185546875" lon="108.92976111732423305511474609375">
        <ele>456.399993896484375</ele>
        <time>2026-10-08T00:12:11.000Z</time>
        <extensions>
          <ns3:TrackPointExtension>
            <ns3:hr>161</ns3:hr>
            <ns3:cad>90</ns3:cad>
          </ns3:TrackPointExtension>
        </extensions>
      </trkpt>
      <trkpt lat="34.1777588613331317901611328125" lon="108.929780311882495880126953125">
        <ele>456.399993896484375</ele>
        <time>2026-10-08T00:12:12.000Z</time>
        <extensions>
          <ns3:TrackPointExtension>
            <ns3:hr>161</ns3:hr>
            <ns3:cad>89</ns3:cad>
          </ns3:TrackPointExtension>
        </extensions>
      </trkpt>
      <trkpt lat="34.17773664928972721099853515625" lon="108.92979498021304607391357421875">
        <ele>456.20001220703125</ele>
        <time>2026-10-08T00:12:13.000Z</time>
        <extensions>
          <ns3:TrackPointExtension>
            <ns3:hr>161</ns3:hr>
            <ns3:cad>89</ns3:cad>
          </ns3:TrackPointExtension>
        </extensions>
      </trkpt>
      <trkpt lat="34.1777042113244533538818359375" lon="108.92980738542973995208740234375">
        <ele>456.399993896484375</ele>
        <time>2026-10-08T00:12:14.000Z</time>
        <extensions>
          <ns3:TrackPointExtension>
            <ns3:hr>161</ns3:hr>
            <ns3:cad>88</ns3:cad>
          </ns3:TrackPointExtension>
        </extensions>
      </trkpt>
      <trkpt lat="34.1776874475181102752685546875" lon="108.9298116602003574371337890625">
        <ele>456.399993896484375</ele>
        <time>2026-10-08T00:12:15.000Z</time>
        <extensions>
          <ns3:TrackPointExtension>
            <ns3:hr>162</ns3:hr>
            <ns3:cad>88</ns3:cad>
          </ns3:TrackPointExtension>
        </extensions>
      </trkpt>
      <trkpt lat="34.1776661574840545654296875" lon="108.92982113175094127655029296875">
        <ele>456.600006103515625</ele>
        <time>2026-10-08T00:12:16.000Z</time>
        <extensions>
          <ns3:TrackPointExtension>
            <ns3:hr>161</ns3:hr>
            <ns3:cad>88</ns3:cad>
          </ns3:TrackPointExtension>
        </extensions>
      </trkpt>
      <trkpt lat="34.17765475809574127197265625" lon="108.929821550846099853515625">
        <ele>456.79998779296875</ele>
        <time>2026-10-08T00:12:17.000Z</time>
        <extensions>
          <ns3:TrackPointExtension>
            <ns3:hr>161</ns3:hr>
            <ns3:cad>88</ns3:cad>
          </ns3:TrackPointExtension>
        </extensions>
      </trkpt>
      <trkpt lat="34.1776297800242900848388671875" lon="108.92982163466513156890869140625">
        <ele>457.20001220703125</ele>
        <time>2026-10-08T00:12:18.000Z</time>
        <extensions>
          <ns3:TrackPointExtension>
            <ns3:hr>161</ns3:hr>
            <ns3:cad>88</ns3:cad>
          </ns3:TrackPointExtension>
        </extensions>
      </trkpt>
      <trkpt lat="34.1776156984269618988037109375" lon="108.92982222139835357666015625">
        <ele>457.600006103515625</ele>
        <time>2026-10-08T00:12:19.000Z</time>
        <extensions>
          <ns3:TrackPointExtension>
            <ns3:hr>161</ns3:hr>
            <ns3:cad>88</ns3:cad>
          </ns3:TrackPointExtension>
        </extensions>
      </trkpt>
      <trkpt lat="34.17759499512612819671630859375" lon="108.9298175275325775146484375">
        <ele>457.79998779296875</ele>
        <time>2026-10-08T00:12:20.000Z</time>
        <extensions>
          <ns3:TrackPointExtension>
            <ns3:hr>161</ns3:hr>
            <ns3:cad>88</ns3:cad>
          </ns3:TrackPointExtension>
        </extensions>
      </trkpt>
      <trkpt lat="34.17758225463330745697021484375" lon="108.9298170246183872222900390625">
        <ele>458.399993896484375</ele>
        <time>2026-10-08T00:12:21.000Z</time>
        <extensions>
          <ns3:TrackPointExtension>
            <ns3:hr>161</ns3:hr>
            <ns3:cad>90</ns3:cad>
          </ns3:TrackPointExtension>
        </extensions>
      </trkpt>
      <trkpt lat="34.17757026851177215576171875" lon="108.92979984171688556671142578125">
        <ele>458.79998779296875</ele>
        <time>2026-10-08T00:12:22.000Z</time>
        <extensions>
          <ns3:TrackPointExtension>
            <ns3:hr>161</ns3:hr>
            <ns3:cad>90</ns3:cad>
          </ns3:TrackPointExtension>
        </extensions>
      </trkpt>
      <trkpt lat="34.17756616137921810150146484375" lon="108.92977804876863956451416015625">
        <ele>459</ele>
        <time>2026-10-08T00:12:23.000Z</time>
        <extensions>
          <ns3:TrackPointExtension>
            <ns3:hr>161</ns3:hr>
            <ns3:cad>90</ns3:cad>
          </ns3:TrackPointExtension>
        </extensions>
      </trkpt>
      <trkpt lat="34.17756683193147182464599609375" lon="108.92975114285945892333984375">
        <ele>459.399993896484375</ele>
        <time>2026-10-08T00:12:24.000Z</time>
        <extensions>
          <ns3:TrackPointExtension>
            <ns3:hr>160</ns3:hr>
            <ns3:cad>89</ns3:cad>
          </ns3:TrackPointExtension>
        </extensions>
      </trkpt>
      <trkpt lat="34.17756884358823299407958984375" lon="108.92972993664443492889404296875">
        <ele>459.79998779296875</ele>
        <time>2026-10-08T00:12:25.000Z</time>
        <extensions>
          <ns3:TrackPointExtension>
            <ns3:hr>161</ns3:hr>
            <ns3:cad>89</ns3:cad>
          </ns3:TrackPointExtension>
        </extensions>
      </trkpt>
      <trkpt lat="34.17757102288305759429931640625" lon="108.92970361746847629547119140625">
        <ele>460</ele>
        <time>2026-10-08T00:12:26.000Z</time>
        <extensions>
          <ns3:TrackPointExtension>
            <ns3:hr>161</ns3:hr>
            <ns3:cad>89</ns3:cad>
          </ns3:TrackPointExtension>
        </extensions>
      </trkpt>
      <trkpt lat="34.17756616137921810150146484375" lon="108.92967495135962963104248046875">
        <ele>460.20001220703125</ele>
        <time>2026-10-08T00:12:27.000Z</time>
        <extensions>
          <ns3:TrackPointExtension>
            <ns3:hr>161</ns3:hr>
            <ns3:cad>89</ns3:cad>
          </ns3:TrackPointExtension>
        </extensions>
      </trkpt>
      <trkpt lat="34.17755023576319217681884765625" lon="108.92965617589652538299560546875">
        <ele>460.399993896484375</ele>
        <time>2026-10-08T00:12:28.000Z</time>
        <extensions>
          <ns3:TrackPointExtension>
            <ns3:hr>161</ns3:hr>
            <ns3:cad>87</ns3:cad>
          </ns3:TrackPointExtension>
        </extensions>
      </trkpt>
      <trkpt lat="34.17752743698656558990478515625" lon="108.92963689751923084259033203125">
        <ele>460.399993896484375</ele>
        <time>2026-10-08T00:12:29.000Z</time>
        <extensions>
          <ns3:TrackPointExtension>
            <ns3:hr>161</ns3:hr>
            <ns3:cad>87</ns3:cad>
          </ns3:TrackPointExtension>
        </extensions>
      </trkpt>
      <trkpt lat="34.1775077395141124725341796875" lon="108.929633460938930511474609375">
        <ele>460.600006103515625</ele>
        <time>2026-10-08T00:12:30.000Z</time>
        <extensions>
          <ns3:TrackPointExtension>
            <ns3:hr>161</ns3:hr>
            <ns3:cad>87</ns3:cad>
          </ns3:TrackPointExtension>
        </extensions>
      </trkpt>
      <trkpt lat="34.177481420338153839111328125" lon="108.9296316169202327728271484375">
        <ele>460.600006103515625</ele>
        <time>2026-10-08T00:12:31.000Z</time>
        <extensions>
          <ns3:TrackPointExtension>
            <ns3:hr>162</ns3:hr>
            <ns3:cad>87</ns3:cad>
          </ns3:TrackPointExtension>
        </extensions>
      </trkpt>
      <trkpt lat="34.17745484970510005950927734375" lon="108.92963153310120105743408203125">
        <ele>460.600006103515625</ele>
        <time>2026-10-08T00:12:32.000Z</time>
        <extensions>
          <ns3:TrackPointExtension>
            <ns3:hr>162</ns3:hr>
            <ns3:cad>86</ns3:cad>
          </ns3:TrackPointExtension>
        </extensions>
      </trkpt>
      <trkpt lat="34.17743037454783916473388671875" lon="108.92962968908250331878662109375">
        <ele>460.600006103515625</ele>
        <time>2026-10-08T00:12:33.000Z</time>
        <extensions>
          <ns3:TrackPointExtension>
            <ns3:hr>162</ns3:hr>
            <ns3:cad>85</ns3:cad>
          </ns3:TrackPointExtension>
        </extensions>
      </trkpt>
      <trkpt lat="34.17740120552480220794677734375" lon="108.92962767742574214935302734375">
        <ele>460.600006103515625</ele>
        <time>2026-10-08T00:12:34.000Z</time>
        <extensions>
          <ns3:TrackPointExtension>
            <ns3:hr>161</ns3:hr>
            <ns3:cad>85</ns3:cad>
          </ns3:TrackPointExtension>
        </extensions>
      </trkpt>
      <trkpt lat="34.1773783229291439056396484375" lon="108.92962901853024959564208984375">
        <ele>460.399993896484375</ele>
        <time>2026-10-08T00:12:35.000Z</time>
        <extensions>
          <ns3:TrackPointExtension>
            <ns3:hr>162</ns3:hr>
            <ns3:cad>86</ns3:cad>
          </ns3:TrackPointExtension>
        </extensions>
      </trkpt>
      <trkpt lat="34.17734739370644092559814453125" lon="108.929628767073154449462890625">
        <ele>460.399993896484375</ele>
        <time>2026-10-08T00:12:36.000Z</time>
        <extensions>
          <ns3:TrackPointExtension>
            <ns3:hr>162</ns3:hr>
            <ns3:cad>86</ns3:cad>
          </ns3:TrackPointExtension>
        </extensions>
      </trkpt>
      <trkpt lat="34.17732208035886287689208984375" lon="108.929627425968647003173828125">
        <ele>460.399993896484375</ele>
        <time>2026-10-08T00:12:37.000Z</time>
        <extensions>
          <ns3:TrackPointExtension>
            <ns3:hr>163</ns3:hr>
            <ns3:cad>88</ns3:cad>
          </ns3:TrackPointExtension>
        </extensions>
      </trkpt>
      <trkpt lat="34.1772904805839061737060546875" lon="108.92962465994060039520263671875">
        <ele>460.399993896484375</ele>
        <time>2026-10-08T00:12:38.000Z</time>
        <extensions>
          <ns3:TrackPointExtension>
            <ns3:hr>163</ns3:hr>
            <ns3:cad>88</ns3:cad>
          </ns3:TrackPointExtension>
        </extensions>
      </trkpt>
      <trkpt lat="34.1772683523595333099365234375" lon="108.92962398938834667205810546875">
        <ele>460.399993896484375</ele>
        <time>2026-10-08T00:12:39.000Z</time>
        <extensions>
          <ns3:TrackPointExtension>
            <ns3:hr>164</ns3:hr>
            <ns3:cad>88</ns3:cad>
          </ns3:TrackPointExtension>
        </extensions>
      </trkpt>
      <trkpt lat="34.17723775841295719146728515625" lon="108.92962164245545864105224609375">
        <ele>460.600006103515625</ele>
        <time>2026-10-08T00:12:40.000Z</time>
        <extensions>
          <ns3:TrackPointExtension>
            <ns3:hr>164</ns3:hr>
            <ns3:cad>88</ns3:cad>
          </ns3:TrackPointExtension>
        </extensions>
      </trkpt>
      <trkpt lat="34.17721194215118885040283203125" lon="108.9296212233603000640869140625">
        <ele>460.600006103515625</ele>
        <time>2026-10-08T00:12:41.000Z</time>
        <extensions>
          <ns3:TrackPointExtension>
            <ns3:hr>164</ns3:hr>
            <ns3:cad>88</ns3:cad>
          </ns3:TrackPointExtension>
        </extensions>
      </trkpt>
      <trkpt lat="34.17717791162431240081787109375" lon="108.92962030135095119476318359375">
        <ele>460.600006103515625</ele>
        <time>2026-10-08T00:12:42.000Z</time>
        <extensions>
          <ns3:TrackPointExtension>
            <ns3:hr>164</ns3:hr>
            <ns3:cad>88</ns3:cad>
          </ns3:TrackPointExtension>
        </extensions>
      </trkpt>
      <trkpt lat="34.17715477757155895233154296875" lon="108.92962264828383922576904296875">
        <ele>460.600006103515625</ele>
        <time>2026-10-08T00:12:43.000Z</time>
        <extensions>
          <ns3:TrackPointExtension>
            <ns3:hr>165</ns3:hr>
            <ns3:cad>88</ns3:cad>
          </ns3:TrackPointExtension>
        </extensions>
      </trkpt>
      <trkpt lat="34.177124015986919403076171875" lon="108.9296302758157253265380859375">
        <ele>460.600006103515625</ele>
        <time>2026-10-08T00:12:44.000Z</time>
        <extensions>
          <ns3:TrackPointExtension>
            <ns3:hr>164</ns3:hr>
            <ns3:cad>88</ns3:cad>
          </ns3:TrackPointExtension>
        </extensions>
      </trkpt>
      <trkpt lat="34.1770990379154682159423828125" lon="108.92963605932891368865966796875">
        <ele>460.600006103515625</ele>
        <time>2026-10-08T00:12:45.000Z</time>
        <extensions>
          <ns3:TrackPointExtension>
            <ns3:hr>164</ns3:hr>
            <ns3:cad>88</ns3:cad>
          </ns3:TrackPointExtension>
        </extensions>
      </trkpt>
      <trkpt lat="34.17707280255854129791259765625" lon="108.9296472072601318359375">
        <ele>460.600006103515625</ele>
        <time>2026-10-08T00:12:46.000Z</time>
        <extensions>
          <ns3:TrackPointExtension>
            <ns3:hr>164</ns3:hr>
            <ns3:cad>88</ns3:cad>
          </ns3:TrackPointExtension>
        </extensions>
      </trkpt>
      <trkpt lat="34.17705285362899303436279296875" lon="108.92965466715395450592041015625">
        <ele>460.600006103515625</ele>
        <time>2026-10-08T00:12:47.000Z</time>
        <extensions>
          <ns3:TrackPointExtension>
            <ns3:hr>164</ns3:hr>
            <ns3:cad>88</ns3:cad>
          </ns3:TrackPointExtension>
        </extensions>
      </trkpt>
      <trkpt lat="34.17703173123300075531005859375" lon="108.92967126332223415374755859375">
        <ele>460.600006103515625</ele>
        <time>2026-10-08T00:12:48.000Z</time>
        <extensions>
          <ns3:TrackPointExtension>
            <ns3:hr>163</ns3:hr>
            <ns3:cad>88</ns3:cad>
          </ns3:TrackPointExtension>
        </extensions>
      </trkpt>
      <trkpt lat="34.17701178230345249176025390625" lon="108.92968886531889438629150390625">
        <ele>460.600006103515625</ele>
        <time>2026-10-08T00:12:49.000Z</time>
        <extensions>
          <ns3:TrackPointExtension>
            <ns3:hr>163</ns3:hr>
            <ns3:cad>88</ns3:cad>
          </ns3:TrackPointExtension>
        </extensions>
      </trkpt>
      <trkpt lat="34.17699166573584079742431640625" lon="108.9297181181609630584716796875">
        <ele>460.600006103515625</ele>
        <time>2026-10-08T00:12:50.000Z</time>
        <extensions>
          <ns3:TrackPointExtension>
            <ns3:hr>163</ns3:hr>
            <ns3:cad>88</ns3:cad>
          </ns3:TrackPointExtension>
        </extensions>
      </trkpt>
      <trkpt lat="34.1769726388156414031982421875" lon="108.9297372289001941680908203125">
        <ele>460.399993896484375</ele>
        <time>2026-10-08T00:12:51.000Z</time>
        <extensions>
          <ns3:TrackPointExtension>
            <ns3:hr>164</ns3:hr>
            <ns3:cad>89</ns3:cad>
          </ns3:TrackPointExtension>
        </extensions>
      </trkpt>
      <trkpt lat="34.17694875039160251617431640625" lon="108.92975843511521816253662109375">
        <ele>460.399993896484375</ele>
        <time>2026-10-08T00:12:52.000Z</time>
        <extensions>
          <ns3:TrackPointExtension>
            <ns3:hr>164</ns3:hr>
            <ns3:cad>89</ns3:cad>
          </ns3:TrackPointExtension>
        </extensions>
      </trkpt>
      <trkpt lat="34.176928885281085968017578125" lon="108.92977486364543437957763671875">
        <ele>460.399993896484375</ele>
        <time>2026-10-08T00:12:53.000Z</time>
        <extensions>
          <ns3:TrackPointExtension>
            <ns3:hr>163</ns3:hr>
            <ns3:cad>89</ns3:cad>
          </ns3:TrackPointExtension>
        </extensions>
      </trkpt>
      <trkpt lat="34.176905415952205657958984375" lon="108.929794728755950927734375">
        <ele>460.399993896484375</ele>
        <time>2026-10-08T00:12:54.000Z</time>
        <extensions>
          <ns3:TrackPointExtension>
            <ns3:hr>162</ns3:hr>
            <ns3:cad>89</ns3:cad>
          </ns3:TrackPointExtension>
        </extensions>
      </trkpt>
      <trkpt lat="34.1768851317465305328369140625" lon="108.92980520613491535186767578125">
        <ele>460.399993896484375</ele>
        <time>2026-10-08T00:12:55.000Z</time>
        <extensions>
          <ns3:TrackPointExtension>
            <ns3:hr>162</ns3:hr>
            <ns3:cad>90</ns3:cad>
          </ns3:TrackPointExtension>
        </extensions>
      </trkpt>
      <trkpt lat="34.1768579743802547454833984375" lon="108.929811827838420867919921875">
        <ele>460.399993896484375</ele>
        <time>2026-10-08T00:12:56.000Z</time>
        <extensions>
          <ns3:TrackPointExtension>
            <ns3:hr>161</ns3:hr>
            <ns3:cad>90</ns3:cad>
          </ns3:TrackPointExtension>
        </extensions>
      </trkpt>
      <trkpt lat="34.1768368519842624664306640625" lon="108.92981576733291149139404296875">
        <ele>460.399993896484375</ele>
        <time>2026-10-08T00:12:57.000Z</time>
        <extensions>
          <ns3:TrackPointExtension>
            <ns3:hr>161</ns3:hr>
            <ns3:cad>90</ns3:cad>
          </ns3:TrackPointExtension>
        </extensions>
      </trkpt>
      <trkpt lat="34.17681254446506500244140625" lon="108.92982222139835357666015625">
        <ele>460.399993896484375</ele>
        <time>2026-10-08T00:12:58.000Z</time>
        <extensions>
          <ns3:TrackPointExtension>
            <ns3:hr>162</ns3:hr>
            <ns3:cad>89</ns3:cad>
          </ns3:TrackPointExtension>
        </extensions>
      </trkpt>
      <trkpt lat="34.17678664438426494598388671875" lon="108.92982699908316135406494140625">
        <ele>460.399993896484375</ele>
        <time>2026-10-08T00:12:59.000Z</time>
        <extensions>
          <ns3:TrackPointExtension>
            <ns3:hr>162</ns3:hr>
            <ns3:cad>89</ns3:cad>
          </ns3:TrackPointExtension>
        </extensions>
      </trkpt>
      <trkpt lat="34.17676233686506748199462890625" lon="108.92983001656830310821533203125">
        <ele>460.399993896484375</ele>
        <time>2026-10-08T00:13:00.000Z</time>
        <extensions>
          <ns3:TrackPointExtension>
            <ns3:hr>162</ns3:hr>
            <ns3:cad>88</ns3:cad>
          </ns3:TrackPointExtension>
        </extensions>
      </trkpt>
      <trkpt lat="34.176734425127506256103515625" lon="108.92983119003474712371826171875">
        <ele>460.20001220703125</ele>
        <time>2026-10-08T00:13:01.000Z</time>
        <extensions>
          <ns3:TrackPointExtension>
            <ns3:hr>162</ns3:hr>
            <ns3:cad>88</ns3:cad>
          </ns3:TrackPointExtension>
        </extensions>
      </trkpt>
      <trkpt lat="34.17670366354286670684814453125" lon="108.929818533360958099365234375">
        <ele>460.20001220703125</ele>
        <time>2026-10-08T00:13:02.000Z</time>
        <extensions>
          <ns3:TrackPointExtension>
            <ns3:hr>162</ns3:hr>
            <ns3:cad>88</ns3:cad>
          </ns3:TrackPointExtension>
        </extensions>
      </trkpt>
      <trkpt lat="34.17667985893785953521728515625" lon="108.92980285920202732086181640625">
        <ele>460.20001220703125</ele>
        <time>2026-10-08T00:13:03.000Z</time>
        <extensions>
          <ns3:TrackPointExtension>
            <ns3:hr>162</ns3:hr>
            <ns3:cad>89</ns3:cad>
          </ns3:TrackPointExtension>
        </extensions>
      </trkpt>
      <trkpt lat="34.17666368186473846435546875" lon="108.92978240735828876495361328125">
        <ele>460.20001220703125</ele>
        <time>2026-10-08T00:13:04.000Z</time>
        <extensions>
          <ns3:TrackPointExtension>
            <ns3:hr>162</ns3:hr>
            <ns3:cad>89</ns3:cad>
          </ns3:TrackPointExtension>
        </extensions>
      </trkpt>
      <trkpt lat="34.1766527853906154632568359375" lon="108.92974569462239742279052734375">
        <ele>460.20001220703125</ele>
        <time>2026-10-08T00:13:05.000Z</time>
        <extensions>
          <ns3:TrackPointExtension>
            <ns3:hr>161</ns3:hr>
            <ns3:cad>89</ns3:cad>
          </ns3:TrackPointExtension>
        </extensions>
      </trkpt>
      <trkpt lat="34.17663543485105037689208984375" lon="108.92971987836062908172607421875">
        <ele>460.20001220703125</ele>
        <time>2026-10-08T00:13:06.000Z</time>
        <extensions>
          <ns3:TrackPointExtension>
            <ns3:hr>161</ns3:hr>
            <ns3:cad>89</ns3:cad>
          </ns3:TrackPointExtension>
        </extensions>
      </trkpt>
      <trkpt lat="34.176625795662403106689453125" lon="108.92969322390854358673095703125">
        <ele>460.20001220703125</ele>
        <time>2026-10-08T00:13:07.000Z</time>
        <extensions>
          <ns3:TrackPointExtension>
            <ns3:hr>161</ns3:hr>
            <ns3:cad>88</ns3:cad>
          </ns3:TrackPointExtension>
        </extensions>
      </trkpt>
      <trkpt lat="34.17661515064537525177001953125" lon="108.92967243678867816925048828125">
        <ele>460.20001220703125</ele>
        <time>2026-10-08T00:13:08.000Z</time>
        <extensions>
          <ns3:TrackPointExtension>
            <ns3:hr>162</ns3:hr>
            <ns3:cad>88</ns3:cad>
          </ns3:TrackPointExtension>
        </extensions>
      </trkpt>
      <trkpt lat="34.1765971295535564422607421875" lon="108.92964192666113376617431640625">
        <ele>460.20001220703125</ele>
        <time>2026-10-08T00:13:09.000Z</time>
        <extensions>
          <ns3:TrackPointExtension>
            <ns3:hr>161</ns3:hr>
            <ns3:cad>88</ns3:cad>
          </ns3:TrackPointExtension>
        </extensions>
      </trkpt>
      <trkpt lat="34.1765770129859447479248046875" lon="108.929619379341602325439453125">
        <ele>460.20001220703125</ele>
        <time>2026-10-08T00:13:10.000Z</time>
        <extensions>
          <ns3:TrackPointExtension>
            <ns3:hr>161</ns3:hr>
            <ns3:cad>88</ns3:cad>
          </ns3:TrackPointExtension>
        </extensions>
      </trkpt>
      <trkpt lat="34.1765511967241764068603515625" lon="108.9296021126210689544677734375">
        <ele>460.20001220703125</ele>
        <time>2026-10-08T00:13:11.000Z</time>
        <extensions>
          <ns3:TrackPointExtension>
            <ns3:hr>161</ns3:hr>
            <ns3:cad>89</ns3:cad>
          </ns3:TrackPointExtension>
        </extensions>
      </trkpt>
      <trkpt lat="34.17652915231883525848388671875" lon="108.9295964129269123077392578125">
        <ele>460.20001220703125</ele>
        <time>2026-10-08T00:13:12.000Z</time>
        <extensions>
          <ns3:TrackPointExtension>
            <ns3:hr>162</ns3:hr>
            <ns3:cad>89</ns3:cad>
          </ns3:TrackPointExtension>
        </extensions>
      </trkpt>
      <trkpt lat="34.17650006711483001708984375" lon="108.92960219644010066986083984375">
        <ele>460.20001220703125</ele>
        <time>2026-10-08T00:13:13.000Z</time>
        <extensions>
          <ns3:TrackPointExtension>
            <ns3:hr>161</ns3:hr>
            <ns3:cad>88</ns3:cad>
          </ns3:TrackPointExtension>
        </extensions>
      </trkpt>
      <trkpt lat="34.17647701688110828399658203125" lon="108.92960898578166961669921875">
        <ele>460.20001220703125</ele>
        <time>2026-10-08T00:13:14.000Z</time>
        <extensions>
          <ns3:TrackPointExtension>
            <ns3:hr>161</ns3:hr>
            <ns3:cad>88</ns3:cad>
          </ns3:TrackPointExtension>
        </extensions>
      </trkpt>
      <trkpt lat="34.17644776403903961181640625" lon="108.92960957251489162445068359375">
        <ele>460.399993896484375</ele>
        <time>2026-10-08T00:13:15.000Z</time>
        <extensions>
          <ns3:TrackPointExtension>
            <ns3:hr>160</ns3:hr>
            <ns3:cad>89</ns3:cad>
          </ns3:TrackPointExtension>
        </extensions>
      </trkpt>
      <trkpt lat="34.1764237917959690093994140625" lon="108.929615020751953125">
        <ele>460.399993896484375</ele>
        <time>2026-10-08T00:13:16.000Z</time>
        <extensions>
          <ns3:TrackPointExtension>
            <ns3:hr>160</ns3:hr>
            <ns3:cad>89</ns3:cad>
          </ns3:TrackPointExtension>
        </extensions>
      </trkpt>
      <trkpt lat="34.176396466791629791259765625" lon="108.9296185411512851715087890625">
        <ele>460.399993896484375</ele>
        <time>2026-10-08T00:13:17.000Z</time>
        <extensions>
          <ns3:TrackPointExtension>
            <ns3:hr>160</ns3:hr>
            <ns3:cad>89</ns3:cad>
          </ns3:TrackPointExtension>
        </extensions>
      </trkpt>
      <trkpt lat="34.1763714887201786041259765625" lon="108.92961761914193630218505859375">
        <ele>460.399993896484375</ele>
        <time>2026-10-08T00:13:18.000Z</time>
        <extensions>
          <ns3:TrackPointExtension>
            <ns3:hr>160</ns3:hr>
            <ns3:cad>87</ns3:cad>
          </ns3:TrackPointExtension>
        </extensions>
      </trkpt>
      <trkpt lat="34.1763465106487274169921875" lon="108.9296262525022029876708984375">
        <ele>460.20001220703125</ele>
        <time>2026-10-08T00:13:19.000Z</time>
        <extensions>
          <ns3:TrackPointExtension>
            <ns3:hr>160</ns3:hr>
            <ns3:cad>87</ns3:cad>
          </ns3:TrackPointExtension>
        </extensions>
      </trkpt>
      <trkpt lat="34.1763208620250225067138671875" lon="108.9296242408454418182373046875">
        <ele>460.20001220703125</ele>
        <time>2026-10-08T00:13:20.000Z</time>
        <extensions>
          <ns3:TrackPointExtension>
            <ns3:hr>159</ns3:hr>
            <ns3:cad>87</ns3:cad>
          </ns3:TrackPointExtension>
        </extensions>
      </trkpt>
      <trkpt lat="34.17629462666809558868408203125" lon="108.929626084864139556884765625">
        <ele>460.20001220703125</ele>
        <time>2026-10-08T00:13:21.000Z</time>
        <extensions>
          <ns3:TrackPointExtension>
            <ns3:hr>160</ns3:hr>
            <ns3:cad>88</ns3:cad>
          </ns3:TrackPointExtension>
        </extensions>
      </trkpt>
      <trkpt lat="34.17627048678696155548095703125" lon="108.92962784506380558013916015625">
        <ele>460</ele>
        <time>2026-10-08T00:13:22.000Z</time>
        <extensions>
          <ns3:TrackPointExtension>
            <ns3:hr>160</ns3:hr>
            <ns3:cad>88</ns3:cad>
          </ns3:TrackPointExtension>
        </extensions>
      </trkpt>
      <trkpt lat="34.17624668218195438385009765625" lon="108.92963052727282047271728515625">
        <ele>460</ele>
        <time>2026-10-08T00:13:23.000Z</time>
        <extensions>
          <ns3:TrackPointExtension>
            <ns3:hr>160</ns3:hr>
            <ns3:cad>89</ns3:cad>
          </ns3:TrackPointExtension>
        </extensions>
      </trkpt>
      <trkpt lat="34.17622170411050319671630859375" lon="108.92963572405278682708740234375">
        <ele>460</ele>
        <time>2026-10-08T00:13:24.000Z</time>
        <extensions>
          <ns3:TrackPointExtension>
            <ns3:hr>160</ns3:hr>
            <ns3:cad>89</ns3:cad>
          </ns3:TrackPointExtension>
        </extensions>
      </trkpt>
      <trkpt lat="34.1761991567909717559814453125" lon="108.92963756807148456573486328125">
        <ele>460</ele>
        <time>2026-10-08T00:13:25.000Z</time>
        <extensions>
          <ns3:TrackPointExtension>
            <ns3:hr>160</ns3:hr>
            <ns3:cad>89</ns3:cad>
          </ns3:TrackPointExtension>
        </extensions>
      </trkpt>
      <trkpt lat="34.17617241851985454559326171875" lon="108.92963455058634281158447265625">
        <ele>460</ele>
        <time>2026-10-08T00:13:26.000Z</time>
        <extensions>
          <ns3:TrackPointExtension>
            <ns3:hr>160</ns3:hr>
            <ns3:cad>89</ns3:cad>
          </ns3:TrackPointExtension>
        </extensions>
      </trkpt>
      <trkpt lat="34.17615012265741825103759765625" lon="108.9296339638531208038330078125">
        <ele>460</ele>
        <time>2026-10-08T00:13:27.000Z</time>
        <extensions>
          <ns3:TrackPointExtension>
            <ns3:hr>160</ns3:hr>
            <ns3:cad>89</ns3:cad>
          </ns3:TrackPointExtension>
        </extensions>
      </trkpt>
      <trkpt lat="34.1761233843863010406494140625" lon="108.9296302758157253265380859375">
        <ele>460</ele>
        <time>2026-10-08T00:13:28.000Z</time>
        <extensions>
          <ns3:TrackPointExtension>
            <ns3:hr>160</ns3:hr>
            <ns3:cad>89</ns3:cad>
          </ns3:TrackPointExtension>
        </extensions>
      </trkpt>
      <trkpt lat="34.17609966360032558441162109375" lon="108.92962834797799587249755859375">
        <ele>460</ele>
        <time>2026-10-08T00:13:29.000Z</time>
        <extensions>
          <ns3:TrackPointExtension>
            <ns3:hr>160</ns3:hr>
            <ns3:cad>89</ns3:cad>
          </ns3:TrackPointExtension>
        </extensions>
      </trkpt>
      <trkpt lat="34.176074601709842681884765625" lon="108.9296195469796657562255859375">
        <ele>459.79998779296875</ele>
        <time>2026-10-08T00:13:30.000Z</time>
        <extensions>
          <ns3:TrackPointExtension>
            <ns3:hr>160</ns3:hr>
            <ns3:cad>88</ns3:cad>
          </ns3:TrackPointExtension>
        </extensions>
      </trkpt>
      <trkpt lat="34.176051132380962371826171875" lon="108.92961426638066768646240234375">
        <ele>459.79998779296875</ele>
        <time>2026-10-08T00:13:31.000Z</time>
        <extensions>
          <ns3:TrackPointExtension>
            <ns3:hr>160</ns3:hr>
            <ns3:cad>89</ns3:cad>
          </ns3:TrackPointExtension>
        </extensions>
      </trkpt>
      <trkpt lat="34.17602539993822574615478515625" lon="108.92960571683943271636962890625">
        <ele>459.79998779296875</ele>
        <time>2026-10-08T00:13:32.000Z</time>
        <extensions>
          <ns3:TrackPointExtension>
            <ns3:hr>159</ns3:hr>
            <ns3:cad>89</ns3:cad>
          </ns3:TrackPointExtension>
        </extensions>
      </trkpt>
      <trkpt lat="34.1760006733238697052001953125" lon="108.9295984245836734771728515625">
        <ele>459.79998779296875</ele>
        <time>2026-10-08T00:13:33.000Z</time>
        <extensions>
          <ns3:TrackPointExtension>
            <ns3:hr>159</ns3:hr>
            <ns3:cad>89</ns3:cad>
          </ns3:TrackPointExtension>
        </extensions>
      </trkpt>
      <trkpt lat="34.17597393505275249481201171875" lon="108.92959096468985080718994140625">
        <ele>459.79998779296875</ele>
        <time>2026-10-08T00:13:34.000Z</time>
        <extensions>
          <ns3:TrackPointExtension>
            <ns3:hr>159</ns3:hr>
            <ns3:cad>89</ns3:cad>
          </ns3:TrackPointExtension>
        </extensions>
      </trkpt>
      <trkpt lat="34.1759495437145233154296875" lon="108.92958560027182102203369140625">
        <ele>459.79998779296875</ele>
        <time>2026-10-08T00:13:35.000Z</time>
        <extensions>
          <ns3:TrackPointExtension>
            <ns3:hr>158</ns3:hr>
            <ns3:cad>88</ns3:cad>
          </ns3:TrackPointExtension>
        </extensions>
      </trkpt>
      <trkpt lat="34.1759198717772960662841796875" lon="108.92957218922674655914306640625">
        <ele>459.79998779296875</ele>
        <time>2026-10-08T00:13:36.000Z</time>
        <extensions>
          <ns3:TrackPointExtension>
            <ns3:hr>159</ns3:hr>
            <ns3:cad>88</ns3:cad>
          </ns3:TrackPointExtension>
        </extensions>
      </trkpt>
      <trkpt lat="34.1758984141051769256591796875" lon="108.92956699244678020477294921875">
        <ele>459.79998779296875</ele>
        <time>2026-10-08T00:13:37.000Z</time>
        <extensions>
          <ns3:TrackPointExtension>
            <ns3:hr>159</ns3:hr>
            <ns3:cad>88</ns3:cad>
          </ns3:TrackPointExtension>
        </extensions>
      </trkpt>
      <trkpt lat="34.1758690774440765380859375" lon="108.9295534975826740264892578125">
        <ele>459.600006103515625</ele>
        <time>2026-10-08T00:13:38.000Z</time>
        <extensions>
          <ns3:TrackPointExtension>
            <ns3:hr>159</ns3:hr>
            <ns3:cad>88</ns3:cad>
          </ns3:TrackPointExtension>
        </extensions>
      </trkpt>
      <trkpt lat="34.17584787122905254364013671875" lon="108.9295414276421070098876953125">
        <ele>459.600006103515625</ele>
        <time>2026-10-08T00:13:39.000Z</time>
        <extensions>
          <ns3:TrackPointExtension>
            <ns3:hr>159</ns3:hr>
            <ns3:cad>88</ns3:cad>
          </ns3:TrackPointExtension>
        </extensions>
      </trkpt>
      <trkpt lat="34.1758239828050136566162109375" lon="108.92952675931155681610107421875">
        <ele>459.600006103515625</ele>
        <time>2026-10-08T00:13:40.000Z</time>
        <extensions>
          <ns3:TrackPointExtension>
            <ns3:hr>159</ns3:hr>
            <ns3:cad>88</ns3:cad>
          </ns3:TrackPointExtension>
        </extensions>
      </trkpt>
      <trkpt lat="34.17580244131386280059814453125" lon="108.92951376736164093017578125">
        <ele>459.600006103515625</ele>
        <time>2026-10-08T00:13:41.000Z</time>
        <extensions>
          <ns3:TrackPointExtension>
            <ns3:hr>158</ns3:hr>
            <ns3:cad>89</ns3:cad>
          </ns3:TrackPointExtension>
        </extensions>
      </trkpt>
      <trkpt lat="34.1757743619382381439208984375" lon="108.929509408771991729736328125">
        <ele>459.600006103515625</ele>
        <time>2026-10-08T00:13:42.000Z</time>
        <extensions>
          <ns3:TrackPointExtension>
            <ns3:hr>158</ns3:hr>
            <ns3:cad>89</ns3:cad>
          </ns3:TrackPointExtension>
        </extensions>
      </trkpt>
      <trkpt lat="34.175752066075801849365234375" lon="108.929506726562976837158203125">
        <ele>459.600006103515625</ele>
        <time>2026-10-08T00:13:43.000Z</time>
        <extensions>
          <ns3:TrackPointExtension>
            <ns3:hr>158</ns3:hr>
            <ns3:cad>89</ns3:cad>
          </ns3:TrackPointExtension>
        </extensions>
      </trkpt>
      <trkpt lat="34.17572884820401668548583984375" lon="108.9295038767158985137939453125">
        <ele>459.399993896484375</ele>
        <time>2026-10-08T00:13:44.000Z</time>
        <extensions>
          <ns3:TrackPointExtension>
            <ns3:hr>158</ns3:hr>
            <ns3:cad>88</ns3:cad>
          </ns3:TrackPointExtension>
        </extensions>
      </trkpt>
      <trkpt lat="34.17570739053189754486083984375" lon="108.92949557863175868988037109375">
        <ele>459.399993896484375</ele>
        <time>2026-10-08T00:13:45.000Z</time>
        <extensions>
          <ns3:TrackPointExtension>
            <ns3:hr>159</ns3:hr>
            <ns3:cad>88</ns3:cad>
          </ns3:TrackPointExtension>
        </extensions>
      </trkpt>
      <trkpt lat="34.175679981708526611328125" lon="108.9294861070811748504638671875">
        <ele>459.399993896484375</ele>
        <time>2026-10-08T00:13:46.000Z</time>
        <extensions>
          <ns3:TrackPointExtension>
            <ns3:hr>158</ns3:hr>
            <ns3:cad>88</ns3:cad>
          </ns3:TrackPointExtension>
        </extensions>
      </trkpt>
      <trkpt lat="34.17565424926578998565673828125" lon="108.92947487533092498779296875">
        <ele>459.399993896484375</ele>
        <time>2026-10-08T00:13:47.000Z</time>
        <extensions>
          <ns3:TrackPointExtension>
            <ns3:hr>157</ns3:hr>
            <ns3:cad>88</ns3:cad>
          </ns3:TrackPointExtension>
        </extensions>
      </trkpt>
      <trkpt lat="34.1756295226514339447021484375" lon="108.92946012318134307861328125">
        <ele>459.399993896484375</ele>
        <time>2026-10-08T00:13:48.000Z</time>
        <extensions>
          <ns3:TrackPointExtension>
            <ns3:hr>157</ns3:hr>
            <ns3:cad>88</ns3:cad>
          </ns3:TrackPointExtension>
        </extensions>
      </trkpt>
      <trkpt lat="34.17560546658933162689208984375" lon="108.9294421859085559844970703125">
        <ele>459.399993896484375</ele>
        <time>2026-10-08T00:13:49.000Z</time>
        <extensions>
          <ns3:TrackPointExtension>
            <ns3:hr>156</ns3:hr>
            <ns3:cad>88</ns3:cad>
          </ns3:TrackPointExtension>
        </extensions>
      </trkpt>
      <trkpt lat="34.17558099143207073211669921875" lon="108.92942818813025951385498046875">
        <ele>459.399993896484375</ele>
        <time>2026-10-08T00:13:50.000Z</time>
        <extensions>
          <ns3:TrackPointExtension>
            <ns3:hr>156</ns3:hr>
            <ns3:cad>88</ns3:cad>
          </ns3:TrackPointExtension>
        </extensions>
      </trkpt>
      <trkpt lat="34.1755718551576137542724609375" lon="108.92939382232725620269775390625">
        <ele>459.399993896484375</ele>
        <time>2026-10-08T00:13:51.000Z</time>
        <extensions>
          <ns3:TrackPointExtension>
            <ns3:hr>154</ns3:hr>
            <ns3:cad>88</ns3:cad>
          </ns3:TrackPointExtension>
        </extensions>
      </trkpt>
      <trkpt lat="34.17556087486445903778076171875" lon="108.929359875619411468505859375">
        <ele>459.20001220703125</ele>
        <time>2026-10-08T00:13:52.000Z</time>
        <extensions>
          <ns3:TrackPointExtension>
            <ns3:hr>154</ns3:hr>
            <ns3:cad>88</ns3:cad>
          </ns3:TrackPointExtension>
        </extensions>
      </trkpt>
      <trkpt lat="34.175556935369968414306640625" lon="108.92932207323610782623291015625">
        <ele>459.399993896484375</ele>
        <time>2026-10-08T00:13:53.000Z</time>
        <extensions>
          <ns3:TrackPointExtension>
            <ns3:hr>153</ns3:hr>
            <ns3:cad>88</ns3:cad>
          </ns3:TrackPointExtension>
        </extensions>
      </trkpt>
      <trkpt lat="34.1755487211048603057861328125" lon="108.92929642461240291595458984375">
        <ele>459.399993896484375</ele>
        <time>2026-10-08T00:13:54.000Z</time>
        <extensions>
          <ns3:TrackPointExtension>
            <ns3:hr>154</ns3:hr>
            <ns3:cad>88</ns3:cad>
          </ns3:TrackPointExtension>
        </extensions>
      </trkpt>
      <trkpt lat="34.1755443625152111053466796875" lon="108.9292688481509685516357421875">
        <ele>459.20001220703125</ele>
        <time>2026-10-08T00:13:55.000Z</time>
        <extensions>
          <ns3:TrackPointExtension>
            <ns3:hr>154</ns3:hr>
            <ns3:cad>88</ns3:cad>
          </ns3:TrackPointExtension>
        </extensions>
      </trkpt>
      <trkpt lat="34.17554025538265705108642578125" lon="108.929241858422756195068359375">
        <ele>459.20001220703125</ele>
        <time>2026-10-08T00:13:56.000Z</time>
        <extensions>
          <ns3:TrackPointExtension>
            <ns3:hr>154</ns3:hr>
            <ns3:cad>88</ns3:cad>
          </ns3:TrackPointExtension>
        </extensions>
      </trkpt>
      <trkpt lat="34.175539501011371612548828125" lon="108.9292172156274318695068359375">
        <ele>459.20001220703125</ele>
        <time>2026-10-08T00:13:57.000Z</time>
        <extensions>
          <ns3:TrackPointExtension>
            <ns3:hr>155</ns3:hr>
            <ns3:cad>88</ns3:cad>
          </ns3:TrackPointExtension>
        </extensions>
      </trkpt>
      <trkpt lat="34.17553774081170558929443359375" lon="108.92920254729688167572021484375">
        <ele>459.20001220703125</ele>
        <time>2026-10-08T00:13:58.000Z</time>
        <extensions>
          <ns3:TrackPointExtension>
            <ns3:hr>155</ns3:hr>
            <ns3:cad>89</ns3:cad>
          </ns3:TrackPointExtension>
        </extensions>
      </trkpt>
      <trkpt lat="34.1755457036197185516357421875" lon="108.92915703356266021728515625">
        <ele>459.20001220703125</ele>
        <time>2026-10-08T00:13:59.000Z</time>
        <extensions>
          <ns3:TrackPointExtension>
            <ns3:hr>155</ns3:hr>
            <ns3:cad>89</ns3:cad>
          </ns3:TrackPointExtension>
        </extensions>
      </trkpt>
      <trkpt lat="34.17555584572255611419677734375" lon="108.9291290380060672760009765625">
        <ele>459.399993896484375</ele>
        <time>2026-10-08T00:14:00.000Z</time>
        <extensions>
          <ns3:TrackPointExtension>
            <ns3:hr>155</ns3:hr>
            <ns3:cad>89</ns3:cad>
          </ns3:TrackPointExtension>
        </extensions>
      </trkpt>
      <trkpt lat="34.17557747103273868560791015625" lon="108.929091654717922210693359375">
        <ele>459.399993896484375</ele>
        <time>2026-10-08T00:14:01.000Z</time>
        <extensions>
          <ns3:TrackPointExtension>
            <ns3:hr>156</ns3:hr>
            <ns3:cad>89</ns3:cad>
          </ns3:TrackPointExtension>
        </extensions>
      </trkpt>
      <trkpt lat="34.1755959950387477874755859375" lon="108.92906642518937587738037109375">
        <ele>459.399993896484375</ele>
        <time>2026-10-08T00:14:02.000Z</time>
        <extensions>
          <ns3:TrackPointExtension>
            <ns3:hr>156</ns3:hr>
            <ns3:cad>89</ns3:cad>
          </ns3:TrackPointExtension>
        </extensions>
      </trkpt>
      <trkpt lat="34.17561435140669345855712890625" lon="108.9290396869182586669921875">
        <ele>459.600006103515625</ele>
        <time>2026-10-08T00:14:03.000Z</time>
        <extensions>
          <ns3:TrackPointExtension>
            <ns3:hr>156</ns3:hr>
            <ns3:cad>89</ns3:cad>
          </ns3:TrackPointExtension>
        </extensions>
      </trkpt>
      <trkpt lat="34.1756258346140384674072265625" lon="108.92901512794196605682373046875">
        <ele>459.79998779296875</ele>
        <time>2026-10-08T00:14:04.000Z</time>
        <extensions>
          <ns3:TrackPointExtension>
            <ns3:hr>156</ns3:hr>
            <ns3:cad>89</ns3:cad>
          </ns3:TrackPointExtension>
        </extensions>
      </trkpt>
      <trkpt lat="34.175640083849430084228515625" lon="108.928986378014087677001953125">
        <ele>460</ele>
        <time>2026-10-08T00:14:05.000Z</time>
        <extensions>
          <ns3:TrackPointExtension>
            <ns3:hr>156</ns3:hr>
            <ns3:cad>88</ns3:cad>
          </ns3:TrackPointExtension>
        </extensions>
      </trkpt>
      <trkpt lat="34.17565190233290195465087890625" lon="108.92896391451358795166015625">
        <ele>460</ele>
        <time>2026-10-08T00:14:06.000Z</time>
        <extensions>
          <ns3:TrackPointExtension>
            <ns3:hr>157</ns3:hr>
            <ns3:cad>88</ns3:cad>
          </ns3:TrackPointExtension>
        </extensions>
      </trkpt>
      <trkpt lat="34.175664223730564117431640625" lon="108.92893499694764614105224609375">
        <ele>460</ele>
        <time>2026-10-08T00:14:07.000Z</time>
        <extensions>
          <ns3:TrackPointExtension>
            <ns3:hr>157</ns3:hr>
            <ns3:cad>88</ns3:cad>
          </ns3:TrackPointExtension>
        </extensions>
      </trkpt>
      <trkpt lat="34.175672270357608795166015625" lon="108.9289084263145923614501953125">
        <ele>460</ele>
        <time>2026-10-08T00:14:08.000Z</time>
        <extensions>
          <ns3:TrackPointExtension>
            <ns3:hr>157</ns3:hr>
            <ns3:cad>88</ns3:cad>
          </ns3:TrackPointExtension>
        </extensions>
      </trkpt>
      <trkpt lat="34.17568065226078033447265625" lon="108.928873054683208465576171875">
        <ele>460</ele>
        <time>2026-10-08T00:14:09.000Z</time>
        <extensions>
          <ns3:TrackPointExtension>
            <ns3:hr>158</ns3:hr>
            <ns3:cad>89</ns3:cad>
          </ns3:TrackPointExtension>
        </extensions>
      </trkpt>
      <trkpt lat="34.17568777687847614288330078125" lon="108.9288457296788692474365234375">
        <ele>460.20001220703125</ele>
        <time>2026-10-08T00:14:10.000Z</time>
        <extensions>
          <ns3:TrackPointExtension>
            <ns3:hr>157</ns3:hr>
            <ns3:cad>90</ns3:cad>
          </ns3:TrackPointExtension>
        </extensions>
      </trkpt>
      <trkpt lat="34.17569414712488651275634765625" lon="108.92881262116134166717529296875">
        <ele>460.20001220703125</ele>
        <time>2026-10-08T00:14:11.000Z</time>
        <extensions>
          <ns3:TrackPointExtension>
            <ns3:hr>157</ns3:hr>
            <ns3:cad>90</ns3:cad>
          </ns3:TrackPointExtension>
        </extensions>
      </trkpt>
      <trkpt lat="34.1756989248096942901611328125" lon="108.92878529615700244903564453125">
        <ele>460.20001220703125</ele>
        <time>2026-10-08T00:14:12.000Z</time>
        <extensions>
          <ns3:TrackPointExtension>
            <ns3:hr>158</ns3:hr>
            <ns3:cad>89</ns3:cad>
          </ns3:TrackPointExtension>
        </extensions>
      </trkpt>
      <trkpt lat="34.17570906691253185272216796875" lon="108.92874958924949169158935546875">
        <ele>460.20001220703125</ele>
        <time>2026-10-08T00:14:13.000Z</time>
        <extensions>
          <ns3:TrackPointExtension>
            <ns3:hr>158</ns3:hr>
            <ns3:cad>89</ns3:cad>
          </ns3:TrackPointExtension>
        </extensions>
      </trkpt>
      <trkpt lat="34.1757156886160373687744140625" lon="108.92872444353997707366943359375">
        <ele>460.399993896484375</ele>
        <time>2026-10-08T00:14:14.000Z</time>
        <extensions>
          <ns3:TrackPointExtension>
            <ns3:hr>158</ns3:hr>
            <ns3:cad>89</ns3:cad>
          </ns3:TrackPointExtension>
        </extensions>
      </trkpt>
      <trkpt lat="34.175725914537906646728515625" lon="108.9286881498992443084716796875">
        <ele>460.399993896484375</ele>
        <time>2026-10-08T00:14:15.000Z</time>
        <extensions>
          <ns3:TrackPointExtension>
            <ns3:hr>158</ns3:hr>
            <ns3:cad>88</ns3:cad>
          </ns3:TrackPointExtension>
        </extensions>
      </trkpt>
      <trkpt lat="34.17573153041303157806396484375" lon="108.92866090871393680572509765625">
        <ele>460.399993896484375</ele>
        <time>2026-10-08T00:14:16.000Z</time>
        <extensions>
          <ns3:TrackPointExtension>
            <ns3:hr>158</ns3:hr>
            <ns3:cad>88</ns3:cad>
          </ns3:TrackPointExtension>
        </extensions>
      </trkpt>
      <trkpt lat="34.1757368110120296478271484375" lon="108.9286298118531703948974609375">
        <ele>460.399993896484375</ele>
        <time>2026-10-08T00:14:17.000Z</time>
        <extensions>
          <ns3:TrackPointExtension>
            <ns3:hr>157</ns3:hr>
            <ns3:cad>88</ns3:cad>
          </ns3:TrackPointExtension>
        </extensions>
      </trkpt>
      <trkpt lat="34.17574242688715457916259765625" lon="108.92860324122011661529541015625">
        <ele>460.600006103515625</ele>
        <time>2026-10-08T00:14:18.000Z</time>
        <extensions>
          <ns3:TrackPointExtension>
            <ns3:hr>158</ns3:hr>
            <ns3:cad>88</ns3:cad>
          </ns3:TrackPointExtension>
        </extensions>
      </trkpt>
      <trkpt lat="34.17575198225677013397216796875" lon="108.92857088707387447357177734375">
        <ele>460.600006103515625</ele>
        <time>2026-10-08T00:14:19.000Z</time>
        <extensions>
          <ns3:TrackPointExtension>
            <ns3:hr>158</ns3:hr>
            <ns3:cad>89</ns3:cad>
          </ns3:TrackPointExtension>
        </extensions>
      </trkpt>
      <trkpt lat="34.17575734667479991912841796875" lon="108.92854423262178897857666015625">
        <ele>460.600006103515625</ele>
        <time>2026-10-08T00:14:20.000Z</time>
        <extensions>
          <ns3:TrackPointExtension>
            <ns3:hr>158</ns3:hr>
            <ns3:cad>89</ns3:cad>
          </ns3:TrackPointExtension>
        </extensions>
      </trkpt>
      <trkpt lat="34.17576019652187824249267578125" lon="108.92850852571427822113037109375">
        <ele>460.79998779296875</ele>
        <time>2026-10-08T00:14:21.000Z</time>
        <extensions>
          <ns3:TrackPointExtension>
            <ns3:hr>158</ns3:hr>
            <ns3:cad>89</ns3:cad>
          </ns3:TrackPointExtension>
        </extensions>
      </trkpt>
      <trkpt lat="34.17576606385409832000732421875" lon="108.92848589457571506500244140625">
        <ele>460.79998779296875</ele>
        <time>2026-10-08T00:14:22.000Z</time>
        <extensions>
          <ns3:TrackPointExtension>
            <ns3:hr>159</ns3:hr>
            <ns3:cad>89</ns3:cad>
          </ns3:TrackPointExtension>
        </extensions>
      </trkpt>
      <trkpt lat="34.1757720150053501129150390625" lon="108.92845622263848781585693359375">
        <ele>461</ele>
        <time>2026-10-08T00:14:23.000Z</time>
        <extensions>
          <ns3:TrackPointExtension>
            <ns3:hr>159</ns3:hr>
            <ns3:cad>89</ns3:cad>
          </ns3:TrackPointExtension>
        </extensions>
      </trkpt>
      <trkpt lat="34.17577830143272876739501953125" lon="108.92842956818640232086181640625">
        <ele>461</ele>
        <time>2026-10-08T00:14:24.000Z</time>
        <extensions>
          <ns3:TrackPointExtension>
            <ns3:hr>159</ns3:hr>
            <ns3:cad>90</ns3:cad>
          </ns3:TrackPointExtension>
        </extensions>
      </trkpt>
      <trkpt lat="34.175778888165950775146484375" lon="108.92840073443949222564697265625">
        <ele>461.20001220703125</ele>
        <time>2026-10-08T00:14:25.000Z</time>
        <extensions>
          <ns3:TrackPointExtension>
            <ns3:hr>159</ns3:hr>
            <ns3:cad>90</ns3:cad>
          </ns3:TrackPointExtension>
        </extensions>
      </trkpt>
      <trkpt lat="34.17578131891787052154541015625" lon="108.9283703081309795379638671875">
        <ele>461.20001220703125</ele>
        <time>2026-10-08T00:14:26.000Z</time>
        <extensions>
          <ns3:TrackPointExtension>
            <ns3:hr>159</ns3:hr>
            <ns3:cad>89</ns3:cad>
          </ns3:TrackPointExtension>
        </extensions>
      </trkpt>
      <trkpt lat="34.175775535404682159423828125" lon="108.928348012268543243408203125">
        <ele>461.20001220703125</ele>
        <time>2026-10-08T00:14:27.000Z</time>
        <extensions>
          <ns3:TrackPointExtension>
            <ns3:hr>159</ns3:hr>
            <ns3:cad>88</ns3:cad>
          </ns3:TrackPointExtension>
        </extensions>
      </trkpt>
      <trkpt lat="34.17577360756695270538330078125" lon="108.92831305973231792449951171875">
        <ele>461.20001220703125</ele>
        <time>2026-10-08T00:14:28.000Z</time>
        <extensions>
          <ns3:TrackPointExtension>
            <ns3:hr>159</ns3:hr>
            <ns3:cad>88</ns3:cad>
          </ns3:TrackPointExtension>
        </extensions>
      </trkpt>
      <trkpt lat="34.17577109299600124359130859375" lon="108.928289674222469329833984375">
        <ele>461</ele>
        <time>2026-10-08T00:14:29.000Z</time>
        <extensions>
          <ns3:TrackPointExtension>
            <ns3:hr>160</ns3:hr>
            <ns3:cad>88</ns3:cad>
          </ns3:TrackPointExtension>
        </extensions>
      </trkpt>
      <trkpt lat="34.17576757259666919708251953125" lon="108.9282549731433391571044921875">
        <ele>461</ele>
        <time>2026-10-08T00:14:30.000Z</time>
        <extensions>
          <ns3:TrackPointExtension>
            <ns3:hr>159</ns3:hr>
            <ns3:cad>88</ns3:cad>
          </ns3:TrackPointExtension>
        </extensions>
      </trkpt>
      <trkpt lat="34.175759442150592803955078125" lon="108.92823292873799800872802734375">
        <ele>460.79998779296875</ele>
        <time>2026-10-08T00:14:31.000Z</time>
        <extensions>
          <ns3:TrackPointExtension>
            <ns3:hr>159</ns3:hr>
            <ns3:cad>88</ns3:cad>
          </ns3:TrackPointExtension>
        </extensions>
      </trkpt>
      <trkpt lat="34.17574703693389892578125" lon="108.92819755710661411285400390625">
        <ele>460.79998779296875</ele>
        <time>2026-10-08T00:14:32.000Z</time>
        <extensions>
          <ns3:TrackPointExtension>
            <ns3:hr>159</ns3:hr>
            <ns3:cad>88</ns3:cad>
          </ns3:TrackPointExtension>
        </extensions>
      </trkpt>
      <trkpt lat="34.1757361404597759246826171875" lon="108.928172327578067779541015625">
        <ele>460.600006103515625</ele>
        <time>2026-10-08T00:14:33.000Z</time>
        <extensions>
          <ns3:TrackPointExtension>
            <ns3:hr>159</ns3:hr>
            <ns3:cad>88</ns3:cad>
          </ns3:TrackPointExtension>
        </extensions>
      </trkpt>
      <trkpt lat="34.175725914537906646728515625" lon="108.92813511192798614501953125">
        <ele>460.600006103515625</ele>
        <time>2026-10-08T00:14:34.000Z</time>
        <extensions>
          <ns3:TrackPointExtension>
            <ns3:hr>159</ns3:hr>
            <ns3:cad>87</ns3:cad>
          </ns3:TrackPointExtension>
        </extensions>
      </trkpt>
      <trkpt lat="34.17571510188281536102294921875" lon="108.9281087927520275115966796875">
        <ele>460.600006103515625</ele>
        <time>2026-10-08T00:14:35.000Z</time>
        <extensions>
          <ns3:TrackPointExtension>
            <ns3:hr>159</ns3:hr>
            <ns3:cad>87</ns3:cad>
          </ns3:TrackPointExtension>
        </extensions>
      </trkpt>
      <trkpt lat="34.17570822872221469879150390625" lon="108.92807736061513423919677734375">
        <ele>460.600006103515625</ele>
        <time>2026-10-08T00:14:36.000Z</time>
        <extensions>
          <ns3:TrackPointExtension>
            <ns3:hr>159</ns3:hr>
            <ns3:cad>87</ns3:cad>
          </ns3:TrackPointExtension>
        </extensions>
      </trkpt>
      <trkpt lat="34.1756975837051868438720703125" lon="108.9280474372208118438720703125">
        <ele>460.600006103515625</ele>
        <time>2026-10-08T00:14:37.000Z</time>
        <extensions>
          <ns3:TrackPointExtension>
            <ns3:hr>159</ns3:hr>
            <ns3:cad>87</ns3:cad>
          </ns3:TrackPointExtension>
        </extensions>
      </trkpt>
      <trkpt lat="34.1756786406040191650390625" lon="108.928019441664218902587890625">
        <ele>460.399993896484375</ele>
        <time>2026-10-08T00:14:38.000Z</time>
        <extensions>
          <ns3:TrackPointExtension>
            <ns3:hr>158</ns3:hr>
            <ns3:cad>88</ns3:cad>
          </ns3:TrackPointExtension>
        </extensions>
      </trkpt>
      <trkpt lat="34.1756613738834857940673828125" lon="108.927997313439846038818359375">
        <ele>460.399993896484375</ele>
        <time>2026-10-08T00:14:39.000Z</time>
        <extensions>
          <ns3:TrackPointExtension>
            <ns3:hr>158</ns3:hr>
            <ns3:cad>89</ns3:cad>
          </ns3:TrackPointExtension>
        </extensions>
      </trkpt>
      <trkpt lat="34.17563907802104949951171875" lon="108.92797711305320262908935546875">
        <ele>460.20001220703125</ele>
        <time>2026-10-08T00:14:40.000Z</time>
        <extensions>
          <ns3:TrackPointExtension>
            <ns3:hr>157</ns3:hr>
            <ns3:cad>89</ns3:cad>
          </ns3:TrackPointExtension>
        </extensions>
      </trkpt>
      <trkpt lat="34.17562005110085010528564453125" lon="108.9279562421143054962158203125">
        <ele>460.20001220703125</ele>
        <time>2026-10-08T00:14:41.000Z</time>
        <extensions>
          <ns3:TrackPointExtension>
            <ns3:hr>157</ns3:hr>
            <ns3:cad>89</ns3:cad>
          </ns3:TrackPointExtension>
        </extensions>
      </trkpt>
      <trkpt lat="34.17559482157230377197265625" lon="108.92794601619243621826171875">
        <ele>460</ele>
        <time>2026-10-08T00:14:42.000Z</time>
        <extensions>
          <ns3:TrackPointExtension>
            <ns3:hr>156</ns3:hr>
            <ns3:cad>88</ns3:cad>
          </ns3:TrackPointExtension>
        </extensions>
      </trkpt>
      <trkpt lat="34.1755698435008525848388671875" lon="108.927933275699615478515625">
        <ele>460</ele>
        <time>2026-10-08T00:14:43.000Z</time>
        <extensions>
          <ns3:TrackPointExtension>
            <ns3:hr>156</ns3:hr>
            <ns3:cad>88</ns3:cad>
          </ns3:TrackPointExtension>
        </extensions>
      </trkpt>
      <trkpt lat="34.17554561980068683624267578125" lon="108.92792162485420703887939453125">
        <ele>459.79998779296875</ele>
        <time>2026-10-08T00:14:44.000Z</time>
        <extensions>
          <ns3:TrackPointExtension>
            <ns3:hr>155</ns3:hr>
            <ns3:cad>88</ns3:cad>
          </ns3:TrackPointExtension>
        </extensions>
      </trkpt>
      <trkpt lat="34.17551863007247447967529296875" lon="108.92790980637073516845703125">
        <ele>459.79998779296875</ele>
        <time>2026-10-08T00:14:45.000Z</time>
        <extensions>
          <ns3:TrackPointExtension>
            <ns3:hr>155</ns3:hr>
            <ns3:cad>87</ns3:cad>
          </ns3:TrackPointExtension>
        </extensions>
      </trkpt>
      <trkpt lat="34.175495915114879608154296875" lon="108.92790335230529308319091796875">
        <ele>459.600006103515625</ele>
        <time>2026-10-08T00:14:46.000Z</time>
        <extensions>
          <ns3:TrackPointExtension>
            <ns3:hr>155</ns3:hr>
            <ns3:cad>87</ns3:cad>
          </ns3:TrackPointExtension>
        </extensions>
      </trkpt>
      <trkpt lat="34.1754685901105403900146484375" lon="108.92789161764085292816162109375">
        <ele>459.600006103515625</ele>
        <time>2026-10-08T00:14:47.000Z</time>
        <extensions>
          <ns3:TrackPointExtension>
            <ns3:hr>155</ns3:hr>
            <ns3:cad>87</ns3:cad>
          </ns3:TrackPointExtension>
        </extensions>
      </trkpt>
      <trkpt lat="34.1754424385726451873779296875" lon="108.9278863370418548583984375">
        <ele>459.600006103515625</ele>
        <time>2026-10-08T00:14:48.000Z</time>
        <extensions>
          <ns3:TrackPointExtension>
            <ns3:hr>156</ns3:hr>
            <ns3:cad>88</ns3:cad>
          </ns3:TrackPointExtension>
        </extensions>
      </trkpt>
      <trkpt lat="34.17541570030152797698974609375" lon="108.927880637347698211669921875">
        <ele>459.399993896484375</ele>
        <time>2026-10-08T00:14:49.000Z</time>
        <extensions>
          <ns3:TrackPointExtension>
            <ns3:hr>155</ns3:hr>
            <ns3:cad>89</ns3:cad>
          </ns3:TrackPointExtension>
        </extensions>
      </trkpt>
      <trkpt lat="34.17539088986814022064208984375" lon="108.927879296243190765380859375">
        <ele>459.399993896484375</ele>
        <time>2026-10-08T00:14:50.000Z</time>
        <extensions>
          <ns3:TrackPointExtension>
            <ns3:hr>155</ns3:hr>
            <ns3:cad>89</ns3:cad>
          </ns3:TrackPointExtension>
        </extensions>
      </trkpt>
      <trkpt lat="34.17536549270153045654296875" lon="108.9278791286051273345947265625">
        <ele>459.399993896484375</ele>
        <time>2026-10-08T00:14:51.000Z</time>
        <extensions>
          <ns3:TrackPointExtension>
            <ns3:hr>155</ns3:hr>
            <ns3:cad>89</ns3:cad>
          </ns3:TrackPointExtension>
        </extensions>
      </trkpt>
      <trkpt lat="34.1753385029733180999755859375" lon="108.9278734289109706878662109375">
        <ele>459.399993896484375</ele>
        <time>2026-10-08T00:14:52.000Z</time>
        <extensions>
          <ns3:TrackPointExtension>
            <ns3:hr>155</ns3:hr>
            <ns3:cad>90</ns3:cad>
          </ns3:TrackPointExtension>
        </extensions>
      </trkpt>
      <trkpt lat="34.17531260289251804351806640625" lon="108.92786948941648006439208984375">
        <ele>459.399993896484375</ele>
        <time>2026-10-08T00:14:53.000Z</time>
        <extensions>
          <ns3:TrackPointExtension>
            <ns3:hr>154</ns3:hr>
            <ns3:cad>91</ns3:cad>
          </ns3:TrackPointExtension>
        </extensions>
      </trkpt>
      <trkpt lat="34.17528234422206878662109375" lon="108.9278744347393512725830078125">
        <ele>459.399993896484375</ele>
        <time>2026-10-08T00:14:54.000Z</time>
        <extensions>
          <ns3:TrackPointExtension>
            <ns3:hr>154</ns3:hr>
            <ns3:cad>92</ns3:cad>
          </ns3:TrackPointExtension>
        </extensions>
      </trkpt>
      <trkpt lat="34.17525476776063442230224609375" lon="108.92788139171898365020751953125">
        <ele>459.399993896484375</ele>
        <time>2026-10-08T00:14:55.000Z</time>
        <extensions>
          <ns3:TrackPointExtension>
            <ns3:hr>154</ns3:hr>
            <ns3:cad>92</ns3:cad>
          </ns3:TrackPointExtension>
        </extensions>
      </trkpt>
      <trkpt lat="34.17522761039435863494873046875" lon="108.92789564095437526702880859375">
        <ele>459.399993896484375</ele>
        <time>2026-10-08T00:14:56.000Z</time>
        <extensions>
          <ns3:TrackPointExtension>
            <ns3:hr>154</ns3:hr>
            <ns3:cad>91</ns3:cad>
          </ns3:TrackPointExtension>
        </extensions>
      </trkpt>
      <trkpt lat="34.175200201570987701416015625" lon="108.9279046095907688140869140625">
        <ele>459.399993896484375</ele>
        <time>2026-10-08T00:14:57.000Z</time>
        <extensions>
          <ns3:TrackPointExtension>
            <ns3:hr>154</ns3:hr>
            <ns3:cad>91</ns3:cad>
          </ns3:TrackPointExtension>
        </extensions>
      </trkpt>
      <trkpt lat="34.17518134228885173797607421875" lon="108.92791894264519214630126953125">
        <ele>459.399993896484375</ele>
        <time>2026-10-08T00:14:58.000Z</time>
        <extensions>
          <ns3:TrackPointExtension>
            <ns3:hr>154</ns3:hr>
            <ns3:cad>91</ns3:cad>
          </ns3:TrackPointExtension>
        </extensions>
      </trkpt>
      <trkpt lat="34.17515586130321025848388671875" lon="108.927926234900951385498046875">
        <ele>459.399993896484375</ele>
        <time>2026-10-08T00:14:59.000Z</time>
        <extensions>
          <ns3:TrackPointExtension>
            <ns3:hr>153</ns3:hr>
            <ns3:cad>91</ns3:cad>
          </ns3:TrackPointExtension>
        </extensions>
      </trkpt>
      <trkpt lat="34.17513616383075714111328125" lon="108.92793503589928150177001953125">
        <ele>459.600006103515625</ele>
        <time>2026-10-08T00:15:00.000Z</time>
        <extensions>
          <ns3:TrackPointExtension>
            <ns3:hr>153</ns3:hr>
            <ns3:cad>89</ns3:cad>
          </ns3:TrackPointExtension>
        </extensions>
      </trkpt>
      <trkpt lat="34.1751085035502910614013671875" lon="108.92793931066989898681640625">
        <ele>459.600006103515625</ele>
        <time>2026-10-08T00:15:01.000Z</time>
        <extensions>
          <ns3:TrackPointExtension>
            <ns3:hr>152</ns3:hr>
            <ns3:cad>89</ns3:cad>
          </ns3:TrackPointExtension>
        </extensions>
      </trkpt>
      <trkpt lat="34.1750853694975376129150390625" lon="108.92795163206756114959716796875">
        <ele>459.600006103515625</ele>
        <time>2026-10-08T00:15:02.000Z</time>
        <extensions>
          <ns3:TrackPointExtension>
            <ns3:hr>152</ns3:hr>
            <ns3:cad>88</ns3:cad>
          </ns3:TrackPointExtension>
        </extensions>
      </trkpt>
      <trkpt lat="34.1750565357506275177001953125" lon="108.9279606007039546966552734375">
        <ele>459.79998779296875</ele>
        <time>2026-10-08T00:15:03.000Z</time>
        <extensions>
          <ns3:TrackPointExtension>
            <ns3:hr>152</ns3:hr>
            <ns3:cad>88</ns3:cad>
          </ns3:TrackPointExtension>
        </extensions>
      </trkpt>
      <trkpt lat="34.17503382079303264617919921875" lon="108.92797023989260196685791015625">
        <ele>459.79998779296875</ele>
        <time>2026-10-08T00:15:04.000Z</time>
        <extensions>
          <ns3:TrackPointExtension>
            <ns3:hr>152</ns3:hr>
            <ns3:cad>88</ns3:cad>
          </ns3:TrackPointExtension>
        </extensions>
      </trkpt>
      <trkpt lat="34.1750079207122325897216796875" lon="108.92797686159610748291015625">
        <ele>459.79998779296875</ele>
        <time>2026-10-08T00:15:05.000Z</time>
        <extensions>
          <ns3:TrackPointExtension>
            <ns3:hr>152</ns3:hr>
            <ns3:cad>88</ns3:cad>
          </ns3:TrackPointExtension>
        </extensions>
      </trkpt>
      <trkpt lat="34.17498864233493804931640625" lon="108.927987925708293914794921875">
        <ele>460</ele>
        <time>2026-10-08T00:15:06.000Z</time>
        <extensions>
          <ns3:TrackPointExtension>
            <ns3:hr>152</ns3:hr>
            <ns3:cad>89</ns3:cad>
          </ns3:TrackPointExtension>
        </extensions>
      </trkpt>
      <trkpt lat="34.17495855130255222320556640625" lon="108.9279949665069580078125">
        <ele>460</ele>
        <time>2026-10-08T00:15:07.000Z</time>
        <extensions>
          <ns3:TrackPointExtension>
            <ns3:hr>152</ns3:hr>
            <ns3:cad>90</ns3:cad>
          </ns3:TrackPointExtension>
        </extensions>
      </trkpt>
      <trkpt lat="34.1749437153339385986328125" lon="108.92800443805754184722900390625">
        <ele>460</ele>
        <time>2026-10-08T00:15:08.000Z</time>
        <extensions>
          <ns3:TrackPointExtension>
            <ns3:hr>152</ns3:hr>
            <ns3:cad>90</ns3:cad>
          </ns3:TrackPointExtension>
        </extensions>
      </trkpt>
      <trkpt lat="34.1749251075088977813720703125" lon="108.92801575362682342529296875">
        <ele>460</ele>
        <time>2026-10-08T00:15:09.000Z</time>
        <extensions>
          <ns3:TrackPointExtension>
            <ns3:hr>152</ns3:hr>
            <ns3:cad>89</ns3:cad>
          </ns3:TrackPointExtension>
        </extensions>
      </trkpt>
      <trkpt lat="34.1749120317399501800537109375" lon="108.92803126014769077301025390625">
        <ele>460</ele>
        <time>2026-10-08T00:15:10.000Z</time>
        <extensions>
          <ns3:TrackPointExtension>
            <ns3:hr>151</ns3:hr>
            <ns3:cad>89</ns3:cad>
          </ns3:TrackPointExtension>
        </extensions>
      </trkpt>
      <trkpt lat="34.17489099316298961639404296875" lon="108.92805037088692188262939453125">
        <ele>460</ele>
        <time>2026-10-08T00:15:11.000Z</time>
        <extensions>
          <ns3:TrackPointExtension>
            <ns3:hr>151</ns3:hr>
            <ns3:cad>89</ns3:cad>
          </ns3:TrackPointExtension>
        </extensions>
      </trkpt>
      <trkpt lat="34.174879007041454315185546875" lon="108.92806478776037693023681640625">
        <ele>460</ele>
        <time>2026-10-08T00:15:12.000Z</time>
        <extensions>
          <ns3:TrackPointExtension>
            <ns3:hr>151</ns3:hr>
            <ns3:cad>88</ns3:cad>
          </ns3:TrackPointExtension>
        </extensions>
      </trkpt>
      <trkpt lat="34.17485930956900119781494140625" lon="108.92808892764151096343994140625">
        <ele>460</ele>
        <time>2026-10-08T00:15:13.000Z</time>
        <extensions>
          <ns3:TrackPointExtension>
            <ns3:hr>151</ns3:hr>
            <ns3:cad>88</ns3:cad>
          </ns3:TrackPointExtension>
        </extensions>
      </trkpt>
      <trkpt lat="34.17484774254262447357177734375" lon="108.92811298370361328125">
        <ele>460</ele>
        <time>2026-10-08T00:15:14.000Z</time>
        <extensions>
          <ns3:TrackPointExtension>
            <ns3:hr>151</ns3:hr>
            <ns3:cad>88</ns3:cad>
          </ns3:TrackPointExtension>
        </extensions>
      </trkpt>
      <trkpt lat="34.17483567260205745697021484375" lon="108.92814022488892078399658203125">
        <ele>460</ele>
        <time>2026-10-08T00:15:15.000Z</time>
        <extensions>
          <ns3:TrackPointExtension>
            <ns3:hr>151</ns3:hr>
            <ns3:cad>88</ns3:cad>
          </ns3:TrackPointExtension>
        </extensions>
      </trkpt>
      <trkpt lat="34.17482594959437847137451171875" lon="108.9281607605516910552978515625">
        <ele>460</ele>
        <time>2026-10-08T00:15:16.000Z</time>
        <extensions>
          <ns3:TrackPointExtension>
            <ns3:hr>151</ns3:hr>
            <ns3:cad>88</ns3:cad>
          </ns3:TrackPointExtension>
        </extensions>
      </trkpt>
      <trkpt lat="34.17480700649321079254150390625" lon="108.928185738623142242431640625">
        <ele>460</ele>
        <time>2026-10-08T00:15:17.000Z</time>
        <extensions>
          <ns3:TrackPointExtension>
            <ns3:hr>151</ns3:hr>
            <ns3:cad>89</ns3:cad>
          </ns3:TrackPointExtension>
        </extensions>
      </trkpt>
      <trkpt lat="34.1748007200658321380615234375" lon="108.92821230925619602203369140625">
        <ele>460</ele>
        <time>2026-10-08T00:15:18.000Z</time>
        <extensions>
          <ns3:TrackPointExtension>
            <ns3:hr>151</ns3:hr>
            <ns3:cad>89</ns3:cad>
          </ns3:TrackPointExtension>
        </extensions>
      </trkpt>
      <trkpt lat="34.17478923685848712921142578125" lon="108.92824432812631130218505859375">
        <ele>460</ele>
        <time>2026-10-08T00:15:19.000Z</time>
        <extensions>
          <ns3:TrackPointExtension>
            <ns3:hr>151</ns3:hr>
            <ns3:cad>89</ns3:cad>
          </ns3:TrackPointExtension>
        </extensions>
      </trkpt>
      <trkpt lat="34.17477901093661785125732421875" lon="108.92827098257839679718017578125">
        <ele>460</ele>
        <time>2026-10-08T00:15:20.000Z</time>
        <extensions>
          <ns3:TrackPointExtension>
            <ns3:hr>151</ns3:hr>
            <ns3:cad>88</ns3:cad>
          </ns3:TrackPointExtension>
        </extensions>
      </trkpt>
      <trkpt lat="34.17476006783545017242431640625" lon="108.92829864285886287689208984375">
        <ele>460</ele>
        <time>2026-10-08T00:15:21.000Z</time>
        <extensions>
          <ns3:TrackPointExtension>
            <ns3:hr>151</ns3:hr>
            <ns3:cad>88</ns3:cad>
          </ns3:TrackPointExtension>
        </extensions>
      </trkpt>
      <trkpt lat="34.1747505962848663330078125" lon="108.928319513797760009765625">
        <ele>460</ele>
        <time>2026-10-08T00:15:22.000Z</time>
        <extensions>
          <ns3:TrackPointExtension>
            <ns3:hr>151</ns3:hr>
            <ns3:cad>89</ns3:cad>
          </ns3:TrackPointExtension>
        </extensions>
      </trkpt>
      <trkpt lat="34.17473173700273036956787109375" lon="108.92835094593465328216552734375">
        <ele>460</ele>
        <time>2026-10-08T00:15:23.000Z</time>
        <extensions>
          <ns3:TrackPointExtension>
            <ns3:hr>151</ns3:hr>
            <ns3:cad>89</ns3:cad>
          </ns3:TrackPointExtension>
        </extensions>
      </trkpt>
      <trkpt lat="34.17471899650990962982177734375" lon="108.928372152149677276611328125">
        <ele>460.20001220703125</ele>
        <time>2026-10-08T00:15:24.000Z</time>
        <extensions>
          <ns3:TrackPointExtension>
            <ns3:hr>151</ns3:hr>
            <ns3:cad>89</ns3:cad>
          </ns3:TrackPointExtension>
        </extensions>
      </trkpt>
      <trkpt lat="34.1747132129967212677001953125" lon="108.9284095354378223419189453125">
        <ele>460.20001220703125</ele>
        <time>2026-10-08T00:15:25.000Z</time>
        <extensions>
          <ns3:TrackPointExtension>
            <ns3:hr>150</ns3:hr>
            <ns3:cad>89</ns3:cad>
          </ns3:TrackPointExtension>
        </extensions>
      </trkpt>
      <trkpt lat="34.17471078224480152130126953125" lon="108.928432501852512359619140625">
        <ele>460.20001220703125</ele>
        <time>2026-10-08T00:15:26.000Z</time>
        <extensions>
          <ns3:TrackPointExtension>
            <ns3:hr>151</ns3:hr>
            <ns3:cad>89</ns3:cad>
          </ns3:TrackPointExtension>
        </extensions>
      </trkpt>
      <trkpt lat="34.174708686769008636474609375" lon="108.92847181297838687896728515625">
        <ele>460.399993896484375</ele>
        <time>2026-10-08T00:15:27.000Z</time>
        <extensions>
          <ns3:TrackPointExtension>
            <ns3:hr>151</ns3:hr>
            <ns3:cad>89</ns3:cad>
          </ns3:TrackPointExtension>
        </extensions>
      </trkpt>
      <trkpt lat="34.1747078485786914825439453125" lon="108.928498215973377227783203125">
        <ele>460.399993896484375</ele>
        <time>2026-10-08T00:15:28.000Z</time>
        <extensions>
          <ns3:TrackPointExtension>
            <ns3:hr>150</ns3:hr>
            <ns3:cad>89</ns3:cad>
          </ns3:TrackPointExtension>
        </extensions>
      </trkpt>
      <trkpt lat="34.17470692656934261322021484375" lon="108.92853283323347568511962890625">
        <ele>460.399993896484375</ele>
        <time>2026-10-08T00:15:29.000Z</time>
        <extensions>
          <ns3:TrackPointExtension>
            <ns3:hr>150</ns3:hr>
            <ns3:cad>89</ns3:cad>
          </ns3:TrackPointExtension>
        </extensions>
      </trkpt>
      <trkpt lat="34.17470432817935943603515625" lon="108.92856099642813205718994140625">
        <ele>460.600006103515625</ele>
        <time>2026-10-08T00:15:30.000Z</time>
        <extensions>
          <ns3:TrackPointExtension>
            <ns3:hr>150</ns3:hr>
            <ns3:cad>89</ns3:cad>
          </ns3:TrackPointExtension>
        </extensions>
      </trkpt>
      <trkpt lat="34.17470826767385005950927734375" lon="108.92859217710793018341064453125">
        <ele>460.399993896484375</ele>
        <time>2026-10-08T00:15:31.000Z</time>
        <extensions>
          <ns3:TrackPointExtension>
            <ns3:hr>151</ns3:hr>
            <ns3:cad>89</ns3:cad>
          </ns3:TrackPointExtension>
        </extensions>
      </trkpt>
      <trkpt lat="34.17471212334930896759033203125" lon="108.92862721346318721771240234375">
        <ele>460.399993896484375</ele>
        <time>2026-10-08T00:15:32.000Z</time>
        <extensions>
          <ns3:TrackPointExtension>
            <ns3:hr>151</ns3:hr>
            <ns3:cad>90</ns3:cad>
          </ns3:TrackPointExtension>
        </extensions>
      </trkpt>
      <trkpt lat="34.1747115366160869598388671875" lon="108.9286630041897296905517578125">
        <ele>460.600006103515625</ele>
        <time>2026-10-08T00:15:33.000Z</time>
        <extensions>
          <ns3:TrackPointExtension>
            <ns3:hr>151</ns3:hr>
            <ns3:cad>90</ns3:cad>
          </ns3:TrackPointExtension>
        </extensions>
      </trkpt>
      <trkpt lat="34.17470206506550312042236328125" lon="108.92869762144982814788818359375">
        <ele>460.399993896484375</ele>
        <time>2026-10-08T00:15:34.000Z</time>
        <extensions>
          <ns3:TrackPointExtension>
            <ns3:hr>151</ns3:hr>
            <ns3:cad>90</ns3:cad>
          </ns3:TrackPointExtension>
        </extensions>
      </trkpt>
      <trkpt lat="34.174682199954986572265625" lon="108.92871974967420101165771484375">
        <ele>460.600006103515625</ele>
        <time>2026-10-08T00:15:35.000Z</time>
        <extensions>
          <ns3:TrackPointExtension>
            <ns3:hr>151</ns3:hr>
            <ns3:cad>89</ns3:cad>
          </ns3:TrackPointExtension>
        </extensions>
      </trkpt>
      <trkpt lat="34.17465797625482082366943359375" lon="108.92873668111860752105712890625">
        <ele>460.600006103515625</ele>
        <time>2026-10-08T00:15:36.000Z</time>
        <extensions>
          <ns3:TrackPointExtension>
            <ns3:hr>152</ns3:hr>
            <ns3:cad>89</ns3:cad>
          </ns3:TrackPointExtension>
        </extensions>
      </trkpt>
      <trkpt lat="34.17463903315365314483642578125" lon="108.9287528581917285919189453125">
        <ele>460.600006103515625</ele>
        <time>2026-10-08T00:15:37.000Z</time>
        <extensions>
          <ns3:TrackPointExtension>
            <ns3:hr>152</ns3:hr>
            <ns3:cad>89</ns3:cad>
          </ns3:TrackPointExtension>
        </extensions>
      </trkpt>
      <trkpt lat="34.174612462520599365234375" lon="108.92876408994197845458984375">
        <ele>460.600006103515625</ele>
        <time>2026-10-08T00:15:38.000Z</time>
        <extensions>
          <ns3:TrackPointExtension>
            <ns3:hr>152</ns3:hr>
            <ns3:cad>88</ns3:cad>
          </ns3:TrackPointExtension>
        </extensions>
      </trkpt>
      <trkpt lat="34.1745896637439727783203125" lon="108.92877590842545032501220703125">
        <ele>460.600006103515625</ele>
        <time>2026-10-08T00:15:39.000Z</time>
        <extensions>
          <ns3:TrackPointExtension>
            <ns3:hr>151</ns3:hr>
            <ns3:cad>88</ns3:cad>
          </ns3:TrackPointExtension>
        </extensions>
      </trkpt>
      <trkpt lat="34.174555130302906036376953125" lon="108.9287759922444820404052734375">
        <ele>460.600006103515625</ele>
        <time>2026-10-08T00:15:40.000Z</time>
        <extensions>
          <ns3:TrackPointExtension>
            <ns3:hr>152</ns3:hr>
            <ns3:cad>88</ns3:cad>
          </ns3:TrackPointExtension>
        </extensions>
      </trkpt>
      <trkpt lat="34.17452688328921794891357421875" lon="108.92877322621643543243408203125">
        <ele>460.600006103515625</ele>
        <time>2026-10-08T00:15:41.000Z</time>
        <extensions>
          <ns3:TrackPointExtension>
            <ns3:hr>152</ns3:hr>
            <ns3:cad>87</ns3:cad>
          </ns3:TrackPointExtension>
        </extensions>
      </trkpt>
      <trkpt lat="34.1744989715516567230224609375" lon="108.92875378020107746124267578125">
        <ele>460.600006103515625</ele>
        <time>2026-10-08T00:15:42.000Z</time>
        <extensions>
          <ns3:TrackPointExtension>
            <ns3:hr>151</ns3:hr>
            <ns3:cad>87</ns3:cad>
          </ns3:TrackPointExtension>
        </extensions>
      </trkpt>
      <trkpt lat="34.17448899708688259124755859375" lon="108.92873215489089488983154296875">
        <ele>460.399993896484375</ele>
        <time>2026-10-08T00:15:43.000Z</time>
        <extensions>
          <ns3:TrackPointExtension>
            <ns3:hr>152</ns3:hr>
            <ns3:cad>87</ns3:cad>
          </ns3:TrackPointExtension>
        </extensions>
      </trkpt>
      <trkpt lat="34.17448916472494602203369140625" lon="108.92870030365884304046630859375">
        <ele>460.399993896484375</ele>
        <time>2026-10-08T00:15:44.000Z</time>
        <extensions>
          <ns3:TrackPointExtension>
            <ns3:hr>152</ns3:hr>
            <ns3:cad>87</ns3:cad>
          </ns3:TrackPointExtension>
        </extensions>
      </trkpt>
      <trkpt lat="34.17449000291526317596435546875" lon="108.92867566086351871490478515625">
        <ele>460.399993896484375</ele>
        <time>2026-10-08T00:15:45.000Z</time>
        <extensions>
          <ns3:TrackPointExtension>
            <ns3:hr>152</ns3:hr>
            <ns3:cad>87</ns3:cad>
          </ns3:TrackPointExtension>
        </extensions>
      </trkpt>
      <trkpt lat="34.174494445323944091796875" lon="108.9286432228982448577880859375">
        <ele>460.399993896484375</ele>
        <time>2026-10-08T00:15:46.000Z</time>
        <extensions>
          <ns3:TrackPointExtension>
            <ns3:hr>153</ns3:hr>
            <ns3:cad>88</ns3:cad>
          </ns3:TrackPointExtension>
        </extensions>
      </trkpt>
      <trkpt lat="34.174494110047817230224609375" lon="108.928624279797077178955078125">
        <ele>460.600006103515625</ele>
        <time>2026-10-08T00:15:47.000Z</time>
        <extensions>
          <ns3:TrackPointExtension>
            <ns3:hr>154</ns3:hr>
            <ns3:cad>89</ns3:cad>
          </ns3:TrackPointExtension>
        </extensions>
      </trkpt>
      <trkpt lat="34.17449670843780040740966796875" lon="108.9285915903747081756591796875">
        <ele>460.600006103515625</ele>
        <time>2026-10-08T00:15:48.000Z</time>
        <extensions>
          <ns3:TrackPointExtension>
            <ns3:hr>154</ns3:hr>
            <ns3:cad>89</ns3:cad>
          </ns3:TrackPointExtension>
        </extensions>
      </trkpt>
      <trkpt lat="34.17449771426618099212646484375" lon="108.92856552265584468841552734375">
        <ele>460.79998779296875</ele>
        <time>2026-10-08T00:15:49.000Z</time>
        <extensions>
          <ns3:TrackPointExtension>
            <ns3:hr>155</ns3:hr>
            <ns3:cad>89</ns3:cad>
          </ns3:TrackPointExtension>
        </extensions>
      </trkpt>
      <trkpt lat="34.17449369095265865325927734375" lon="108.9285362698137760162353515625">
        <ele>460.79998779296875</ele>
        <time>2026-10-08T00:15:50.000Z</time>
        <extensions>
          <ns3:TrackPointExtension>
            <ns3:hr>155</ns3:hr>
            <ns3:cad>89</ns3:cad>
          </ns3:TrackPointExtension>
        </extensions>
      </trkpt>
      <trkpt lat="34.17448966763913631439208984375" lon="108.928505592048168182373046875">
        <ele>461</ele>
        <time>2026-10-08T00:15:51.000Z</time>
        <extensions>
          <ns3:TrackPointExtension>
            <ns3:hr>156</ns3:hr>
            <ns3:cad>89</ns3:cad>
          </ns3:TrackPointExtension>
        </extensions>
      </trkpt>
      <trkpt lat="34.17448866181075572967529296875" lon="108.928469717502593994140625">
        <ele>461</ele>
        <time>2026-10-08T00:15:52.000Z</time>
        <extensions>
          <ns3:TrackPointExtension>
            <ns3:hr>156</ns3:hr>
            <ns3:cad>89</ns3:cad>
          </ns3:TrackPointExtension>
        </extensions>
      </trkpt>
      <trkpt lat="34.17448581196367740631103515625" lon="108.92844432033598423004150390625">
        <ele>461.20001220703125</ele>
        <time>2026-10-08T00:15:53.000Z</time>
        <extensions>
          <ns3:TrackPointExtension>
            <ns3:hr>156</ns3:hr>
            <ns3:cad>90</ns3:cad>
          </ns3:TrackPointExtension>
        </extensions>
      </trkpt>
      <trkpt lat="34.17448178865015506744384765625" lon="108.92841582186520099639892578125">
        <ele>461.399993896484375</ele>
        <time>2026-10-08T00:15:54.000Z</time>
        <extensions>
          <ns3:TrackPointExtension>
            <ns3:hr>156</ns3:hr>
            <ns3:cad>90</ns3:cad>
          </ns3:TrackPointExtension>
        </extensions>
      </trkpt>
      <trkpt lat="34.17447810061275959014892578125" lon="108.92838749103248119354248046875">
        <ele>461.399993896484375</ele>
        <time>2026-10-08T00:15:55.000Z</time>
        <extensions>
          <ns3:TrackPointExtension>
            <ns3:hr>156</ns3:hr>
            <ns3:cad>90</ns3:cad>
          </ns3:TrackPointExtension>
        </extensions>
      </trkpt>
      <trkpt lat="34.1744755022227764129638671875" lon="108.92835446633398532867431640625">
        <ele>461.399993896484375</ele>
        <time>2026-10-08T00:15:56.000Z</time>
        <extensions>
          <ns3:TrackPointExtension>
            <ns3:hr>156</ns3:hr>
            <ns3:cad>90</ns3:cad>
          </ns3:TrackPointExtension>
        </extensions>
      </trkpt>
      <trkpt lat="34.1744785197079181671142578125" lon="108.92832546494901180267333984375">
        <ele>461.600006103515625</ele>
        <time>2026-10-08T00:15:57.000Z</time>
        <extensions>
          <ns3:TrackPointExtension>
            <ns3:hr>156</ns3:hr>
            <ns3:cad>89</ns3:cad>
          </ns3:TrackPointExtension>
        </extensions>
      </trkpt>
      <trkpt lat="34.1744812019169330596923828125" lon="108.928294368088245391845703125">
        <ele>461.79998779296875</ele>
        <time>2026-10-08T00:15:58.000Z</time>
        <extensions>
          <ns3:TrackPointExtension>
            <ns3:hr>156</ns3:hr>
            <ns3:cad>89</ns3:cad>
          </ns3:TrackPointExtension>
        </extensions>
      </trkpt>
      <trkpt lat="34.1744832135736942291259765625" lon="108.9282687194645404815673828125">
        <ele>461.79998779296875</ele>
        <time>2026-10-08T00:15:59.000Z</time>
        <extensions>
          <ns3:TrackPointExtension>
            <ns3:hr>156</ns3:hr>
            <ns3:cad>89</ns3:cad>
          </ns3:TrackPointExtension>
        </extensions>
      </trkpt>
      <trkpt lat="34.1744822077453136444091796875" lon="108.92823636531829833984375">
        <ele>462</ele>
        <time>2026-10-08T00:16:00.000Z</time>
        <extensions>
          <ns3:TrackPointExtension>
            <ns3:hr>156</ns3:hr>
            <ns3:cad>89</ns3:cad>
          </ns3:TrackPointExtension>
        </extensions>
      </trkpt>
      <trkpt lat="34.1744879074394702911376953125" lon="108.9282050170004367828369140625">
        <ele>462</ele>
        <time>2026-10-08T00:16:01.000Z</time>
        <extensions>
          <ns3:TrackPointExtension>
            <ns3:hr>157</ns3:hr>
            <ns3:cad>89</ns3:cad>
          </ns3:TrackPointExtension>
        </extensions>
      </trkpt>
      <trkpt lat="34.17448983527719974517822265625" lon="108.92817207612097263336181640625">
        <ele>462.20001220703125</ele>
        <time>2026-10-08T00:16:02.000Z</time>
        <extensions>
          <ns3:TrackPointExtension>
            <ns3:hr>156</ns3:hr>
            <ns3:cad>88</ns3:cad>
          </ns3:TrackPointExtension>
        </extensions>
      </trkpt>
      <trkpt lat="34.174493439495563507080078125" lon="108.92814525403082370758056640625">
        <ele>462.20001220703125</ele>
        <time>2026-10-08T00:16:03.000Z</time>
        <extensions>
          <ns3:TrackPointExtension>
            <ns3:hr>157</ns3:hr>
            <ns3:cad>88</ns3:cad>
          </ns3:TrackPointExtension>
        </extensions>
      </trkpt>
      <trkpt lat="34.17450039647519588470458984375" lon="108.92811524681746959686279296875">
        <ele>462.399993896484375</ele>
        <time>2026-10-08T00:16:04.000Z</time>
        <extensions>
          <ns3:TrackPointExtension>
            <ns3:hr>157</ns3:hr>
            <ns3:cad>90</ns3:cad>
          </ns3:TrackPointExtension>
        </extensions>
      </trkpt>
      <trkpt lat="34.17450777254998683929443359375" lon="108.92808389849960803985595703125">
        <ele>462.399993896484375</ele>
        <time>2026-10-08T00:16:05.000Z</time>
        <extensions>
          <ns3:TrackPointExtension>
            <ns3:hr>157</ns3:hr>
            <ns3:cad>90</ns3:cad>
          </ns3:TrackPointExtension>
        </extensions>
      </trkpt>
      <trkpt lat="34.17451363988220691680908203125" lon="108.9280581660568714141845703125">
        <ele>462.600006103515625</ele>
        <time>2026-10-08T00:16:06.000Z</time>
        <extensions>
          <ns3:TrackPointExtension>
            <ns3:hr>157</ns3:hr>
            <ns3:cad>90</ns3:cad>
          </ns3:TrackPointExtension>
        </extensions>
      </trkpt>
      <trkpt lat="34.17452017776668071746826171875" lon="108.9280313439667224884033203125">
        <ele>462.600006103515625</ele>
        <time>2026-10-08T00:16:07.000Z</time>
        <extensions>
          <ns3:TrackPointExtension>
            <ns3:hr>157</ns3:hr>
            <ns3:cad>89</ns3:cad>
          </ns3:TrackPointExtension>
        </extensions>
      </trkpt>
      <trkpt lat="34.1745291464030742645263671875" lon="108.92800644971430301666259765625">
        <ele>462.79998779296875</ele>
        <time>2026-10-08T00:16:08.000Z</time>
        <extensions>
          <ns3:TrackPointExtension>
            <ns3:hr>158</ns3:hr>
            <ns3:cad>88</ns3:cad>
          </ns3:TrackPointExtension>
        </extensions>
      </trkpt>
      <trkpt lat="34.17453794740140438079833984375" lon="108.92797887325286865234375">
        <ele>462.79998779296875</ele>
        <time>2026-10-08T00:16:09.000Z</time>
        <extensions>
          <ns3:TrackPointExtension>
            <ns3:hr>158</ns3:hr>
            <ns3:cad>88</ns3:cad>
          </ns3:TrackPointExtension>
        </extensions>
      </trkpt>
      <trkpt lat="34.17454280890524387359619140625" lon="108.92794869840145111083984375">
        <ele>463</ele>
        <time>2026-10-08T00:16:10.000Z</time>
        <extensions>
          <ns3:TrackPointExtension>
            <ns3:hr>158</ns3:hr>
            <ns3:cad>88</ns3:cad>
          </ns3:TrackPointExtension>
        </extensions>
      </trkpt>
      <trkpt lat="34.174552448093891143798828125" lon="108.9279170148074626922607421875">
        <ele>463</ele>
        <time>2026-10-08T00:16:11.000Z</time>
        <extensions>
          <ns3:TrackPointExtension>
            <ns3:hr>158</ns3:hr>
            <ns3:cad>88</ns3:cad>
          </ns3:TrackPointExtension>
        </extensions>
      </trkpt>
      <trkpt lat="34.1745566390454769134521484375" lon="108.92789262346923351287841796875">
        <ele>463.20001220703125</ele>
        <time>2026-10-08T00:16:12.000Z</time>
        <extensions>
          <ns3:TrackPointExtension>
            <ns3:hr>158</ns3:hr>
            <ns3:cad>89</ns3:cad>
          </ns3:TrackPointExtension>
        </extensions>
      </trkpt>
      <trkpt lat="34.17456309311091899871826171875" lon="108.92785809002816677093505859375">
        <ele>463.399993896484375</ele>
        <time>2026-10-08T00:16:13.000Z</time>
        <extensions>
          <ns3:TrackPointExtension>
            <ns3:hr>159</ns3:hr>
            <ns3:cad>88</ns3:cad>
          </ns3:TrackPointExtension>
        </extensions>
      </trkpt>
      <trkpt lat="34.17456594295799732208251953125" lon="108.92783076502382755279541015625">
        <ele>463.399993896484375</ele>
        <time>2026-10-08T00:16:14.000Z</time>
        <extensions>
          <ns3:TrackPointExtension>
            <ns3:hr>159</ns3:hr>
            <ns3:cad>89</ns3:cad>
          </ns3:TrackPointExtension>
        </extensions>
      </trkpt>
      <trkpt lat="34.17457113973796367645263671875" lon="108.9277973212301731109619140625">
        <ele>463.600006103515625</ele>
        <time>2026-10-08T00:16:15.000Z</time>
        <extensions>
          <ns3:TrackPointExtension>
            <ns3:hr>158</ns3:hr>
            <ns3:cad>89</ns3:cad>
          </ns3:TrackPointExtension>
        </extensions>
      </trkpt>
      <trkpt lat="34.17457164265215396881103515625" lon="108.92777175642549991607666015625">
        <ele>463.600006103515625</ele>
        <time>2026-10-08T00:16:16.000Z</time>
        <extensions>
          <ns3:TrackPointExtension>
            <ns3:hr>158</ns3:hr>
            <ns3:cad>89</ns3:cad>
          </ns3:TrackPointExtension>
        </extensions>
      </trkpt>
      <trkpt lat="34.17457650415599346160888671875" lon="108.92773973755538463592529296875">
        <ele>463.79998779296875</ele>
        <time>2026-10-08T00:16:17.000Z</time>
        <extensions>
          <ns3:TrackPointExtension>
            <ns3:hr>159</ns3:hr>
            <ns3:cad>88</ns3:cad>
          </ns3:TrackPointExtension>
        </extensions>
      </trkpt>
      <trkpt lat="34.17458002455532550811767578125" lon="108.9277104847133159637451171875">
        <ele>463.79998779296875</ele>
        <time>2026-10-08T00:16:18.000Z</time>
        <extensions>
          <ns3:TrackPointExtension>
            <ns3:hr>159</ns3:hr>
            <ns3:cad>88</ns3:cad>
          </ns3:TrackPointExtension>
        </extensions>
      </trkpt>
      <trkpt lat="34.17458689771592617034912109375" lon="108.9276806451380252838134765625">
        <ele>463.79998779296875</ele>
        <time>2026-10-08T00:16:19.000Z</time>
        <extensions>
          <ns3:TrackPointExtension>
            <ns3:hr>159</ns3:hr>
            <ns3:cad>89</ns3:cad>
          </ns3:TrackPointExtension>
        </extensions>
      </trkpt>
      <trkpt lat="34.17459175921976566314697265625" lon="108.92766128294169902801513671875">
        <ele>463.79998779296875</ele>
        <time>2026-10-08T00:16:20.000Z</time>
        <extensions>
          <ns3:TrackPointExtension>
            <ns3:hr>159</ns3:hr>
            <ns3:cad>89</ns3:cad>
          </ns3:TrackPointExtension>
        </extensions>
      </trkpt>
      <trkpt lat="34.17460148222744464874267578125" lon="108.92763060517609119415283203125">
        <ele>464</ele>
        <time>2026-10-08T00:16:21.000Z</time>
        <extensions>
          <ns3:TrackPointExtension>
            <ns3:hr>159</ns3:hr>
            <ns3:cad>89</ns3:cad>
          </ns3:TrackPointExtension>
        </extensions>
      </trkpt>
      <trkpt lat="34.1746092773973941802978515625" lon="108.9276082254946231842041015625">
        <ele>464.20001220703125</ele>
        <time>2026-10-08T00:16:22.000Z</time>
        <extensions>
          <ns3:TrackPointExtension>
            <ns3:hr>159</ns3:hr>
            <ns3:cad>89</ns3:cad>
          </ns3:TrackPointExtension>
        </extensions>
      </trkpt>
      <trkpt lat="34.17461472563445568084716796875" lon="108.9275787211954593658447265625">
        <ele>464.399993896484375</ele>
        <time>2026-10-08T00:16:23.000Z</time>
        <extensions>
          <ns3:TrackPointExtension>
            <ns3:hr>158</ns3:hr>
            <ns3:cad>89</ns3:cad>
          </ns3:TrackPointExtension>
        </extensions>
      </trkpt>
      <trkpt lat="34.17461824603378772735595703125" lon="108.92755483277142047882080078125">
        <ele>464.600006103515625</ele>
        <time>2026-10-08T00:16:24.000Z</time>
        <extensions>
          <ns3:TrackPointExtension>
            <ns3:hr>159</ns3:hr>
            <ns3:cad>90</ns3:cad>
          </ns3:TrackPointExtension>
        </extensions>
      </trkpt>
      <trkpt lat="34.17462394572794437408447265625" lon="108.9275228977203369140625">
        <ele>464.600006103515625</ele>
        <time>2026-10-08T00:16:25.000Z</time>
        <extensions>
          <ns3:TrackPointExtension>
            <ns3:hr>159</ns3:hr>
            <ns3:cad>90</ns3:cad>
          </ns3:TrackPointExtension>
        </extensions>
      </trkpt>
      <trkpt lat="34.17462495155632495880126953125" lon="108.92749766819179058074951171875">
        <ele>464.79998779296875</ele>
        <time>2026-10-08T00:16:26.000Z</time>
        <extensions>
          <ns3:TrackPointExtension>
            <ns3:hr>158</ns3:hr>
            <ns3:cad>90</ns3:cad>
          </ns3:TrackPointExtension>
        </extensions>
      </trkpt>
      <trkpt lat="34.1746320761740207672119140625" lon="108.92746548168361186981201171875">
        <ele>464.79998779296875</ele>
        <time>2026-10-08T00:16:27.000Z</time>
        <extensions>
          <ns3:TrackPointExtension>
            <ns3:hr>158</ns3:hr>
            <ns3:cad>89</ns3:cad>
          </ns3:TrackPointExtension>
        </extensions>
      </trkpt>
      <trkpt lat="34.174636267125606536865234375" lon="108.9274462871253490447998046875">
        <ele>465</ele>
        <time>2026-10-08T00:16:28.000Z</time>
        <extensions>
          <ns3:TrackPointExtension>
            <ns3:hr>158</ns3:hr>
            <ns3:cad>89</ns3:cad>
          </ns3:TrackPointExtension>
        </extensions>
      </trkpt>
      <trkpt lat="34.17464196681976318359375" lon="108.92741234041750431060791015625">
        <ele>465</ele>
        <time>2026-10-08T00:16:29.000Z</time>
        <extensions>
          <ns3:TrackPointExtension>
            <ns3:hr>158</ns3:hr>
            <ns3:cad>89</ns3:cad>
          </ns3:TrackPointExtension>
        </extensions>
      </trkpt>
      <trkpt lat="34.1746478341519832611083984375" lon="108.9273856021463871002197265625">
        <ele>465.20001220703125</ele>
        <time>2026-10-08T00:16:30.000Z</time>
        <extensions>
          <ns3:TrackPointExtension>
            <ns3:hr>158</ns3:hr>
            <ns3:cad>89</ns3:cad>
          </ns3:TrackPointExtension>
        </extensions>
      </trkpt>
      <trkpt lat="34.174653030931949615478515625" lon="108.92735400237143039703369140625">
        <ele>465.20001220703125</ele>
        <time>2026-10-08T00:16:31.000Z</time>
        <extensions>
          <ns3:TrackPointExtension>
            <ns3:hr>158</ns3:hr>
            <ns3:cad>89</ns3:cad>
          </ns3:TrackPointExtension>
        </extensions>
      </trkpt>
      <trkpt lat="34.17465412057936191558837890625" lon="108.92733220942318439483642578125">
        <ele>465.399993896484375</ele>
        <time>2026-10-08T00:16:32.000Z</time>
        <extensions>
          <ns3:TrackPointExtension>
            <ns3:hr>158</ns3:hr>
            <ns3:cad>88</ns3:cad>
          </ns3:TrackPointExtension>
        </extensions>
      </trkpt>
      <trkpt lat="34.17466149665415287017822265625" lon="108.92729901708662509918212890625">
        <ele>465.399993896484375</ele>
        <time>2026-10-08T00:16:33.000Z</time>
        <extensions>
          <ns3:TrackPointExtension>
            <ns3:hr>158</ns3:hr>
            <ns3:cad>89</ns3:cad>
          </ns3:TrackPointExtension>
        </extensions>
      </trkpt>
      <trkpt lat="34.17466401122510433197021484375" lon="108.92727739177644252777099609375">
        <ele>465.600006103515625</ele>
        <time>2026-10-08T00:16:34.000Z</time>
        <extensions>
          <ns3:TrackPointExtension>
            <ns3:hr>157</ns3:hr>
            <ns3:cad>90</ns3:cad>
          </ns3:TrackPointExtension>
        </extensions>
      </trkpt>
      <trkpt lat="34.17467205785214900970458984375" lon="108.92724604345858097076416015625">
        <ele>465.600006103515625</ele>
        <time>2026-10-08T00:16:35.000Z</time>
        <extensions>
          <ns3:TrackPointExtension>
            <ns3:hr>158</ns3:hr>
            <ns3:cad>90</ns3:cad>
          </ns3:TrackPointExtension>
        </extensions>
      </trkpt>
      <trkpt lat="34.1746746562421321868896484375" lon="108.9272233285009860992431640625">
        <ele>465.79998779296875</ele>
        <time>2026-10-08T00:16:36.000Z</time>
        <extensions>
          <ns3:TrackPointExtension>
            <ns3:hr>158</ns3:hr>
            <ns3:cad>89</ns3:cad>
          </ns3:TrackPointExtension>
        </extensions>
      </trkpt>
      <trkpt lat="34.174682199954986572265625" lon="108.92719156108796596527099609375">
        <ele>465.79998779296875</ele>
        <time>2026-10-08T00:16:37.000Z</time>
        <extensions>
          <ns3:TrackPointExtension>
            <ns3:hr>158</ns3:hr>
            <ns3:cad>89</ns3:cad>
          </ns3:TrackPointExtension>
        </extensions>
      </trkpt>
      <trkpt lat="34.17468764819204807281494140625" lon="108.92716960050165653228759765625">
        <ele>466</ele>
        <time>2026-10-08T00:16:38.000Z</time>
        <extensions>
          <ns3:TrackPointExtension>
            <ns3:hr>159</ns3:hr>
            <ns3:cad>89</ns3:cad>
          </ns3:TrackPointExtension>
        </extensions>
      </trkpt>
      <trkpt lat="34.1746951080858707427978515625" lon="108.92713875509798526763916015625">
        <ele>466</ele>
        <time>2026-10-08T00:16:39.000Z</time>
        <extensions>
          <ns3:TrackPointExtension>
            <ns3:hr>160</ns3:hr>
            <ns3:cad>89</ns3:cad>
          </ns3:TrackPointExtension>
        </extensions>
      </trkpt>
      <trkpt lat="34.17470223270356655120849609375" lon="108.9271140284836292266845703125">
        <ele>466.20001220703125</ele>
        <time>2026-10-08T00:16:40.000Z</time>
        <extensions>
          <ns3:TrackPointExtension>
            <ns3:hr>160</ns3:hr>
            <ns3:cad>89</ns3:cad>
          </ns3:TrackPointExtension>
        </extensions>
      </trkpt>
      <trkpt lat="34.17470835149288177490234375" lon="108.92707890830934047698974609375">
        <ele>466.20001220703125</ele>
        <time>2026-10-08T00:16:41.000Z</time>
        <extensions>
          <ns3:TrackPointExtension>
            <ns3:hr>160</ns3:hr>
            <ns3:cad>88</ns3:cad>
          </ns3:TrackPointExtension>
        </extensions>
      </trkpt>
      <trkpt lat="34.17471363209187984466552734375" lon="108.92705543898046016693115234375">
        <ele>466.399993896484375</ele>
        <time>2026-10-08T00:16:42.000Z</time>
        <extensions>
          <ns3:TrackPointExtension>
            <ns3:hr>160</ns3:hr>
            <ns3:cad>88</ns3:cad>
          </ns3:TrackPointExtension>
        </extensions>
      </trkpt>
      <trkpt lat="34.17472301982343196868896484375" lon="108.92702065408229827880859375">
        <ele>466.600006103515625</ele>
        <time>2026-10-08T00:16:43.000Z</time>
        <extensions>
          <ns3:TrackPointExtension>
            <ns3:hr>160</ns3:hr>
            <ns3:cad>89</ns3:cad>
          </ns3:TrackPointExtension>
        </extensions>
      </trkpt>
      <trkpt lat="34.17472737841308116912841796875" lon="108.92699810676276683807373046875">
        <ele>466.600006103515625</ele>
        <time>2026-10-08T00:16:44.000Z</time>
        <extensions>
          <ns3:TrackPointExtension>
            <ns3:hr>161</ns3:hr>
            <ns3:cad>89</ns3:cad>
          </ns3:TrackPointExtension>
        </extensions>
      </trkpt>
      <trkpt lat="34.17473425157368183135986328125" lon="108.92696122638881206512451171875">
        <ele>466.79998779296875</ele>
        <time>2026-10-08T00:16:45.000Z</time>
        <extensions>
          <ns3:TrackPointExtension>
            <ns3:hr>161</ns3:hr>
            <ns3:cad>89</ns3:cad>
          </ns3:TrackPointExtension>
        </extensions>
      </trkpt>
      <trkpt lat="34.174739532172679901123046875" lon="108.92693993635475635528564453125">
        <ele>466.79998779296875</ele>
        <time>2026-10-08T00:16:46.000Z</time>
        <extensions>
          <ns3:TrackPointExtension>
            <ns3:hr>161</ns3:hr>
            <ns3:cad>88</ns3:cad>
          </ns3:TrackPointExtension>
        </extensions>
      </trkpt>
      <trkpt lat="34.17474179528653621673583984375" lon="108.926909007132053375244140625">
        <ele>467</ele>
        <time>2026-10-08T00:16:47.000Z</time>
        <extensions>
          <ns3:TrackPointExtension>
            <ns3:hr>161</ns3:hr>
            <ns3:cad>88</ns3:cad>
          </ns3:TrackPointExtension>
        </extensions>
      </trkpt>
      <trkpt lat="34.17474749498069286346435546875" lon="108.92688117921352386474609375">
        <ele>467.20001220703125</ele>
        <time>2026-10-08T00:16:48.000Z</time>
        <extensions>
          <ns3:TrackPointExtension>
            <ns3:hr>161</ns3:hr>
            <ns3:cad>88</ns3:cad>
          </ns3:TrackPointExtension>
        </extensions>
      </trkpt>
      <trkpt lat="34.17475252412259578704833984375" lon="108.92684890888631343841552734375">
        <ele>467.20001220703125</ele>
        <time>2026-10-08T00:16:49.000Z</time>
        <extensions>
          <ns3:TrackPointExtension>
            <ns3:hr>161</ns3:hr>
            <ns3:cad>88</ns3:cad>
          </ns3:TrackPointExtension>
        </extensions>
      </trkpt>
      <trkpt lat="34.174757301807403564453125" lon="108.92682460136711597442626953125">
        <ele>467.399993896484375</ele>
        <time>2026-10-08T00:16:50.000Z</time>
        <extensions>
          <ns3:TrackPointExtension>
            <ns3:hr>162</ns3:hr>
            <ns3:cad>88</ns3:cad>
          </ns3:TrackPointExtension>
        </extensions>
      </trkpt>
      <trkpt lat="34.174763672053813934326171875" lon="108.9267921634018421173095703125">
        <ele>467.399993896484375</ele>
        <time>2026-10-08T00:16:51.000Z</time>
        <extensions>
          <ns3:TrackPointExtension>
            <ns3:hr>162</ns3:hr>
            <ns3:cad>88</ns3:cad>
          </ns3:TrackPointExtension>
        </extensions>
      </trkpt>
      <trkpt lat="34.17477347888052463531494140625" lon="108.92676441930234432220458984375">
        <ele>467.600006103515625</ele>
        <time>2026-10-08T00:16:52.000Z</time>
        <extensions>
          <ns3:TrackPointExtension>
            <ns3:hr>163</ns3:hr>
            <ns3:cad>89</ns3:cad>
          </ns3:TrackPointExtension>
        </extensions>
      </trkpt>
      <trkpt lat="34.17478119023144245147705078125" lon="108.92673776485025882720947265625">
        <ele>467.600006103515625</ele>
        <time>2026-10-08T00:16:53.000Z</time>
        <extensions>
          <ns3:TrackPointExtension>
            <ns3:hr>163</ns3:hr>
            <ns3:cad>89</ns3:cad>
          </ns3:TrackPointExtension>
        </extensions>
      </trkpt>
      <trkpt lat="34.17479217052459716796875" lon="108.926706500351428985595703125">
        <ele>467.79998779296875</ele>
        <time>2026-10-08T00:16:54.000Z</time>
        <extensions>
          <ns3:TrackPointExtension>
            <ns3:hr>164</ns3:hr>
            <ns3:cad>89</ns3:cad>
          </ns3:TrackPointExtension>
        </extensions>
      </trkpt>
      <trkpt lat="34.17479476891458034515380859375" lon="108.9266766607761383056640625">
        <ele>468</ele>
        <time>2026-10-08T00:16:55.000Z</time>
        <extensions>
          <ns3:TrackPointExtension>
            <ns3:hr>164</ns3:hr>
            <ns3:cad>89</ns3:cad>
          </ns3:TrackPointExtension>
        </extensions>
      </trkpt>
      <trkpt lat="34.1748010553419589996337890625" lon="108.92664556391537189483642578125">
        <ele>468</ele>
        <time>2026-10-08T00:16:56.000Z</time>
        <extensions>
          <ns3:TrackPointExtension>
            <ns3:hr>164</ns3:hr>
            <ns3:cad>88</ns3:cad>
          </ns3:TrackPointExtension>
        </extensions>
      </trkpt>
      <trkpt lat="34.17480616830289363861083984375" lon="108.9266168139874935150146484375">
        <ele>468.20001220703125</ele>
        <time>2026-10-08T00:16:57.000Z</time>
        <extensions>
          <ns3:TrackPointExtension>
            <ns3:hr>164</ns3:hr>
            <ns3:cad>88</ns3:cad>
          </ns3:TrackPointExtension>
        </extensions>
      </trkpt>
      <trkpt lat="34.17481823824346065521240234375" lon="108.92658454366028308868408203125">
        <ele>468.20001220703125</ele>
        <time>2026-10-08T00:16:58.000Z</time>
        <extensions>
          <ns3:TrackPointExtension>
            <ns3:hr>164</ns3:hr>
            <ns3:cad>88</ns3:cad>
          </ns3:TrackPointExtension>
        </extensions>
      </trkpt>
      <trkpt lat="34.17482527904212474822998046875" lon="108.92655939795076847076416015625">
        <ele>468.399993896484375</ele>
        <time>2026-10-08T00:16:59.000Z</time>
        <extensions>
          <ns3:TrackPointExtension>
            <ns3:hr>164</ns3:hr>
            <ns3:cad>88</ns3:cad>
          </ns3:TrackPointExtension>
        </extensions>
      </trkpt>
      <trkpt lat="34.17483315803110599517822265625" lon="108.9265289716422557830810546875">
        <ele>468.399993896484375</ele>
        <time>2026-10-08T00:17:00.000Z</time>
        <extensions>
          <ns3:TrackPointExtension>
            <ns3:hr>164</ns3:hr>
            <ns3:cad>88</ns3:cad>
          </ns3:TrackPointExtension>
        </extensions>
      </trkpt>
      <trkpt lat="34.17483986355364322662353515625" lon="108.92650357447564601898193359375">
        <ele>468.399993896484375</ele>
        <time>2026-10-08T00:17:01.000Z</time>
        <extensions>
          <ns3:TrackPointExtension>
            <ns3:hr>164</ns3:hr>
            <ns3:cad>88</ns3:cad>
          </ns3:TrackPointExtension>
        </extensions>
      </trkpt>
      <trkpt lat="34.17484589852392673492431640625" lon="108.92647071741521358489990234375">
        <ele>468.600006103515625</ele>
        <time>2026-10-08T00:17:02.000Z</time>
        <extensions>
          <ns3:TrackPointExtension>
            <ns3:hr>165</ns3:hr>
            <ns3:cad>88</ns3:cad>
          </ns3:TrackPointExtension>
        </extensions>
      </trkpt>
      <trkpt lat="34.1748550347983837127685546875" lon="108.92643886618316173553466796875">
        <ele>468.600006103515625</ele>
        <time>2026-10-08T00:17:03.000Z</time>
        <extensions>
          <ns3:TrackPointExtension>
            <ns3:hr>165</ns3:hr>
            <ns3:cad>89</ns3:cad>
          </ns3:TrackPointExtension>
        </extensions>
      </trkpt>
      <trkpt lat="34.17486115358769893646240234375" lon="108.926412127912044525146484375">
        <ele>468.600006103515625</ele>
        <time>2026-10-08T00:17:04.000Z</time>
        <extensions>
          <ns3:TrackPointExtension>
            <ns3:hr>165</ns3:hr>
            <ns3:cad>89</ns3:cad>
          </ns3:TrackPointExtension>
        </extensions>
      </trkpt>
      <trkpt lat="34.174864590167999267578125" lon="108.9263972081243991851806640625">
        <ele>468.600006103515625</ele>
        <time>2026-10-08T00:17:05.000Z</time>
        <extensions>
          <ns3:TrackPointExtension>
            <ns3:hr>165</ns3:hr>
            <ns3:cad>89</ns3:cad>
          </ns3:TrackPointExtension>
        </extensions>
      </trkpt>
      <trkpt lat="34.17487322352826595306396484375" lon="108.92636661417782306671142578125">
        <ele>468.79998779296875</ele>
        <time>2026-10-08T00:17:06.000Z</time>
        <extensions>
          <ns3:TrackPointExtension>
            <ns3:hr>165</ns3:hr>
            <ns3:cad>89</ns3:cad>
          </ns3:TrackPointExtension>
        </extensions>
      </trkpt>
      <trkpt lat="34.174879677593708038330078125" lon="108.92634700052440166473388671875">
        <ele>468.79998779296875</ele>
        <time>2026-10-08T00:17:07.000Z</time>
        <extensions>
          <ns3:TrackPointExtension>
            <ns3:hr>165</ns3:hr>
            <ns3:cad>89</ns3:cad>
          </ns3:TrackPointExtension>
        </extensions>
      </trkpt>
      <trkpt lat="34.17489074170589447021484375" lon="108.9263187535107135772705078125">
        <ele>468.79998779296875</ele>
        <time>2026-10-08T00:17:08.000Z</time>
        <extensions>
          <ns3:TrackPointExtension>
            <ns3:hr>165</ns3:hr>
            <ns3:cad>89</ns3:cad>
          </ns3:TrackPointExtension>
        </extensions>
      </trkpt>
      <trkpt lat="34.17489451356232166290283203125" lon="108.9262904226779937744140625">
        <ele>469</ele>
        <time>2026-10-08T00:17:09.000Z</time>
        <extensions>
          <ns3:TrackPointExtension>
            <ns3:hr>165</ns3:hr>
            <ns3:cad>89</ns3:cad>
          </ns3:TrackPointExtension>
        </extensions>
      </trkpt>
      <trkpt lat="34.1749002970755100250244140625" lon="108.926261924207210540771484375">
        <ele>469</ele>
        <time>2026-10-08T00:17:10.000Z</time>
        <extensions>
          <ns3:TrackPointExtension>
            <ns3:hr>164</ns3:hr>
            <ns3:cad>89</ns3:cad>
          </ns3:TrackPointExtension>
        </extensions>
      </trkpt>
      <trkpt lat="34.17489920742809772491455078125" lon="108.9262389577925205230712890625">
        <ele>469</ele>
        <time>2026-10-08T00:17:11.000Z</time>
        <extensions>
          <ns3:TrackPointExtension>
            <ns3:hr>164</ns3:hr>
            <ns3:cad>89</ns3:cad>
          </ns3:TrackPointExtension>
        </extensions>
      </trkpt>
      <trkpt lat="34.17490641586482524871826171875" lon="108.926204927265644073486328125">
        <ele>469</ele>
        <time>2026-10-08T00:17:12.000Z</time>
        <extensions>
          <ns3:TrackPointExtension>
            <ns3:hr>164</ns3:hr>
            <ns3:cad>89</ns3:cad>
          </ns3:TrackPointExtension>
        </extensions>
      </trkpt>
      <trkpt lat="34.1749106906354427337646484375" lon="108.9261789433658123016357421875">
        <ele>469</ele>
        <time>2026-10-08T00:17:13.000Z</time>
        <extensions>
          <ns3:TrackPointExtension>
            <ns3:hr>163</ns3:hr>
            <ns3:cad>89</ns3:cad>
          </ns3:TrackPointExtension>
        </extensions>
      </trkpt>
      <trkpt lat="34.1749155521392822265625" lon="108.92614818178117275238037109375">
        <ele>469</ele>
        <time>2026-10-08T00:17:14.000Z</time>
        <extensions>
          <ns3:TrackPointExtension>
            <ns3:hr>162</ns3:hr>
            <ns3:cad>89</ns3:cad>
          </ns3:TrackPointExtension>
        </extensions>
      </trkpt>
      <trkpt lat="34.1749187372624874114990234375" lon="108.92612186260521411895751953125">
        <ele>469</ele>
        <time>2026-10-08T00:17:15.000Z</time>
        <extensions>
          <ns3:TrackPointExtension>
            <ns3:hr>162</ns3:hr>
            <ns3:cad>89</ns3:cad>
          </ns3:TrackPointExtension>
        </extensions>
      </trkpt>
      <trkpt lat="34.17492653243243694305419921875" lon="108.92609118483960628509521484375">
        <ele>469.20001220703125</ele>
        <time>2026-10-08T00:17:16.000Z</time>
        <extensions>
          <ns3:TrackPointExtension>
            <ns3:hr>162</ns3:hr>
            <ns3:cad>89</ns3:cad>
          </ns3:TrackPointExtension>
        </extensions>
      </trkpt>
      <trkpt lat="34.17493239976465702056884765625" lon="108.926062770187854766845703125">
        <ele>469.20001220703125</ele>
        <time>2026-10-08T00:17:17.000Z</time>
        <extensions>
          <ns3:TrackPointExtension>
            <ns3:hr>163</ns3:hr>
            <ns3:cad>89</ns3:cad>
          </ns3:TrackPointExtension>
        </extensions>
      </trkpt>
      <trkpt lat="34.1749418713152408599853515625" lon="108.9260334335267543792724609375">
        <ele>469.20001220703125</ele>
        <time>2026-10-08T00:17:18.000Z</time>
        <extensions>
          <ns3:TrackPointExtension>
            <ns3:hr>162</ns3:hr>
            <ns3:cad>90</ns3:cad>
          </ns3:TrackPointExtension>
        </extensions>
      </trkpt>
      <trkpt lat="34.17495938949286937713623046875" lon="108.9260076172649860382080078125">
        <ele>469.20001220703125</ele>
        <time>2026-10-08T00:17:19.000Z</time>
        <extensions>
          <ns3:TrackPointExtension>
            <ns3:hr>162</ns3:hr>
            <ns3:cad>90</ns3:cad>
          </ns3:TrackPointExtension>
        </extensions>
      </trkpt>
      <trkpt lat="34.17498202063143253326416015625" lon="108.925989679992198944091796875">
        <ele>469.399993896484375</ele>
        <time>2026-10-08T00:17:20.000Z</time>
        <extensions>
          <ns3:TrackPointExtension>
            <ns3:hr>163</ns3:hr>
            <ns3:cad>90</ns3:cad>
          </ns3:TrackPointExtension>
        </extensions>
      </trkpt>
      <trkpt lat="34.17500339448451995849609375" lon="108.92596797086298465728759765625">
        <ele>469.399993896484375</ele>
        <time>2026-10-08T00:17:21.000Z</time>
        <extensions>
          <ns3:TrackPointExtension>
            <ns3:hr>163</ns3:hr>
            <ns3:cad>91</ns3:cad>
          </ns3:TrackPointExtension>
        </extensions>
      </trkpt>
      <trkpt lat="34.17502879165112972259521484375" lon="108.9259600080549716949462890625">
        <ele>469.399993896484375</ele>
        <time>2026-10-08T00:17:22.000Z</time>
        <extensions>
          <ns3:TrackPointExtension>
            <ns3:hr>163</ns3:hr>
            <ns3:cad>91</ns3:cad>
          </ns3:TrackPointExtension>
        </extensions>
      </trkpt>
      <trkpt lat="34.17505745775997638702392578125" lon="108.9259549789130687713623046875">
        <ele>469.600006103515625</ele>
        <time>2026-10-08T00:17:23.000Z</time>
        <extensions>
          <ns3:TrackPointExtension>
            <ns3:hr>163</ns3:hr>
            <ns3:cad>91</ns3:cad>
          </ns3:TrackPointExtension>
        </extensions>
      </trkpt>
      <trkpt lat="34.1750872135162353515625" lon="108.925949446856975555419921875">
        <ele>469.600006103515625</ele>
        <time>2026-10-08T00:17:24.000Z</time>
        <extensions>
          <ns3:TrackPointExtension>
            <ns3:hr>163</ns3:hr>
            <ns3:cad>90</ns3:cad>
          </ns3:TrackPointExtension>
        </extensions>
      </trkpt>
      <trkpt lat="34.1751158796250820159912109375" lon="108.92593880183994770050048828125">
        <ele>469.600006103515625</ele>
        <time>2026-10-08T00:17:25.000Z</time>
        <extensions>
          <ns3:TrackPointExtension>
            <ns3:hr>163</ns3:hr>
            <ns3:cad>89</ns3:cad>
          </ns3:TrackPointExtension>
        </extensions>
      </trkpt>
      <trkpt lat="34.17514395900070667266845703125" lon="108.9259291626513004302978515625">
        <ele>469.600006103515625</ele>
        <time>2026-10-08T00:17:26.000Z</time>
        <extensions>
          <ns3:TrackPointExtension>
            <ns3:hr>163</ns3:hr>
            <ns3:cad>88</ns3:cad>
          </ns3:TrackPointExtension>
        </extensions>
      </trkpt>
      <trkpt lat="34.17517128400504589080810546875" lon="108.92592094838619232177734375">
        <ele>469.399993896484375</ele>
        <time>2026-10-08T00:17:27.000Z</time>
        <extensions>
          <ns3:TrackPointExtension>
            <ns3:hr>163</ns3:hr>
            <ns3:cad>88</ns3:cad>
          </ns3:TrackPointExtension>
        </extensions>
      </trkpt>
      <trkpt lat="34.1751990281045436859130859375" lon="108.9259194396436214447021484375">
        <ele>469.399993896484375</ele>
        <time>2026-10-08T00:17:28.000Z</time>
        <extensions>
          <ns3:TrackPointExtension>
            <ns3:hr>163</ns3:hr>
            <ns3:cad>89</ns3:cad>
          </ns3:TrackPointExtension>
        </extensions>
      </trkpt>
      <trkpt lat="34.175224341452121734619140625" lon="108.9259107224643230438232421875">
        <ele>469.399993896484375</ele>
        <time>2026-10-08T00:17:29.000Z</time>
        <extensions>
          <ns3:TrackPointExtension>
            <ns3:hr>164</ns3:hr>
            <ns3:cad>89</ns3:cad>
          </ns3:TrackPointExtension>
        </extensions>
      </trkpt>
      <trkpt lat="34.17525778524577617645263671875" lon="108.92590996809303760528564453125">
        <ele>469.20001220703125</ele>
        <time>2026-10-08T00:17:30.000Z</time>
        <extensions>
          <ns3:TrackPointExtension>
            <ns3:hr>163</ns3:hr>
            <ns3:cad>90</ns3:cad>
          </ns3:TrackPointExtension>
        </extensions>
      </trkpt>
      <trkpt lat="34.17528427205979824066162109375" lon="108.92590862698853015899658203125">
        <ele>469.20001220703125</ele>
        <time>2026-10-08T00:17:31.000Z</time>
        <extensions>
          <ns3:TrackPointExtension>
            <ns3:hr>163</ns3:hr>
            <ns3:cad>90</ns3:cad>
          </ns3:TrackPointExtension>
        </extensions>
      </trkpt>
      <trkpt lat="34.17531612329185009002685546875" lon="108.925914578139781951904296875">
        <ele>469.20001220703125</ele>
        <time>2026-10-08T00:17:32.000Z</time>
        <extensions>
          <ns3:TrackPointExtension>
            <ns3:hr>163</ns3:hr>
            <ns3:cad>90</ns3:cad>
          </ns3:TrackPointExtension>
        </extensions>
      </trkpt>
      <trkpt lat="34.17533867061138153076171875" lon="108.92590753734111785888671875">
        <ele>469.20001220703125</ele>
        <time>2026-10-08T00:17:33.000Z</time>
        <extensions>
          <ns3:TrackPointExtension>
            <ns3:hr>162</ns3:hr>
            <ns3:cad>90</ns3:cad>
          </ns3:TrackPointExtension>
        </extensions>
      </trkpt>
      <trkpt lat="34.1753663308918476104736328125" lon="108.925907202064990997314453125">
        <ele>469.20001220703125</ele>
        <time>2026-10-08T00:17:34.000Z</time>
        <extensions>
          <ns3:TrackPointExtension>
            <ns3:hr>162</ns3:hr>
            <ns3:cad>89</ns3:cad>
          </ns3:TrackPointExtension>
        </extensions>
      </trkpt>
      <trkpt lat="34.17538753710687160491943359375" lon="108.92590812407433986663818359375">
        <ele>469.20001220703125</ele>
        <time>2026-10-08T00:17:35.000Z</time>
        <extensions>
          <ns3:TrackPointExtension>
            <ns3:hr>162</ns3:hr>
            <ns3:cad>89</ns3:cad>
          </ns3:TrackPointExtension>
        </extensions>
      </trkpt>
      <trkpt lat="34.17541352100670337677001953125" lon="108.92590879462659358978271484375">
        <ele>469.20001220703125</ele>
        <time>2026-10-08T00:17:36.000Z</time>
        <extensions>
          <ns3:TrackPointExtension>
            <ns3:hr>161</ns3:hr>
            <ns3:cad>89</ns3:cad>
          </ns3:TrackPointExtension>
        </extensions>
      </trkpt>
      <trkpt lat="34.17543682269752025604248046875" lon="108.92590393312275409698486328125">
        <ele>469</ele>
        <time>2026-10-08T00:17:37.000Z</time>
        <extensions>
          <ns3:TrackPointExtension>
            <ns3:hr>161</ns3:hr>
            <ns3:cad>89</ns3:cad>
          </ns3:TrackPointExtension>
        </extensions>
      </trkpt>
      <trkpt lat="34.1754635609686374664306640625" lon="108.9259006641805171966552734375">
        <ele>469</ele>
        <time>2026-10-08T00:17:38.000Z</time>
        <extensions>
          <ns3:TrackPointExtension>
            <ns3:hr>161</ns3:hr>
            <ns3:cad>89</ns3:cad>
          </ns3:TrackPointExtension>
        </extensions>
      </trkpt>
      <trkpt lat="34.17548728175461292266845703125" lon="108.92589504830539226531982421875">
        <ele>469</ele>
        <time>2026-10-08T00:17:39.000Z</time>
        <extensions>
          <ns3:TrackPointExtension>
            <ns3:hr>161</ns3:hr>
            <ns3:cad>89</ns3:cad>
          </ns3:TrackPointExtension>
        </extensions>
      </trkpt>
      <trkpt lat="34.175512008368968963623046875" lon="108.92589353956282138824462890625">
        <ele>469</ele>
        <time>2026-10-08T00:17:40.000Z</time>
        <extensions>
          <ns3:TrackPointExtension>
            <ns3:hr>160</ns3:hr>
            <ns3:cad>89</ns3:cad>
          </ns3:TrackPointExtension>
        </extensions>
      </trkpt>
      <trkpt lat="34.1755391657352447509765625" lon="108.92588331364095211029052734375">
        <ele>468.79998779296875</ele>
        <time>2026-10-08T00:17:41.000Z</time>
        <extensions>
          <ns3:TrackPointExtension>
            <ns3:hr>160</ns3:hr>
            <ns3:cad>91</ns3:cad>
          </ns3:TrackPointExtension>
        </extensions>
      </trkpt>
      <trkpt lat="34.17556590400636196136474609375" lon="108.92588146962225437164306640625">
        <ele>468.79998779296875</ele>
        <time>2026-10-08T00:17:42.000Z</time>
        <extensions>
          <ns3:TrackPointExtension>
            <ns3:hr>160</ns3:hr>
            <ns3:cad>91</ns3:cad>
          </ns3:TrackPointExtension>
        </extensions>
      </trkpt>
      <trkpt lat="34.17559138499200344085693359375" lon="108.92587157897651195526123046875">
        <ele>469</ele>
        <time>2026-10-08T00:17:43.000Z</time>
        <extensions>
          <ns3:TrackPointExtension>
            <ns3:hr>160</ns3:hr>
            <ns3:cad>90</ns3:cad>
          </ns3:TrackPointExtension>
        </extensions>
      </trkpt>
      <trkpt lat="34.17561854235827922821044921875" lon="108.92587090842425823211669921875">
        <ele>469</ele>
        <time>2026-10-08T00:17:44.000Z</time>
        <extensions>
          <ns3:TrackPointExtension>
            <ns3:hr>159</ns3:hr>
            <ns3:cad>90</ns3:cad>
          </ns3:TrackPointExtension>
        </extensions>
      </trkpt>
      <trkpt lat="34.1756425984203815460205078125" lon="108.92586328089237213134765625">
        <ele>469</ele>
        <time>2026-10-08T00:17:45.000Z</time>
        <extensions>
          <ns3:TrackPointExtension>
            <ns3:hr>160</ns3:hr>
            <ns3:cad>90</ns3:cad>
          </ns3:TrackPointExtension>
        </extensions>
      </trkpt>
      <trkpt lat="34.175668247044086456298828125" lon="108.9258651249110698699951171875">
        <ele>469</ele>
        <time>2026-10-08T00:17:46.000Z</time>
        <extensions>
          <ns3:TrackPointExtension>
            <ns3:hr>159</ns3:hr>
            <ns3:cad>90</ns3:cad>
          </ns3:TrackPointExtension>
        </extensions>
      </trkpt>
      <trkpt lat="34.17569272220134735107421875" lon="108.92585632391273975372314453125">
        <ele>469</ele>
        <time>2026-10-08T00:17:47.000Z</time>
        <extensions>
          <ns3:TrackPointExtension>
            <ns3:hr>160</ns3:hr>
            <ns3:cad>89</ns3:cad>
          </ns3:TrackPointExtension>
        </extensions>
      </trkpt>
      <trkpt lat="34.17571828700602054595947265625" lon="108.92585280351340770721435546875">
        <ele>469</ele>
        <time>2026-10-08T00:17:48.000Z</time>
        <extensions>
          <ns3:TrackPointExtension>
            <ns3:hr>160</ns3:hr>
            <ns3:cad>89</ns3:cad>
          </ns3:TrackPointExtension>
        </extensions>
      </trkpt>
      <trkpt lat="34.1757428459823131561279296875" lon="108.9258450083434581756591796875">
        <ele>468.79998779296875</ele>
        <time>2026-10-08T00:17:49.000Z</time>
        <extensions>
          <ns3:TrackPointExtension>
            <ns3:hr>160</ns3:hr>
            <ns3:cad>89</ns3:cad>
          </ns3:TrackPointExtension>
        </extensions>
      </trkpt>
      <trkpt lat="34.17577059008181095123291015625" lon="108.92583905719220638275146484375">
        <ele>468.79998779296875</ele>
        <time>2026-10-08T00:17:50.000Z</time>
        <extensions>
          <ns3:TrackPointExtension>
            <ns3:hr>159</ns3:hr>
            <ns3:cad>89</ns3:cad>
          </ns3:TrackPointExtension>
        </extensions>
      </trkpt>
      <trkpt lat="34.17579573579132556915283203125" lon="108.92583151347935199737548828125">
        <ele>468.79998779296875</ele>
        <time>2026-10-08T00:17:51.000Z</time>
        <extensions>
          <ns3:TrackPointExtension>
            <ns3:hr>159</ns3:hr>
            <ns3:cad>90</ns3:cad>
          </ns3:TrackPointExtension>
        </extensions>
      </trkpt>
      <trkpt lat="34.17582121677696704864501953125" lon="108.92582749016582965850830078125">
        <ele>468.79998779296875</ele>
        <time>2026-10-08T00:17:52.000Z</time>
        <extensions>
          <ns3:TrackPointExtension>
            <ns3:hr>159</ns3:hr>
            <ns3:cad>90</ns3:cad>
          </ns3:TrackPointExtension>
        </extensions>
      </trkpt>
      <trkpt lat="34.1758410818874835968017578125" lon="108.92581357620656490325927734375">
        <ele>468.79998779296875</ele>
        <time>2026-10-08T00:17:53.000Z</time>
        <extensions>
          <ns3:TrackPointExtension>
            <ns3:hr>159</ns3:hr>
            <ns3:cad>90</ns3:cad>
          </ns3:TrackPointExtension>
        </extensions>
      </trkpt>
      <trkpt lat="34.1758675687015056610107421875" lon="108.92580988816916942596435546875">
        <ele>468.79998779296875</ele>
        <time>2026-10-08T00:17:54.000Z</time>
        <extensions>
          <ns3:TrackPointExtension>
            <ns3:hr>159</ns3:hr>
            <ns3:cad>90</ns3:cad>
          </ns3:TrackPointExtension>
        </extensions>
      </trkpt>
      <trkpt lat="34.17589045129716396331787109375" lon="108.925812654197216033935546875">
        <ele>468.600006103515625</ele>
        <time>2026-10-08T00:17:55.000Z</time>
        <extensions>
          <ns3:TrackPointExtension>
            <ns3:hr>159</ns3:hr>
            <ns3:cad>89</ns3:cad>
          </ns3:TrackPointExtension>
        </extensions>
      </trkpt>
      <trkpt lat="34.17591878212988376617431640625" lon="108.9258237183094024658203125">
        <ele>468.600006103515625</ele>
        <time>2026-10-08T00:17:56.000Z</time>
        <extensions>
          <ns3:TrackPointExtension>
            <ns3:hr>159</ns3:hr>
            <ns3:cad>89</ns3:cad>
          </ns3:TrackPointExtension>
        </extensions>
      </trkpt>
      <trkpt lat="34.17594308964908123016357421875" lon="108.92582572996616363525390625">
        <ele>468.600006103515625</ele>
        <time>2026-10-08T00:17:57.000Z</time>
        <extensions>
          <ns3:TrackPointExtension>
            <ns3:hr>159</ns3:hr>
            <ns3:cad>89</ns3:cad>
          </ns3:TrackPointExtension>
        </extensions>
      </trkpt>
      <trkpt lat="34.17597209103405475616455078125" lon="108.92582975327968597412109375">
        <ele>468.600006103515625</ele>
        <time>2026-10-08T00:17:58.000Z</time>
        <extensions>
          <ns3:TrackPointExtension>
            <ns3:hr>159</ns3:hr>
            <ns3:cad>88</ns3:cad>
          </ns3:TrackPointExtension>
        </extensions>
      </trkpt>
      <trkpt lat="34.17599690146744251251220703125" lon="108.92582866363227367401123046875">
        <ele>468.600006103515625</ele>
        <time>2026-10-08T00:17:59.000Z</time>
        <extensions>
          <ns3:TrackPointExtension>
            <ns3:hr>159</ns3:hr>
            <ns3:cad>88</ns3:cad>
          </ns3:TrackPointExtension>
        </extensions>
      </trkpt>
      <trkpt lat="34.176025651395320892333984375" lon="108.92582849599421024322509765625">
        <ele>468.600006103515625</ele>
        <time>2026-10-08T00:18:00.000Z</time>
        <extensions>
          <ns3:TrackPointExtension>
            <ns3:hr>158</ns3:hr>
            <ns3:cad>89</ns3:cad>
          </ns3:TrackPointExtension>
        </extensions>
      </trkpt>
      <trkpt lat="34.1760466061532497406005859375" lon="108.9258248917758464813232421875">
        <ele>468.600006103515625</ele>
        <time>2026-10-08T00:18:01.000Z</time>
        <extensions>
          <ns3:TrackPointExtension>
            <ns3:hr>157</ns3:hr>
            <ns3:cad>89</ns3:cad>
          </ns3:TrackPointExtension>
        </extensions>
      </trkpt>
      <trkpt lat="34.17607518844306468963623046875" lon="108.92582564614713191986083984375">
        <ele>468.600006103515625</ele>
        <time>2026-10-08T00:18:02.000Z</time>
        <extensions>
          <ns3:TrackPointExtension>
            <ns3:hr>157</ns3:hr>
            <ns3:cad>89</ns3:cad>
          </ns3:TrackPointExtension>
        </extensions>
      </trkpt>
      <trkpt lat="34.1760952211916446685791015625" lon="108.92582229338586330413818359375">
        <ele>468.600006103515625</ele>
        <time>2026-10-08T00:18:03.000Z</time>
        <extensions>
          <ns3:TrackPointExtension>
            <ns3:hr>157</ns3:hr>
            <ns3:cad>89</ns3:cad>
          </ns3:TrackPointExtension>
        </extensions>
      </trkpt>
      <trkpt lat="34.17612464167177677154541015625" lon="108.92582195810973644256591796875">
        <ele>468.600006103515625</ele>
        <time>2026-10-08T00:18:04.000Z</time>
        <extensions>
          <ns3:TrackPointExtension>
            <ns3:hr>157</ns3:hr>
            <ns3:cad>88</ns3:cad>
          </ns3:TrackPointExtension>
        </extensions>
      </trkpt>
      <trkpt lat="34.17614492587745189666748046875" lon="108.92581877298653125762939453125">
        <ele>468.600006103515625</ele>
        <time>2026-10-08T00:18:05.000Z</time>
        <extensions>
          <ns3:TrackPointExtension>
            <ns3:hr>157</ns3:hr>
            <ns3:cad>89</ns3:cad>
          </ns3:TrackPointExtension>
        </extensions>
      </trkpt>
      <trkpt lat="34.17617359198629856109619140625" lon="108.9258191920816898345947265625">
        <ele>468.600006103515625</ele>
        <time>2026-10-08T00:18:06.000Z</time>
        <extensions>
          <ns3:TrackPointExtension>
            <ns3:hr>157</ns3:hr>
            <ns3:cad>89</ns3:cad>
          </ns3:TrackPointExtension>
        </extensions>
      </trkpt>
      <trkpt lat="34.1761964745819568634033203125" lon="108.92581055872142314910888671875">
        <ele>468.600006103515625</ele>
        <time>2026-10-08T00:18:07.000Z</time>
        <extensions>
          <ns3:TrackPointExtension>
            <ns3:hr>156</ns3:hr>
            <ns3:cad>89</ns3:cad>
          </ns3:TrackPointExtension>
        </extensions>
      </trkpt>
      <trkpt lat="34.1762244701385498046875" lon="108.925807289779186248779296875">
        <ele>468.600006103515625</ele>
        <time>2026-10-08T00:18:08.000Z</time>
        <extensions>
          <ns3:TrackPointExtension>
            <ns3:hr>156</ns3:hr>
            <ns3:cad>89</ns3:cad>
          </ns3:TrackPointExtension>
        </extensions>
      </trkpt>
      <trkpt lat="34.17625020258128643035888671875" lon="108.9257984049618244171142578125">
        <ele>468.399993896484375</ele>
        <time>2026-10-08T00:18:09.000Z</time>
        <extensions>
          <ns3:TrackPointExtension>
            <ns3:hr>156</ns3:hr>
            <ns3:cad>90</ns3:cad>
          </ns3:TrackPointExtension>
        </extensions>
      </trkpt>
      <trkpt lat="34.1762786172330379486083984375" lon="108.9257942140102386474609375">
        <ele>468.399993896484375</ele>
        <time>2026-10-08T00:18:10.000Z</time>
        <extensions>
          <ns3:TrackPointExtension>
            <ns3:hr>156</ns3:hr>
            <ns3:cad>91</ns3:cad>
          </ns3:TrackPointExtension>
        </extensions>
      </trkpt>
      <trkpt lat="34.1763061098754405975341796875" lon="108.925789184868335723876953125">
        <ele>468.399993896484375</ele>
        <time>2026-10-08T00:18:11.000Z</time>
        <extensions>
          <ns3:TrackPointExtension>
            <ns3:hr>156</ns3:hr>
            <ns3:cad>91</ns3:cad>
          </ns3:TrackPointExtension>
        </extensions>
      </trkpt>
      <trkpt lat="34.1763357818126678466796875" lon="108.92579765059053897857666015625">
        <ele>468.399993896484375</ele>
        <time>2026-10-08T00:18:12.000Z</time>
        <extensions>
          <ns3:TrackPointExtension>
            <ns3:hr>155</ns3:hr>
            <ns3:cad>90</ns3:cad>
          </ns3:TrackPointExtension>
        </extensions>
      </trkpt>
      <trkpt lat="34.1763580776751041412353515625" lon="108.925797231495380401611328125">
        <ele>468.20001220703125</ele>
        <time>2026-10-08T00:18:13.000Z</time>
        <extensions>
          <ns3:TrackPointExtension>
            <ns3:hr>155</ns3:hr>
            <ns3:cad>90</ns3:cad>
          </ns3:TrackPointExtension>
        </extensions>
      </trkpt>
      <trkpt lat="34.1763825528323650360107421875" lon="108.92581089399755001068115234375">
        <ele>468.399993896484375</ele>
        <time>2026-10-08T00:18:14.000Z</time>
        <extensions>
          <ns3:TrackPointExtension>
            <ns3:hr>155</ns3:hr>
            <ns3:cad>90</ns3:cad>
          </ns3:TrackPointExtension>
        </extensions>
      </trkpt>
      <trkpt lat="34.1764028370380401611328125" lon="108.92582095228135585784912109375">
        <ele>468.20001220703125</ele>
        <time>2026-10-08T00:18:15.000Z</time>
        <extensions>
          <ns3:TrackPointExtension>
            <ns3:hr>155</ns3:hr>
            <ns3:cad>90</ns3:cad>
          </ns3:TrackPointExtension>
        </extensions>
      </trkpt>
      <trkpt lat="34.17641951702535152435302734375" lon="108.92584718763828277587890625">
        <ele>468.20001220703125</ele>
        <time>2026-10-08T00:18:16.000Z</time>
        <extensions>
          <ns3:TrackPointExtension>
            <ns3:hr>155</ns3:hr>
            <ns3:cad>90</ns3:cad>
          </ns3:TrackPointExtension>
        </extensions>
      </trkpt>
      <trkpt lat="34.17643376626074314117431640625" lon="108.9258731715381145477294921875">
        <ele>468.399993896484375</ele>
        <time>2026-10-08T00:18:17.000Z</time>
        <extensions>
          <ns3:TrackPointExtension>
            <ns3:hr>155</ns3:hr>
            <ns3:cad>90</ns3:cad>
          </ns3:TrackPointExtension>
        </extensions>
      </trkpt>
      <trkpt lat="34.1764418967068195343017578125" lon="108.925905525684356689453125">
        <ele>468.399993896484375</ele>
        <time>2026-10-08T00:18:18.000Z</time>
        <extensions>
          <ns3:TrackPointExtension>
            <ns3:hr>155</ns3:hr>
            <ns3:cad>90</ns3:cad>
          </ns3:TrackPointExtension>
        </extensions>
      </trkpt>
      <trkpt lat="34.17644885368645191192626953125" lon="108.9259310066699981689453125">
        <ele>468.399993896484375</ele>
        <time>2026-10-08T00:18:19.000Z</time>
        <extensions>
          <ns3:TrackPointExtension>
            <ns3:hr>155</ns3:hr>
            <ns3:cad>90</ns3:cad>
          </ns3:TrackPointExtension>
        </extensions>
      </trkpt>
      <trkpt lat="34.17644985951483249664306640625" lon="108.92596042715013027191162109375">
        <ele>468.600006103515625</ele>
        <time>2026-10-08T00:18:20.000Z</time>
        <extensions>
          <ns3:TrackPointExtension>
            <ns3:hr>155</ns3:hr>
            <ns3:cad>91</ns3:cad>
          </ns3:TrackPointExtension>
        </extensions>
      </trkpt>
      <trkpt lat="34.17645505629479885101318359375" lon="108.92599110491573810577392578125">
        <ele>468.600006103515625</ele>
        <time>2026-10-08T00:18:21.000Z</time>
        <extensions>
          <ns3:TrackPointExtension>
            <ns3:hr>155</ns3:hr>
            <ns3:cad>91</ns3:cad>
          </ns3:TrackPointExtension>
        </extensions>
      </trkpt>
      <trkpt lat="34.17645421810448169708251953125" lon="108.9260223694145679473876953125">
        <ele>468.600006103515625</ele>
        <time>2026-10-08T00:18:22.000Z</time>
        <extensions>
          <ns3:TrackPointExtension>
            <ns3:hr>155</ns3:hr>
            <ns3:cad>90</ns3:cad>
          </ns3:TrackPointExtension>
        </extensions>
      </trkpt>
      <trkpt lat="34.17645790614187717437744140625" lon="108.92605447210371494293212890625">
        <ele>468.600006103515625</ele>
        <time>2026-10-08T00:18:23.000Z</time>
        <extensions>
          <ns3:TrackPointExtension>
            <ns3:hr>154</ns3:hr>
            <ns3:cad>90</ns3:cad>
          </ns3:TrackPointExtension>
        </extensions>
      </trkpt>
      <trkpt lat="34.17645874433219432830810546875" lon="108.926087580621242523193359375">
        <ele>468.600006103515625</ele>
        <time>2026-10-08T00:18:24.000Z</time>
        <extensions>
          <ns3:TrackPointExtension>
            <ns3:hr>155</ns3:hr>
            <ns3:cad>90</ns3:cad>
          </ns3:TrackPointExtension>
        </extensions>
      </trkpt>
      <trkpt lat="34.176460839807987213134765625" lon="108.92611985094845294952392578125">
        <ele>468.600006103515625</ele>
        <time>2026-10-08T00:18:25.000Z</time>
        <extensions>
          <ns3:TrackPointExtension>
            <ns3:hr>155</ns3:hr>
            <ns3:cad>90</ns3:cad>
          </ns3:TrackPointExtension>
        </extensions>
      </trkpt>
      <trkpt lat="34.176458828151226043701171875" lon="108.92615295946598052978515625">
        <ele>468.600006103515625</ele>
        <time>2026-10-08T00:18:26.000Z</time>
        <extensions>
          <ns3:TrackPointExtension>
            <ns3:hr>154</ns3:hr>
            <ns3:cad>90</ns3:cad>
          </ns3:TrackPointExtension>
        </extensions>
      </trkpt>
      <trkpt lat="34.17645874433219432830810546875" lon="108.92618388868868350982666015625">
        <ele>468.600006103515625</ele>
        <time>2026-10-08T00:18:27.000Z</time>
        <extensions>
          <ns3:TrackPointExtension>
            <ns3:hr>155</ns3:hr>
            <ns3:cad>89</ns3:cad>
          </ns3:TrackPointExtension>
        </extensions>
      </trkpt>
      <trkpt lat="34.17645958252251148223876953125" lon="108.9262161590158939361572265625">
        <ele>468.600006103515625</ele>
        <time>2026-10-08T00:18:28.000Z</time>
        <extensions>
          <ns3:TrackPointExtension>
            <ns3:hr>155</ns3:hr>
            <ns3:cad>89</ns3:cad>
          </ns3:TrackPointExtension>
        </extensions>
      </trkpt>
      <trkpt lat="34.17646293528378009796142578125" lon="108.92624557949602603912353515625">
        <ele>468.79998779296875</ele>
        <time>2026-10-08T00:18:29.000Z</time>
        <extensions>
          <ns3:TrackPointExtension>
            <ns3:hr>155</ns3:hr>
            <ns3:cad>89</ns3:cad>
          </ns3:TrackPointExtension>
        </extensions>
      </trkpt>
      <trkpt lat="34.17646511457860469818115234375" lon="108.92627944238483905792236328125">
        <ele>468.79998779296875</ele>
        <time>2026-10-08T00:18:30.000Z</time>
        <extensions>
          <ns3:TrackPointExtension>
            <ns3:hr>155</ns3:hr>
            <ns3:cad>89</ns3:cad>
          </ns3:TrackPointExtension>
        </extensions>
      </trkpt>
      <trkpt lat="34.17646762914955615997314453125" lon="108.92630894668400287628173828125">
        <ele>468.79998779296875</ele>
        <time>2026-10-08T00:18:31.000Z</time>
        <extensions>
          <ns3:TrackPointExtension>
            <ns3:hr>156</ns3:hr>
            <ns3:cad>89</ns3:cad>
          </ns3:TrackPointExtension>
        </extensions>
      </trkpt>
      <trkpt lat="34.17646964080631732940673828125" lon="108.92634180374443531036376953125">
        <ele>468.79998779296875</ele>
        <time>2026-10-08T00:18:32.000Z</time>
        <extensions>
          <ns3:TrackPointExtension>
            <ns3:hr>156</ns3:hr>
            <ns3:cad>89</ns3:cad>
          </ns3:TrackPointExtension>
        </extensions>
      </trkpt>
      <trkpt lat="34.1764777712523937225341796875" lon="108.92636376433074474334716796875">
        <ele>468.79998779296875</ele>
        <time>2026-10-08T00:18:33.000Z</time>
        <extensions>
          <ns3:TrackPointExtension>
            <ns3:hr>156</ns3:hr>
            <ns3:cad>88</ns3:cad>
          </ns3:TrackPointExtension>
        </extensions>
      </trkpt>
      <trkpt lat="34.17647860944271087646484375" lon="108.926394023001194000244140625">
        <ele>468.79998779296875</ele>
        <time>2026-10-08T00:18:34.000Z</time>
        <extensions>
          <ns3:TrackPointExtension>
            <ns3:hr>156</ns3:hr>
            <ns3:cad>88</ns3:cad>
          </ns3:TrackPointExtension>
        </extensions>
      </trkpt>
      <trkpt lat="34.17647617869079113006591796875" lon="108.9264159835875034332275390625">
        <ele>468.79998779296875</ele>
        <time>2026-10-08T00:18:35.000Z</time>
        <extensions>
          <ns3:TrackPointExtension>
            <ns3:hr>156</ns3:hr>
            <ns3:cad>88</ns3:cad>
          </ns3:TrackPointExtension>
        </extensions>
      </trkpt>
      <trkpt lat="34.17647299356758594512939453125" lon="108.92644741572439670562744140625">
        <ele>468.79998779296875</ele>
        <time>2026-10-08T00:18:36.000Z</time>
        <extensions>
          <ns3:TrackPointExtension>
            <ns3:hr>156</ns3:hr>
            <ns3:cad>88</ns3:cad>
          </ns3:TrackPointExtension>
        </extensions>
      </trkpt>
      <trkpt lat="34.176477603614330291748046875" lon="108.92647080123424530029296875">
        <ele>468.79998779296875</ele>
        <time>2026-10-08T00:18:37.000Z</time>
        <extensions>
          <ns3:TrackPointExtension>
            <ns3:hr>156</ns3:hr>
            <ns3:cad>88</ns3:cad>
          </ns3:TrackPointExtension>
        </extensions>
      </trkpt>
      <trkpt lat="34.17647383175790309906005859375" lon="108.9265049993991851806640625">
        <ele>468.79998779296875</ele>
        <time>2026-10-08T00:18:38.000Z</time>
        <extensions>
          <ns3:TrackPointExtension>
            <ns3:hr>156</ns3:hr>
            <ns3:cad>90</ns3:cad>
          </ns3:TrackPointExtension>
        </extensions>
      </trkpt>
      <trkpt lat="34.1764752566814422607421875" lon="108.9265279658138751983642578125">
        <ele>468.79998779296875</ele>
        <time>2026-10-08T00:18:39.000Z</time>
        <extensions>
          <ns3:TrackPointExtension>
            <ns3:hr>155</ns3:hr>
            <ns3:cad>90</ns3:cad>
          </ns3:TrackPointExtension>
        </extensions>
      </trkpt>
      <trkpt lat="34.17647324502468109130859375" lon="108.92656593583524227142333984375">
        <ele>468.79998779296875</ele>
        <time>2026-10-08T00:18:40.000Z</time>
        <extensions>
          <ns3:TrackPointExtension>
            <ns3:hr>156</ns3:hr>
            <ns3:cad>90</ns3:cad>
          </ns3:TrackPointExtension>
        </extensions>
      </trkpt>
      <trkpt lat="34.17647651396691799163818359375" lon="108.92659359611570835113525390625">
        <ele>469</ele>
        <time>2026-10-08T00:18:41.000Z</time>
        <extensions>
          <ns3:TrackPointExtension>
            <ns3:hr>156</ns3:hr>
            <ns3:cad>90</ns3:cad>
          </ns3:TrackPointExtension>
        </extensions>
      </trkpt>
      <trkpt lat="34.17647584341466426849365234375" lon="108.9266285486519336700439453125">
        <ele>469</ele>
        <time>2026-10-08T00:18:42.000Z</time>
        <extensions>
          <ns3:TrackPointExtension>
            <ns3:hr>156</ns3:hr>
            <ns3:cad>90</ns3:cad>
          </ns3:TrackPointExtension>
        </extensions>
      </trkpt>
      <trkpt lat="34.17647995054721832275390625" lon="108.92665998078882694244384765625">
        <ele>469</ele>
        <time>2026-10-08T00:18:43.000Z</time>
        <extensions>
          <ns3:TrackPointExtension>
            <ns3:hr>156</ns3:hr>
            <ns3:cad>90</ns3:cad>
          </ns3:TrackPointExtension>
        </extensions>
      </trkpt>
      <trkpt lat="34.1764764301478862762451171875" lon="108.92669635824859142303466796875">
        <ele>469</ele>
        <time>2026-10-08T00:18:44.000Z</time>
        <extensions>
          <ns3:TrackPointExtension>
            <ns3:hr>155</ns3:hr>
            <ns3:cad>90</ns3:cad>
          </ns3:TrackPointExtension>
        </extensions>
      </trkpt>
      <trkpt lat="34.17647869326174259185791015625" lon="108.9267244376242160797119140625">
        <ele>469</ele>
        <time>2026-10-08T00:18:45.000Z</time>
        <extensions>
          <ns3:TrackPointExtension>
            <ns3:hr>155</ns3:hr>
            <ns3:cad>90</ns3:cad>
          </ns3:TrackPointExtension>
        </extensions>
      </trkpt>
      <trkpt lat="34.1764791123569011688232421875" lon="108.92675955779850482940673828125">
        <ele>469</ele>
        <time>2026-10-08T00:18:46.000Z</time>
        <extensions>
          <ns3:TrackPointExtension>
            <ns3:hr>155</ns3:hr>
            <ns3:cad>90</ns3:cad>
          </ns3:TrackPointExtension>
        </extensions>
      </trkpt>
      <trkpt lat="34.17648288421332836151123046875" lon="108.926786296069622039794921875">
        <ele>469</ele>
        <time>2026-10-08T00:18:47.000Z</time>
        <extensions>
          <ns3:TrackPointExtension>
            <ns3:hr>155</ns3:hr>
            <ns3:cad>89</ns3:cad>
          </ns3:TrackPointExtension>
        </extensions>
      </trkpt>
      <trkpt lat="34.176479615271091461181640625" lon="108.92682409845292568206787109375">
        <ele>469</ele>
        <time>2026-10-08T00:18:48.000Z</time>
        <extensions>
          <ns3:TrackPointExtension>
            <ns3:hr>155</ns3:hr>
            <ns3:cad>90</ns3:cad>
          </ns3:TrackPointExtension>
        </extensions>
      </trkpt>
      <trkpt lat="34.1764787770807743072509765625" lon="108.92684572376310825347900390625">
        <ele>469</ele>
        <time>2026-10-08T00:18:49.000Z</time>
        <extensions>
          <ns3:TrackPointExtension>
            <ns3:hr>154</ns3:hr>
            <ns3:cad>90</ns3:cad>
          </ns3:TrackPointExtension>
        </extensions>
      </trkpt>
      <trkpt lat="34.17647592723369598388671875" lon="108.926880843937397003173828125">
        <ele>469</ele>
        <time>2026-10-08T00:18:50.000Z</time>
        <extensions>
          <ns3:TrackPointExtension>
            <ns3:hr>155</ns3:hr>
            <ns3:cad>90</ns3:cad>
          </ns3:TrackPointExtension>
        </extensions>
      </trkpt>
      <trkpt lat="34.1764752566814422607421875" lon="108.9269011281430721282958984375">
        <ele>469.20001220703125</ele>
        <time>2026-10-08T00:18:51.000Z</time>
        <extensions>
          <ns3:TrackPointExtension>
            <ns3:hr>155</ns3:hr>
            <ns3:cad>89</ns3:cad>
          </ns3:TrackPointExtension>
        </extensions>
      </trkpt>
      <trkpt lat="34.1764807887375354766845703125" lon="108.9269386790692806243896484375">
        <ele>469.20001220703125</ele>
        <time>2026-10-08T00:18:52.000Z</time>
        <extensions>
          <ns3:TrackPointExtension>
            <ns3:hr>154</ns3:hr>
            <ns3:cad>89</ns3:cad>
          </ns3:TrackPointExtension>
        </extensions>
      </trkpt>
      <trkpt lat="34.17648036964237689971923828125" lon="108.92695904709398746490478515625">
        <ele>469.20001220703125</ele>
        <time>2026-10-08T00:18:53.000Z</time>
        <extensions>
          <ns3:TrackPointExtension>
            <ns3:hr>155</ns3:hr>
            <ns3:cad>89</ns3:cad>
          </ns3:TrackPointExtension>
        </extensions>
      </trkpt>
      <trkpt lat="34.1764787770807743072509765625" lon="108.92699877731502056121826171875">
        <ele>469.20001220703125</ele>
        <time>2026-10-08T00:18:54.000Z</time>
        <extensions>
          <ns3:TrackPointExtension>
            <ns3:hr>155</ns3:hr>
            <ns3:cad>89</ns3:cad>
          </ns3:TrackPointExtension>
        </extensions>
      </trkpt>
      <trkpt lat="34.17648020200431346893310546875" lon="108.9270275272428989410400390625">
        <ele>469.399993896484375</ele>
        <time>2026-10-08T00:18:55.000Z</time>
        <extensions>
          <ns3:TrackPointExtension>
            <ns3:hr>155</ns3:hr>
            <ns3:cad>89</ns3:cad>
          </ns3:TrackPointExtension>
        </extensions>
      </trkpt>
      <trkpt lat="34.176480956375598907470703125" lon="108.92705476842820644378662109375">
        <ele>469.20001220703125</ele>
        <time>2026-10-08T00:18:56.000Z</time>
        <extensions>
          <ns3:TrackPointExtension>
            <ns3:hr>155</ns3:hr>
            <ns3:cad>89</ns3:cad>
          </ns3:TrackPointExtension>
        </extensions>
      </trkpt>
      <trkpt lat="34.17648439295589923858642578125" lon="108.92707505263388156890869140625">
        <ele>469.399993896484375</ele>
        <time>2026-10-08T00:18:57.000Z</time>
        <extensions>
          <ns3:TrackPointExtension>
            <ns3:hr>155</ns3:hr>
            <ns3:cad>88</ns3:cad>
          </ns3:TrackPointExtension>
        </extensions>
      </trkpt>
      <trkpt lat="34.17648321948945522308349609375" lon="108.92710304819047451019287109375">
        <ele>469.399993896484375</ele>
        <time>2026-10-08T00:18:58.000Z</time>
        <extensions>
          <ns3:TrackPointExtension>
            <ns3:hr>155</ns3:hr>
            <ns3:cad>89</ns3:cad>
          </ns3:TrackPointExtension>
        </extensions>
      </trkpt>
      <trkpt lat="34.17648338712751865386962890625" lon="108.927133642137050628662109375">
        <ele>469.20001220703125</ele>
        <time>2026-10-08T00:18:59.000Z</time>
        <extensions>
          <ns3:TrackPointExtension>
            <ns3:hr>154</ns3:hr>
            <ns3:cad>89</ns3:cad>
          </ns3:TrackPointExtension>
        </extensions>
      </trkpt>
      <trkpt lat="34.17648405767977237701416015625" lon="108.92716222442686557769775390625">
        <ele>469.20001220703125</ele>
        <time>2026-10-08T00:19:00.000Z</time>
        <extensions>
          <ns3:TrackPointExtension>
            <ns3:hr>154</ns3:hr>
            <ns3:cad>89</ns3:cad>
          </ns3:TrackPointExtension>
        </extensions>
      </trkpt>
      <trkpt lat="34.1764834709465503692626953125" lon="108.927191309630870819091796875">
        <ele>469</ele>
        <time>2026-10-08T00:19:01.000Z</time>
        <extensions>
          <ns3:TrackPointExtension>
            <ns3:hr>154</ns3:hr>
            <ns3:cad>89</ns3:cad>
          </ns3:TrackPointExtension>
        </extensions>
      </trkpt>
      <trkpt lat="34.17648774571716785430908203125" lon="108.9272307045757770538330078125">
        <ele>469</ele>
        <time>2026-10-08T00:19:02.000Z</time>
        <extensions>
          <ns3:TrackPointExtension>
            <ns3:hr>154</ns3:hr>
            <ns3:cad>89</ns3:cad>
          </ns3:TrackPointExtension>
        </extensions>
      </trkpt>
      <trkpt lat="34.17648925445973873138427734375" lon="108.92726398073136806488037109375">
        <ele>468.79998779296875</ele>
        <time>2026-10-08T00:19:03.000Z</time>
        <extensions>
          <ns3:TrackPointExtension>
            <ns3:hr>155</ns3:hr>
            <ns3:cad>88</ns3:cad>
          </ns3:TrackPointExtension>
        </extensions>
      </trkpt>
      <trkpt lat="34.176491685211658477783203125" lon="108.92729583196341991424560546875">
        <ele>468.79998779296875</ele>
        <time>2026-10-08T00:19:04.000Z</time>
        <extensions>
          <ns3:TrackPointExtension>
            <ns3:hr>154</ns3:hr>
            <ns3:cad>88</ns3:cad>
          </ns3:TrackPointExtension>
        </extensions>
      </trkpt>
      <trkpt lat="34.17649428360164165496826171875" lon="108.927330113947391510009765625">
        <ele>468.79998779296875</ele>
        <time>2026-10-08T00:19:05.000Z</time>
        <extensions>
          <ns3:TrackPointExtension>
            <ns3:hr>154</ns3:hr>
            <ns3:cad>88</ns3:cad>
          </ns3:TrackPointExtension>
        </extensions>
      </trkpt>
      <trkpt lat="34.176494367420673370361328125" lon="108.92735886387526988983154296875">
        <ele>468.79998779296875</ele>
        <time>2026-10-08T00:19:06.000Z</time>
        <extensions>
          <ns3:TrackPointExtension>
            <ns3:hr>155</ns3:hr>
            <ns3:cad>89</ns3:cad>
          </ns3:TrackPointExtension>
        </extensions>
      </trkpt>
      <trkpt lat="34.17649478651583194732666015625" lon="108.92739239148795604705810546875">
        <ele>468.79998779296875</ele>
        <time>2026-10-08T00:19:07.000Z</time>
        <extensions>
          <ns3:TrackPointExtension>
            <ns3:hr>155</ns3:hr>
            <ns3:cad>89</ns3:cad>
          </ns3:TrackPointExtension>
        </extensions>
      </trkpt>
      <trkpt lat="34.17649872601032257080078125" lon="108.92742558382451534271240234375">
        <ele>468.79998779296875</ele>
        <time>2026-10-08T00:19:08.000Z</time>
        <extensions>
          <ns3:TrackPointExtension>
            <ns3:hr>155</ns3:hr>
            <ns3:cad>89</ns3:cad>
          </ns3:TrackPointExtension>
        </extensions>
      </trkpt>
      <trkpt lat="34.176499061286449432373046875" lon="108.927456848323345184326171875">
        <ele>468.79998779296875</ele>
        <time>2026-10-08T00:19:09.000Z</time>
        <extensions>
          <ns3:TrackPointExtension>
            <ns3:hr>156</ns3:hr>
            <ns3:cad>88</ns3:cad>
          </ns3:TrackPointExtension>
        </extensions>
      </trkpt>
      <trkpt lat="34.176497049629688262939453125" lon="108.92748459242284297943115234375">
        <ele>468.600006103515625</ele>
        <time>2026-10-08T00:19:10.000Z</time>
        <extensions>
          <ns3:TrackPointExtension>
            <ns3:hr>156</ns3:hr>
            <ns3:cad>89</ns3:cad>
          </ns3:TrackPointExtension>
        </extensions>
      </trkpt>
      <trkpt lat="34.17649327777326107025146484375" lon="108.9275120012462139129638671875">
        <ele>468.600006103515625</ele>
        <time>2026-10-08T00:19:11.000Z</time>
        <extensions>
          <ns3:TrackPointExtension>
            <ns3:hr>156</ns3:hr>
            <ns3:cad>89</ns3:cad>
          </ns3:TrackPointExtension>
        </extensions>
      </trkpt>
      <trkpt lat="34.17649143375456333160400390625" lon="108.9275404997169971466064453125">
        <ele>468.399993896484375</ele>
        <time>2026-10-08T00:19:12.000Z</time>
        <extensions>
          <ns3:TrackPointExtension>
            <ns3:hr>156</ns3:hr>
            <ns3:cad>89</ns3:cad>
          </ns3:TrackPointExtension>
        </extensions>
      </trkpt>
      <trkpt lat="34.1764941997826099395751953125" lon="108.92757008783519268035888671875">
        <ele>468.399993896484375</ele>
        <time>2026-10-08T00:19:13.000Z</time>
        <extensions>
          <ns3:TrackPointExtension>
            <ns3:hr>155</ns3:hr>
            <ns3:cad>89</ns3:cad>
          </ns3:TrackPointExtension>
        </extensions>
      </trkpt>
      <trkpt lat="34.1764928586781024932861328125" lon="108.9275995083153247833251953125">
        <ele>468.20001220703125</ele>
        <time>2026-10-08T00:19:14.000Z</time>
        <extensions>
          <ns3:TrackPointExtension>
            <ns3:hr>155</ns3:hr>
            <ns3:cad>88</ns3:cad>
          </ns3:TrackPointExtension>
        </extensions>
      </trkpt>
      <trkpt lat="34.17649461887776851654052734375" lon="108.92763814888894557952880859375">
        <ele>468.20001220703125</ele>
        <time>2026-10-08T00:19:15.000Z</time>
        <extensions>
          <ns3:TrackPointExtension>
            <ns3:hr>156</ns3:hr>
            <ns3:cad>88</ns3:cad>
          </ns3:TrackPointExtension>
        </extensions>
      </trkpt>
      <trkpt lat="34.17649914510548114776611328125" lon="108.92767083831131458282470703125">
        <ele>468.20001220703125</ele>
        <time>2026-10-08T00:19:16.000Z</time>
        <extensions>
          <ns3:TrackPointExtension>
            <ns3:hr>156</ns3:hr>
            <ns3:cad>89</ns3:cad>
          </ns3:TrackPointExtension>
        </extensions>
      </trkpt>
      <trkpt lat="34.176500402390956878662109375" lon="108.9277017675340175628662109375">
        <ele>468.20001220703125</ele>
        <time>2026-10-08T00:19:17.000Z</time>
        <extensions>
          <ns3:TrackPointExtension>
            <ns3:hr>156</ns3:hr>
            <ns3:cad>89</ns3:cad>
          </ns3:TrackPointExtension>
        </extensions>
      </trkpt>
      <trkpt lat="34.17650836519896984100341796875" lon="108.92773152329027652740478515625">
        <ele>468</ele>
        <time>2026-10-08T00:19:18.000Z</time>
        <extensions>
          <ns3:TrackPointExtension>
            <ns3:hr>155</ns3:hr>
            <ns3:cad>89</ns3:cad>
          </ns3:TrackPointExtension>
        </extensions>
      </trkpt>
      <trkpt lat="34.176506437361240386962890625" lon="108.927763961255550384521484375">
        <ele>468</ele>
        <time>2026-10-08T00:19:19.000Z</time>
        <extensions>
          <ns3:TrackPointExtension>
            <ns3:hr>155</ns3:hr>
            <ns3:cad>90</ns3:cad>
          </ns3:TrackPointExtension>
        </extensions>
      </trkpt>
      <trkpt lat="34.1765099577605724334716796875" lon="108.92779581248760223388671875">
        <ele>468</ele>
        <time>2026-10-08T00:19:20.000Z</time>
        <extensions>
          <ns3:TrackPointExtension>
            <ns3:hr>155</ns3:hr>
            <ns3:cad>90</ns3:cad>
          </ns3:TrackPointExtension>
        </extensions>
      </trkpt>
      <trkpt lat="34.1765128076076507568359375" lon="108.927825987339019775390625">
        <ele>468</ele>
        <time>2026-10-08T00:19:21.000Z</time>
        <extensions>
          <ns3:TrackPointExtension>
            <ns3:hr>155</ns3:hr>
            <ns3:cad>90</ns3:cad>
          </ns3:TrackPointExtension>
        </extensions>
      </trkpt>
      <trkpt lat="34.1765166632831096649169921875" lon="108.92785423435270786285400390625">
        <ele>468</ele>
        <time>2026-10-08T00:19:22.000Z</time>
        <extensions>
          <ns3:TrackPointExtension>
            <ns3:hr>155</ns3:hr>
            <ns3:cad>90</ns3:cad>
          </ns3:TrackPointExtension>
        </extensions>
      </trkpt>
      <trkpt lat="34.17651708237826824188232421875" lon="108.927886672317981719970703125">
        <ele>467.79998779296875</ele>
        <time>2026-10-08T00:19:23.000Z</time>
        <extensions>
          <ns3:TrackPointExtension>
            <ns3:hr>154</ns3:hr>
            <ns3:cad>90</ns3:cad>
          </ns3:TrackPointExtension>
        </extensions>
      </trkpt>
      <trkpt lat="34.17651959694921970367431640625" lon="108.92791793681681156158447265625">
        <ele>467.79998779296875</ele>
        <time>2026-10-08T00:19:24.000Z</time>
        <extensions>
          <ns3:TrackPointExtension>
            <ns3:hr>154</ns3:hr>
            <ns3:cad>90</ns3:cad>
          </ns3:TrackPointExtension>
        </extensions>
      </trkpt>
      <trkpt lat="34.17651892639696598052978515625" lon="108.9279518835246562957763671875">
        <ele>467.79998779296875</ele>
        <time>2026-10-08T00:19:25.000Z</time>
        <extensions>
          <ns3:TrackPointExtension>
            <ns3:hr>154</ns3:hr>
            <ns3:cad>90</ns3:cad>
          </ns3:TrackPointExtension>
        </extensions>
      </trkpt>
      <trkpt lat="34.1765243746340274810791015625" lon="108.9279823936522006988525390625">
        <ele>467.79998779296875</ele>
        <time>2026-10-08T00:19:26.000Z</time>
        <extensions>
          <ns3:TrackPointExtension>
            <ns3:hr>154</ns3:hr>
            <ns3:cad>90</ns3:cad>
          </ns3:TrackPointExtension>
        </extensions>
      </trkpt>
      <trkpt lat="34.17652496136724948883056640625" lon="108.92801550216972827911376953125">
        <ele>467.79998779296875</ele>
        <time>2026-10-08T00:19:27.000Z</time>
        <extensions>
          <ns3:TrackPointExtension>
            <ns3:hr>154</ns3:hr>
            <ns3:cad>90</ns3:cad>
          </ns3:TrackPointExtension>
        </extensions>
      </trkpt>
      <trkpt lat="34.1765320859849452972412109375" lon="108.92804534174501895904541015625">
        <ele>467.79998779296875</ele>
        <time>2026-10-08T00:19:28.000Z</time>
        <extensions>
          <ns3:TrackPointExtension>
            <ns3:hr>154</ns3:hr>
            <ns3:cad>90</ns3:cad>
          </ns3:TrackPointExtension>
        </extensions>
      </trkpt>
      <trkpt lat="34.17653719894587993621826171875" lon="108.92807635478675365447998046875">
        <ele>467.79998779296875</ele>
        <time>2026-10-08T00:19:29.000Z</time>
        <extensions>
          <ns3:TrackPointExtension>
            <ns3:hr>154</ns3:hr>
            <ns3:cad>90</ns3:cad>
          </ns3:TrackPointExtension>
        </extensions>
      </trkpt>
      <trkpt lat="34.17654432356357574462890625" lon="108.92810284160077571868896484375">
        <ele>467.79998779296875</ele>
        <time>2026-10-08T00:19:30.000Z</time>
        <extensions>
          <ns3:TrackPointExtension>
            <ns3:hr>154</ns3:hr>
            <ns3:cad>90</ns3:cad>
          </ns3:TrackPointExtension>
        </extensions>
      </trkpt>
      <trkpt lat="34.17655262164771556854248046875" lon="108.928134776651859283447265625">
        <ele>467.600006103515625</ele>
        <time>2026-10-08T00:19:31.000Z</time>
        <extensions>
          <ns3:TrackPointExtension>
            <ns3:hr>154</ns3:hr>
            <ns3:cad>89</ns3:cad>
          </ns3:TrackPointExtension>
        </extensions>
      </trkpt>
      <trkpt lat="34.176557399332523345947265625" lon="108.92815547995269298553466796875">
        <ele>467.600006103515625</ele>
        <time>2026-10-08T00:19:32.000Z</time>
        <extensions>
          <ns3:TrackPointExtension>
            <ns3:hr>153</ns3:hr>
            <ns3:cad>88</ns3:cad>
          </ns3:TrackPointExtension>
        </extensions>
      </trkpt>
      <trkpt lat="34.17656636796891689300537109375" lon="108.92818062566220760345458984375">
        <ele>467.600006103515625</ele>
        <time>2026-10-08T00:19:33.000Z</time>
        <extensions>
          <ns3:TrackPointExtension>
            <ns3:hr>153</ns3:hr>
            <ns3:cad>88</ns3:cad>
          </ns3:TrackPointExtension>
        </extensions>
      </trkpt>
      <trkpt lat="34.17657843790948390960693359375" lon="108.9282023347914218902587890625">
        <ele>467.600006103515625</ele>
        <time>2026-10-08T00:19:34.000Z</time>
        <extensions>
          <ns3:TrackPointExtension>
            <ns3:hr>153</ns3:hr>
            <ns3:cad>88</ns3:cad>
          </ns3:TrackPointExtension>
        </extensions>
      </trkpt>
      <trkpt lat="34.17658715508878231048583984375" lon="108.92823125235736370086669921875">
        <ele>467.600006103515625</ele>
        <time>2026-10-08T00:19:35.000Z</time>
        <extensions>
          <ns3:TrackPointExtension>
            <ns3:hr>153</ns3:hr>
            <ns3:cad>89</ns3:cad>
          </ns3:TrackPointExtension>
        </extensions>
      </trkpt>
      <trkpt lat="34.17660525999963283538818359375" lon="108.92824969254434108734130859375">
        <ele>467.600006103515625</ele>
        <time>2026-10-08T00:19:36.000Z</time>
        <extensions>
          <ns3:TrackPointExtension>
            <ns3:hr>152</ns3:hr>
            <ns3:cad>89</ns3:cad>
          </ns3:TrackPointExtension>
        </extensions>
      </trkpt>
      <trkpt lat="34.176621772348880767822265625" lon="108.9282754249870777130126953125">
        <ele>467.600006103515625</ele>
        <time>2026-10-08T00:19:37.000Z</time>
        <extensions>
          <ns3:TrackPointExtension>
            <ns3:hr>152</ns3:hr>
            <ns3:cad>89</ns3:cad>
          </ns3:TrackPointExtension>
        </extensions>
      </trkpt>
      <trkpt lat="34.17664096690714359283447265625" lon="108.92829445190727710723876953125">
        <ele>467.600006103515625</ele>
        <time>2026-10-08T00:19:38.000Z</time>
        <extensions>
          <ns3:TrackPointExtension>
            <ns3:hr>152</ns3:hr>
            <ns3:cad>90</ns3:cad>
          </ns3:TrackPointExtension>
        </extensions>
      </trkpt>
      <trkpt lat="34.1766584850847721099853515625" lon="108.9283153228461742401123046875">
        <ele>467.600006103515625</ele>
        <time>2026-10-08T00:19:39.000Z</time>
        <extensions>
          <ns3:TrackPointExtension>
            <ns3:hr>152</ns3:hr>
            <ns3:cad>91</ns3:cad>
          </ns3:TrackPointExtension>
        </extensions>
      </trkpt>
      <trkpt lat="34.17668052949011325836181640625" lon="108.92833502031862735748291015625">
        <ele>467.600006103515625</ele>
        <time>2026-10-08T00:19:40.000Z</time>
        <extensions>
          <ns3:TrackPointExtension>
            <ns3:hr>152</ns3:hr>
            <ns3:cad>92</ns3:cad>
          </ns3:TrackPointExtension>
        </extensions>
      </trkpt>
      <trkpt lat="34.17669880203902721405029296875" lon="108.928354047238826751708984375">
        <ele>467.600006103515625</ele>
        <time>2026-10-08T00:19:41.000Z</time>
        <extensions>
          <ns3:TrackPointExtension>
            <ns3:hr>152</ns3:hr>
            <ns3:cad>92</ns3:cad>
          </ns3:TrackPointExtension>
        </extensions>
      </trkpt>
      <trkpt lat="34.17672378011047840118408203125" lon="108.9283726550638675689697265625">
        <ele>467.600006103515625</ele>
        <time>2026-10-08T00:19:42.000Z</time>
        <extensions>
          <ns3:TrackPointExtension>
            <ns3:hr>151</ns3:hr>
            <ns3:cad>93</ns3:cad>
          </ns3:TrackPointExtension>
        </extensions>
      </trkpt>
      <trkpt lat="34.176742136478424072265625" lon="108.92838464118540287017822265625">
        <ele>467.600006103515625</ele>
        <time>2026-10-08T00:19:43.000Z</time>
        <extensions>
          <ns3:TrackPointExtension>
            <ns3:hr>152</ns3:hr>
            <ns3:cad>93</ns3:cad>
          </ns3:TrackPointExtension>
        </extensions>
      </trkpt>
      <trkpt lat="34.176768958568572998046875" lon="108.9284004829823970794677734375">
        <ele>467.600006103515625</ele>
        <time>2026-10-08T00:19:44.000Z</time>
        <extensions>
          <ns3:TrackPointExtension>
            <ns3:hr>152</ns3:hr>
            <ns3:cad>92</ns3:cad>
          </ns3:TrackPointExtension>
        </extensions>
      </trkpt>
      <trkpt lat="34.1767892427742481231689453125" lon="108.92841146327555179595947265625">
        <ele>467.600006103515625</ele>
        <time>2026-10-08T00:19:45.000Z</time>
        <extensions>
          <ns3:TrackPointExtension>
            <ns3:hr>151</ns3:hr>
            <ns3:cad>92</ns3:cad>
          </ns3:TrackPointExtension>
        </extensions>
      </trkpt>
      <trkpt lat="34.17681430466473102569580078125" lon="108.92842185683548450469970703125">
        <ele>467.600006103515625</ele>
        <time>2026-10-08T00:19:46.000Z</time>
        <extensions>
          <ns3:TrackPointExtension>
            <ns3:hr>151</ns3:hr>
            <ns3:cad>92</ns3:cad>
          </ns3:TrackPointExtension>
        </extensions>
      </trkpt>
      <trkpt lat="34.176835678517818450927734375" lon="108.9284346811473369598388671875">
        <ele>467.600006103515625</ele>
        <time>2026-10-08T00:19:47.000Z</time>
        <extensions>
          <ns3:TrackPointExtension>
            <ns3:hr>151</ns3:hr>
            <ns3:cad>91</ns3:cad>
          </ns3:TrackPointExtension>
        </extensions>
      </trkpt>
      <trkpt lat="34.17686426080763339996337890625" lon="108.92844683490693569183349609375">
        <ele>467.600006103515625</ele>
        <time>2026-10-08T00:19:48.000Z</time>
        <extensions>
          <ns3:TrackPointExtension>
            <ns3:hr>151</ns3:hr>
            <ns3:cad>91</ns3:cad>
          </ns3:TrackPointExtension>
        </extensions>
      </trkpt>
      <trkpt lat="34.17688571847975254058837890625" lon="108.9284517802298069000244140625">
        <ele>467.600006103515625</ele>
        <time>2026-10-08T00:19:49.000Z</time>
        <extensions>
          <ns3:TrackPointExtension>
            <ns3:hr>152</ns3:hr>
            <ns3:cad>91</ns3:cad>
          </ns3:TrackPointExtension>
        </extensions>
      </trkpt>
      <trkpt lat="34.17691539041697978973388671875" lon="108.928456641733646392822265625">
        <ele>467.399993896484375</ele>
        <time>2026-10-08T00:19:50.000Z</time>
        <extensions>
          <ns3:TrackPointExtension>
            <ns3:hr>151</ns3:hr>
            <ns3:cad>91</ns3:cad>
          </ns3:TrackPointExtension>
        </extensions>
      </trkpt>
      <trkpt lat="34.1769381053745746612548828125" lon="108.92846376635134220123291015625">
        <ele>467.399993896484375</ele>
        <time>2026-10-08T00:19:51.000Z</time>
        <extensions>
          <ns3:TrackPointExtension>
            <ns3:hr>151</ns3:hr>
            <ns3:cad>90</ns3:cad>
          </ns3:TrackPointExtension>
        </extensions>
      </trkpt>
      <trkpt lat="34.17696811258792877197265625" lon="108.92846762202680110931396484375">
        <ele>467.600006103515625</ele>
        <time>2026-10-08T00:19:52.000Z</time>
        <extensions>
          <ns3:TrackPointExtension>
            <ns3:hr>152</ns3:hr>
            <ns3:cad>90</ns3:cad>
          </ns3:TrackPointExtension>
        </extensions>
      </trkpt>
      <trkpt lat="34.17698898352682590484619140625" lon="108.928468041121959686279296875">
        <ele>467.600006103515625</ele>
        <time>2026-10-08T00:19:53.000Z</time>
        <extensions>
          <ns3:TrackPointExtension>
            <ns3:hr>152</ns3:hr>
            <ns3:cad>90</ns3:cad>
          </ns3:TrackPointExtension>
        </extensions>
      </trkpt>
      <trkpt lat="34.1770175658166408538818359375" lon="108.9284718967974185943603515625">
        <ele>467.600006103515625</ele>
        <time>2026-10-08T00:19:54.000Z</time>
        <extensions>
          <ns3:TrackPointExtension>
            <ns3:hr>152</ns3:hr>
            <ns3:cad>90</ns3:cad>
          </ns3:TrackPointExtension>
        </extensions>
      </trkpt>
      <trkpt lat="34.17703843675553798675537109375" lon="108.9284732379019260406494140625">
        <ele>467.600006103515625</ele>
        <time>2026-10-08T00:19:55.000Z</time>
        <extensions>
          <ns3:TrackPointExtension>
            <ns3:hr>152</ns3:hr>
            <ns3:cad>90</ns3:cad>
          </ns3:TrackPointExtension>
        </extensions>
      </trkpt>
      <trkpt lat="34.17706626467406749725341796875" lon="108.928476087749004364013671875">
        <ele>467.600006103515625</ele>
        <time>2026-10-08T00:19:56.000Z</time>
        <extensions>
          <ns3:TrackPointExtension>
            <ns3:hr>153</ns3:hr>
            <ns3:cad>90</ns3:cad>
          </ns3:TrackPointExtension>
        </extensions>
      </trkpt>
      <trkpt lat="34.17708755470812320709228515625" lon="108.92847709357738494873046875">
        <ele>467.600006103515625</ele>
        <time>2026-10-08T00:19:57.000Z</time>
        <extensions>
          <ns3:TrackPointExtension>
            <ns3:hr>153</ns3:hr>
            <ns3:cad>90</ns3:cad>
          </ns3:TrackPointExtension>
        </extensions>
      </trkpt>
      <trkpt lat="34.1771211661398410797119140625" lon="108.92847684212028980255126953125">
        <ele>467.399993896484375</ele>
        <time>2026-10-08T00:19:58.000Z</time>
        <extensions>
          <ns3:TrackPointExtension>
            <ns3:hr>153</ns3:hr>
            <ns3:cad>90</ns3:cad>
          </ns3:TrackPointExtension>
        </extensions>
      </trkpt>
      <trkpt lat="34.1771436296403408050537109375" lon="108.928471393883228302001953125">
        <ele>467.399993896484375</ele>
        <time>2026-10-08T00:19:59.000Z</time>
        <extensions>
          <ns3:TrackPointExtension>
            <ns3:hr>153</ns3:hr>
            <ns3:cad>90</ns3:cad>
          </ns3:TrackPointExtension>
        </extensions>
      </trkpt>
      <trkpt lat="34.17717598378658294677734375" lon="108.928469382226467132568359375">
        <ele>467.399993896484375</ele>
        <time>2026-10-08T00:20:00.000Z</time>
        <extensions>
          <ns3:TrackPointExtension>
            <ns3:hr>153</ns3:hr>
            <ns3:cad>90</ns3:cad>
          </ns3:TrackPointExtension>
        </extensions>
      </trkpt>
      <trkpt lat="34.17719542980194091796875" lon="108.9284665323793888092041015625">
        <ele>467.399993896484375</ele>
        <time>2026-10-08T00:20:01.000Z</time>
        <extensions>
          <ns3:TrackPointExtension>
            <ns3:hr>153</ns3:hr>
            <ns3:cad>90</ns3:cad>
          </ns3:TrackPointExtension>
        </extensions>
      </trkpt>
      <trkpt lat="34.1772254370152950286865234375" lon="108.9284655265510082244873046875">
        <ele>467.399993896484375</ele>
        <time>2026-10-08T00:20:02.000Z</time>
        <extensions>
          <ns3:TrackPointExtension>
            <ns3:hr>152</ns3:hr>
            <ns3:cad>90</ns3:cad>
          </ns3:TrackPointExtension>
        </extensions>
      </trkpt>
      <trkpt lat="34.1772452183067798614501953125" lon="108.92846326343715190887451171875">
        <ele>467.600006103515625</ele>
        <time>2026-10-08T00:20:03.000Z</time>
        <extensions>
          <ns3:TrackPointExtension>
            <ns3:hr>152</ns3:hr>
            <ns3:cad>90</ns3:cad>
          </ns3:TrackPointExtension>
        </extensions>
      </trkpt>
      <trkpt lat="34.17727849446237087249755859375" lon="108.928464688360691070556640625">
        <ele>467.600006103515625</ele>
        <time>2026-10-08T00:20:04.000Z</time>
        <extensions>
          <ns3:TrackPointExtension>
            <ns3:hr>152</ns3:hr>
            <ns3:cad>90</ns3:cad>
          </ns3:TrackPointExtension>
        </extensions>
      </trkpt>
      <trkpt lat="34.17729400098323822021484375" lon="108.92846259288489818572998046875">
        <ele>467.600006103515625</ele>
        <time>2026-10-08T00:20:05.000Z</time>
        <extensions>
          <ns3:TrackPointExtension>
            <ns3:hr>152</ns3:hr>
            <ns3:cad>90</ns3:cad>
          </ns3:TrackPointExtension>
        </extensions>
      </trkpt>
      <trkpt lat="34.177322499454021453857421875" lon="108.9284591563045978546142578125">
        <ele>467.600006103515625</ele>
        <time>2026-10-08T00:20:06.000Z</time>
        <extensions>
          <ns3:TrackPointExtension>
            <ns3:hr>152</ns3:hr>
            <ns3:cad>90</ns3:cad>
          </ns3:TrackPointExtension>
        </extensions>
      </trkpt>
      <trkpt lat="34.17734420858323574066162109375" lon="108.92845722846686840057373046875">
        <ele>467.399993896484375</ele>
        <time>2026-10-08T00:20:07.000Z</time>
        <extensions>
          <ns3:TrackPointExtension>
            <ns3:hr>151</ns3:hr>
            <ns3:cad>89</ns3:cad>
          </ns3:TrackPointExtension>
        </extensions>
      </trkpt>
      <trkpt lat="34.17737388052046298980712890625" lon="108.92845722846686840057373046875">
        <ele>467.399993896484375</ele>
        <time>2026-10-08T00:20:08.000Z</time>
        <extensions>
          <ns3:TrackPointExtension>
            <ns3:hr>151</ns3:hr>
            <ns3:cad>89</ns3:cad>
          </ns3:TrackPointExtension>
        </extensions>
      </trkpt>
      <trkpt lat="34.17739500291645526885986328125" lon="108.9284501038491725921630859375">
        <ele>467.399993896484375</ele>
        <time>2026-10-08T00:20:09.000Z</time>
        <extensions>
          <ns3:TrackPointExtension>
            <ns3:hr>151</ns3:hr>
            <ns3:cad>90</ns3:cad>
          </ns3:TrackPointExtension>
        </extensions>
      </trkpt>
      <trkpt lat="34.1774266026914119720458984375" lon="108.9284549653530120849609375">
        <ele>467.399993896484375</ele>
        <time>2026-10-08T00:20:10.000Z</time>
        <extensions>
          <ns3:TrackPointExtension>
            <ns3:hr>150</ns3:hr>
            <ns3:cad>90</ns3:cad>
          </ns3:TrackPointExtension>
        </extensions>
      </trkpt>
      <trkpt lat="34.17744956910610198974609375" lon="108.92845295369625091552734375">
        <ele>467.399993896484375</ele>
        <time>2026-10-08T00:20:11.000Z</time>
        <extensions>
          <ns3:TrackPointExtension>
            <ns3:hr>150</ns3:hr>
            <ns3:cad>90</ns3:cad>
          </ns3:TrackPointExtension>
        </extensions>
      </trkpt>
      <trkpt lat="34.17748049832880496978759765625" lon="108.92845873720943927764892578125">
        <ele>467.399993896484375</ele>
        <time>2026-10-08T00:20:12.000Z</time>
        <extensions>
          <ns3:TrackPointExtension>
            <ns3:hr>150</ns3:hr>
            <ns3:cad>90</ns3:cad>
          </ns3:TrackPointExtension>
        </extensions>
      </trkpt>
      <trkpt lat="34.1775017045438289642333984375" lon="108.92845488153398036956787109375">
        <ele>467.399993896484375</ele>
        <time>2026-10-08T00:20:13.000Z</time>
        <extensions>
          <ns3:TrackPointExtension>
            <ns3:hr>151</ns3:hr>
            <ns3:cad>91</ns3:cad>
          </ns3:TrackPointExtension>
        </extensions>
      </trkpt>
      <trkpt lat="34.17753045447170734405517578125" lon="108.92845429480075836181640625">
        <ele>467.399993896484375</ele>
        <time>2026-10-08T00:20:14.000Z</time>
        <extensions>
          <ns3:TrackPointExtension>
            <ns3:hr>151</ns3:hr>
            <ns3:cad>91</ns3:cad>
          </ns3:TrackPointExtension>
        </extensions>
      </trkpt>
      <trkpt lat="34.1775536723434925079345703125" lon="108.92845605500042438507080078125">
        <ele>467.399993896484375</ele>
        <time>2026-10-08T00:20:15.000Z</time>
        <extensions>
          <ns3:TrackPointExtension>
            <ns3:hr>151</ns3:hr>
            <ns3:cad>91</ns3:cad>
          </ns3:TrackPointExtension>
        </extensions>
      </trkpt>
      <trkpt lat="34.17758510448038578033447265625" lon="108.928457312285900115966796875">
        <ele>467.399993896484375</ele>
        <time>2026-10-08T00:20:16.000Z</time>
        <extensions>
          <ns3:TrackPointExtension>
            <ns3:hr>151</ns3:hr>
            <ns3:cad>90</ns3:cad>
          </ns3:TrackPointExtension>
        </extensions>
      </trkpt>
      <trkpt lat="34.17760781943798065185546875" lon="108.928455971181392669677734375">
        <ele>467.399993896484375</ele>
        <time>2026-10-08T00:20:17.000Z</time>
        <extensions>
          <ns3:TrackPointExtension>
            <ns3:hr>151</ns3:hr>
            <ns3:cad>90</ns3:cad>
          </ns3:TrackPointExtension>
        </extensions>
      </trkpt>
      <trkpt lat="34.17763531208038330078125" lon="108.92845169641077518463134765625">
        <ele>467.399993896484375</ele>
        <time>2026-10-08T00:20:18.000Z</time>
        <extensions>
          <ns3:TrackPointExtension>
            <ns3:hr>152</ns3:hr>
            <ns3:cad>90</ns3:cad>
          </ns3:TrackPointExtension>
        </extensions>
      </trkpt>
      <trkpt lat="34.1776607930660247802734375" lon="108.9284497685730457305908203125">
        <ele>467.399993896484375</ele>
        <time>2026-10-08T00:20:19.000Z</time>
        <extensions>
          <ns3:TrackPointExtension>
            <ns3:hr>151</ns3:hr>
            <ns3:cad>91</ns3:cad>
          </ns3:TrackPointExtension>
        </extensions>
      </trkpt>
      <trkpt lat="34.17768895626068115234375" lon="108.92844750545918941497802734375">
        <ele>467.399993896484375</ele>
        <time>2026-10-08T00:20:20.000Z</time>
        <extensions>
          <ns3:TrackPointExtension>
            <ns3:hr>151</ns3:hr>
            <ns3:cad>91</ns3:cad>
          </ns3:TrackPointExtension>
        </extensions>
      </trkpt>
      <trkpt lat="34.1777144372463226318359375" lon="108.92844222486019134521484375">
        <ele>467.399993896484375</ele>
        <time>2026-10-08T00:20:21.000Z</time>
        <extensions>
          <ns3:TrackPointExtension>
            <ns3:hr>152</ns3:hr>
            <ns3:cad>90</ns3:cad>
          </ns3:TrackPointExtension>
        </extensions>
      </trkpt>
      <trkpt lat="34.1777427680790424346923828125" lon="108.928440548479557037353515625">
        <ele>467.399993896484375</ele>
        <time>2026-10-08T00:20:22.000Z</time>
        <extensions>
          <ns3:TrackPointExtension>
            <ns3:hr>152</ns3:hr>
            <ns3:cad>89</ns3:cad>
          </ns3:TrackPointExtension>
        </extensions>
      </trkpt>
      <trkpt lat="34.17776715941727161407470703125" lon="108.92843962647020816802978515625">
        <ele>467.399993896484375</ele>
        <time>2026-10-08T00:20:23.000Z</time>
        <extensions>
          <ns3:TrackPointExtension>
            <ns3:hr>152</ns3:hr>
            <ns3:cad>89</ns3:cad>
          </ns3:TrackPointExtension>
        </extensions>
      </trkpt>
      <trkpt lat="34.17779289186000823974609375" lon="108.9284427277743816375732421875">
        <ele>467.399993896484375</ele>
        <time>2026-10-08T00:20:24.000Z</time>
        <extensions>
          <ns3:TrackPointExtension>
            <ns3:hr>151</ns3:hr>
            <ns3:cad>89</ns3:cad>
          </ns3:TrackPointExtension>
        </extensions>
      </trkpt>
      <trkpt lat="34.1778141818940639495849609375" lon="108.92843526788055896759033203125">
        <ele>467.399993896484375</ele>
        <time>2026-10-08T00:20:25.000Z</time>
        <extensions>
          <ns3:TrackPointExtension>
            <ns3:hr>151</ns3:hr>
            <ns3:cad>89</ns3:cad>
          </ns3:TrackPointExtension>
        </extensions>
      </trkpt>
      <trkpt lat="34.1778403334319591522216796875" lon="108.9284326694905757904052734375">
        <ele>467.399993896484375</ele>
        <time>2026-10-08T00:20:26.000Z</time>
        <extensions>
          <ns3:TrackPointExtension>
            <ns3:hr>152</ns3:hr>
            <ns3:cad>89</ns3:cad>
          </ns3:TrackPointExtension>
        </extensions>
      </trkpt>
      <trkpt lat="34.17786003090441226959228515625" lon="108.92842755652964115142822265625">
        <ele>467.399993896484375</ele>
        <time>2026-10-08T00:20:27.000Z</time>
        <extensions>
          <ns3:TrackPointExtension>
            <ns3:hr>152</ns3:hr>
            <ns3:cad>90</ns3:cad>
          </ns3:TrackPointExtension>
        </extensions>
      </trkpt>
      <trkpt lat="34.1778860986232757568359375" lon="108.92843124456703662872314453125">
        <ele>467.20001220703125</ele>
        <time>2026-10-08T00:20:28.000Z</time>
        <extensions>
          <ns3:TrackPointExtension>
            <ns3:hr>152</ns3:hr>
            <ns3:cad>90</ns3:cad>
          </ns3:TrackPointExtension>
        </extensions>
      </trkpt>
      <trkpt lat="34.17790847830474376678466796875" lon="108.928432501852512359619140625">
        <ele>467.20001220703125</ele>
        <time>2026-10-08T00:20:29.000Z</time>
        <extensions>
          <ns3:TrackPointExtension>
            <ns3:hr>151</ns3:hr>
            <ns3:cad>90</ns3:cad>
          </ns3:TrackPointExtension>
        </extensions>
      </trkpt>
      <trkpt lat="34.17793915607035160064697265625" lon="108.92843308858573436737060546875">
        <ele>467.20001220703125</ele>
        <time>2026-10-08T00:20:30.000Z</time>
        <extensions>
          <ns3:TrackPointExtension>
            <ns3:hr>152</ns3:hr>
            <ns3:cad>90</ns3:cad>
          </ns3:TrackPointExtension>
        </extensions>
      </trkpt>
      <trkpt lat="34.177962206304073333740234375" lon="108.92842738889157772064208984375">
        <ele>467.20001220703125</ele>
        <time>2026-10-08T00:20:31.000Z</time>
        <extensions>
          <ns3:TrackPointExtension>
            <ns3:hr>151</ns3:hr>
            <ns3:cad>90</ns3:cad>
          </ns3:TrackPointExtension>
        </extensions>
      </trkpt>
      <trkpt lat="34.1779933869838714599609375" lon="108.92842118628323078155517578125">
        <ele>467.20001220703125</ele>
        <time>2026-10-08T00:20:32.000Z</time>
        <extensions>
          <ns3:TrackPointExtension>
            <ns3:hr>151</ns3:hr>
            <ns3:cad>89</ns3:cad>
          </ns3:TrackPointExtension>
        </extensions>
      </trkpt>
      <trkpt lat="34.17801543138921260833740234375" lon="108.92841615714132785797119140625">
        <ele>467</ele>
        <time>2026-10-08T00:20:33.000Z</time>
        <extensions>
          <ns3:TrackPointExtension>
            <ns3:hr>151</ns3:hr>
            <ns3:cad>89</ns3:cad>
          </ns3:TrackPointExtension>
        </extensions>
      </trkpt>
      <trkpt lat="34.17804359458386898040771484375" lon="108.92841213382780551910400390625">
        <ele>467</ele>
        <time>2026-10-08T00:20:34.000Z</time>
        <extensions>
          <ns3:TrackPointExtension>
            <ns3:hr>151</ns3:hr>
            <ns3:cad>88</ns3:cad>
          </ns3:TrackPointExtension>
        </extensions>
      </trkpt>
      <trkpt lat="34.17806387878954410552978515625" lon="108.9284061826765537261962890625">
        <ele>467</ele>
        <time>2026-10-08T00:20:35.000Z</time>
        <extensions>
          <ns3:TrackPointExtension>
            <ns3:hr>151</ns3:hr>
            <ns3:cad>88</ns3:cad>
          </ns3:TrackPointExtension>
        </extensions>
      </trkpt>
      <trkpt lat="34.178092293441295623779296875" lon="108.92839796841144561767578125">
        <ele>467</ele>
        <time>2026-10-08T00:20:36.000Z</time>
        <extensions>
          <ns3:TrackPointExtension>
            <ns3:hr>151</ns3:hr>
            <ns3:cad>88</ns3:cad>
          </ns3:TrackPointExtension>
        </extensions>
      </trkpt>
      <trkpt lat="34.17811064980924129486083984375" lon="108.928388245403766632080078125">
        <ele>467</ele>
        <time>2026-10-08T00:20:37.000Z</time>
        <extensions>
          <ns3:TrackPointExtension>
            <ns3:hr>151</ns3:hr>
            <ns3:cad>88</ns3:cad>
          </ns3:TrackPointExtension>
        </extensions>
      </trkpt>
      <trkpt lat="34.17813763953745365142822265625" lon="108.9283770136535167694091796875">
        <ele>467</ele>
        <time>2026-10-08T00:20:38.000Z</time>
        <extensions>
          <ns3:TrackPointExtension>
            <ns3:hr>151</ns3:hr>
            <ns3:cad>88</ns3:cad>
          </ns3:TrackPointExtension>
        </extensions>
      </trkpt>
      <trkpt lat="34.17815675027668476104736328125" lon="108.92836804501712322235107421875">
        <ele>467</ele>
        <time>2026-10-08T00:20:39.000Z</time>
        <extensions>
          <ns3:TrackPointExtension>
            <ns3:hr>151</ns3:hr>
            <ns3:cad>88</ns3:cad>
          </ns3:TrackPointExtension>
        </extensions>
      </trkpt>
      <trkpt lat="34.178183488547801971435546875" lon="108.928349018096923828125">
        <ele>467</ele>
        <time>2026-10-08T00:20:40.000Z</time>
        <extensions>
          <ns3:TrackPointExtension>
            <ns3:hr>151</ns3:hr>
            <ns3:cad>89</ns3:cad>
          </ns3:TrackPointExtension>
        </extensions>
      </trkpt>
      <trkpt lat="34.1782017610967159271240234375" lon="108.9283364452421665191650390625">
        <ele>467</ele>
        <time>2026-10-08T00:20:41.000Z</time>
        <extensions>
          <ns3:TrackPointExtension>
            <ns3:hr>151</ns3:hr>
            <ns3:cad>89</ns3:cad>
          </ns3:TrackPointExtension>
        </extensions>
      </trkpt>
      <trkpt lat="34.17822598479688167572021484375" lon="108.92831641249358654022216796875">
        <ele>467</ele>
        <time>2026-10-08T00:20:42.000Z</time>
        <extensions>
          <ns3:TrackPointExtension>
            <ns3:hr>151</ns3:hr>
            <ns3:cad>89</ns3:cad>
          </ns3:TrackPointExtension>
        </extensions>
      </trkpt>
      <trkpt lat="34.17824090458452701568603515625" lon="108.928298056125640869140625">
        <ele>466.79998779296875</ele>
        <time>2026-10-08T00:20:43.000Z</time>
        <extensions>
          <ns3:TrackPointExtension>
            <ns3:hr>152</ns3:hr>
            <ns3:cad>89</ns3:cad>
          </ns3:TrackPointExtension>
        </extensions>
      </trkpt>
      <trkpt lat="34.17826537974178791046142578125" lon="108.92827819101512432098388671875">
        <ele>466.79998779296875</ele>
        <time>2026-10-08T00:20:44.000Z</time>
        <extensions>
          <ns3:TrackPointExtension>
            <ns3:hr>152</ns3:hr>
            <ns3:cad>89</ns3:cad>
          </ns3:TrackPointExtension>
        </extensions>
      </trkpt>
      <trkpt lat="34.17827895842492580413818359375" lon="108.928256817162036895751953125">
        <ele>466.79998779296875</ele>
        <time>2026-10-08T00:20:45.000Z</time>
        <extensions>
          <ns3:TrackPointExtension>
            <ns3:hr>153</ns3:hr>
            <ns3:cad>89</ns3:cad>
          </ns3:TrackPointExtension>
        </extensions>
      </trkpt>
      <trkpt lat="34.1783046908676624298095703125" lon="108.92823276109993457794189453125">
        <ele>466.600006103515625</ele>
        <time>2026-10-08T00:20:46.000Z</time>
        <extensions>
          <ns3:TrackPointExtension>
            <ns3:hr>154</ns3:hr>
            <ns3:cad>90</ns3:cad>
          </ns3:TrackPointExtension>
        </extensions>
      </trkpt>
      <trkpt lat="34.17832187376916408538818359375" lon="108.92821826040744781494140625">
        <ele>466.600006103515625</ele>
        <time>2026-10-08T00:20:47.000Z</time>
        <extensions>
          <ns3:TrackPointExtension>
            <ns3:hr>154</ns3:hr>
            <ns3:cad>90</ns3:cad>
          </ns3:TrackPointExtension>
        </extensions>
      </trkpt>
      <trkpt lat="34.17834148742258548736572265625" lon="108.928192444145679473876953125">
        <ele>466.600006103515625</ele>
        <time>2026-10-08T00:20:48.000Z</time>
        <extensions>
          <ns3:TrackPointExtension>
            <ns3:hr>154</ns3:hr>
            <ns3:cad>90</ns3:cad>
          </ns3:TrackPointExtension>
        </extensions>
      </trkpt>
      <trkpt lat="34.17835456319153308868408203125" lon="108.92817123793065547943115234375">
        <ele>466.600006103515625</ele>
        <time>2026-10-08T00:20:49.000Z</time>
        <extensions>
          <ns3:TrackPointExtension>
            <ns3:hr>154</ns3:hr>
            <ns3:cad>90</ns3:cad>
          </ns3:TrackPointExtension>
        </extensions>
      </trkpt>
      <trkpt lat="34.17837484739720821380615234375" lon="108.92814584076404571533203125">
        <ele>466.600006103515625</ele>
        <time>2026-10-08T00:20:50.000Z</time>
        <extensions>
          <ns3:TrackPointExtension>
            <ns3:hr>153</ns3:hr>
            <ns3:cad>90</ns3:cad>
          </ns3:TrackPointExtension>
        </extensions>
      </trkpt>
      <trkpt lat="34.178390018641948699951171875" lon="108.928126059472560882568359375">
        <ele>466.399993896484375</ele>
        <time>2026-10-08T00:20:51.000Z</time>
        <extensions>
          <ns3:TrackPointExtension>
            <ns3:hr>153</ns3:hr>
            <ns3:cad>90</ns3:cad>
          </ns3:TrackPointExtension>
        </extensions>
      </trkpt>
      <trkpt lat="34.17840309441089630126953125" lon="108.92810024321079254150390625">
        <ele>466.399993896484375</ele>
        <time>2026-10-08T00:20:52.000Z</time>
        <extensions>
          <ns3:TrackPointExtension>
            <ns3:hr>153</ns3:hr>
            <ns3:cad>90</ns3:cad>
          </ns3:TrackPointExtension>
        </extensions>
      </trkpt>
      <trkpt lat="34.17841357178986072540283203125" lon="108.928074426949024200439453125">
        <ele>466.399993896484375</ele>
        <time>2026-10-08T00:20:53.000Z</time>
        <extensions>
          <ns3:TrackPointExtension>
            <ns3:hr>153</ns3:hr>
            <ns3:cad>89</ns3:cad>
          </ns3:TrackPointExtension>
        </extensions>
      </trkpt>
      <trkpt lat="34.17842321097850799560546875" lon="108.92804391682147979736328125">
        <ele>466.399993896484375</ele>
        <time>2026-10-08T00:20:54.000Z</time>
        <extensions>
          <ns3:TrackPointExtension>
            <ns3:hr>153</ns3:hr>
            <ns3:cad>89</ns3:cad>
          </ns3:TrackPointExtension>
        </extensions>
      </trkpt>
      <trkpt lat="34.178424216806888580322265625" lon="108.92801214940845966339111328125">
        <ele>466.20001220703125</ele>
        <time>2026-10-08T00:20:55.000Z</time>
        <extensions>
          <ns3:TrackPointExtension>
            <ns3:hr>152</ns3:hr>
            <ns3:cad>88</ns3:cad>
          </ns3:TrackPointExtension>
        </extensions>
      </trkpt>
      <trkpt lat="34.1784274019300937652587890625" lon="108.92798063345253467559814453125">
        <ele>466.20001220703125</ele>
        <time>2026-10-08T00:20:56.000Z</time>
        <extensions>
          <ns3:TrackPointExtension>
            <ns3:hr>151</ns3:hr>
            <ns3:cad>88</ns3:cad>
          </ns3:TrackPointExtension>
        </extensions>
      </trkpt>
      <trkpt lat="34.17843016795814037322998046875" lon="108.927957080304622650146484375">
        <ele>466</ele>
        <time>2026-10-08T00:20:57.000Z</time>
        <extensions>
          <ns3:TrackPointExtension>
            <ns3:hr>151</ns3:hr>
            <ns3:cad>88</ns3:cad>
          </ns3:TrackPointExtension>
        </extensions>
      </trkpt>
      <trkpt lat="34.17842723429203033447265625" lon="108.9279257319867610931396484375">
        <ele>466</ele>
        <time>2026-10-08T00:20:58.000Z</time>
        <extensions>
          <ns3:TrackPointExtension>
            <ns3:hr>150</ns3:hr>
            <ns3:cad>89</ns3:cad>
          </ns3:TrackPointExtension>
        </extensions>
      </trkpt>
      <trkpt lat="34.178426563739776611328125" lon="108.92790083773434162139892578125">
        <ele>466</ele>
        <time>2026-10-08T00:20:59.000Z</time>
        <extensions>
          <ns3:TrackPointExtension>
            <ns3:hr>150</ns3:hr>
            <ns3:cad>89</ns3:cad>
          </ns3:TrackPointExtension>
        </extensions>
      </trkpt>
      <trkpt lat="34.1784252226352691650390625" lon="108.9278648793697357177734375">
        <ele>466</ele>
        <time>2026-10-08T00:21:00.000Z</time>
        <extensions>
          <ns3:TrackPointExtension>
            <ns3:hr>149</ns3:hr>
            <ns3:cad>90</ns3:cad>
          </ns3:TrackPointExtension>
        </extensions>
      </trkpt>
      <trkpt lat="34.17842388153076171875" lon="108.92783872783184051513671875">
        <ele>466</ele>
        <time>2026-10-08T00:21:01.000Z</time>
        <extensions>
          <ns3:TrackPointExtension>
            <ns3:hr>149</ns3:hr>
            <ns3:cad>90</ns3:cad>
          </ns3:TrackPointExtension>
        </extensions>
      </trkpt>
      <trkpt lat="34.17842186987400054931640625" lon="108.9278000034391880035400390625">
        <ele>466</ele>
        <time>2026-10-08T00:21:02.000Z</time>
        <extensions>
          <ns3:TrackPointExtension>
            <ns3:hr>149</ns3:hr>
            <ns3:cad>90</ns3:cad>
          </ns3:TrackPointExtension>
        </extensions>
      </trkpt>
      <trkpt lat="34.17841943912208080291748046875" lon="108.92777443863451480865478515625">
        <ele>465.79998779296875</ele>
        <time>2026-10-08T00:21:03.000Z</time>
        <extensions>
          <ns3:TrackPointExtension>
            <ns3:hr>149</ns3:hr>
            <ns3:cad>90</ns3:cad>
          </ns3:TrackPointExtension>
        </extensions>
      </trkpt>
      <trkpt lat="34.17841960676014423370361328125" lon="108.927735127508640289306640625">
        <ele>465.79998779296875</ele>
        <time>2026-10-08T00:21:04.000Z</time>
        <extensions>
          <ns3:TrackPointExtension>
            <ns3:hr>149</ns3:hr>
            <ns3:cad>90</ns3:cad>
          </ns3:TrackPointExtension>
        </extensions>
      </trkpt>
      <trkpt lat="34.1784173436462879180908203125" lon="108.92771073617041110992431640625">
        <ele>465.79998779296875</ele>
        <time>2026-10-08T00:21:05.000Z</time>
        <extensions>
          <ns3:TrackPointExtension>
            <ns3:hr>148</ns3:hr>
            <ns3:cad>90</ns3:cad>
          </ns3:TrackPointExtension>
        </extensions>
      </trkpt>
      <trkpt lat="34.17841558344662189483642578125" lon="108.9276709221303462982177734375">
        <ele>465.600006103515625</ele>
        <time>2026-10-08T00:21:06.000Z</time>
        <extensions>
          <ns3:TrackPointExtension>
            <ns3:hr>148</ns3:hr>
            <ns3:cad>90</ns3:cad>
          </ns3:TrackPointExtension>
        </extensions>
      </trkpt>
      <trkpt lat="34.1784133203327655792236328125" lon="108.92764418385922908782958984375">
        <ele>465.600006103515625</ele>
        <time>2026-10-08T00:21:07.000Z</time>
        <extensions>
          <ns3:TrackPointExtension>
            <ns3:hr>148</ns3:hr>
            <ns3:cad>90</ns3:cad>
          </ns3:TrackPointExtension>
        </extensions>
      </trkpt>
      <trkpt lat="34.17841508053243160247802734375" lon="108.9276088960468769073486328125">
        <ele>465.600006103515625</ele>
        <time>2026-10-08T00:21:08.000Z</time>
        <extensions>
          <ns3:TrackPointExtension>
            <ns3:hr>148</ns3:hr>
            <ns3:cad>90</ns3:cad>
          </ns3:TrackPointExtension>
        </extensions>
      </trkpt>
      <trkpt lat="34.178410470485687255859375" lon="108.92758123576641082763671875">
        <ele>465.399993896484375</ele>
        <time>2026-10-08T00:21:09.000Z</time>
        <extensions>
          <ns3:TrackPointExtension>
            <ns3:hr>147</ns3:hr>
            <ns3:cad>90</ns3:cad>
          </ns3:TrackPointExtension>
        </extensions>
      </trkpt>
      <trkpt lat="34.17841156013309955596923828125" lon="108.92754594795405864715576171875">
        <ele>465.399993896484375</ele>
        <time>2026-10-08T00:21:10.000Z</time>
        <extensions>
          <ns3:TrackPointExtension>
            <ns3:hr>147</ns3:hr>
            <ns3:cad>90</ns3:cad>
          </ns3:TrackPointExtension>
        </extensions>
      </trkpt>
      <trkpt lat="34.17841005139052867889404296875" lon="108.9275177009403705596923828125">
        <ele>465.20001220703125</ele>
        <time>2026-10-08T00:21:11.000Z</time>
        <extensions>
          <ns3:TrackPointExtension>
            <ns3:hr>147</ns3:hr>
            <ns3:cad>90</ns3:cad>
          </ns3:TrackPointExtension>
        </extensions>
      </trkpt>
      <trkpt lat="34.17840971611440181732177734375" lon="108.92748358659446239471435546875">
        <ele>465.20001220703125</ele>
        <time>2026-10-08T00:21:12.000Z</time>
        <extensions>
          <ns3:TrackPointExtension>
            <ns3:hr>147</ns3:hr>
            <ns3:cad>90</ns3:cad>
          </ns3:TrackPointExtension>
        </extensions>
      </trkpt>
      <trkpt lat="34.1784069500863552093505859375" lon="108.9274610392749309539794921875">
        <ele>465</ele>
        <time>2026-10-08T00:21:13.000Z</time>
        <extensions>
          <ns3:TrackPointExtension>
            <ns3:hr>147</ns3:hr>
            <ns3:cad>89</ns3:cad>
          </ns3:TrackPointExtension>
        </extensions>
      </trkpt>
      <trkpt lat="34.17840854264795780181884765625" lon="108.92742625437676906585693359375">
        <ele>465</ele>
        <time>2026-10-08T00:21:14.000Z</time>
        <extensions>
          <ns3:TrackPointExtension>
            <ns3:hr>147</ns3:hr>
            <ns3:cad>89</ns3:cad>
          </ns3:TrackPointExtension>
        </extensions>
      </trkpt>
      <trkpt lat="34.178408123552799224853515625" lon="108.92740278504788875579833984375">
        <ele>465</ele>
        <time>2026-10-08T00:21:15.000Z</time>
        <extensions>
          <ns3:TrackPointExtension>
            <ns3:hr>146</ns3:hr>
            <ns3:cad>89</ns3:cad>
          </ns3:TrackPointExtension>
        </extensions>
      </trkpt>
      <trkpt lat="34.1784066148102283477783203125" lon="108.92736976034939289093017578125">
        <ele>465</ele>
        <time>2026-10-08T00:21:16.000Z</time>
        <extensions>
          <ns3:TrackPointExtension>
            <ns3:hr>146</ns3:hr>
            <ns3:cad>89</ns3:cad>
          </ns3:TrackPointExtension>
        </extensions>
      </trkpt>
      <trkpt lat="34.17840401642024517059326171875" lon="108.9273436926305294036865234375">
        <ele>464.79998779296875</ele>
        <time>2026-10-08T00:21:17.000Z</time>
        <extensions>
          <ns3:TrackPointExtension>
            <ns3:hr>146</ns3:hr>
            <ns3:cad>89</ns3:cad>
          </ns3:TrackPointExtension>
        </extensions>
      </trkpt>
      <trkpt lat="34.1784052737057209014892578125" lon="108.9273037947714328765869140625">
        <ele>464.79998779296875</ele>
        <time>2026-10-08T00:21:18.000Z</time>
        <extensions>
          <ns3:TrackPointExtension>
            <ns3:hr>146</ns3:hr>
            <ns3:cad>89</ns3:cad>
          </ns3:TrackPointExtension>
        </extensions>
      </trkpt>
      <trkpt lat="34.178404100239276885986328125" lon="108.92728040926158428192138671875">
        <ele>464.79998779296875</ele>
        <time>2026-10-08T00:21:19.000Z</time>
        <extensions>
          <ns3:TrackPointExtension>
            <ns3:hr>146</ns3:hr>
            <ns3:cad>89</ns3:cad>
          </ns3:TrackPointExtension>
        </extensions>
      </trkpt>
      <trkpt lat="34.17839580215513706207275390625" lon="108.92724302597343921661376953125">
        <ele>464.600006103515625</ele>
        <time>2026-10-08T00:21:20.000Z</time>
        <extensions>
          <ns3:TrackPointExtension>
            <ns3:hr>146</ns3:hr>
            <ns3:cad>89</ns3:cad>
          </ns3:TrackPointExtension>
        </extensions>
      </trkpt>
      <trkpt lat="34.1783916950225830078125" lon="108.9272115938365459442138671875">
        <ele>464.600006103515625</ele>
        <time>2026-10-08T00:21:21.000Z</time>
        <extensions>
          <ns3:TrackPointExtension>
            <ns3:hr>146</ns3:hr>
            <ns3:cad>90</ns3:cad>
          </ns3:TrackPointExtension>
        </extensions>
      </trkpt>
      <trkpt lat="34.17839110828936100006103515625" lon="108.9271784014999866485595703125">
        <ele>464.399993896484375</ele>
        <time>2026-10-08T00:21:22.000Z</time>
        <extensions>
          <ns3:TrackPointExtension>
            <ns3:hr>145</ns3:hr>
            <ns3:cad>90</ns3:cad>
          </ns3:TrackPointExtension>
        </extensions>
      </trkpt>
      <trkpt lat="34.17839328758418560028076171875" lon="108.92714629881083965301513671875">
        <ele>464.399993896484375</ele>
        <time>2026-10-08T00:21:23.000Z</time>
        <extensions>
          <ns3:TrackPointExtension>
            <ns3:hr>145</ns3:hr>
            <ns3:cad>89</ns3:cad>
          </ns3:TrackPointExtension>
        </extensions>
      </trkpt>
      <trkpt lat="34.17839630506932735443115234375" lon="108.92711528576910495758056640625">
        <ele>464.399993896484375</ele>
        <time>2026-10-08T00:21:24.000Z</time>
        <extensions>
          <ns3:TrackPointExtension>
            <ns3:hr>145</ns3:hr>
            <ns3:cad>89</ns3:cad>
          </ns3:TrackPointExtension>
        </extensions>
      </trkpt>
      <trkpt lat="34.17839630506932735443115234375" lon="108.9270865358412265777587890625">
        <ele>464.20001220703125</ele>
        <time>2026-10-08T00:21:25.000Z</time>
        <extensions>
          <ns3:TrackPointExtension>
            <ns3:hr>145</ns3:hr>
            <ns3:cad>89</ns3:cad>
          </ns3:TrackPointExtension>
        </extensions>
      </trkpt>
      <trkpt lat="34.17839613743126392364501953125" lon="108.92705418169498443603515625">
        <ele>464</ele>
        <time>2026-10-08T00:21:26.000Z</time>
        <extensions>
          <ns3:TrackPointExtension>
            <ns3:hr>146</ns3:hr>
            <ns3:cad>89</ns3:cad>
          </ns3:TrackPointExtension>
        </extensions>
      </trkpt>
      <trkpt lat="34.17839311994612216949462890625" lon="108.92703096382319927215576171875">
        <ele>464</ele>
        <time>2026-10-08T00:21:27.000Z</time>
        <extensions>
          <ns3:TrackPointExtension>
            <ns3:hr>145</ns3:hr>
            <ns3:cad>88</ns3:cad>
          </ns3:TrackPointExtension>
        </extensions>
      </trkpt>
      <trkpt lat="34.1783891804516315460205078125" lon="108.92700028605759143829345703125">
        <ele>464</ele>
        <time>2026-10-08T00:21:28.000Z</time>
        <extensions>
          <ns3:TrackPointExtension>
            <ns3:hr>145</ns3:hr>
            <ns3:cad>88</ns3:cad>
          </ns3:TrackPointExtension>
        </extensions>
      </trkpt>
      <trkpt lat="34.17838540859520435333251953125" lon="108.926973380148410797119140625">
        <ele>464</ele>
        <time>2026-10-08T00:21:29.000Z</time>
        <extensions>
          <ns3:TrackPointExtension>
            <ns3:hr>146</ns3:hr>
            <ns3:cad>89</ns3:cad>
          </ns3:TrackPointExtension>
        </extensions>
      </trkpt>
      <trkpt lat="34.1783823072910308837890625" lon="108.92693876288831233978271484375">
        <ele>464</ele>
        <time>2026-10-08T00:21:30.000Z</time>
        <extensions>
          <ns3:TrackPointExtension>
            <ns3:hr>145</ns3:hr>
            <ns3:cad>89</ns3:cad>
          </ns3:TrackPointExtension>
        </extensions>
      </trkpt>
      <trkpt lat="34.1783807985484600067138671875" lon="108.9269111864268779754638671875">
        <ele>464</ele>
        <time>2026-10-08T00:21:31.000Z</time>
        <extensions>
          <ns3:TrackPointExtension>
            <ns3:hr>145</ns3:hr>
            <ns3:cad>90</ns3:cad>
          </ns3:TrackPointExtension>
        </extensions>
      </trkpt>
      <trkpt lat="34.17838188819587230682373046875" lon="108.92687723971903324127197265625">
        <ele>463.79998779296875</ele>
        <time>2026-10-08T00:21:32.000Z</time>
        <extensions>
          <ns3:TrackPointExtension>
            <ns3:hr>146</ns3:hr>
            <ns3:cad>90</ns3:cad>
          </ns3:TrackPointExtension>
        </extensions>
      </trkpt>
      <trkpt lat="34.178379289805889129638671875" lon="108.926849663257598876953125">
        <ele>463.79998779296875</ele>
        <time>2026-10-08T00:21:33.000Z</time>
        <extensions>
          <ns3:TrackPointExtension>
            <ns3:hr>145</ns3:hr>
            <ns3:cad>90</ns3:cad>
          </ns3:TrackPointExtension>
        </extensions>
      </trkpt>
      <trkpt lat="34.17838054709136486053466796875" lon="108.92681638710200786590576171875">
        <ele>463.79998779296875</ele>
        <time>2026-10-08T00:21:34.000Z</time>
        <extensions>
          <ns3:TrackPointExtension>
            <ns3:hr>145</ns3:hr>
            <ns3:cad>90</ns3:cad>
          </ns3:TrackPointExtension>
        </extensions>
      </trkpt>
      <trkpt lat="34.1783821396529674530029296875" lon="108.926787637174129486083984375">
        <ele>463.79998779296875</ele>
        <time>2026-10-08T00:21:35.000Z</time>
        <extensions>
          <ns3:TrackPointExtension>
            <ns3:hr>146</ns3:hr>
            <ns3:cad>90</ns3:cad>
          </ns3:TrackPointExtension>
        </extensions>
      </trkpt>
      <trkpt lat="34.178382642567157745361328125" lon="108.92675452865660190582275390625">
        <ele>463.79998779296875</ele>
        <time>2026-10-08T00:21:36.000Z</time>
        <extensions>
          <ns3:TrackPointExtension>
            <ns3:hr>146</ns3:hr>
            <ns3:cad>90</ns3:cad>
          </ns3:TrackPointExtension>
        </extensions>
      </trkpt>
      <trkpt lat="34.17838440276682376861572265625" lon="108.9267281256616115570068359375">
        <ele>463.79998779296875</ele>
        <time>2026-10-08T00:21:37.000Z</time>
        <extensions>
          <ns3:TrackPointExtension>
            <ns3:hr>146</ns3:hr>
            <ns3:cad>89</ns3:cad>
          </ns3:TrackPointExtension>
        </extensions>
      </trkpt>
      <trkpt lat="34.1783823072910308837890625" lon="108.926691077649593353271484375">
        <ele>463.79998779296875</ele>
        <time>2026-10-08T00:21:38.000Z</time>
        <extensions>
          <ns3:TrackPointExtension>
            <ns3:hr>146</ns3:hr>
            <ns3:cad>89</ns3:cad>
          </ns3:TrackPointExtension>
        </extensions>
      </trkpt>
      <trkpt lat="34.17838188819587230682373046875" lon="108.92666098661720752716064453125">
        <ele>463.79998779296875</ele>
        <time>2026-10-08T00:21:39.000Z</time>
        <extensions>
          <ns3:TrackPointExtension>
            <ns3:hr>146</ns3:hr>
            <ns3:cad>89</ns3:cad>
          </ns3:TrackPointExtension>
        </extensions>
      </trkpt>
      <trkpt lat="34.178382642567157745361328125" lon="108.92663014121353626251220703125">
        <ele>463.79998779296875</ele>
        <time>2026-10-08T00:21:40.000Z</time>
        <extensions>
          <ns3:TrackPointExtension>
            <ns3:hr>146</ns3:hr>
            <ns3:cad>89</ns3:cad>
          </ns3:TrackPointExtension>
        </extensions>
      </trkpt>
      <trkpt lat="34.17838188819587230682373046875" lon="108.9265963621437549591064453125">
        <ele>463.79998779296875</ele>
        <time>2026-10-08T00:21:41.000Z</time>
        <extensions>
          <ns3:TrackPointExtension>
            <ns3:hr>146</ns3:hr>
            <ns3:cad>89</ns3:cad>
          </ns3:TrackPointExtension>
        </extensions>
      </trkpt>
      <trkpt lat="34.17837820015847682952880859375" lon="108.92656476236879825592041015625">
        <ele>463.79998779296875</ele>
        <time>2026-10-08T00:21:42.000Z</time>
        <extensions>
          <ns3:TrackPointExtension>
            <ns3:hr>145</ns3:hr>
            <ns3:cad>89</ns3:cad>
          </ns3:TrackPointExtension>
        </extensions>
      </trkpt>
      <trkpt lat="34.17837618850171566009521484375" lon="108.92653240822255611419677734375">
        <ele>463.79998779296875</ele>
        <time>2026-10-08T00:21:43.000Z</time>
        <extensions>
          <ns3:TrackPointExtension>
            <ns3:hr>145</ns3:hr>
            <ns3:cad>89</ns3:cad>
          </ns3:TrackPointExtension>
        </extensions>
      </trkpt>
      <trkpt lat="34.178372919559478759765625" lon="108.92650458030402660369873046875">
        <ele>463.79998779296875</ele>
        <time>2026-10-08T00:21:44.000Z</time>
        <extensions>
          <ns3:TrackPointExtension>
            <ns3:hr>145</ns3:hr>
            <ns3:cad>89</ns3:cad>
          </ns3:TrackPointExtension>
        </extensions>
      </trkpt>
      <trkpt lat="34.1783683933317661285400390625" lon="108.9264763332903385162353515625">
        <ele>463.79998779296875</ele>
        <time>2026-10-08T00:21:45.000Z</time>
        <extensions>
          <ns3:TrackPointExtension>
            <ns3:hr>145</ns3:hr>
            <ns3:cad>89</ns3:cad>
          </ns3:TrackPointExtension>
        </extensions>
      </trkpt>
      <trkpt lat="34.178361855447292327880859375" lon="108.92644523642957210540771484375">
        <ele>463.600006103515625</ele>
        <time>2026-10-08T00:21:46.000Z</time>
        <extensions>
          <ns3:TrackPointExtension>
            <ns3:hr>145</ns3:hr>
            <ns3:cad>89</ns3:cad>
          </ns3:TrackPointExtension>
        </extensions>
      </trkpt>
      <trkpt lat="34.17836076579988002777099609375" lon="108.9264159835875034332275390625">
        <ele>463.600006103515625</ele>
        <time>2026-10-08T00:21:47.000Z</time>
        <extensions>
          <ns3:TrackPointExtension>
            <ns3:hr>145</ns3:hr>
            <ns3:cad>88</ns3:cad>
          </ns3:TrackPointExtension>
        </extensions>
      </trkpt>
      <trkpt lat="34.1783581674098968505859375" lon="108.92638773657381534576416015625">
        <ele>463.600006103515625</ele>
        <time>2026-10-08T00:21:48.000Z</time>
        <extensions>
          <ns3:TrackPointExtension>
            <ns3:hr>145</ns3:hr>
            <ns3:cad>88</ns3:cad>
          </ns3:TrackPointExtension>
        </extensions>
      </trkpt>
      <trkpt lat="34.1783576644957065582275390625" lon="108.9263579808175563812255859375">
        <ele>463.600006103515625</ele>
        <time>2026-10-08T00:21:49.000Z</time>
        <extensions>
          <ns3:TrackPointExtension>
            <ns3:hr>146</ns3:hr>
            <ns3:cad>88</ns3:cad>
          </ns3:TrackPointExtension>
        </extensions>
      </trkpt>
      <trkpt lat="34.1783546470105648040771484375" lon="108.92632906325161457061767578125">
        <ele>463.399993896484375</ele>
        <time>2026-10-08T00:21:50.000Z</time>
        <extensions>
          <ns3:TrackPointExtension>
            <ns3:hr>146</ns3:hr>
            <ns3:cad>88</ns3:cad>
          </ns3:TrackPointExtension>
        </extensions>
      </trkpt>
      <trkpt lat="34.17835389263927936553955078125" lon="108.9262946136295795440673828125">
        <ele>463.399993896484375</ele>
        <time>2026-10-08T00:21:51.000Z</time>
        <extensions>
          <ns3:TrackPointExtension>
            <ns3:hr>146</ns3:hr>
            <ns3:cad>88</ns3:cad>
          </ns3:TrackPointExtension>
        </extensions>
      </trkpt>
      <trkpt lat="34.17835422791540622711181640625" lon="108.926263265311717987060546875">
        <ele>463.399993896484375</ele>
        <time>2026-10-08T00:21:52.000Z</time>
        <extensions>
          <ns3:TrackPointExtension>
            <ns3:hr>146</ns3:hr>
            <ns3:cad>90</ns3:cad>
          </ns3:TrackPointExtension>
        </extensions>
      </trkpt>
      <trkpt lat="34.17835523374378681182861328125" lon="108.926235102117061614990234375">
        <ele>463.399993896484375</ele>
        <time>2026-10-08T00:21:53.000Z</time>
        <extensions>
          <ns3:TrackPointExtension>
            <ns3:hr>146</ns3:hr>
            <ns3:cad>90</ns3:cad>
          </ns3:TrackPointExtension>
        </extensions>
      </trkpt>
      <trkpt lat="34.17835523374378681182861328125" lon="108.92620098777115345001220703125">
        <ele>463.399993896484375</ele>
        <time>2026-10-08T00:21:54.000Z</time>
        <extensions>
          <ns3:TrackPointExtension>
            <ns3:hr>147</ns3:hr>
            <ns3:cad>90</ns3:cad>
          </ns3:TrackPointExtension>
        </extensions>
      </trkpt>
      <trkpt lat="34.17835657484829425811767578125" lon="108.9261722378432750701904296875">
        <ele>463.399993896484375</ele>
        <time>2026-10-08T00:21:55.000Z</time>
        <extensions>
          <ns3:TrackPointExtension>
            <ns3:hr>147</ns3:hr>
            <ns3:cad>91</ns3:cad>
          </ns3:TrackPointExtension>
        </extensions>
      </trkpt>
      <trkpt lat="34.17835657484829425811767578125" lon="108.92614231444895267486572265625">
        <ele>463.399993896484375</ele>
        <time>2026-10-08T00:21:56.000Z</time>
        <extensions>
          <ns3:TrackPointExtension>
            <ns3:hr>147</ns3:hr>
            <ns3:cad>91</ns3:cad>
          </ns3:TrackPointExtension>
        </extensions>
      </trkpt>
      <trkpt lat="34.17835691012442111968994140625" lon="108.92610811628401279449462890625">
        <ele>463.399993896484375</ele>
        <time>2026-10-08T00:21:57.000Z</time>
        <extensions>
          <ns3:TrackPointExtension>
            <ns3:hr>147</ns3:hr>
            <ns3:cad>90</ns3:cad>
          </ns3:TrackPointExtension>
        </extensions>
      </trkpt>
      <trkpt lat="34.1783556528389453887939453125" lon="108.92607383430004119873046875">
        <ele>463.399993896484375</ele>
        <time>2026-10-08T00:21:58.000Z</time>
        <extensions>
          <ns3:TrackPointExtension>
            <ns3:hr>147</ns3:hr>
            <ns3:cad>90</ns3:cad>
          </ns3:TrackPointExtension>
        </extensions>
      </trkpt>
      <trkpt lat="34.17835808359086513519287109375" lon="108.92603871412575244903564453125">
        <ele>463.399993896484375</ele>
        <time>2026-10-08T00:21:59.000Z</time>
        <extensions>
          <ns3:TrackPointExtension>
            <ns3:hr>148</ns3:hr>
            <ns3:cad>90</ns3:cad>
          </ns3:TrackPointExtension>
        </extensions>
      </trkpt>
      <trkpt lat="34.17835892178118228912353515625" lon="108.92600954510271549224853515625">
        <ele>463.399993896484375</ele>
        <time>2026-10-08T00:22:00.000Z</time>
        <extensions>
          <ns3:TrackPointExtension>
            <ns3:hr>148</ns3:hr>
            <ns3:cad>89</ns3:cad>
          </ns3:TrackPointExtension>
        </extensions>
      </trkpt>
      <trkpt lat="34.178364537656307220458984375" lon="108.9259766042232513427734375">
        <ele>463.600006103515625</ele>
        <time>2026-10-08T00:22:01.000Z</time>
        <extensions>
          <ns3:TrackPointExtension>
            <ns3:hr>148</ns3:hr>
            <ns3:cad>89</ns3:cad>
          </ns3:TrackPointExtension>
        </extensions>
      </trkpt>
      <trkpt lat="34.17836680077016353607177734375" lon="108.92594508826732635498046875">
        <ele>463.399993896484375</ele>
        <time>2026-10-08T00:22:02.000Z</time>
        <extensions>
          <ns3:TrackPointExtension>
            <ns3:hr>148</ns3:hr>
            <ns3:cad>90</ns3:cad>
          </ns3:TrackPointExtension>
        </extensions>
      </trkpt>
      <trkpt lat="34.17837367393076419830322265625" lon="108.92590493895113468170166015625">
        <ele>463.399993896484375</ele>
        <time>2026-10-08T00:22:03.000Z</time>
        <extensions>
          <ns3:TrackPointExtension>
            <ns3:hr>148</ns3:hr>
            <ns3:cad>90</ns3:cad>
          </ns3:TrackPointExtension>
        </extensions>
      </trkpt>
      <trkpt lat="34.17837736196815967559814453125" lon="108.925878368318080902099609375">
        <ele>463.399993896484375</ele>
        <time>2026-10-08T00:22:04.000Z</time>
        <extensions>
          <ns3:TrackPointExtension>
            <ns3:hr>148</ns3:hr>
            <ns3:cad>89</ns3:cad>
          </ns3:TrackPointExtension>
        </extensions>
      </trkpt>
      <trkpt lat="34.17837350629270076751708984375" lon="108.925840146839618682861328125">
        <ele>463.399993896484375</ele>
        <time>2026-10-08T00:22:05.000Z</time>
        <extensions>
          <ns3:TrackPointExtension>
            <ns3:hr>148</ns3:hr>
            <ns3:cad>89</ns3:cad>
          </ns3:TrackPointExtension>
        </extensions>
      </trkpt>
      <trkpt lat="34.178357161581516265869140625" lon="108.9258191920816898345947265625">
        <ele>463.399993896484375</ele>
        <time>2026-10-08T00:22:06.000Z</time>
        <extensions>
          <ns3:TrackPointExtension>
            <ns3:hr>149</ns3:hr>
            <ns3:cad>89</ns3:cad>
          </ns3:TrackPointExtension>
        </extensions>
      </trkpt>
      <trkpt lat="34.17832891456782817840576171875" lon="108.92580653540790081024169921875">
        <ele>463.399993896484375</ele>
        <time>2026-10-08T00:22:07.000Z</time>
        <extensions>
          <ns3:TrackPointExtension>
            <ns3:hr>148</ns3:hr>
            <ns3:cad>88</ns3:cad>
          </ns3:TrackPointExtension>
        </extensions>
      </trkpt>
      <trkpt lat="34.17830997146666049957275390625" lon="108.92581843771040439605712890625">
        <ele>463.399993896484375</ele>
        <time>2026-10-08T00:22:08.000Z</time>
        <extensions>
          <ns3:TrackPointExtension>
            <ns3:hr>148</ns3:hr>
            <ns3:cad>89</ns3:cad>
          </ns3:TrackPointExtension>
        </extensions>
      </trkpt>
      <trkpt lat="34.17829756624996662139892578125" lon="108.92585095949470996856689453125">
        <ele>463.399993896484375</ele>
        <time>2026-10-08T00:22:09.000Z</time>
        <extensions>
          <ns3:TrackPointExtension>
            <ns3:hr>149</ns3:hr>
            <ns3:cad>89</ns3:cad>
          </ns3:TrackPointExtension>
        </extensions>
      </trkpt>
      <trkpt lat="34.17829957790672779083251953125" lon="108.9258748479187488555908203125">
        <ele>463.600006103515625</ele>
        <time>2026-10-08T00:22:10.000Z</time>
        <extensions>
          <ns3:TrackPointExtension>
            <ns3:hr>148</ns3:hr>
            <ns3:cad>89</ns3:cad>
          </ns3:TrackPointExtension>
        </extensions>
      </trkpt>
      <trkpt lat="34.17830192483961582183837890625" lon="108.92591147683560848236083984375">
        <ele>463.600006103515625</ele>
        <time>2026-10-08T00:22:11.000Z</time>
        <extensions>
          <ns3:TrackPointExtension>
            <ns3:hr>148</ns3:hr>
            <ns3:cad>88</ns3:cad>
          </ns3:TrackPointExtension>
        </extensions>
      </trkpt>
      <trkpt lat="34.17830812744796276092529296875" lon="108.92593729309737682342529296875">
        <ele>463.600006103515625</ele>
        <time>2026-10-08T00:22:12.000Z</time>
        <extensions>
          <ns3:TrackPointExtension>
            <ns3:hr>148</ns3:hr>
            <ns3:cad>88</ns3:cad>
          </ns3:TrackPointExtension>
        </extensions>
      </trkpt>
      <trkpt lat="34.17831365950405597686767578125" lon="108.92596897669136524200439453125">
        <ele>463.600006103515625</ele>
        <time>2026-10-08T00:22:13.000Z</time>
        <extensions>
          <ns3:TrackPointExtension>
            <ns3:hr>149</ns3:hr>
            <ns3:cad>89</ns3:cad>
          </ns3:TrackPointExtension>
        </extensions>
      </trkpt>
      <trkpt lat="34.1783211193978786468505859375" lon="108.9259911887347698211669921875">
        <ele>463.600006103515625</ele>
        <time>2026-10-08T00:22:14.000Z</time>
        <extensions>
          <ns3:TrackPointExtension>
            <ns3:hr>149</ns3:hr>
            <ns3:cad>89</ns3:cad>
          </ns3:TrackPointExtension>
        </extensions>
      </trkpt>
      <trkpt lat="34.178322292864322662353515625" lon="108.9260237105190753936767578125">
        <ele>463.600006103515625</ele>
        <time>2026-10-08T00:22:15.000Z</time>
        <extensions>
          <ns3:TrackPointExtension>
            <ns3:hr>149</ns3:hr>
            <ns3:cad>89</ns3:cad>
          </ns3:TrackPointExtension>
        </extensions>
      </trkpt>
      <trkpt lat="34.178328327834606170654296875" lon="108.92604860477149486541748046875">
        <ele>463.600006103515625</ele>
        <time>2026-10-08T00:22:16.000Z</time>
        <extensions>
          <ns3:TrackPointExtension>
            <ns3:hr>149</ns3:hr>
            <ns3:cad>89</ns3:cad>
          </ns3:TrackPointExtension>
        </extensions>
      </trkpt>
      <trkpt lat="34.17832975275814533233642578125" lon="108.92608196474611759185791015625">
        <ele>463.600006103515625</ele>
        <time>2026-10-08T00:22:17.000Z</time>
        <extensions>
          <ns3:TrackPointExtension>
            <ns3:hr>148</ns3:hr>
            <ns3:cad>89</ns3:cad>
          </ns3:TrackPointExtension>
        </extensions>
      </trkpt>
      <trkpt lat="34.17833629064261913299560546875" lon="108.92610291950404644012451171875">
        <ele>463.600006103515625</ele>
        <time>2026-10-08T00:22:18.000Z</time>
        <extensions>
          <ns3:TrackPointExtension>
            <ns3:hr>149</ns3:hr>
            <ns3:cad>89</ns3:cad>
          </ns3:TrackPointExtension>
        </extensions>
      </trkpt>
      <trkpt lat="34.1783392243087291717529296875" lon="108.92613778822124004364013671875">
        <ele>463.600006103515625</ele>
        <time>2026-10-08T00:22:19.000Z</time>
        <extensions>
          <ns3:TrackPointExtension>
            <ns3:hr>149</ns3:hr>
            <ns3:cad>89</ns3:cad>
          </ns3:TrackPointExtension>
        </extensions>
      </trkpt>
      <trkpt lat="34.17834341526031494140625" lon="108.92616075463593006134033203125">
        <ele>463.600006103515625</ele>
        <time>2026-10-08T00:22:20.000Z</time>
        <extensions>
          <ns3:TrackPointExtension>
            <ns3:hr>150</ns3:hr>
            <ns3:cad>89</ns3:cad>
          </ns3:TrackPointExtension>
        </extensions>
      </trkpt>
      <trkpt lat="34.17834249325096607208251953125" lon="108.9261997304856777191162109375">
        <ele>463.600006103515625</ele>
        <time>2026-10-08T00:22:21.000Z</time>
        <extensions>
          <ns3:TrackPointExtension>
            <ns3:hr>150</ns3:hr>
            <ns3:cad>89</ns3:cad>
          </ns3:TrackPointExtension>
        </extensions>
      </trkpt>
      <trkpt lat="34.1783435828983783721923828125" lon="108.92622848041355609893798828125">
        <ele>463.600006103515625</ele>
        <time>2026-10-08T00:22:22.000Z</time>
        <extensions>
          <ns3:TrackPointExtension>
            <ns3:hr>150</ns3:hr>
            <ns3:cad>89</ns3:cad>
          </ns3:TrackPointExtension>
        </extensions>
      </trkpt>
      <trkpt lat="34.17834199033677577972412109375" lon="108.92626737244427204132080078125">
        <ele>463.600006103515625</ele>
        <time>2026-10-08T00:22:23.000Z</time>
        <extensions>
          <ns3:TrackPointExtension>
            <ns3:hr>150</ns3:hr>
            <ns3:cad>90</ns3:cad>
          </ns3:TrackPointExtension>
        </extensions>
      </trkpt>
      <trkpt lat="34.17834836058318614959716796875" lon="108.92629503272473812103271484375">
        <ele>463.600006103515625</ele>
        <time>2026-10-08T00:22:24.000Z</time>
        <extensions>
          <ns3:TrackPointExtension>
            <ns3:hr>151</ns3:hr>
            <ns3:cad>90</ns3:cad>
          </ns3:TrackPointExtension>
        </extensions>
      </trkpt>
      <trkpt lat="34.17834584601223468780517578125" lon="108.9263294823467731475830078125">
        <ele>463.600006103515625</ele>
        <time>2026-10-08T00:22:25.000Z</time>
        <extensions>
          <ns3:TrackPointExtension>
            <ns3:hr>151</ns3:hr>
            <ns3:cad>90</ns3:cad>
          </ns3:TrackPointExtension>
        </extensions>
      </trkpt>
      <trkpt lat="34.178345091640949249267578125" lon="108.9263563044369220733642578125">
        <ele>463.600006103515625</ele>
        <time>2026-10-08T00:22:26.000Z</time>
        <extensions>
          <ns3:TrackPointExtension>
            <ns3:hr>151</ns3:hr>
            <ns3:cad>90</ns3:cad>
          </ns3:TrackPointExtension>
        </extensions>
      </trkpt>
      <trkpt lat="34.17834668420255184173583984375" lon="108.926389329135417938232421875">
        <ele>463.600006103515625</ele>
        <time>2026-10-08T00:22:27.000Z</time>
        <extensions>
          <ns3:TrackPointExtension>
            <ns3:hr>151</ns3:hr>
            <ns3:cad>90</ns3:cad>
          </ns3:TrackPointExtension>
        </extensions>
      </trkpt>
      <trkpt lat="34.1783526353538036346435546875" lon="108.9264143072068691253662109375">
        <ele>463.600006103515625</ele>
        <time>2026-10-08T00:22:28.000Z</time>
        <extensions>
          <ns3:TrackPointExtension>
            <ns3:hr>151</ns3:hr>
            <ns3:cad>90</ns3:cad>
          </ns3:TrackPointExtension>
        </extensions>
      </trkpt>
      <trkpt lat="34.17835414409637451171875" lon="108.92644959501922130584716796875">
        <ele>463.600006103515625</ele>
        <time>2026-10-08T00:22:29.000Z</time>
        <extensions>
          <ns3:TrackPointExtension>
            <ns3:hr>151</ns3:hr>
            <ns3:cad>90</ns3:cad>
          </ns3:TrackPointExtension>
        </extensions>
      </trkpt>
      <trkpt lat="34.17836026288568973541259765625" lon="108.9264729805290699005126953125">
        <ele>463.600006103515625</ele>
        <time>2026-10-08T00:22:30.000Z</time>
        <extensions>
          <ns3:TrackPointExtension>
            <ns3:hr>152</ns3:hr>
            <ns3:cad>90</ns3:cad>
          </ns3:TrackPointExtension>
        </extensions>
      </trkpt>
      <trkpt lat="34.17836110107600688934326171875" lon="108.92651061527431011199951171875">
        <ele>463.600006103515625</ele>
        <time>2026-10-08T00:22:31.000Z</time>
        <extensions>
          <ns3:TrackPointExtension>
            <ns3:hr>152</ns3:hr>
            <ns3:cad>90</ns3:cad>
          </ns3:TrackPointExtension>
        </extensions>
      </trkpt>
      <trkpt lat="34.17836713604629039764404296875" lon="108.92653844319283962249755859375">
        <ele>463.600006103515625</ele>
        <time>2026-10-08T00:22:32.000Z</time>
        <extensions>
          <ns3:TrackPointExtension>
            <ns3:hr>152</ns3:hr>
            <ns3:cad>90</ns3:cad>
          </ns3:TrackPointExtension>
        </extensions>
      </trkpt>
      <trkpt lat="34.1783670522272586822509765625" lon="108.92656928859651088714599609375">
        <ele>463.600006103515625</ele>
        <time>2026-10-08T00:22:33.000Z</time>
        <extensions>
          <ns3:TrackPointExtension>
            <ns3:hr>151</ns3:hr>
            <ns3:cad>90</ns3:cad>
          </ns3:TrackPointExtension>
        </extensions>
      </trkpt>
      <trkpt lat="34.17836956679821014404296875" lon="108.92659485340118408203125">
        <ele>463.600006103515625</ele>
        <time>2026-10-08T00:22:34.000Z</time>
        <extensions>
          <ns3:TrackPointExtension>
            <ns3:hr>151</ns3:hr>
            <ns3:cad>90</ns3:cad>
          </ns3:TrackPointExtension>
        </extensions>
      </trkpt>
      <trkpt lat="34.17836596257984638214111328125" lon="108.9266278780996799468994140625">
        <ele>463.600006103515625</ele>
        <time>2026-10-08T00:22:35.000Z</time>
        <extensions>
          <ns3:TrackPointExtension>
            <ns3:hr>151</ns3:hr>
            <ns3:cad>90</ns3:cad>
          </ns3:TrackPointExtension>
        </extensions>
      </trkpt>
      <trkpt lat="34.17836763896048069000244140625" lon="108.9266526885330677032470703125">
        <ele>463.600006103515625</ele>
        <time>2026-10-08T00:22:36.000Z</time>
        <extensions>
          <ns3:TrackPointExtension>
            <ns3:hr>152</ns3:hr>
            <ns3:cad>89</ns3:cad>
          </ns3:TrackPointExtension>
        </extensions>
      </trkpt>
      <trkpt lat="34.17836445383727550506591796875" lon="108.9266888983547687530517578125">
        <ele>463.79998779296875</ele>
        <time>2026-10-08T00:22:37.000Z</time>
        <extensions>
          <ns3:TrackPointExtension>
            <ns3:hr>152</ns3:hr>
            <ns3:cad>89</ns3:cad>
          </ns3:TrackPointExtension>
        </extensions>
      </trkpt>
      <trkpt lat="34.17836529202759265899658203125" lon="108.92671278677880764007568359375">
        <ele>463.79998779296875</ele>
        <time>2026-10-08T00:22:38.000Z</time>
        <extensions>
          <ns3:TrackPointExtension>
            <ns3:hr>152</ns3:hr>
            <ns3:cad>89</ns3:cad>
          </ns3:TrackPointExtension>
        </extensions>
      </trkpt>
      <trkpt lat="34.17836495675146579742431640625" lon="108.9267489127814769744873046875">
        <ele>463.79998779296875</ele>
        <time>2026-10-08T00:22:39.000Z</time>
        <extensions>
          <ns3:TrackPointExtension>
            <ns3:hr>151</ns3:hr>
            <ns3:cad>89</ns3:cad>
          </ns3:TrackPointExtension>
        </extensions>
      </trkpt>
      <trkpt lat="34.17836562730371952056884765625" lon="108.926772214472293853759765625">
        <ele>463.79998779296875</ele>
        <time>2026-10-08T00:22:40.000Z</time>
        <extensions>
          <ns3:TrackPointExtension>
            <ns3:hr>152</ns3:hr>
            <ns3:cad>89</ns3:cad>
          </ns3:TrackPointExtension>
        </extensions>
      </trkpt>
      <trkpt lat="34.17836328037083148956298828125" lon="108.92680817283689975738525390625">
        <ele>463.79998779296875</ele>
        <time>2026-10-08T00:22:41.000Z</time>
        <extensions>
          <ns3:TrackPointExtension>
            <ns3:hr>152</ns3:hr>
            <ns3:cad>89</ns3:cad>
          </ns3:TrackPointExtension>
        </extensions>
      </trkpt>
      <trkpt lat="34.1783690638840198516845703125" lon="108.9268322288990020751953125">
        <ele>463.79998779296875</ele>
        <time>2026-10-08T00:22:42.000Z</time>
        <extensions>
          <ns3:TrackPointExtension>
            <ns3:hr>152</ns3:hr>
            <ns3:cad>89</ns3:cad>
          </ns3:TrackPointExtension>
        </extensions>
      </trkpt>
      <trkpt lat="34.17836864478886127471923828125" lon="108.9268644154071807861328125">
        <ele>463.79998779296875</ele>
        <time>2026-10-08T00:22:43.000Z</time>
        <extensions>
          <ns3:TrackPointExtension>
            <ns3:hr>151</ns3:hr>
            <ns3:cad>90</ns3:cad>
          </ns3:TrackPointExtension>
        </extensions>
      </trkpt>
      <trkpt lat="34.17837283574044704437255859375" lon="108.92689132131636142730712890625">
        <ele>463.79998779296875</ele>
        <time>2026-10-08T00:22:44.000Z</time>
        <extensions>
          <ns3:TrackPointExtension>
            <ns3:hr>152</ns3:hr>
            <ns3:cad>90</ns3:cad>
          </ns3:TrackPointExtension>
        </extensions>
      </trkpt>
      <trkpt lat="34.17837115935981273651123046875" lon="108.9269245974719524383544921875">
        <ele>463.79998779296875</ele>
        <time>2026-10-08T00:22:45.000Z</time>
        <extensions>
          <ns3:TrackPointExtension>
            <ns3:hr>152</ns3:hr>
            <ns3:cad>90</ns3:cad>
          </ns3:TrackPointExtension>
        </extensions>
      </trkpt>
      <trkpt lat="34.178373925387859344482421875" lon="108.92695183865725994110107421875">
        <ele>463.79998779296875</ele>
        <time>2026-10-08T00:22:46.000Z</time>
        <extensions>
          <ns3:TrackPointExtension>
            <ns3:hr>151</ns3:hr>
            <ns3:cad>90</ns3:cad>
          </ns3:TrackPointExtension>
        </extensions>
      </trkpt>
      <trkpt lat="34.17837149463593959808349609375" lon="108.92698754556477069854736328125">
        <ele>463.79998779296875</ele>
        <time>2026-10-08T00:22:47.000Z</time>
        <extensions>
          <ns3:TrackPointExtension>
            <ns3:hr>151</ns3:hr>
            <ns3:cad>90</ns3:cad>
          </ns3:TrackPointExtension>
        </extensions>
      </trkpt>
      <trkpt lat="34.17837132699787616729736328125" lon="108.92701872624456882476806640625">
        <ele>463.79998779296875</ele>
        <time>2026-10-08T00:22:48.000Z</time>
        <extensions>
          <ns3:TrackPointExtension>
            <ns3:hr>151</ns3:hr>
            <ns3:cad>90</ns3:cad>
          </ns3:TrackPointExtension>
        </extensions>
      </trkpt>
      <trkpt lat="34.1783677227795124053955078125" lon="108.92705284059047698974609375">
        <ele>463.79998779296875</ele>
        <time>2026-10-08T00:22:49.000Z</time>
        <extensions>
          <ns3:TrackPointExtension>
            <ns3:hr>151</ns3:hr>
            <ns3:cad>90</ns3:cad>
          </ns3:TrackPointExtension>
        </extensions>
      </trkpt>
      <trkpt lat="34.17837090790271759033203125" lon="108.927082680165767669677734375">
        <ele>463.79998779296875</ele>
        <time>2026-10-08T00:22:50.000Z</time>
        <extensions>
          <ns3:TrackPointExtension>
            <ns3:hr>152</ns3:hr>
            <ns3:cad>90</ns3:cad>
          </ns3:TrackPointExtension>
        </extensions>
      </trkpt>
      <trkpt lat="34.178370572626590728759765625" lon="108.92711796797811985015869140625">
        <ele>463.79998779296875</ele>
        <time>2026-10-08T00:22:51.000Z</time>
        <extensions>
          <ns3:TrackPointExtension>
            <ns3:hr>152</ns3:hr>
            <ns3:cad>90</ns3:cad>
          </ns3:TrackPointExtension>
        </extensions>
      </trkpt>
      <trkpt lat="34.17837384156882762908935546875" lon="108.9271472208201885223388671875">
        <ele>464</ele>
        <time>2026-10-08T00:22:52.000Z</time>
        <extensions>
          <ns3:TrackPointExtension>
            <ns3:hr>152</ns3:hr>
            <ns3:cad>90</ns3:cad>
          </ns3:TrackPointExtension>
        </extensions>
      </trkpt>
      <trkpt lat="34.17837266810238361358642578125" lon="108.92717815004289150238037109375">
        <ele>464</ele>
        <time>2026-10-08T00:22:53.000Z</time>
        <extensions>
          <ns3:TrackPointExtension>
            <ns3:hr>152</ns3:hr>
            <ns3:cad>91</ns3:cad>
          </ns3:TrackPointExtension>
        </extensions>
      </trkpt>
      <trkpt lat="34.17837400920689105987548828125" lon="108.92720706760883331298828125">
        <ele>464</ele>
        <time>2026-10-08T00:22:54.000Z</time>
        <extensions>
          <ns3:TrackPointExtension>
            <ns3:hr>152</ns3:hr>
            <ns3:cad>91</ns3:cad>
          </ns3:TrackPointExtension>
        </extensions>
      </trkpt>
      <trkpt lat="34.178374595940113067626953125" lon="108.927232883870601654052734375">
        <ele>464.20001220703125</ele>
        <time>2026-10-08T00:22:55.000Z</time>
        <extensions>
          <ns3:TrackPointExtension>
            <ns3:hr>153</ns3:hr>
            <ns3:cad>90</ns3:cad>
          </ns3:TrackPointExtension>
        </extensions>
      </trkpt>
      <trkpt lat="34.1783771105110645294189453125" lon="108.92726129852235317230224609375">
        <ele>464.20001220703125</ele>
        <time>2026-10-08T00:22:56.000Z</time>
        <extensions>
          <ns3:TrackPointExtension>
            <ns3:hr>154</ns3:hr>
            <ns3:cad>90</ns3:cad>
          </ns3:TrackPointExtension>
        </extensions>
      </trkpt>
      <trkpt lat="34.17837702669203281402587890625" lon="108.92729231156408786773681640625">
        <ele>464.399993896484375</ele>
        <time>2026-10-08T00:22:57.000Z</time>
        <extensions>
          <ns3:TrackPointExtension>
            <ns3:hr>155</ns3:hr>
            <ns3:cad>90</ns3:cad>
          </ns3:TrackPointExtension>
        </extensions>
      </trkpt>
      <trkpt lat="34.178379289805889129638671875" lon="108.92732382752001285552978515625">
        <ele>464.399993896484375</ele>
        <time>2026-10-08T00:22:58.000Z</time>
        <extensions>
          <ns3:TrackPointExtension>
            <ns3:hr>155</ns3:hr>
            <ns3:cad>91</ns3:cad>
          </ns3:TrackPointExtension>
        </extensions>
      </trkpt>
      <trkpt lat="34.17838029563426971435546875" lon="108.92735190689563751220703125">
        <ele>464.399993896484375</ele>
        <time>2026-10-08T00:22:59.000Z</time>
        <extensions>
          <ns3:TrackPointExtension>
            <ns3:hr>155</ns3:hr>
            <ns3:cad>91</ns3:cad>
          </ns3:TrackPointExtension>
        </extensions>
      </trkpt>
      <trkpt lat="34.1783807985484600067138671875" lon="108.92739071510732173919677734375">
        <ele>464.399993896484375</ele>
        <time>2026-10-08T00:23:00.000Z</time>
        <extensions>
          <ns3:TrackPointExtension>
            <ns3:hr>156</ns3:hr>
            <ns3:cad>91</ns3:cad>
          </ns3:TrackPointExtension>
        </extensions>
      </trkpt>
      <trkpt lat="34.17837786488234996795654296875" lon="108.927416615188121795654296875">
        <ele>464.600006103515625</ele>
        <time>2026-10-08T00:23:01.000Z</time>
        <extensions>
          <ns3:TrackPointExtension>
            <ns3:hr>156</ns3:hr>
            <ns3:cad>91</ns3:cad>
          </ns3:TrackPointExtension>
        </extensions>
      </trkpt>
      <trkpt lat="34.1783774457871913909912109375" lon="108.92745257355272769927978515625">
        <ele>464.600006103515625</ele>
        <time>2026-10-08T00:23:02.000Z</time>
        <extensions>
          <ns3:TrackPointExtension>
            <ns3:hr>156</ns3:hr>
            <ns3:cad>91</ns3:cad>
          </ns3:TrackPointExtension>
        </extensions>
      </trkpt>
      <trkpt lat="34.17837350629270076751708984375" lon="108.92747771926224231719970703125">
        <ele>464.600006103515625</ele>
        <time>2026-10-08T00:23:03.000Z</time>
        <extensions>
          <ns3:TrackPointExtension>
            <ns3:hr>156</ns3:hr>
            <ns3:cad>91</ns3:cad>
          </ns3:TrackPointExtension>
        </extensions>
      </trkpt>
      <trkpt lat="34.17837384156882762908935546875" lon="108.9275133423507213592529296875">
        <ele>464.600006103515625</ele>
        <time>2026-10-08T00:23:04.000Z</time>
        <extensions>
          <ns3:TrackPointExtension>
            <ns3:hr>157</ns3:hr>
            <ns3:cad>92</ns3:cad>
          </ns3:TrackPointExtension>
        </extensions>
      </trkpt>
      <trkpt lat="34.17837535031139850616455078125" lon="108.92754242755472660064697265625">
        <ele>464.79998779296875</ele>
        <time>2026-10-08T00:23:05.000Z</time>
        <extensions>
          <ns3:TrackPointExtension>
            <ns3:hr>157</ns3:hr>
            <ns3:cad>92</ns3:cad>
          </ns3:TrackPointExtension>
        </extensions>
      </trkpt>
      <trkpt lat="34.17837920598685741424560546875" lon="108.92757989466190338134765625">
        <ele>465</ele>
        <time>2026-10-08T00:23:06.000Z</time>
        <extensions>
          <ns3:TrackPointExtension>
            <ns3:hr>156</ns3:hr>
            <ns3:cad>92</ns3:cad>
          </ns3:TrackPointExtension>
        </extensions>
      </trkpt>
      <trkpt lat="34.17838641442358493804931640625" lon="108.92760336399078369140625">
        <ele>465</ele>
        <time>2026-10-08T00:23:07.000Z</time>
        <extensions>
          <ns3:TrackPointExtension>
            <ns3:hr>157</ns3:hr>
            <ns3:cad>92</ns3:cad>
          </ns3:TrackPointExtension>
        </extensions>
      </trkpt>
      <trkpt lat="34.17839010246098041534423828125" lon="108.92763756215572357177734375">
        <ele>465.20001220703125</ele>
        <time>2026-10-08T00:23:08.000Z</time>
        <extensions>
          <ns3:TrackPointExtension>
            <ns3:hr>157</ns3:hr>
            <ns3:cad>92</ns3:cad>
          </ns3:TrackPointExtension>
        </extensions>
      </trkpt>
      <trkpt lat="34.17839647270739078521728515625" lon="108.92766178585588932037353515625">
        <ele>465.20001220703125</ele>
        <time>2026-10-08T00:23:09.000Z</time>
        <extensions>
          <ns3:TrackPointExtension>
            <ns3:hr>156</ns3:hr>
            <ns3:cad>90</ns3:cad>
          </ns3:TrackPointExtension>
        </extensions>
      </trkpt>
      <trkpt lat="34.17840041220188140869140625" lon="108.9276967383921146392822265625">
        <ele>465.399993896484375</ele>
        <time>2026-10-08T00:23:10.000Z</time>
        <extensions>
          <ns3:TrackPointExtension>
            <ns3:hr>156</ns3:hr>
            <ns3:cad>90</ns3:cad>
          </ns3:TrackPointExtension>
        </extensions>
      </trkpt>
      <trkpt lat="34.17839898727834224700927734375" lon="108.92772515304386615753173828125">
        <ele>465.399993896484375</ele>
        <time>2026-10-08T00:23:11.000Z</time>
        <extensions>
          <ns3:TrackPointExtension>
            <ns3:hr>156</ns3:hr>
            <ns3:cad>90</ns3:cad>
          </ns3:TrackPointExtension>
        </extensions>
      </trkpt>
      <trkpt lat="34.17839781381189823150634765625" lon="108.92776035703718662261962890625">
        <ele>465.399993896484375</ele>
        <time>2026-10-08T00:23:12.000Z</time>
        <extensions>
          <ns3:TrackPointExtension>
            <ns3:hr>157</ns3:hr>
            <ns3:cad>90</ns3:cad>
          </ns3:TrackPointExtension>
        </extensions>
      </trkpt>
      <trkpt lat="34.1783999092876911163330078125" lon="108.927784748375415802001953125">
        <ele>465.399993896484375</ele>
        <time>2026-10-08T00:23:13.000Z</time>
        <extensions>
          <ns3:TrackPointExtension>
            <ns3:hr>157</ns3:hr>
            <ns3:cad>90</ns3:cad>
          </ns3:TrackPointExtension>
        </extensions>
      </trkpt>
      <trkpt lat="34.1783992387354373931884765625" lon="108.9278164319694042205810546875">
        <ele>465.399993896484375</ele>
        <time>2026-10-08T00:23:14.000Z</time>
        <extensions>
          <ns3:TrackPointExtension>
            <ns3:hr>157</ns3:hr>
            <ns3:cad>90</ns3:cad>
          </ns3:TrackPointExtension>
        </extensions>
      </trkpt>
      <trkpt lat="34.17839772999286651611328125" lon="108.92784384079277515411376953125">
        <ele>465.600006103515625</ele>
        <time>2026-10-08T00:23:15.000Z</time>
        <extensions>
          <ns3:TrackPointExtension>
            <ns3:hr>157</ns3:hr>
            <ns3:cad>90</ns3:cad>
          </ns3:TrackPointExtension>
        </extensions>
      </trkpt>
      <trkpt lat="34.178402423858642578125" lon="108.9278754405677318572998046875">
        <ele>465.600006103515625</ele>
        <time>2026-10-08T00:23:16.000Z</time>
        <extensions>
          <ns3:TrackPointExtension>
            <ns3:hr>157</ns3:hr>
            <ns3:cad>89</ns3:cad>
          </ns3:TrackPointExtension>
        </extensions>
      </trkpt>
      <trkpt lat="34.17840175330638885498046875" lon="108.9279015921056270599365234375">
        <ele>465.600006103515625</ele>
        <time>2026-10-08T00:23:17.000Z</time>
        <extensions>
          <ns3:TrackPointExtension>
            <ns3:hr>157</ns3:hr>
            <ns3:cad>88</ns3:cad>
          </ns3:TrackPointExtension>
        </extensions>
      </trkpt>
      <trkpt lat="34.1783972270786762237548828125" lon="108.9279327727854251861572265625">
        <ele>465.600006103515625</ele>
        <time>2026-10-08T00:23:18.000Z</time>
        <extensions>
          <ns3:TrackPointExtension>
            <ns3:hr>157</ns3:hr>
            <ns3:cad>88</ns3:cad>
          </ns3:TrackPointExtension>
        </extensions>
      </trkpt>
      <trkpt lat="34.17839236557483673095703125" lon="108.92795917578041553497314453125">
        <ele>465.600006103515625</ele>
        <time>2026-10-08T00:23:19.000Z</time>
        <extensions>
          <ns3:TrackPointExtension>
            <ns3:hr>157</ns3:hr>
            <ns3:cad>89</ns3:cad>
          </ns3:TrackPointExtension>
        </extensions>
      </trkpt>
      <trkpt lat="34.17838825844228267669677734375" lon="108.927995972335338592529296875">
        <ele>465.600006103515625</ele>
        <time>2026-10-08T00:23:20.000Z</time>
        <extensions>
          <ns3:TrackPointExtension>
            <ns3:hr>156</ns3:hr>
            <ns3:cad>90</ns3:cad>
          </ns3:TrackPointExtension>
        </extensions>
      </trkpt>
      <trkpt lat="34.17838490568101406097412109375" lon="108.9280204474925994873046875">
        <ele>465.600006103515625</ele>
        <time>2026-10-08T00:23:21.000Z</time>
        <extensions>
          <ns3:TrackPointExtension>
            <ns3:hr>156</ns3:hr>
            <ns3:cad>90</ns3:cad>
          </ns3:TrackPointExtension>
        </extensions>
      </trkpt>
      <trkpt lat="34.178378619253635406494140625" lon="108.9280524663627147674560546875">
        <ele>465.79998779296875</ele>
        <time>2026-10-08T00:23:22.000Z</time>
        <extensions>
          <ns3:TrackPointExtension>
            <ns3:hr>156</ns3:hr>
            <ns3:cad>90</ns3:cad>
          </ns3:TrackPointExtension>
        </extensions>
      </trkpt>
      <trkpt lat="34.17836763896048069000244140625" lon="108.9280809648334980010986328125">
        <ele>465.79998779296875</ele>
        <time>2026-10-08T00:23:23.000Z</time>
        <extensions>
          <ns3:TrackPointExtension>
            <ns3:hr>157</ns3:hr>
            <ns3:cad>91</ns3:cad>
          </ns3:TrackPointExtension>
        </extensions>
      </trkpt>
      <trkpt lat="34.17835347354412078857421875" lon="108.9281131513416767120361328125">
        <ele>465.79998779296875</ele>
        <time>2026-10-08T00:23:24.000Z</time>
        <extensions>
          <ns3:TrackPointExtension>
            <ns3:hr>156</ns3:hr>
            <ns3:cad>91</ns3:cad>
          </ns3:TrackPointExtension>
        </extensions>
      </trkpt>
      <trkpt lat="34.17834182269871234893798828125" lon="108.92813368700444698333740234375">
        <ele>465.79998779296875</ele>
        <time>2026-10-08T00:23:25.000Z</time>
        <extensions>
          <ns3:TrackPointExtension>
            <ns3:hr>156</ns3:hr>
            <ns3:cad>90</ns3:cad>
          </ns3:TrackPointExtension>
        </extensions>
      </trkpt>
      <trkpt lat="34.1783278249204158782958984375" lon="108.92815715633332729339599609375">
        <ele>465.79998779296875</ele>
        <time>2026-10-08T00:23:26.000Z</time>
        <extensions>
          <ns3:TrackPointExtension>
            <ns3:hr>156</ns3:hr>
            <ns3:cad>89</ns3:cad>
          </ns3:TrackPointExtension>
        </extensions>
      </trkpt>
      <trkpt lat="34.17831458151340484619140625" lon="108.9281775243580341339111328125">
        <ele>465.79998779296875</ele>
        <time>2026-10-08T00:23:27.000Z</time>
        <extensions>
          <ns3:TrackPointExtension>
            <ns3:hr>157</ns3:hr>
            <ns3:cad>89</ns3:cad>
          </ns3:TrackPointExtension>
        </extensions>
      </trkpt>
      <trkpt lat="34.178294800221920013427734375" lon="108.92820443026721477508544921875">
        <ele>466</ele>
        <time>2026-10-08T00:23:28.000Z</time>
        <extensions>
          <ns3:TrackPointExtension>
            <ns3:hr>157</ns3:hr>
            <ns3:cad>89</ns3:cad>
          </ns3:TrackPointExtension>
        </extensions>
      </trkpt>
      <trkpt lat="34.17828164063394069671630859375" lon="108.92822320573031902313232421875">
        <ele>466</ele>
        <time>2026-10-08T00:23:29.000Z</time>
        <extensions>
          <ns3:TrackPointExtension>
            <ns3:hr>157</ns3:hr>
            <ns3:cad>89</ns3:cad>
          </ns3:TrackPointExtension>
        </extensions>
      </trkpt>
      <trkpt lat="34.1782567463815212249755859375" lon="108.92824768088757991790771484375">
        <ele>466</ele>
        <time>2026-10-08T00:23:30.000Z</time>
        <extensions>
          <ns3:TrackPointExtension>
            <ns3:hr>157</ns3:hr>
            <ns3:cad>89</ns3:cad>
          </ns3:TrackPointExtension>
        </extensions>
      </trkpt>
      <trkpt lat="34.178238809108734130859375" lon="108.92826310358941555023193359375">
        <ele>466</ele>
        <time>2026-10-08T00:23:31.000Z</time>
        <extensions>
          <ns3:TrackPointExtension>
            <ns3:hr>158</ns3:hr>
            <ns3:cad>89</ns3:cad>
          </ns3:TrackPointExtension>
        </extensions>
      </trkpt>
      <trkpt lat="34.17821844108402729034423828125" lon="108.928286992013454437255859375">
        <ele>466.20001220703125</ele>
        <time>2026-10-08T00:23:32.000Z</time>
        <extensions>
          <ns3:TrackPointExtension>
            <ns3:hr>158</ns3:hr>
            <ns3:cad>89</ns3:cad>
          </ns3:TrackPointExtension>
        </extensions>
      </trkpt>
      <trkpt lat="34.17819933034479618072509765625" lon="108.92830300144851207733154296875">
        <ele>466.20001220703125</ele>
        <time>2026-10-08T00:23:33.000Z</time>
        <extensions>
          <ns3:TrackPointExtension>
            <ns3:hr>157</ns3:hr>
            <ns3:cad>89</ns3:cad>
          </ns3:TrackPointExtension>
        </extensions>
      </trkpt>
      <trkpt lat="34.17817619629204273223876953125" lon="108.9283260516822338104248046875">
        <ele>466.20001220703125</ele>
        <time>2026-10-08T00:23:34.000Z</time>
        <extensions>
          <ns3:TrackPointExtension>
            <ns3:hr>157</ns3:hr>
            <ns3:cad>90</ns3:cad>
          </ns3:TrackPointExtension>
        </extensions>
      </trkpt>
      <trkpt lat="34.1781581752002239227294921875" lon="108.92833887599408626556396484375">
        <ele>466.20001220703125</ele>
        <time>2026-10-08T00:23:35.000Z</time>
        <extensions>
          <ns3:TrackPointExtension>
            <ns3:hr>157</ns3:hr>
            <ns3:cad>90</ns3:cad>
          </ns3:TrackPointExtension>
        </extensions>
      </trkpt>
      <trkpt lat="34.178131856024265289306640625" lon="108.92835882492363452911376953125">
        <ele>466.399993896484375</ele>
        <time>2026-10-08T00:23:36.000Z</time>
        <extensions>
          <ns3:TrackPointExtension>
            <ns3:hr>157</ns3:hr>
            <ns3:cad>90</ns3:cad>
          </ns3:TrackPointExtension>
        </extensions>
      </trkpt>
      <trkpt lat="34.1781122423708438873291015625" lon="108.92837374471127986907958984375">
        <ele>466.399993896484375</ele>
        <time>2026-10-08T00:23:37.000Z</time>
        <extensions>
          <ns3:TrackPointExtension>
            <ns3:hr>158</ns3:hr>
            <ns3:cad>89</ns3:cad>
          </ns3:TrackPointExtension>
        </extensions>
      </trkpt>
      <trkpt lat="34.17808852158486843109130859375" lon="108.928385563194751739501953125">
        <ele>466.399993896484375</ele>
        <time>2026-10-08T00:23:38.000Z</time>
        <extensions>
          <ns3:TrackPointExtension>
            <ns3:hr>157</ns3:hr>
            <ns3:cad>89</ns3:cad>
          </ns3:TrackPointExtension>
        </extensions>
      </trkpt>
      <trkpt lat="34.178065471351146697998046875" lon="108.928391598165035247802734375">
        <ele>466.399993896484375</ele>
        <time>2026-10-08T00:23:39.000Z</time>
        <extensions>
          <ns3:TrackPointExtension>
            <ns3:hr>158</ns3:hr>
            <ns3:cad>89</ns3:cad>
          </ns3:TrackPointExtension>
        </extensions>
      </trkpt>
      <trkpt lat="34.1780416667461395263671875" lon="108.92839771695435047149658203125">
        <ele>466.600006103515625</ele>
        <time>2026-10-08T00:23:40.000Z</time>
        <extensions>
          <ns3:TrackPointExtension>
            <ns3:hr>158</ns3:hr>
            <ns3:cad>89</ns3:cad>
          </ns3:TrackPointExtension>
        </extensions>
      </trkpt>
      <trkpt lat="34.17801710776984691619873046875" lon="108.928401656448841094970703125">
        <ele>466.600006103515625</ele>
        <time>2026-10-08T00:23:41.000Z</time>
        <extensions>
          <ns3:TrackPointExtension>
            <ns3:hr>158</ns3:hr>
            <ns3:cad>89</ns3:cad>
          </ns3:TrackPointExtension>
        </extensions>
      </trkpt>
      <trkpt lat="34.17798911221325397491455078125" lon="108.928405009210109710693359375">
        <ele>466.600006103515625</ele>
        <time>2026-10-08T00:23:42.000Z</time>
        <extensions>
          <ns3:TrackPointExtension>
            <ns3:hr>158</ns3:hr>
            <ns3:cad>89</ns3:cad>
          </ns3:TrackPointExtension>
        </extensions>
      </trkpt>
      <trkpt lat="34.1779665648937225341796875" lon="108.92840878106653690338134765625">
        <ele>466.600006103515625</ele>
        <time>2026-10-08T00:23:43.000Z</time>
        <extensions>
          <ns3:TrackPointExtension>
            <ns3:hr>158</ns3:hr>
            <ns3:cad>89</ns3:cad>
          </ns3:TrackPointExtension>
        </extensions>
      </trkpt>
      <trkpt lat="34.17794150300323963165283203125" lon="108.9284135587513446807861328125">
        <ele>466.600006103515625</ele>
        <time>2026-10-08T00:23:44.000Z</time>
        <extensions>
          <ns3:TrackPointExtension>
            <ns3:hr>158</ns3:hr>
            <ns3:cad>89</ns3:cad>
          </ns3:TrackPointExtension>
        </extensions>
      </trkpt>
      <trkpt lat="34.17792163789272308349609375" lon="108.92841942608356475830078125">
        <ele>466.600006103515625</ele>
        <time>2026-10-08T00:23:45.000Z</time>
        <extensions>
          <ns3:TrackPointExtension>
            <ns3:hr>158</ns3:hr>
            <ns3:cad>89</ns3:cad>
          </ns3:TrackPointExtension>
        </extensions>
      </trkpt>
      <trkpt lat="34.17789640836417675018310546875" lon="108.92842479050159454345703125">
        <ele>466.600006103515625</ele>
        <time>2026-10-08T00:23:46.000Z</time>
        <extensions>
          <ns3:TrackPointExtension>
            <ns3:hr>158</ns3:hr>
            <ns3:cad>89</ns3:cad>
          </ns3:TrackPointExtension>
        </extensions>
      </trkpt>
      <trkpt lat="34.17787327431142330169677734375" lon="108.92842470668256282806396484375">
        <ele>466.600006103515625</ele>
        <time>2026-10-08T00:23:47.000Z</time>
        <extensions>
          <ns3:TrackPointExtension>
            <ns3:hr>158</ns3:hr>
            <ns3:cad>89</ns3:cad>
          </ns3:TrackPointExtension>
        </extensions>
      </trkpt>
      <trkpt lat="34.1778460331261157989501953125" lon="108.92842286266386508941650390625">
        <ele>466.79998779296875</ele>
        <time>2026-10-08T00:23:48.000Z</time>
        <extensions>
          <ns3:TrackPointExtension>
            <ns3:hr>159</ns3:hr>
            <ns3:cad>89</ns3:cad>
          </ns3:TrackPointExtension>
        </extensions>
      </trkpt>
      <trkpt lat="34.17782063595950603485107421875" lon="108.9284199289977550506591796875">
        <ele>466.79998779296875</ele>
        <time>2026-10-08T00:23:49.000Z</time>
        <extensions>
          <ns3:TrackPointExtension>
            <ns3:hr>158</ns3:hr>
            <ns3:cad>90</ns3:cad>
          </ns3:TrackPointExtension>
        </extensions>
      </trkpt>
      <trkpt lat="34.17779146693646907806396484375" lon="108.9284209348261356353759765625">
        <ele>466.79998779296875</ele>
        <time>2026-10-08T00:23:50.000Z</time>
        <extensions>
          <ns3:TrackPointExtension>
            <ns3:hr>158</ns3:hr>
            <ns3:cad>90</ns3:cad>
          </ns3:TrackPointExtension>
        </extensions>
      </trkpt>
      <trkpt lat="34.177767746150493621826171875" lon="108.9284199289977550506591796875">
        <ele>466.79998779296875</ele>
        <time>2026-10-08T00:23:51.000Z</time>
        <extensions>
          <ns3:TrackPointExtension>
            <ns3:hr>158</ns3:hr>
            <ns3:cad>89</ns3:cad>
          </ns3:TrackPointExtension>
        </extensions>
      </trkpt>
      <trkpt lat="34.1777412593364715576171875" lon="108.92842479050159454345703125">
        <ele>467</ele>
        <time>2026-10-08T00:23:52.000Z</time>
        <extensions>
          <ns3:TrackPointExtension>
            <ns3:hr>158</ns3:hr>
            <ns3:cad>89</ns3:cad>
          </ns3:TrackPointExtension>
        </extensions>
      </trkpt>
      <trkpt lat="34.17771787382662296295166015625" lon="108.928425796329975128173828125">
        <ele>467</ele>
        <time>2026-10-08T00:23:53.000Z</time>
        <extensions>
          <ns3:TrackPointExtension>
            <ns3:hr>158</ns3:hr>
            <ns3:cad>89</ns3:cad>
          </ns3:TrackPointExtension>
        </extensions>
      </trkpt>
      <trkpt lat="34.1776891238987445831298828125" lon="108.9284276403486728668212890625">
        <ele>467</ele>
        <time>2026-10-08T00:23:54.000Z</time>
        <extensions>
          <ns3:TrackPointExtension>
            <ns3:hr>158</ns3:hr>
            <ns3:cad>90</ns3:cad>
          </ns3:TrackPointExtension>
        </extensions>
      </trkpt>
      <trkpt lat="34.1776634752750396728515625" lon="108.92842571251094341278076171875">
        <ele>467</ele>
        <time>2026-10-08T00:23:55.000Z</time>
        <extensions>
          <ns3:TrackPointExtension>
            <ns3:hr>158</ns3:hr>
            <ns3:cad>91</ns3:cad>
          </ns3:TrackPointExtension>
        </extensions>
      </trkpt>
      <trkpt lat="34.17763824574649333953857421875" lon="108.928421437740325927734375">
        <ele>467</ele>
        <time>2026-10-08T00:23:56.000Z</time>
        <extensions>
          <ns3:TrackPointExtension>
            <ns3:hr>158</ns3:hr>
            <ns3:cad>91</ns3:cad>
          </ns3:TrackPointExtension>
        </extensions>
      </trkpt>
      <trkpt lat="34.177615530788898468017578125" lon="108.92841548658907413482666015625">
        <ele>467</ele>
        <time>2026-10-08T00:23:57.000Z</time>
        <extensions>
          <ns3:TrackPointExtension>
            <ns3:hr>158</ns3:hr>
            <ns3:cad>90</ns3:cad>
          </ns3:TrackPointExtension>
        </extensions>
      </trkpt>
      <trkpt lat="34.1775882057845592498779296875" lon="108.928415067493915557861328125">
        <ele>467</ele>
        <time>2026-10-08T00:23:58.000Z</time>
        <extensions>
          <ns3:TrackPointExtension>
            <ns3:hr>159</ns3:hr>
            <ns3:cad>90</ns3:cad>
          </ns3:TrackPointExtension>
        </extensions>
      </trkpt>
      <trkpt lat="34.1775615513324737548828125" lon="108.928410373628139495849609375">
        <ele>467</ele>
        <time>2026-10-08T00:23:59.000Z</time>
        <extensions>
          <ns3:TrackPointExtension>
            <ns3:hr>158</ns3:hr>
            <ns3:cad>90</ns3:cad>
          </ns3:TrackPointExtension>
        </extensions>
      </trkpt>
      <trkpt lat="34.17753514833748340606689453125" lon="108.92841733060777187347412109375">
        <ele>467</ele>
        <time>2026-10-08T00:24:00.000Z</time>
        <extensions>
          <ns3:TrackPointExtension>
            <ns3:hr>158</ns3:hr>
            <ns3:cad>89</ns3:cad>
          </ns3:TrackPointExtension>
        </extensions>
      </trkpt>
      <trkpt lat="34.17751000262796878814697265625" lon="108.92841649241745471954345703125">
        <ele>467</ele>
        <time>2026-10-08T00:24:01.000Z</time>
        <extensions>
          <ns3:TrackPointExtension>
            <ns3:hr>159</ns3:hr>
            <ns3:cad>88</ns3:cad>
          </ns3:TrackPointExtension>
        </extensions>
      </trkpt>
      <trkpt lat="34.17748301289975643157958984375" lon="108.9284192584455013275146484375">
        <ele>467</ele>
        <time>2026-10-08T00:24:02.000Z</time>
        <extensions>
          <ns3:TrackPointExtension>
            <ns3:hr>159</ns3:hr>
            <ns3:cad>88</ns3:cad>
          </ns3:TrackPointExtension>
        </extensions>
      </trkpt>
      <trkpt lat="34.17746004648506641387939453125" lon="108.9284212701022624969482421875">
        <ele>467.20001220703125</ele>
        <time>2026-10-08T00:24:03.000Z</time>
        <extensions>
          <ns3:TrackPointExtension>
            <ns3:hr>159</ns3:hr>
            <ns3:cad>89</ns3:cad>
          </ns3:TrackPointExtension>
        </extensions>
      </trkpt>
      <trkpt lat="34.17743255384266376495361328125" lon="108.92842336557805538177490234375">
        <ele>467.20001220703125</ele>
        <time>2026-10-08T00:24:04.000Z</time>
        <extensions>
          <ns3:TrackPointExtension>
            <ns3:hr>159</ns3:hr>
            <ns3:cad>89</ns3:cad>
          </ns3:TrackPointExtension>
        </extensions>
      </trkpt>
      <trkpt lat="34.17740891687572002410888671875" lon="108.92842286266386508941650390625">
        <ele>467.20001220703125</ele>
        <time>2026-10-08T00:24:05.000Z</time>
        <extensions>
          <ns3:TrackPointExtension>
            <ns3:hr>159</ns3:hr>
            <ns3:cad>90</ns3:cad>
          </ns3:TrackPointExtension>
        </extensions>
      </trkpt>
      <trkpt lat="34.1773860342800617218017578125" lon="108.92842437140643596649169921875">
        <ele>467.20001220703125</ele>
        <time>2026-10-08T00:24:06.000Z</time>
        <extensions>
          <ns3:TrackPointExtension>
            <ns3:hr>159</ns3:hr>
            <ns3:cad>90</ns3:cad>
          </ns3:TrackPointExtension>
        </extensions>
      </trkpt>
      <trkpt lat="34.17736231349408626556396484375" lon="108.928425796329975128173828125">
        <ele>467.20001220703125</ele>
        <time>2026-10-08T00:24:07.000Z</time>
        <extensions>
          <ns3:TrackPointExtension>
            <ns3:hr>159</ns3:hr>
            <ns3:cad>90</ns3:cad>
          </ns3:TrackPointExtension>
        </extensions>
      </trkpt>
      <trkpt lat="34.17733767069876194000244140625" lon="108.928427137434482574462890625">
        <ele>467.20001220703125</ele>
        <time>2026-10-08T00:24:08.000Z</time>
        <extensions>
          <ns3:TrackPointExtension>
            <ns3:hr>159</ns3:hr>
            <ns3:cad>89</ns3:cad>
          </ns3:TrackPointExtension>
        </extensions>
      </trkpt>
      <trkpt lat="34.17731168679893016815185546875" lon="108.928429149091243743896484375">
        <ele>467.20001220703125</ele>
        <time>2026-10-08T00:24:09.000Z</time>
        <extensions>
          <ns3:TrackPointExtension>
            <ns3:hr>160</ns3:hr>
            <ns3:cad>89</ns3:cad>
          </ns3:TrackPointExtension>
        </extensions>
      </trkpt>
      <trkpt lat="34.17728654108941555023193359375" lon="108.9284333400428295135498046875">
        <ele>467.20001220703125</ele>
        <time>2026-10-08T00:24:10.000Z</time>
        <extensions>
          <ns3:TrackPointExtension>
            <ns3:hr>159</ns3:hr>
            <ns3:cad>89</ns3:cad>
          </ns3:TrackPointExtension>
        </extensions>
      </trkpt>
      <trkpt lat="34.17726122774183750152587890625" lon="108.92843208275735378265380859375">
        <ele>467.20001220703125</ele>
        <time>2026-10-08T00:24:11.000Z</time>
        <extensions>
          <ns3:TrackPointExtension>
            <ns3:hr>159</ns3:hr>
            <ns3:cad>89</ns3:cad>
          </ns3:TrackPointExtension>
        </extensions>
      </trkpt>
      <trkpt lat="34.177239350974559783935546875" lon="108.92843828536570072174072265625">
        <ele>467.20001220703125</ele>
        <time>2026-10-08T00:24:12.000Z</time>
        <extensions>
          <ns3:TrackPointExtension>
            <ns3:hr>159</ns3:hr>
            <ns3:cad>88</ns3:cad>
          </ns3:TrackPointExtension>
        </extensions>
      </trkpt>
      <trkpt lat="34.17721278034150600433349609375" lon="108.92844012938439846038818359375">
        <ele>467.20001220703125</ele>
        <time>2026-10-08T00:24:13.000Z</time>
        <extensions>
          <ns3:TrackPointExtension>
            <ns3:hr>159</ns3:hr>
            <ns3:cad>88</ns3:cad>
          </ns3:TrackPointExtension>
        </extensions>
      </trkpt>
      <trkpt lat="34.17719048447906970977783203125" lon="108.928444571793079376220703125">
        <ele>467.20001220703125</ele>
        <time>2026-10-08T00:24:14.000Z</time>
        <extensions>
          <ns3:TrackPointExtension>
            <ns3:hr>159</ns3:hr>
            <ns3:cad>89</ns3:cad>
          </ns3:TrackPointExtension>
        </extensions>
      </trkpt>
      <trkpt lat="34.177161566913127899169921875" lon="108.92844348214566707611083984375">
        <ele>467.20001220703125</ele>
        <time>2026-10-08T00:24:15.000Z</time>
        <extensions>
          <ns3:TrackPointExtension>
            <ns3:hr>159</ns3:hr>
            <ns3:cad>89</ns3:cad>
          </ns3:TrackPointExtension>
        </extensions>
      </trkpt>
      <trkpt lat="34.17713767848908901214599609375" lon="108.92843895591795444488525390625">
        <ele>467.20001220703125</ele>
        <time>2026-10-08T00:24:16.000Z</time>
        <extensions>
          <ns3:TrackPointExtension>
            <ns3:hr>159</ns3:hr>
            <ns3:cad>89</ns3:cad>
          </ns3:TrackPointExtension>
        </extensions>
      </trkpt>
      <trkpt lat="34.1771107725799083709716796875" lon="108.92843811772763729095458984375">
        <ele>467.20001220703125</ele>
        <time>2026-10-08T00:24:17.000Z</time>
        <extensions>
          <ns3:TrackPointExtension>
            <ns3:hr>159</ns3:hr>
            <ns3:cad>89</ns3:cad>
          </ns3:TrackPointExtension>
        </extensions>
      </trkpt>
      <trkpt lat="34.17708336375653743743896484375" lon="108.92843962647020816802978515625">
        <ele>467.20001220703125</ele>
        <time>2026-10-08T00:24:18.000Z</time>
        <extensions>
          <ns3:TrackPointExtension>
            <ns3:hr>159</ns3:hr>
            <ns3:cad>89</ns3:cad>
          </ns3:TrackPointExtension>
        </extensions>
      </trkpt>
      <trkpt lat="34.17705637402832508087158203125" lon="108.92843459732830524444580078125">
        <ele>467.20001220703125</ele>
        <time>2026-10-08T00:24:19.000Z</time>
        <extensions>
          <ns3:TrackPointExtension>
            <ns3:hr>159</ns3:hr>
            <ns3:cad>89</ns3:cad>
          </ns3:TrackPointExtension>
        </extensions>
      </trkpt>
      <trkpt lat="34.17703089304268360137939453125" lon="108.9284306578338146209716796875">
        <ele>467.20001220703125</ele>
        <time>2026-10-08T00:24:20.000Z</time>
        <extensions>
          <ns3:TrackPointExtension>
            <ns3:hr>158</ns3:hr>
            <ns3:cad>89</ns3:cad>
          </ns3:TrackPointExtension>
        </extensions>
      </trkpt>
      <trkpt lat="34.177003987133502960205078125" lon="108.92842286266386508941650390625">
        <ele>467.20001220703125</ele>
        <time>2026-10-08T00:24:21.000Z</time>
        <extensions>
          <ns3:TrackPointExtension>
            <ns3:hr>158</ns3:hr>
            <ns3:cad>90</ns3:cad>
          </ns3:TrackPointExtension>
        </extensions>
      </trkpt>
      <trkpt lat="34.1769793443381786346435546875" lon="108.92842613160610198974609375">
        <ele>467.20001220703125</ele>
        <time>2026-10-08T00:24:22.000Z</time>
        <extensions>
          <ns3:TrackPointExtension>
            <ns3:hr>158</ns3:hr>
            <ns3:cad>90</ns3:cad>
          </ns3:TrackPointExtension>
        </extensions>
      </trkpt>
      <trkpt lat="34.17695193551480770111083984375" lon="108.92841749824583530426025390625">
        <ele>467.20001220703125</ele>
        <time>2026-10-08T00:24:23.000Z</time>
        <extensions>
          <ns3:TrackPointExtension>
            <ns3:hr>158</ns3:hr>
            <ns3:cad>90</ns3:cad>
          </ns3:TrackPointExtension>
        </extensions>
      </trkpt>
      <trkpt lat="34.1769280470907688140869140625" lon="108.92841339111328125">
        <ele>467.20001220703125</ele>
        <time>2026-10-08T00:24:24.000Z</time>
        <extensions>
          <ns3:TrackPointExtension>
            <ns3:hr>157</ns3:hr>
            <ns3:cad>90</ns3:cad>
          </ns3:TrackPointExtension>
        </extensions>
      </trkpt>
      <trkpt lat="34.17690239846706390380859375" lon="108.92840743996202945709228515625">
        <ele>467.20001220703125</ele>
        <time>2026-10-08T00:24:25.000Z</time>
        <extensions>
          <ns3:TrackPointExtension>
            <ns3:hr>157</ns3:hr>
            <ns3:cad>91</ns3:cad>
          </ns3:TrackPointExtension>
        </extensions>
      </trkpt>
      <trkpt lat="34.1768774203956127166748046875" lon="108.92840174026787281036376953125">
        <ele>467.20001220703125</ele>
        <time>2026-10-08T00:24:26.000Z</time>
        <extensions>
          <ns3:TrackPointExtension>
            <ns3:hr>157</ns3:hr>
            <ns3:cad>91</ns3:cad>
          </ns3:TrackPointExtension>
        </extensions>
      </trkpt>
      <trkpt lat="34.17685671709477901458740234375" lon="108.92839469946920871734619140625">
        <ele>467.20001220703125</ele>
        <time>2026-10-08T00:24:27.000Z</time>
        <extensions>
          <ns3:TrackPointExtension>
            <ns3:hr>157</ns3:hr>
            <ns3:cad>91</ns3:cad>
          </ns3:TrackPointExtension>
        </extensions>
      </trkpt>
      <trkpt lat="34.17683358304202556610107421875" lon="108.9283914305269718170166015625">
        <ele>467.20001220703125</ele>
        <time>2026-10-08T00:24:28.000Z</time>
        <extensions>
          <ns3:TrackPointExtension>
            <ns3:hr>156</ns3:hr>
            <ns3:cad>90</ns3:cad>
          </ns3:TrackPointExtension>
        </extensions>
      </trkpt>
      <trkpt lat="34.176810868084430694580078125" lon="108.928381539881229400634765625">
        <ele>467.20001220703125</ele>
        <time>2026-10-08T00:24:29.000Z</time>
        <extensions>
          <ns3:TrackPointExtension>
            <ns3:hr>156</ns3:hr>
            <ns3:cad>90</ns3:cad>
          </ns3:TrackPointExtension>
        </extensions>
      </trkpt>
      <trkpt lat="34.17678630910813808441162109375" lon="108.92837651073932647705078125">
        <ele>467.20001220703125</ele>
        <time>2026-10-08T00:24:30.000Z</time>
        <extensions>
          <ns3:TrackPointExtension>
            <ns3:hr>155</ns3:hr>
            <ns3:cad>89</ns3:cad>
          </ns3:TrackPointExtension>
        </extensions>
      </trkpt>
      <trkpt lat="34.17676116339862346649169921875" lon="108.928364776074886322021484375">
        <ele>467.20001220703125</ele>
        <time>2026-10-08T00:24:31.000Z</time>
        <extensions>
          <ns3:TrackPointExtension>
            <ns3:hr>156</ns3:hr>
            <ns3:cad>89</ns3:cad>
          </ns3:TrackPointExtension>
        </extensions>
      </trkpt>
      <trkpt lat="34.17674004100263118743896484375" lon="108.92835346050560474395751953125">
        <ele>467.20001220703125</ele>
        <time>2026-10-08T00:24:32.000Z</time>
        <extensions>
          <ns3:TrackPointExtension>
            <ns3:hr>155</ns3:hr>
            <ns3:cad>90</ns3:cad>
          </ns3:TrackPointExtension>
        </extensions>
      </trkpt>
      <trkpt lat="34.1767154820263385772705078125" lon="108.92834289930760860443115234375">
        <ele>467.20001220703125</ele>
        <time>2026-10-08T00:24:33.000Z</time>
        <extensions>
          <ns3:TrackPointExtension>
            <ns3:hr>155</ns3:hr>
            <ns3:cad>90</ns3:cad>
          </ns3:TrackPointExtension>
        </extensions>
      </trkpt>
      <trkpt lat="34.176691509783267974853515625" lon="108.928329236805438995361328125">
        <ele>467.20001220703125</ele>
        <time>2026-10-08T00:24:34.000Z</time>
        <extensions>
          <ns3:TrackPointExtension>
            <ns3:hr>155</ns3:hr>
            <ns3:cad>90</ns3:cad>
          </ns3:TrackPointExtension>
        </extensions>
      </trkpt>
      <trkpt lat="34.17667114175856113433837890625" lon="108.92830518074333667755126953125">
        <ele>467.20001220703125</ele>
        <time>2026-10-08T00:24:35.000Z</time>
        <extensions>
          <ns3:TrackPointExtension>
            <ns3:hr>155</ns3:hr>
            <ns3:cad>90</ns3:cad>
          </ns3:TrackPointExtension>
        </extensions>
      </trkpt>
      <trkpt lat="34.1766549646854400634765625" lon="108.9282838068902492523193359375">
        <ele>467.20001220703125</ele>
        <time>2026-10-08T00:24:36.000Z</time>
        <extensions>
          <ns3:TrackPointExtension>
            <ns3:hr>155</ns3:hr>
            <ns3:cad>91</ns3:cad>
          </ns3:TrackPointExtension>
        </extensions>
      </trkpt>
      <trkpt lat="34.17663828469812870025634765625" lon="108.9282573200762271881103515625">
        <ele>467.20001220703125</ele>
        <time>2026-10-08T00:24:37.000Z</time>
        <extensions>
          <ns3:TrackPointExtension>
            <ns3:hr>154</ns3:hr>
            <ns3:cad>91</ns3:cad>
          </ns3:TrackPointExtension>
        </extensions>
      </trkpt>
      <trkpt lat="34.17662034742534160614013671875" lon="108.92823703587055206298828125">
        <ele>467.20001220703125</ele>
        <time>2026-10-08T00:24:38.000Z</time>
        <extensions>
          <ns3:TrackPointExtension>
            <ns3:hr>154</ns3:hr>
            <ns3:cad>90</ns3:cad>
          </ns3:TrackPointExtension>
        </extensions>
      </trkpt>
      <trkpt lat="34.176605679094791412353515625" lon="108.9282123930752277374267578125">
        <ele>467.20001220703125</ele>
        <time>2026-10-08T00:24:39.000Z</time>
        <extensions>
          <ns3:TrackPointExtension>
            <ns3:hr>154</ns3:hr>
            <ns3:cad>89</ns3:cad>
          </ns3:TrackPointExtension>
        </extensions>
      </trkpt>
      <trkpt lat="34.176585562527179718017578125" lon="108.9281921088695526123046875">
        <ele>467.20001220703125</ele>
        <time>2026-10-08T00:24:40.000Z</time>
        <extensions>
          <ns3:TrackPointExtension>
            <ns3:hr>155</ns3:hr>
            <ns3:cad>89</ns3:cad>
          </ns3:TrackPointExtension>
        </extensions>
      </trkpt>
      <trkpt lat="34.17657248675823211669921875" lon="108.92816386185586452484130859375">
        <ele>467.20001220703125</ele>
        <time>2026-10-08T00:24:41.000Z</time>
        <extensions>
          <ns3:TrackPointExtension>
            <ns3:hr>154</ns3:hr>
            <ns3:cad>88</ns3:cad>
          </ns3:TrackPointExtension>
        </extensions>
      </trkpt>
      <trkpt lat="34.17655949480831623077392578125" lon="108.92813486047089099884033203125">
        <ele>467.20001220703125</ele>
        <time>2026-10-08T00:24:42.000Z</time>
        <extensions>
          <ns3:TrackPointExtension>
            <ns3:hr>154</ns3:hr>
            <ns3:cad>88</ns3:cad>
          </ns3:TrackPointExtension>
        </extensions>
      </trkpt>
      <trkpt lat="34.17655245400965213775634765625" lon="108.92810787074267864227294921875">
        <ele>467.20001220703125</ele>
        <time>2026-10-08T00:24:43.000Z</time>
        <extensions>
          <ns3:TrackPointExtension>
            <ns3:hr>155</ns3:hr>
            <ns3:cad>89</ns3:cad>
          </ns3:TrackPointExtension>
        </extensions>
      </trkpt>
      <trkpt lat="34.1765448264777660369873046875" lon="108.9280766062438488006591796875">
        <ele>467.20001220703125</ele>
        <time>2026-10-08T00:24:44.000Z</time>
        <extensions>
          <ns3:TrackPointExtension>
            <ns3:hr>154</ns3:hr>
            <ns3:cad>90</ns3:cad>
          </ns3:TrackPointExtension>
        </extensions>
      </trkpt>
      <trkpt lat="34.1765394620597362518310546875" lon="108.9280474372208118438720703125">
        <ele>467.20001220703125</ele>
        <time>2026-10-08T00:24:45.000Z</time>
        <extensions>
          <ns3:TrackPointExtension>
            <ns3:hr>154</ns3:hr>
            <ns3:cad>91</ns3:cad>
          </ns3:TrackPointExtension>
        </extensions>
      </trkpt>
      <trkpt lat="34.1765371151268482208251953125" lon="108.92801717855036258697509765625">
        <ele>467.20001220703125</ele>
        <time>2026-10-08T00:24:46.000Z</time>
        <extensions>
          <ns3:TrackPointExtension>
            <ns3:hr>154</ns3:hr>
            <ns3:cad>91</ns3:cad>
          </ns3:TrackPointExtension>
        </extensions>
      </trkpt>
      <trkpt lat="34.1765396296977996826171875" lon="108.92798247747123241424560546875">
        <ele>467.20001220703125</ele>
        <time>2026-10-08T00:24:47.000Z</time>
        <extensions>
          <ns3:TrackPointExtension>
            <ns3:hr>155</ns3:hr>
            <ns3:cad>91</ns3:cad>
          </ns3:TrackPointExtension>
        </extensions>
      </trkpt>
      <trkpt lat="34.1765369474887847900390625" lon="108.9279535599052906036376953125">
        <ele>467.20001220703125</ele>
        <time>2026-10-08T00:24:48.000Z</time>
        <extensions>
          <ns3:TrackPointExtension>
            <ns3:hr>154</ns3:hr>
            <ns3:cad>90</ns3:cad>
          </ns3:TrackPointExtension>
        </extensions>
      </trkpt>
      <trkpt lat="34.1765396296977996826171875" lon="108.92792145721614360809326171875">
        <ele>467.20001220703125</ele>
        <time>2026-10-08T00:24:49.000Z</time>
        <extensions>
          <ns3:TrackPointExtension>
            <ns3:hr>154</ns3:hr>
            <ns3:cad>90</ns3:cad>
          </ns3:TrackPointExtension>
        </extensions>
      </trkpt>
      <trkpt lat="34.176538623869419097900390625" lon="108.927893377840518951416015625">
        <ele>467.20001220703125</ele>
        <time>2026-10-08T00:24:50.000Z</time>
        <extensions>
          <ns3:TrackPointExtension>
            <ns3:hr>154</ns3:hr>
            <ns3:cad>89</ns3:cad>
          </ns3:TrackPointExtension>
        </extensions>
      </trkpt>
      <trkpt lat="34.17653837241232395172119140625" lon="108.9278627000749111175537109375">
        <ele>467.20001220703125</ele>
        <time>2026-10-08T00:24:51.000Z</time>
        <extensions>
          <ns3:TrackPointExtension>
            <ns3:hr>155</ns3:hr>
            <ns3:cad>89</ns3:cad>
          </ns3:TrackPointExtension>
        </extensions>
      </trkpt>
      <trkpt lat="34.17653317563235759735107421875" lon="108.927836380898952484130859375">
        <ele>467.20001220703125</ele>
        <time>2026-10-08T00:24:52.000Z</time>
        <extensions>
          <ns3:TrackPointExtension>
            <ns3:hr>154</ns3:hr>
            <ns3:cad>88</ns3:cad>
          </ns3:TrackPointExtension>
        </extensions>
      </trkpt>
      <trkpt lat="34.1765300743281841278076171875" lon="108.9278040267527103424072265625">
        <ele>467.20001220703125</ele>
        <time>2026-10-08T00:24:53.000Z</time>
        <extensions>
          <ns3:TrackPointExtension>
            <ns3:hr>154</ns3:hr>
            <ns3:cad>88</ns3:cad>
          </ns3:TrackPointExtension>
        </extensions>
      </trkpt>
      <trkpt lat="34.17652747593820095062255859375" lon="108.92777745611965656280517578125">
        <ele>467.20001220703125</ele>
        <time>2026-10-08T00:24:54.000Z</time>
        <extensions>
          <ns3:TrackPointExtension>
            <ns3:hr>155</ns3:hr>
            <ns3:cad>88</ns3:cad>
          </ns3:TrackPointExtension>
        </extensions>
      </trkpt>
      <trkpt lat="34.17653116397559642791748046875" lon="108.9277446828782558441162109375">
        <ele>467.20001220703125</ele>
        <time>2026-10-08T00:24:55.000Z</time>
        <extensions>
          <ns3:TrackPointExtension>
            <ns3:hr>154</ns3:hr>
            <ns3:cad>88</ns3:cad>
          </ns3:TrackPointExtension>
        </extensions>
      </trkpt>
      <trkpt lat="34.176530577242374420166015625" lon="108.92771895043551921844482421875">
        <ele>467.20001220703125</ele>
        <time>2026-10-08T00:24:56.000Z</time>
        <extensions>
          <ns3:TrackPointExtension>
            <ns3:hr>154</ns3:hr>
            <ns3:cad>89</ns3:cad>
          </ns3:TrackPointExtension>
        </extensions>
      </trkpt>
      <trkpt lat="34.176530577242374420166015625" lon="108.92768852412700653076171875">
        <ele>467.20001220703125</ele>
        <time>2026-10-08T00:24:57.000Z</time>
        <extensions>
          <ns3:TrackPointExtension>
            <ns3:hr>155</ns3:hr>
            <ns3:cad>89</ns3:cad>
          </ns3:TrackPointExtension>
        </extensions>
      </trkpt>
      <trkpt lat="34.1765290684998035430908203125" lon="108.92766312696039676666259765625">
        <ele>467.399993896484375</ele>
        <time>2026-10-08T00:24:58.000Z</time>
        <extensions>
          <ns3:TrackPointExtension>
            <ns3:hr>154</ns3:hr>
            <ns3:cad>89</ns3:cad>
          </ns3:TrackPointExtension>
        </extensions>
      </trkpt>
      <trkpt lat="34.176530577242374420166015625" lon="108.92763764597475528717041015625">
        <ele>467.399993896484375</ele>
        <time>2026-10-08T00:24:59.000Z</time>
        <extensions>
          <ns3:TrackPointExtension>
            <ns3:hr>154</ns3:hr>
            <ns3:cad>89</ns3:cad>
          </ns3:TrackPointExtension>
        </extensions>
      </trkpt>
      <trkpt lat="34.176526553928852081298828125" lon="108.92760965041816234588623046875">
        <ele>467.399993896484375</ele>
        <time>2026-10-08T00:25:00.000Z</time>
        <extensions>
          <ns3:TrackPointExtension>
            <ns3:hr>155</ns3:hr>
            <ns3:cad>89</ns3:cad>
          </ns3:TrackPointExtension>
        </extensions>
      </trkpt>
      <trkpt lat="34.17652797885239124298095703125" lon="108.92757712863385677337646484375">
        <ele>467.399993896484375</ele>
        <time>2026-10-08T00:25:01.000Z</time>
        <extensions>
          <ns3:TrackPointExtension>
            <ns3:hr>155</ns3:hr>
            <ns3:cad>89</ns3:cad>
          </ns3:TrackPointExtension>
        </extensions>
      </trkpt>
      <trkpt lat="34.17652764357626438140869140625" lon="108.92754770815372467041015625">
        <ele>467.399993896484375</ele>
        <time>2026-10-08T00:25:02.000Z</time>
        <extensions>
          <ns3:TrackPointExtension>
            <ns3:hr>155</ns3:hr>
            <ns3:cad>89</ns3:cad>
          </ns3:TrackPointExtension>
        </extensions>
      </trkpt>
      <trkpt lat="34.17652647010982036590576171875" lon="108.92751158215105533599853515625">
        <ele>467.399993896484375</ele>
        <time>2026-10-08T00:25:03.000Z</time>
        <extensions>
          <ns3:TrackPointExtension>
            <ns3:hr>155</ns3:hr>
            <ns3:cad>89</ns3:cad>
          </ns3:TrackPointExtension>
        </extensions>
      </trkpt>
      <trkpt lat="34.17652479372918605804443359375" lon="108.92748291604220867156982421875">
        <ele>467.399993896484375</ele>
        <time>2026-10-08T00:25:04.000Z</time>
        <extensions>
          <ns3:TrackPointExtension>
            <ns3:hr>155</ns3:hr>
            <ns3:cad>89</ns3:cad>
          </ns3:TrackPointExtension>
        </extensions>
      </trkpt>
      <trkpt lat="34.17652823030948638916015625" lon="108.92745039425790309906005859375">
        <ele>467.600006103515625</ele>
        <time>2026-10-08T00:25:05.000Z</time>
        <extensions>
          <ns3:TrackPointExtension>
            <ns3:hr>155</ns3:hr>
            <ns3:cad>89</ns3:cad>
          </ns3:TrackPointExtension>
        </extensions>
      </trkpt>
      <trkpt lat="34.1765247099101543426513671875" lon="108.9274234883487224578857421875">
        <ele>467.600006103515625</ele>
        <time>2026-10-08T00:25:06.000Z</time>
        <extensions>
          <ns3:TrackPointExtension>
            <ns3:hr>156</ns3:hr>
            <ns3:cad>89</ns3:cad>
          </ns3:TrackPointExtension>
        </extensions>
      </trkpt>
      <trkpt lat="34.1765230335295200347900390625" lon="108.92739188857376575469970703125">
        <ele>467.79998779296875</ele>
        <time>2026-10-08T00:25:07.000Z</time>
        <extensions>
          <ns3:TrackPointExtension>
            <ns3:hr>156</ns3:hr>
            <ns3:cad>89</ns3:cad>
          </ns3:TrackPointExtension>
        </extensions>
      </trkpt>
      <trkpt lat="34.1765206865966320037841796875" lon="108.9273681677877902984619140625">
        <ele>467.79998779296875</ele>
        <time>2026-10-08T00:25:08.000Z</time>
        <extensions>
          <ns3:TrackPointExtension>
            <ns3:hr>156</ns3:hr>
            <ns3:cad>90</ns3:cad>
          </ns3:TrackPointExtension>
        </extensions>
      </trkpt>
      <trkpt lat="34.17652211152017116546630859375" lon="108.92733824439346790313720703125">
        <ele>467.79998779296875</ele>
        <time>2026-10-08T00:25:09.000Z</time>
        <extensions>
          <ns3:TrackPointExtension>
            <ns3:hr>156</ns3:hr>
            <ns3:cad>90</ns3:cad>
          </ns3:TrackPointExtension>
        </extensions>
      </trkpt>
      <trkpt lat="34.17651741765439510345458984375" lon="108.92731008119881153106689453125">
        <ele>467.79998779296875</ele>
        <time>2026-10-08T00:25:10.000Z</time>
        <extensions>
          <ns3:TrackPointExtension>
            <ns3:hr>156</ns3:hr>
            <ns3:cad>90</ns3:cad>
          </ns3:TrackPointExtension>
        </extensions>
      </trkpt>
      <trkpt lat="34.1765159927308559417724609375" lon="108.927279151976108551025390625">
        <ele>467.79998779296875</ele>
        <time>2026-10-08T00:25:11.000Z</time>
        <extensions>
          <ns3:TrackPointExtension>
            <ns3:hr>156</ns3:hr>
            <ns3:cad>90</ns3:cad>
          </ns3:TrackPointExtension>
        </extensions>
      </trkpt>
      <trkpt lat="34.17651188559830188751220703125" lon="108.92725266516208648681640625">
        <ele>468</ele>
        <time>2026-10-08T00:25:12.000Z</time>
        <extensions>
          <ns3:TrackPointExtension>
            <ns3:hr>156</ns3:hr>
            <ns3:cad>90</ns3:cad>
          </ns3:TrackPointExtension>
        </extensions>
      </trkpt>
      <trkpt lat="34.17650987394154071807861328125" lon="108.92722156830132007598876953125">
        <ele>468</ele>
        <time>2026-10-08T00:25:13.000Z</time>
        <extensions>
          <ns3:TrackPointExtension>
            <ns3:hr>157</ns3:hr>
            <ns3:cad>90</ns3:cad>
          </ns3:TrackPointExtension>
        </extensions>
      </trkpt>
      <trkpt lat="34.1765074431896209716796875" lon="108.92719541676342487335205078125">
        <ele>468</ele>
        <time>2026-10-08T00:25:14.000Z</time>
        <extensions>
          <ns3:TrackPointExtension>
            <ns3:hr>156</ns3:hr>
            <ns3:cad>90</ns3:cad>
          </ns3:TrackPointExtension>
        </extensions>
      </trkpt>
      <trkpt lat="34.1765076108276844024658203125" lon="108.927161805331707000732421875">
        <ele>468</ele>
        <time>2026-10-08T00:25:15.000Z</time>
        <extensions>
          <ns3:TrackPointExtension>
            <ns3:hr>157</ns3:hr>
            <ns3:cad>89</ns3:cad>
          </ns3:TrackPointExtension>
        </extensions>
      </trkpt>
      <trkpt lat="34.17650484479963779449462890625" lon="108.92713372595608234405517578125">
        <ele>468</ele>
        <time>2026-10-08T00:25:16.000Z</time>
        <extensions>
          <ns3:TrackPointExtension>
            <ns3:hr>157</ns3:hr>
            <ns3:cad>89</ns3:cad>
          </ns3:TrackPointExtension>
        </extensions>
      </trkpt>
      <trkpt lat="34.17651104740798473358154296875" lon="108.92709902487695217132568359375">
        <ele>468</ele>
        <time>2026-10-08T00:25:17.000Z</time>
        <extensions>
          <ns3:TrackPointExtension>
            <ns3:hr>157</ns3:hr>
            <ns3:cad>90</ns3:cad>
          </ns3:TrackPointExtension>
        </extensions>
      </trkpt>
      <trkpt lat="34.17650819756090641021728515625" lon="108.92706893384456634521484375">
        <ele>468.20001220703125</ele>
        <time>2026-10-08T00:25:18.000Z</time>
        <extensions>
          <ns3:TrackPointExtension>
            <ns3:hr>157</ns3:hr>
            <ns3:cad>90</ns3:cad>
          </ns3:TrackPointExtension>
        </extensions>
      </trkpt>
      <trkpt lat="34.17651004157960414886474609375" lon="108.92703733406960964202880859375">
        <ele>468.20001220703125</ele>
        <time>2026-10-08T00:25:19.000Z</time>
        <extensions>
          <ns3:TrackPointExtension>
            <ns3:hr>158</ns3:hr>
            <ns3:cad>89</ns3:cad>
          </ns3:TrackPointExtension>
        </extensions>
      </trkpt>
      <trkpt lat="34.1765047609806060791015625" lon="108.92701034434139728546142578125">
        <ele>468.20001220703125</ele>
        <time>2026-10-08T00:25:20.000Z</time>
        <extensions>
          <ns3:TrackPointExtension>
            <ns3:hr>158</ns3:hr>
            <ns3:cad>89</ns3:cad>
          </ns3:TrackPointExtension>
        </extensions>
      </trkpt>
      <trkpt lat="34.1765049286186695098876953125" lon="108.92698100768029689788818359375">
        <ele>468.20001220703125</ele>
        <time>2026-10-08T00:25:21.000Z</time>
        <extensions>
          <ns3:TrackPointExtension>
            <ns3:hr>158</ns3:hr>
            <ns3:cad>89</ns3:cad>
          </ns3:TrackPointExtension>
        </extensions>
      </trkpt>
      <trkpt lat="34.1765049286186695098876953125" lon="108.9269551075994968414306640625">
        <ele>468</ele>
        <time>2026-10-08T00:25:22.000Z</time>
        <extensions>
          <ns3:TrackPointExtension>
            <ns3:hr>157</ns3:hr>
            <ns3:cad>89</ns3:cad>
          </ns3:TrackPointExtension>
        </extensions>
      </trkpt>
      <trkpt lat="34.17650677263736724853515625" lon="108.92692266963422298431396484375">
        <ele>468</ele>
        <time>2026-10-08T00:25:23.000Z</time>
        <extensions>
          <ns3:TrackPointExtension>
            <ns3:hr>158</ns3:hr>
            <ns3:cad>90</ns3:cad>
          </ns3:TrackPointExtension>
        </extensions>
      </trkpt>
      <trkpt lat="34.176503755152225494384765625" lon="108.92689115367829799652099609375">
        <ele>468</ele>
        <time>2026-10-08T00:25:24.000Z</time>
        <extensions>
          <ns3:TrackPointExtension>
            <ns3:hr>158</ns3:hr>
            <ns3:cad>90</ns3:cad>
          </ns3:TrackPointExtension>
        </extensions>
      </trkpt>
      <trkpt lat="34.176503755152225494384765625" lon="108.92685301601886749267578125">
        <ele>468</ele>
        <time>2026-10-08T00:25:25.000Z</time>
        <extensions>
          <ns3:TrackPointExtension>
            <ns3:hr>157</ns3:hr>
            <ns3:cad>90</ns3:cad>
          </ns3:TrackPointExtension>
        </extensions>
      </trkpt>
      <trkpt lat="34.1765009053051471710205078125" lon="108.92682191915810108184814453125">
        <ele>468</ele>
        <time>2026-10-08T00:25:26.000Z</time>
        <extensions>
          <ns3:TrackPointExtension>
            <ns3:hr>157</ns3:hr>
            <ns3:cad>91</ns3:cad>
          </ns3:TrackPointExtension>
        </extensions>
      </trkpt>
      <trkpt lat="34.1764985583722591400146484375" lon="108.92678705044090747833251953125">
        <ele>468</ele>
        <time>2026-10-08T00:25:27.000Z</time>
        <extensions>
          <ns3:TrackPointExtension>
            <ns3:hr>157</ns3:hr>
            <ns3:cad>91</ns3:cad>
          </ns3:TrackPointExtension>
        </extensions>
      </trkpt>
      <trkpt lat="34.17649512179195880889892578125" lon="108.9267539419233798980712890625">
        <ele>468</ele>
        <time>2026-10-08T00:25:28.000Z</time>
        <extensions>
          <ns3:TrackPointExtension>
            <ns3:hr>157</ns3:hr>
            <ns3:cad>91</ns3:cad>
          </ns3:TrackPointExtension>
        </extensions>
      </trkpt>
      <trkpt lat="34.176489673554897308349609375" lon="108.92672603018581867218017578125">
        <ele>468</ele>
        <time>2026-10-08T00:25:29.000Z</time>
        <extensions>
          <ns3:TrackPointExtension>
            <ns3:hr>157</ns3:hr>
            <ns3:cad>89</ns3:cad>
          </ns3:TrackPointExtension>
        </extensions>
      </trkpt>
      <trkpt lat="34.1764841414988040924072265625" lon="108.92669501714408397674560546875">
        <ele>467.79998779296875</ele>
        <time>2026-10-08T00:25:30.000Z</time>
        <extensions>
          <ns3:TrackPointExtension>
            <ns3:hr>156</ns3:hr>
            <ns3:cad>89</ns3:cad>
          </ns3:TrackPointExtension>
        </extensions>
      </trkpt>
      <trkpt lat="34.17647819034755229949951171875" lon="108.92666299827396869659423828125">
        <ele>467.79998779296875</ele>
        <time>2026-10-08T00:25:31.000Z</time>
        <extensions>
          <ns3:TrackPointExtension>
            <ns3:hr>156</ns3:hr>
            <ns3:cad>89</ns3:cad>
          </ns3:TrackPointExtension>
        </extensions>
      </trkpt>
      <trkpt lat="34.17647366411983966827392578125" lon="108.92663550563156604766845703125">
        <ele>467.79998779296875</ele>
        <time>2026-10-08T00:25:32.000Z</time>
        <extensions>
          <ns3:TrackPointExtension>
            <ns3:hr>156</ns3:hr>
            <ns3:cad>89</ns3:cad>
          </ns3:TrackPointExtension>
        </extensions>
      </trkpt>
      <trkpt lat="34.1764698922634124755859375" lon="108.92660432495176792144775390625">
        <ele>467.79998779296875</ele>
        <time>2026-10-08T00:25:33.000Z</time>
        <extensions>
          <ns3:TrackPointExtension>
            <ns3:hr>156</ns3:hr>
            <ns3:cad>89</ns3:cad>
          </ns3:TrackPointExtension>
        </extensions>
      </trkpt>
      <trkpt lat="34.17646377347409725189208984375" lon="108.9265779219567775726318359375">
        <ele>467.79998779296875</ele>
        <time>2026-10-08T00:25:34.000Z</time>
        <extensions>
          <ns3:TrackPointExtension>
            <ns3:hr>156</ns3:hr>
            <ns3:cad>89</ns3:cad>
          </ns3:TrackPointExtension>
        </extensions>
      </trkpt>
      <trkpt lat="34.1764606721699237823486328125" lon="108.9265443943440914154052734375">
        <ele>467.79998779296875</ele>
        <time>2026-10-08T00:25:35.000Z</time>
        <extensions>
          <ns3:TrackPointExtension>
            <ns3:hr>156</ns3:hr>
            <ns3:cad>89</ns3:cad>
          </ns3:TrackPointExtension>
        </extensions>
      </trkpt>
      <trkpt lat="34.17646327055990695953369140625" lon="108.9265118725597858428955078125">
        <ele>467.79998779296875</ele>
        <time>2026-10-08T00:25:36.000Z</time>
        <extensions>
          <ns3:TrackPointExtension>
            <ns3:hr>156</ns3:hr>
            <ns3:cad>89</ns3:cad>
          </ns3:TrackPointExtension>
        </extensions>
      </trkpt>
      <trkpt lat="34.1764672100543975830078125" lon="108.92647507600486278533935546875">
        <ele>467.79998779296875</ele>
        <time>2026-10-08T00:25:37.000Z</time>
        <extensions>
          <ns3:TrackPointExtension>
            <ns3:hr>156</ns3:hr>
            <ns3:cad>90</ns3:cad>
          </ns3:TrackPointExtension>
        </extensions>
      </trkpt>
      <trkpt lat="34.17647098191082477569580078125" lon="108.92644741572439670562744140625">
        <ele>467.79998779296875</ele>
        <time>2026-10-08T00:25:38.000Z</time>
        <extensions>
          <ns3:TrackPointExtension>
            <ns3:hr>157</ns3:hr>
            <ns3:cad>90</ns3:cad>
          </ns3:TrackPointExtension>
        </extensions>
      </trkpt>
      <trkpt lat="34.1764714010059833526611328125" lon="108.926408104598522186279296875">
        <ele>467.79998779296875</ele>
        <time>2026-10-08T00:25:39.000Z</time>
        <extensions>
          <ns3:TrackPointExtension>
            <ns3:hr>157</ns3:hr>
            <ns3:cad>90</ns3:cad>
          </ns3:TrackPointExtension>
        </extensions>
      </trkpt>
      <trkpt lat="34.176470227539539337158203125" lon="108.9263780973851680755615234375">
        <ele>467.79998779296875</ele>
        <time>2026-10-08T00:25:40.000Z</time>
        <extensions>
          <ns3:TrackPointExtension>
            <ns3:hr>157</ns3:hr>
            <ns3:cad>89</ns3:cad>
          </ns3:TrackPointExtension>
        </extensions>
      </trkpt>
      <trkpt lat="34.1764683835208415985107421875" lon="108.9263398759067058563232421875">
        <ele>467.79998779296875</ele>
        <time>2026-10-08T00:25:41.000Z</time>
        <extensions>
          <ns3:TrackPointExtension>
            <ns3:hr>157</ns3:hr>
            <ns3:cad>89</ns3:cad>
          </ns3:TrackPointExtension>
        </extensions>
      </trkpt>
      <trkpt lat="34.17646746151149272918701171875" lon="108.9263118803501129150390625">
        <ele>467.79998779296875</ele>
        <time>2026-10-08T00:25:42.000Z</time>
        <extensions>
          <ns3:TrackPointExtension>
            <ns3:hr>157</ns3:hr>
            <ns3:cad>89</ns3:cad>
          </ns3:TrackPointExtension>
        </extensions>
      </trkpt>
      <trkpt lat="34.1764673776924610137939453125" lon="108.92627625726163387298583984375">
        <ele>467.600006103515625</ele>
        <time>2026-10-08T00:25:43.000Z</time>
        <extensions>
          <ns3:TrackPointExtension>
            <ns3:hr>157</ns3:hr>
            <ns3:cad>90</ns3:cad>
          </ns3:TrackPointExtension>
        </extensions>
      </trkpt>
      <trkpt lat="34.176463186740875244140625" lon="108.9262493513524532318115234375">
        <ele>467.600006103515625</ele>
        <time>2026-10-08T00:25:44.000Z</time>
        <extensions>
          <ns3:TrackPointExtension>
            <ns3:hr>158</ns3:hr>
            <ns3:cad>90</ns3:cad>
          </ns3:TrackPointExtension>
        </extensions>
      </trkpt>
      <trkpt lat="34.17646192945539951324462890625" lon="108.92621842212975025177001953125">
        <ele>467.600006103515625</ele>
        <time>2026-10-08T00:25:45.000Z</time>
        <extensions>
          <ns3:TrackPointExtension>
            <ns3:hr>157</ns3:hr>
            <ns3:cad>90</ns3:cad>
          </ns3:TrackPointExtension>
        </extensions>
      </trkpt>
      <trkpt lat="34.17645656503736972808837890625" lon="108.9261896722018718719482421875">
        <ele>467.600006103515625</ele>
        <time>2026-10-08T00:25:46.000Z</time>
        <extensions>
          <ns3:TrackPointExtension>
            <ns3:hr>157</ns3:hr>
            <ns3:cad>90</ns3:cad>
          </ns3:TrackPointExtension>
        </extensions>
      </trkpt>
      <trkpt lat="34.17645555920898914337158203125" lon="108.9261554740369319915771484375">
        <ele>467.399993896484375</ele>
        <time>2026-10-08T00:25:47.000Z</time>
        <extensions>
          <ns3:TrackPointExtension>
            <ns3:hr>158</ns3:hr>
            <ns3:cad>91</ns3:cad>
          </ns3:TrackPointExtension>
        </extensions>
      </trkpt>
      <trkpt lat="34.1764532960951328277587890625" lon="108.92612370662391185760498046875">
        <ele>467.399993896484375</ele>
        <time>2026-10-08T00:25:48.000Z</time>
        <extensions>
          <ns3:TrackPointExtension>
            <ns3:hr>157</ns3:hr>
            <ns3:cad>91</ns3:cad>
          </ns3:TrackPointExtension>
        </extensions>
      </trkpt>
      <trkpt lat="34.176454134285449981689453125" lon="108.9260904304683208465576171875">
        <ele>467.399993896484375</ele>
        <time>2026-10-08T00:25:49.000Z</time>
        <extensions>
          <ns3:TrackPointExtension>
            <ns3:hr>157</ns3:hr>
            <ns3:cad>91</ns3:cad>
          </ns3:TrackPointExtension>
        </extensions>
      </trkpt>
      <trkpt lat="34.176452793180942535400390625" lon="108.926062770187854766845703125">
        <ele>467.399993896484375</ele>
        <time>2026-10-08T00:25:50.000Z</time>
        <extensions>
          <ns3:TrackPointExtension>
            <ns3:hr>158</ns3:hr>
            <ns3:cad>90</ns3:cad>
          </ns3:TrackPointExtension>
        </extensions>
      </trkpt>
      <trkpt lat="34.1764576546847820281982421875" lon="108.92602966167032718658447265625">
        <ele>467.399993896484375</ele>
        <time>2026-10-08T00:25:51.000Z</time>
        <extensions>
          <ns3:TrackPointExtension>
            <ns3:hr>157</ns3:hr>
            <ns3:cad>90</ns3:cad>
          </ns3:TrackPointExtension>
        </extensions>
      </trkpt>
      <trkpt lat="34.176458157598972320556640625" lon="108.92600141465663909912109375">
        <ele>467.399993896484375</ele>
        <time>2026-10-08T00:25:52.000Z</time>
        <extensions>
          <ns3:TrackPointExtension>
            <ns3:hr>157</ns3:hr>
            <ns3:cad>90</ns3:cad>
          </ns3:TrackPointExtension>
        </extensions>
      </trkpt>
      <trkpt lat="34.17645690031349658966064453125" lon="108.92596696503460407257080078125">
        <ele>467.399993896484375</ele>
        <time>2026-10-08T00:25:53.000Z</time>
        <extensions>
          <ns3:TrackPointExtension>
            <ns3:hr>157</ns3:hr>
            <ns3:cad>90</ns3:cad>
          </ns3:TrackPointExtension>
        </extensions>
      </trkpt>
      <trkpt lat="34.1764506138861179351806640625" lon="108.925936706364154815673828125">
        <ele>467.399993896484375</ele>
        <time>2026-10-08T00:25:54.000Z</time>
        <extensions>
          <ns3:TrackPointExtension>
            <ns3:hr>157</ns3:hr>
            <ns3:cad>89</ns3:cad>
          </ns3:TrackPointExtension>
        </extensions>
      </trkpt>
      <trkpt lat="34.17643644846975803375244140625" lon="108.92590192146599292755126953125">
        <ele>467.399993896484375</ele>
        <time>2026-10-08T00:25:55.000Z</time>
        <extensions>
          <ns3:TrackPointExtension>
            <ns3:hr>157</ns3:hr>
            <ns3:cad>89</ns3:cad>
          </ns3:TrackPointExtension>
        </extensions>
      </trkpt>
      <trkpt lat="34.17642203159630298614501953125" lon="108.92587727867066860198974609375">
        <ele>467.399993896484375</ele>
        <time>2026-10-08T00:25:56.000Z</time>
        <extensions>
          <ns3:TrackPointExtension>
            <ns3:hr>157</ns3:hr>
            <ns3:cad>89</ns3:cad>
          </ns3:TrackPointExtension>
        </extensions>
      </trkpt>
      <trkpt lat="34.17640350759029388427734375" lon="108.92584760673344135284423828125">
        <ele>467.399993896484375</ele>
        <time>2026-10-08T00:25:57.000Z</time>
        <extensions>
          <ns3:TrackPointExtension>
            <ns3:hr>157</ns3:hr>
            <ns3:cad>89</ns3:cad>
          </ns3:TrackPointExtension>
        </extensions>
      </trkpt>
      <trkpt lat="34.17638481594622135162353515625" lon="108.925826065242290496826171875">
        <ele>467.20001220703125</ele>
        <time>2026-10-08T00:25:58.000Z</time>
        <extensions>
          <ns3:TrackPointExtension>
            <ns3:hr>157</ns3:hr>
            <ns3:cad>90</ns3:cad>
          </ns3:TrackPointExtension>
        </extensions>
      </trkpt>
      <trkpt lat="34.176358915865421295166015625" lon="108.92580695450305938720703125">
        <ele>467.20001220703125</ele>
        <time>2026-10-08T00:25:59.000Z</time>
        <extensions>
          <ns3:TrackPointExtension>
            <ns3:hr>157</ns3:hr>
            <ns3:cad>90</ns3:cad>
          </ns3:TrackPointExtension>
        </extensions>
      </trkpt>
      <trkpt lat="34.1763384640216827392578125" lon="108.925799243152141571044921875">
        <ele>467.20001220703125</ele>
        <time>2026-10-08T00:26:00.000Z</time>
        <extensions>
          <ns3:TrackPointExtension>
            <ns3:hr>156</ns3:hr>
            <ns3:cad>90</ns3:cad>
          </ns3:TrackPointExtension>
        </extensions>
      </trkpt>
      <trkpt lat="34.17631071992218494415283203125" lon="108.92579295672476291656494140625">
        <ele>467.20001220703125</ele>
        <time>2026-10-08T00:26:01.000Z</time>
        <extensions>
          <ns3:TrackPointExtension>
            <ns3:hr>157</ns3:hr>
            <ns3:cad>89</ns3:cad>
          </ns3:TrackPointExtension>
        </extensions>
      </trkpt>
      <trkpt lat="34.17628523893654346466064453125" lon="108.92579262144863605499267578125">
        <ele>467.20001220703125</ele>
        <time>2026-10-08T00:26:02.000Z</time>
        <extensions>
          <ns3:TrackPointExtension>
            <ns3:hr>157</ns3:hr>
            <ns3:cad>89</ns3:cad>
          </ns3:TrackPointExtension>
        </extensions>
      </trkpt>
      <trkpt lat="34.1762541420757770538330078125" lon="108.92579262144863605499267578125">
        <ele>467.399993896484375</ele>
        <time>2026-10-08T00:26:03.000Z</time>
        <extensions>
          <ns3:TrackPointExtension>
            <ns3:hr>156</ns3:hr>
            <ns3:cad>89</ns3:cad>
          </ns3:TrackPointExtension>
        </extensions>
      </trkpt>
      <trkpt lat="34.17622908018529415130615234375" lon="108.9257970638573169708251953125">
        <ele>467.20001220703125</ele>
        <time>2026-10-08T00:26:04.000Z</time>
        <extensions>
          <ns3:TrackPointExtension>
            <ns3:hr>156</ns3:hr>
            <ns3:cad>89</ns3:cad>
          </ns3:TrackPointExtension>
        </extensions>
      </trkpt>
      <trkpt lat="34.17620510794222354888916015625" lon="108.92579882405698299407958984375">
        <ele>467.20001220703125</ele>
        <time>2026-10-08T00:26:05.000Z</time>
        <extensions>
          <ns3:TrackPointExtension>
            <ns3:hr>156</ns3:hr>
            <ns3:cad>89</ns3:cad>
          </ns3:TrackPointExtension>
        </extensions>
      </trkpt>
      <trkpt lat="34.17617912404239177703857421875" lon="108.9258007518947124481201171875">
        <ele>467.20001220703125</ele>
        <time>2026-10-08T00:26:06.000Z</time>
        <extensions>
          <ns3:TrackPointExtension>
            <ns3:hr>157</ns3:hr>
            <ns3:cad>89</ns3:cad>
          </ns3:TrackPointExtension>
        </extensions>
      </trkpt>
      <trkpt lat="34.17615548707544803619384765625" lon="108.9258034341037273406982421875">
        <ele>467.20001220703125</ele>
        <time>2026-10-08T00:26:07.000Z</time>
        <extensions>
          <ns3:TrackPointExtension>
            <ns3:hr>157</ns3:hr>
            <ns3:cad>89</ns3:cad>
          </ns3:TrackPointExtension>
        </extensions>
      </trkpt>
      <trkpt lat="34.1761290840804576873779296875" lon="108.92580988816916942596435546875">
        <ele>467.20001220703125</ele>
        <time>2026-10-08T00:26:08.000Z</time>
        <extensions>
          <ns3:TrackPointExtension>
            <ns3:hr>157</ns3:hr>
            <ns3:cad>90</ns3:cad>
          </ns3:TrackPointExtension>
        </extensions>
      </trkpt>
      <trkpt lat="34.1761029325425624847412109375" lon="108.92581089399755001068115234375">
        <ele>467.20001220703125</ele>
        <time>2026-10-08T00:26:09.000Z</time>
        <extensions>
          <ns3:TrackPointExtension>
            <ns3:hr>156</ns3:hr>
            <ns3:cad>91</ns3:cad>
          </ns3:TrackPointExtension>
        </extensions>
      </trkpt>
      <trkpt lat="34.176078625023365020751953125" lon="108.92581525258719921112060546875">
        <ele>467.20001220703125</ele>
        <time>2026-10-08T00:26:10.000Z</time>
        <extensions>
          <ns3:TrackPointExtension>
            <ns3:hr>157</ns3:hr>
            <ns3:cad>92</ns3:cad>
          </ns3:TrackPointExtension>
        </extensions>
      </trkpt>
      <trkpt lat="34.17605591006577014923095703125" lon="108.92582229338586330413818359375">
        <ele>467.399993896484375</ele>
        <time>2026-10-08T00:26:11.000Z</time>
        <extensions>
          <ns3:TrackPointExtension>
            <ns3:hr>157</ns3:hr>
            <ns3:cad>92</ns3:cad>
          </ns3:TrackPointExtension>
        </extensions>
      </trkpt>
      <trkpt lat="34.1760328598320484161376953125" lon="108.92582698725163936614990234375">
        <ele>467.399993896484375</ele>
        <time>2026-10-08T00:26:12.000Z</time>
        <extensions>
          <ns3:TrackPointExtension>
            <ns3:hr>156</ns3:hr>
            <ns3:cad>92</ns3:cad>
          </ns3:TrackPointExtension>
        </extensions>
      </trkpt>
      <trkpt lat="34.17601064778864383697509765625" lon="108.92582933418452739715576171875">
        <ele>467.20001220703125</ele>
        <time>2026-10-08T00:26:13.000Z</time>
        <extensions>
          <ns3:TrackPointExtension>
            <ns3:hr>156</ns3:hr>
            <ns3:cad>92</ns3:cad>
          </ns3:TrackPointExtension>
        </extensions>
      </trkpt>
      <trkpt lat="34.17598499916493892669677734375" lon="108.92583721317350864410400390625">
        <ele>467.20001220703125</ele>
        <time>2026-10-08T00:26:14.000Z</time>
        <extensions>
          <ns3:TrackPointExtension>
            <ns3:hr>156</ns3:hr>
            <ns3:cad>92</ns3:cad>
          </ns3:TrackPointExtension>
        </extensions>
      </trkpt>
      <trkpt lat="34.17596136219799518585205078125" lon="108.925838135182857513427734375">
        <ele>467.20001220703125</ele>
        <time>2026-10-08T00:26:15.000Z</time>
        <extensions>
          <ns3:TrackPointExtension>
            <ns3:hr>156</ns3:hr>
            <ns3:cad>91</ns3:cad>
          </ns3:TrackPointExtension>
        </extensions>
      </trkpt>
      <trkpt lat="34.1759309358894824981689453125" lon="108.92583654262125492095947265625">
        <ele>467.20001220703125</ele>
        <time>2026-10-08T00:26:16.000Z</time>
        <extensions>
          <ns3:TrackPointExtension>
            <ns3:hr>156</ns3:hr>
            <ns3:cad>91</ns3:cad>
          </ns3:TrackPointExtension>
        </extensions>
      </trkpt>
      <trkpt lat="34.175912998616695404052734375" lon="108.92583017237484455108642578125">
        <ele>467.20001220703125</ele>
        <time>2026-10-08T00:26:17.000Z</time>
        <extensions>
          <ns3:TrackPointExtension>
            <ns3:hr>157</ns3:hr>
            <ns3:cad>91</ns3:cad>
          </ns3:TrackPointExtension>
        </extensions>
      </trkpt>
      <trkpt lat="34.17588525451719760894775390625" lon="108.92583251930773258209228515625">
        <ele>467.20001220703125</ele>
        <time>2026-10-08T00:26:18.000Z</time>
        <extensions>
          <ns3:TrackPointExtension>
            <ns3:hr>156</ns3:hr>
            <ns3:cad>91</ns3:cad>
          </ns3:TrackPointExtension>
        </extensions>
      </trkpt>
      <trkpt lat="34.17586564086377620697021484375" lon="108.9258349500596523284912109375">
        <ele>467.20001220703125</ele>
        <time>2026-10-08T00:26:19.000Z</time>
        <extensions>
          <ns3:TrackPointExtension>
            <ns3:hr>156</ns3:hr>
            <ns3:cad>92</ns3:cad>
          </ns3:TrackPointExtension>
        </extensions>
      </trkpt>
      <trkpt lat="34.17583219707012176513671875" lon="108.92584324814379215240478515625">
        <ele>467.20001220703125</ele>
        <time>2026-10-08T00:26:20.000Z</time>
        <extensions>
          <ns3:TrackPointExtension>
            <ns3:hr>156</ns3:hr>
            <ns3:cad>92</ns3:cad>
          </ns3:TrackPointExtension>
        </extensions>
      </trkpt>
      <trkpt lat="34.17580981738865375518798828125" lon="108.925846517086029052734375">
        <ele>467.20001220703125</ele>
        <time>2026-10-08T00:26:21.000Z</time>
        <extensions>
          <ns3:TrackPointExtension>
            <ns3:hr>156</ns3:hr>
            <ns3:cad>90</ns3:cad>
          </ns3:TrackPointExtension>
        </extensions>
      </trkpt>
      <trkpt lat="34.17577545158565044403076171875" lon="108.92584928311407566070556640625">
        <ele>467.20001220703125</ele>
        <time>2026-10-08T00:26:22.000Z</time>
        <extensions>
          <ns3:TrackPointExtension>
            <ns3:hr>156</ns3:hr>
            <ns3:cad>90</ns3:cad>
          </ns3:TrackPointExtension>
        </extensions>
      </trkpt>
      <trkpt lat="34.17575198225677013397216796875" lon="108.92584986984729766845703125">
        <ele>467.399993896484375</ele>
        <time>2026-10-08T00:26:23.000Z</time>
        <extensions>
          <ns3:TrackPointExtension>
            <ns3:hr>156</ns3:hr>
            <ns3:cad>90</ns3:cad>
          </ns3:TrackPointExtension>
        </extensions>
      </trkpt>
      <trkpt lat="34.1757187061011791229248046875" lon="108.9258453436195850372314453125">
        <ele>467.399993896484375</ele>
        <time>2026-10-08T00:26:24.000Z</time>
        <extensions>
          <ns3:TrackPointExtension>
            <ns3:hr>156</ns3:hr>
            <ns3:cad>90</ns3:cad>
          </ns3:TrackPointExtension>
        </extensions>
      </trkpt>
      <trkpt lat="34.17569884099066257476806640625" lon="108.92584408633410930633544921875">
        <ele>467.399993896484375</ele>
        <time>2026-10-08T00:26:25.000Z</time>
        <extensions>
          <ns3:TrackPointExtension>
            <ns3:hr>157</ns3:hr>
            <ns3:cad>90</ns3:cad>
          </ns3:TrackPointExtension>
        </extensions>
      </trkpt>
      <trkpt lat="34.17566732503473758697509765625" lon="108.9258403144776821136474609375">
        <ele>467.399993896484375</ele>
        <time>2026-10-08T00:26:26.000Z</time>
        <extensions>
          <ns3:TrackPointExtension>
            <ns3:hr>156</ns3:hr>
            <ns3:cad>90</ns3:cad>
          </ns3:TrackPointExtension>
        </extensions>
      </trkpt>
      <trkpt lat="34.1756451129913330078125" lon="108.9258399792015552520751953125">
        <ele>467.399993896484375</ele>
        <time>2026-10-08T00:26:27.000Z</time>
        <extensions>
          <ns3:TrackPointExtension>
            <ns3:hr>156</ns3:hr>
            <ns3:cad>90</ns3:cad>
          </ns3:TrackPointExtension>
        </extensions>
      </trkpt>
      <trkpt lat="34.17561493813991546630859375" lon="108.9258349500596523284912109375">
        <ele>467.399993896484375</ele>
        <time>2026-10-08T00:26:28.000Z</time>
        <extensions>
          <ns3:TrackPointExtension>
            <ns3:hr>156</ns3:hr>
            <ns3:cad>90</ns3:cad>
          </ns3:TrackPointExtension>
        </extensions>
      </trkpt>
      <trkpt lat="34.17559524066746234893798828125" lon="108.92583771608769893646240234375">
        <ele>467.399993896484375</ele>
        <time>2026-10-08T00:26:29.000Z</time>
        <extensions>
          <ns3:TrackPointExtension>
            <ns3:hr>156</ns3:hr>
            <ns3:cad>91</ns3:cad>
          </ns3:TrackPointExtension>
        </extensions>
      </trkpt>
      <trkpt lat="34.1755648143589496612548828125" lon="108.92583637498319149017333984375">
        <ele>467.399993896484375</ele>
        <time>2026-10-08T00:26:30.000Z</time>
        <extensions>
          <ns3:TrackPointExtension>
            <ns3:hr>156</ns3:hr>
            <ns3:cad>91</ns3:cad>
          </ns3:TrackPointExtension>
        </extensions>
      </trkpt>
      <trkpt lat="34.175544194877147674560546875" lon="108.9258426614105701446533203125">
        <ele>467.600006103515625</ele>
        <time>2026-10-08T00:26:31.000Z</time>
        <extensions>
          <ns3:TrackPointExtension>
            <ns3:hr>157</ns3:hr>
            <ns3:cad>91</ns3:cad>
          </ns3:TrackPointExtension>
        </extensions>
      </trkpt>
      <trkpt lat="34.17551745660603046417236328125" lon="108.9258443377912044525146484375">
        <ele>467.600006103515625</ele>
        <time>2026-10-08T00:26:32.000Z</time>
        <extensions>
          <ns3:TrackPointExtension>
            <ns3:hr>156</ns3:hr>
            <ns3:cad>90</ns3:cad>
          </ns3:TrackPointExtension>
        </extensions>
      </trkpt>
      <trkpt lat="34.1754984296858310699462890625" lon="108.92584760673344135284423828125">
        <ele>467.600006103515625</ele>
        <time>2026-10-08T00:26:33.000Z</time>
        <extensions>
          <ns3:TrackPointExtension>
            <ns3:hr>156</ns3:hr>
            <ns3:cad>90</ns3:cad>
          </ns3:TrackPointExtension>
        </extensions>
      </trkpt>
      <trkpt lat="34.17547135613858699798583984375" lon="108.9258505403995513916015625">
        <ele>467.600006103515625</ele>
        <time>2026-10-08T00:26:34.000Z</time>
        <extensions>
          <ns3:TrackPointExtension>
            <ns3:hr>157</ns3:hr>
            <ns3:cad>90</ns3:cad>
          </ns3:TrackPointExtension>
        </extensions>
      </trkpt>
      <trkpt lat="34.17545224539935588836669921875" lon="108.92584995366632938385009765625">
        <ele>467.600006103515625</ele>
        <time>2026-10-08T00:26:35.000Z</time>
        <extensions>
          <ns3:TrackPointExtension>
            <ns3:hr>156</ns3:hr>
            <ns3:cad>89</ns3:cad>
          </ns3:TrackPointExtension>
        </extensions>
      </trkpt>
      <trkpt lat="34.175421483814716339111328125" lon="108.92585665918886661529541015625">
        <ele>467.600006103515625</ele>
        <time>2026-10-08T00:26:36.000Z</time>
        <extensions>
          <ns3:TrackPointExtension>
            <ns3:hr>156</ns3:hr>
            <ns3:cad>89</ns3:cad>
          </ns3:TrackPointExtension>
        </extensions>
      </trkpt>
      <trkpt lat="34.1754022054374217987060546875" lon="108.92586235888302326202392578125">
        <ele>467.600006103515625</ele>
        <time>2026-10-08T00:26:37.000Z</time>
        <extensions>
          <ns3:TrackPointExtension>
            <ns3:hr>156</ns3:hr>
            <ns3:cad>89</ns3:cad>
          </ns3:TrackPointExtension>
        </extensions>
      </trkpt>
      <trkpt lat="34.17536926455795764923095703125" lon="108.9258644543588161468505859375">
        <ele>467.600006103515625</ele>
        <time>2026-10-08T00:26:38.000Z</time>
        <extensions>
          <ns3:TrackPointExtension>
            <ns3:hr>156</ns3:hr>
            <ns3:cad>89</ns3:cad>
          </ns3:TrackPointExtension>
        </extensions>
      </trkpt>
      <trkpt lat="34.175350405275821685791015625" lon="108.9258668012917041778564453125">
        <ele>467.600006103515625</ele>
        <time>2026-10-08T00:26:39.000Z</time>
        <extensions>
          <ns3:TrackPointExtension>
            <ns3:hr>156</ns3:hr>
            <ns3:cad>89</ns3:cad>
          </ns3:TrackPointExtension>
        </extensions>
      </trkpt>
      <trkpt lat="34.1753180511295795440673828125" lon="108.92586705274879932403564453125">
        <ele>467.600006103515625</ele>
        <time>2026-10-08T00:26:40.000Z</time>
        <extensions>
          <ns3:TrackPointExtension>
            <ns3:hr>156</ns3:hr>
            <ns3:cad>89</ns3:cad>
          </ns3:TrackPointExtension>
        </extensions>
      </trkpt>
      <trkpt lat="34.1752972640097141265869140625" lon="108.9258719980716705322265625">
        <ele>467.600006103515625</ele>
        <time>2026-10-08T00:26:41.000Z</time>
        <extensions>
          <ns3:TrackPointExtension>
            <ns3:hr>156</ns3:hr>
            <ns3:cad>90</ns3:cad>
          </ns3:TrackPointExtension>
        </extensions>
      </trkpt>
      <trkpt lat="34.1752711124718189239501953125" lon="108.9258768595755100250244140625">
        <ele>467.79998779296875</ele>
        <time>2026-10-08T00:26:42.000Z</time>
        <extensions>
          <ns3:TrackPointExtension>
            <ns3:hr>156</ns3:hr>
            <ns3:cad>90</ns3:cad>
          </ns3:TrackPointExtension>
        </extensions>
      </trkpt>
      <trkpt lat="34.17524906806647777557373046875" lon="108.92588197253644466400146484375">
        <ele>467.79998779296875</ele>
        <time>2026-10-08T00:26:43.000Z</time>
        <extensions>
          <ns3:TrackPointExtension>
            <ns3:hr>156</ns3:hr>
            <ns3:cad>90</ns3:cad>
          </ns3:TrackPointExtension>
        </extensions>
      </trkpt>
      <trkpt lat="34.17522174306213855743408203125" lon="108.9258882589638233184814453125">
        <ele>467.79998779296875</ele>
        <time>2026-10-08T00:26:44.000Z</time>
        <extensions>
          <ns3:TrackPointExtension>
            <ns3:hr>156</ns3:hr>
            <ns3:cad>90</ns3:cad>
          </ns3:TrackPointExtension>
        </extensions>
      </trkpt>
      <trkpt lat="34.175197519361972808837890625" lon="108.925894461572170257568359375">
        <ele>467.79998779296875</ele>
        <time>2026-10-08T00:26:45.000Z</time>
        <extensions>
          <ns3:TrackPointExtension>
            <ns3:hr>156</ns3:hr>
            <ns3:cad>90</ns3:cad>
          </ns3:TrackPointExtension>
        </extensions>
      </trkpt>
      <trkpt lat="34.1751665063202381134033203125" lon="108.92589856870472431182861328125">
        <ele>467.79998779296875</ele>
        <time>2026-10-08T00:26:46.000Z</time>
        <extensions>
          <ns3:TrackPointExtension>
            <ns3:hr>156</ns3:hr>
            <ns3:cad>90</ns3:cad>
          </ns3:TrackPointExtension>
        </extensions>
      </trkpt>
      <trkpt lat="34.17514429427683353424072265625" lon="108.92589840106666088104248046875">
        <ele>468</ele>
        <time>2026-10-08T00:26:47.000Z</time>
        <extensions>
          <ns3:TrackPointExtension>
            <ns3:hr>156</ns3:hr>
            <ns3:cad>90</ns3:cad>
          </ns3:TrackPointExtension>
        </extensions>
      </trkpt>
      <trkpt lat="34.17511713691055774688720703125" lon="108.92589680850505828857421875">
        <ele>468</ele>
        <time>2026-10-08T00:26:48.000Z</time>
        <extensions>
          <ns3:TrackPointExtension>
            <ns3:hr>156</ns3:hr>
            <ns3:cad>90</ns3:cad>
          </ns3:TrackPointExtension>
        </extensions>
      </trkpt>
      <trkpt lat="34.1750981099903583526611328125" lon="108.9258966408669948577880859375">
        <ele>468</ele>
        <time>2026-10-08T00:26:49.000Z</time>
        <extensions>
          <ns3:TrackPointExtension>
            <ns3:hr>156</ns3:hr>
            <ns3:cad>90</ns3:cad>
          </ns3:TrackPointExtension>
        </extensions>
      </trkpt>
      <trkpt lat="34.1750655882060527801513671875" lon="108.9258942939341068267822265625">
        <ele>468</ele>
        <time>2026-10-08T00:26:50.000Z</time>
        <extensions>
          <ns3:TrackPointExtension>
            <ns3:hr>156</ns3:hr>
            <ns3:cad>90</ns3:cad>
          </ns3:TrackPointExtension>
        </extensions>
      </trkpt>
      <trkpt lat="34.175042621791362762451171875" lon="108.9258934557437896728515625">
        <ele>468</ele>
        <time>2026-10-08T00:26:51.000Z</time>
        <extensions>
          <ns3:TrackPointExtension>
            <ns3:hr>156</ns3:hr>
            <ns3:cad>89</ns3:cad>
          </ns3:TrackPointExtension>
        </extensions>
      </trkpt>
      <trkpt lat="34.17501353658735752105712890625" lon="108.9259003289043903350830078125">
        <ele>468</ele>
        <time>2026-10-08T00:26:52.000Z</time>
        <extensions>
          <ns3:TrackPointExtension>
            <ns3:hr>156</ns3:hr>
            <ns3:cad>89</ns3:cad>
          </ns3:TrackPointExtension>
        </extensions>
      </trkpt>
      <trkpt lat="34.1749891452491283416748046875" lon="108.9259103871881961822509765625">
        <ele>468</ele>
        <time>2026-10-08T00:26:53.000Z</time>
        <extensions>
          <ns3:TrackPointExtension>
            <ns3:hr>156</ns3:hr>
            <ns3:cad>89</ns3:cad>
          </ns3:TrackPointExtension>
        </extensions>
      </trkpt>
      <trkpt lat="34.17496358044445514678955078125" lon="108.92592807300388813018798828125">
        <ele>468</ele>
        <time>2026-10-08T00:26:54.000Z</time>
        <extensions>
          <ns3:TrackPointExtension>
            <ns3:hr>156</ns3:hr>
            <ns3:cad>89</ns3:cad>
          </ns3:TrackPointExtension>
        </extensions>
      </trkpt>
      <trkpt lat="34.17494899593293666839599609375" lon="108.925945423543453216552734375">
        <ele>468</ele>
        <time>2026-10-08T00:26:55.000Z</time>
        <extensions>
          <ns3:TrackPointExtension>
            <ns3:hr>156</ns3:hr>
            <ns3:cad>89</ns3:cad>
          </ns3:TrackPointExtension>
        </extensions>
      </trkpt>
      <trkpt lat="34.17493239976465702056884765625" lon="108.92597283236682415008544921875">
        <ele>468</ele>
        <time>2026-10-08T00:26:56.000Z</time>
        <extensions>
          <ns3:TrackPointExtension>
            <ns3:hr>156</ns3:hr>
            <ns3:cad>88</ns3:cad>
          </ns3:TrackPointExtension>
        </extensions>
      </trkpt>
      <trkpt lat="34.1749249398708343505859375" lon="108.9260042645037174224853515625">
        <ele>468</ele>
        <time>2026-10-08T00:26:57.000Z</time>
        <extensions>
          <ns3:TrackPointExtension>
            <ns3:hr>156</ns3:hr>
            <ns3:cad>88</ns3:cad>
          </ns3:TrackPointExtension>
        </extensions>
      </trkpt>
      <trkpt lat="34.1749177314341068267822265625" lon="108.9260408096015453338623046875">
        <ele>468</ele>
        <time>2026-10-08T00:26:58.000Z</time>
        <extensions>
          <ns3:TrackPointExtension>
            <ns3:hr>156</ns3:hr>
            <ns3:cad>88</ns3:cad>
          </ns3:TrackPointExtension>
        </extensions>
      </trkpt>
      <trkpt lat="34.17491295374929904937744140625" lon="108.92606989480555057525634765625">
        <ele>468</ele>
        <time>2026-10-08T00:26:59.000Z</time>
        <extensions>
          <ns3:TrackPointExtension>
            <ns3:hr>156</ns3:hr>
            <ns3:cad>87</ns3:cad>
          </ns3:TrackPointExtension>
        </extensions>
      </trkpt>
      <trkpt lat="34.1749086789786815643310546875" lon="108.9260981418192386627197265625">
        <ele>467.79998779296875</ele>
        <time>2026-10-08T00:27:00.000Z</time>
        <extensions>
          <ns3:TrackPointExtension>
            <ns3:hr>156</ns3:hr>
            <ns3:cad>87</ns3:cad>
          </ns3:TrackPointExtension>
        </extensions>
      </trkpt>
      <trkpt lat="34.17490473948419094085693359375" lon="108.92612789757549762725830078125">
        <ele>467.79998779296875</ele>
        <time>2026-10-08T00:27:01.000Z</time>
        <extensions>
          <ns3:TrackPointExtension>
            <ns3:hr>156</ns3:hr>
            <ns3:cad>87</ns3:cad>
          </ns3:TrackPointExtension>
        </extensions>
      </trkpt>
      <trkpt lat="34.17490121908485889434814453125" lon="108.9261536300182342529296875">
        <ele>467.79998779296875</ele>
        <time>2026-10-08T00:27:02.000Z</time>
        <extensions>
          <ns3:TrackPointExtension>
            <ns3:hr>156</ns3:hr>
            <ns3:cad>88</ns3:cad>
          </ns3:TrackPointExtension>
        </extensions>
      </trkpt>
      <trkpt lat="34.17489434592425823211669921875" lon="108.9261833019554615020751953125">
        <ele>467.79998779296875</ele>
        <time>2026-10-08T00:27:03.000Z</time>
        <extensions>
          <ns3:TrackPointExtension>
            <ns3:hr>156</ns3:hr>
            <ns3:cad>88</ns3:cad>
          </ns3:TrackPointExtension>
        </extensions>
      </trkpt>
      <trkpt lat="34.1748892329633235931396484375" lon="108.9262074418365955352783203125">
        <ele>467.600006103515625</ele>
        <time>2026-10-08T00:27:04.000Z</time>
        <extensions>
          <ns3:TrackPointExtension>
            <ns3:hr>157</ns3:hr>
            <ns3:cad>88</ns3:cad>
          </ns3:TrackPointExtension>
        </extensions>
      </trkpt>
      <trkpt lat="34.1748831979930400848388671875" lon="108.92623200081288814544677734375">
        <ele>467.600006103515625</ele>
        <time>2026-10-08T00:27:05.000Z</time>
        <extensions>
          <ns3:TrackPointExtension>
            <ns3:hr>156</ns3:hr>
            <ns3:cad>88</ns3:cad>
          </ns3:TrackPointExtension>
        </extensions>
      </trkpt>
      <trkpt lat="34.1748831979930400848388671875" lon="108.926258571445941925048828125">
        <ele>467.600006103515625</ele>
        <time>2026-10-08T00:27:06.000Z</time>
        <extensions>
          <ns3:TrackPointExtension>
            <ns3:hr>156</ns3:hr>
            <ns3:cad>88</ns3:cad>
          </ns3:TrackPointExtension>
        </extensions>
      </trkpt>
      <trkpt lat="34.17487791739404201507568359375" lon="108.9262848906219005584716796875">
        <ele>467.399993896484375</ele>
        <time>2026-10-08T00:27:07.000Z</time>
        <extensions>
          <ns3:TrackPointExtension>
            <ns3:hr>155</ns3:hr>
            <ns3:cad>88</ns3:cad>
          </ns3:TrackPointExtension>
        </extensions>
      </trkpt>
      <trkpt lat="34.174875319004058837890625" lon="108.9263066835701465606689453125">
        <ele>467.399993896484375</ele>
        <time>2026-10-08T00:27:08.000Z</time>
        <extensions>
          <ns3:TrackPointExtension>
            <ns3:hr>156</ns3:hr>
            <ns3:cad>88</ns3:cad>
          </ns3:TrackPointExtension>
        </extensions>
      </trkpt>
      <trkpt lat="34.17486936785280704498291015625" lon="108.9263358525931835174560546875">
        <ele>467.20001220703125</ele>
        <time>2026-10-08T00:27:09.000Z</time>
        <extensions>
          <ns3:TrackPointExtension>
            <ns3:hr>156</ns3:hr>
            <ns3:cad>88</ns3:cad>
          </ns3:TrackPointExtension>
        </extensions>
      </trkpt>
      <trkpt lat="34.1748647578060626983642578125" lon="108.9263628423213958740234375">
        <ele>467.20001220703125</ele>
        <time>2026-10-08T00:27:10.000Z</time>
        <extensions>
          <ns3:TrackPointExtension>
            <ns3:hr>156</ns3:hr>
            <ns3:cad>88</ns3:cad>
          </ns3:TrackPointExtension>
        </extensions>
      </trkpt>
      <trkpt lat="34.1748526878654956817626953125" lon="108.92639226280152797698974609375">
        <ele>467.20001220703125</ele>
        <time>2026-10-08T00:27:11.000Z</time>
        <extensions>
          <ns3:TrackPointExtension>
            <ns3:hr>156</ns3:hr>
            <ns3:cad>88</ns3:cad>
          </ns3:TrackPointExtension>
        </extensions>
      </trkpt>
      <trkpt lat="34.1748449765145778656005859375" lon="108.9264190010726451873779296875">
        <ele>467.20001220703125</ele>
        <time>2026-10-08T00:27:12.000Z</time>
        <extensions>
          <ns3:TrackPointExtension>
            <ns3:hr>156</ns3:hr>
            <ns3:cad>89</ns3:cad>
          </ns3:TrackPointExtension>
        </extensions>
      </trkpt>
      <trkpt lat="34.17483843863010406494140625" lon="108.92645202577114105224609375">
        <ele>467.20001220703125</ele>
        <time>2026-10-08T00:27:13.000Z</time>
        <extensions>
          <ns3:TrackPointExtension>
            <ns3:hr>156</ns3:hr>
            <ns3:cad>90</ns3:cad>
          </ns3:TrackPointExtension>
        </extensions>
      </trkpt>
      <trkpt lat="34.17482997290790081024169921875" lon="108.926481194794178009033203125">
        <ele>467.20001220703125</ele>
        <time>2026-10-08T00:27:14.000Z</time>
        <extensions>
          <ns3:TrackPointExtension>
            <ns3:hr>156</ns3:hr>
            <ns3:cad>88</ns3:cad>
          </ns3:TrackPointExtension>
        </extensions>
      </trkpt>
      <trkpt lat="34.17482075281441211700439453125" lon="108.92651229165494441986083984375">
        <ele>467</ele>
        <time>2026-10-08T00:27:15.000Z</time>
        <extensions>
          <ns3:TrackPointExtension>
            <ns3:hr>156</ns3:hr>
            <ns3:cad>88</ns3:cad>
          </ns3:TrackPointExtension>
        </extensions>
      </trkpt>
      <trkpt lat="34.1748114489018917083740234375" lon="108.92654079012572765350341796875">
        <ele>467</ele>
        <time>2026-10-08T00:27:16.000Z</time>
        <extensions>
          <ns3:TrackPointExtension>
            <ns3:hr>156</ns3:hr>
            <ns3:cad>88</ns3:cad>
          </ns3:TrackPointExtension>
        </extensions>
      </trkpt>
      <trkpt lat="34.17480533011257648468017578125" lon="108.92657230608165264129638671875">
        <ele>467</ele>
        <time>2026-10-08T00:27:17.000Z</time>
        <extensions>
          <ns3:TrackPointExtension>
            <ns3:hr>156</ns3:hr>
            <ns3:cad>88</ns3:cad>
          </ns3:TrackPointExtension>
        </extensions>
      </trkpt>
      <trkpt lat="34.17479954659938812255859375" lon="108.92659862525761127471923828125">
        <ele>466.79998779296875</ele>
        <time>2026-10-08T00:27:18.000Z</time>
        <extensions>
          <ns3:TrackPointExtension>
            <ns3:hr>156</ns3:hr>
            <ns3:cad>88</ns3:cad>
          </ns3:TrackPointExtension>
        </extensions>
      </trkpt>
      <trkpt lat="34.1747953556478023529052734375" lon="108.92663114704191684722900390625">
        <ele>466.79998779296875</ele>
        <time>2026-10-08T00:27:19.000Z</time>
        <extensions>
          <ns3:TrackPointExtension>
            <ns3:hr>156</ns3:hr>
            <ns3:cad>88</ns3:cad>
          </ns3:TrackPointExtension>
        </extensions>
      </trkpt>
      <trkpt lat="34.1747881472110748291015625" lon="108.9266637526452541351318359375">
        <ele>466.600006103515625</ele>
        <time>2026-10-08T00:27:20.000Z</time>
        <extensions>
          <ns3:TrackPointExtension>
            <ns3:hr>155</ns3:hr>
            <ns3:cad>88</ns3:cad>
          </ns3:TrackPointExtension>
        </extensions>
      </trkpt>
      <trkpt lat="34.17478437535464763641357421875" lon="108.92669451422989368438720703125">
        <ele>466.600006103515625</ele>
        <time>2026-10-08T00:27:21.000Z</time>
        <extensions>
          <ns3:TrackPointExtension>
            <ns3:hr>155</ns3:hr>
            <ns3:cad>88</ns3:cad>
          </ns3:TrackPointExtension>
        </extensions>
      </trkpt>
      <trkpt lat="34.1747782565653324127197265625" lon="108.92672963440418243408203125">
        <ele>466.399993896484375</ele>
        <time>2026-10-08T00:27:22.000Z</time>
        <extensions>
          <ns3:TrackPointExtension>
            <ns3:hr>155</ns3:hr>
            <ns3:cad>88</ns3:cad>
          </ns3:TrackPointExtension>
        </extensions>
      </trkpt>
      <trkpt lat="34.17477272450923919677734375" lon="108.9267583005130290985107421875">
        <ele>466.20001220703125</ele>
        <time>2026-10-08T00:27:23.000Z</time>
        <extensions>
          <ns3:TrackPointExtension>
            <ns3:hr>154</ns3:hr>
            <ns3:cad>89</ns3:cad>
          </ns3:TrackPointExtension>
        </extensions>
      </trkpt>
      <trkpt lat="34.17476526461541652679443359375" lon="108.92679174430668354034423828125">
        <ele>466.20001220703125</ele>
        <time>2026-10-08T00:27:24.000Z</time>
        <extensions>
          <ns3:TrackPointExtension>
            <ns3:hr>154</ns3:hr>
            <ns3:cad>89</ns3:cad>
          </ns3:TrackPointExtension>
        </extensions>
      </trkpt>
      <trkpt lat="34.174757301807403564453125" lon="108.92682074569165706634521484375">
        <ele>466</ele>
        <time>2026-10-08T00:27:25.000Z</time>
        <extensions>
          <ns3:TrackPointExtension>
            <ns3:hr>153</ns3:hr>
            <ns3:cad>88</ns3:cad>
          </ns3:TrackPointExtension>
        </extensions>
      </trkpt>
      <trkpt lat="34.1747474111616611480712890625" lon="108.92685301601886749267578125">
        <ele>465.79998779296875</ele>
        <time>2026-10-08T00:27:26.000Z</time>
        <extensions>
          <ns3:TrackPointExtension>
            <ns3:hr>152</ns3:hr>
            <ns3:cad>88</ns3:cad>
          </ns3:TrackPointExtension>
        </extensions>
      </trkpt>
      <trkpt lat="34.17474196292459964752197265625" lon="108.92688176594674587249755859375">
        <ele>465.79998779296875</ele>
        <time>2026-10-08T00:27:27.000Z</time>
        <extensions>
          <ns3:TrackPointExtension>
            <ns3:hr>152</ns3:hr>
            <ns3:cad>88</ns3:cad>
          </ns3:TrackPointExtension>
        </extensions>
      </trkpt>
      <trkpt lat="34.17473391629755496978759765625" lon="108.926910348236560821533203125">
        <ele>465.79998779296875</ele>
        <time>2026-10-08T00:27:28.000Z</time>
        <extensions>
          <ns3:TrackPointExtension>
            <ns3:hr>152</ns3:hr>
            <ns3:cad>87</ns3:cad>
          </ns3:TrackPointExtension>
        </extensions>
      </trkpt>
      <trkpt lat="34.17473358102142810821533203125" lon="108.92693742178380489349365234375">
        <ele>465.600006103515625</ele>
        <time>2026-10-08T00:27:29.000Z</time>
        <extensions>
          <ns3:TrackPointExtension>
            <ns3:hr>152</ns3:hr>
            <ns3:cad>87</ns3:cad>
          </ns3:TrackPointExtension>
        </extensions>
      </trkpt>
      <trkpt lat="34.1747262887656688690185546875" lon="108.9269668422639369964599609375">
        <ele>465.399993896484375</ele>
        <time>2026-10-08T00:27:30.000Z</time>
        <extensions>
          <ns3:TrackPointExtension>
            <ns3:hr>152</ns3:hr>
            <ns3:cad>88</ns3:cad>
          </ns3:TrackPointExtension>
        </extensions>
      </trkpt>
      <trkpt lat="34.17472804896533489227294921875" lon="108.92699492163956165313720703125">
        <ele>465.399993896484375</ele>
        <time>2026-10-08T00:27:31.000Z</time>
        <extensions>
          <ns3:TrackPointExtension>
            <ns3:hr>151</ns3:hr>
            <ns3:cad>88</ns3:cad>
          </ns3:TrackPointExtension>
        </extensions>
      </trkpt>
      <trkpt lat="34.1747229360044002532958984375" lon="108.927025683224201202392578125">
        <ele>465.20001220703125</ele>
        <time>2026-10-08T00:27:32.000Z</time>
        <extensions>
          <ns3:TrackPointExtension>
            <ns3:hr>152</ns3:hr>
            <ns3:cad>89</ns3:cad>
          </ns3:TrackPointExtension>
        </extensions>
      </trkpt>
      <trkpt lat="34.17472016997635364532470703125" lon="108.927051834762096405029296875">
        <ele>465</ele>
        <time>2026-10-08T00:27:33.000Z</time>
        <extensions>
          <ns3:TrackPointExtension>
            <ns3:hr>152</ns3:hr>
            <ns3:cad>89</ns3:cad>
          </ns3:TrackPointExtension>
        </extensions>
      </trkpt>
      <trkpt lat="34.1747125424444675445556640625" lon="108.9270828478038311004638671875">
        <ele>464.79998779296875</ele>
        <time>2026-10-08T00:27:34.000Z</time>
        <extensions>
          <ns3:TrackPointExtension>
            <ns3:hr>151</ns3:hr>
            <ns3:cad>89</ns3:cad>
          </ns3:TrackPointExtension>
        </extensions>
      </trkpt>
      <trkpt lat="34.17470642365515232086181640625" lon="108.92710673622786998748779296875">
        <ele>464.79998779296875</ele>
        <time>2026-10-08T00:27:35.000Z</time>
        <extensions>
          <ns3:TrackPointExtension>
            <ns3:hr>151</ns3:hr>
            <ns3:cad>89</ns3:cad>
          </ns3:TrackPointExtension>
        </extensions>
      </trkpt>
      <trkpt lat="34.174693934619426727294921875" lon="108.92713867127895355224609375">
        <ele>464.600006103515625</ele>
        <time>2026-10-08T00:27:36.000Z</time>
        <extensions>
          <ns3:TrackPointExtension>
            <ns3:hr>151</ns3:hr>
            <ns3:cad>89</ns3:cad>
          </ns3:TrackPointExtension>
        </extensions>
      </trkpt>
      <trkpt lat="34.17469133622944355010986328125" lon="108.92715820111334323883056640625">
        <ele>464.600006103515625</ele>
        <time>2026-10-08T00:27:37.000Z</time>
        <extensions>
          <ns3:TrackPointExtension>
            <ns3:hr>152</ns3:hr>
            <ns3:cad>89</ns3:cad>
          </ns3:TrackPointExtension>
        </extensions>
      </trkpt>
      <trkpt lat="34.17468161322176456451416015625" lon="108.92718871124088764190673828125">
        <ele>464.399993896484375</ele>
        <time>2026-10-08T00:27:38.000Z</time>
        <extensions>
          <ns3:TrackPointExtension>
            <ns3:hr>151</ns3:hr>
            <ns3:cad>89</ns3:cad>
          </ns3:TrackPointExtension>
        </extensions>
      </trkpt>
      <trkpt lat="34.17467859573662281036376953125" lon="108.92721503041684627532958984375">
        <ele>464.399993896484375</ele>
        <time>2026-10-08T00:27:39.000Z</time>
        <extensions>
          <ns3:TrackPointExtension>
            <ns3:hr>151</ns3:hr>
            <ns3:cad>88</ns3:cad>
          </ns3:TrackPointExtension>
        </extensions>
      </trkpt>
      <trkpt lat="34.174667783081531524658203125" lon="108.92724805511534214019775390625">
        <ele>464.20001220703125</ele>
        <time>2026-10-08T00:27:40.000Z</time>
        <extensions>
          <ns3:TrackPointExtension>
            <ns3:hr>152</ns3:hr>
            <ns3:cad>88</ns3:cad>
          </ns3:TrackPointExtension>
        </extensions>
      </trkpt>
      <trkpt lat="34.17466141283512115478515625" lon="108.9272756315767765045166015625">
        <ele>464.20001220703125</ele>
        <time>2026-10-08T00:27:41.000Z</time>
        <extensions>
          <ns3:TrackPointExtension>
            <ns3:hr>151</ns3:hr>
            <ns3:cad>88</ns3:cad>
          </ns3:TrackPointExtension>
        </extensions>
      </trkpt>
      <trkpt lat="34.17465244419872760772705078125" lon="108.9273128472268581390380859375">
        <ele>464</ele>
        <time>2026-10-08T00:27:42.000Z</time>
        <extensions>
          <ns3:TrackPointExtension>
            <ns3:hr>151</ns3:hr>
            <ns3:cad>88</ns3:cad>
          </ns3:TrackPointExtension>
        </extensions>
      </trkpt>
      <trkpt lat="34.1746471635997295379638671875" lon="108.92734394408762454986572265625">
        <ele>463.79998779296875</ele>
        <time>2026-10-08T00:27:43.000Z</time>
        <extensions>
          <ns3:TrackPointExtension>
            <ns3:hr>151</ns3:hr>
            <ns3:cad>89</ns3:cad>
          </ns3:TrackPointExtension>
        </extensions>
      </trkpt>
      <trkpt lat="34.17463769204914569854736328125" lon="108.92738048918545246124267578125">
        <ele>463.79998779296875</ele>
        <time>2026-10-08T00:27:44.000Z</time>
        <extensions>
          <ns3:TrackPointExtension>
            <ns3:hr>151</ns3:hr>
            <ns3:cad>90</ns3:cad>
          </ns3:TrackPointExtension>
        </extensions>
      </trkpt>
      <trkpt lat="34.17463014833629131317138671875" lon="108.92740848474204540252685546875">
        <ele>463.600006103515625</ele>
        <time>2026-10-08T00:27:45.000Z</time>
        <extensions>
          <ns3:TrackPointExtension>
            <ns3:hr>152</ns3:hr>
            <ns3:cad>90</ns3:cad>
          </ns3:TrackPointExtension>
        </extensions>
      </trkpt>
      <trkpt lat="34.17461824603378772735595703125" lon="108.9274419285356998443603515625">
        <ele>463.399993896484375</ele>
        <time>2026-10-08T00:27:46.000Z</time>
        <extensions>
          <ns3:TrackPointExtension>
            <ns3:hr>151</ns3:hr>
            <ns3:cad>89</ns3:cad>
          </ns3:TrackPointExtension>
        </extensions>
      </trkpt>
      <trkpt lat="34.1746126301586627960205078125" lon="108.92746799625456333160400390625">
        <ele>463.399993896484375</ele>
        <time>2026-10-08T00:27:47.000Z</time>
        <extensions>
          <ns3:TrackPointExtension>
            <ns3:hr>151</ns3:hr>
            <ns3:cad>89</ns3:cad>
          </ns3:TrackPointExtension>
        </extensions>
      </trkpt>
      <trkpt lat="34.17460382916033267974853515625" lon="108.9274959079921245574951171875">
        <ele>463.20001220703125</ele>
        <time>2026-10-08T00:27:48.000Z</time>
        <extensions>
          <ns3:TrackPointExtension>
            <ns3:hr>151</ns3:hr>
            <ns3:cad>89</ns3:cad>
          </ns3:TrackPointExtension>
        </extensions>
      </trkpt>
      <trkpt lat="34.17459745891392230987548828125" lon="108.92752080224454402923583984375">
        <ele>463.20001220703125</ele>
        <time>2026-10-08T00:27:49.000Z</time>
        <extensions>
          <ns3:TrackPointExtension>
            <ns3:hr>151</ns3:hr>
            <ns3:cad>89</ns3:cad>
          </ns3:TrackPointExtension>
        </extensions>
      </trkpt>
      <trkpt lat="34.1745905019342899322509765625" lon="108.927547037601470947265625">
        <ele>463</ele>
        <time>2026-10-08T00:27:50.000Z</time>
        <extensions>
          <ns3:TrackPointExtension>
            <ns3:hr>150</ns3:hr>
            <ns3:cad>88</ns3:cad>
          </ns3:TrackPointExtension>
        </extensions>
      </trkpt>
      <trkpt lat="34.1745884902775287628173828125" lon="108.927573524415493011474609375">
        <ele>462.79998779296875</ele>
        <time>2026-10-08T00:27:51.000Z</time>
        <extensions>
          <ns3:TrackPointExtension>
            <ns3:hr>150</ns3:hr>
            <ns3:cad>88</ns3:cad>
          </ns3:TrackPointExtension>
        </extensions>
      </trkpt>
      <trkpt lat="34.17458471842110157012939453125" lon="108.92760260961949825286865234375">
        <ele>462.79998779296875</ele>
        <time>2026-10-08T00:27:52.000Z</time>
        <extensions>
          <ns3:TrackPointExtension>
            <ns3:hr>150</ns3:hr>
            <ns3:cad>88</ns3:cad>
          </ns3:TrackPointExtension>
        </extensions>
      </trkpt>
      <trkpt lat="34.17458572424948215484619140625" lon="108.92763580195605754852294921875">
        <ele>462.600006103515625</ele>
        <time>2026-10-08T00:27:53.000Z</time>
        <extensions>
          <ns3:TrackPointExtension>
            <ns3:hr>149</ns3:hr>
            <ns3:cad>89</ns3:cad>
          </ns3:TrackPointExtension>
        </extensions>
      </trkpt>
      <trkpt lat="34.17458673007786273956298828125" lon="108.92766832374036312103271484375">
        <ele>462.600006103515625</ele>
        <time>2026-10-08T00:27:54.000Z</time>
        <extensions>
          <ns3:TrackPointExtension>
            <ns3:hr>149</ns3:hr>
            <ns3:cad>90</ns3:cad>
          </ns3:TrackPointExtension>
        </extensions>
      </trkpt>
      <trkpt lat="34.17457851581275463104248046875" lon="108.9277004264295101165771484375">
        <ele>462.399993896484375</ele>
        <time>2026-10-08T00:27:55.000Z</time>
        <extensions>
          <ns3:TrackPointExtension>
            <ns3:hr>149</ns3:hr>
            <ns3:cad>90</ns3:cad>
          </ns3:TrackPointExtension>
        </extensions>
      </trkpt>
      <trkpt lat="34.17456845752894878387451171875" lon="108.92772783525288105010986328125">
        <ele>462.399993896484375</ele>
        <time>2026-10-08T00:27:56.000Z</time>
        <extensions>
          <ns3:TrackPointExtension>
            <ns3:hr>148</ns3:hr>
            <ns3:cad>90</ns3:cad>
          </ns3:TrackPointExtension>
        </extensions>
      </trkpt>
      <trkpt lat="34.17455546557903289794921875" lon="108.9277567528188228607177734375">
        <ele>462.20001220703125</ele>
        <time>2026-10-08T00:27:57.000Z</time>
        <extensions>
          <ns3:TrackPointExtension>
            <ns3:hr>148</ns3:hr>
            <ns3:cad>89</ns3:cad>
          </ns3:TrackPointExtension>
        </extensions>
      </trkpt>
      <trkpt lat="34.1745479218661785125732421875" lon="108.92778399400413036346435546875">
        <ele>462.20001220703125</ele>
        <time>2026-10-08T00:27:58.000Z</time>
        <extensions>
          <ns3:TrackPointExtension>
            <ns3:hr>148</ns3:hr>
            <ns3:cad>89</ns3:cad>
          </ns3:TrackPointExtension>
        </extensions>
      </trkpt>
      <trkpt lat="34.17453845031559467315673828125" lon="108.92781869508326053619384765625">
        <ele>462</ele>
        <time>2026-10-08T00:27:59.000Z</time>
        <extensions>
          <ns3:TrackPointExtension>
            <ns3:hr>148</ns3:hr>
            <ns3:cad>89</ns3:cad>
          </ns3:TrackPointExtension>
        </extensions>
      </trkpt>
      <trkpt lat="34.1745324991643428802490234375" lon="108.92785079777240753173828125">
        <ele>462</ele>
        <time>2026-10-08T00:28:00.000Z</time>
        <extensions>
          <ns3:TrackPointExtension>
            <ns3:hr>148</ns3:hr>
            <ns3:cad>89</ns3:cad>
          </ns3:TrackPointExtension>
        </extensions>
      </trkpt>
      <trkpt lat="34.1745241172611713409423828125" lon="108.9278818108141422271728515625">
        <ele>461.79998779296875</ele>
        <time>2026-10-08T00:28:01.000Z</time>
        <extensions>
          <ns3:TrackPointExtension>
            <ns3:hr>148</ns3:hr>
            <ns3:cad>88</ns3:cad>
          </ns3:TrackPointExtension>
        </extensions>
      </trkpt>
      <trkpt lat="34.17451917193830013275146484375" lon="108.9279103092849254608154296875">
        <ele>461.600006103515625</ele>
        <time>2026-10-08T00:28:02.000Z</time>
        <extensions>
          <ns3:TrackPointExtension>
            <ns3:hr>147</ns3:hr>
            <ns3:cad>88</ns3:cad>
          </ns3:TrackPointExtension>
        </extensions>
      </trkpt>
      <trkpt lat="34.1745110414922237396240234375" lon="108.9279478602111339569091796875">
        <ele>461.600006103515625</ele>
        <time>2026-10-08T00:28:03.000Z</time>
        <extensions>
          <ns3:TrackPointExtension>
            <ns3:hr>148</ns3:hr>
            <ns3:cad>88</ns3:cad>
          </ns3:TrackPointExtension>
        </extensions>
      </trkpt>
      <trkpt lat="34.17450374923646450042724609375" lon="108.92797627486288547515869140625">
        <ele>461.399993896484375</ele>
        <time>2026-10-08T00:28:04.000Z</time>
        <extensions>
          <ns3:TrackPointExtension>
            <ns3:hr>148</ns3:hr>
            <ns3:cad>89</ns3:cad>
          </ns3:TrackPointExtension>
        </extensions>
      </trkpt>
      <trkpt lat="34.17449151165783405303955078125" lon="108.92801131121814250946044921875">
        <ele>461.20001220703125</ele>
        <time>2026-10-08T00:28:05.000Z</time>
        <extensions>
          <ns3:TrackPointExtension>
            <ns3:hr>147</ns3:hr>
            <ns3:cad>89</ns3:cad>
          </ns3:TrackPointExtension>
        </extensions>
      </trkpt>
      <trkpt lat="34.17448748834431171417236328125" lon="108.92804165370762348175048828125">
        <ele>461</ele>
        <time>2026-10-08T00:28:06.000Z</time>
        <extensions>
          <ns3:TrackPointExtension>
            <ns3:hr>147</ns3:hr>
            <ns3:cad>89</ns3:cad>
          </ns3:TrackPointExtension>
        </extensions>
      </trkpt>
      <trkpt lat="34.174480699002742767333984375" lon="108.9280769415199756622314453125">
        <ele>461</ele>
        <time>2026-10-08T00:28:07.000Z</time>
        <extensions>
          <ns3:TrackPointExtension>
            <ns3:hr>147</ns3:hr>
            <ns3:cad>89</ns3:cad>
          </ns3:TrackPointExtension>
        </extensions>
      </trkpt>
      <trkpt lat="34.17447290383279323577880859375" lon="108.928100578486919403076171875">
        <ele>460.79998779296875</ele>
        <time>2026-10-08T00:28:08.000Z</time>
        <extensions>
          <ns3:TrackPointExtension>
            <ns3:hr>147</ns3:hr>
            <ns3:cad>88</ns3:cad>
          </ns3:TrackPointExtension>
        </extensions>
      </trkpt>
      <trkpt lat="34.17446368373930454254150390625" lon="108.92813377082347869873046875">
        <ele>460.79998779296875</ele>
        <time>2026-10-08T00:28:09.000Z</time>
        <extensions>
          <ns3:TrackPointExtension>
            <ns3:hr>147</ns3:hr>
            <ns3:cad>88</ns3:cad>
          </ns3:TrackPointExtension>
        </extensions>
      </trkpt>
      <trkpt lat="34.17446720413863658905029296875" lon="108.9281624369323253631591796875">
        <ele>460.600006103515625</ele>
        <time>2026-10-08T00:28:10.000Z</time>
        <extensions>
          <ns3:TrackPointExtension>
            <ns3:hr>147</ns3:hr>
            <ns3:cad>88</ns3:cad>
          </ns3:TrackPointExtension>
        </extensions>
      </trkpt>
      <trkpt lat="34.1744641028344631195068359375" lon="108.92819571308791637420654296875">
        <ele>460.600006103515625</ele>
        <time>2026-10-08T00:28:11.000Z</time>
        <extensions>
          <ns3:TrackPointExtension>
            <ns3:hr>148</ns3:hr>
            <ns3:cad>88</ns3:cad>
          </ns3:TrackPointExtension>
        </extensions>
      </trkpt>
      <trkpt lat="34.1744624264538288116455078125" lon="108.92822018824517726898193359375">
        <ele>460.399993896484375</ele>
        <time>2026-10-08T00:28:12.000Z</time>
        <extensions>
          <ns3:TrackPointExtension>
            <ns3:hr>147</ns3:hr>
            <ns3:cad>88</ns3:cad>
          </ns3:TrackPointExtension>
        </extensions>
      </trkpt>
      <trkpt lat="34.17446267791092395782470703125" lon="108.92825237475335597991943359375">
        <ele>460.20001220703125</ele>
        <time>2026-10-08T00:28:13.000Z</time>
        <extensions>
          <ns3:TrackPointExtension>
            <ns3:hr>147</ns3:hr>
            <ns3:cad>88</ns3:cad>
          </ns3:TrackPointExtension>
        </extensions>
      </trkpt>
      <trkpt lat="34.17446485720574855804443359375" lon="108.92827718518674373626708984375">
        <ele>460.20001220703125</ele>
        <time>2026-10-08T00:28:14.000Z</time>
        <extensions>
          <ns3:TrackPointExtension>
            <ns3:hr>147</ns3:hr>
            <ns3:cad>88</ns3:cad>
          </ns3:TrackPointExtension>
        </extensions>
      </trkpt>
      <trkpt lat="34.174463264644145965576171875" lon="108.92831272445619106292724609375">
        <ele>460</ele>
        <time>2026-10-08T00:28:15.000Z</time>
        <extensions>
          <ns3:TrackPointExtension>
            <ns3:hr>147</ns3:hr>
            <ns3:cad>89</ns3:cad>
          </ns3:TrackPointExtension>
        </extensions>
      </trkpt>
      <trkpt lat="34.17446200735867023468017578125" lon="108.9283367805182933807373046875">
        <ele>459.79998779296875</ele>
        <time>2026-10-08T00:28:16.000Z</time>
        <extensions>
          <ns3:TrackPointExtension>
            <ns3:hr>146</ns3:hr>
            <ns3:cad>89</ns3:cad>
          </ns3:TrackPointExtension>
        </extensions>
      </trkpt>
      <trkpt lat="34.17445731349289417266845703125" lon="108.92837223596870899200439453125">
        <ele>459.79998779296875</ele>
        <time>2026-10-08T00:28:17.000Z</time>
        <extensions>
          <ns3:TrackPointExtension>
            <ns3:hr>146</ns3:hr>
            <ns3:cad>89</ns3:cad>
          </ns3:TrackPointExtension>
        </extensions>
      </trkpt>
      <trkpt lat="34.17445815168321132659912109375" lon="108.92839503474533557891845703125">
        <ele>459.600006103515625</ele>
        <time>2026-10-08T00:28:18.000Z</time>
        <extensions>
          <ns3:TrackPointExtension>
            <ns3:hr>146</ns3:hr>
            <ns3:cad>88</ns3:cad>
          </ns3:TrackPointExtension>
        </extensions>
      </trkpt>
      <trkpt lat="34.1744550503790378570556640625" lon="108.9284319989383220672607421875">
        <ele>459.399993896484375</ele>
        <time>2026-10-08T00:28:19.000Z</time>
        <extensions>
          <ns3:TrackPointExtension>
            <ns3:hr>145</ns3:hr>
            <ns3:cad>88</ns3:cad>
          </ns3:TrackPointExtension>
        </extensions>
      </trkpt>
      <trkpt lat="34.17445085942745208740234375" lon="108.92845940776169300079345703125">
        <ele>459.399993896484375</ele>
        <time>2026-10-08T00:28:20.000Z</time>
        <extensions>
          <ns3:TrackPointExtension>
            <ns3:hr>144</ns3:hr>
            <ns3:cad>89</ns3:cad>
          </ns3:TrackPointExtension>
        </extensions>
      </trkpt>
      <trkpt lat="34.17444817721843719482421875" lon="108.9284883253276348114013671875">
        <ele>459.20001220703125</ele>
        <time>2026-10-08T00:28:21.000Z</time>
        <extensions>
          <ns3:TrackPointExtension>
            <ns3:hr>144</ns3:hr>
            <ns3:cad>89</ns3:cad>
          </ns3:TrackPointExtension>
        </extensions>
      </trkpt>
      <trkpt lat="34.17444708757102489471435546875" lon="108.92851523123681545257568359375">
        <ele>459.20001220703125</ele>
        <time>2026-10-08T00:28:22.000Z</time>
        <extensions>
          <ns3:TrackPointExtension>
            <ns3:hr>143</ns3:hr>
            <ns3:cad>89</ns3:cad>
          </ns3:TrackPointExtension>
        </extensions>
      </trkpt>
      <trkpt lat="34.17443904094398021697998046875" lon="108.9285488426685333251953125">
        <ele>459</ele>
        <time>2026-10-08T00:28:23.000Z</time>
        <extensions>
          <ns3:TrackPointExtension>
            <ns3:hr>143</ns3:hr>
            <ns3:cad>89</ns3:cad>
          </ns3:TrackPointExtension>
        </extensions>
      </trkpt>
      <trkpt lat="34.174435101449489593505859375" lon="108.9285761676728725433349609375">
        <ele>459</ele>
        <time>2026-10-08T00:28:24.000Z</time>
        <extensions>
          <ns3:TrackPointExtension>
            <ns3:hr>143</ns3:hr>
            <ns3:cad>89</ns3:cad>
          </ns3:TrackPointExtension>
        </extensions>
      </trkpt>
      <trkpt lat="34.1744329221546649932861328125" lon="108.92861296422779560089111328125">
        <ele>458.79998779296875</ele>
        <time>2026-10-08T00:28:25.000Z</time>
        <extensions>
          <ns3:TrackPointExtension>
            <ns3:hr>143</ns3:hr>
            <ns3:cad>89</ns3:cad>
          </ns3:TrackPointExtension>
        </extensions>
      </trkpt>
      <trkpt lat="34.17442982085049152374267578125" lon="108.92864548601210117340087890625">
        <ele>458.79998779296875</ele>
        <time>2026-10-08T00:28:26.000Z</time>
        <extensions>
          <ns3:TrackPointExtension>
            <ns3:hr>142</ns3:hr>
            <ns3:cad>89</ns3:cad>
          </ns3:TrackPointExtension>
        </extensions>
      </trkpt>
      <trkpt lat="34.1744340956211090087890625" lon="108.92868320457637310028076171875">
        <ele>458.600006103515625</ele>
        <time>2026-10-08T00:28:27.000Z</time>
        <extensions>
          <ns3:TrackPointExtension>
            <ns3:hr>142</ns3:hr>
            <ns3:cad>89</ns3:cad>
          </ns3:TrackPointExtension>
        </extensions>
      </trkpt>
      <trkpt lat="34.1744421422481536865234375" lon="108.928714804351329803466796875">
        <ele>458.399993896484375</ele>
        <time>2026-10-08T00:28:28.000Z</time>
        <extensions>
          <ns3:TrackPointExtension>
            <ns3:hr>142</ns3:hr>
            <ns3:cad>88</ns3:cad>
          </ns3:TrackPointExtension>
        </extensions>
      </trkpt>
      <trkpt lat="34.1744584031403064727783203125" lon="108.92873902805149555206298828125">
        <ele>458.399993896484375</ele>
        <time>2026-10-08T00:28:29.000Z</time>
        <extensions>
          <ns3:TrackPointExtension>
            <ns3:hr>141</ns3:hr>
            <ns3:cad>88</ns3:cad>
          </ns3:TrackPointExtension>
        </extensions>
      </trkpt>
      <trkpt lat="34.17447340674698352813720703125" lon="108.9287582226097583770751953125">
        <ele>458.399993896484375</ele>
        <time>2026-10-08T00:28:30.000Z</time>
        <extensions>
          <ns3:TrackPointExtension>
            <ns3:hr>141</ns3:hr>
            <ns3:cad>88</ns3:cad>
          </ns3:TrackPointExtension>
        </extensions>
      </trkpt>
      <trkpt lat="34.1745038330554962158203125" lon="108.9287674427032470703125">
        <ele>458.20001220703125</ele>
        <time>2026-10-08T00:28:31.000Z</time>
        <extensions>
          <ns3:TrackPointExtension>
            <ns3:hr>141</ns3:hr>
            <ns3:cad>88</ns3:cad>
          </ns3:TrackPointExtension>
        </extensions>
      </trkpt>
      <trkpt lat="34.1745304875075817108154296875" lon="108.928773142397403717041015625">
        <ele>458.20001220703125</ele>
        <time>2026-10-08T00:28:32.000Z</time>
        <extensions>
          <ns3:TrackPointExtension>
            <ns3:hr>141</ns3:hr>
            <ns3:cad>88</ns3:cad>
          </ns3:TrackPointExtension>
        </extensions>
      </trkpt>
      <trkpt lat="34.174561165273189544677734375" lon="108.92877004109323024749755859375">
        <ele>458.399993896484375</ele>
        <time>2026-10-08T00:28:33.000Z</time>
        <extensions>
          <ns3:TrackPointExtension>
            <ns3:hr>141</ns3:hr>
            <ns3:cad>89</ns3:cad>
          </ns3:TrackPointExtension>
        </extensions>
      </trkpt>
      <trkpt lat="34.17458656243979930877685546875" lon="108.928761072456836700439453125">
        <ele>458.399993896484375</ele>
        <time>2026-10-08T00:28:34.000Z</time>
        <extensions>
          <ns3:TrackPointExtension>
            <ns3:hr>141</ns3:hr>
            <ns3:cad>90</ns3:cad>
          </ns3:TrackPointExtension>
        </extensions>
      </trkpt>
      <trkpt lat="34.1746139712631702423095703125" lon="108.92874556593596935272216796875">
        <ele>458.399993896484375</ele>
        <time>2026-10-08T00:28:35.000Z</time>
        <extensions>
          <ns3:TrackPointExtension>
            <ns3:hr>141</ns3:hr>
            <ns3:cad>90</ns3:cad>
          </ns3:TrackPointExtension>
        </extensions>
      </trkpt>
      <trkpt lat="34.1746360994875431060791015625" lon="108.9287314005196094512939453125">
        <ele>458.399993896484375</ele>
        <time>2026-10-08T00:28:36.000Z</time>
        <extensions>
          <ns3:TrackPointExtension>
            <ns3:hr>141</ns3:hr>
            <ns3:cad>90</ns3:cad>
          </ns3:TrackPointExtension>
        </extensions>
      </trkpt>
      <trkpt lat="34.17465361766517162322998046875" lon="108.92871254123747348785400390625">
        <ele>458.399993896484375</ele>
        <time>2026-10-08T00:28:37.000Z</time>
        <extensions>
          <ns3:TrackPointExtension>
            <ns3:hr>141</ns3:hr>
            <ns3:cad>89</ns3:cad>
          </ns3:TrackPointExtension>
        </extensions>
      </trkpt>
      <trkpt lat="34.17466945946216583251953125" lon="108.9286868087947368621826171875">
        <ele>458.399993896484375</ele>
        <time>2026-10-08T00:28:38.000Z</time>
        <extensions>
          <ns3:TrackPointExtension>
            <ns3:hr>141</ns3:hr>
            <ns3:cad>89</ns3:cad>
          </ns3:TrackPointExtension>
        </extensions>
      </trkpt>
      <trkpt lat="34.17468043975532054901123046875" lon="108.92865889705717563629150390625">
        <ele>458.399993896484375</ele>
        <time>2026-10-08T00:28:39.000Z</time>
        <extensions>
          <ns3:TrackPointExtension>
            <ns3:hr>141</ns3:hr>
            <ns3:cad>89</ns3:cad>
          </ns3:TrackPointExtension>
        </extensions>
      </trkpt>
      <trkpt lat="34.174690581858158111572265625" lon="108.928625620901584625244140625">
        <ele>458.399993896484375</ele>
        <time>2026-10-08T00:28:40.000Z</time>
        <extensions>
          <ns3:TrackPointExtension>
            <ns3:hr>141</ns3:hr>
            <ns3:cad>89</ns3:cad>
          </ns3:TrackPointExtension>
        </extensions>
      </trkpt>
      <trkpt lat="34.1746998019516468048095703125" lon="108.9285932667553424835205078125">
        <ele>458.20001220703125</ele>
        <time>2026-10-08T00:28:41.000Z</time>
        <extensions>
          <ns3:TrackPointExtension>
            <ns3:hr>141</ns3:hr>
            <ns3:cad>89</ns3:cad>
          </ns3:TrackPointExtension>
        </extensions>
      </trkpt>
      <trkpt lat="34.1747023165225982666015625" lon="108.9285634271800518035888671875">
        <ele>458.20001220703125</ele>
        <time>2026-10-08T00:28:42.000Z</time>
        <extensions>
          <ns3:TrackPointExtension>
            <ns3:hr>141</ns3:hr>
            <ns3:cad>89</ns3:cad>
          </ns3:TrackPointExtension>
        </extensions>
      </trkpt>
      <trkpt lat="34.17470608837902545928955078125" lon="108.92853341996669769287109375">
        <ele>458.20001220703125</ele>
        <time>2026-10-08T00:28:43.000Z</time>
        <extensions>
          <ns3:TrackPointExtension>
            <ns3:hr>141</ns3:hr>
            <ns3:cad>89</ns3:cad>
          </ns3:TrackPointExtension>
        </extensions>
      </trkpt>
      <trkpt lat="34.1747148893773555755615234375" lon="108.9285010658204555511474609375">
        <ele>458.20001220703125</ele>
        <time>2026-10-08T00:28:44.000Z</time>
        <extensions>
          <ns3:TrackPointExtension>
            <ns3:hr>141</ns3:hr>
            <ns3:cad>89</ns3:cad>
          </ns3:TrackPointExtension>
        </extensions>
      </trkpt>
      <trkpt lat="34.17471782304346561431884765625" lon="108.92847751267254352569580078125">
        <ele>458.20001220703125</ele>
        <time>2026-10-08T00:28:45.000Z</time>
        <extensions>
          <ns3:TrackPointExtension>
            <ns3:hr>141</ns3:hr>
            <ns3:cad>89</ns3:cad>
          </ns3:TrackPointExtension>
        </extensions>
      </trkpt>
      <trkpt lat="34.17472134344279766082763671875" lon="108.92844448797404766082763671875">
        <ele>458.20001220703125</ele>
        <time>2026-10-08T00:28:46.000Z</time>
        <extensions>
          <ns3:TrackPointExtension>
            <ns3:hr>141</ns3:hr>
            <ns3:cad>89</ns3:cad>
          </ns3:TrackPointExtension>
        </extensions>
      </trkpt>
      <trkpt lat="34.174726121127605438232421875" lon="108.92842076718807220458984375">
        <ele>458</ele>
        <time>2026-10-08T00:28:47.000Z</time>
        <extensions>
          <ns3:TrackPointExtension>
            <ns3:hr>141</ns3:hr>
            <ns3:cad>89</ns3:cad>
          </ns3:TrackPointExtension>
        </extensions>
      </trkpt>
      <trkpt lat="34.1747427172958850860595703125" lon="108.9283874072134494781494140625">
        <ele>458</ele>
        <time>2026-10-08T00:28:48.000Z</time>
        <extensions>
          <ns3:TrackPointExtension>
            <ns3:hr>141</ns3:hr>
            <ns3:cad>89</ns3:cad>
          </ns3:TrackPointExtension>
        </extensions>
      </trkpt>
      <trkpt lat="34.17475990019738674163818359375" lon="108.92836653627455234527587890625">
        <ele>458</ele>
        <time>2026-10-08T00:28:49.000Z</time>
        <extensions>
          <ns3:TrackPointExtension>
            <ns3:hr>141</ns3:hr>
            <ns3:cad>88</ns3:cad>
          </ns3:TrackPointExtension>
        </extensions>
      </trkpt>
      <trkpt lat="34.174792505800724029541015625" lon="108.9283572323620319366455078125">
        <ele>458</ele>
        <time>2026-10-08T00:28:50.000Z</time>
        <extensions>
          <ns3:TrackPointExtension>
            <ns3:hr>141</ns3:hr>
            <ns3:cad>88</ns3:cad>
          </ns3:TrackPointExtension>
        </extensions>
      </trkpt>
      <trkpt lat="34.17481220327317714691162109375" lon="108.92836653627455234527587890625">
        <ele>457.79998779296875</ele>
        <time>2026-10-08T00:28:51.000Z</time>
        <extensions>
          <ns3:TrackPointExtension>
            <ns3:hr>142</ns3:hr>
            <ns3:cad>88</ns3:cad>
          </ns3:TrackPointExtension>
        </extensions>
      </trkpt>
      <trkpt lat="34.1748352535068988800048828125" lon="108.92838346771895885467529296875">
        <ele>457.79998779296875</ele>
        <time>2026-10-08T00:28:52.000Z</time>
        <extensions>
          <ns3:TrackPointExtension>
            <ns3:hr>142</ns3:hr>
            <ns3:cad>88</ns3:cad>
          </ns3:TrackPointExtension>
        </extensions>
      </trkpt>
      <trkpt lat="34.1748513467609882354736328125" lon="108.9284028299152851104736328125">
        <ele>457.79998779296875</ele>
        <time>2026-10-08T00:28:53.000Z</time>
        <extensions>
          <ns3:TrackPointExtension>
            <ns3:hr>142</ns3:hr>
            <ns3:cad>88</ns3:cad>
          </ns3:TrackPointExtension>
        </extensions>
      </trkpt>
      <trkpt lat="34.17487020604312419891357421875" lon="108.9284256286919116973876953125">
        <ele>457.600006103515625</ele>
        <time>2026-10-08T00:28:54.000Z</time>
        <extensions>
          <ns3:TrackPointExtension>
            <ns3:hr>143</ns3:hr>
            <ns3:cad>87</ns3:cad>
          </ns3:TrackPointExtension>
        </extensions>
      </trkpt>
      <trkpt lat="34.17488277889788150787353515625" lon="108.928447254002094268798828125">
        <ele>457.600006103515625</ele>
        <time>2026-10-08T00:28:55.000Z</time>
        <extensions>
          <ns3:TrackPointExtension>
            <ns3:hr>143</ns3:hr>
            <ns3:cad>87</ns3:cad>
          </ns3:TrackPointExtension>
        </extensions>
      </trkpt>
      <trkpt lat="34.17489719577133655548095703125" lon="108.92847617156803607940673828125">
        <ele>457.399993896484375</ele>
        <time>2026-10-08T00:28:56.000Z</time>
        <extensions>
          <ns3:TrackPointExtension>
            <ns3:hr>143</ns3:hr>
            <ns3:cad>90</ns3:cad>
          </ns3:TrackPointExtension>
        </extensions>
      </trkpt>
      <trkpt lat="34.17490825988352298736572265625" lon="108.92849410884082317352294921875">
        <ele>457.399993896484375</ele>
        <time>2026-10-08T00:28:57.000Z</time>
        <extensions>
          <ns3:TrackPointExtension>
            <ns3:hr>144</ns3:hr>
            <ns3:cad>90</ns3:cad>
          </ns3:TrackPointExtension>
        </extensions>
      </trkpt>
      <trkpt lat="34.1749237664043903350830078125" lon="108.92852294258773326873779296875">
        <ele>457.399993896484375</ele>
        <time>2026-10-08T00:28:58.000Z</time>
        <extensions>
          <ns3:TrackPointExtension>
            <ns3:hr>144</ns3:hr>
            <ns3:cad>90</ns3:cad>
          </ns3:TrackPointExtension>
        </extensions>
      </trkpt>
      <trkpt lat="34.1749344952404499053955078125" lon="108.928545825183391571044921875">
        <ele>457.399993896484375</ele>
        <time>2026-10-08T00:28:59.000Z</time>
        <extensions>
          <ns3:TrackPointExtension>
            <ns3:hr>144</ns3:hr>
            <ns3:cad>90</ns3:cad>
          </ns3:TrackPointExtension>
        </extensions>
      </trkpt>
      <trkpt lat="34.17495033703744411468505859375" lon="108.9285771735012531280517578125">
        <ele>457.399993896484375</ele>
        <time>2026-10-08T00:29:00.000Z</time>
        <extensions>
          <ns3:TrackPointExtension>
            <ns3:hr>144</ns3:hr>
            <ns3:cad>88</ns3:cad>
          </ns3:TrackPointExtension>
        </extensions>
      </trkpt>
      <trkpt lat="34.1749589703977108001708984375" lon="108.92860114574432373046875">
        <ele>457.399993896484375</ele>
        <time>2026-10-08T00:29:01.000Z</time>
        <extensions>
          <ns3:TrackPointExtension>
            <ns3:hr>145</ns3:hr>
            <ns3:cad>88</ns3:cad>
          </ns3:TrackPointExtension>
        </extensions>
      </trkpt>
      <trkpt lat="34.1749727167189121246337890625" lon="108.928628973662853240966796875">
        <ele>457.399993896484375</ele>
        <time>2026-10-08T00:29:02.000Z</time>
        <extensions>
          <ns3:TrackPointExtension>
            <ns3:hr>145</ns3:hr>
            <ns3:cad>88</ns3:cad>
          </ns3:TrackPointExtension>
        </extensions>
      </trkpt>
      <trkpt lat="34.17498503811657428741455078125" lon="108.928653784096240997314453125">
        <ele>457.20001220703125</ele>
        <time>2026-10-08T00:29:03.000Z</time>
        <extensions>
          <ns3:TrackPointExtension>
            <ns3:hr>145</ns3:hr>
            <ns3:cad>88</ns3:cad>
          </ns3:TrackPointExtension>
        </extensions>
      </trkpt>
      <trkpt lat="34.17500247247517108917236328125" lon="108.92868085764348506927490234375">
        <ele>457.20001220703125</ele>
        <time>2026-10-08T00:29:04.000Z</time>
        <extensions>
          <ns3:TrackPointExtension>
            <ns3:hr>145</ns3:hr>
            <ns3:cad>88</ns3:cad>
          </ns3:TrackPointExtension>
        </extensions>
      </trkpt>
      <trkpt lat="34.17501906864345073699951171875" lon="108.92870449461042881011962890625">
        <ele>457.20001220703125</ele>
        <time>2026-10-08T00:29:05.000Z</time>
        <extensions>
          <ns3:TrackPointExtension>
            <ns3:hr>145</ns3:hr>
            <ns3:cad>89</ns3:cad>
          </ns3:TrackPointExtension>
        </extensions>
      </trkpt>
      <trkpt lat="34.1750375926494598388671875" lon="108.92873265780508518218994140625">
        <ele>457.20001220703125</ele>
        <time>2026-10-08T00:29:06.000Z</time>
        <extensions>
          <ns3:TrackPointExtension>
            <ns3:hr>145</ns3:hr>
            <ns3:cad>89</ns3:cad>
          </ns3:TrackPointExtension>
        </extensions>
      </trkpt>
      <trkpt lat="34.1750551946461200714111328125" lon="108.92875243909657001495361328125">
        <ele>457.20001220703125</ele>
        <time>2026-10-08T00:29:07.000Z</time>
        <extensions>
          <ns3:TrackPointExtension>
            <ns3:hr>145</ns3:hr>
            <ns3:cad>90</ns3:cad>
          </ns3:TrackPointExtension>
        </extensions>
      </trkpt>
      <trkpt lat="34.17506969533860683441162109375" lon="108.9287739805877208709716796875">
        <ele>457.20001220703125</ele>
        <time>2026-10-08T00:29:08.000Z</time>
        <extensions>
          <ns3:TrackPointExtension>
            <ns3:hr>146</ns3:hr>
            <ns3:cad>90</ns3:cad>
          </ns3:TrackPointExtension>
        </extensions>
      </trkpt>
      <trkpt lat="34.17508629150688648223876953125" lon="108.92879627645015716552734375">
        <ele>457.20001220703125</ele>
        <time>2026-10-08T00:29:09.000Z</time>
        <extensions>
          <ns3:TrackPointExtension>
            <ns3:hr>146</ns3:hr>
            <ns3:cad>89</ns3:cad>
          </ns3:TrackPointExtension>
        </extensions>
      </trkpt>
      <trkpt lat="34.17510272003710269927978515625" lon="108.92881614156067371368408203125">
        <ele>457</ele>
        <time>2026-10-08T00:29:10.000Z</time>
        <extensions>
          <ns3:TrackPointExtension>
            <ns3:hr>146</ns3:hr>
            <ns3:cad>88</ns3:cad>
          </ns3:TrackPointExtension>
        </extensions>
      </trkpt>
      <trkpt lat="34.1751185618340969085693359375" lon="108.92884849570691585540771484375">
        <ele>457</ele>
        <time>2026-10-08T00:29:11.000Z</time>
        <extensions>
          <ns3:TrackPointExtension>
            <ns3:hr>147</ns3:hr>
            <ns3:cad>88</ns3:cad>
          </ns3:TrackPointExtension>
        </extensions>
      </trkpt>
      <trkpt lat="34.17513390071690082550048828125" lon="108.928872384130954742431640625">
        <ele>457</ele>
        <time>2026-10-08T00:29:12.000Z</time>
        <extensions>
          <ns3:TrackPointExtension>
            <ns3:hr>147</ns3:hr>
            <ns3:cad>88</ns3:cad>
          </ns3:TrackPointExtension>
        </extensions>
      </trkpt>
      <trkpt lat="34.175149910151958465576171875" lon="108.9288983680307865142822265625">
        <ele>457</ele>
        <time>2026-10-08T00:29:13.000Z</time>
        <extensions>
          <ns3:TrackPointExtension>
            <ns3:hr>147</ns3:hr>
            <ns3:cad>88</ns3:cad>
          </ns3:TrackPointExtension>
        </extensions>
      </trkpt>
      <trkpt lat="34.1751690208911895751953125" lon="108.92891429364681243896484375">
        <ele>456.79998779296875</ele>
        <time>2026-10-08T00:29:14.000Z</time>
        <extensions>
          <ns3:TrackPointExtension>
            <ns3:hr>147</ns3:hr>
            <ns3:cad>88</ns3:cad>
          </ns3:TrackPointExtension>
        </extensions>
      </trkpt>
      <trkpt lat="34.17518687434494495391845703125" lon="108.9289349131286144256591796875">
        <ele>457</ele>
        <time>2026-10-08T00:29:15.000Z</time>
        <extensions>
          <ns3:TrackPointExtension>
            <ns3:hr>147</ns3:hr>
            <ns3:cad>88</ns3:cad>
          </ns3:TrackPointExtension>
        </extensions>
      </trkpt>
      <trkpt lat="34.17520648799836635589599609375" lon="108.9289458096027374267578125">
        <ele>457</ele>
        <time>2026-10-08T00:29:16.000Z</time>
        <extensions>
          <ns3:TrackPointExtension>
            <ns3:hr>146</ns3:hr>
            <ns3:cad>89</ns3:cad>
          </ns3:TrackPointExtension>
        </extensions>
      </trkpt>
      <trkpt lat="34.17523213662207126617431640625" lon="108.9289613999426364898681640625">
        <ele>457</ele>
        <time>2026-10-08T00:29:17.000Z</time>
        <extensions>
          <ns3:TrackPointExtension>
            <ns3:hr>147</ns3:hr>
            <ns3:cad>89</ns3:cad>
          </ns3:TrackPointExtension>
        </extensions>
      </trkpt>
      <trkpt lat="34.1752577014267444610595703125" lon="108.928968608379364013671875">
        <ele>456.79998779296875</ele>
        <time>2026-10-08T00:29:18.000Z</time>
        <extensions>
          <ns3:TrackPointExtension>
            <ns3:hr>147</ns3:hr>
            <ns3:cad>89</ns3:cad>
          </ns3:TrackPointExtension>
        </extensions>
      </trkpt>
      <trkpt lat="34.17528242804110050201416015625" lon="108.9289838634431362152099609375">
        <ele>456.79998779296875</ele>
        <time>2026-10-08T00:29:19.000Z</time>
        <extensions>
          <ns3:TrackPointExtension>
            <ns3:hr>148</ns3:hr>
            <ns3:cad>89</ns3:cad>
          </ns3:TrackPointExtension>
        </extensions>
      </trkpt>
      <trkpt lat="34.17530589736998081207275390625" lon="108.92899383790791034698486328125">
        <ele>456.79998779296875</ele>
        <time>2026-10-08T00:29:20.000Z</time>
        <extensions>
          <ns3:TrackPointExtension>
            <ns3:hr>148</ns3:hr>
            <ns3:cad>89</ns3:cad>
          </ns3:TrackPointExtension>
        </extensions>
      </trkpt>
      <trkpt lat="34.175330959260463714599609375" lon="108.92901730723679065704345703125">
        <ele>456.79998779296875</ele>
        <time>2026-10-08T00:29:21.000Z</time>
        <extensions>
          <ns3:TrackPointExtension>
            <ns3:hr>148</ns3:hr>
            <ns3:cad>89</ns3:cad>
          </ns3:TrackPointExtension>
        </extensions>
      </trkpt>
      <trkpt lat="34.1753519140183925628662109375" lon="108.9290385134518146514892578125">
        <ele>456.600006103515625</ele>
        <time>2026-10-08T00:29:22.000Z</time>
        <extensions>
          <ns3:TrackPointExtension>
            <ns3:hr>148</ns3:hr>
            <ns3:cad>89</ns3:cad>
          </ns3:TrackPointExtension>
        </extensions>
      </trkpt>
      <trkpt lat="34.17536708526313304901123046875" lon="108.929066173732280731201171875">
        <ele>456.600006103515625</ele>
        <time>2026-10-08T00:29:23.000Z</time>
        <extensions>
          <ns3:TrackPointExtension>
            <ns3:hr>149</ns3:hr>
            <ns3:cad>89</ns3:cad>
          </ns3:TrackPointExtension>
        </extensions>
      </trkpt>
      <trkpt lat="34.17538217268884181976318359375" lon="108.92909492366015911102294921875">
        <ele>456.600006103515625</ele>
        <time>2026-10-08T00:29:24.000Z</time>
        <extensions>
          <ns3:TrackPointExtension>
            <ns3:hr>148</ns3:hr>
            <ns3:cad>89</ns3:cad>
          </ns3:TrackPointExtension>
        </extensions>
      </trkpt>
      <trkpt lat="34.175390303134918212890625" lon="108.92912744544446468353271484375">
        <ele>456.600006103515625</ele>
        <time>2026-10-08T00:29:25.000Z</time>
        <extensions>
          <ns3:TrackPointExtension>
            <ns3:hr>148</ns3:hr>
            <ns3:cad>89</ns3:cad>
          </ns3:TrackPointExtension>
        </extensions>
      </trkpt>
      <trkpt lat="34.1753938235342502593994140625" lon="108.92915460281074047088623046875">
        <ele>456.399993896484375</ele>
        <time>2026-10-08T00:29:26.000Z</time>
        <extensions>
          <ns3:TrackPointExtension>
            <ns3:hr>148</ns3:hr>
            <ns3:cad>89</ns3:cad>
          </ns3:TrackPointExtension>
        </extensions>
      </trkpt>
      <trkpt lat="34.175395667552947998046875" lon="108.9291833527386188507080078125">
        <ele>456.399993896484375</ele>
        <time>2026-10-08T00:29:27.000Z</time>
        <extensions>
          <ns3:TrackPointExtension>
            <ns3:hr>149</ns3:hr>
            <ns3:cad>90</ns3:cad>
          </ns3:TrackPointExtension>
        </extensions>
      </trkpt>
      <trkpt lat="34.1753975115716457366943359375" lon="108.92921310849487781524658203125">
        <ele>456.399993896484375</ele>
        <time>2026-10-08T00:29:28.000Z</time>
        <extensions>
          <ns3:TrackPointExtension>
            <ns3:hr>148</ns3:hr>
            <ns3:cad>89</ns3:cad>
          </ns3:TrackPointExtension>
        </extensions>
      </trkpt>
      <trkpt lat="34.17539633810520172119140625" lon="108.92924730665981769561767578125">
        <ele>456.399993896484375</ele>
        <time>2026-10-08T00:29:29.000Z</time>
        <extensions>
          <ns3:TrackPointExtension>
            <ns3:hr>148</ns3:hr>
            <ns3:cad>89</ns3:cad>
          </ns3:TrackPointExtension>
        </extensions>
      </trkpt>
      <trkpt lat="34.17538854293525218963623046875" lon="108.92928116954863071441650390625">
        <ele>456.399993896484375</ele>
        <time>2026-10-08T00:29:30.000Z</time>
        <extensions>
          <ns3:TrackPointExtension>
            <ns3:hr>149</ns3:hr>
            <ns3:cad>89</ns3:cad>
          </ns3:TrackPointExtension>
        </extensions>
      </trkpt>
      <trkpt lat="34.17536683380603790283203125" lon="108.92932324670255184173583984375">
        <ele>456.399993896484375</ele>
        <time>2026-10-08T00:29:31.000Z</time>
        <extensions>
          <ns3:TrackPointExtension>
            <ns3:hr>148</ns3:hr>
            <ns3:cad>89</ns3:cad>
          </ns3:TrackPointExtension>
        </extensions>
      </trkpt>
      <trkpt lat="34.17535082437098026275634765625" lon="108.92934621311724185943603515625">
        <ele>456.399993896484375</ele>
        <time>2026-10-08T00:29:32.000Z</time>
        <extensions>
          <ns3:TrackPointExtension>
            <ns3:hr>149</ns3:hr>
            <ns3:cad>88</ns3:cad>
          </ns3:TrackPointExtension>
        </extensions>
      </trkpt>
      <trkpt lat="34.17532416991889476776123046875" lon="108.9293647371232509613037109375">
        <ele>456.399993896484375</ele>
        <time>2026-10-08T00:29:33.000Z</time>
        <extensions>
          <ns3:TrackPointExtension>
            <ns3:hr>149</ns3:hr>
            <ns3:cad>88</ns3:cad>
          </ns3:TrackPointExtension>
        </extensions>
      </trkpt>
      <trkpt lat="34.1753004491329193115234375" lon="108.92937638796865940093994140625">
        <ele>456.600006103515625</ele>
        <time>2026-10-08T00:29:34.000Z</time>
        <extensions>
          <ns3:TrackPointExtension>
            <ns3:hr>150</ns3:hr>
            <ns3:cad>88</ns3:cad>
          </ns3:TrackPointExtension>
        </extensions>
      </trkpt>
      <trkpt lat="34.1752721183001995086669921875" lon="108.929389379918575286865234375">
        <ele>456.600006103515625</ele>
        <time>2026-10-08T00:29:35.000Z</time>
        <extensions>
          <ns3:TrackPointExtension>
            <ns3:hr>150</ns3:hr>
            <ns3:cad>88</ns3:cad>
          </ns3:TrackPointExtension>
        </extensions>
      </trkpt>
      <trkpt lat="34.17525149881839752197265625" lon="108.9294026233255863189697265625">
        <ele>456.600006103515625</ele>
        <time>2026-10-08T00:29:36.000Z</time>
        <extensions>
          <ns3:TrackPointExtension>
            <ns3:hr>150</ns3:hr>
            <ns3:cad>89</ns3:cad>
          </ns3:TrackPointExtension>
        </extensions>
      </trkpt>
      <trkpt lat="34.17522341944277286529541015625" lon="108.92941989004611968994140625">
        <ele>456.600006103515625</ele>
        <time>2026-10-08T00:29:37.000Z</time>
        <extensions>
          <ns3:TrackPointExtension>
            <ns3:hr>151</ns3:hr>
            <ns3:cad>91</ns3:cad>
          </ns3:TrackPointExtension>
        </extensions>
      </trkpt>
      <trkpt lat="34.17520430870354175567626953125" lon="108.9294395036995410919189453125">
        <ele>456.600006103515625</ele>
        <time>2026-10-08T00:29:38.000Z</time>
        <extensions>
          <ns3:TrackPointExtension>
            <ns3:hr>152</ns3:hr>
            <ns3:cad>91</ns3:cad>
          </ns3:TrackPointExtension>
        </extensions>
      </trkpt>
      <trkpt lat="34.17518083937466144561767578125" lon="108.92946557141840457916259765625">
        <ele>456.79998779296875</ele>
        <time>2026-10-08T00:29:39.000Z</time>
        <extensions>
          <ns3:TrackPointExtension>
            <ns3:hr>152</ns3:hr>
            <ns3:cad>90</ns3:cad>
          </ns3:TrackPointExtension>
        </extensions>
      </trkpt>
      <trkpt lat="34.17516474612057209014892578125" lon="108.9294881187379360198974609375">
        <ele>456.79998779296875</ele>
        <time>2026-10-08T00:29:40.000Z</time>
        <extensions>
          <ns3:TrackPointExtension>
            <ns3:hr>153</ns3:hr>
            <ns3:cad>90</ns3:cad>
          </ns3:TrackPointExtension>
        </extensions>
      </trkpt>
      <trkpt lat="34.17514110915362834930419921875" lon="108.92951033078134059906005859375">
        <ele>456.79998779296875</ele>
        <time>2026-10-08T00:29:41.000Z</time>
        <extensions>
          <ns3:TrackPointExtension>
            <ns3:hr>153</ns3:hr>
            <ns3:cad>90</ns3:cad>
          </ns3:TrackPointExtension>
        </extensions>
      </trkpt>
      <trkpt lat="34.17512635700404644012451171875" lon="108.92952793277800083160400390625">
        <ele>456.79998779296875</ele>
        <time>2026-10-08T00:29:42.000Z</time>
        <extensions>
          <ns3:TrackPointExtension>
            <ns3:hr>153</ns3:hr>
            <ns3:cad>90</ns3:cad>
          </ns3:TrackPointExtension>
        </extensions>
      </trkpt>
      <trkpt lat="34.17510665953159332275390625" lon="108.9295565150678157806396484375">
        <ele>456.79998779296875</ele>
        <time>2026-10-08T00:29:43.000Z</time>
        <extensions>
          <ns3:TrackPointExtension>
            <ns3:hr>153</ns3:hr>
            <ns3:cad>90</ns3:cad>
          </ns3:TrackPointExtension>
        </extensions>
      </trkpt>
      <trkpt lat="34.1750967688858509063720703125" lon="108.92957369796931743621826171875">
        <ele>457</ele>
        <time>2026-10-08T00:29:44.000Z</time>
        <extensions>
          <ns3:TrackPointExtension>
            <ns3:hr>154</ns3:hr>
            <ns3:cad>90</ns3:cad>
          </ns3:TrackPointExtension>
        </extensions>
      </trkpt>
      <trkpt lat="34.17507941834628582000732421875" lon="108.92960202880203723907470703125">
        <ele>457</ele>
        <time>2026-10-08T00:29:45.000Z</time>
        <extensions>
          <ns3:TrackPointExtension>
            <ns3:hr>154</ns3:hr>
            <ns3:cad>89</ns3:cad>
          </ns3:TrackPointExtension>
        </extensions>
      </trkpt>
      <trkpt lat="34.1750696115195751190185546875" lon="108.92962248064577579498291015625">
        <ele>457</ele>
        <time>2026-10-08T00:29:46.000Z</time>
        <extensions>
          <ns3:TrackPointExtension>
            <ns3:hr>155</ns3:hr>
            <ns3:cad>89</ns3:cad>
          </ns3:TrackPointExtension>
        </extensions>
      </trkpt>
      <trkpt lat="34.17505125515162944793701171875" lon="108.929655253887176513671875">
        <ele>457</ele>
        <time>2026-10-08T00:29:47.000Z</time>
        <extensions>
          <ns3:TrackPointExtension>
            <ns3:hr>155</ns3:hr>
            <ns3:cad>89</ns3:cad>
          </ns3:TrackPointExtension>
        </extensions>
      </trkpt>
      <trkpt lat="34.17504035867750644683837890625" lon="108.9296778850257396697998046875">
        <ele>457.20001220703125</ele>
        <time>2026-10-08T00:29:48.000Z</time>
        <extensions>
          <ns3:TrackPointExtension>
            <ns3:hr>155</ns3:hr>
            <ns3:cad>90</ns3:cad>
          </ns3:TrackPointExtension>
        </extensions>
      </trkpt>
      <trkpt lat="34.175021164119243621826171875" lon="108.92970956861972808837890625">
        <ele>457.20001220703125</ele>
        <time>2026-10-08T00:29:49.000Z</time>
        <extensions>
          <ns3:TrackPointExtension>
            <ns3:hr>155</ns3:hr>
            <ns3:cad>90</ns3:cad>
          </ns3:TrackPointExtension>
        </extensions>
      </trkpt>
      <trkpt lat="34.17500766925513744354248046875" lon="108.929730355739593505859375">
        <ele>457.20001220703125</ele>
        <time>2026-10-08T00:29:50.000Z</time>
        <extensions>
          <ns3:TrackPointExtension>
            <ns3:hr>154</ns3:hr>
            <ns3:cad>88</ns3:cad>
          </ns3:TrackPointExtension>
        </extensions>
      </trkpt>
      <trkpt lat="34.17498805560171604156494140625" lon="108.92976053059101104736328125">
        <ele>457.20001220703125</ele>
        <time>2026-10-08T00:29:51.000Z</time>
        <extensions>
          <ns3:TrackPointExtension>
            <ns3:hr>155</ns3:hr>
            <ns3:cad>88</ns3:cad>
          </ns3:TrackPointExtension>
        </extensions>
      </trkpt>
      <trkpt lat="34.1749780811369419097900390625" lon="108.92978408373892307281494140625">
        <ele>457.20001220703125</ele>
        <time>2026-10-08T00:29:52.000Z</time>
        <extensions>
          <ns3:TrackPointExtension>
            <ns3:hr>156</ns3:hr>
            <ns3:cad>89</ns3:cad>
          </ns3:TrackPointExtension>
        </extensions>
      </trkpt>
      <trkpt lat="34.17496173642575740814208984375" lon="108.929811827838420867919921875">
        <ele>457.20001220703125</ele>
        <time>2026-10-08T00:29:53.000Z</time>
        <extensions>
          <ns3:TrackPointExtension>
            <ns3:hr>156</ns3:hr>
            <ns3:cad>89</ns3:cad>
          </ns3:TrackPointExtension>
        </extensions>
      </trkpt>
      <trkpt lat="34.17495067231357097625732421875" lon="108.9298334531486034393310546875">
        <ele>457.20001220703125</ele>
        <time>2026-10-08T00:29:54.000Z</time>
        <extensions>
          <ns3:TrackPointExtension>
            <ns3:hr>156</ns3:hr>
            <ns3:cad>90</ns3:cad>
          </ns3:TrackPointExtension>
        </extensions>
      </trkpt>
      <trkpt lat="34.17493256740272045135498046875" lon="108.92986237071454524993896484375">
        <ele>457.399993896484375</ele>
        <time>2026-10-08T00:29:55.000Z</time>
        <extensions>
          <ns3:TrackPointExtension>
            <ns3:hr>156</ns3:hr>
            <ns3:cad>90</ns3:cad>
          </ns3:TrackPointExtension>
        </extensions>
      </trkpt>
      <trkpt lat="34.1749204136431217193603515625" lon="108.92988835461437702178955078125">
        <ele>457.399993896484375</ele>
        <time>2026-10-08T00:29:56.000Z</time>
        <extensions>
          <ns3:TrackPointExtension>
            <ns3:hr>156</ns3:hr>
            <ns3:cad>90</ns3:cad>
          </ns3:TrackPointExtension>
        </extensions>
      </trkpt>
      <trkpt lat="34.1748972795903682708740234375" lon="108.92991869710385799407958984375">
        <ele>457.399993896484375</ele>
        <time>2026-10-08T00:29:57.000Z</time>
        <extensions>
          <ns3:TrackPointExtension>
            <ns3:hr>156</ns3:hr>
            <ns3:cad>90</ns3:cad>
          </ns3:TrackPointExtension>
        </extensions>
      </trkpt>
      <trkpt lat="34.17488177306950092315673828125" lon="108.92994233407080173492431640625">
        <ele>457.399993896484375</ele>
        <time>2026-10-08T00:29:58.000Z</time>
        <extensions>
          <ns3:TrackPointExtension>
            <ns3:hr>156</ns3:hr>
            <ns3:cad>90</ns3:cad>
          </ns3:TrackPointExtension>
        </extensions>
      </trkpt>
      <trkpt lat="34.17486215941607952117919921875" lon="108.9299722574651241302490234375">
        <ele>457.399993896484375</ele>
        <time>2026-10-08T00:29:59.000Z</time>
        <extensions>
          <ns3:TrackPointExtension>
            <ns3:hr>156</ns3:hr>
            <ns3:cad>90</ns3:cad>
          </ns3:TrackPointExtension>
        </extensions>
      </trkpt>
      <trkpt lat="34.17484858073294162750244140625" lon="108.92999480478465557098388671875">
        <ele>457.399993896484375</ele>
        <time>2026-10-08T00:30:00.000Z</time>
        <extensions>
          <ns3:TrackPointExtension>
            <ns3:hr>156</ns3:hr>
            <ns3:cad>90</ns3:cad>
          </ns3:TrackPointExtension>
        </extensions>
      </trkpt>
      <trkpt lat="34.174835421144962310791015625" lon="108.93002313561737537384033203125">
        <ele>457.399993896484375</ele>
        <time>2026-10-08T00:30:01.000Z</time>
        <extensions>
          <ns3:TrackPointExtension>
            <ns3:hr>157</ns3:hr>
            <ns3:cad>89</ns3:cad>
          </ns3:TrackPointExtension>
        </extensions>
      </trkpt>
      <trkpt lat="34.17482427321374416351318359375" lon="108.93004744313657283782958984375">
        <ele>457.399993896484375</ele>
        <time>2026-10-08T00:30:02.000Z</time>
        <extensions>
          <ns3:TrackPointExtension>
            <ns3:hr>156</ns3:hr>
            <ns3:cad>89</ns3:cad>
          </ns3:TrackPointExtension>
        </extensions>
      </trkpt>
      <trkpt lat="34.17481840588152408599853515625" lon="108.9300803840160369873046875">
        <ele>457.600006103515625</ele>
        <time>2026-10-08T00:30:03.000Z</time>
        <extensions>
          <ns3:TrackPointExtension>
            <ns3:hr>156</ns3:hr>
            <ns3:cad>89</ns3:cad>
          </ns3:TrackPointExtension>
        </extensions>
      </trkpt>
      <trkpt lat="34.17481773532927036285400390625" lon="108.9301100559532642364501953125">
        <ele>457.600006103515625</ele>
        <time>2026-10-08T00:30:04.000Z</time>
        <extensions>
          <ns3:TrackPointExtension>
            <ns3:hr>157</ns3:hr>
            <ns3:cad>89</ns3:cad>
          </ns3:TrackPointExtension>
        </extensions>
      </trkpt>
      <trkpt lat="34.17482662014663219451904296875" lon="108.93014542758464813232421875">
        <ele>457.600006103515625</ele>
        <time>2026-10-08T00:30:05.000Z</time>
        <extensions>
          <ns3:TrackPointExtension>
            <ns3:hr>157</ns3:hr>
            <ns3:cad>88</ns3:cad>
          </ns3:TrackPointExtension>
        </extensions>
      </trkpt>
      <trkpt lat="34.17483986355364322662353515625" lon="108.93017501570284366607666015625">
        <ele>457.600006103515625</ele>
        <time>2026-10-08T00:30:06.000Z</time>
        <extensions>
          <ns3:TrackPointExtension>
            <ns3:hr>157</ns3:hr>
            <ns3:cad>88</ns3:cad>
          </ns3:TrackPointExtension>
        </extensions>
      </trkpt>
      <trkpt lat="34.17485696263611316680908203125" lon="108.93019949086010456085205078125">
        <ele>457.600006103515625</ele>
        <time>2026-10-08T00:30:07.000Z</time>
        <extensions>
          <ns3:TrackPointExtension>
            <ns3:hr>157</ns3:hr>
            <ns3:cad>89</ns3:cad>
          </ns3:TrackPointExtension>
        </extensions>
      </trkpt>
      <trkpt lat="34.17487640865147113800048828125" lon="108.93022681586444377899169921875">
        <ele>457.600006103515625</ele>
        <time>2026-10-08T00:30:08.000Z</time>
        <extensions>
          <ns3:TrackPointExtension>
            <ns3:hr>157</ns3:hr>
            <ns3:cad>89</ns3:cad>
          </ns3:TrackPointExtension>
        </extensions>
      </trkpt>
      <trkpt lat="34.174889735877513885498046875" lon="108.930250704288482666015625">
        <ele>457.399993896484375</ele>
        <time>2026-10-08T00:30:09.000Z</time>
        <extensions>
          <ns3:TrackPointExtension>
            <ns3:hr>158</ns3:hr>
            <ns3:cad>89</ns3:cad>
          </ns3:TrackPointExtension>
        </extensions>
      </trkpt>
      <trkpt lat="34.17490993626415729522705078125" lon="108.9302743412554264068603515625">
        <ele>457.399993896484375</ele>
        <time>2026-10-08T00:30:10.000Z</time>
        <extensions>
          <ns3:TrackPointExtension>
            <ns3:hr>158</ns3:hr>
            <ns3:cad>89</ns3:cad>
          </ns3:TrackPointExtension>
        </extensions>
      </trkpt>
      <trkpt lat="34.17492804117500782012939453125" lon="108.9302909374237060546875">
        <ele>457.20001220703125</ele>
        <time>2026-10-08T00:30:11.000Z</time>
        <extensions>
          <ns3:TrackPointExtension>
            <ns3:hr>158</ns3:hr>
            <ns3:cad>88</ns3:cad>
          </ns3:TrackPointExtension>
        </extensions>
      </trkpt>
      <trkpt lat="34.17494731955230236053466796875" lon="108.93031415529549121856689453125">
        <ele>457.20001220703125</ele>
        <time>2026-10-08T00:30:12.000Z</time>
        <extensions>
          <ns3:TrackPointExtension>
            <ns3:hr>158</ns3:hr>
            <ns3:cad>88</ns3:cad>
          </ns3:TrackPointExtension>
        </extensions>
      </trkpt>
      <trkpt lat="34.174966514110565185546875" lon="108.93033075146377086639404296875">
        <ele>457.20001220703125</ele>
        <time>2026-10-08T00:30:13.000Z</time>
        <extensions>
          <ns3:TrackPointExtension>
            <ns3:hr>157</ns3:hr>
            <ns3:cad>88</ns3:cad>
          </ns3:TrackPointExtension>
        </extensions>
      </trkpt>
      <trkpt lat="34.174988977611064910888671875" lon="108.93035036511719226837158203125">
        <ele>457.20001220703125</ele>
        <time>2026-10-08T00:30:14.000Z</time>
        <extensions>
          <ns3:TrackPointExtension>
            <ns3:hr>158</ns3:hr>
            <ns3:cad>87</ns3:cad>
          </ns3:TrackPointExtension>
        </extensions>
      </trkpt>
      <trkpt lat="34.17500917799770832061767578125" lon="108.93036176450550556182861328125">
        <ele>457.20001220703125</ele>
        <time>2026-10-08T00:30:15.000Z</time>
        <extensions>
          <ns3:TrackPointExtension>
            <ns3:hr>158</ns3:hr>
            <ns3:cad>87</ns3:cad>
          </ns3:TrackPointExtension>
        </extensions>
      </trkpt>
      <trkpt lat="34.1750317253172397613525390625" lon="108.930378444492816925048828125">
        <ele>457.20001220703125</ele>
        <time>2026-10-08T00:30:16.000Z</time>
        <extensions>
          <ns3:TrackPointExtension>
            <ns3:hr>158</ns3:hr>
            <ns3:cad>88</ns3:cad>
          </ns3:TrackPointExtension>
        </extensions>
      </trkpt>
      <trkpt lat="34.1750541888177394866943359375" lon="108.93039059825241565704345703125">
        <ele>457</ele>
        <time>2026-10-08T00:30:17.000Z</time>
        <extensions>
          <ns3:TrackPointExtension>
            <ns3:hr>158</ns3:hr>
            <ns3:cad>88</ns3:cad>
          </ns3:TrackPointExtension>
        </extensions>
      </trkpt>
      <trkpt lat="34.17508176527917385101318359375" lon="108.9304081164300441741943359375">
        <ele>457</ele>
        <time>2026-10-08T00:30:18.000Z</time>
        <extensions>
          <ns3:TrackPointExtension>
            <ns3:hr>159</ns3:hr>
            <ns3:cad>90</ns3:cad>
          </ns3:TrackPointExtension>
        </extensions>
      </trkpt>
      <trkpt lat="34.1751034744083881378173828125" lon="108.93042496405541896820068359375">
        <ele>456.79998779296875</ele>
        <time>2026-10-08T00:30:19.000Z</time>
        <extensions>
          <ns3:TrackPointExtension>
            <ns3:hr>159</ns3:hr>
            <ns3:cad>90</ns3:cad>
          </ns3:TrackPointExtension>
        </extensions>
      </trkpt>
      <trkpt lat="34.17512945830821990966796875" lon="108.9304426498711109161376953125">
        <ele>456.79998779296875</ele>
        <time>2026-10-08T00:30:20.000Z</time>
        <extensions>
          <ns3:TrackPointExtension>
            <ns3:hr>159</ns3:hr>
            <ns3:cad>89</ns3:cad>
          </ns3:TrackPointExtension>
        </extensions>
      </trkpt>
      <trkpt lat="34.17515401728451251983642578125" lon="108.93045262433588504791259765625">
        <ele>456.79998779296875</ele>
        <time>2026-10-08T00:30:21.000Z</time>
        <extensions>
          <ns3:TrackPointExtension>
            <ns3:hr>159</ns3:hr>
            <ns3:cad>89</ns3:cad>
          </ns3:TrackPointExtension>
        </extensions>
      </trkpt>
      <trkpt lat="34.17517731897532939910888671875" lon="108.930472321808338165283203125">
        <ele>456.79998779296875</ele>
        <time>2026-10-08T00:30:22.000Z</time>
        <extensions>
          <ns3:TrackPointExtension>
            <ns3:hr>159</ns3:hr>
            <ns3:cad>90</ns3:cad>
          </ns3:TrackPointExtension>
        </extensions>
      </trkpt>
      <trkpt lat="34.17519441805779933929443359375" lon="108.930484391748905181884765625">
        <ele>456.600006103515625</ele>
        <time>2026-10-08T00:30:23.000Z</time>
        <extensions>
          <ns3:TrackPointExtension>
            <ns3:hr>159</ns3:hr>
            <ns3:cad>90</ns3:cad>
          </ns3:TrackPointExtension>
        </extensions>
      </trkpt>
      <trkpt lat="34.175216294825077056884765625" lon="108.93050291575491428375244140625">
        <ele>456.600006103515625</ele>
        <time>2026-10-08T00:30:24.000Z</time>
        <extensions>
          <ns3:TrackPointExtension>
            <ns3:hr>158</ns3:hr>
            <ns3:cad>89</ns3:cad>
          </ns3:TrackPointExtension>
        </extensions>
      </trkpt>
      <trkpt lat="34.1752387583255767822265625" lon="108.9305202662944793701171875">
        <ele>456.399993896484375</ele>
        <time>2026-10-08T00:30:25.000Z</time>
        <extensions>
          <ns3:TrackPointExtension>
            <ns3:hr>158</ns3:hr>
            <ns3:cad>89</ns3:cad>
          </ns3:TrackPointExtension>
        </extensions>
      </trkpt>
      <trkpt lat="34.1752617247402667999267578125" lon="108.93053694628179073333740234375">
        <ele>456.600006103515625</ele>
        <time>2026-10-08T00:30:26.000Z</time>
        <extensions>
          <ns3:TrackPointExtension>
            <ns3:hr>158</ns3:hr>
            <ns3:cad>89</ns3:cad>
          </ns3:TrackPointExtension>
        </extensions>
      </trkpt>
      <trkpt lat="34.1752841882407665252685546875" lon="108.93055538646876811981201171875">
        <ele>456.399993896484375</ele>
        <time>2026-10-08T00:30:27.000Z</time>
        <extensions>
          <ns3:TrackPointExtension>
            <ns3:hr>159</ns3:hr>
            <ns3:cad>90</ns3:cad>
          </ns3:TrackPointExtension>
        </extensions>
      </trkpt>
      <trkpt lat="34.17530908249318599700927734375" lon="108.9305734075605869293212890625">
        <ele>456.399993896484375</ele>
        <time>2026-10-08T00:30:28.000Z</time>
        <extensions>
          <ns3:TrackPointExtension>
            <ns3:hr>159</ns3:hr>
            <ns3:cad>90</ns3:cad>
          </ns3:TrackPointExtension>
        </extensions>
      </trkpt>
      <trkpt lat="34.17533774860203266143798828125" lon="108.93058354966342449188232421875">
        <ele>456.399993896484375</ele>
        <time>2026-10-08T00:30:29.000Z</time>
        <extensions>
          <ns3:TrackPointExtension>
            <ns3:hr>159</ns3:hr>
            <ns3:cad>91</ns3:cad>
          </ns3:TrackPointExtension>
        </extensions>
      </trkpt>
      <trkpt lat="34.175367839634418487548828125" lon="108.93059595488011837005615234375">
        <ele>456.399993896484375</ele>
        <time>2026-10-08T00:30:30.000Z</time>
        <extensions>
          <ns3:TrackPointExtension>
            <ns3:hr>159</ns3:hr>
            <ns3:cad>91</ns3:cad>
          </ns3:TrackPointExtension>
        </extensions>
      </trkpt>
      <trkpt lat="34.17539206333458423614501953125" lon="108.93059897236526012420654296875">
        <ele>456.399993896484375</ele>
        <time>2026-10-08T00:30:31.000Z</time>
        <extensions>
          <ns3:TrackPointExtension>
            <ns3:hr>158</ns3:hr>
            <ns3:cad>91</ns3:cad>
          </ns3:TrackPointExtension>
        </extensions>
      </trkpt>
      <trkpt lat="34.175420142710208892822265625" lon="108.9306045882403850555419921875">
        <ele>456.399993896484375</ele>
        <time>2026-10-08T00:30:32.000Z</time>
        <extensions>
          <ns3:TrackPointExtension>
            <ns3:hr>158</ns3:hr>
            <ns3:cad>90</ns3:cad>
          </ns3:TrackPointExtension>
        </extensions>
      </trkpt>
      <trkpt lat="34.17544461786746978759765625" lon="108.93060266040265560150146484375">
        <ele>456.399993896484375</ele>
        <time>2026-10-08T00:30:33.000Z</time>
        <extensions>
          <ns3:TrackPointExtension>
            <ns3:hr>158</ns3:hr>
            <ns3:cad>90</ns3:cad>
          </ns3:TrackPointExtension>
        </extensions>
      </trkpt>
      <trkpt lat="34.175470769405364990234375" lon="108.93061338923871517181396484375">
        <ele>456.399993896484375</ele>
        <time>2026-10-08T00:30:34.000Z</time>
        <extensions>
          <ns3:TrackPointExtension>
            <ns3:hr>158</ns3:hr>
            <ns3:cad>90</ns3:cad>
          </ns3:TrackPointExtension>
        </extensions>
      </trkpt>
      <trkpt lat="34.17549365200102329254150390625" lon="108.93062545917928218841552734375">
        <ele>456.399993896484375</ele>
        <time>2026-10-08T00:30:35.000Z</time>
        <extensions>
          <ns3:TrackPointExtension>
            <ns3:hr>158</ns3:hr>
            <ns3:cad>90</ns3:cad>
          </ns3:TrackPointExtension>
        </extensions>
      </trkpt>
      <trkpt lat="34.17551703751087188720703125" lon="108.93063300289213657379150390625">
        <ele>456.399993896484375</ele>
        <time>2026-10-08T00:30:36.000Z</time>
        <extensions>
          <ns3:TrackPointExtension>
            <ns3:hr>158</ns3:hr>
            <ns3:cad>90</ns3:cad>
          </ns3:TrackPointExtension>
        </extensions>
      </trkpt>
      <trkpt lat="34.1755418479442596435546875" lon="108.93063685856759548187255859375">
        <ele>456.399993896484375</ele>
        <time>2026-10-08T00:30:37.000Z</time>
        <extensions>
          <ns3:TrackPointExtension>
            <ns3:hr>158</ns3:hr>
            <ns3:cad>90</ns3:cad>
          </ns3:TrackPointExtension>
        </extensions>
      </trkpt>
      <trkpt lat="34.17556942440569400787353515625" lon="108.930641300976276397705078125">
        <ele>456.399993896484375</ele>
        <time>2026-10-08T00:30:38.000Z</time>
        <extensions>
          <ns3:TrackPointExtension>
            <ns3:hr>157</ns3:hr>
            <ns3:cad>90</ns3:cad>
          </ns3:TrackPointExtension>
        </extensions>
      </trkpt>
      <trkpt lat="34.17559574358165264129638671875" lon="108.93063736148178577423095703125">
        <ele>456.399993896484375</ele>
        <time>2026-10-08T00:30:39.000Z</time>
        <extensions>
          <ns3:TrackPointExtension>
            <ns3:hr>157</ns3:hr>
            <ns3:cad>90</ns3:cad>
          </ns3:TrackPointExtension>
        </extensions>
      </trkpt>
      <trkpt lat="34.17562273330986499786376953125" lon="108.930642306804656982421875">
        <ele>456.600006103515625</ele>
        <time>2026-10-08T00:30:40.000Z</time>
        <extensions>
          <ns3:TrackPointExtension>
            <ns3:hr>157</ns3:hr>
            <ns3:cad>89</ns3:cad>
          </ns3:TrackPointExtension>
        </extensions>
      </trkpt>
      <trkpt lat="34.175644777715206146240234375" lon="108.9306350983679294586181640625">
        <ele>456.399993896484375</ele>
        <time>2026-10-08T00:30:41.000Z</time>
        <extensions>
          <ns3:TrackPointExtension>
            <ns3:hr>157</ns3:hr>
            <ns3:cad>88</ns3:cad>
          </ns3:TrackPointExtension>
        </extensions>
      </trkpt>
      <trkpt lat="34.17567201890051364898681640625" lon="108.93064138479530811309814453125">
        <ele>456.399993896484375</ele>
        <time>2026-10-08T00:30:42.000Z</time>
        <extensions>
          <ns3:TrackPointExtension>
            <ns3:hr>157</ns3:hr>
            <ns3:cad>88</ns3:cad>
          </ns3:TrackPointExtension>
        </extensions>
      </trkpt>
      <trkpt lat="34.17570076882839202880859375" lon="108.9306409657001495361328125">
        <ele>456.399993896484375</ele>
        <time>2026-10-08T00:30:43.000Z</time>
        <extensions>
          <ns3:TrackPointExtension>
            <ns3:hr>157</ns3:hr>
            <ns3:cad>88</ns3:cad>
          </ns3:TrackPointExtension>
        </extensions>
      </trkpt>
      <trkpt lat="34.17572985403239727020263671875" lon="108.93064440228044986724853515625">
        <ele>456.399993896484375</ele>
        <time>2026-10-08T00:30:44.000Z</time>
        <extensions>
          <ns3:TrackPointExtension>
            <ns3:hr>157</ns3:hr>
            <ns3:cad>89</ns3:cad>
          </ns3:TrackPointExtension>
        </extensions>
      </trkpt>
      <trkpt lat="34.17575114406645298004150390625" lon="108.9306404627859592437744140625">
        <ele>456.399993896484375</ele>
        <time>2026-10-08T00:30:45.000Z</time>
        <extensions>
          <ns3:TrackPointExtension>
            <ns3:hr>157</ns3:hr>
            <ns3:cad>89</ns3:cad>
          </ns3:TrackPointExtension>
        </extensions>
      </trkpt>
      <trkpt lat="34.175776876509189605712890625" lon="108.930637948215007781982421875">
        <ele>456.399993896484375</ele>
        <time>2026-10-08T00:30:46.000Z</time>
        <extensions>
          <ns3:TrackPointExtension>
            <ns3:hr>157</ns3:hr>
            <ns3:cad>89</ns3:cad>
          </ns3:TrackPointExtension>
        </extensions>
      </trkpt>
      <trkpt lat="34.17579690925776958465576171875" lon="108.93063400872051715850830078125">
        <ele>456.399993896484375</ele>
        <time>2026-10-08T00:30:47.000Z</time>
        <extensions>
          <ns3:TrackPointExtension>
            <ns3:hr>156</ns3:hr>
            <ns3:cad>89</ns3:cad>
          </ns3:TrackPointExtension>
        </extensions>
      </trkpt>
      <trkpt lat="34.1758313588798046112060546875" lon="108.93063384108245372772216796875">
        <ele>456.399993896484375</ele>
        <time>2026-10-08T00:30:48.000Z</time>
        <extensions>
          <ns3:TrackPointExtension>
            <ns3:hr>156</ns3:hr>
            <ns3:cad>89</ns3:cad>
          </ns3:TrackPointExtension>
        </extensions>
      </trkpt>
      <trkpt lat="34.1758534871041774749755859375" lon="108.9306344278156757354736328125">
        <ele>456.399993896484375</ele>
        <time>2026-10-08T00:30:49.000Z</time>
        <extensions>
          <ns3:TrackPointExtension>
            <ns3:hr>156</ns3:hr>
            <ns3:cad>89</ns3:cad>
          </ns3:TrackPointExtension>
        </extensions>
      </trkpt>
      <trkpt lat="34.1758846677839756011962890625" lon="108.93063417635858058929443359375">
        <ele>456.399993896484375</ele>
        <time>2026-10-08T00:30:50.000Z</time>
        <extensions>
          <ns3:TrackPointExtension>
            <ns3:hr>156</ns3:hr>
            <ns3:cad>89</ns3:cad>
          </ns3:TrackPointExtension>
        </extensions>
      </trkpt>
      <trkpt lat="34.1759034432470798492431640625" lon="108.930637277662754058837890625">
        <ele>456.399993896484375</ele>
        <time>2026-10-08T00:30:51.000Z</time>
        <extensions>
          <ns3:TrackPointExtension>
            <ns3:hr>156</ns3:hr>
            <ns3:cad>89</ns3:cad>
          </ns3:TrackPointExtension>
        </extensions>
      </trkpt>
      <trkpt lat="34.17593269608914852142333984375" lon="108.9306434802711009979248046875">
        <ele>456.399993896484375</ele>
        <time>2026-10-08T00:30:52.000Z</time>
        <extensions>
          <ns3:TrackPointExtension>
            <ns3:hr>157</ns3:hr>
            <ns3:cad>89</ns3:cad>
          </ns3:TrackPointExtension>
        </extensions>
      </trkpt>
      <trkpt lat="34.175953902304172515869140625" lon="108.93064574338495731353759765625">
        <ele>456.399993896484375</ele>
        <time>2026-10-08T00:30:53.000Z</time>
        <extensions>
          <ns3:TrackPointExtension>
            <ns3:hr>157</ns3:hr>
            <ns3:cad>89</ns3:cad>
          </ns3:TrackPointExtension>
        </extensions>
      </trkpt>
      <trkpt lat="34.17597846128046512603759765625" lon="108.93065144307911396026611328125">
        <ele>456.399993896484375</ele>
        <time>2026-10-08T00:30:54.000Z</time>
        <extensions>
          <ns3:TrackPointExtension>
            <ns3:hr>157</ns3:hr>
            <ns3:cad>90</ns3:cad>
          </ns3:TrackPointExtension>
        </extensions>
      </trkpt>
      <trkpt lat="34.17600008659064769744873046875" lon="108.9306565560400485992431640625">
        <ele>456.399993896484375</ele>
        <time>2026-10-08T00:30:55.000Z</time>
        <extensions>
          <ns3:TrackPointExtension>
            <ns3:hr>157</ns3:hr>
            <ns3:cad>91</ns3:cad>
          </ns3:TrackPointExtension>
        </extensions>
      </trkpt>
      <trkpt lat="34.176032356917858123779296875" lon="108.93066770397126674652099609375">
        <ele>456.399993896484375</ele>
        <time>2026-10-08T00:30:56.000Z</time>
        <extensions>
          <ns3:TrackPointExtension>
            <ns3:hr>157</ns3:hr>
            <ns3:cad>91</ns3:cad>
          </ns3:TrackPointExtension>
        </extensions>
      </trkpt>
      <trkpt lat="34.1760568320751190185546875" lon="108.93067005090415477752685546875">
        <ele>456.399993896484375</ele>
        <time>2026-10-08T00:30:57.000Z</time>
        <extensions>
          <ns3:TrackPointExtension>
            <ns3:hr>157</ns3:hr>
            <ns3:cad>90</ns3:cad>
          </ns3:TrackPointExtension>
        </extensions>
      </trkpt>
      <trkpt lat="34.17608625255525112152099609375" lon="108.93068010918796062469482421875">
        <ele>456.399993896484375</ele>
        <time>2026-10-08T00:30:58.000Z</time>
        <extensions>
          <ns3:TrackPointExtension>
            <ns3:hr>157</ns3:hr>
            <ns3:cad>90</ns3:cad>
          </ns3:TrackPointExtension>
        </extensions>
      </trkpt>
      <trkpt lat="34.17610821314156055450439453125" lon="108.9306860603392124176025390625">
        <ele>456.399993896484375</ele>
        <time>2026-10-08T00:30:59.000Z</time>
        <extensions>
          <ns3:TrackPointExtension>
            <ns3:hr>157</ns3:hr>
            <ns3:cad>90</ns3:cad>
          </ns3:TrackPointExtension>
        </extensions>
      </trkpt>
      <trkpt lat="34.17614023201167583465576171875" lon="108.93070123158395290374755859375">
        <ele>456.399993896484375</ele>
        <time>2026-10-08T00:31:00.000Z</time>
        <extensions>
          <ns3:TrackPointExtension>
            <ns3:hr>158</ns3:hr>
            <ns3:cad>90</ns3:cad>
          </ns3:TrackPointExtension>
        </extensions>
      </trkpt>
      <trkpt lat="34.1761656291782855987548828125" lon="108.93071296624839305877685546875">
        <ele>456.399993896484375</ele>
        <time>2026-10-08T00:31:01.000Z</time>
        <extensions>
          <ns3:TrackPointExtension>
            <ns3:hr>157</ns3:hr>
            <ns3:cad>90</ns3:cad>
          </ns3:TrackPointExtension>
        </extensions>
      </trkpt>
      <trkpt lat="34.17619354091584682464599609375" lon="108.93072453327476978302001953125">
        <ele>456.399993896484375</ele>
        <time>2026-10-08T00:31:02.000Z</time>
        <extensions>
          <ns3:TrackPointExtension>
            <ns3:hr>158</ns3:hr>
            <ns3:cad>89</ns3:cad>
          </ns3:TrackPointExtension>
        </extensions>
      </trkpt>
      <trkpt lat="34.176216423511505126953125" lon="108.9307306520640850067138671875">
        <ele>456.399993896484375</ele>
        <time>2026-10-08T00:31:03.000Z</time>
        <extensions>
          <ns3:TrackPointExtension>
            <ns3:hr>158</ns3:hr>
            <ns3:cad>89</ns3:cad>
          </ns3:TrackPointExtension>
        </extensions>
      </trkpt>
      <trkpt lat="34.1762447543442249298095703125" lon="108.93073677085340023040771484375">
        <ele>456.399993896484375</ele>
        <time>2026-10-08T00:31:04.000Z</time>
        <extensions>
          <ns3:TrackPointExtension>
            <ns3:hr>158</ns3:hr>
            <ns3:cad>89</ns3:cad>
          </ns3:TrackPointExtension>
        </extensions>
      </trkpt>
      <trkpt lat="34.17626948095858097076416015625" lon="108.93074029125273227691650390625">
        <ele>456.399993896484375</ele>
        <time>2026-10-08T00:31:05.000Z</time>
        <extensions>
          <ns3:TrackPointExtension>
            <ns3:hr>158</ns3:hr>
            <ns3:cad>89</ns3:cad>
          </ns3:TrackPointExtension>
        </extensions>
      </trkpt>
      <trkpt lat="34.1762943752110004425048828125" lon="108.9307370223104953765869140625">
        <ele>456.20001220703125</ele>
        <time>2026-10-08T00:31:06.000Z</time>
        <extensions>
          <ns3:TrackPointExtension>
            <ns3:hr>158</ns3:hr>
            <ns3:cad>89</ns3:cad>
          </ns3:TrackPointExtension>
        </extensions>
      </trkpt>
      <trkpt lat="34.17631759308278560638427734375" lon="108.93072880804538726806640625">
        <ele>456.399993896484375</ele>
        <time>2026-10-08T00:31:07.000Z</time>
        <extensions>
          <ns3:TrackPointExtension>
            <ns3:hr>158</ns3:hr>
            <ns3:cad>89</ns3:cad>
          </ns3:TrackPointExtension>
        </extensions>
      </trkpt>
      <trkpt lat="34.17633712291717529296875" lon="108.93070206977427005767822265625">
        <ele>456.20001220703125</ele>
        <time>2026-10-08T00:31:08.000Z</time>
        <extensions>
          <ns3:TrackPointExtension>
            <ns3:hr>158</ns3:hr>
            <ns3:cad>89</ns3:cad>
          </ns3:TrackPointExtension>
        </extensions>
      </trkpt>
      <trkpt lat="34.17635380290448665618896484375" lon="108.93068111501634120941162109375">
        <ele>456.20001220703125</ele>
        <time>2026-10-08T00:31:09.000Z</time>
        <extensions>
          <ns3:TrackPointExtension>
            <ns3:hr>158</ns3:hr>
            <ns3:cad>89</ns3:cad>
          </ns3:TrackPointExtension>
        </extensions>
      </trkpt>
      <trkpt lat="34.176377356052398681640625" lon="108.93065731041133403778076171875">
        <ele>456.20001220703125</ele>
        <time>2026-10-08T00:31:10.000Z</time>
        <extensions>
          <ns3:TrackPointExtension>
            <ns3:hr>158</ns3:hr>
            <ns3:cad>89</ns3:cad>
          </ns3:TrackPointExtension>
        </extensions>
      </trkpt>
      <trkpt lat="34.17639956809580326080322265625" lon="108.93063970841467380523681640625">
        <ele>456.399993896484375</ele>
        <time>2026-10-08T00:31:11.000Z</time>
        <extensions>
          <ns3:TrackPointExtension>
            <ns3:hr>158</ns3:hr>
            <ns3:cad>89</ns3:cad>
          </ns3:TrackPointExtension>
        </extensions>
      </trkpt>
      <trkpt lat="34.1764189302921295166015625" lon="108.93061372451484203338623046875">
        <ele>456.399993896484375</ele>
        <time>2026-10-08T00:31:12.000Z</time>
        <extensions>
          <ns3:TrackPointExtension>
            <ns3:hr>157</ns3:hr>
            <ns3:cad>88</ns3:cad>
          </ns3:TrackPointExtension>
        </extensions>
      </trkpt>
      <trkpt lat="34.1764341853559017181396484375" lon="108.930584304034709930419921875">
        <ele>456.399993896484375</ele>
        <time>2026-10-08T00:31:13.000Z</time>
        <extensions>
          <ns3:TrackPointExtension>
            <ns3:hr>158</ns3:hr>
            <ns3:cad>88</ns3:cad>
          </ns3:TrackPointExtension>
        </extensions>
      </trkpt>
      <trkpt lat="34.1764435730874538421630859375" lon="108.9305606670677661895751953125">
        <ele>456.399993896484375</ele>
        <time>2026-10-08T00:31:14.000Z</time>
        <extensions>
          <ns3:TrackPointExtension>
            <ns3:hr>158</ns3:hr>
            <ns3:cad>88</ns3:cad>
          </ns3:TrackPointExtension>
        </extensions>
      </trkpt>
      <trkpt lat="34.17645178735256195068359375" lon="108.930532671511173248291015625">
        <ele>456.399993896484375</ele>
        <time>2026-10-08T00:31:15.000Z</time>
        <extensions>
          <ns3:TrackPointExtension>
            <ns3:hr>157</ns3:hr>
            <ns3:cad>88</ns3:cad>
          </ns3:TrackPointExtension>
        </extensions>
      </trkpt>
      <trkpt lat="34.1764529608190059661865234375" lon="108.93050962127745151519775390625">
        <ele>456.399993896484375</ele>
        <time>2026-10-08T00:31:16.000Z</time>
        <extensions>
          <ns3:TrackPointExtension>
            <ns3:hr>157</ns3:hr>
            <ns3:cad>88</ns3:cad>
          </ns3:TrackPointExtension>
        </extensions>
      </trkpt>
      <trkpt lat="34.17645589448511600494384765625" lon="108.93047877587378025054931640625">
        <ele>456.399993896484375</ele>
        <time>2026-10-08T00:31:17.000Z</time>
        <extensions>
          <ns3:TrackPointExtension>
            <ns3:hr>157</ns3:hr>
            <ns3:cad>88</ns3:cad>
          </ns3:TrackPointExtension>
        </extensions>
      </trkpt>
      <trkpt lat="34.17645690031349658966064453125" lon="108.93044876866042613983154296875">
        <ele>456.399993896484375</ele>
        <time>2026-10-08T00:31:18.000Z</time>
        <extensions>
          <ns3:TrackPointExtension>
            <ns3:hr>157</ns3:hr>
            <ns3:cad>88</ns3:cad>
          </ns3:TrackPointExtension>
        </extensions>
      </trkpt>
      <trkpt lat="34.1764606721699237823486328125" lon="108.93042211420834064483642578125">
        <ele>456.399993896484375</ele>
        <time>2026-10-08T00:31:19.000Z</time>
        <extensions>
          <ns3:TrackPointExtension>
            <ns3:hr>158</ns3:hr>
            <ns3:cad>89</ns3:cad>
          </ns3:TrackPointExtension>
        </extensions>
      </trkpt>
      <trkpt lat="34.17646226473152637481689453125" lon="108.9303957112133502960205078125">
        <ele>456.399993896484375</ele>
        <time>2026-10-08T00:31:20.000Z</time>
        <extensions>
          <ns3:TrackPointExtension>
            <ns3:hr>157</ns3:hr>
            <ns3:cad>90</ns3:cad>
          </ns3:TrackPointExtension>
        </extensions>
      </trkpt>
      <trkpt lat="34.17646788060665130615234375" lon="108.9303655363619327545166015625">
        <ele>456.399993896484375</ele>
        <time>2026-10-08T00:31:21.000Z</time>
        <extensions>
          <ns3:TrackPointExtension>
            <ns3:hr>157</ns3:hr>
            <ns3:cad>90</ns3:cad>
          </ns3:TrackPointExtension>
        </extensions>
      </trkpt>
      <trkpt lat="34.17647383175790309906005859375" lon="108.930334858596324920654296875">
        <ele>456.600006103515625</ele>
        <time>2026-10-08T00:31:22.000Z</time>
        <extensions>
          <ns3:TrackPointExtension>
            <ns3:hr>158</ns3:hr>
            <ns3:cad>90</ns3:cad>
          </ns3:TrackPointExtension>
        </extensions>
      </trkpt>
      <trkpt lat="34.17647936381399631500244140625" lon="108.930312059819698333740234375">
        <ele>456.600006103515625</ele>
        <time>2026-10-08T00:31:23.000Z</time>
        <extensions>
          <ns3:TrackPointExtension>
            <ns3:hr>157</ns3:hr>
            <ns3:cad>90</ns3:cad>
          </ns3:TrackPointExtension>
        </extensions>
      </trkpt>
      <trkpt lat="34.17649042792618274688720703125" lon="108.9302790351212024688720703125">
        <ele>456.600006103515625</ele>
        <time>2026-10-08T00:31:24.000Z</time>
        <extensions>
          <ns3:TrackPointExtension>
            <ns3:hr>158</ns3:hr>
            <ns3:cad>90</ns3:cad>
          </ns3:TrackPointExtension>
        </extensions>
      </trkpt>
      <trkpt lat="34.17650065384805202484130859375" lon="108.93025011755526065826416015625">
        <ele>456.600006103515625</ele>
        <time>2026-10-08T00:31:25.000Z</time>
        <extensions>
          <ns3:TrackPointExtension>
            <ns3:hr>157</ns3:hr>
            <ns3:cad>92</ns3:cad>
          </ns3:TrackPointExtension>
        </extensions>
      </trkpt>
      <trkpt lat="34.17651347815990447998046875" lon="108.9302173443138599395751953125">
        <ele>456.600006103515625</ele>
        <time>2026-10-08T00:31:26.000Z</time>
        <extensions>
          <ns3:TrackPointExtension>
            <ns3:hr>157</ns3:hr>
            <ns3:cad>92</ns3:cad>
          </ns3:TrackPointExtension>
        </extensions>
      </trkpt>
      <trkpt lat="34.1765280626714229583740234375" lon="108.93019211478531360626220703125">
        <ele>456.600006103515625</ele>
        <time>2026-10-08T00:31:27.000Z</time>
        <extensions>
          <ns3:TrackPointExtension>
            <ns3:hr>157</ns3:hr>
            <ns3:cad>91</ns3:cad>
          </ns3:TrackPointExtension>
        </extensions>
      </trkpt>
      <trkpt lat="34.1765454970300197601318359375" lon="108.93016378395259380340576171875">
        <ele>456.600006103515625</ele>
        <time>2026-10-08T00:31:28.000Z</time>
        <extensions>
          <ns3:TrackPointExtension>
            <ns3:hr>158</ns3:hr>
            <ns3:cad>91</ns3:cad>
          </ns3:TrackPointExtension>
        </extensions>
      </trkpt>
      <trkpt lat="34.1765619255602359771728515625" lon="108.93014006316661834716796875">
        <ele>456.600006103515625</ele>
        <time>2026-10-08T00:31:29.000Z</time>
        <extensions>
          <ns3:TrackPointExtension>
            <ns3:hr>157</ns3:hr>
            <ns3:cad>91</ns3:cad>
          </ns3:TrackPointExtension>
        </extensions>
      </trkpt>
      <trkpt lat="34.176577515900135040283203125" lon="108.930111564695835113525390625">
        <ele>456.79998779296875</ele>
        <time>2026-10-08T00:31:30.000Z</time>
        <extensions>
          <ns3:TrackPointExtension>
            <ns3:hr>157</ns3:hr>
            <ns3:cad>90</ns3:cad>
          </ns3:TrackPointExtension>
        </extensions>
      </trkpt>
      <trkpt lat="34.17659503407776355743408203125" lon="108.93008884973824024200439453125">
        <ele>456.79998779296875</ele>
        <time>2026-10-08T00:31:31.000Z</time>
        <extensions>
          <ns3:TrackPointExtension>
            <ns3:hr>157</ns3:hr>
            <ns3:cad>90</ns3:cad>
          </ns3:TrackPointExtension>
        </extensions>
      </trkpt>
      <trkpt lat="34.17660643346607685089111328125" lon="108.93006169237196445465087890625">
        <ele>457</ele>
        <time>2026-10-08T00:31:32.000Z</time>
        <extensions>
          <ns3:TrackPointExtension>
            <ns3:hr>157</ns3:hr>
            <ns3:cad>89</ns3:cad>
          </ns3:TrackPointExtension>
        </extensions>
      </trkpt>
      <trkpt lat="34.1766189225018024444580078125" lon="108.9300347864627838134765625">
        <ele>457</ele>
        <time>2026-10-08T00:31:33.000Z</time>
        <extensions>
          <ns3:TrackPointExtension>
            <ns3:hr>157</ns3:hr>
            <ns3:cad>89</ns3:cad>
          </ns3:TrackPointExtension>
        </extensions>
      </trkpt>
      <trkpt lat="34.1766306571662425994873046875" lon="108.93000595271587371826171875">
        <ele>457</ele>
        <time>2026-10-08T00:31:34.000Z</time>
        <extensions>
          <ns3:TrackPointExtension>
            <ns3:hr>157</ns3:hr>
            <ns3:cad>89</ns3:cad>
          </ns3:TrackPointExtension>
        </extensions>
      </trkpt>
      <trkpt lat="34.17664356529712677001953125" lon="108.9299816451966762542724609375">
        <ele>457</ele>
        <time>2026-10-08T00:31:35.000Z</time>
        <extensions>
          <ns3:TrackPointExtension>
            <ns3:hr>156</ns3:hr>
            <ns3:cad>88</ns3:cad>
          </ns3:TrackPointExtension>
        </extensions>
      </trkpt>
      <trkpt lat="34.1766568087041378021240234375" lon="108.92995473928749561309814453125">
        <ele>457</ele>
        <time>2026-10-08T00:31:36.000Z</time>
        <extensions>
          <ns3:TrackPointExtension>
            <ns3:hr>157</ns3:hr>
            <ns3:cad>88</ns3:cad>
          </ns3:TrackPointExtension>
        </extensions>
      </trkpt>
      <trkpt lat="34.17666963301599025726318359375" lon="108.92992950975894927978515625">
        <ele>457</ele>
        <time>2026-10-08T00:31:37.000Z</time>
        <extensions>
          <ns3:TrackPointExtension>
            <ns3:hr>157</ns3:hr>
            <ns3:cad>88</ns3:cad>
          </ns3:TrackPointExtension>
        </extensions>
      </trkpt>
      <trkpt lat="34.17668421752750873565673828125" lon="108.92990495078265666961669921875">
        <ele>457.20001220703125</ele>
        <time>2026-10-08T00:31:38.000Z</time>
        <extensions>
          <ns3:TrackPointExtension>
            <ns3:hr>157</ns3:hr>
            <ns3:cad>89</ns3:cad>
          </ns3:TrackPointExtension>
        </extensions>
      </trkpt>
      <trkpt lat="34.1767107881605625152587890625" lon="108.92988416366279125213623046875">
        <ele>457.20001220703125</ele>
        <time>2026-10-08T00:31:39.000Z</time>
        <extensions>
          <ns3:TrackPointExtension>
            <ns3:hr>157</ns3:hr>
            <ns3:cad>89</ns3:cad>
          </ns3:TrackPointExtension>
        </extensions>
      </trkpt>
      <trkpt lat="34.1767327487468719482421875" lon="108.92987410537898540496826171875">
        <ele>457.20001220703125</ele>
        <time>2026-10-08T00:31:40.000Z</time>
        <extensions>
          <ns3:TrackPointExtension>
            <ns3:hr>157</ns3:hr>
            <ns3:cad>90</ns3:cad>
          </ns3:TrackPointExtension>
        </extensions>
      </trkpt>
      <trkpt lat="34.1767595708370208740234375" lon="108.9298689924180507659912109375">
        <ele>457.20001220703125</ele>
        <time>2026-10-08T00:31:41.000Z</time>
        <extensions>
          <ns3:TrackPointExtension>
            <ns3:hr>157</ns3:hr>
            <ns3:cad>90</ns3:cad>
          </ns3:TrackPointExtension>
        </extensions>
      </trkpt>
      <trkpt lat="34.17678312398493289947509765625" lon="108.92986186780035495758056640625">
        <ele>457.20001220703125</ele>
        <time>2026-10-08T00:31:42.000Z</time>
        <extensions>
          <ns3:TrackPointExtension>
            <ns3:hr>158</ns3:hr>
            <ns3:cad>90</ns3:cad>
          </ns3:TrackPointExtension>
        </extensions>
      </trkpt>
      <trkpt lat="34.176805503666400909423828125" lon="108.92986287362873554229736328125">
        <ele>457.20001220703125</ele>
        <time>2026-10-08T00:31:43.000Z</time>
        <extensions>
          <ns3:TrackPointExtension>
            <ns3:hr>157</ns3:hr>
            <ns3:cad>89</ns3:cad>
          </ns3:TrackPointExtension>
        </extensions>
      </trkpt>
      <trkpt lat="34.17682486586272716522216796875" lon="108.9298535697162151336669921875">
        <ele>457.20001220703125</ele>
        <time>2026-10-08T00:31:44.000Z</time>
        <extensions>
          <ns3:TrackPointExtension>
            <ns3:hr>157</ns3:hr>
            <ns3:cad>88</ns3:cad>
          </ns3:TrackPointExtension>
        </extensions>
      </trkpt>
      <trkpt lat="34.17685051448643207550048828125" lon="108.92984443344175815582275390625">
        <ele>457.399993896484375</ele>
        <time>2026-10-08T00:31:45.000Z</time>
        <extensions>
          <ns3:TrackPointExtension>
            <ns3:hr>158</ns3:hr>
            <ns3:cad>88</ns3:cad>
          </ns3:TrackPointExtension>
        </extensions>
      </trkpt>
      <trkpt lat="34.17687297798693180084228515625" lon="108.9298341237008571624755859375">
        <ele>457.399993896484375</ele>
        <time>2026-10-08T00:31:46.000Z</time>
        <extensions>
          <ns3:TrackPointExtension>
            <ns3:hr>157</ns3:hr>
            <ns3:cad>89</ns3:cad>
          </ns3:TrackPointExtension>
        </extensions>
      </trkpt>
      <trkpt lat="34.176898710429668426513671875" lon="108.92981953918933868408203125">
        <ele>457.399993896484375</ele>
        <time>2026-10-08T00:31:47.000Z</time>
        <extensions>
          <ns3:TrackPointExtension>
            <ns3:hr>157</ns3:hr>
            <ns3:cad>89</ns3:cad>
          </ns3:TrackPointExtension>
        </extensions>
      </trkpt>
      <trkpt lat="34.17691622860729694366455078125" lon="108.92980637960135936737060546875">
        <ele>457.399993896484375</ele>
        <time>2026-10-08T00:31:48.000Z</time>
        <extensions>
          <ns3:TrackPointExtension>
            <ns3:hr>157</ns3:hr>
            <ns3:cad>89</ns3:cad>
          </ns3:TrackPointExtension>
        </extensions>
      </trkpt>
      <trkpt lat="34.17693852446973323822021484375" lon="108.92978810705244541168212890625">
        <ele>457.399993896484375</ele>
        <time>2026-10-08T00:31:49.000Z</time>
        <extensions>
          <ns3:TrackPointExtension>
            <ns3:hr>157</ns3:hr>
            <ns3:cad>89</ns3:cad>
          </ns3:TrackPointExtension>
        </extensions>
      </trkpt>
      <trkpt lat="34.17695713229477405548095703125" lon="108.92977394163608551025390625">
        <ele>457.399993896484375</ele>
        <time>2026-10-08T00:31:50.000Z</time>
        <extensions>
          <ns3:TrackPointExtension>
            <ns3:hr>157</ns3:hr>
            <ns3:cad>89</ns3:cad>
          </ns3:TrackPointExtension>
        </extensions>
      </trkpt>
      <trkpt lat="34.1769803501665592193603515625" lon="108.92975424416363239288330078125">
        <ele>457.399993896484375</ele>
        <time>2026-10-08T00:31:51.000Z</time>
        <extensions>
          <ns3:TrackPointExtension>
            <ns3:hr>158</ns3:hr>
            <ns3:cad>89</ns3:cad>
          </ns3:TrackPointExtension>
        </extensions>
      </trkpt>
      <trkpt lat="34.1769917495548725128173828125" lon="108.929736055433750152587890625">
        <ele>457.399993896484375</ele>
        <time>2026-10-08T00:31:52.000Z</time>
        <extensions>
          <ns3:TrackPointExtension>
            <ns3:hr>157</ns3:hr>
            <ns3:cad>89</ns3:cad>
          </ns3:TrackPointExtension>
        </extensions>
      </trkpt>
      <trkpt lat="34.1770170629024505615234375" lon="108.9297194592654705047607421875">
        <ele>457.399993896484375</ele>
        <time>2026-10-08T00:31:53.000Z</time>
        <extensions>
          <ns3:TrackPointExtension>
            <ns3:hr>157</ns3:hr>
            <ns3:cad>89</ns3:cad>
          </ns3:TrackPointExtension>
        </extensions>
      </trkpt>
      <trkpt lat="34.1770373471081256866455078125" lon="108.92970562912523746490478515625">
        <ele>457.399993896484375</ele>
        <time>2026-10-08T00:31:54.000Z</time>
        <extensions>
          <ns3:TrackPointExtension>
            <ns3:hr>156</ns3:hr>
            <ns3:cad>88</ns3:cad>
          </ns3:TrackPointExtension>
        </extensions>
      </trkpt>
      <trkpt lat="34.17706039734184741973876953125" lon="108.929695151746273040771484375">
        <ele>457.399993896484375</ele>
        <time>2026-10-08T00:31:55.000Z</time>
        <extensions>
          <ns3:TrackPointExtension>
            <ns3:hr>156</ns3:hr>
            <ns3:cad>88</ns3:cad>
          </ns3:TrackPointExtension>
        </extensions>
      </trkpt>
      <trkpt lat="34.177080430090427398681640625" lon="108.9296845905482769012451171875">
        <ele>457.399993896484375</ele>
        <time>2026-10-08T00:31:56.000Z</time>
        <extensions>
          <ns3:TrackPointExtension>
            <ns3:hr>156</ns3:hr>
            <ns3:cad>89</ns3:cad>
          </ns3:TrackPointExtension>
        </extensions>
      </trkpt>
      <trkpt lat="34.17710490524768829345703125" lon="108.92966774292290210723876953125">
        <ele>457.399993896484375</ele>
        <time>2026-10-08T00:31:57.000Z</time>
        <extensions>
          <ns3:TrackPointExtension>
            <ns3:hr>156</ns3:hr>
            <ns3:cad>89</ns3:cad>
          </ns3:TrackPointExtension>
        </extensions>
      </trkpt>
      <trkpt lat="34.17712862603366374969482421875" lon="108.92965718172490596771240234375">
        <ele>457.399993896484375</ele>
        <time>2026-10-08T00:31:58.000Z</time>
        <extensions>
          <ns3:TrackPointExtension>
            <ns3:hr>156</ns3:hr>
            <ns3:cad>89</ns3:cad>
          </ns3:TrackPointExtension>
        </extensions>
      </trkpt>
      <trkpt lat="34.17715720832347869873046875" lon="108.92964913509786128997802734375">
        <ele>457.600006103515625</ele>
        <time>2026-10-08T00:31:59.000Z</time>
        <extensions>
          <ns3:TrackPointExtension>
            <ns3:hr>156</ns3:hr>
            <ns3:cad>90</ns3:cad>
          </ns3:TrackPointExtension>
        </extensions>
      </trkpt>
      <trkpt lat="34.17717891745269298553466796875" lon="108.92963849008083343505859375">
        <ele>457.600006103515625</ele>
        <time>2026-10-08T00:32:00.000Z</time>
        <extensions>
          <ns3:TrackPointExtension>
            <ns3:hr>156</ns3:hr>
            <ns3:cad>91</ns3:cad>
          </ns3:TrackPointExtension>
        </extensions>
      </trkpt>
      <trkpt lat="34.1772083379328250885009765625" lon="108.92963220365345478057861328125">
        <ele>457.600006103515625</ele>
        <time>2026-10-08T00:32:01.000Z</time>
        <extensions>
          <ns3:TrackPointExtension>
            <ns3:hr>156</ns3:hr>
            <ns3:cad>91</ns3:cad>
          </ns3:TrackPointExtension>
        </extensions>
      </trkpt>
      <trkpt lat="34.17723054997622966766357421875" lon="108.9296282641589641571044921875">
        <ele>457.600006103515625</ele>
        <time>2026-10-08T00:32:02.000Z</time>
        <extensions>
          <ns3:TrackPointExtension>
            <ns3:hr>156</ns3:hr>
            <ns3:cad>90</ns3:cad>
          </ns3:TrackPointExtension>
        </extensions>
      </trkpt>
      <trkpt lat="34.17725787498056888580322265625" lon="108.92962700687348842620849609375">
        <ele>457.600006103515625</ele>
        <time>2026-10-08T00:32:03.000Z</time>
        <extensions>
          <ns3:TrackPointExtension>
            <ns3:hr>156</ns3:hr>
            <ns3:cad>89</ns3:cad>
          </ns3:TrackPointExtension>
        </extensions>
      </trkpt>
      <trkpt lat="34.1772804223001003265380859375" lon="108.9296262525022029876708984375">
        <ele>457.600006103515625</ele>
        <time>2026-10-08T00:32:04.000Z</time>
        <extensions>
          <ns3:TrackPointExtension>
            <ns3:hr>156</ns3:hr>
            <ns3:cad>88</ns3:cad>
          </ns3:TrackPointExtension>
        </extensions>
      </trkpt>
      <trkpt lat="34.17731001041829586029052734375" lon="108.929627425968647003173828125">
        <ele>457.600006103515625</ele>
        <time>2026-10-08T00:32:05.000Z</time>
        <extensions>
          <ns3:TrackPointExtension>
            <ns3:hr>156</ns3:hr>
            <ns3:cad>88</ns3:cad>
          </ns3:TrackPointExtension>
        </extensions>
      </trkpt>
      <trkpt lat="34.177332557737827301025390625" lon="108.92962239682674407958984375">
        <ele>457.600006103515625</ele>
        <time>2026-10-08T00:32:06.000Z</time>
        <extensions>
          <ns3:TrackPointExtension>
            <ns3:hr>157</ns3:hr>
            <ns3:cad>87</ns3:cad>
          </ns3:TrackPointExtension>
        </extensions>
      </trkpt>
      <trkpt lat="34.17736114002764225006103515625" lon="108.92961728386580944061279296875">
        <ele>457.399993896484375</ele>
        <time>2026-10-08T00:32:07.000Z</time>
        <extensions>
          <ns3:TrackPointExtension>
            <ns3:hr>156</ns3:hr>
            <ns3:cad>87</ns3:cad>
          </ns3:TrackPointExtension>
        </extensions>
      </trkpt>
      <trkpt lat="34.177384860813617706298828125" lon="108.929620720446109771728515625">
        <ele>457.399993896484375</ele>
        <time>2026-10-08T00:32:08.000Z</time>
        <extensions>
          <ns3:TrackPointExtension>
            <ns3:hr>156</ns3:hr>
            <ns3:cad>88</ns3:cad>
          </ns3:TrackPointExtension>
        </extensions>
      </trkpt>
      <trkpt lat="34.17741159908473491668701171875" lon="108.92961007542908191680908203125">
        <ele>457.399993896484375</ele>
        <time>2026-10-08T00:32:09.000Z</time>
        <extensions>
          <ns3:TrackPointExtension>
            <ns3:hr>157</ns3:hr>
            <ns3:cad>88</ns3:cad>
          </ns3:TrackPointExtension>
        </extensions>
      </trkpt>
      <trkpt lat="34.17743749916553497314453125" lon="108.9296088181436061859130859375">
        <ele>457.399993896484375</ele>
        <time>2026-10-08T00:32:10.000Z</time>
        <extensions>
          <ns3:TrackPointExtension>
            <ns3:hr>157</ns3:hr>
            <ns3:cad>89</ns3:cad>
          </ns3:TrackPointExtension>
        </extensions>
      </trkpt>
      <trkpt lat="34.17746189050376415252685546875" lon="108.9296004362404346466064453125">
        <ele>457.399993896484375</ele>
        <time>2026-10-08T00:32:11.000Z</time>
        <extensions>
          <ns3:TrackPointExtension>
            <ns3:hr>157</ns3:hr>
            <ns3:cad>89</ns3:cad>
          </ns3:TrackPointExtension>
        </extensions>
      </trkpt>
      <trkpt lat="34.1774896346032619476318359375" lon="108.92960487864911556243896484375">
        <ele>457.600006103515625</ele>
        <time>2026-10-08T00:32:12.000Z</time>
        <extensions>
          <ns3:TrackPointExtension>
            <ns3:hr>158</ns3:hr>
            <ns3:cad>89</ns3:cad>
          </ns3:TrackPointExtension>
        </extensions>
      </trkpt>
      <trkpt lat="34.177511595189571380615234375" lon="108.92960420809686183929443359375">
        <ele>457.600006103515625</ele>
        <time>2026-10-08T00:32:13.000Z</time>
        <extensions>
          <ns3:TrackPointExtension>
            <ns3:hr>158</ns3:hr>
            <ns3:cad>88</ns3:cad>
          </ns3:TrackPointExtension>
        </extensions>
      </trkpt>
      <trkpt lat="34.17753213085234165191650390625" lon="108.92962566576898097991943359375">
        <ele>457.600006103515625</ele>
        <time>2026-10-08T00:32:14.000Z</time>
        <extensions>
          <ns3:TrackPointExtension>
            <ns3:hr>158</ns3:hr>
            <ns3:cad>88</ns3:cad>
          </ns3:TrackPointExtension>
        </extensions>
      </trkpt>
      <trkpt lat="34.1775385849177837371826171875" lon="108.92964787781238555908203125">
        <ele>457.600006103515625</ele>
        <time>2026-10-08T00:32:15.000Z</time>
        <extensions>
          <ns3:TrackPointExtension>
            <ns3:hr>158</ns3:hr>
            <ns3:cad>88</ns3:cad>
          </ns3:TrackPointExtension>
        </extensions>
      </trkpt>
      <trkpt lat="34.17753950692713260650634765625" lon="108.92966925166547298431396484375">
        <ele>457.600006103515625</ele>
        <time>2026-10-08T00:32:16.000Z</time>
        <extensions>
          <ns3:TrackPointExtension>
            <ns3:hr>158</ns3:hr>
            <ns3:cad>87</ns3:cad>
          </ns3:TrackPointExtension>
        </extensions>
      </trkpt>
      <trkpt lat="34.17753933928906917572021484375" lon="108.92969205044209957122802734375">
        <ele>457.600006103515625</ele>
        <time>2026-10-08T00:32:17.000Z</time>
        <extensions>
          <ns3:TrackPointExtension>
            <ns3:hr>159</ns3:hr>
            <ns3:cad>87</ns3:cad>
          </ns3:TrackPointExtension>
        </extensions>
      </trkpt>
      <trkpt lat="34.17754420079290866851806640625" lon="108.92972172237932682037353515625">
        <ele>457.399993896484375</ele>
        <time>2026-10-08T00:32:18.000Z</time>
        <extensions>
          <ns3:TrackPointExtension>
            <ns3:hr>158</ns3:hr>
            <ns3:cad>87</ns3:cad>
          </ns3:TrackPointExtension>
        </extensions>
      </trkpt>
      <trkpt lat="34.17754705063998699188232421875" lon="108.9297442696988582611083984375">
        <ele>457.20001220703125</ele>
        <time>2026-10-08T00:32:19.000Z</time>
        <extensions>
          <ns3:TrackPointExtension>
            <ns3:hr>158</ns3:hr>
            <ns3:cad>85</ns3:cad>
          </ns3:TrackPointExtension>
        </extensions>
      </trkpt>
      <trkpt lat="34.17755149304866790771484375" lon="108.9297657273709774017333984375">
        <ele>457</ele>
        <time>2026-10-08T00:32:20.000Z</time>
        <extensions>
          <ns3:TrackPointExtension>
            <ns3:hr>159</ns3:hr>
            <ns3:cad>85</ns3:cad>
          </ns3:TrackPointExtension>
        </extensions>
      </trkpt>
      <trkpt lat="34.17756347917020320892333984375" lon="108.9297880232334136962890625">
        <ele>456.79998779296875</ele>
        <time>2026-10-08T00:32:21.000Z</time>
        <extensions>
          <ns3:TrackPointExtension>
            <ns3:hr>159</ns3:hr>
            <ns3:cad>85</ns3:cad>
          </ns3:TrackPointExtension>
        </extensions>
      </trkpt>
      <trkpt lat="34.177571274340152740478515625" lon="108.92980101518332958221435546875">
        <ele>456.79998779296875</ele>
        <time>2026-10-08T00:32:22.000Z</time>
        <extensions>
          <ns3:TrackPointExtension>
            <ns3:hr>158</ns3:hr>
            <ns3:cad>85</ns3:cad>
          </ns3:TrackPointExtension>
        </extensions>
      </trkpt>
      <trkpt lat="34.1775825060904026031494140625" lon="108.9298099838197231292724609375">
        <ele>456.600006103515625</ele>
        <time>2026-10-08T00:32:23.000Z</time>
        <extensions>
          <ns3:TrackPointExtension>
            <ns3:hr>158</ns3:hr>
            <ns3:cad>85</ns3:cad>
          </ns3:TrackPointExtension>
        </extensions>
      </trkpt>
      <trkpt lat="34.1775962524116039276123046875" lon="108.9298099838197231292724609375">
        <ele>456.20001220703125</ele>
        <time>2026-10-08T00:32:24.000Z</time>
        <extensions>
          <ns3:TrackPointExtension>
            <ns3:hr>157</ns3:hr>
            <ns3:cad>85</ns3:cad>
          </ns3:TrackPointExtension>
        </extensions>
      </trkpt>
      <trkpt lat="34.17761310003697872161865234375" lon="108.929814510047435760498046875">
        <ele>455.79998779296875</ele>
        <time>2026-10-08T00:32:25.000Z</time>
        <extensions>
          <ns3:TrackPointExtension>
            <ns3:hr>157</ns3:hr>
            <ns3:cad>85</ns3:cad>
          </ns3:TrackPointExtension>
        </extensions>
      </trkpt>
      <trkpt lat="34.17762718163430690765380859375" lon="108.929813168942928314208984375">
        <ele>455.399993896484375</ele>
        <time>2026-10-08T00:32:26.000Z</time>
        <extensions>
          <ns3:TrackPointExtension>
            <ns3:hr>157</ns3:hr>
            <ns3:cad>85</ns3:cad>
          </ns3:TrackPointExtension>
        </extensions>
      </trkpt>
      <trkpt lat="34.1776458732783794403076171875" lon="108.92981492914259433746337890625">
        <ele>455</ele>
        <time>2026-10-08T00:32:27.000Z</time>
        <extensions>
          <ns3:TrackPointExtension>
            <ns3:hr>157</ns3:hr>
            <ns3:cad>85</ns3:cad>
          </ns3:TrackPointExtension>
        </extensions>
      </trkpt>
      <trkpt lat="34.17766557075083255767822265625" lon="108.9298160187900066375732421875">
        <ele>454.600006103515625</ele>
        <time>2026-10-08T00:32:28.000Z</time>
        <extensions>
          <ns3:TrackPointExtension>
            <ns3:hr>156</ns3:hr>
            <ns3:cad>85</ns3:cad>
          </ns3:TrackPointExtension>
        </extensions>
      </trkpt>
      <trkpt lat="34.1776887886226177215576171875" lon="108.92981258220970630645751953125">
        <ele>454.20001220703125</ele>
        <time>2026-10-08T00:32:29.000Z</time>
        <extensions>
          <ns3:TrackPointExtension>
            <ns3:hr>155</ns3:hr>
            <ns3:cad>85</ns3:cad>
          </ns3:TrackPointExtension>
        </extensions>
      </trkpt>
      <trkpt lat="34.1777115873992443084716796875" lon="108.92980344593524932861328125">
        <ele>454</ele>
        <time>2026-10-08T00:32:30.000Z</time>
        <extensions>
          <ns3:TrackPointExtension>
            <ns3:hr>155</ns3:hr>
            <ns3:cad>86</ns3:cad>
          </ns3:TrackPointExtension>
        </extensions>
      </trkpt>
      <trkpt lat="34.17773497290909290313720703125" lon="108.9297865144908428192138671875">
        <ele>453.600006103515625</ele>
        <time>2026-10-08T00:32:31.000Z</time>
        <extensions>
          <ns3:TrackPointExtension>
            <ns3:hr>155</ns3:hr>
            <ns3:cad>86</ns3:cad>
          </ns3:TrackPointExtension>
        </extensions>
      </trkpt>
      <trkpt lat="34.17775425128638744354248046875" lon="108.9297731034457683563232421875">
        <ele>453.399993896484375</ele>
        <time>2026-10-08T00:32:32.000Z</time>
        <extensions>
          <ns3:TrackPointExtension>
            <ns3:hr>154</ns3:hr>
            <ns3:cad>88</ns3:cad>
          </ns3:TrackPointExtension>
        </extensions>
      </trkpt>
      <trkpt lat="34.17776883579790592193603515625" lon="108.9297503046691417694091796875">
        <ele>453.399993896484375</ele>
        <time>2026-10-08T00:32:33.000Z</time>
        <extensions>
          <ns3:TrackPointExtension>
            <ns3:hr>154</ns3:hr>
            <ns3:cad>88</ns3:cad>
          </ns3:TrackPointExtension>
        </extensions>
      </trkpt>
      <trkpt lat="34.17778216302394866943359375" lon="108.92973748035728931427001953125">
        <ele>453.20001220703125</ele>
        <time>2026-10-08T00:32:34.000Z</time>
        <extensions>
          <ns3:TrackPointExtension>
            <ns3:hr>154</ns3:hr>
            <ns3:cad>88</ns3:cad>
          </ns3:TrackPointExtension>
        </extensions>
      </trkpt>
      <trkpt lat="34.177793897688388824462890625" lon="108.92971493303775787353515625">
        <ele>453.20001220703125</ele>
        <time>2026-10-08T00:32:35.000Z</time>
        <extensions>
          <ns3:TrackPointExtension>
            <ns3:hr>154</ns3:hr>
            <ns3:cad>87</ns3:cad>
          </ns3:TrackPointExtension>
        </extensions>
      </trkpt>
      <trkpt lat="34.17780051939189434051513671875" lon="108.929692469537258148193359375">
        <ele>453.20001220703125</ele>
        <time>2026-10-08T00:32:36.000Z</time>
        <extensions>
          <ns3:TrackPointExtension>
            <ns3:hr>155</ns3:hr>
            <ns3:cad>87</ns3:cad>
          </ns3:TrackPointExtension>
        </extensions>
      </trkpt>
      <trkpt lat="34.17781460098922252655029296875" lon="108.9296592772006988525390625">
        <ele>453.20001220703125</ele>
        <time>2026-10-08T00:32:37.000Z</time>
        <extensions>
          <ns3:TrackPointExtension>
            <ns3:hr>155</ns3:hr>
            <ns3:cad>87</ns3:cad>
          </ns3:TrackPointExtension>
        </extensions>
      </trkpt>
      <trkpt lat="34.1778275929391384124755859375" lon="108.92963639460504055023193359375">
        <ele>453.20001220703125</ele>
        <time>2026-10-08T00:32:38.000Z</time>
        <extensions>
          <ns3:TrackPointExtension>
            <ns3:hr>155</ns3:hr>
            <ns3:cad>87</ns3:cad>
          </ns3:TrackPointExtension>
        </extensions>
      </trkpt>
      <trkpt lat="34.17784921824932098388671875" lon="108.92961376346647739410400390625">
        <ele>453.20001220703125</ele>
        <time>2026-10-08T00:32:39.000Z</time>
        <extensions>
          <ns3:TrackPointExtension>
            <ns3:hr>154</ns3:hr>
            <ns3:cad>88</ns3:cad>
          </ns3:TrackPointExtension>
        </extensions>
      </trkpt>
      <trkpt lat="34.17786573059856891632080078125" lon="108.92959398217499256134033203125">
        <ele>453.20001220703125</ele>
        <time>2026-10-08T00:32:40.000Z</time>
        <extensions>
          <ns3:TrackPointExtension>
            <ns3:hr>154</ns3:hr>
            <ns3:cad>88</ns3:cad>
          </ns3:TrackPointExtension>
        </extensions>
      </trkpt>
      <trkpt lat="34.1778939776122570037841796875" lon="108.9295773021876811981201171875">
        <ele>453</ele>
        <time>2026-10-08T00:32:41.000Z</time>
        <extensions>
          <ns3:TrackPointExtension>
            <ns3:hr>154</ns3:hr>
            <ns3:cad>88</ns3:cad>
          </ns3:TrackPointExtension>
        </extensions>
      </trkpt>
      <trkpt lat="34.1779156029224395751953125" lon="108.92956741154193878173828125">
        <ele>453</ele>
        <time>2026-10-08T00:32:42.000Z</time>
        <extensions>
          <ns3:TrackPointExtension>
            <ns3:hr>153</ns3:hr>
            <ns3:cad>88</ns3:cad>
          </ns3:TrackPointExtension>
        </extensions>
      </trkpt>
      <trkpt lat="34.177941419184207916259765625" lon="108.92955408431589603424072265625">
        <ele>453</ele>
        <time>2026-10-08T00:32:43.000Z</time>
        <extensions>
          <ns3:TrackPointExtension>
            <ns3:hr>154</ns3:hr>
            <ns3:cad>89</ns3:cad>
          </ns3:TrackPointExtension>
        </extensions>
      </trkpt>
      <trkpt lat="34.17796648107469081878662109375" lon="108.92954058945178985595703125">
        <ele>453</ele>
        <time>2026-10-08T00:32:44.000Z</time>
        <extensions>
          <ns3:TrackPointExtension>
            <ns3:hr>153</ns3:hr>
            <ns3:cad>88</ns3:cad>
          </ns3:TrackPointExtension>
        </extensions>
      </trkpt>
      <trkpt lat="34.17798726819455623626708984375" lon="108.92952558584511280059814453125">
        <ele>453</ele>
        <time>2026-10-08T00:32:45.000Z</time>
        <extensions>
          <ns3:TrackPointExtension>
            <ns3:hr>153</ns3:hr>
            <ns3:cad>88</ns3:cad>
          </ns3:TrackPointExtension>
        </extensions>
      </trkpt>
      <trkpt lat="34.1780116595327854156494140625" lon="108.92951133660972118377685546875">
        <ele>453</ele>
        <time>2026-10-08T00:32:46.000Z</time>
        <extensions>
          <ns3:TrackPointExtension>
            <ns3:hr>152</ns3:hr>
            <ns3:cad>88</ns3:cad>
          </ns3:TrackPointExtension>
        </extensions>
      </trkpt>
      <trkpt lat="34.178029261529445648193359375" lon="108.9294951595366001129150390625">
        <ele>453</ele>
        <time>2026-10-08T00:32:47.000Z</time>
        <extensions>
          <ns3:TrackPointExtension>
            <ns3:hr>152</ns3:hr>
            <ns3:cad>88</ns3:cad>
          </ns3:TrackPointExtension>
        </extensions>
      </trkpt>
      <trkpt lat="34.17805306613445281982421875" lon="108.929475881159305572509765625">
        <ele>452.79998779296875</ele>
        <time>2026-10-08T00:32:48.000Z</time>
        <extensions>
          <ns3:TrackPointExtension>
            <ns3:hr>151</ns3:hr>
            <ns3:cad>87</ns3:cad>
          </ns3:TrackPointExtension>
        </extensions>
      </trkpt>
      <trkpt lat="34.178071506321430206298828125" lon="108.92945903353393077850341796875">
        <ele>452.79998779296875</ele>
        <time>2026-10-08T00:32:49.000Z</time>
        <extensions>
          <ns3:TrackPointExtension>
            <ns3:hr>151</ns3:hr>
            <ns3:cad>87</ns3:cad>
          </ns3:TrackPointExtension>
        </extensions>
      </trkpt>
      <trkpt lat="34.17809623293578624725341796875" lon="108.92944402992725372314453125">
        <ele>452.600006103515625</ele>
        <time>2026-10-08T00:32:50.000Z</time>
        <extensions>
          <ns3:TrackPointExtension>
            <ns3:hr>150</ns3:hr>
            <ns3:cad>88</ns3:cad>
          </ns3:TrackPointExtension>
        </extensions>
      </trkpt>
      <trkpt lat="34.1781140863895416259765625" lon="108.929431624710559844970703125">
        <ele>452.600006103515625</ele>
        <time>2026-10-08T00:32:51.000Z</time>
        <extensions>
          <ns3:TrackPointExtension>
            <ns3:hr>150</ns3:hr>
            <ns3:cad>88</ns3:cad>
          </ns3:TrackPointExtension>
        </extensions>
      </trkpt>
      <trkpt lat="34.17813956737518310546875" lon="108.92941745929419994354248046875">
        <ele>452.600006103515625</ele>
        <time>2026-10-08T00:32:52.000Z</time>
        <extensions>
          <ns3:TrackPointExtension>
            <ns3:hr>150</ns3:hr>
            <ns3:cad>88</ns3:cad>
          </ns3:TrackPointExtension>
        </extensions>
      </trkpt>
      <trkpt lat="34.17815574444830417633056640625" lon="108.92939977347850799560546875">
        <ele>452.600006103515625</ele>
        <time>2026-10-08T00:32:53.000Z</time>
        <extensions>
          <ns3:TrackPointExtension>
            <ns3:hr>150</ns3:hr>
            <ns3:cad>88</ns3:cad>
          </ns3:TrackPointExtension>
        </extensions>
      </trkpt>
      <trkpt lat="34.178176783025264739990234375" lon="108.92938074655830860137939453125">
        <ele>452.399993896484375</ele>
        <time>2026-10-08T00:32:54.000Z</time>
        <extensions>
          <ns3:TrackPointExtension>
            <ns3:hr>149</ns3:hr>
            <ns3:cad>88</ns3:cad>
          </ns3:TrackPointExtension>
        </extensions>
      </trkpt>
      <trkpt lat="34.17819262482225894927978515625" lon="108.9293633960187435150146484375">
        <ele>452.399993896484375</ele>
        <time>2026-10-08T00:32:55.000Z</time>
        <extensions>
          <ns3:TrackPointExtension>
            <ns3:hr>149</ns3:hr>
            <ns3:cad>87</ns3:cad>
          </ns3:TrackPointExtension>
        </extensions>
      </trkpt>
      <trkpt lat="34.1782175190746784210205078125" lon="108.92934353090822696685791015625">
        <ele>452.20001220703125</ele>
        <time>2026-10-08T00:32:56.000Z</time>
        <extensions>
          <ns3:TrackPointExtension>
            <ns3:hr>150</ns3:hr>
            <ns3:cad>87</ns3:cad>
          </ns3:TrackPointExtension>
        </extensions>
      </trkpt>
      <trkpt lat="34.17823470197618007659912109375" lon="108.92932626418769359588623046875">
        <ele>452.20001220703125</ele>
        <time>2026-10-08T00:32:57.000Z</time>
        <extensions>
          <ns3:TrackPointExtension>
            <ns3:hr>150</ns3:hr>
            <ns3:cad>87</ns3:cad>
          </ns3:TrackPointExtension>
        </extensions>
      </trkpt>
      <trkpt lat="34.178259260952472686767578125" lon="108.929307572543621063232421875">
        <ele>452</ele>
        <time>2026-10-08T00:32:58.000Z</time>
        <extensions>
          <ns3:TrackPointExtension>
            <ns3:hr>150</ns3:hr>
            <ns3:cad>87</ns3:cad>
          </ns3:TrackPointExtension>
        </extensions>
      </trkpt>
      <trkpt lat="34.17827728204429149627685546875" lon="108.92929106019437313079833984375">
        <ele>451.79998779296875</ele>
        <time>2026-10-08T00:32:59.000Z</time>
        <extensions>
          <ns3:TrackPointExtension>
            <ns3:hr>150</ns3:hr>
            <ns3:cad>88</ns3:cad>
          </ns3:TrackPointExtension>
        </extensions>
      </trkpt>
      <trkpt lat="34.1783006675541400909423828125" lon="108.92926457338035106658935546875">
        <ele>451.79998779296875</ele>
        <time>2026-10-08T00:33:00.000Z</time>
        <extensions>
          <ns3:TrackPointExtension>
            <ns3:hr>150</ns3:hr>
            <ns3:cad>88</ns3:cad>
          </ns3:TrackPointExtension>
        </extensions>
      </trkpt>
      <trkpt lat="34.178313910961151123046875" lon="108.92924663610756397247314453125">
        <ele>451.600006103515625</ele>
        <time>2026-10-08T00:33:01.000Z</time>
        <extensions>
          <ns3:TrackPointExtension>
            <ns3:hr>150</ns3:hr>
            <ns3:cad>88</ns3:cad>
          </ns3:TrackPointExtension>
        </extensions>
      </trkpt>
      <trkpt lat="34.17833478190004825592041015625" lon="108.9292167127132415771484375">
        <ele>451.399993896484375</ele>
        <time>2026-10-08T00:33:02.000Z</time>
        <extensions>
          <ns3:TrackPointExtension>
            <ns3:hr>151</ns3:hr>
            <ns3:cad>89</ns3:cad>
          </ns3:TrackPointExtension>
        </extensions>
      </trkpt>
      <trkpt lat="34.178345091640949249267578125" lon="108.929197601974010467529296875">
        <ele>451.399993896484375</ele>
        <time>2026-10-08T00:33:03.000Z</time>
        <extensions>
          <ns3:TrackPointExtension>
            <ns3:hr>150</ns3:hr>
            <ns3:cad>89</ns3:cad>
          </ns3:TrackPointExtension>
        </extensions>
      </trkpt>
      <trkpt lat="34.1783608496189117431640625" lon="108.929172120988368988037109375">
        <ele>451.20001220703125</ele>
        <time>2026-10-08T00:33:04.000Z</time>
        <extensions>
          <ns3:TrackPointExtension>
            <ns3:hr>150</ns3:hr>
            <ns3:cad>89</ns3:cad>
          </ns3:TrackPointExtension>
        </extensions>
      </trkpt>
      <trkpt lat="34.1783750988543033599853515625" lon="108.929149992763996124267578125">
        <ele>451.20001220703125</ele>
        <time>2026-10-08T00:33:05.000Z</time>
        <extensions>
          <ns3:TrackPointExtension>
            <ns3:hr>150</ns3:hr>
            <ns3:cad>88</ns3:cad>
          </ns3:TrackPointExtension>
        </extensions>
      </trkpt>
      <trkpt lat="34.17838943190872669219970703125" lon="108.9291189797222614288330078125">
        <ele>451.20001220703125</ele>
        <time>2026-10-08T00:33:06.000Z</time>
        <extensions>
          <ns3:TrackPointExtension>
            <ns3:hr>150</ns3:hr>
            <ns3:cad>88</ns3:cad>
          </ns3:TrackPointExtension>
        </extensions>
      </trkpt>
      <trkpt lat="34.178402423858642578125" lon="108.9290985278785228729248046875">
        <ele>451</ele>
        <time>2026-10-08T00:33:07.000Z</time>
        <extensions>
          <ns3:TrackPointExtension>
            <ns3:hr>149</ns3:hr>
            <ns3:cad>89</ns3:cad>
          </ns3:TrackPointExtension>
        </extensions>
      </trkpt>
      <trkpt lat="34.178415499627590179443359375" lon="108.9290686883032321929931640625">
        <ele>451</ele>
        <time>2026-10-08T00:33:08.000Z</time>
        <extensions>
          <ns3:TrackPointExtension>
            <ns3:hr>149</ns3:hr>
            <ns3:cad>89</ns3:cad>
          </ns3:TrackPointExtension>
        </extensions>
      </trkpt>
      <trkpt lat="34.17842983268201351165771484375" lon="108.92904706299304962158203125">
        <ele>450.79998779296875</ele>
        <time>2026-10-08T00:33:09.000Z</time>
        <extensions>
          <ns3:TrackPointExtension>
            <ns3:hr>148</ns3:hr>
            <ns3:cad>89</ns3:cad>
          </ns3:TrackPointExtension>
        </extensions>
      </trkpt>
      <trkpt lat="34.1784441657364368438720703125" lon="108.92901764251291751861572265625">
        <ele>450.79998779296875</ele>
        <time>2026-10-08T00:33:10.000Z</time>
        <extensions>
          <ns3:TrackPointExtension>
            <ns3:hr>148</ns3:hr>
            <ns3:cad>89</ns3:cad>
          </ns3:TrackPointExtension>
        </extensions>
      </trkpt>
      <trkpt lat="34.17846034280955791473388671875" lon="108.9289932511746883392333984375">
        <ele>450.79998779296875</ele>
        <time>2026-10-08T00:33:11.000Z</time>
        <extensions>
          <ns3:TrackPointExtension>
            <ns3:hr>147</ns3:hr>
            <ns3:cad>89</ns3:cad>
          </ns3:TrackPointExtension>
        </extensions>
      </trkpt>
      <trkpt lat="34.1784729994833469390869140625" lon="108.92896450124680995941162109375">
        <ele>450.79998779296875</ele>
        <time>2026-10-08T00:33:12.000Z</time>
        <extensions>
          <ns3:TrackPointExtension>
            <ns3:hr>147</ns3:hr>
            <ns3:cad>89</ns3:cad>
          </ns3:TrackPointExtension>
        </extensions>
      </trkpt>
      <trkpt lat="34.178482554852962493896484375" lon="108.9289419539272785186767578125">
        <ele>450.79998779296875</ele>
        <time>2026-10-08T00:33:13.000Z</time>
        <extensions>
          <ns3:TrackPointExtension>
            <ns3:hr>148</ns3:hr>
            <ns3:cad>90</ns3:cad>
          </ns3:TrackPointExtension>
        </extensions>
      </trkpt>
      <trkpt lat="34.1784921102225780487060546875" lon="108.92891420982778072357177734375">
        <ele>450.79998779296875</ele>
        <time>2026-10-08T00:33:14.000Z</time>
        <extensions>
          <ns3:TrackPointExtension>
            <ns3:hr>148</ns3:hr>
            <ns3:cad>90</ns3:cad>
          </ns3:TrackPointExtension>
        </extensions>
      </trkpt>
      <trkpt lat="34.178502000868320465087890625" lon="108.928893506526947021484375">
        <ele>450.600006103515625</ele>
        <time>2026-10-08T00:33:15.000Z</time>
        <extensions>
          <ns3:TrackPointExtension>
            <ns3:hr>148</ns3:hr>
            <ns3:cad>88</ns3:cad>
          </ns3:TrackPointExtension>
        </extensions>
      </trkpt>
      <trkpt lat="34.17850946076214313507080078125" lon="108.928867019712924957275390625">
        <ele>450.600006103515625</ele>
        <time>2026-10-08T00:33:16.000Z</time>
        <extensions>
          <ns3:TrackPointExtension>
            <ns3:hr>148</ns3:hr>
            <ns3:cad>88</ns3:cad>
          </ns3:TrackPointExtension>
        </extensions>
      </trkpt>
      <trkpt lat="34.17851633392274379730224609375" lon="108.92884413711726665496826171875">
        <ele>450.79998779296875</ele>
        <time>2026-10-08T00:33:17.000Z</time>
        <extensions>
          <ns3:TrackPointExtension>
            <ns3:hr>148</ns3:hr>
            <ns3:cad>88</ns3:cad>
          </ns3:TrackPointExtension>
        </extensions>
      </trkpt>
      <trkpt lat="34.1785216145217418670654296875" lon="108.9288168959319591522216796875">
        <ele>450.79998779296875</ele>
        <time>2026-10-08T00:33:18.000Z</time>
        <extensions>
          <ns3:TrackPointExtension>
            <ns3:hr>147</ns3:hr>
            <ns3:cad>88</ns3:cad>
          </ns3:TrackPointExtension>
        </extensions>
      </trkpt>
      <trkpt lat="34.17852421291172504425048828125" lon="108.9287848770618438720703125">
        <ele>451</ele>
        <time>2026-10-08T00:33:19.000Z</time>
        <extensions>
          <ns3:TrackPointExtension>
            <ns3:hr>146</ns3:hr>
            <ns3:cad>89</ns3:cad>
          </ns3:TrackPointExtension>
        </extensions>
      </trkpt>
      <trkpt lat="34.17852454818785190582275390625" lon="108.92875964753329753875732421875">
        <ele>451</ele>
        <time>2026-10-08T00:33:20.000Z</time>
        <extensions>
          <ns3:TrackPointExtension>
            <ns3:hr>146</ns3:hr>
            <ns3:cad>89</ns3:cad>
          </ns3:TrackPointExtension>
        </extensions>
      </trkpt>
      <trkpt lat="34.178528152406215667724609375" lon="108.92872519791126251220703125">
        <ele>451</ele>
        <time>2026-10-08T00:33:21.000Z</time>
        <extensions>
          <ns3:TrackPointExtension>
            <ns3:hr>146</ns3:hr>
            <ns3:cad>88</ns3:cad>
          </ns3:TrackPointExtension>
        </extensions>
      </trkpt>
      <trkpt lat="34.17853309772908687591552734375" lon="108.92869812436401844024658203125">
        <ele>451</ele>
        <time>2026-10-08T00:33:22.000Z</time>
        <extensions>
          <ns3:TrackPointExtension>
            <ns3:hr>146</ns3:hr>
            <ns3:cad>88</ns3:cad>
          </ns3:TrackPointExtension>
        </extensions>
      </trkpt>
      <trkpt lat="34.1785420663654804229736328125" lon="108.92866627313196659088134765625">
        <ele>451</ele>
        <time>2026-10-08T00:33:23.000Z</time>
        <extensions>
          <ns3:TrackPointExtension>
            <ns3:hr>147</ns3:hr>
            <ns3:cad>89</ns3:cad>
          </ns3:TrackPointExtension>
        </extensions>
      </trkpt>
      <trkpt lat="34.1785467602312564849853515625" lon="108.92863668501377105712890625">
        <ele>450.79998779296875</ele>
        <time>2026-10-08T00:33:24.000Z</time>
        <extensions>
          <ns3:TrackPointExtension>
            <ns3:hr>147</ns3:hr>
            <ns3:cad>89</ns3:cad>
          </ns3:TrackPointExtension>
        </extensions>
      </trkpt>
      <trkpt lat="34.178553633391857147216796875" lon="108.928604833781719207763671875">
        <ele>450.600006103515625</ele>
        <time>2026-10-08T00:33:25.000Z</time>
        <extensions>
          <ns3:TrackPointExtension>
            <ns3:hr>147</ns3:hr>
            <ns3:cad>89</ns3:cad>
          </ns3:TrackPointExtension>
        </extensions>
      </trkpt>
      <trkpt lat="34.178559668362140655517578125" lon="108.92858211882412433624267578125">
        <ele>450.600006103515625</ele>
        <time>2026-10-08T00:33:26.000Z</time>
        <extensions>
          <ns3:TrackPointExtension>
            <ns3:hr>147</ns3:hr>
            <ns3:cad>89</ns3:cad>
          </ns3:TrackPointExtension>
        </extensions>
      </trkpt>
      <trkpt lat="34.17857148684561252593994140625" lon="108.9285486750304698944091796875">
        <ele>450.600006103515625</ele>
        <time>2026-10-08T00:33:27.000Z</time>
        <extensions>
          <ns3:TrackPointExtension>
            <ns3:hr>147</ns3:hr>
            <ns3:cad>89</ns3:cad>
          </ns3:TrackPointExtension>
        </extensions>
      </trkpt>
      <trkpt lat="34.1785792820155620574951171875" lon="108.9285241998732089996337890625">
        <ele>450.399993896484375</ele>
        <time>2026-10-08T00:33:28.000Z</time>
        <extensions>
          <ns3:TrackPointExtension>
            <ns3:hr>147</ns3:hr>
            <ns3:cad>89</ns3:cad>
          </ns3:TrackPointExtension>
        </extensions>
      </trkpt>
      <trkpt lat="34.17859579436480998992919921875" lon="108.9284980483353137969970703125">
        <ele>450.399993896484375</ele>
        <time>2026-10-08T00:33:29.000Z</time>
        <extensions>
          <ns3:TrackPointExtension>
            <ns3:hr>147</ns3:hr>
            <ns3:cad>88</ns3:cad>
          </ns3:TrackPointExtension>
        </extensions>
      </trkpt>
      <trkpt lat="34.17860870249569416046142578125" lon="108.9284782670438289642333984375">
        <ele>450.399993896484375</ele>
        <time>2026-10-08T00:33:30.000Z</time>
        <extensions>
          <ns3:TrackPointExtension>
            <ns3:hr>147</ns3:hr>
            <ns3:cad>88</ns3:cad>
          </ns3:TrackPointExtension>
        </extensions>
      </trkpt>
      <trkpt lat="34.1786195151507854461669921875" lon="108.92845085822045803070068359375">
        <ele>450.399993896484375</ele>
        <time>2026-10-08T00:33:31.000Z</time>
        <extensions>
          <ns3:TrackPointExtension>
            <ns3:hr>147</ns3:hr>
            <ns3:cad>88</ns3:cad>
          </ns3:TrackPointExtension>
        </extensions>
      </trkpt>
      <trkpt lat="34.1786344349384307861328125" lon="108.92842940054833889007568359375">
        <ele>450.20001220703125</ele>
        <time>2026-10-08T00:33:32.000Z</time>
        <extensions>
          <ns3:TrackPointExtension>
            <ns3:hr>147</ns3:hr>
            <ns3:cad>88</ns3:cad>
          </ns3:TrackPointExtension>
        </extensions>
      </trkpt>
      <trkpt lat="34.1786523722112178802490234375" lon="108.928407020866870880126953125">
        <ele>450.20001220703125</ele>
        <time>2026-10-08T00:33:33.000Z</time>
        <extensions>
          <ns3:TrackPointExtension>
            <ns3:hr>147</ns3:hr>
            <ns3:cad>88</ns3:cad>
          </ns3:TrackPointExtension>
        </extensions>
      </trkpt>
      <trkpt lat="34.17866754345595836639404296875" lon="108.92838723957538604736328125">
        <ele>450</ele>
        <time>2026-10-08T00:33:34.000Z</time>
        <extensions>
          <ns3:TrackPointExtension>
            <ns3:hr>147</ns3:hr>
            <ns3:cad>88</ns3:cad>
          </ns3:TrackPointExtension>
        </extensions>
      </trkpt>
      <trkpt lat="34.1786822117865085601806640625" lon="108.928364105522632598876953125">
        <ele>450</ele>
        <time>2026-10-08T00:33:35.000Z</time>
        <extensions>
          <ns3:TrackPointExtension>
            <ns3:hr>147</ns3:hr>
            <ns3:cad>88</ns3:cad>
          </ns3:TrackPointExtension>
        </extensions>
      </trkpt>
      <trkpt lat="34.178699143230915069580078125" lon="108.92834155820310115814208984375">
        <ele>449.79998779296875</ele>
        <time>2026-10-08T00:33:36.000Z</time>
        <extensions>
          <ns3:TrackPointExtension>
            <ns3:hr>147</ns3:hr>
            <ns3:cad>88</ns3:cad>
          </ns3:TrackPointExtension>
        </extensions>
      </trkpt>
      <trkpt lat="34.17871330864727497100830078125" lon="108.92831825651228427886962890625">
        <ele>449.79998779296875</ele>
        <time>2026-10-08T00:33:37.000Z</time>
        <extensions>
          <ns3:TrackPointExtension>
            <ns3:hr>147</ns3:hr>
            <ns3:cad>87</ns3:cad>
          </ns3:TrackPointExtension>
        </extensions>
      </trkpt>
      <trkpt lat="34.1787325032055377960205078125" lon="108.92829227261245250701904296875">
        <ele>449.600006103515625</ele>
        <time>2026-10-08T00:33:38.000Z</time>
        <extensions>
          <ns3:TrackPointExtension>
            <ns3:hr>147</ns3:hr>
            <ns3:cad>87</ns3:cad>
          </ns3:TrackPointExtension>
        </extensions>
      </trkpt>
      <trkpt lat="34.17874432168900966644287109375" lon="108.9282703958451747894287109375">
        <ele>449.399993896484375</ele>
        <time>2026-10-08T00:33:39.000Z</time>
        <extensions>
          <ns3:TrackPointExtension>
            <ns3:hr>147</ns3:hr>
            <ns3:cad>87</ns3:cad>
          </ns3:TrackPointExtension>
        </extensions>
      </trkpt>
      <trkpt lat="34.1787613369524478912353515625" lon="108.92824181355535984039306640625">
        <ele>449.20001220703125</ele>
        <time>2026-10-08T00:33:40.000Z</time>
        <extensions>
          <ns3:TrackPointExtension>
            <ns3:hr>146</ns3:hr>
            <ns3:cad>87</ns3:cad>
          </ns3:TrackPointExtension>
        </extensions>
      </trkpt>
      <trkpt lat="34.178771562874317169189453125" lon="108.92821935005486011505126953125">
        <ele>449.20001220703125</ele>
        <time>2026-10-08T00:33:41.000Z</time>
        <extensions>
          <ns3:TrackPointExtension>
            <ns3:hr>146</ns3:hr>
            <ns3:cad>87</ns3:cad>
          </ns3:TrackPointExtension>
        </extensions>
      </trkpt>
      <trkpt lat="34.178790338337421417236328125" lon="108.928191773593425750732421875">
        <ele>449</ele>
        <time>2026-10-08T00:33:42.000Z</time>
        <extensions>
          <ns3:TrackPointExtension>
            <ns3:hr>146</ns3:hr>
            <ns3:cad>87</ns3:cad>
          </ns3:TrackPointExtension>
        </extensions>
      </trkpt>
      <trkpt lat="34.17879813350737094879150390625" lon="108.9281691424548625946044921875">
        <ele>449</ele>
        <time>2026-10-08T00:33:43.000Z</time>
        <extensions>
          <ns3:TrackPointExtension>
            <ns3:hr>146</ns3:hr>
            <ns3:cad>88</ns3:cad>
          </ns3:TrackPointExtension>
        </extensions>
      </trkpt>
      <trkpt lat="34.17881640605628490447998046875" lon="108.92814056016504764556884765625">
        <ele>448.79998779296875</ele>
        <time>2026-10-08T00:33:44.000Z</time>
        <extensions>
          <ns3:TrackPointExtension>
            <ns3:hr>146</ns3:hr>
            <ns3:cad>88</ns3:cad>
          </ns3:TrackPointExtension>
        </extensions>
      </trkpt>
      <trkpt lat="34.17882478795945644378662109375" lon="108.92811977304518222808837890625">
        <ele>448.79998779296875</ele>
        <time>2026-10-08T00:33:45.000Z</time>
        <extensions>
          <ns3:TrackPointExtension>
            <ns3:hr>145</ns3:hr>
            <ns3:cad>88</ns3:cad>
          </ns3:TrackPointExtension>
        </extensions>
      </trkpt>
      <trkpt lat="34.1788438148796558380126953125" lon="108.92809378914535045623779296875">
        <ele>448.600006103515625</ele>
        <time>2026-10-08T00:33:46.000Z</time>
        <extensions>
          <ns3:TrackPointExtension>
            <ns3:hr>145</ns3:hr>
            <ns3:cad>88</ns3:cad>
          </ns3:TrackPointExtension>
        </extensions>
      </trkpt>
      <trkpt lat="34.17885378934442996978759765625" lon="108.92806998454034328460693359375">
        <ele>448.600006103515625</ele>
        <time>2026-10-08T00:33:47.000Z</time>
        <extensions>
          <ns3:TrackPointExtension>
            <ns3:hr>144</ns3:hr>
            <ns3:cad>88</ns3:cad>
          </ns3:TrackPointExtension>
        </extensions>
      </trkpt>
      <trkpt lat="34.178869463503360748291015625" lon="108.928040228784084320068359375">
        <ele>448.600006103515625</ele>
        <time>2026-10-08T00:33:48.000Z</time>
        <extensions>
          <ns3:TrackPointExtension>
            <ns3:hr>144</ns3:hr>
            <ns3:cad>89</ns3:cad>
          </ns3:TrackPointExtension>
        </extensions>
      </trkpt>
      <trkpt lat="34.17888295836746692657470703125" lon="108.92802136950194835662841796875">
        <ele>448.399993896484375</ele>
        <time>2026-10-08T00:33:49.000Z</time>
        <extensions>
          <ns3:TrackPointExtension>
            <ns3:hr>144</ns3:hr>
            <ns3:cad>89</ns3:cad>
          </ns3:TrackPointExtension>
        </extensions>
      </trkpt>
      <trkpt lat="34.1789004765450954437255859375" lon="108.92799521796405315399169921875">
        <ele>448.399993896484375</ele>
        <time>2026-10-08T00:33:50.000Z</time>
        <extensions>
          <ns3:TrackPointExtension>
            <ns3:hr>144</ns3:hr>
            <ns3:cad>89</ns3:cad>
          </ns3:TrackPointExtension>
        </extensions>
      </trkpt>
      <trkpt lat="34.17891480959951877593994140625" lon="108.9279740117490291595458984375">
        <ele>448.20001220703125</ele>
        <time>2026-10-08T00:33:51.000Z</time>
        <extensions>
          <ns3:TrackPointExtension>
            <ns3:hr>144</ns3:hr>
            <ns3:cad>88</ns3:cad>
          </ns3:TrackPointExtension>
        </extensions>
      </trkpt>
      <trkpt lat="34.17893207632005214691162109375" lon="108.92794760875403881072998046875">
        <ele>448</ele>
        <time>2026-10-08T00:33:52.000Z</time>
        <extensions>
          <ns3:TrackPointExtension>
            <ns3:hr>144</ns3:hr>
            <ns3:cad>88</ns3:cad>
          </ns3:TrackPointExtension>
        </extensions>
      </trkpt>
      <trkpt lat="34.17894816957414150238037109375" lon="108.9279227145016193389892578125">
        <ele>447.79998779296875</ele>
        <time>2026-10-08T00:33:53.000Z</time>
        <extensions>
          <ns3:TrackPointExtension>
            <ns3:hr>144</ns3:hr>
            <ns3:cad>89</ns3:cad>
          </ns3:TrackPointExtension>
        </extensions>
      </trkpt>
      <trkpt lat="34.17895923368632793426513671875" lon="108.9278948865830898284912109375">
        <ele>447.79998779296875</ele>
        <time>2026-10-08T00:33:54.000Z</time>
        <extensions>
          <ns3:TrackPointExtension>
            <ns3:hr>144</ns3:hr>
            <ns3:cad>89</ns3:cad>
          </ns3:TrackPointExtension>
        </extensions>
      </trkpt>
      <trkpt lat="34.178970716893672943115234375" lon="108.92786999233067035675048828125">
        <ele>447.600006103515625</ele>
        <time>2026-10-08T00:33:55.000Z</time>
        <extensions>
          <ns3:TrackPointExtension>
            <ns3:hr>143</ns3:hr>
            <ns3:cad>89</ns3:cad>
          </ns3:TrackPointExtension>
        </extensions>
      </trkpt>
      <trkpt lat="34.17898085899651050567626953125" lon="108.927841745316982269287109375">
        <ele>447.399993896484375</ele>
        <time>2026-10-08T00:33:56.000Z</time>
        <extensions>
          <ns3:TrackPointExtension>
            <ns3:hr>143</ns3:hr>
            <ns3:cad>89</ns3:cad>
          </ns3:TrackPointExtension>
        </extensions>
      </trkpt>
      <trkpt lat="34.1790003888309001922607421875" lon="108.927817605435848236083984375">
        <ele>447.399993896484375</ele>
        <time>2026-10-08T00:33:57.000Z</time>
        <extensions>
          <ns3:TrackPointExtension>
            <ns3:hr>143</ns3:hr>
            <ns3:cad>88</ns3:cad>
          </ns3:TrackPointExtension>
        </extensions>
      </trkpt>
      <trkpt lat="34.179013632237911224365234375" lon="108.92779874615371227264404296875">
        <ele>447.20001220703125</ele>
        <time>2026-10-08T00:33:58.000Z</time>
        <extensions>
          <ns3:TrackPointExtension>
            <ns3:hr>143</ns3:hr>
            <ns3:cad>88</ns3:cad>
          </ns3:TrackPointExtension>
        </extensions>
      </trkpt>
      <trkpt lat="34.1790322400629520416259765625" lon="108.92777008004486560821533203125">
        <ele>447</ele>
        <time>2026-10-08T00:33:59.000Z</time>
        <extensions>
          <ns3:TrackPointExtension>
            <ns3:hr>143</ns3:hr>
            <ns3:cad>87</ns3:cad>
          </ns3:TrackPointExtension>
        </extensions>
      </trkpt>
      <trkpt lat="34.17904020287096500396728515625" lon="108.92774887382984161376953125">
        <ele>447</ele>
        <time>2026-10-08T00:34:00.000Z</time>
        <extensions>
          <ns3:TrackPointExtension>
            <ns3:hr>143</ns3:hr>
            <ns3:cad>87</ns3:cad>
          </ns3:TrackPointExtension>
        </extensions>
      </trkpt>
      <trkpt lat="34.1790513508021831512451171875" lon="108.9277192018926143646240234375">
        <ele>446.79998779296875</ele>
        <time>2026-10-08T00:34:01.000Z</time>
        <extensions>
          <ns3:TrackPointExtension>
            <ns3:hr>142</ns3:hr>
            <ns3:cad>87</ns3:cad>
          </ns3:TrackPointExtension>
        </extensions>
      </trkpt>
      <trkpt lat="34.17906023561954498291015625" lon="108.9276960678398609161376953125">
        <ele>446.600006103515625</ele>
        <time>2026-10-08T00:34:02.000Z</time>
        <extensions>
          <ns3:TrackPointExtension>
            <ns3:hr>143</ns3:hr>
            <ns3:cad>87</ns3:cad>
          </ns3:TrackPointExtension>
        </extensions>
      </trkpt>
      <trkpt lat="34.179076664149761199951171875" lon="108.92766572535037994384765625">
        <ele>446.399993896484375</ele>
        <time>2026-10-08T00:34:03.000Z</time>
        <extensions>
          <ns3:TrackPointExtension>
            <ns3:hr>143</ns3:hr>
            <ns3:cad>86</ns3:cad>
          </ns3:TrackPointExtension>
        </extensions>
      </trkpt>
      <trkpt lat="34.17908999137580394744873046875" lon="108.9276477880775928497314453125">
        <ele>446.20001220703125</ele>
        <time>2026-10-08T00:34:04.000Z</time>
        <extensions>
          <ns3:TrackPointExtension>
            <ns3:hr>143</ns3:hr>
            <ns3:cad>86</ns3:cad>
          </ns3:TrackPointExtension>
        </extensions>
      </trkpt>
      <trkpt lat="34.179106839001178741455078125" lon="108.9276207983493804931640625">
        <ele>446</ele>
        <time>2026-10-08T00:34:05.000Z</time>
        <extensions>
          <ns3:TrackPointExtension>
            <ns3:hr>144</ns3:hr>
            <ns3:cad>87</ns3:cad>
          </ns3:TrackPointExtension>
        </extensions>
      </trkpt>
      <trkpt lat="34.17911765165627002716064453125" lon="108.9275966584682464599609375">
        <ele>445.600006103515625</ele>
        <time>2026-10-08T00:34:06.000Z</time>
        <extensions>
          <ns3:TrackPointExtension>
            <ns3:hr>144</ns3:hr>
            <ns3:cad>88</ns3:cad>
          </ns3:TrackPointExtension>
        </extensions>
      </trkpt>
      <trkpt lat="34.17913399636745452880859375" lon="108.92756271176040172576904296875">
        <ele>445.399993896484375</ele>
        <time>2026-10-08T00:34:07.000Z</time>
        <extensions>
          <ns3:TrackPointExtension>
            <ns3:hr>144</ns3:hr>
            <ns3:cad>88</ns3:cad>
          </ns3:TrackPointExtension>
        </extensions>
      </trkpt>
      <trkpt lat="34.1791494190692901611328125" lon="108.9275388233363628387451171875">
        <ele>445.20001220703125</ele>
        <time>2026-10-08T00:34:08.000Z</time>
        <extensions>
          <ns3:TrackPointExtension>
            <ns3:hr>144</ns3:hr>
            <ns3:cad>89</ns3:cad>
          </ns3:TrackPointExtension>
        </extensions>
      </trkpt>
      <trkpt lat="34.179162494838237762451171875" lon="108.92751024104654788970947265625">
        <ele>445</ele>
        <time>2026-10-08T00:34:09.000Z</time>
        <extensions>
          <ns3:TrackPointExtension>
            <ns3:hr>144</ns3:hr>
            <ns3:cad>89</ns3:cad>
          </ns3:TrackPointExtension>
        </extensions>
      </trkpt>
      <trkpt lat="34.17917062528431415557861328125" lon="108.9274794794619083404541015625">
        <ele>444.79998779296875</ele>
        <time>2026-10-08T00:34:10.000Z</time>
        <extensions>
          <ns3:TrackPointExtension>
            <ns3:hr>144</ns3:hr>
            <ns3:cad>89</ns3:cad>
          </ns3:TrackPointExtension>
        </extensions>
      </trkpt>
      <trkpt lat="34.17918068356812000274658203125" lon="108.92744804732501506805419921875">
        <ele>444.399993896484375</ele>
        <time>2026-10-08T00:34:11.000Z</time>
        <extensions>
          <ns3:TrackPointExtension>
            <ns3:hr>144</ns3:hr>
            <ns3:cad>89</ns3:cad>
          </ns3:TrackPointExtension>
        </extensions>
      </trkpt>
      <trkpt lat="34.17919174768030643463134765625" lon="108.9274184592068195343017578125">
        <ele>444.20001220703125</ele>
        <time>2026-10-08T00:34:12.000Z</time>
        <extensions>
          <ns3:TrackPointExtension>
            <ns3:hr>144</ns3:hr>
            <ns3:cad>88</ns3:cad>
          </ns3:TrackPointExtension>
        </extensions>
      </trkpt>
      <trkpt lat="34.179199039936065673828125" lon="108.9273902960121631622314453125">
        <ele>444</ele>
        <time>2026-10-08T00:34:13.000Z</time>
        <extensions>
          <ns3:TrackPointExtension>
            <ns3:hr>144</ns3:hr>
            <ns3:cad>88</ns3:cad>
          </ns3:TrackPointExtension>
        </extensions>
      </trkpt>
      <trkpt lat="34.179216809570789337158203125" lon="108.92736121080815792083740234375">
        <ele>443.79998779296875</ele>
        <time>2026-10-08T00:34:14.000Z</time>
        <extensions>
          <ns3:TrackPointExtension>
            <ns3:hr>145</ns3:hr>
            <ns3:cad>89</ns3:cad>
          </ns3:TrackPointExtension>
        </extensions>
      </trkpt>
      <trkpt lat="34.1792297177016735076904296875" lon="108.92733925022184848785400390625">
        <ele>443.600006103515625</ele>
        <time>2026-10-08T00:34:15.000Z</time>
        <extensions>
          <ns3:TrackPointExtension>
            <ns3:hr>144</ns3:hr>
            <ns3:cad>89</ns3:cad>
          </ns3:TrackPointExtension>
        </extensions>
      </trkpt>
      <trkpt lat="34.17925494723021984100341796875" lon="108.9273212291300296783447265625">
        <ele>443.399993896484375</ele>
        <time>2026-10-08T00:34:16.000Z</time>
        <extensions>
          <ns3:TrackPointExtension>
            <ns3:hr>144</ns3:hr>
            <ns3:cad>88</ns3:cad>
          </ns3:TrackPointExtension>
        </extensions>
      </trkpt>
      <trkpt lat="34.17927154339849948883056640625" lon="108.9273083209991455078125">
        <ele>443.20001220703125</ele>
        <time>2026-10-08T00:34:17.000Z</time>
        <extensions>
          <ns3:TrackPointExtension>
            <ns3:hr>144</ns3:hr>
            <ns3:cad>88</ns3:cad>
          </ns3:TrackPointExtension>
        </extensions>
      </trkpt>
      <trkpt lat="34.17928998358547687530517578125" lon="108.92730438150465488433837890625">
        <ele>443</ele>
        <time>2026-10-08T00:34:18.000Z</time>
        <extensions>
          <ns3:TrackPointExtension>
            <ns3:hr>144</ns3:hr>
            <ns3:cad>88</ns3:cad>
          </ns3:TrackPointExtension>
        </extensions>
      </trkpt>
      <trkpt lat="34.17930590920150279998779296875" lon="108.92729231156408786773681640625">
        <ele>442.79998779296875</ele>
        <time>2026-10-08T00:34:19.000Z</time>
        <extensions>
          <ns3:TrackPointExtension>
            <ns3:hr>144</ns3:hr>
            <ns3:cad>88</ns3:cad>
          </ns3:TrackPointExtension>
        </extensions>
      </trkpt>
      <trkpt lat="34.17932309210300445556640625" lon="108.9272726140916347503662109375">
        <ele>442.600006103515625</ele>
        <time>2026-10-08T00:34:20.000Z</time>
        <extensions>
          <ns3:TrackPointExtension>
            <ns3:hr>144</ns3:hr>
            <ns3:cad>88</ns3:cad>
          </ns3:TrackPointExtension>
        </extensions>
      </trkpt>
      <trkpt lat="34.1793403588235378265380859375" lon="108.92725593410432338714599609375">
        <ele>442.399993896484375</ele>
        <time>2026-10-08T00:34:21.000Z</time>
        <extensions>
          <ns3:TrackPointExtension>
            <ns3:hr>144</ns3:hr>
            <ns3:cad>88</ns3:cad>
          </ns3:TrackPointExtension>
        </extensions>
      </trkpt>
      <trkpt lat="34.17935720644891262054443359375" lon="108.92723481170833110809326171875">
        <ele>442.20001220703125</ele>
        <time>2026-10-08T00:34:22.000Z</time>
        <extensions>
          <ns3:TrackPointExtension>
            <ns3:hr>144</ns3:hr>
            <ns3:cad>87</ns3:cad>
          </ns3:TrackPointExtension>
        </extensions>
      </trkpt>
      <trkpt lat="34.17937338352203369140625" lon="108.92721687443554401397705078125">
        <ele>442</ele>
        <time>2026-10-08T00:34:23.000Z</time>
        <extensions>
          <ns3:TrackPointExtension>
            <ns3:hr>143</ns3:hr>
            <ns3:cad>87</ns3:cad>
          </ns3:TrackPointExtension>
        </extensions>
      </trkpt>
      <trkpt lat="34.17938536964356899261474609375" lon="108.92719206400215625762939453125">
        <ele>442</ele>
        <time>2026-10-08T00:34:24.000Z</time>
        <extensions>
          <ns3:TrackPointExtension>
            <ns3:hr>143</ns3:hr>
            <ns3:cad>87</ns3:cad>
          </ns3:TrackPointExtension>
        </extensions>
      </trkpt>
      <trkpt lat="34.179399870336055755615234375" lon="108.92717328853905200958251953125">
        <ele>441.79998779296875</ele>
        <time>2026-10-08T00:34:25.000Z</time>
        <extensions>
          <ns3:TrackPointExtension>
            <ns3:hr>143</ns3:hr>
            <ns3:cad>88</ns3:cad>
          </ns3:TrackPointExtension>
        </extensions>
      </trkpt>
      <trkpt lat="34.179417975246906280517578125" lon="108.9271693490445613861083984375">
        <ele>441.600006103515625</ele>
        <time>2026-10-08T00:34:26.000Z</time>
        <extensions>
          <ns3:TrackPointExtension>
            <ns3:hr>142</ns3:hr>
            <ns3:cad>88</ns3:cad>
          </ns3:TrackPointExtension>
        </extensions>
      </trkpt>
      <trkpt lat="34.17943649925291538238525390625" lon="108.92716373316943645477294921875">
        <ele>441.600006103515625</ele>
        <time>2026-10-08T00:34:27.000Z</time>
        <extensions>
          <ns3:TrackPointExtension>
            <ns3:hr>142</ns3:hr>
            <ns3:cad>87</ns3:cad>
          </ns3:TrackPointExtension>
        </extensions>
      </trkpt>
      <trkpt lat="34.17945384979248046875" lon="108.9271512441337108612060546875">
        <ele>441.399993896484375</ele>
        <time>2026-10-08T00:34:28.000Z</time>
        <extensions>
          <ns3:TrackPointExtension>
            <ns3:hr>142</ns3:hr>
            <ns3:cad>87</ns3:cad>
          </ns3:TrackPointExtension>
        </extensions>
      </trkpt>
      <trkpt lat="34.17947731912136077880859375" lon="108.92713188193738460540771484375">
        <ele>441.399993896484375</ele>
        <time>2026-10-08T00:34:29.000Z</time>
        <extensions>
          <ns3:TrackPointExtension>
            <ns3:hr>143</ns3:hr>
            <ns3:cad>87</ns3:cad>
          </ns3:TrackPointExtension>
        </extensions>
      </trkpt>
      <trkpt lat="34.1794945858418941497802734375" lon="108.92712115310132503509521484375">
        <ele>441.20001220703125</ele>
        <time>2026-10-08T00:34:30.000Z</time>
        <extensions>
          <ns3:TrackPointExtension>
            <ns3:hr>142</ns3:hr>
            <ns3:cad>87</ns3:cad>
          </ns3:TrackPointExtension>
        </extensions>
      </trkpt>
      <trkpt lat="34.17951813898980617523193359375" lon="108.92710288055241107940673828125">
        <ele>441.20001220703125</ele>
        <time>2026-10-08T00:34:31.000Z</time>
        <extensions>
          <ns3:TrackPointExtension>
            <ns3:hr>142</ns3:hr>
            <ns3:cad>87</ns3:cad>
          </ns3:TrackPointExtension>
        </extensions>
      </trkpt>
      <trkpt lat="34.17953406460583209991455078125" lon="108.927088715136051177978515625">
        <ele>441</ele>
        <time>2026-10-08T00:34:32.000Z</time>
        <extensions>
          <ns3:TrackPointExtension>
            <ns3:hr>142</ns3:hr>
            <ns3:cad>86</ns3:cad>
          </ns3:TrackPointExtension>
        </extensions>
      </trkpt>
      <trkpt lat="34.17955468408763408660888671875" lon="108.9270731247961521148681640625">
        <ele>440.600006103515625</ele>
        <time>2026-10-08T00:34:33.000Z</time>
        <extensions>
          <ns3:TrackPointExtension>
            <ns3:hr>142</ns3:hr>
            <ns3:cad>86</ns3:cad>
          </ns3:TrackPointExtension>
        </extensions>
      </trkpt>
      <trkpt lat="34.17957865633070468902587890625" lon="108.9270607195794582366943359375">
        <ele>440.399993896484375</ele>
        <time>2026-10-08T00:34:34.000Z</time>
        <extensions>
          <ns3:TrackPointExtension>
            <ns3:hr>141</ns3:hr>
            <ns3:cad>86</ns3:cad>
          </ns3:TrackPointExtension>
        </extensions>
      </trkpt>
      <trkpt lat="34.1795995272696018218994140625" lon="108.9270463027060031890869140625">
        <ele>440.20001220703125</ele>
        <time>2026-10-08T00:34:35.000Z</time>
        <extensions>
          <ns3:TrackPointExtension>
            <ns3:hr>141</ns3:hr>
            <ns3:cad>87</ns3:cad>
          </ns3:TrackPointExtension>
        </extensions>
      </trkpt>
      <trkpt lat="34.17962458916008472442626953125" lon="108.92703917808830738067626953125">
        <ele>440.20001220703125</ele>
        <time>2026-10-08T00:34:36.000Z</time>
        <extensions>
          <ns3:TrackPointExtension>
            <ns3:hr>141</ns3:hr>
            <ns3:cad>87</ns3:cad>
          </ns3:TrackPointExtension>
        </extensions>
      </trkpt>
      <trkpt lat="34.17964789085090160369873046875" lon="108.9270332269370555877685546875">
        <ele>440</ele>
        <time>2026-10-08T00:34:37.000Z</time>
        <extensions>
          <ns3:TrackPointExtension>
            <ns3:hr>140</ns3:hr>
            <ns3:cad>87</ns3:cad>
          </ns3:TrackPointExtension>
        </extensions>
      </trkpt>
      <trkpt lat="34.17967856861650943756103515625" lon="108.92703414894640445709228515625">
        <ele>439.79998779296875</ele>
        <time>2026-10-08T00:34:38.000Z</time>
        <extensions>
          <ns3:TrackPointExtension>
            <ns3:hr>140</ns3:hr>
            <ns3:cad>86</ns3:cad>
          </ns3:TrackPointExtension>
        </extensions>
      </trkpt>
      <trkpt lat="34.17970270849764347076416015625" lon="108.9270315505564212799072265625">
        <ele>439.600006103515625</ele>
        <time>2026-10-08T00:34:39.000Z</time>
        <extensions>
          <ns3:TrackPointExtension>
            <ns3:hr>140</ns3:hr>
            <ns3:cad>86</ns3:cad>
          </ns3:TrackPointExtension>
        </extensions>
      </trkpt>
      <trkpt lat="34.1797302849590778350830078125" lon="108.9270328916609287261962890625">
        <ele>439.399993896484375</ele>
        <time>2026-10-08T00:34:40.000Z</time>
        <extensions>
          <ns3:TrackPointExtension>
            <ns3:hr>140</ns3:hr>
            <ns3:cad>87</ns3:cad>
          </ns3:TrackPointExtension>
        </extensions>
      </trkpt>
      <trkpt lat="34.1797524131834506988525390625" lon="108.92702694050967693328857421875">
        <ele>439.20001220703125</ele>
        <time>2026-10-08T00:34:41.000Z</time>
        <extensions>
          <ns3:TrackPointExtension>
            <ns3:hr>140</ns3:hr>
            <ns3:cad>87</ns3:cad>
          </ns3:TrackPointExtension>
        </extensions>
      </trkpt>
      <trkpt lat="34.17978015728294849395751953125" lon="108.9270218275487422943115234375">
        <ele>439</ele>
        <time>2026-10-08T00:34:42.000Z</time>
        <extensions>
          <ns3:TrackPointExtension>
            <ns3:hr>140</ns3:hr>
            <ns3:cad>87</ns3:cad>
          </ns3:TrackPointExtension>
        </extensions>
      </trkpt>
      <trkpt lat="34.17980429716408252716064453125" lon="108.92701537348330020904541015625">
        <ele>438.79998779296875</ele>
        <time>2026-10-08T00:34:43.000Z</time>
        <extensions>
          <ns3:TrackPointExtension>
            <ns3:hr>140</ns3:hr>
            <ns3:cad>87</ns3:cad>
          </ns3:TrackPointExtension>
        </extensions>
      </trkpt>
      <trkpt lat="34.17982776649296283721923828125" lon="108.92701202072203159332275390625">
        <ele>438.600006103515625</ele>
        <time>2026-10-08T00:34:44.000Z</time>
        <extensions>
          <ns3:TrackPointExtension>
            <ns3:hr>139</ns3:hr>
            <ns3:cad>87</ns3:cad>
          </ns3:TrackPointExtension>
        </extensions>
      </trkpt>
      <trkpt lat="34.1798543371260166168212890625" lon="108.9270167984068393707275390625">
        <ele>438.399993896484375</ele>
        <time>2026-10-08T00:34:45.000Z</time>
        <extensions>
          <ns3:TrackPointExtension>
            <ns3:hr>139</ns3:hr>
            <ns3:cad>87</ns3:cad>
          </ns3:TrackPointExtension>
        </extensions>
      </trkpt>
      <trkpt lat="34.17987763881683349609375" lon="108.9270131103694438934326171875">
        <ele>438.20001220703125</ele>
        <time>2026-10-08T00:34:46.000Z</time>
        <extensions>
          <ns3:TrackPointExtension>
            <ns3:hr>139</ns3:hr>
            <ns3:cad>88</ns3:cad>
          </ns3:TrackPointExtension>
        </extensions>
      </trkpt>
      <trkpt lat="34.17990571819245815277099609375" lon="108.92701436765491962432861328125">
        <ele>438</ele>
        <time>2026-10-08T00:34:47.000Z</time>
        <extensions>
          <ns3:TrackPointExtension>
            <ns3:hr>139</ns3:hr>
            <ns3:cad>88</ns3:cad>
          </ns3:TrackPointExtension>
        </extensions>
      </trkpt>
      <trkpt lat="34.17992549948394298553466796875" lon="108.9270077459514141082763671875">
        <ele>437.79998779296875</ele>
        <time>2026-10-08T00:34:48.000Z</time>
        <extensions>
          <ns3:TrackPointExtension>
            <ns3:hr>138</ns3:hr>
            <ns3:cad>88</ns3:cad>
          </ns3:TrackPointExtension>
        </extensions>
      </trkpt>
      <trkpt lat="34.17994511313736438751220703125" lon="108.92700799740850925445556640625">
        <ele>437.600006103515625</ele>
        <time>2026-10-08T00:34:49.000Z</time>
        <extensions>
          <ns3:TrackPointExtension>
            <ns3:hr>138</ns3:hr>
            <ns3:cad>88</ns3:cad>
          </ns3:TrackPointExtension>
        </extensions>
      </trkpt>
      <trkpt lat="34.17996221221983432769775390625" lon="108.92700581811368465423583984375">
        <ele>437.399993896484375</ele>
        <time>2026-10-08T00:34:50.000Z</time>
        <extensions>
          <ns3:TrackPointExtension>
            <ns3:hr>138</ns3:hr>
            <ns3:cad>88</ns3:cad>
          </ns3:TrackPointExtension>
        </extensions>
      </trkpt>
      <trkpt lat="34.1799931414425373077392578125" lon="108.92700313590466976165771484375">
        <ele>437.20001220703125</ele>
        <time>2026-10-08T00:34:51.000Z</time>
        <extensions>
          <ns3:TrackPointExtension>
            <ns3:hr>138</ns3:hr>
            <ns3:cad>87</ns3:cad>
          </ns3:TrackPointExtension>
        </extensions>
      </trkpt>
      <trkpt lat="34.180018119513988494873046875" lon="108.9270064048469066619873046875">
        <ele>437</ele>
        <time>2026-10-08T00:34:52.000Z</time>
        <extensions>
          <ns3:TrackPointExtension>
            <ns3:hr>138</ns3:hr>
            <ns3:cad>87</ns3:cad>
          </ns3:TrackPointExtension>
        </extensions>
      </trkpt>
      <trkpt lat="34.18004653416574001312255859375" lon="108.92700464464724063873291015625">
        <ele>436.79998779296875</ele>
        <time>2026-10-08T00:34:53.000Z</time>
        <extensions>
          <ns3:TrackPointExtension>
            <ns3:hr>138</ns3:hr>
            <ns3:cad>87</ns3:cad>
          </ns3:TrackPointExtension>
        </extensions>
      </trkpt>
      <trkpt lat="34.18007000349462032318115234375" lon="108.9270092546939849853515625">
        <ele>436.600006103515625</ele>
        <time>2026-10-08T00:34:54.000Z</time>
        <extensions>
          <ns3:TrackPointExtension>
            <ns3:hr>138</ns3:hr>
            <ns3:cad>87</ns3:cad>
          </ns3:TrackPointExtension>
        </extensions>
      </trkpt>
      <trkpt lat="34.1800970770418643951416015625" lon="108.9270065724849700927734375">
        <ele>436.600006103515625</ele>
        <time>2026-10-08T00:34:55.000Z</time>
        <extensions>
          <ns3:TrackPointExtension>
            <ns3:hr>138</ns3:hr>
            <ns3:cad>87</ns3:cad>
          </ns3:TrackPointExtension>
        </extensions>
      </trkpt>
      <trkpt lat="34.18012063018977642059326171875" lon="108.927004896104335784912109375">
        <ele>436.399993896484375</ele>
        <time>2026-10-08T00:34:56.000Z</time>
        <extensions>
          <ns3:TrackPointExtension>
            <ns3:hr>138</ns3:hr>
            <ns3:cad>88</ns3:cad>
          </ns3:TrackPointExtension>
        </extensions>
      </trkpt>
      <trkpt lat="34.18014585971832275390625" lon="108.92700816504657268524169921875">
        <ele>436.20001220703125</ele>
        <time>2026-10-08T00:34:57.000Z</time>
        <extensions>
          <ns3:TrackPointExtension>
            <ns3:hr>138</ns3:hr>
            <ns3:cad>88</ns3:cad>
          </ns3:TrackPointExtension>
        </extensions>
      </trkpt>
      <trkpt lat="34.18017326854169368743896484375" lon="108.92700967378914356231689453125">
        <ele>436</ele>
        <time>2026-10-08T00:34:58.000Z</time>
        <extensions>
          <ns3:TrackPointExtension>
            <ns3:hr>138</ns3:hr>
            <ns3:cad>88</ns3:cad>
          </ns3:TrackPointExtension>
        </extensions>
      </trkpt>
      <trkpt lat="34.18020042590796947479248046875" lon="108.927008248865604400634765625">
        <ele>435.79998779296875</ele>
        <time>2026-10-08T00:34:59.000Z</time>
        <extensions>
          <ns3:TrackPointExtension>
            <ns3:hr>138</ns3:hr>
            <ns3:cad>88</ns3:cad>
          </ns3:TrackPointExtension>
        </extensions>
      </trkpt>
      <trkpt lat="34.1802335344254970550537109375" lon="108.927010260522365570068359375">
        <ele>435.600006103515625</ele>
        <time>2026-10-08T00:35:00.000Z</time>
        <extensions>
          <ns3:TrackPointExtension>
            <ns3:hr>138</ns3:hr>
            <ns3:cad>88</ns3:cad>
          </ns3:TrackPointExtension>
        </extensions>
      </trkpt>
      <trkpt lat="34.1802576743066310882568359375" lon="108.927010931074619293212890625">
        <ele>435.399993896484375</ele>
        <time>2026-10-08T00:35:01.000Z</time>
        <extensions>
          <ns3:TrackPointExtension>
            <ns3:hr>138</ns3:hr>
            <ns3:cad>88</ns3:cad>
          </ns3:TrackPointExtension>
        </extensions>
      </trkpt>
      <trkpt lat="34.18028458021581172943115234375" lon="108.927008248865604400634765625">
        <ele>435.20001220703125</ele>
        <time>2026-10-08T00:35:02.000Z</time>
        <extensions>
          <ns3:TrackPointExtension>
            <ns3:hr>139</ns3:hr>
            <ns3:cad>87</ns3:cad>
          </ns3:TrackPointExtension>
        </extensions>
      </trkpt>
      <trkpt lat="34.18030737899243831634521484375" lon="108.9270050637423992156982421875">
        <ele>435.20001220703125</ele>
        <time>2026-10-08T00:35:03.000Z</time>
        <extensions>
          <ns3:TrackPointExtension>
            <ns3:hr>139</ns3:hr>
            <ns3:cad>87</ns3:cad>
          </ns3:TrackPointExtension>
        </extensions>
      </trkpt>
      <trkpt lat="34.18033696711063385009765625" lon="108.9270043931901454925537109375">
        <ele>435</ele>
        <time>2026-10-08T00:35:04.000Z</time>
        <extensions>
          <ns3:TrackPointExtension>
            <ns3:hr>139</ns3:hr>
            <ns3:cad>87</ns3:cad>
          </ns3:TrackPointExtension>
        </extensions>
      </trkpt>
      <trkpt lat="34.180351383984088897705078125" lon="108.927003554999828338623046875">
        <ele>434.79998779296875</ele>
        <time>2026-10-08T00:35:05.000Z</time>
        <extensions>
          <ns3:TrackPointExtension>
            <ns3:hr>139</ns3:hr>
            <ns3:cad>87</ns3:cad>
          </ns3:TrackPointExtension>
        </extensions>
      </trkpt>
      <trkpt lat="34.18037896044552326202392578125" lon="108.92699961550533771514892578125">
        <ele>434.600006103515625</ele>
        <time>2026-10-08T00:35:06.000Z</time>
        <extensions>
          <ns3:TrackPointExtension>
            <ns3:hr>139</ns3:hr>
            <ns3:cad>87</ns3:cad>
          </ns3:TrackPointExtension>
        </extensions>
      </trkpt>
      <trkpt lat="34.18039857409894466400146484375" lon="108.92699793912470340728759765625">
        <ele>434.399993896484375</ele>
        <time>2026-10-08T00:35:07.000Z</time>
        <extensions>
          <ns3:TrackPointExtension>
            <ns3:hr>139</ns3:hr>
            <ns3:cad>88</ns3:cad>
          </ns3:TrackPointExtension>
        </extensions>
      </trkpt>
      <trkpt lat="34.1804209537804126739501953125" lon="108.92700246535241603851318359375">
        <ele>434.20001220703125</ele>
        <time>2026-10-08T00:35:08.000Z</time>
        <extensions>
          <ns3:TrackPointExtension>
            <ns3:hr>139</ns3:hr>
            <ns3:cad>88</ns3:cad>
          </ns3:TrackPointExtension>
        </extensions>
      </trkpt>
      <trkpt lat="34.18044157326221466064453125" lon="108.92701352946460247039794921875">
        <ele>434.20001220703125</ele>
        <time>2026-10-08T00:35:09.000Z</time>
        <extensions>
          <ns3:TrackPointExtension>
            <ns3:hr>138</ns3:hr>
            <ns3:cad>88</ns3:cad>
          </ns3:TrackPointExtension>
        </extensions>
      </trkpt>
      <trkpt lat="34.1804655455052852630615234375" lon="108.92702735960483551025390625">
        <ele>434</ele>
        <time>2026-10-08T00:35:10.000Z</time>
        <extensions>
          <ns3:TrackPointExtension>
            <ns3:hr>138</ns3:hr>
            <ns3:cad>88</ns3:cad>
          </ns3:TrackPointExtension>
        </extensions>
      </trkpt>
      <trkpt lat="34.18048725463449954986572265625" lon="108.927036412060260772705078125">
        <ele>434</ele>
        <time>2026-10-08T00:35:11.000Z</time>
        <extensions>
          <ns3:TrackPointExtension>
            <ns3:hr>138</ns3:hr>
            <ns3:cad>87</ns3:cad>
          </ns3:TrackPointExtension>
        </extensions>
      </trkpt>
      <trkpt lat="34.18051089160144329071044921875" lon="108.92704135738313198089599609375">
        <ele>433.79998779296875</ele>
        <time>2026-10-08T00:35:12.000Z</time>
        <extensions>
          <ns3:TrackPointExtension>
            <ns3:hr>138</ns3:hr>
            <ns3:cad>87</ns3:cad>
          </ns3:TrackPointExtension>
        </extensions>
      </trkpt>
      <trkpt lat="34.18053503148257732391357421875" lon="108.92704923637211322784423828125">
        <ele>433.600006103515625</ele>
        <time>2026-10-08T00:35:13.000Z</time>
        <extensions>
          <ns3:TrackPointExtension>
            <ns3:hr>138</ns3:hr>
            <ns3:cad>87</ns3:cad>
          </ns3:TrackPointExtension>
        </extensions>
      </trkpt>
      <trkpt lat="34.18055615387856960296630859375" lon="108.92705610953271389007568359375">
        <ele>433.600006103515625</ele>
        <time>2026-10-08T00:35:14.000Z</time>
        <extensions>
          <ns3:TrackPointExtension>
            <ns3:hr>137</ns3:hr>
            <ns3:cad>87</ns3:cad>
          </ns3:TrackPointExtension>
        </extensions>
      </trkpt>
      <trkpt lat="34.180591106414794921875" lon="108.92705560661852359771728515625">
        <ele>433.600006103515625</ele>
        <time>2026-10-08T00:35:15.000Z</time>
        <extensions>
          <ns3:TrackPointExtension>
            <ns3:hr>137</ns3:hr>
            <ns3:cad>88</ns3:cad>
          </ns3:TrackPointExtension>
        </extensions>
      </trkpt>
      <trkpt lat="34.18061600066721439361572265625" lon="108.92705158330500125885009765625">
        <ele>433.399993896484375</ele>
        <time>2026-10-08T00:35:16.000Z</time>
        <extensions>
          <ns3:TrackPointExtension>
            <ns3:hr>137</ns3:hr>
            <ns3:cad>88</ns3:cad>
          </ns3:TrackPointExtension>
        </extensions>
      </trkpt>
      <trkpt lat="34.18064408004283905029296875" lon="108.9270503260195255279541015625">
        <ele>433.20001220703125</ele>
        <time>2026-10-08T00:35:17.000Z</time>
        <extensions>
          <ns3:TrackPointExtension>
            <ns3:hr>137</ns3:hr>
            <ns3:cad>88</ns3:cad>
          </ns3:TrackPointExtension>
        </extensions>
      </trkpt>
      <trkpt lat="34.1806650348007678985595703125" lon="108.92704789526760578155517578125">
        <ele>433.20001220703125</ele>
        <time>2026-10-08T00:35:18.000Z</time>
        <extensions>
          <ns3:TrackPointExtension>
            <ns3:hr>138</ns3:hr>
            <ns3:cad>88</ns3:cad>
          </ns3:TrackPointExtension>
        </extensions>
      </trkpt>
      <trkpt lat="34.180689342319965362548828125" lon="108.92704806290566921234130859375">
        <ele>433.20001220703125</ele>
        <time>2026-10-08T00:35:19.000Z</time>
        <extensions>
          <ns3:TrackPointExtension>
            <ns3:hr>137</ns3:hr>
            <ns3:cad>88</ns3:cad>
          </ns3:TrackPointExtension>
        </extensions>
      </trkpt>
      <trkpt lat="34.1807099618017673492431640625" lon="108.92704747617244720458984375">
        <ele>433</ele>
        <time>2026-10-08T00:35:20.000Z</time>
        <extensions>
          <ns3:TrackPointExtension>
            <ns3:hr>137</ns3:hr>
            <ns3:cad>88</ns3:cad>
          </ns3:TrackPointExtension>
        </extensions>
      </trkpt>
      <trkpt lat="34.180737622082233428955078125" lon="108.9270459674298763275146484375">
        <ele>433</ele>
        <time>2026-10-08T00:35:21.000Z</time>
        <extensions>
          <ns3:TrackPointExtension>
            <ns3:hr>137</ns3:hr>
            <ns3:cad>88</ns3:cad>
          </ns3:TrackPointExtension>
        </extensions>
      </trkpt>
      <trkpt lat="34.18075782246887683868408203125" lon="108.9270429499447345733642578125">
        <ele>433</ele>
        <time>2026-10-08T00:35:22.000Z</time>
        <extensions>
          <ns3:TrackPointExtension>
            <ns3:hr>137</ns3:hr>
            <ns3:cad>87</ns3:cad>
          </ns3:TrackPointExtension>
        </extensions>
      </trkpt>
      <trkpt lat="34.18079118244349956512451171875" lon="108.92703565768897533416748046875">
        <ele>432.79998779296875</ele>
        <time>2026-10-08T00:35:23.000Z</time>
        <extensions>
          <ns3:TrackPointExtension>
            <ns3:hr>137</ns3:hr>
            <ns3:cad>87</ns3:cad>
          </ns3:TrackPointExtension>
        </extensions>
      </trkpt>
      <trkpt lat="34.18082353658974170684814453125" lon="108.92703448422253131866455078125">
        <ele>432.79998779296875</ele>
        <time>2026-10-08T00:35:24.000Z</time>
        <extensions>
          <ns3:TrackPointExtension>
            <ns3:hr>137</ns3:hr>
            <ns3:cad>87</ns3:cad>
          </ns3:TrackPointExtension>
        </extensions>
      </trkpt>
      <trkpt lat="34.180852286517620086669921875" lon="108.92703649587929248809814453125">
        <ele>432.79998779296875</ele>
        <time>2026-10-08T00:35:25.000Z</time>
        <extensions>
          <ns3:TrackPointExtension>
            <ns3:hr>138</ns3:hr>
            <ns3:cad>87</ns3:cad>
          </ns3:TrackPointExtension>
        </extensions>
      </trkpt>
      <trkpt lat="34.18088053353130817413330078125" lon="108.92705108039081096649169921875">
        <ele>432.79998779296875</ele>
        <time>2026-10-08T00:35:26.000Z</time>
        <extensions>
          <ns3:TrackPointExtension>
            <ns3:hr>137</ns3:hr>
            <ns3:cad>88</ns3:cad>
          </ns3:TrackPointExtension>
        </extensions>
      </trkpt>
      <trkpt lat="34.1809054277837276458740234375" lon="108.9270627312362194061279296875">
        <ele>432.79998779296875</ele>
        <time>2026-10-08T00:35:27.000Z</time>
        <extensions>
          <ns3:TrackPointExtension>
            <ns3:hr>137</ns3:hr>
            <ns3:cad>88</ns3:cad>
          </ns3:TrackPointExtension>
        </extensions>
      </trkpt>
      <trkpt lat="34.1809305734932422637939453125" lon="108.92708024941384792327880859375">
        <ele>432.79998779296875</ele>
        <time>2026-10-08T00:35:28.000Z</time>
        <extensions>
          <ns3:TrackPointExtension>
            <ns3:hr>137</ns3:hr>
            <ns3:cad>88</ns3:cad>
          </ns3:TrackPointExtension>
        </extensions>
      </trkpt>
      <trkpt lat="34.18095521628856658935546875" lon="108.9270925708115100860595703125">
        <ele>432.79998779296875</ele>
        <time>2026-10-08T00:35:29.000Z</time>
        <extensions>
          <ns3:TrackPointExtension>
            <ns3:hr>137</ns3:hr>
            <ns3:cad>88</ns3:cad>
          </ns3:TrackPointExtension>
        </extensions>
      </trkpt>
      <trkpt lat="34.180980026721954345703125" lon="108.92711729742586612701416015625">
        <ele>432.79998779296875</ele>
        <time>2026-10-08T00:35:30.000Z</time>
        <extensions>
          <ns3:TrackPointExtension>
            <ns3:hr>137</ns3:hr>
            <ns3:cad>88</ns3:cad>
          </ns3:TrackPointExtension>
        </extensions>
      </trkpt>
      <trkpt lat="34.18099804781377315521240234375" lon="108.927133642137050628662109375">
        <ele>432.79998779296875</ele>
        <time>2026-10-08T00:35:31.000Z</time>
        <extensions>
          <ns3:TrackPointExtension>
            <ns3:hr>137</ns3:hr>
            <ns3:cad>87</ns3:cad>
          </ns3:TrackPointExtension>
        </extensions>
      </trkpt>
      <trkpt lat="34.1809982992708683013916015625" lon="108.9271663315594196319580078125">
        <ele>433</ele>
        <time>2026-10-08T00:35:32.000Z</time>
        <extensions>
          <ns3:TrackPointExtension>
            <ns3:hr>137</ns3:hr>
            <ns3:cad>87</ns3:cad>
          </ns3:TrackPointExtension>
        </extensions>
      </trkpt>
      <trkpt lat="34.1809966228902339935302734375" lon="108.9271916449069976806640625">
        <ele>433</ele>
        <time>2026-10-08T00:35:33.000Z</time>
        <extensions>
          <ns3:TrackPointExtension>
            <ns3:hr>138</ns3:hr>
            <ns3:cad>88</ns3:cad>
          </ns3:TrackPointExtension>
        </extensions>
      </trkpt>
      <trkpt lat="34.18098899535834789276123046875" lon="108.92721972428262233734130859375">
        <ele>432.79998779296875</ele>
        <time>2026-10-08T00:35:34.000Z</time>
        <extensions>
          <ns3:TrackPointExtension>
            <ns3:hr>138</ns3:hr>
            <ns3:cad>88</ns3:cad>
          </ns3:TrackPointExtension>
        </extensions>
      </trkpt>
      <trkpt lat="34.180985055863857269287109375" lon="108.9272394217550754547119140625">
        <ele>432.79998779296875</ele>
        <time>2026-10-08T00:35:35.000Z</time>
        <extensions>
          <ns3:TrackPointExtension>
            <ns3:hr>138</ns3:hr>
            <ns3:cad>88</ns3:cad>
          </ns3:TrackPointExtension>
        </extensions>
      </trkpt>
      <trkpt lat="34.18097826652228832244873046875" lon="108.92727521248161792755126953125">
        <ele>432.79998779296875</ele>
        <time>2026-10-08T00:35:36.000Z</time>
        <extensions>
          <ns3:TrackPointExtension>
            <ns3:hr>138</ns3:hr>
            <ns3:cad>89</ns3:cad>
          </ns3:TrackPointExtension>
        </extensions>
      </trkpt>
      <trkpt lat="34.18097659014165401458740234375" lon="108.92729683779180049896240234375">
        <ele>432.79998779296875</ele>
        <time>2026-10-08T00:35:37.000Z</time>
        <extensions>
          <ns3:TrackPointExtension>
            <ns3:hr>138</ns3:hr>
            <ns3:cad>89</ns3:cad>
          </ns3:TrackPointExtension>
        </extensions>
      </trkpt>
      <trkpt lat="34.18097239919006824493408203125" lon="108.927329443395137786865234375">
        <ele>433</ele>
        <time>2026-10-08T00:35:38.000Z</time>
        <extensions>
          <ns3:TrackPointExtension>
            <ns3:hr>138</ns3:hr>
            <ns3:cad>89</ns3:cad>
          </ns3:TrackPointExtension>
        </extensions>
      </trkpt>
      <trkpt lat="34.180976338684558868408203125" lon="108.9273514039814472198486328125">
        <ele>433</ele>
        <time>2026-10-08T00:35:39.000Z</time>
        <extensions>
          <ns3:TrackPointExtension>
            <ns3:hr>138</ns3:hr>
            <ns3:cad>89</ns3:cad>
          </ns3:TrackPointExtension>
        </extensions>
      </trkpt>
      <trkpt lat="34.18099276721477508544921875" lon="108.927385099232196807861328125">
        <ele>433</ele>
        <time>2026-10-08T00:35:40.000Z</time>
        <extensions>
          <ns3:TrackPointExtension>
            <ns3:hr>139</ns3:hr>
            <ns3:cad>89</ns3:cad>
          </ns3:TrackPointExtension>
        </extensions>
      </trkpt>
      <trkpt lat="34.18100156821310520172119140625" lon="108.927407898008823394775390625">
        <ele>433.20001220703125</ele>
        <time>2026-10-08T00:35:41.000Z</time>
        <extensions>
          <ns3:TrackPointExtension>
            <ns3:hr>139</ns3:hr>
            <ns3:cad>89</ns3:cad>
          </ns3:TrackPointExtension>
        </extensions>
      </trkpt>
      <trkpt lat="34.1810036636888980865478515625" lon="108.9274382404983043670654296875">
        <ele>433.20001220703125</ele>
        <time>2026-10-08T00:35:42.000Z</time>
        <extensions>
          <ns3:TrackPointExtension>
            <ns3:hr>140</ns3:hr>
            <ns3:cad>88</ns3:cad>
          </ns3:TrackPointExtension>
        </extensions>
      </trkpt>
      <trkpt lat="34.18100240640342235565185546875" lon="108.92746380530297756195068359375">
        <ele>433.20001220703125</ele>
        <time>2026-10-08T00:35:43.000Z</time>
        <extensions>
          <ns3:TrackPointExtension>
            <ns3:hr>140</ns3:hr>
            <ns3:cad>88</ns3:cad>
          </ns3:TrackPointExtension>
        </extensions>
      </trkpt>
      <trkpt lat="34.1809947788715362548828125" lon="108.92749414779245853424072265625">
        <ele>433.20001220703125</ele>
        <time>2026-10-08T00:35:44.000Z</time>
        <extensions>
          <ns3:TrackPointExtension>
            <ns3:hr>141</ns3:hr>
            <ns3:cad>88</ns3:cad>
          </ns3:TrackPointExtension>
        </extensions>
      </trkpt>
      <trkpt lat="34.1809915937483310699462890625" lon="108.9275250770151615142822265625">
        <ele>433.20001220703125</ele>
        <time>2026-10-08T00:35:45.000Z</time>
        <extensions>
          <ns3:TrackPointExtension>
            <ns3:hr>142</ns3:hr>
            <ns3:cad>88</ns3:cad>
          </ns3:TrackPointExtension>
        </extensions>
      </trkpt>
      <trkpt lat="34.1809872351586818695068359375" lon="108.9275562576949596405029296875">
        <ele>433.20001220703125</ele>
        <time>2026-10-08T00:35:46.000Z</time>
        <extensions>
          <ns3:TrackPointExtension>
            <ns3:hr>143</ns3:hr>
            <ns3:cad>88</ns3:cad>
          </ns3:TrackPointExtension>
        </extensions>
      </trkpt>
      <trkpt lat="34.18098312802612781524658203125" lon="108.9275874383747577667236328125">
        <ele>433.399993896484375</ele>
        <time>2026-10-08T00:35:47.000Z</time>
        <extensions>
          <ns3:TrackPointExtension>
            <ns3:hr>143</ns3:hr>
            <ns3:cad>89</ns3:cad>
          </ns3:TrackPointExtension>
        </extensions>
      </trkpt>
      <trkpt lat="34.1809822060167789459228515625" lon="108.92761853523552417755126953125">
        <ele>433.399993896484375</ele>
        <time>2026-10-08T00:35:48.000Z</time>
        <extensions>
          <ns3:TrackPointExtension>
            <ns3:hr>144</ns3:hr>
            <ns3:cad>90</ns3:cad>
          </ns3:TrackPointExtension>
        </extensions>
      </trkpt>
      <trkpt lat="34.18097776360809803009033203125" lon="108.92764669843018054962158203125">
        <ele>433.399993896484375</ele>
        <time>2026-10-08T00:35:49.000Z</time>
        <extensions>
          <ns3:TrackPointExtension>
            <ns3:hr>144</ns3:hr>
            <ns3:cad>90</ns3:cad>
          </ns3:TrackPointExtension>
        </extensions>
      </trkpt>
      <trkpt lat="34.1809741593897342681884765625" lon="108.9276806451380252838134765625">
        <ele>433.399993896484375</ele>
        <time>2026-10-08T00:35:50.000Z</time>
        <extensions>
          <ns3:TrackPointExtension>
            <ns3:hr>143</ns3:hr>
            <ns3:cad>90</ns3:cad>
          </ns3:TrackPointExtension>
        </extensions>
      </trkpt>
      <trkpt lat="34.1809748299419879913330078125" lon="108.927708305418491363525390625">
        <ele>433.399993896484375</ele>
        <time>2026-10-08T00:35:51.000Z</time>
        <extensions>
          <ns3:TrackPointExtension>
            <ns3:hr>143</ns3:hr>
            <ns3:cad>90</ns3:cad>
          </ns3:TrackPointExtension>
        </extensions>
      </trkpt>
      <trkpt lat="34.18097675777971744537353515625" lon="108.9277389831840991973876953125">
        <ele>433.399993896484375</ele>
        <time>2026-10-08T00:35:52.000Z</time>
        <extensions>
          <ns3:TrackPointExtension>
            <ns3:hr>143</ns3:hr>
            <ns3:cad>90</ns3:cad>
          </ns3:TrackPointExtension>
        </extensions>
      </trkpt>
      <trkpt lat="34.1809758357703685760498046875" lon="108.92776119522750377655029296875">
        <ele>433.399993896484375</ele>
        <time>2026-10-08T00:35:53.000Z</time>
        <extensions>
          <ns3:TrackPointExtension>
            <ns3:hr>143</ns3:hr>
            <ns3:cad>90</ns3:cad>
          </ns3:TrackPointExtension>
        </extensions>
      </trkpt>
      <trkpt lat="34.180974662303924560546875" lon="108.92778986133635044097900390625">
        <ele>433.399993896484375</ele>
        <time>2026-10-08T00:35:54.000Z</time>
        <extensions>
          <ns3:TrackPointExtension>
            <ns3:hr>144</ns3:hr>
            <ns3:cad>90</ns3:cad>
          </ns3:TrackPointExtension>
        </extensions>
      </trkpt>
      <trkpt lat="34.1809691302478313446044921875" lon="108.92781668342649936676025390625">
        <ele>433.399993896484375</ele>
        <time>2026-10-08T00:35:55.000Z</time>
        <extensions>
          <ns3:TrackPointExtension>
            <ns3:hr>144</ns3:hr>
            <ns3:cad>89</ns3:cad>
          </ns3:TrackPointExtension>
        </extensions>
      </trkpt>
      <trkpt lat="34.18096653185784816741943359375" lon="108.9278466068208217620849609375">
        <ele>433.399993896484375</ele>
        <time>2026-10-08T00:35:56.000Z</time>
        <extensions>
          <ns3:TrackPointExtension>
            <ns3:hr>145</ns3:hr>
            <ns3:cad>89</ns3:cad>
          </ns3:TrackPointExtension>
        </extensions>
      </trkpt>
      <trkpt lat="34.18096058070659637451171875" lon="108.92787418328225612640380859375">
        <ele>433.399993896484375</ele>
        <time>2026-10-08T00:35:57.000Z</time>
        <extensions>
          <ns3:TrackPointExtension>
            <ns3:hr>146</ns3:hr>
            <ns3:cad>89</ns3:cad>
          </ns3:TrackPointExtension>
        </extensions>
      </trkpt>
      <trkpt lat="34.1809604130685329437255859375" lon="108.92789849080145359039306640625">
        <ele>433.399993896484375</ele>
        <time>2026-10-08T00:35:58.000Z</time>
        <extensions>
          <ns3:TrackPointExtension>
            <ns3:hr>146</ns3:hr>
            <ns3:cad>89</ns3:cad>
          </ns3:TrackPointExtension>
        </extensions>
      </trkpt>
      <trkpt lat="34.18095580302178859710693359375" lon="108.92792866565287113189697265625">
        <ele>433.399993896484375</ele>
        <time>2026-10-08T00:35:59.000Z</time>
        <extensions>
          <ns3:TrackPointExtension>
            <ns3:hr>145</ns3:hr>
            <ns3:cad>89</ns3:cad>
          </ns3:TrackPointExtension>
        </extensions>
      </trkpt>
      <trkpt lat="34.1809533722698688507080078125" lon="108.927959091961383819580078125">
        <ele>433.399993896484375</ele>
        <time>2026-10-08T00:36:00.000Z</time>
        <extensions>
          <ns3:TrackPointExtension>
            <ns3:hr>146</ns3:hr>
            <ns3:cad>88</ns3:cad>
          </ns3:TrackPointExtension>
        </extensions>
      </trkpt>
      <trkpt lat="34.18094976805150508880615234375" lon="108.92798650078475475311279296875">
        <ele>433.399993896484375</ele>
        <time>2026-10-08T00:36:01.000Z</time>
        <extensions>
          <ns3:TrackPointExtension>
            <ns3:hr>146</ns3:hr>
            <ns3:cad>88</ns3:cad>
          </ns3:TrackPointExtension>
        </extensions>
      </trkpt>
      <trkpt lat="34.1809449903666973114013671875" lon="108.928019441664218902587890625">
        <ele>433.399993896484375</ele>
        <time>2026-10-08T00:36:02.000Z</time>
        <extensions>
          <ns3:TrackPointExtension>
            <ns3:hr>146</ns3:hr>
            <ns3:cad>88</ns3:cad>
          </ns3:TrackPointExtension>
        </extensions>
      </trkpt>
      <trkpt lat="34.18094457127153873443603515625" lon="108.9280507899820804595947265625">
        <ele>433.399993896484375</ele>
        <time>2026-10-08T00:36:03.000Z</time>
        <extensions>
          <ns3:TrackPointExtension>
            <ns3:hr>145</ns3:hr>
            <ns3:cad>88</ns3:cad>
          </ns3:TrackPointExtension>
        </extensions>
      </trkpt>
      <trkpt lat="34.18094457127153873443603515625" lon="108.92807610332965850830078125">
        <ele>433.399993896484375</ele>
        <time>2026-10-08T00:36:04.000Z</time>
        <extensions>
          <ns3:TrackPointExtension>
            <ns3:hr>146</ns3:hr>
            <ns3:cad>88</ns3:cad>
          </ns3:TrackPointExtension>
        </extensions>
      </trkpt>
      <trkpt lat="34.18094021268188953399658203125" lon="108.92810636200010776519775390625">
        <ele>433.399993896484375</ele>
        <time>2026-10-08T00:36:05.000Z</time>
        <extensions>
          <ns3:TrackPointExtension>
            <ns3:hr>146</ns3:hr>
            <ns3:cad>89</ns3:cad>
          </ns3:TrackPointExtension>
        </extensions>
      </trkpt>
      <trkpt lat="34.18094180524349212646484375" lon="108.92813620157539844512939453125">
        <ele>433.399993896484375</ele>
        <time>2026-10-08T00:36:06.000Z</time>
        <extensions>
          <ns3:TrackPointExtension>
            <ns3:hr>145</ns3:hr>
            <ns3:cad>89</ns3:cad>
          </ns3:TrackPointExtension>
        </extensions>
      </trkpt>
      <trkpt lat="34.18093585409224033355712890625" lon="108.9281641133129596710205078125">
        <ele>433.399993896484375</ele>
        <time>2026-10-08T00:36:07.000Z</time>
        <extensions>
          <ns3:TrackPointExtension>
            <ns3:hr>146</ns3:hr>
            <ns3:cad>89</ns3:cad>
          </ns3:TrackPointExtension>
        </extensions>
      </trkpt>
      <trkpt lat="34.18093107640743255615234375" lon="108.92819135449826717376708984375">
        <ele>433.399993896484375</ele>
        <time>2026-10-08T00:36:08.000Z</time>
        <extensions>
          <ns3:TrackPointExtension>
            <ns3:hr>146</ns3:hr>
            <ns3:cad>90</ns3:cad>
          </ns3:TrackPointExtension>
        </extensions>
      </trkpt>
      <trkpt lat="34.18092613108456134796142578125" lon="108.92821884714066982269287109375">
        <ele>433.399993896484375</ele>
        <time>2026-10-08T00:36:09.000Z</time>
        <extensions>
          <ns3:TrackPointExtension>
            <ns3:hr>145</ns3:hr>
            <ns3:cad>90</ns3:cad>
          </ns3:TrackPointExtension>
        </extensions>
      </trkpt>
      <trkpt lat="34.1809265501797199249267578125" lon="108.928246758878231048583984375">
        <ele>433.399993896484375</ele>
        <time>2026-10-08T00:36:10.000Z</time>
        <extensions>
          <ns3:TrackPointExtension>
            <ns3:hr>145</ns3:hr>
            <ns3:cad>90</ns3:cad>
          </ns3:TrackPointExtension>
        </extensions>
      </trkpt>
      <trkpt lat="34.18092177249491214752197265625" lon="108.9282760955393314361572265625">
        <ele>433.20001220703125</ele>
        <time>2026-10-08T00:36:11.000Z</time>
        <extensions>
          <ns3:TrackPointExtension>
            <ns3:hr>145</ns3:hr>
            <ns3:cad>90</ns3:cad>
          </ns3:TrackPointExtension>
        </extensions>
      </trkpt>
      <trkpt lat="34.18091707862913608551025390625" lon="108.92830635420978069305419921875">
        <ele>433.20001220703125</ele>
        <time>2026-10-08T00:36:12.000Z</time>
        <extensions>
          <ns3:TrackPointExtension>
            <ns3:hr>146</ns3:hr>
            <ns3:cad>90</ns3:cad>
          </ns3:TrackPointExtension>
        </extensions>
      </trkpt>
      <trkpt lat="34.18090987019240856170654296875" lon="108.92833367921411991119384765625">
        <ele>433.20001220703125</ele>
        <time>2026-10-08T00:36:13.000Z</time>
        <extensions>
          <ns3:TrackPointExtension>
            <ns3:hr>146</ns3:hr>
            <ns3:cad>90</ns3:cad>
          </ns3:TrackPointExtension>
        </extensions>
      </trkpt>
      <trkpt lat="34.1809064336121082305908203125" lon="108.92836502753198146820068359375">
        <ele>433.20001220703125</ele>
        <time>2026-10-08T00:36:14.000Z</time>
        <extensions>
          <ns3:TrackPointExtension>
            <ns3:hr>146</ns3:hr>
            <ns3:cad>89</ns3:cad>
          </ns3:TrackPointExtension>
        </extensions>
      </trkpt>
      <trkpt lat="34.1809035837650299072265625" lon="108.9283924363553524017333984375">
        <ele>433.20001220703125</ele>
        <time>2026-10-08T00:36:15.000Z</time>
        <extensions>
          <ns3:TrackPointExtension>
            <ns3:hr>145</ns3:hr>
            <ns3:cad>89</ns3:cad>
          </ns3:TrackPointExtension>
        </extensions>
      </trkpt>
      <trkpt lat="34.1809009015560150146484375" lon="108.9284242875874042510986328125">
        <ele>433.20001220703125</ele>
        <time>2026-10-08T00:36:16.000Z</time>
        <extensions>
          <ns3:TrackPointExtension>
            <ns3:hr>146</ns3:hr>
            <ns3:cad>89</ns3:cad>
          </ns3:TrackPointExtension>
        </extensions>
      </trkpt>
      <trkpt lat="34.18089411221444606781005859375" lon="108.9284511096775531768798828125">
        <ele>433.20001220703125</ele>
        <time>2026-10-08T00:36:17.000Z</time>
        <extensions>
          <ns3:TrackPointExtension>
            <ns3:hr>146</ns3:hr>
            <ns3:cad>91</ns3:cad>
          </ns3:TrackPointExtension>
        </extensions>
      </trkpt>
      <trkpt lat="34.18089042417705059051513671875" lon="108.92848539166152477264404296875">
        <ele>433.20001220703125</ele>
        <time>2026-10-08T00:36:18.000Z</time>
        <extensions>
          <ns3:TrackPointExtension>
            <ns3:hr>146</ns3:hr>
            <ns3:cad>91</ns3:cad>
          </ns3:TrackPointExtension>
        </extensions>
      </trkpt>
      <trkpt lat="34.18088388629257678985595703125" lon="108.92851305194199085235595703125">
        <ele>433.20001220703125</ele>
        <time>2026-10-08T00:36:19.000Z</time>
        <extensions>
          <ns3:TrackPointExtension>
            <ns3:hr>146</ns3:hr>
            <ns3:cad>91</ns3:cad>
          </ns3:TrackPointExtension>
        </extensions>
      </trkpt>
      <trkpt lat="34.18087885715067386627197265625" lon="108.92854414880275726318359375">
        <ele>433.20001220703125</ele>
        <time>2026-10-08T00:36:20.000Z</time>
        <extensions>
          <ns3:TrackPointExtension>
            <ns3:hr>147</ns3:hr>
            <ns3:cad>91</ns3:cad>
          </ns3:TrackPointExtension>
        </extensions>
      </trkpt>
      <trkpt lat="34.1808765940368175506591796875" lon="108.9285771735012531280517578125">
        <ele>433.20001220703125</ele>
        <time>2026-10-08T00:36:21.000Z</time>
        <extensions>
          <ns3:TrackPointExtension>
            <ns3:hr>147</ns3:hr>
            <ns3:cad>91</ns3:cad>
          </ns3:TrackPointExtension>
        </extensions>
      </trkpt>
      <trkpt lat="34.1808708943426609039306640625" lon="108.92861246131360530853271484375">
        <ele>433.20001220703125</ele>
        <time>2026-10-08T00:36:22.000Z</time>
        <extensions>
          <ns3:TrackPointExtension>
            <ns3:hr>147</ns3:hr>
            <ns3:cad>90</ns3:cad>
          </ns3:TrackPointExtension>
        </extensions>
      </trkpt>
      <trkpt lat="34.18086477555334568023681640625" lon="108.92864263616502285003662109375">
        <ele>433.20001220703125</ele>
        <time>2026-10-08T00:36:23.000Z</time>
        <extensions>
          <ns3:TrackPointExtension>
            <ns3:hr>148</ns3:hr>
            <ns3:cad>90</ns3:cad>
          </ns3:TrackPointExtension>
        </extensions>
      </trkpt>
      <trkpt lat="34.18086108751595020294189453125" lon="108.92867297865450382232666015625">
        <ele>433.20001220703125</ele>
        <time>2026-10-08T00:36:24.000Z</time>
        <extensions>
          <ns3:TrackPointExtension>
            <ns3:hr>148</ns3:hr>
            <ns3:cad>89</ns3:cad>
          </ns3:TrackPointExtension>
        </extensions>
      </trkpt>
      <trkpt lat="34.1808615066111087799072265625" lon="108.92870105803012847900390625">
        <ele>433.20001220703125</ele>
        <time>2026-10-08T00:36:25.000Z</time>
        <extensions>
          <ns3:TrackPointExtension>
            <ns3:hr>148</ns3:hr>
            <ns3:cad>89</ns3:cad>
          </ns3:TrackPointExtension>
        </extensions>
      </trkpt>
      <trkpt lat="34.18085773475468158721923828125" lon="108.9287300594151020050048828125">
        <ele>433.20001220703125</ele>
        <time>2026-10-08T00:36:26.000Z</time>
        <extensions>
          <ns3:TrackPointExtension>
            <ns3:hr>149</ns3:hr>
            <ns3:cad>90</ns3:cad>
          </ns3:TrackPointExtension>
        </extensions>
      </trkpt>
      <trkpt lat="34.18085287325084209442138671875" lon="108.92875579185783863067626953125">
        <ele>433.399993896484375</ele>
        <time>2026-10-08T00:36:27.000Z</time>
        <extensions>
          <ns3:TrackPointExtension>
            <ns3:hr>149</ns3:hr>
            <ns3:cad>90</ns3:cad>
          </ns3:TrackPointExtension>
        </extensions>
      </trkpt>
      <trkpt lat="34.1808487661182880401611328125" lon="108.928779177367687225341796875">
        <ele>433.20001220703125</ele>
        <time>2026-10-08T00:36:28.000Z</time>
        <extensions>
          <ns3:TrackPointExtension>
            <ns3:hr>149</ns3:hr>
            <ns3:cad>90</ns3:cad>
          </ns3:TrackPointExtension>
        </extensions>
      </trkpt>
      <trkpt lat="34.18084398843348026275634765625" lon="108.92880298197269439697265625">
        <ele>433.20001220703125</ele>
        <time>2026-10-08T00:36:29.000Z</time>
        <extensions>
          <ns3:TrackPointExtension>
            <ns3:hr>149</ns3:hr>
            <ns3:cad>90</ns3:cad>
          </ns3:TrackPointExtension>
        </extensions>
      </trkpt>
      <trkpt lat="34.18084147386252880096435546875" lon="108.92882854677736759185791015625">
        <ele>433.20001220703125</ele>
        <time>2026-10-08T00:36:30.000Z</time>
        <extensions>
          <ns3:TrackPointExtension>
            <ns3:hr>149</ns3:hr>
            <ns3:cad>89</ns3:cad>
          </ns3:TrackPointExtension>
        </extensions>
      </trkpt>
      <trkpt lat="34.1808370314538478851318359375" lon="108.92885335721075534820556640625">
        <ele>433.20001220703125</ele>
        <time>2026-10-08T00:36:31.000Z</time>
        <extensions>
          <ns3:TrackPointExtension>
            <ns3:hr>149</ns3:hr>
            <ns3:cad>89</ns3:cad>
          </ns3:TrackPointExtension>
        </extensions>
      </trkpt>
      <trkpt lat="34.18083074502646923065185546875" lon="108.92887716181576251983642578125">
        <ele>433.20001220703125</ele>
        <time>2026-10-08T00:36:32.000Z</time>
        <extensions>
          <ns3:TrackPointExtension>
            <ns3:hr>150</ns3:hr>
            <ns3:cad>89</ns3:cad>
          </ns3:TrackPointExtension>
        </extensions>
      </trkpt>
      <trkpt lat="34.18082647025585174560546875" lon="108.92890012823045253753662109375">
        <ele>433.20001220703125</ele>
        <time>2026-10-08T00:36:33.000Z</time>
        <extensions>
          <ns3:TrackPointExtension>
            <ns3:hr>150</ns3:hr>
            <ns3:cad>89</ns3:cad>
          </ns3:TrackPointExtension>
        </extensions>
      </trkpt>
      <trkpt lat="34.1808199323713779449462890625" lon="108.928930722177028656005859375">
        <ele>433.20001220703125</ele>
        <time>2026-10-08T00:36:34.000Z</time>
        <extensions>
          <ns3:TrackPointExtension>
            <ns3:hr>150</ns3:hr>
            <ns3:cad>89</ns3:cad>
          </ns3:TrackPointExtension>
        </extensions>
      </trkpt>
      <trkpt lat="34.1808195970952510833740234375" lon="108.928960226476192474365234375">
        <ele>433.20001220703125</ele>
        <time>2026-10-08T00:36:35.000Z</time>
        <extensions>
          <ns3:TrackPointExtension>
            <ns3:hr>150</ns3:hr>
            <ns3:cad>90</ns3:cad>
          </ns3:TrackPointExtension>
        </extensions>
      </trkpt>
      <trkpt lat="34.18081716634333133697509765625" lon="108.92899207770824432373046875">
        <ele>433.20001220703125</ele>
        <time>2026-10-08T00:36:36.000Z</time>
        <extensions>
          <ns3:TrackPointExtension>
            <ns3:hr>149</ns3:hr>
            <ns3:cad>90</ns3:cad>
          </ns3:TrackPointExtension>
        </extensions>
      </trkpt>
      <trkpt lat="34.18080878444015979766845703125" lon="108.9290190674364566802978515625">
        <ele>433.20001220703125</ele>
        <time>2026-10-08T00:36:37.000Z</time>
        <extensions>
          <ns3:TrackPointExtension>
            <ns3:hr>150</ns3:hr>
            <ns3:cad>90</ns3:cad>
          </ns3:TrackPointExtension>
        </extensions>
      </trkpt>
      <trkpt lat="34.1808075271546840667724609375" lon="108.92905351705849170684814453125">
        <ele>433.20001220703125</ele>
        <time>2026-10-08T00:36:38.000Z</time>
        <extensions>
          <ns3:TrackPointExtension>
            <ns3:hr>150</ns3:hr>
            <ns3:cad>90</ns3:cad>
          </ns3:TrackPointExtension>
        </extensions>
      </trkpt>
      <trkpt lat="34.1808065213263034820556640625" lon="108.929078243672847747802734375">
        <ele>433.20001220703125</ele>
        <time>2026-10-08T00:36:39.000Z</time>
        <extensions>
          <ns3:TrackPointExtension>
            <ns3:hr>150</ns3:hr>
            <ns3:cad>90</ns3:cad>
          </ns3:TrackPointExtension>
        </extensions>
      </trkpt>
      <trkpt lat="34.1808041743934154510498046875" lon="108.9291079156100749969482421875">
        <ele>433.20001220703125</ele>
        <time>2026-10-08T00:36:40.000Z</time>
        <extensions>
          <ns3:TrackPointExtension>
            <ns3:hr>150</ns3:hr>
            <ns3:cad>90</ns3:cad>
          </ns3:TrackPointExtension>
        </extensions>
      </trkpt>
      <trkpt lat="34.18080031871795654296875" lon="108.929133228957653045654296875">
        <ele>433.20001220703125</ele>
        <time>2026-10-08T00:36:41.000Z</time>
        <extensions>
          <ns3:TrackPointExtension>
            <ns3:hr>150</ns3:hr>
            <ns3:cad>90</ns3:cad>
          </ns3:TrackPointExtension>
        </extensions>
      </trkpt>
      <trkpt lat="34.18080174364149570465087890625" lon="108.9291595481336116790771484375">
        <ele>433.20001220703125</ele>
        <time>2026-10-08T00:36:42.000Z</time>
        <extensions>
          <ns3:TrackPointExtension>
            <ns3:hr>150</ns3:hr>
            <ns3:cad>90</ns3:cad>
          </ns3:TrackPointExtension>
        </extensions>
      </trkpt>
      <trkpt lat="34.18080241419374942779541015625" lon="108.9291858673095703125">
        <ele>433.20001220703125</ele>
        <time>2026-10-08T00:36:43.000Z</time>
        <extensions>
          <ns3:TrackPointExtension>
            <ns3:hr>150</ns3:hr>
            <ns3:cad>90</ns3:cad>
          </ns3:TrackPointExtension>
        </extensions>
      </trkpt>
      <trkpt lat="34.1808011569082736968994140625" lon="108.92921294085681438446044921875">
        <ele>433.20001220703125</ele>
        <time>2026-10-08T00:36:44.000Z</time>
        <extensions>
          <ns3:TrackPointExtension>
            <ns3:hr>150</ns3:hr>
            <ns3:cad>90</ns3:cad>
          </ns3:TrackPointExtension>
        </extensions>
      </trkpt>
      <trkpt lat="34.18079855851829051971435546875" lon="108.9292381703853607177734375">
        <ele>433</ele>
        <time>2026-10-08T00:36:45.000Z</time>
        <extensions>
          <ns3:TrackPointExtension>
            <ns3:hr>150</ns3:hr>
            <ns3:cad>90</ns3:cad>
          </ns3:TrackPointExtension>
        </extensions>
      </trkpt>
      <trkpt lat="34.18079587630927562713623046875" lon="108.929265327751636505126953125">
        <ele>433</ele>
        <time>2026-10-08T00:36:46.000Z</time>
        <extensions>
          <ns3:TrackPointExtension>
            <ns3:hr>150</ns3:hr>
            <ns3:cad>90</ns3:cad>
          </ns3:TrackPointExtension>
        </extensions>
      </trkpt>
      <trkpt lat="34.18079369701445102691650390625" lon="108.92929893918335437774658203125">
        <ele>433</ele>
        <time>2026-10-08T00:36:47.000Z</time>
        <extensions>
          <ns3:TrackPointExtension>
            <ns3:hr>151</ns3:hr>
            <ns3:cad>90</ns3:cad>
          </ns3:TrackPointExtension>
        </extensions>
      </trkpt>
      <trkpt lat="34.18079235590994358062744140625" lon="108.92932877875864505767822265625">
        <ele>433</ele>
        <time>2026-10-08T00:36:48.000Z</time>
        <extensions>
          <ns3:TrackPointExtension>
            <ns3:hr>151</ns3:hr>
            <ns3:cad>90</ns3:cad>
          </ns3:TrackPointExtension>
        </extensions>
      </trkpt>
      <trkpt lat="34.1807900927960872650146484375" lon="108.92935819923877716064453125">
        <ele>433</ele>
        <time>2026-10-08T00:36:49.000Z</time>
        <extensions>
          <ns3:TrackPointExtension>
            <ns3:hr>151</ns3:hr>
            <ns3:cad>90</ns3:cad>
          </ns3:TrackPointExtension>
        </extensions>
      </trkpt>
      <trkpt lat="34.1807880811393260955810546875" lon="108.92938527278602123260498046875">
        <ele>433</ele>
        <time>2026-10-08T00:36:50.000Z</time>
        <extensions>
          <ns3:TrackPointExtension>
            <ns3:hr>151</ns3:hr>
            <ns3:cad>89</ns3:cad>
          </ns3:TrackPointExtension>
        </extensions>
      </trkpt>
      <trkpt lat="34.1807830519974231719970703125" lon="108.9294111728668212890625">
        <ele>433</ele>
        <time>2026-10-08T00:36:51.000Z</time>
        <extensions>
          <ns3:TrackPointExtension>
            <ns3:hr>151</ns3:hr>
            <ns3:cad>88</ns3:cad>
          </ns3:TrackPointExtension>
        </extensions>
      </trkpt>
      <trkpt lat="34.18077810667455196380615234375" lon="108.9294378273189067840576171875">
        <ele>433.20001220703125</ele>
        <time>2026-10-08T00:36:52.000Z</time>
        <extensions>
          <ns3:TrackPointExtension>
            <ns3:hr>151</ns3:hr>
            <ns3:cad>88</ns3:cad>
          </ns3:TrackPointExtension>
        </extensions>
      </trkpt>
      <trkpt lat="34.18077425099909305572509765625" lon="108.9294616319239139556884765625">
        <ele>433</ele>
        <time>2026-10-08T00:36:53.000Z</time>
        <extensions>
          <ns3:TrackPointExtension>
            <ns3:hr>151</ns3:hr>
            <ns3:cad>88</ns3:cad>
          </ns3:TrackPointExtension>
        </extensions>
      </trkpt>
      <trkpt lat="34.1807713173329830169677734375" lon="108.9294876158237457275390625">
        <ele>433</ele>
        <time>2026-10-08T00:36:54.000Z</time>
        <extensions>
          <ns3:TrackPointExtension>
            <ns3:hr>151</ns3:hr>
            <ns3:cad>88</ns3:cad>
          </ns3:TrackPointExtension>
        </extensions>
      </trkpt>
      <trkpt lat="34.1807649470865726470947265625" lon="108.9295176230370998382568359375">
        <ele>433</ele>
        <time>2026-10-08T00:36:55.000Z</time>
        <extensions>
          <ns3:TrackPointExtension>
            <ns3:hr>151</ns3:hr>
            <ns3:cad>88</ns3:cad>
          </ns3:TrackPointExtension>
        </extensions>
      </trkpt>
      <trkpt lat="34.18076536618173122406005859375" lon="108.92954620532691478729248046875">
        <ele>433</ele>
        <time>2026-10-08T00:36:56.000Z</time>
        <extensions>
          <ns3:TrackPointExtension>
            <ns3:hr>151</ns3:hr>
            <ns3:cad>88</ns3:cad>
          </ns3:TrackPointExtension>
        </extensions>
      </trkpt>
      <trkpt lat="34.1807605884969234466552734375" lon="108.929582498967647552490234375">
        <ele>433</ele>
        <time>2026-10-08T00:36:57.000Z</time>
        <extensions>
          <ns3:TrackPointExtension>
            <ns3:hr>152</ns3:hr>
            <ns3:cad>89</ns3:cad>
          </ns3:TrackPointExtension>
        </extensions>
      </trkpt>
      <trkpt lat="34.18075799010694026947021484375" lon="108.92961259000003337860107421875">
        <ele>433</ele>
        <time>2026-10-08T00:36:58.000Z</time>
        <extensions>
          <ns3:TrackPointExtension>
            <ns3:hr>152</ns3:hr>
            <ns3:cad>90</ns3:cad>
          </ns3:TrackPointExtension>
        </extensions>
      </trkpt>
      <trkpt lat="34.18075078167021274566650390625" lon="108.92965190112590789794921875">
        <ele>433</ele>
        <time>2026-10-08T00:36:59.000Z</time>
        <extensions>
          <ns3:TrackPointExtension>
            <ns3:hr>152</ns3:hr>
            <ns3:cad>90</ns3:cad>
          </ns3:TrackPointExtension>
        </extensions>
      </trkpt>
      <trkpt lat="34.1807488538324832916259765625" lon="108.92967964522540569305419921875">
        <ele>433</ele>
        <time>2026-10-08T00:37:00.000Z</time>
        <extensions>
          <ns3:TrackPointExtension>
            <ns3:hr>153</ns3:hr>
            <ns3:cad>90</ns3:cad>
          </ns3:TrackPointExtension>
        </extensions>
      </trkpt>
      <trkpt lat="34.1807371191680431365966796875" lon="108.92971803434193134307861328125">
        <ele>433</ele>
        <time>2026-10-08T00:37:01.000Z</time>
        <extensions>
          <ns3:TrackPointExtension>
            <ns3:hr>153</ns3:hr>
            <ns3:cad>89</ns3:cad>
          </ns3:TrackPointExtension>
        </extensions>
      </trkpt>
      <trkpt lat="34.1807287372648715972900390625" lon="108.92974586226046085357666015625">
        <ele>433</ele>
        <time>2026-10-08T00:37:02.000Z</time>
        <extensions>
          <ns3:TrackPointExtension>
            <ns3:hr>153</ns3:hr>
            <ns3:cad>89</ns3:cad>
          </ns3:TrackPointExtension>
        </extensions>
      </trkpt>
      <trkpt lat="34.1807066090404987335205078125" lon="108.92977603711187839508056640625">
        <ele>433</ele>
        <time>2026-10-08T00:37:03.000Z</time>
        <extensions>
          <ns3:TrackPointExtension>
            <ns3:hr>153</ns3:hr>
            <ns3:cad>88</ns3:cad>
          </ns3:TrackPointExtension>
        </extensions>
      </trkpt>
      <trkpt lat="34.1806978918612003326416015625" lon="108.929801769554615020751953125">
        <ele>433</ele>
        <time>2026-10-08T00:37:04.000Z</time>
        <extensions>
          <ns3:TrackPointExtension>
            <ns3:hr>153</ns3:hr>
            <ns3:cad>88</ns3:cad>
          </ns3:TrackPointExtension>
        </extensions>
      </trkpt>
      <trkpt lat="34.1806895099580287933349609375" lon="108.929838649928569793701171875">
        <ele>433</ele>
        <time>2026-10-08T00:37:05.000Z</time>
        <extensions>
          <ns3:TrackPointExtension>
            <ns3:hr>153</ns3:hr>
            <ns3:cad>88</ns3:cad>
          </ns3:TrackPointExtension>
        </extensions>
      </trkpt>
      <trkpt lat="34.1806841455399990081787109375" lon="108.92986455000936985015869140625">
        <ele>433</ele>
        <time>2026-10-08T00:37:06.000Z</time>
        <extensions>
          <ns3:TrackPointExtension>
            <ns3:hr>152</ns3:hr>
            <ns3:cad>88</ns3:cad>
          </ns3:TrackPointExtension>
        </extensions>
      </trkpt>
      <trkpt lat="34.180676601827144622802734375" lon="108.92989958636462688446044921875">
        <ele>433</ele>
        <time>2026-10-08T00:37:07.000Z</time>
        <extensions>
          <ns3:TrackPointExtension>
            <ns3:hr>151</ns3:hr>
            <ns3:cad>88</ns3:cad>
          </ns3:TrackPointExtension>
        </extensions>
      </trkpt>
      <trkpt lat="34.18067534454166889190673828125" lon="108.9299290068447589874267578125">
        <ele>433</ele>
        <time>2026-10-08T00:37:08.000Z</time>
        <extensions>
          <ns3:TrackPointExtension>
            <ns3:hr>151</ns3:hr>
            <ns3:cad>90</ns3:cad>
          </ns3:TrackPointExtension>
        </extensions>
      </trkpt>
      <trkpt lat="34.18066981248557567596435546875" lon="108.92996094189584255218505859375">
        <ele>433</ele>
        <time>2026-10-08T00:37:09.000Z</time>
        <extensions>
          <ns3:TrackPointExtension>
            <ns3:hr>151</ns3:hr>
            <ns3:cad>90</ns3:cad>
          </ns3:TrackPointExtension>
        </extensions>
      </trkpt>
      <trkpt lat="34.18066947720944881439208984375" lon="108.9299891889095306396484375">
        <ele>433</ele>
        <time>2026-10-08T00:37:10.000Z</time>
        <extensions>
          <ns3:TrackPointExtension>
            <ns3:hr>151</ns3:hr>
            <ns3:cad>90</ns3:cad>
          </ns3:TrackPointExtension>
        </extensions>
      </trkpt>
      <trkpt lat="34.18066444806754589080810546875" lon="108.9300212077796459197998046875">
        <ele>433</ele>
        <time>2026-10-08T00:37:11.000Z</time>
        <extensions>
          <ns3:TrackPointExtension>
            <ns3:hr>152</ns3:hr>
            <ns3:cad>90</ns3:cad>
          </ns3:TrackPointExtension>
        </extensions>
      </trkpt>
      <trkpt lat="34.18066126294434070587158203125" lon="108.93005314283072948455810546875">
        <ele>432.79998779296875</ele>
        <time>2026-10-08T00:37:12.000Z</time>
        <extensions>
          <ns3:TrackPointExtension>
            <ns3:hr>152</ns3:hr>
            <ns3:cad>90</ns3:cad>
          </ns3:TrackPointExtension>
        </extensions>
      </trkpt>
      <trkpt lat="34.1806541383266448974609375" lon="108.9300862513482570648193359375">
        <ele>433</ele>
        <time>2026-10-08T00:37:13.000Z</time>
        <extensions>
          <ns3:TrackPointExtension>
            <ns3:hr>152</ns3:hr>
            <ns3:cad>90</ns3:cad>
          </ns3:TrackPointExtension>
        </extensions>
      </trkpt>
      <trkpt lat="34.1806499473750591278076171875" lon="108.93011215142905712127685546875">
        <ele>433</ele>
        <time>2026-10-08T00:37:14.000Z</time>
        <extensions>
          <ns3:TrackPointExtension>
            <ns3:hr>152</ns3:hr>
            <ns3:cad>90</ns3:cad>
          </ns3:TrackPointExtension>
        </extensions>
      </trkpt>
      <trkpt lat="34.18064466677606105804443359375" lon="108.93014634959399700164794921875">
        <ele>432.79998779296875</ele>
        <time>2026-10-08T00:37:15.000Z</time>
        <extensions>
          <ns3:TrackPointExtension>
            <ns3:hr>151</ns3:hr>
            <ns3:cad>89</ns3:cad>
          </ns3:TrackPointExtension>
        </extensions>
      </trkpt>
      <trkpt lat="34.180644415318965911865234375" lon="108.9301720820367336273193359375">
        <ele>432.79998779296875</ele>
        <time>2026-10-08T00:37:16.000Z</time>
        <extensions>
          <ns3:TrackPointExtension>
            <ns3:hr>151</ns3:hr>
            <ns3:cad>89</ns3:cad>
          </ns3:TrackPointExtension>
        </extensions>
      </trkpt>
      <trkpt lat="34.18064064346253871917724609375" lon="108.9301992394030094146728515625">
        <ele>432.79998779296875</ele>
        <time>2026-10-08T00:37:17.000Z</time>
        <extensions>
          <ns3:TrackPointExtension>
            <ns3:hr>151</ns3:hr>
            <ns3:cad>89</ns3:cad>
          </ns3:TrackPointExtension>
        </extensions>
      </trkpt>
      <trkpt lat="34.18063762597739696502685546875" lon="108.9302227087318897247314453125">
        <ele>432.79998779296875</ele>
        <time>2026-10-08T00:37:18.000Z</time>
        <extensions>
          <ns3:TrackPointExtension>
            <ns3:hr>151</ns3:hr>
            <ns3:cad>90</ns3:cad>
          </ns3:TrackPointExtension>
        </extensions>
      </trkpt>
      <trkpt lat="34.1806331835687160491943359375" lon="108.930254392325878143310546875">
        <ele>432.79998779296875</ele>
        <time>2026-10-08T00:37:19.000Z</time>
        <extensions>
          <ns3:TrackPointExtension>
            <ns3:hr>151</ns3:hr>
            <ns3:cad>90</ns3:cad>
          </ns3:TrackPointExtension>
        </extensions>
      </trkpt>
      <trkpt lat="34.1806299984455108642578125" lon="108.9302813820540904998779296875">
        <ele>432.79998779296875</ele>
        <time>2026-10-08T00:37:20.000Z</time>
        <extensions>
          <ns3:TrackPointExtension>
            <ns3:hr>151</ns3:hr>
            <ns3:cad>90</ns3:cad>
          </ns3:TrackPointExtension>
        </extensions>
      </trkpt>
      <trkpt lat="34.1806248016655445098876953125" lon="108.93031382001936435699462890625">
        <ele>432.600006103515625</ele>
        <time>2026-10-08T00:37:21.000Z</time>
        <extensions>
          <ns3:TrackPointExtension>
            <ns3:hr>151</ns3:hr>
            <ns3:cad>90</ns3:cad>
          </ns3:TrackPointExtension>
        </extensions>
      </trkpt>
      <trkpt lat="34.18062337674200534820556640625" lon="108.93034114502370357513427734375">
        <ele>432.600006103515625</ele>
        <time>2026-10-08T00:37:22.000Z</time>
        <extensions>
          <ns3:TrackPointExtension>
            <ns3:hr>152</ns3:hr>
            <ns3:cad>90</ns3:cad>
          </ns3:TrackPointExtension>
        </extensions>
      </trkpt>
      <trkpt lat="34.1806192696094512939453125" lon="108.93037341535091400146484375">
        <ele>432.600006103515625</ele>
        <time>2026-10-08T00:37:23.000Z</time>
        <extensions>
          <ns3:TrackPointExtension>
            <ns3:hr>152</ns3:hr>
            <ns3:cad>90</ns3:cad>
          </ns3:TrackPointExtension>
        </extensions>
      </trkpt>
      <trkpt lat="34.18061801232397556304931640625" lon="108.93039755523204803466796875">
        <ele>432.600006103515625</ele>
        <time>2026-10-08T00:37:24.000Z</time>
        <extensions>
          <ns3:TrackPointExtension>
            <ns3:hr>152</ns3:hr>
            <ns3:cad>90</ns3:cad>
          </ns3:TrackPointExtension>
        </extensions>
      </trkpt>
      <trkpt lat="34.180614240467548370361328125" lon="108.93042504787445068359375">
        <ele>432.79998779296875</ele>
        <time>2026-10-08T00:37:25.000Z</time>
        <extensions>
          <ns3:TrackPointExtension>
            <ns3:hr>151</ns3:hr>
            <ns3:cad>90</ns3:cad>
          </ns3:TrackPointExtension>
        </extensions>
      </trkpt>
      <trkpt lat="34.1806137375533580780029296875" lon="108.9304543845355510711669921875">
        <ele>432.79998779296875</ele>
        <time>2026-10-08T00:37:26.000Z</time>
        <extensions>
          <ns3:TrackPointExtension>
            <ns3:hr>151</ns3:hr>
            <ns3:cad>90</ns3:cad>
          </ns3:TrackPointExtension>
        </extensions>
      </trkpt>
      <trkpt lat="34.180604517459869384765625" lon="108.93048715777695178985595703125">
        <ele>432.79998779296875</ele>
        <time>2026-10-08T00:37:27.000Z</time>
        <extensions>
          <ns3:TrackPointExtension>
            <ns3:hr>152</ns3:hr>
            <ns3:cad>90</ns3:cad>
          </ns3:TrackPointExtension>
        </extensions>
      </trkpt>
      <trkpt lat="34.1806016676127910614013671875" lon="108.93051498569548130035400390625">
        <ele>432.79998779296875</ele>
        <time>2026-10-08T00:37:28.000Z</time>
        <extensions>
          <ns3:TrackPointExtension>
            <ns3:hr>152</ns3:hr>
            <ns3:cad>89</ns3:cad>
          </ns3:TrackPointExtension>
        </extensions>
      </trkpt>
      <trkpt lat="34.1805942915380001068115234375" lon="108.9305502735078334808349609375">
        <ele>432.79998779296875</ele>
        <time>2026-10-08T00:37:29.000Z</time>
        <extensions>
          <ns3:TrackPointExtension>
            <ns3:hr>152</ns3:hr>
            <ns3:cad>89</ns3:cad>
          </ns3:TrackPointExtension>
        </extensions>
      </trkpt>
      <trkpt lat="34.18058666400611400604248046875" lon="108.9305754192173480987548828125">
        <ele>432.79998779296875</ele>
        <time>2026-10-08T00:37:30.000Z</time>
        <extensions>
          <ns3:TrackPointExtension>
            <ns3:hr>151</ns3:hr>
            <ns3:cad>89</ns3:cad>
          </ns3:TrackPointExtension>
        </extensions>
      </trkpt>
      <trkpt lat="34.18058146722614765167236328125" lon="108.9306089468300342559814453125">
        <ele>432.79998779296875</ele>
        <time>2026-10-08T00:37:31.000Z</time>
        <extensions>
          <ns3:TrackPointExtension>
            <ns3:hr>151</ns3:hr>
            <ns3:cad>89</ns3:cad>
          </ns3:TrackPointExtension>
        </extensions>
      </trkpt>
      <trkpt lat="34.18058481998741626739501953125" lon="108.9306371100246906280517578125">
        <ele>432.79998779296875</ele>
        <time>2026-10-08T00:37:32.000Z</time>
        <extensions>
          <ns3:TrackPointExtension>
            <ns3:hr>151</ns3:hr>
            <ns3:cad>89</ns3:cad>
          </ns3:TrackPointExtension>
        </extensions>
      </trkpt>
      <trkpt lat="34.1805805452167987823486328125" lon="108.93067424185574054718017578125">
        <ele>432.79998779296875</ele>
        <time>2026-10-08T00:37:33.000Z</time>
        <extensions>
          <ns3:TrackPointExtension>
            <ns3:hr>152</ns3:hr>
            <ns3:cad>89</ns3:cad>
          </ns3:TrackPointExtension>
        </extensions>
      </trkpt>
      <trkpt lat="34.18057811446487903594970703125" lon="108.93069502897560596466064453125">
        <ele>432.79998779296875</ele>
        <time>2026-10-08T00:37:34.000Z</time>
        <extensions>
          <ns3:TrackPointExtension>
            <ns3:hr>151</ns3:hr>
            <ns3:cad>89</ns3:cad>
          </ns3:TrackPointExtension>
        </extensions>
      </trkpt>
      <trkpt lat="34.1805704869329929351806640625" lon="108.9307256229221820831298828125">
        <ele>432.79998779296875</ele>
        <time>2026-10-08T00:37:35.000Z</time>
        <extensions>
          <ns3:TrackPointExtension>
            <ns3:hr>151</ns3:hr>
            <ns3:cad>89</ns3:cad>
          </ns3:TrackPointExtension>
        </extensions>
      </trkpt>
      <trkpt lat="34.18057124130427837371826171875" lon="108.93074783496558666229248046875">
        <ele>432.79998779296875</ele>
        <time>2026-10-08T00:37:36.000Z</time>
        <extensions>
          <ns3:TrackPointExtension>
            <ns3:hr>152</ns3:hr>
            <ns3:cad>88</ns3:cad>
          </ns3:TrackPointExtension>
        </extensions>
      </trkpt>
      <trkpt lat="34.18056570924818515777587890625" lon="108.93078303895890712738037109375">
        <ele>432.79998779296875</ele>
        <time>2026-10-08T00:37:37.000Z</time>
        <extensions>
          <ns3:TrackPointExtension>
            <ns3:hr>151</ns3:hr>
            <ns3:cad>89</ns3:cad>
          </ns3:TrackPointExtension>
        </extensions>
      </trkpt>
      <trkpt lat="34.18056269176304340362548828125" lon="108.9308081008493900299072265625">
        <ele>432.79998779296875</ele>
        <time>2026-10-08T00:37:38.000Z</time>
        <extensions>
          <ns3:TrackPointExtension>
            <ns3:hr>152</ns3:hr>
            <ns3:cad>89</ns3:cad>
          </ns3:TrackPointExtension>
        </extensions>
      </trkpt>
      <trkpt lat="34.1805533878505229949951171875" lon="108.930846154689788818359375">
        <ele>432.79998779296875</ele>
        <time>2026-10-08T00:37:39.000Z</time>
        <extensions>
          <ns3:TrackPointExtension>
            <ns3:hr>151</ns3:hr>
            <ns3:cad>89</ns3:cad>
          </ns3:TrackPointExtension>
        </extensions>
      </trkpt>
      <trkpt lat="34.18055313639342784881591796875" lon="108.93087230622768402099609375">
        <ele>432.79998779296875</ele>
        <time>2026-10-08T00:37:40.000Z</time>
        <extensions>
          <ns3:TrackPointExtension>
            <ns3:hr>151</ns3:hr>
            <ns3:cad>89</ns3:cad>
          </ns3:TrackPointExtension>
        </extensions>
      </trkpt>
      <trkpt lat="34.180549867451190948486328125" lon="108.93090742640197277069091796875">
        <ele>432.79998779296875</ele>
        <time>2026-10-08T00:37:41.000Z</time>
        <extensions>
          <ns3:TrackPointExtension>
            <ns3:hr>151</ns3:hr>
            <ns3:cad>88</ns3:cad>
          </ns3:TrackPointExtension>
        </extensions>
      </trkpt>
      <trkpt lat="34.180548191070556640625" lon="108.93093265593051910400390625">
        <ele>433</ele>
        <time>2026-10-08T00:37:42.000Z</time>
        <extensions>
          <ns3:TrackPointExtension>
            <ns3:hr>150</ns3:hr>
            <ns3:cad>88</ns3:cad>
          </ns3:TrackPointExtension>
        </extensions>
      </trkpt>
      <trkpt lat="34.18054341338574886322021484375" lon="108.930969536304473876953125">
        <ele>433</ele>
        <time>2026-10-08T00:37:43.000Z</time>
        <extensions>
          <ns3:TrackPointExtension>
            <ns3:hr>150</ns3:hr>
            <ns3:cad>89</ns3:cad>
          </ns3:TrackPointExtension>
        </extensions>
      </trkpt>
      <trkpt lat="34.1805446706712245941162109375" lon="108.93099568784236907958984375">
        <ele>433</ele>
        <time>2026-10-08T00:37:44.000Z</time>
        <extensions>
          <ns3:TrackPointExtension>
            <ns3:hr>150</ns3:hr>
            <ns3:cad>89</ns3:cad>
          </ns3:TrackPointExtension>
        </extensions>
      </trkpt>
      <trkpt lat="34.18053771369159221649169921875" lon="108.93103365786373615264892578125">
        <ele>433</ele>
        <time>2026-10-08T00:37:45.000Z</time>
        <extensions>
          <ns3:TrackPointExtension>
            <ns3:hr>150</ns3:hr>
            <ns3:cad>89</ns3:cad>
          </ns3:TrackPointExtension>
        </extensions>
      </trkpt>
      <trkpt lat="34.18053586967289447784423828125" lon="108.93106098286807537078857421875">
        <ele>433</ele>
        <time>2026-10-08T00:37:46.000Z</time>
        <extensions>
          <ns3:TrackPointExtension>
            <ns3:hr>149</ns3:hr>
            <ns3:cad>89</ns3:cad>
          </ns3:TrackPointExtension>
        </extensions>
      </trkpt>
      <trkpt lat="34.1805269010365009307861328125" lon="108.931095264852046966552734375">
        <ele>433</ele>
        <time>2026-10-08T00:37:47.000Z</time>
        <extensions>
          <ns3:TrackPointExtension>
            <ns3:hr>149</ns3:hr>
            <ns3:cad>89</ns3:cad>
          </ns3:TrackPointExtension>
        </extensions>
      </trkpt>
      <trkpt lat="34.18052916415035724639892578125" lon="108.931120745837688446044921875">
        <ele>433</ele>
        <time>2026-10-08T00:37:48.000Z</time>
        <extensions>
          <ns3:TrackPointExtension>
            <ns3:hr>149</ns3:hr>
            <ns3:cad>90</ns3:cad>
          </ns3:TrackPointExtension>
        </extensions>
      </trkpt>
      <trkpt lat="34.1805292479693889617919921875" lon="108.93114681355655193328857421875">
        <ele>433</ele>
        <time>2026-10-08T00:37:49.000Z</time>
        <extensions>
          <ns3:TrackPointExtension>
            <ns3:hr>149</ns3:hr>
            <ns3:cad>90</ns3:cad>
          </ns3:TrackPointExtension>
        </extensions>
      </trkpt>
      <trkpt lat="34.18052245862782001495361328125" lon="108.93117313273251056671142578125">
        <ele>433</ele>
        <time>2026-10-08T00:37:50.000Z</time>
        <extensions>
          <ns3:TrackPointExtension>
            <ns3:hr>149</ns3:hr>
            <ns3:cad>90</ns3:cad>
          </ns3:TrackPointExtension>
        </extensions>
      </trkpt>
      <trkpt lat="34.18051625601947307586669921875" lon="108.93120624125003814697265625">
        <ele>433</ele>
        <time>2026-10-08T00:37:51.000Z</time>
        <extensions>
          <ns3:TrackPointExtension>
            <ns3:hr>149</ns3:hr>
            <ns3:cad>89</ns3:cad>
          </ns3:TrackPointExtension>
        </extensions>
      </trkpt>
      <trkpt lat="34.18051105923950672149658203125" lon="108.93123230896890163421630859375">
        <ele>433</ele>
        <time>2026-10-08T00:37:52.000Z</time>
        <extensions>
          <ns3:TrackPointExtension>
            <ns3:hr>149</ns3:hr>
            <ns3:cad>89</ns3:cad>
          </ns3:TrackPointExtension>
        </extensions>
      </trkpt>
      <trkpt lat="34.18050653301179409027099609375" lon="108.93126281909644603729248046875">
        <ele>433.20001220703125</ele>
        <time>2026-10-08T00:37:53.000Z</time>
        <extensions>
          <ns3:TrackPointExtension>
            <ns3:hr>149</ns3:hr>
            <ns3:cad>88</ns3:cad>
          </ns3:TrackPointExtension>
        </extensions>
      </trkpt>
      <trkpt lat="34.1805057786405086517333984375" lon="108.9312848635017871856689453125">
        <ele>433</ele>
        <time>2026-10-08T00:37:54.000Z</time>
        <extensions>
          <ns3:TrackPointExtension>
            <ns3:hr>149</ns3:hr>
            <ns3:cad>88</ns3:cad>
          </ns3:TrackPointExtension>
        </extensions>
      </trkpt>
      <trkpt lat="34.180501587688922882080078125" lon="108.93131830729544162750244140625">
        <ele>433.20001220703125</ele>
        <time>2026-10-08T00:37:55.000Z</time>
        <extensions>
          <ns3:TrackPointExtension>
            <ns3:hr>150</ns3:hr>
            <ns3:cad>88</ns3:cad>
          </ns3:TrackPointExtension>
        </extensions>
      </trkpt>
      <trkpt lat="34.1804990731179714202880859375" lon="108.93134680576622486114501953125">
        <ele>433.20001220703125</ele>
        <time>2026-10-08T00:37:56.000Z</time>
        <extensions>
          <ns3:TrackPointExtension>
            <ns3:hr>150</ns3:hr>
            <ns3:cad>88</ns3:cad>
          </ns3:TrackPointExtension>
        </extensions>
      </trkpt>
      <trkpt lat="34.18049798347055912017822265625" lon="108.93137882463634014129638671875">
        <ele>433.20001220703125</ele>
        <time>2026-10-08T00:37:57.000Z</time>
        <extensions>
          <ns3:TrackPointExtension>
            <ns3:hr>150</ns3:hr>
            <ns3:cad>88</ns3:cad>
          </ns3:TrackPointExtension>
        </extensions>
      </trkpt>
      <trkpt lat="34.18049161322414875030517578125" lon="108.9314082451164722442626953125">
        <ele>433.20001220703125</ele>
        <time>2026-10-08T00:37:58.000Z</time>
        <extensions>
          <ns3:TrackPointExtension>
            <ns3:hr>150</ns3:hr>
            <ns3:cad>88</ns3:cad>
          </ns3:TrackPointExtension>
        </extensions>
      </trkpt>
      <trkpt lat="34.18048993684351444244384765625" lon="108.93143825232982635498046875">
        <ele>433.20001220703125</ele>
        <time>2026-10-08T00:37:59.000Z</time>
        <extensions>
          <ns3:TrackPointExtension>
            <ns3:hr>150</ns3:hr>
            <ns3:cad>90</ns3:cad>
          </ns3:TrackPointExtension>
        </extensions>
      </trkpt>
      <trkpt lat="34.1804896853864192962646484375" lon="108.9314665831625461578369140625">
        <ele>433.399993896484375</ele>
        <time>2026-10-08T00:38:00.000Z</time>
        <extensions>
          <ns3:TrackPointExtension>
            <ns3:hr>150</ns3:hr>
            <ns3:cad>90</ns3:cad>
          </ns3:TrackPointExtension>
        </extensions>
      </trkpt>
      <trkpt lat="34.18049429543316364288330078125" lon="108.93150262534618377685546875">
        <ele>433.399993896484375</ele>
        <time>2026-10-08T00:38:01.000Z</time>
        <extensions>
          <ns3:TrackPointExtension>
            <ns3:hr>150</ns3:hr>
            <ns3:cad>89</ns3:cad>
          </ns3:TrackPointExtension>
        </extensions>
      </trkpt>
      <trkpt lat="34.18049530126154422760009765625" lon="108.9315262623131275177001953125">
        <ele>433.20001220703125</ele>
        <time>2026-10-08T00:38:02.000Z</time>
        <extensions>
          <ns3:TrackPointExtension>
            <ns3:hr>150</ns3:hr>
            <ns3:cad>89</ns3:cad>
          </ns3:TrackPointExtension>
        </extensions>
      </trkpt>
      <trkpt lat="34.180491864681243896484375" lon="108.93156205303966999053955078125">
        <ele>433.399993896484375</ele>
        <time>2026-10-08T00:38:03.000Z</time>
        <extensions>
          <ns3:TrackPointExtension>
            <ns3:hr>150</ns3:hr>
            <ns3:cad>89</ns3:cad>
          </ns3:TrackPointExtension>
        </extensions>
      </trkpt>
      <trkpt lat="34.18048717081546783447265625" lon="108.93158501945436000823974609375">
        <ele>433.399993896484375</ele>
        <time>2026-10-08T00:38:04.000Z</time>
        <extensions>
          <ns3:TrackPointExtension>
            <ns3:hr>150</ns3:hr>
            <ns3:cad>89</ns3:cad>
          </ns3:TrackPointExtension>
        </extensions>
      </trkpt>
      <trkpt lat="34.1804782859981060028076171875" lon="108.9316199719905853271484375">
        <ele>433.399993896484375</ele>
        <time>2026-10-08T00:38:05.000Z</time>
        <extensions>
          <ns3:TrackPointExtension>
            <ns3:hr>150</ns3:hr>
            <ns3:cad>89</ns3:cad>
          </ns3:TrackPointExtension>
        </extensions>
      </trkpt>
      <trkpt lat="34.18047669343650341033935546875" lon="108.93164251931011676788330078125">
        <ele>433.399993896484375</ele>
        <time>2026-10-08T00:38:06.000Z</time>
        <extensions>
          <ns3:TrackPointExtension>
            <ns3:hr>150</ns3:hr>
            <ns3:cad>90</ns3:cad>
          </ns3:TrackPointExtension>
        </extensions>
      </trkpt>
      <trkpt lat="34.1804702393710613250732421875" lon="108.9316751249134540557861328125">
        <ele>433.399993896484375</ele>
        <time>2026-10-08T00:38:07.000Z</time>
        <extensions>
          <ns3:TrackPointExtension>
            <ns3:hr>150</ns3:hr>
            <ns3:cad>92</ns3:cad>
          </ns3:TrackPointExtension>
        </extensions>
      </trkpt>
      <trkpt lat="34.1804702393710613250732421875" lon="108.9316975884139537811279296875">
        <ele>433.600006103515625</ele>
        <time>2026-10-08T00:38:08.000Z</time>
        <extensions>
          <ns3:TrackPointExtension>
            <ns3:hr>150</ns3:hr>
            <ns3:cad>92</ns3:cad>
          </ns3:TrackPointExtension>
        </extensions>
      </trkpt>
      <trkpt lat="34.18046043254435062408447265625" lon="108.93173337914049625396728515625">
        <ele>433.600006103515625</ele>
        <time>2026-10-08T00:38:09.000Z</time>
        <extensions>
          <ns3:TrackPointExtension>
            <ns3:hr>150</ns3:hr>
            <ns3:cad>92</ns3:cad>
          </ns3:TrackPointExtension>
        </extensions>
      </trkpt>
      <trkpt lat="34.18046261183917522430419921875" lon="108.93175919540226459503173828125">
        <ele>433.600006103515625</ele>
        <time>2026-10-08T00:38:10.000Z</time>
        <extensions>
          <ns3:TrackPointExtension>
            <ns3:hr>151</ns3:hr>
            <ns3:cad>92</ns3:cad>
          </ns3:TrackPointExtension>
        </extensions>
      </trkpt>
      <trkpt lat="34.1804568283259868621826171875" lon="108.93179423175752162933349609375">
        <ele>433.600006103515625</ele>
        <time>2026-10-08T00:38:11.000Z</time>
        <extensions>
          <ns3:TrackPointExtension>
            <ns3:hr>151</ns3:hr>
            <ns3:cad>90</ns3:cad>
          </ns3:TrackPointExtension>
        </extensions>
      </trkpt>
      <trkpt lat="34.180458672344684600830078125" lon="108.93181820400059223175048828125">
        <ele>433.79998779296875</ele>
        <time>2026-10-08T00:38:12.000Z</time>
        <extensions>
          <ns3:TrackPointExtension>
            <ns3:hr>152</ns3:hr>
            <ns3:cad>90</ns3:cad>
          </ns3:TrackPointExtension>
        </extensions>
      </trkpt>
      <trkpt lat="34.18045775033533573150634765625" lon="108.93184351734817028045654296875">
        <ele>433.79998779296875</ele>
        <time>2026-10-08T00:38:13.000Z</time>
        <extensions>
          <ns3:TrackPointExtension>
            <ns3:hr>152</ns3:hr>
            <ns3:cad>90</ns3:cad>
          </ns3:TrackPointExtension>
        </extensions>
      </trkpt>
      <trkpt lat="34.18045691214501857757568359375" lon="108.9318685792386531829833984375">
        <ele>433.79998779296875</ele>
        <time>2026-10-08T00:38:14.000Z</time>
        <extensions>
          <ns3:TrackPointExtension>
            <ns3:hr>152</ns3:hr>
            <ns3:cad>90</ns3:cad>
          </ns3:TrackPointExtension>
        </extensions>
      </trkpt>
      <trkpt lat="34.18045372702181339263916015625" lon="108.93190386705100536346435546875">
        <ele>433.79998779296875</ele>
        <time>2026-10-08T00:38:15.000Z</time>
        <extensions>
          <ns3:TrackPointExtension>
            <ns3:hr>151</ns3:hr>
            <ns3:cad>89</ns3:cad>
          </ns3:TrackPointExtension>
        </extensions>
      </trkpt>
      <trkpt lat="34.180455990135669708251953125" lon="108.93192448653280735015869140625">
        <ele>433.79998779296875</ele>
        <time>2026-10-08T00:38:16.000Z</time>
        <extensions>
          <ns3:TrackPointExtension>
            <ns3:hr>152</ns3:hr>
            <ns3:cad>88</ns3:cad>
          </ns3:TrackPointExtension>
        </extensions>
      </trkpt>
      <trkpt lat="34.180447943508625030517578125" lon="108.93195516429841518402099609375">
        <ele>433.79998779296875</ele>
        <time>2026-10-08T00:38:17.000Z</time>
        <extensions>
          <ns3:TrackPointExtension>
            <ns3:hr>152</ns3:hr>
            <ns3:cad>88</ns3:cad>
          </ns3:TrackPointExtension>
        </extensions>
      </trkpt>
      <trkpt lat="34.18044551275670528411865234375" lon="108.93197645433247089385986328125">
        <ele>433.79998779296875</ele>
        <time>2026-10-08T00:38:18.000Z</time>
        <extensions>
          <ns3:TrackPointExtension>
            <ns3:hr>152</ns3:hr>
            <ns3:cad>89</ns3:cad>
          </ns3:TrackPointExtension>
        </extensions>
      </trkpt>
      <trkpt lat="34.180438220500946044921875" lon="108.93200746737420558929443359375">
        <ele>433.79998779296875</ele>
        <time>2026-10-08T00:38:19.000Z</time>
        <extensions>
          <ns3:TrackPointExtension>
            <ns3:hr>151</ns3:hr>
            <ns3:cad>90</ns3:cad>
          </ns3:TrackPointExtension>
        </extensions>
      </trkpt>
      <trkpt lat="34.1804360412061214447021484375" lon="108.932024650275707244873046875">
        <ele>433.79998779296875</ele>
        <time>2026-10-08T00:38:20.000Z</time>
        <extensions>
          <ns3:TrackPointExtension>
            <ns3:hr>152</ns3:hr>
            <ns3:cad>90</ns3:cad>
          </ns3:TrackPointExtension>
        </extensions>
      </trkpt>
      <trkpt lat="34.18043059296905994415283203125" lon="108.93205004744231700897216796875">
        <ele>434</ele>
        <time>2026-10-08T00:38:21.000Z</time>
        <extensions>
          <ns3:TrackPointExtension>
            <ns3:hr>152</ns3:hr>
            <ns3:cad>90</ns3:cad>
          </ns3:TrackPointExtension>
        </extensions>
      </trkpt>
      <trkpt lat="34.18042690493166446685791015625" lon="108.93206857144832611083984375">
        <ele>434</ele>
        <time>2026-10-08T00:38:22.000Z</time>
        <extensions>
          <ns3:TrackPointExtension>
            <ns3:hr>152</ns3:hr>
            <ns3:cad>89</ns3:cad>
          </ns3:TrackPointExtension>
        </extensions>
      </trkpt>
      <trkpt lat="34.18042724020779132843017578125" lon="108.9320947229862213134765625">
        <ele>434</ele>
        <time>2026-10-08T00:38:23.000Z</time>
        <extensions>
          <ns3:TrackPointExtension>
            <ns3:hr>152</ns3:hr>
            <ns3:cad>88</ns3:cad>
          </ns3:TrackPointExtension>
        </extensions>
      </trkpt>
      <trkpt lat="34.18042338453233242034912109375" lon="108.93212012015283107757568359375">
        <ele>434</ele>
        <time>2026-10-08T00:38:24.000Z</time>
        <extensions>
          <ns3:TrackPointExtension>
            <ns3:hr>151</ns3:hr>
            <ns3:cad>88</ns3:cad>
          </ns3:TrackPointExtension>
        </extensions>
      </trkpt>
      <trkpt lat="34.1804192773997783660888671875" lon="108.93214660696685314178466796875">
        <ele>434</ele>
        <time>2026-10-08T00:38:25.000Z</time>
        <extensions>
          <ns3:TrackPointExtension>
            <ns3:hr>152</ns3:hr>
            <ns3:cad>88</ns3:cad>
          </ns3:TrackPointExtension>
        </extensions>
      </trkpt>
      <trkpt lat="34.1804105602204799652099609375" lon="108.9321753568947315216064453125">
        <ele>434</ele>
        <time>2026-10-08T00:38:26.000Z</time>
        <extensions>
          <ns3:TrackPointExtension>
            <ns3:hr>152</ns3:hr>
            <ns3:cad>88</ns3:cad>
          </ns3:TrackPointExtension>
        </extensions>
      </trkpt>
      <trkpt lat="34.1804048605263233184814453125" lon="108.93220142461359500885009765625">
        <ele>434</ele>
        <time>2026-10-08T00:38:27.000Z</time>
        <extensions>
          <ns3:TrackPointExtension>
            <ns3:hr>151</ns3:hr>
            <ns3:cad>88</ns3:cad>
          </ns3:TrackPointExtension>
        </extensions>
      </trkpt>
      <trkpt lat="34.18038952164351940155029296875" lon="108.932235874235630035400390625">
        <ele>434.20001220703125</ele>
        <time>2026-10-08T00:38:28.000Z</time>
        <extensions>
          <ns3:TrackPointExtension>
            <ns3:hr>151</ns3:hr>
            <ns3:cad>89</ns3:cad>
          </ns3:TrackPointExtension>
        </extensions>
      </trkpt>
      <trkpt lat="34.1803850792348384857177734375" lon="108.9322682283818721771240234375">
        <ele>434.20001220703125</ele>
        <time>2026-10-08T00:38:29.000Z</time>
        <extensions>
          <ns3:TrackPointExtension>
            <ns3:hr>151</ns3:hr>
            <ns3:cad>90</ns3:cad>
          </ns3:TrackPointExtension>
        </extensions>
      </trkpt>
      <trkpt lat="34.18037862516939640045166015625" lon="108.93230401910841464996337890625">
        <ele>434.20001220703125</ele>
        <time>2026-10-08T00:38:30.000Z</time>
        <extensions>
          <ns3:TrackPointExtension>
            <ns3:hr>152</ns3:hr>
            <ns3:cad>90</ns3:cad>
          </ns3:TrackPointExtension>
        </extensions>
      </trkpt>
      <trkpt lat="34.18037929572165012359619140625" lon="108.932337127625942230224609375">
        <ele>434.20001220703125</ele>
        <time>2026-10-08T00:38:31.000Z</time>
        <extensions>
          <ns3:TrackPointExtension>
            <ns3:hr>152</ns3:hr>
            <ns3:cad>90</ns3:cad>
          </ns3:TrackPointExtension>
        </extensions>
      </trkpt>
      <trkpt lat="34.180376529693603515625" lon="108.9323694817721843719482421875">
        <ele>434.20001220703125</ele>
        <time>2026-10-08T00:38:32.000Z</time>
        <extensions>
          <ns3:TrackPointExtension>
            <ns3:hr>152</ns3:hr>
            <ns3:cad>88</ns3:cad>
          </ns3:TrackPointExtension>
        </extensions>
      </trkpt>
      <trkpt lat="34.18037745170295238494873046875" lon="108.9323999918997287750244140625">
        <ele>434.20001220703125</ele>
        <time>2026-10-08T00:38:33.000Z</time>
        <extensions>
          <ns3:TrackPointExtension>
            <ns3:hr>152</ns3:hr>
            <ns3:cad>88</ns3:cad>
          </ns3:TrackPointExtension>
        </extensions>
      </trkpt>
      <trkpt lat="34.18037049472332000732421875" lon="108.93243494443595409393310546875">
        <ele>434.20001220703125</ele>
        <time>2026-10-08T00:38:34.000Z</time>
        <extensions>
          <ns3:TrackPointExtension>
            <ns3:hr>152</ns3:hr>
            <ns3:cad>88</ns3:cad>
          </ns3:TrackPointExtension>
        </extensions>
      </trkpt>
      <trkpt lat="34.18036923743784427642822265625" lon="108.9324673824012279510498046875">
        <ele>434.399993896484375</ele>
        <time>2026-10-08T00:38:35.000Z</time>
        <extensions>
          <ns3:TrackPointExtension>
            <ns3:hr>153</ns3:hr>
            <ns3:cad>88</ns3:cad>
          </ns3:TrackPointExtension>
        </extensions>
      </trkpt>
      <trkpt lat="34.18036420829594135284423828125" lon="108.93249948509037494659423828125">
        <ele>434.399993896484375</ele>
        <time>2026-10-08T00:38:36.000Z</time>
        <extensions>
          <ns3:TrackPointExtension>
            <ns3:hr>153</ns3:hr>
            <ns3:cad>89</ns3:cad>
          </ns3:TrackPointExtension>
        </extensions>
      </trkpt>
      <trkpt lat="34.1803599335253238677978515625" lon="108.9325284026563167572021484375">
        <ele>434.399993896484375</ele>
        <time>2026-10-08T00:38:37.000Z</time>
        <extensions>
          <ns3:TrackPointExtension>
            <ns3:hr>153</ns3:hr>
            <ns3:cad>89</ns3:cad>
          </ns3:TrackPointExtension>
        </extensions>
      </trkpt>
      <trkpt lat="34.18036001734435558319091796875" lon="108.932558409869670867919921875">
        <ele>434.399993896484375</ele>
        <time>2026-10-08T00:38:38.000Z</time>
        <extensions>
          <ns3:TrackPointExtension>
            <ns3:hr>153</ns3:hr>
            <ns3:cad>89</ns3:cad>
          </ns3:TrackPointExtension>
        </extensions>
      </trkpt>
      <trkpt lat="34.18035565875470638275146484375" lon="108.93259336240589618682861328125">
        <ele>434.399993896484375</ele>
        <time>2026-10-08T00:38:39.000Z</time>
        <extensions>
          <ns3:TrackPointExtension>
            <ns3:hr>154</ns3:hr>
            <ns3:cad>89</ns3:cad>
          </ns3:TrackPointExtension>
        </extensions>
      </trkpt>
      <trkpt lat="34.18034794740378856658935546875" lon="108.93262689001858234405517578125">
        <ele>434.399993896484375</ele>
        <time>2026-10-08T00:38:40.000Z</time>
        <extensions>
          <ns3:TrackPointExtension>
            <ns3:hr>154</ns3:hr>
            <ns3:cad>91</ns3:cad>
          </ns3:TrackPointExtension>
        </extensions>
      </trkpt>
      <trkpt lat="34.180348031222820281982421875" lon="108.9326591603457927703857421875">
        <ele>434.600006103515625</ele>
        <time>2026-10-08T00:38:41.000Z</time>
        <extensions>
          <ns3:TrackPointExtension>
            <ns3:hr>154</ns3:hr>
            <ns3:cad>91</ns3:cad>
          </ns3:TrackPointExtension>
        </extensions>
      </trkpt>
      <trkpt lat="34.18034526519477367401123046875" lon="108.9326876588165760040283203125">
        <ele>434.600006103515625</ele>
        <time>2026-10-08T00:38:42.000Z</time>
        <extensions>
          <ns3:TrackPointExtension>
            <ns3:hr>155</ns3:hr>
            <ns3:cad>89</ns3:cad>
          </ns3:TrackPointExtension>
        </extensions>
      </trkpt>
      <trkpt lat="34.1803448460996150970458984375" lon="108.93271959386765956878662109375">
        <ele>434.600006103515625</ele>
        <time>2026-10-08T00:38:43.000Z</time>
        <extensions>
          <ns3:TrackPointExtension>
            <ns3:hr>155</ns3:hr>
            <ns3:cad>89</ns3:cad>
          </ns3:TrackPointExtension>
        </extensions>
      </trkpt>
      <trkpt lat="34.1803441755473613739013671875" lon="108.9327473379671573638916015625">
        <ele>434.600006103515625</ele>
        <time>2026-10-08T00:38:44.000Z</time>
        <extensions>
          <ns3:TrackPointExtension>
            <ns3:hr>155</ns3:hr>
            <ns3:cad>89</ns3:cad>
          </ns3:TrackPointExtension>
        </extensions>
      </trkpt>
      <trkpt lat="34.180337972939014434814453125" lon="108.9327738247811794281005859375">
        <ele>434.600006103515625</ele>
        <time>2026-10-08T00:38:45.000Z</time>
        <extensions>
          <ns3:TrackPointExtension>
            <ns3:hr>155</ns3:hr>
            <ns3:cad>89</ns3:cad>
          </ns3:TrackPointExtension>
        </extensions>
      </trkpt>
      <trkpt lat="34.18032967485487461090087890625" lon="108.932802490890026092529296875">
        <ele>434.79998779296875</ele>
        <time>2026-10-08T00:38:46.000Z</time>
        <extensions>
          <ns3:TrackPointExtension>
            <ns3:hr>154</ns3:hr>
            <ns3:cad>89</ns3:cad>
          </ns3:TrackPointExtension>
        </extensions>
      </trkpt>
      <trkpt lat="34.18031861074268817901611328125" lon="108.9328227750957012176513671875">
        <ele>434.79998779296875</ele>
        <time>2026-10-08T00:38:47.000Z</time>
        <extensions>
          <ns3:TrackPointExtension>
            <ns3:hr>155</ns3:hr>
            <ns3:cad>89</ns3:cad>
          </ns3:TrackPointExtension>
        </extensions>
      </trkpt>
      <trkpt lat="34.18030737899243831634521484375" lon="108.932846076786518096923828125">
        <ele>434.79998779296875</ele>
        <time>2026-10-08T00:38:48.000Z</time>
        <extensions>
          <ns3:TrackPointExtension>
            <ns3:hr>154</ns3:hr>
            <ns3:cad>89</ns3:cad>
          </ns3:TrackPointExtension>
        </extensions>
      </trkpt>
      <trkpt lat="34.180301763117313385009765625" lon="108.93286912702023983001708984375">
        <ele>434.79998779296875</ele>
        <time>2026-10-08T00:38:49.000Z</time>
        <extensions>
          <ns3:TrackPointExtension>
            <ns3:hr>154</ns3:hr>
            <ns3:cad>90</ns3:cad>
          </ns3:TrackPointExtension>
        </extensions>
      </trkpt>
      <trkpt lat="34.18029396794736385345458984375" lon="108.932898044586181640625">
        <ele>434.79998779296875</ele>
        <time>2026-10-08T00:38:50.000Z</time>
        <extensions>
          <ns3:TrackPointExtension>
            <ns3:hr>155</ns3:hr>
            <ns3:cad>90</ns3:cad>
          </ns3:TrackPointExtension>
        </extensions>
      </trkpt>
      <trkpt lat="34.18028843589127063751220703125" lon="108.93292327411472797393798828125">
        <ele>435</ele>
        <time>2026-10-08T00:38:51.000Z</time>
        <extensions>
          <ns3:TrackPointExtension>
            <ns3:hr>155</ns3:hr>
            <ns3:cad>90</ns3:cad>
          </ns3:TrackPointExtension>
        </extensions>
      </trkpt>
      <trkpt lat="34.18027938343584537506103515625" lon="108.932957388460636138916015625">
        <ele>435</ele>
        <time>2026-10-08T00:38:52.000Z</time>
        <extensions>
          <ns3:TrackPointExtension>
            <ns3:hr>154</ns3:hr>
            <ns3:cad>89</ns3:cad>
          </ns3:TrackPointExtension>
        </extensions>
      </trkpt>
      <trkpt lat="34.18027502484619617462158203125" lon="108.9329877309501171112060546875">
        <ele>435</ele>
        <time>2026-10-08T00:38:53.000Z</time>
        <extensions>
          <ns3:TrackPointExtension>
            <ns3:hr>154</ns3:hr>
            <ns3:cad>88</ns3:cad>
          </ns3:TrackPointExtension>
        </extensions>
      </trkpt>
      <trkpt lat="34.1802700795233249664306640625" lon="108.93302268348634243011474609375">
        <ele>435</ele>
        <time>2026-10-08T00:38:54.000Z</time>
        <extensions>
          <ns3:TrackPointExtension>
            <ns3:hr>154</ns3:hr>
            <ns3:cad>88</ns3:cad>
          </ns3:TrackPointExtension>
        </extensions>
      </trkpt>
      <trkpt lat="34.18026781640946865081787109375" lon="108.9330507628619670867919921875">
        <ele>435</ele>
        <time>2026-10-08T00:38:55.000Z</time>
        <extensions>
          <ns3:TrackPointExtension>
            <ns3:hr>155</ns3:hr>
            <ns3:cad>88</ns3:cad>
          </ns3:TrackPointExtension>
        </extensions>
      </trkpt>
      <trkpt lat="34.180262200534343719482421875" lon="108.9330832846462726593017578125">
        <ele>435.20001220703125</ele>
        <time>2026-10-08T00:38:56.000Z</time>
        <extensions>
          <ns3:TrackPointExtension>
            <ns3:hr>155</ns3:hr>
            <ns3:cad>88</ns3:cad>
          </ns3:TrackPointExtension>
        </extensions>
      </trkpt>
      <trkpt lat="34.18025909923017024993896484375" lon="108.933109939098358154296875">
        <ele>435.20001220703125</ele>
        <time>2026-10-08T00:38:57.000Z</time>
        <extensions>
          <ns3:TrackPointExtension>
            <ns3:hr>155</ns3:hr>
            <ns3:cad>88</ns3:cad>
          </ns3:TrackPointExtension>
        </extensions>
      </trkpt>
      <trkpt lat="34.180250801146030426025390625" lon="108.9331412874162197113037109375">
        <ele>435.20001220703125</ele>
        <time>2026-10-08T00:38:58.000Z</time>
        <extensions>
          <ns3:TrackPointExtension>
            <ns3:hr>154</ns3:hr>
            <ns3:cad>89</ns3:cad>
          </ns3:TrackPointExtension>
        </extensions>
      </trkpt>
      <trkpt lat="34.1802439279854297637939453125" lon="108.93315981142222881317138671875">
        <ele>435.20001220703125</ele>
        <time>2026-10-08T00:38:59.000Z</time>
        <extensions>
          <ns3:TrackPointExtension>
            <ns3:hr>154</ns3:hr>
            <ns3:cad>89</ns3:cad>
          </ns3:TrackPointExtension>
        </extensions>
      </trkpt>
      <trkpt lat="34.18023495934903621673583984375" lon="108.93318830989301204681396484375">
        <ele>435.20001220703125</ele>
        <time>2026-10-08T00:39:00.000Z</time>
        <extensions>
          <ns3:TrackPointExtension>
            <ns3:hr>154</ns3:hr>
            <ns3:cad>89</ns3:cad>
          </ns3:TrackPointExtension>
        </extensions>
      </trkpt>
      <trkpt lat="34.18023328296840190887451171875" lon="108.933216892182826995849609375">
        <ele>435.20001220703125</ele>
        <time>2026-10-08T00:39:01.000Z</time>
        <extensions>
          <ns3:TrackPointExtension>
            <ns3:hr>154</ns3:hr>
            <ns3:cad>89</ns3:cad>
          </ns3:TrackPointExtension>
        </extensions>
      </trkpt>
      <trkpt lat="34.1802238114178180694580078125" lon="108.933249749243259429931640625">
        <ele>435.20001220703125</ele>
        <time>2026-10-08T00:39:02.000Z</time>
        <extensions>
          <ns3:TrackPointExtension>
            <ns3:hr>154</ns3:hr>
            <ns3:cad>88</ns3:cad>
          </ns3:TrackPointExtension>
        </extensions>
      </trkpt>
      <trkpt lat="34.18021903373301029205322265625" lon="108.933276571333408355712890625">
        <ele>435.20001220703125</ele>
        <time>2026-10-08T00:39:03.000Z</time>
        <extensions>
          <ns3:TrackPointExtension>
            <ns3:hr>154</ns3:hr>
            <ns3:cad>88</ns3:cad>
          </ns3:TrackPointExtension>
        </extensions>
      </trkpt>
      <trkpt lat="34.1802142560482025146484375" lon="108.93330984748899936676025390625">
        <ele>435.20001220703125</ele>
        <time>2026-10-08T00:39:04.000Z</time>
        <extensions>
          <ns3:TrackPointExtension>
            <ns3:hr>154</ns3:hr>
            <ns3:cad>88</ns3:cad>
          </ns3:TrackPointExtension>
        </extensions>
      </trkpt>
      <trkpt lat="34.18020998127758502960205078125" lon="108.933331556618213653564453125">
        <ele>435.399993896484375</ele>
        <time>2026-10-08T00:39:05.000Z</time>
        <extensions>
          <ns3:TrackPointExtension>
            <ns3:hr>154</ns3:hr>
            <ns3:cad>88</ns3:cad>
          </ns3:TrackPointExtension>
        </extensions>
      </trkpt>
      <trkpt lat="34.180203191936016082763671875" lon="108.93336583860218524932861328125">
        <ele>435.399993896484375</ele>
        <time>2026-10-08T00:39:06.000Z</time>
        <extensions>
          <ns3:TrackPointExtension>
            <ns3:hr>154</ns3:hr>
            <ns3:cad>89</ns3:cad>
          </ns3:TrackPointExtension>
        </extensions>
      </trkpt>
      <trkpt lat="34.18020612560212612152099609375" lon="108.9333880506455898284912109375">
        <ele>435.399993896484375</ele>
        <time>2026-10-08T00:39:07.000Z</time>
        <extensions>
          <ns3:TrackPointExtension>
            <ns3:hr>154</ns3:hr>
            <ns3:cad>89</ns3:cad>
          </ns3:TrackPointExtension>
        </extensions>
      </trkpt>
      <trkpt lat="34.18020226992666721343994140625" lon="108.9334224164485931396484375">
        <ele>435.399993896484375</ele>
        <time>2026-10-08T00:39:08.000Z</time>
        <extensions>
          <ns3:TrackPointExtension>
            <ns3:hr>155</ns3:hr>
            <ns3:cad>89</ns3:cad>
          </ns3:TrackPointExtension>
        </extensions>
      </trkpt>
      <trkpt lat="34.1802026890218257904052734375" lon="108.93344664014875888824462890625">
        <ele>435.399993896484375</ele>
        <time>2026-10-08T00:39:09.000Z</time>
        <extensions>
          <ns3:TrackPointExtension>
            <ns3:hr>154</ns3:hr>
            <ns3:cad>89</ns3:cad>
          </ns3:TrackPointExtension>
        </extensions>
      </trkpt>
      <trkpt lat="34.180197156965732574462890625" lon="108.93348067067563533782958984375">
        <ele>435.399993896484375</ele>
        <time>2026-10-08T00:39:10.000Z</time>
        <extensions>
          <ns3:TrackPointExtension>
            <ns3:hr>154</ns3:hr>
            <ns3:cad>90</ns3:cad>
          </ns3:TrackPointExtension>
        </extensions>
      </trkpt>
      <trkpt lat="34.18019481003284454345703125" lon="108.9335057325661182403564453125">
        <ele>435.399993896484375</ele>
        <time>2026-10-08T00:39:11.000Z</time>
        <extensions>
          <ns3:TrackPointExtension>
            <ns3:hr>155</ns3:hr>
            <ns3:cad>90</ns3:cad>
          </ns3:TrackPointExtension>
        </extensions>
      </trkpt>
      <trkpt lat="34.18018986470997333526611328125" lon="108.93354252912104129791259765625">
        <ele>435.399993896484375</ele>
        <time>2026-10-08T00:39:12.000Z</time>
        <extensions>
          <ns3:TrackPointExtension>
            <ns3:hr>154</ns3:hr>
            <ns3:cad>89</ns3:cad>
          </ns3:TrackPointExtension>
        </extensions>
      </trkpt>
      <trkpt lat="34.18019187636673450469970703125" lon="108.9335697703063488006591796875">
        <ele>435.399993896484375</ele>
        <time>2026-10-08T00:39:13.000Z</time>
        <extensions>
          <ns3:TrackPointExtension>
            <ns3:hr>154</ns3:hr>
            <ns3:cad>89</ns3:cad>
          </ns3:TrackPointExtension>
        </extensions>
      </trkpt>
      <trkpt lat="34.1801835782825946807861328125" lon="108.933605141937732696533203125">
        <ele>435.399993896484375</ele>
        <time>2026-10-08T00:39:14.000Z</time>
        <extensions>
          <ns3:TrackPointExtension>
            <ns3:hr>155</ns3:hr>
            <ns3:cad>89</ns3:cad>
          </ns3:TrackPointExtension>
        </extensions>
      </trkpt>
      <trkpt lat="34.18018634431064128875732421875" lon="108.933630622923374176025390625">
        <ele>435.399993896484375</ele>
        <time>2026-10-08T00:39:15.000Z</time>
        <extensions>
          <ns3:TrackPointExtension>
            <ns3:hr>154</ns3:hr>
            <ns3:cad>89</ns3:cad>
          </ns3:TrackPointExtension>
        </extensions>
      </trkpt>
      <trkpt lat="34.1801815666258335113525390625" lon="108.9336673356592655181884765625">
        <ele>435.399993896484375</ele>
        <time>2026-10-08T00:39:16.000Z</time>
        <extensions>
          <ns3:TrackPointExtension>
            <ns3:hr>154</ns3:hr>
            <ns3:cad>89</ns3:cad>
          </ns3:TrackPointExtension>
        </extensions>
      </trkpt>
      <trkpt lat="34.18018181808292865753173828125" lon="108.9336906373500823974609375">
        <ele>435.399993896484375</ele>
        <time>2026-10-08T00:39:17.000Z</time>
        <extensions>
          <ns3:TrackPointExtension>
            <ns3:hr>155</ns3:hr>
            <ns3:cad>89</ns3:cad>
          </ns3:TrackPointExtension>
        </extensions>
      </trkpt>
      <trkpt lat="34.18017662130296230316162109375" lon="108.93372894264757633209228515625">
        <ele>435.399993896484375</ele>
        <time>2026-10-08T00:39:18.000Z</time>
        <extensions>
          <ns3:TrackPointExtension>
            <ns3:hr>155</ns3:hr>
            <ns3:cad>89</ns3:cad>
          </ns3:TrackPointExtension>
        </extensions>
      </trkpt>
      <trkpt lat="34.180169999599456787109375" lon="108.9337548427283763885498046875">
        <ele>435.399993896484375</ele>
        <time>2026-10-08T00:39:19.000Z</time>
        <extensions>
          <ns3:TrackPointExtension>
            <ns3:hr>155</ns3:hr>
            <ns3:cad>89</ns3:cad>
          </ns3:TrackPointExtension>
        </extensions>
      </trkpt>
      <trkpt lat="34.1801557503640651702880859375" lon="108.9337830059230327606201171875">
        <ele>435.399993896484375</ele>
        <time>2026-10-08T00:39:20.000Z</time>
        <extensions>
          <ns3:TrackPointExtension>
            <ns3:hr>155</ns3:hr>
            <ns3:cad>91</ns3:cad>
          </ns3:TrackPointExtension>
        </extensions>
      </trkpt>
      <trkpt lat="34.1801503859460353851318359375" lon="108.93380940891802310943603515625">
        <ele>435.600006103515625</ele>
        <time>2026-10-08T00:39:21.000Z</time>
        <extensions>
          <ns3:TrackPointExtension>
            <ns3:hr>155</ns3:hr>
            <ns3:cad>91</ns3:cad>
          </ns3:TrackPointExtension>
        </extensions>
      </trkpt>
      <trkpt lat="34.1801409982144832611083984375" lon="108.93384075723588466644287109375">
        <ele>435.600006103515625</ele>
        <time>2026-10-08T00:39:22.000Z</time>
        <extensions>
          <ns3:TrackPointExtension>
            <ns3:hr>155</ns3:hr>
            <ns3:cad>90</ns3:cad>
          </ns3:TrackPointExtension>
        </extensions>
      </trkpt>
      <trkpt lat="34.18014141730964183807373046875" lon="108.93386523239314556121826171875">
        <ele>435.600006103515625</ele>
        <time>2026-10-08T00:39:23.000Z</time>
        <extensions>
          <ns3:TrackPointExtension>
            <ns3:hr>154</ns3:hr>
            <ns3:cad>90</ns3:cad>
          </ns3:TrackPointExtension>
        </extensions>
      </trkpt>
      <trkpt lat="34.18013471178710460662841796875" lon="108.933898173272609710693359375">
        <ele>435.600006103515625</ele>
        <time>2026-10-08T00:39:24.000Z</time>
        <extensions>
          <ns3:TrackPointExtension>
            <ns3:hr>154</ns3:hr>
            <ns3:cad>89</ns3:cad>
          </ns3:TrackPointExtension>
        </extensions>
      </trkpt>
      <trkpt lat="34.180135466158390045166015625" lon="108.93392122350633144378662109375">
        <ele>435.79998779296875</ele>
        <time>2026-10-08T00:39:25.000Z</time>
        <extensions>
          <ns3:TrackPointExtension>
            <ns3:hr>155</ns3:hr>
            <ns3:cad>89</ns3:cad>
          </ns3:TrackPointExtension>
        </extensions>
      </trkpt>
      <trkpt lat="34.1801302693784236907958984375" lon="108.93395827151834964752197265625">
        <ele>435.79998779296875</ele>
        <time>2026-10-08T00:39:26.000Z</time>
        <extensions>
          <ns3:TrackPointExtension>
            <ns3:hr>155</ns3:hr>
            <ns3:cad>89</ns3:cad>
          </ns3:TrackPointExtension>
        </extensions>
      </trkpt>
      <trkpt lat="34.18013186194002628326416015625" lon="108.93398241139948368072509765625">
        <ele>435.79998779296875</ele>
        <time>2026-10-08T00:39:27.000Z</time>
        <extensions>
          <ns3:TrackPointExtension>
            <ns3:hr>155</ns3:hr>
            <ns3:cad>89</ns3:cad>
          </ns3:TrackPointExtension>
        </extensions>
      </trkpt>
      <trkpt lat="34.18012582696974277496337890625" lon="108.934018202126026153564453125">
        <ele>435.79998779296875</ele>
        <time>2026-10-08T00:39:28.000Z</time>
        <extensions>
          <ns3:TrackPointExtension>
            <ns3:hr>154</ns3:hr>
            <ns3:cad>89</ns3:cad>
          </ns3:TrackPointExtension>
        </extensions>
      </trkpt>
      <trkpt lat="34.1801188699901103973388671875" lon="108.934045024216175079345703125">
        <ele>435.79998779296875</ele>
        <time>2026-10-08T00:39:29.000Z</time>
        <extensions>
          <ns3:TrackPointExtension>
            <ns3:hr>155</ns3:hr>
            <ns3:cad>89</ns3:cad>
          </ns3:TrackPointExtension>
        </extensions>
      </trkpt>
      <trkpt lat="34.1801096498966217041015625" lon="108.93407327122986316680908203125">
        <ele>435.79998779296875</ele>
        <time>2026-10-08T00:39:30.000Z</time>
        <extensions>
          <ns3:TrackPointExtension>
            <ns3:hr>155</ns3:hr>
            <ns3:cad>89</ns3:cad>
          </ns3:TrackPointExtension>
        </extensions>
      </trkpt>
      <trkpt lat="34.1801000945270061492919921875" lon="108.93409766256809234619140625">
        <ele>435.79998779296875</ele>
        <time>2026-10-08T00:39:31.000Z</time>
        <extensions>
          <ns3:TrackPointExtension>
            <ns3:hr>155</ns3:hr>
            <ns3:cad>89</ns3:cad>
          </ns3:TrackPointExtension>
        </extensions>
      </trkpt>
      <trkpt lat="34.1800829954445362091064453125" lon="108.934122137725353240966796875">
        <ele>436</ele>
        <time>2026-10-08T00:39:32.000Z</time>
        <extensions>
          <ns3:TrackPointExtension>
            <ns3:hr>155</ns3:hr>
            <ns3:cad>88</ns3:cad>
          </ns3:TrackPointExtension>
        </extensions>
      </trkpt>
      <trkpt lat="34.18006480671465396881103515625" lon="108.93413563258945941925048828125">
        <ele>436</ele>
        <time>2026-10-08T00:39:33.000Z</time>
        <extensions>
          <ns3:TrackPointExtension>
            <ns3:hr>155</ns3:hr>
            <ns3:cad>88</ns3:cad>
          </ns3:TrackPointExtension>
        </extensions>
      </trkpt>
      <trkpt lat="34.18004192411899566650390625" lon="108.93414636142551898956298828125">
        <ele>436.20001220703125</ele>
        <time>2026-10-08T00:39:34.000Z</time>
        <extensions>
          <ns3:TrackPointExtension>
            <ns3:hr>154</ns3:hr>
            <ns3:cad>88</ns3:cad>
          </ns3:TrackPointExtension>
        </extensions>
      </trkpt>
      <trkpt lat="34.1800145991146564483642578125" lon="108.9341474510729312896728515625">
        <ele>436.20001220703125</ele>
        <time>2026-10-08T00:39:35.000Z</time>
        <extensions>
          <ns3:TrackPointExtension>
            <ns3:hr>155</ns3:hr>
            <ns3:cad>88</ns3:cad>
          </ns3:TrackPointExtension>
        </extensions>
      </trkpt>
      <trkpt lat="34.18000026606023311614990234375" lon="108.93415130674839019775390625">
        <ele>436.399993896484375</ele>
        <time>2026-10-08T00:39:36.000Z</time>
        <extensions>
          <ns3:TrackPointExtension>
            <ns3:hr>155</ns3:hr>
            <ns3:cad>88</ns3:cad>
          </ns3:TrackPointExtension>
        </extensions>
      </trkpt>
      <trkpt lat="34.18000780977308750152587890625" lon="108.93415675498545169830322265625">
        <ele>436.399993896484375</ele>
        <time>2026-10-08T00:39:37.000Z</time>
        <extensions>
          <ns3:TrackPointExtension>
            <ns3:hr>155</ns3:hr>
            <ns3:cad>88</ns3:cad>
          </ns3:TrackPointExtension>
        </extensions>
      </trkpt>
      <trkpt lat="34.180030860006809234619140625" lon="108.9341618679463863372802734375">
        <ele>436.399993896484375</ele>
        <time>2026-10-08T00:39:38.000Z</time>
        <extensions>
          <ns3:TrackPointExtension>
            <ns3:hr>155</ns3:hr>
            <ns3:cad>88</ns3:cad>
          </ns3:TrackPointExtension>
        </extensions>
      </trkpt>
      <trkpt lat="34.18005265295505523681640625" lon="108.934177458286285400390625">
        <ele>436.399993896484375</ele>
        <time>2026-10-08T00:39:39.000Z</time>
        <extensions>
          <ns3:TrackPointExtension>
            <ns3:hr>156</ns3:hr>
            <ns3:cad>86</ns3:cad>
          </ns3:TrackPointExtension>
        </extensions>
      </trkpt>
      <trkpt lat="34.18006329797208309173583984375" lon="108.934200592339038848876953125">
        <ele>436.399993896484375</ele>
        <time>2026-10-08T00:39:40.000Z</time>
        <extensions>
          <ns3:TrackPointExtension>
            <ns3:hr>156</ns3:hr>
            <ns3:cad>86</ns3:cad>
          </ns3:TrackPointExtension>
        </extensions>
      </trkpt>
      <trkpt lat="34.18007369153201580047607421875" lon="108.93421961925923824310302734375">
        <ele>436.399993896484375</ele>
        <time>2026-10-08T00:39:41.000Z</time>
        <extensions>
          <ns3:TrackPointExtension>
            <ns3:hr>156</ns3:hr>
            <ns3:cad>85</ns3:cad>
          </ns3:TrackPointExtension>
        </extensions>
      </trkpt>
      <trkpt lat="34.18007285334169864654541015625" lon="108.93424929119646549224853515625">
        <ele>436.399993896484375</ele>
        <time>2026-10-08T00:39:42.000Z</time>
        <extensions>
          <ns3:TrackPointExtension>
            <ns3:hr>156</ns3:hr>
            <ns3:cad>84</ns3:cad>
          </ns3:TrackPointExtension>
        </extensions>
      </trkpt>
      <trkpt lat="34.18007352389395236968994140625" lon="108.93426622264087200164794921875">
        <ele>436.399993896484375</ele>
        <time>2026-10-08T00:39:43.000Z</time>
        <extensions>
          <ns3:TrackPointExtension>
            <ns3:hr>156</ns3:hr>
            <ns3:cad>84</ns3:cad>
          </ns3:TrackPointExtension>
        </extensions>
      </trkpt>
      <trkpt lat="34.18008173815906047821044921875" lon="108.93427812494337558746337890625">
        <ele>436.399993896484375</ele>
        <time>2026-10-08T00:39:44.000Z</time>
        <extensions>
          <ns3:TrackPointExtension>
            <ns3:hr>156</ns3:hr>
            <ns3:cad>85</ns3:cad>
          </ns3:TrackPointExtension>
        </extensions>
      </trkpt>
      <trkpt lat="34.18006044812500476837158203125" lon="108.934309221804141998291015625">
        <ele>436.399993896484375</ele>
        <time>2026-10-08T00:40:02.000Z</time>
        <extensions>
          <ns3:TrackPointExtension>
            <ns3:hr>151</ns3:hr>
            <ns3:cad>0</ns3:cad>
          </ns3:TrackPointExtension>
        </extensions>
      </trkpt>
      <trkpt lat="34.18006338179111480712890625" lon="108.93433227203786373138427734375">
        <ele>436.20001220703125</ele>
        <time>2026-10-08T00:40:03.000Z</time>
        <extensions>
          <ns3:TrackPointExtension>
            <ns3:hr>149</ns3:hr>
            <ns3:cad>0</ns3:cad>
          </ns3:TrackPointExtension>
        </extensions>
      </trkpt>
      <trkpt lat="34.180063717067241668701171875" lon="108.93436613492667675018310546875">
        <ele>436.20001220703125</ele>
        <time>2026-10-08T00:40:04.000Z</time>
        <extensions>
          <ns3:TrackPointExtension>
            <ns3:hr>148</ns3:hr>
            <ns3:cad>0</ns3:cad>
          </ns3:TrackPointExtension>
        </extensions>
      </trkpt>
      <trkpt lat="34.1800719313323497772216796875" lon="108.93439983017742633819580078125">
        <ele>436.20001220703125</ele>
        <time>2026-10-08T00:40:05.000Z</time>
        <extensions>
          <ns3:TrackPointExtension>
            <ns3:hr>146</ns3:hr>
            <ns3:cad>0</ns3:cad>
          </ns3:TrackPointExtension>
        </extensions>
      </trkpt>
      <trkpt lat="34.18007335625588893890380859375" lon="108.9344424940645694732666015625">
        <ele>436.20001220703125</ele>
        <time>2026-10-08T00:40:06.000Z</time>
        <extensions>
          <ns3:TrackPointExtension>
            <ns3:hr>146</ns3:hr>
            <ns3:cad>0</ns3:cad>
          </ns3:TrackPointExtension>
        </extensions>
      </trkpt>
      <trkpt lat="34.18008081614971160888671875" lon="108.93447342328727245330810546875">
        <ele>436.399993896484375</ele>
        <time>2026-10-08T00:40:07.000Z</time>
        <extensions>
          <ns3:TrackPointExtension>
            <ns3:hr>145</ns3:hr>
            <ns3:cad>0</ns3:cad>
          </ns3:TrackPointExtension>
        </extensions>
      </trkpt>
      <trkpt lat="34.18007721193134784698486328125" lon="108.934514410793781280517578125">
        <ele>436.600006103515625</ele>
        <time>2026-10-08T00:40:08.000Z</time>
        <extensions>
          <ns3:TrackPointExtension>
            <ns3:hr>145</ns3:hr>
            <ns3:cad>88</ns3:cad>
          </ns3:TrackPointExtension>
        </extensions>
      </trkpt>
      <trkpt lat="34.18007603846490383148193359375" lon="108.93454852513968944549560546875">
        <ele>436.600006103515625</ele>
        <time>2026-10-08T00:40:09.000Z</time>
        <extensions>
          <ns3:TrackPointExtension>
            <ns3:hr>145</ns3:hr>
            <ns3:cad>89</ns3:cad>
          </ns3:TrackPointExtension>
        </extensions>
      </trkpt>
      <trkpt lat="34.18006002902984619140625" lon="108.93458557315170764923095703125">
        <ele>436.600006103515625</ele>
        <time>2026-10-08T00:40:10.000Z</time>
        <extensions>
          <ns3:TrackPointExtension>
            <ns3:hr>145</ns3:hr>
            <ns3:cad>89</ns3:cad>
          </ns3:TrackPointExtension>
        </extensions>
      </trkpt>
      <trkpt lat="34.18005223385989665985107421875" lon="108.93461323343217372894287109375">
        <ele>436.600006103515625</ele>
        <time>2026-10-08T00:40:11.000Z</time>
        <extensions>
          <ns3:TrackPointExtension>
            <ns3:hr>146</ns3:hr>
            <ns3:cad>89</ns3:cad>
          </ns3:TrackPointExtension>
        </extensions>
      </trkpt>
      <trkpt lat="34.18004167266190052032470703125" lon="108.934655226767063140869140625">
        <ele>436.600006103515625</ele>
        <time>2026-10-08T00:40:12.000Z</time>
        <extensions>
          <ns3:TrackPointExtension>
            <ns3:hr>146</ns3:hr>
            <ns3:cad>89</ns3:cad>
          </ns3:TrackPointExtension>
        </extensions>
      </trkpt>
      <trkpt lat="34.1800380684435367584228515625" lon="108.93468984402716159820556640625">
        <ele>436.600006103515625</ele>
        <time>2026-10-08T00:40:13.000Z</time>
        <extensions>
          <ns3:TrackPointExtension>
            <ns3:hr>146</ns3:hr>
            <ns3:cad>89</ns3:cad>
          </ns3:TrackPointExtension>
        </extensions>
      </trkpt>
      <trkpt lat="34.18001107871532440185546875" lon="108.934730328619480133056640625">
        <ele>436.600006103515625</ele>
        <time>2026-10-08T00:40:14.000Z</time>
        <extensions>
          <ns3:TrackPointExtension>
            <ns3:hr>145</ns3:hr>
            <ns3:cad>88</ns3:cad>
          </ns3:TrackPointExtension>
        </extensions>
      </trkpt>
      <trkpt lat="34.179995991289615631103515625" lon="108.93475069664418697357177734375">
        <ele>436.600006103515625</ele>
        <time>2026-10-08T00:40:15.000Z</time>
        <extensions>
          <ns3:TrackPointExtension>
            <ns3:hr>146</ns3:hr>
            <ns3:cad>88</ns3:cad>
          </ns3:TrackPointExtension>
        </extensions>
      </trkpt>
      <trkpt lat="34.179970510303974151611328125" lon="108.934755809605121612548828125">
        <ele>436.600006103515625</ele>
        <time>2026-10-08T00:40:16.000Z</time>
        <extensions>
          <ns3:TrackPointExtension>
            <ns3:hr>146</ns3:hr>
            <ns3:cad>88</ns3:cad>
          </ns3:TrackPointExtension>
        </extensions>
      </trkpt>
      <trkpt lat="34.17994729243218898773193359375" lon="108.93475874327123165130615234375">
        <ele>436.600006103515625</ele>
        <time>2026-10-08T00:40:17.000Z</time>
        <extensions>
          <ns3:TrackPointExtension>
            <ns3:hr>147</ns3:hr>
            <ns3:cad>88</ns3:cad>
          </ns3:TrackPointExtension>
        </extensions>
      </trkpt>
      <trkpt lat="34.179923571646213531494140625" lon="108.9347593300044536590576171875">
        <ele>436.600006103515625</ele>
        <time>2026-10-08T00:40:18.000Z</time>
        <extensions>
          <ns3:TrackPointExtension>
            <ns3:hr>147</ns3:hr>
            <ns3:cad>88</ns3:cad>
          </ns3:TrackPointExtension>
        </extensions>
      </trkpt>
      <trkpt lat="34.17990588583052158355712890625" lon="108.93475689925253391265869140625">
        <ele>436.600006103515625</ele>
        <time>2026-10-08T00:40:19.000Z</time>
        <extensions>
          <ns3:TrackPointExtension>
            <ns3:hr>147</ns3:hr>
            <ns3:cad>89</ns3:cad>
          </ns3:TrackPointExtension>
        </extensions>
      </trkpt>
      <trkpt lat="34.179885685443878173828125" lon="108.9347539655864238739013671875">
        <ele>436.600006103515625</ele>
        <time>2026-10-08T00:40:20.000Z</time>
        <extensions>
          <ns3:TrackPointExtension>
            <ns3:hr>148</ns3:hr>
            <ns3:cad>89</ns3:cad>
          </ns3:TrackPointExtension>
        </extensions>
      </trkpt>
      <trkpt lat="34.17985978536307811737060546875" lon="108.93474633805453777313232421875">
        <ele>436.79998779296875</ele>
        <time>2026-10-08T00:40:21.000Z</time>
        <extensions>
          <ns3:TrackPointExtension>
            <ns3:hr>149</ns3:hr>
            <ns3:cad>88</ns3:cad>
          </ns3:TrackPointExtension>
        </extensions>
      </trkpt>
      <trkpt lat="34.1798426024615764617919921875" lon="108.93474139273166656494140625">
        <ele>436.79998779296875</ele>
        <time>2026-10-08T00:40:22.000Z</time>
        <extensions>
          <ns3:TrackPointExtension>
            <ns3:hr>149</ns3:hr>
            <ns3:cad>88</ns3:cad>
          </ns3:TrackPointExtension>
        </extensions>
      </trkpt>
      <trkpt lat="34.1798184625804424285888671875" lon="108.934733681380748748779296875">
        <ele>436.79998779296875</ele>
        <time>2026-10-08T00:40:23.000Z</time>
        <extensions>
          <ns3:TrackPointExtension>
            <ns3:hr>149</ns3:hr>
            <ns3:cad>88</ns3:cad>
          </ns3:TrackPointExtension>
        </extensions>
      </trkpt>
      <trkpt lat="34.17980027385056018829345703125" lon="108.9347271434962749481201171875">
        <ele>436.79998779296875</ele>
        <time>2026-10-08T00:40:24.000Z</time>
        <extensions>
          <ns3:TrackPointExtension>
            <ns3:hr>149</ns3:hr>
            <ns3:cad>88</ns3:cad>
          </ns3:TrackPointExtension>
        </extensions>
      </trkpt>
      <trkpt lat="34.1797785647213459014892578125" lon="108.9347264729440212249755859375">
        <ele>437</ele>
        <time>2026-10-08T00:40:25.000Z</time>
        <extensions>
          <ns3:TrackPointExtension>
            <ns3:hr>149</ns3:hr>
            <ns3:cad>88</ns3:cad>
          </ns3:TrackPointExtension>
        </extensions>
      </trkpt>
      <trkpt lat="34.17975626885890960693359375" lon="108.9347281493246555328369140625">
        <ele>437</ele>
        <time>2026-10-08T00:40:26.000Z</time>
        <extensions>
          <ns3:TrackPointExtension>
            <ns3:hr>149</ns3:hr>
            <ns3:cad>88</ns3:cad>
          </ns3:TrackPointExtension>
        </extensions>
      </trkpt>
      <trkpt lat="34.179720394313335418701171875" lon="108.9347385428845882415771484375">
        <ele>437</ele>
        <time>2026-10-08T00:40:27.000Z</time>
        <extensions>
          <ns3:TrackPointExtension>
            <ns3:hr>148</ns3:hr>
            <ns3:cad>88</ns3:cad>
          </ns3:TrackPointExtension>
        </extensions>
      </trkpt>
      <trkpt lat="34.17969591915607452392578125" lon="108.93474466167390346527099609375">
        <ele>437</ele>
        <time>2026-10-08T00:40:28.000Z</time>
        <extensions>
          <ns3:TrackPointExtension>
            <ns3:hr>148</ns3:hr>
            <ns3:cad>88</ns3:cad>
          </ns3:TrackPointExtension>
        </extensions>
      </trkpt>
      <trkpt lat="34.179665409028530120849609375" lon="108.934743404388427734375">
        <ele>437</ele>
        <time>2026-10-08T00:40:29.000Z</time>
        <extensions>
          <ns3:TrackPointExtension>
            <ns3:hr>148</ns3:hr>
            <ns3:cad>88</ns3:cad>
          </ns3:TrackPointExtension>
        </extensions>
      </trkpt>
      <trkpt lat="34.17964537627995014190673828125" lon="108.934751451015472412109375">
        <ele>437.20001220703125</ele>
        <time>2026-10-08T00:40:30.000Z</time>
        <extensions>
          <ns3:TrackPointExtension>
            <ns3:hr>148</ns3:hr>
            <ns3:cad>89</ns3:cad>
          </ns3:TrackPointExtension>
        </extensions>
      </trkpt>
      <trkpt lat="34.17961553670465946197509765625" lon="108.9347630180418491363525390625">
        <ele>437.20001220703125</ele>
        <time>2026-10-08T00:40:31.000Z</time>
        <extensions>
          <ns3:TrackPointExtension>
            <ns3:hr>149</ns3:hr>
            <ns3:cad>89</ns3:cad>
          </ns3:TrackPointExtension>
        </extensions>
      </trkpt>
      <trkpt lat="34.17958988808095455169677734375" lon="108.9347707293927669525146484375">
        <ele>437.20001220703125</ele>
        <time>2026-10-08T00:40:32.000Z</time>
        <extensions>
          <ns3:TrackPointExtension>
            <ns3:hr>148</ns3:hr>
            <ns3:cad>89</ns3:cad>
          </ns3:TrackPointExtension>
        </extensions>
      </trkpt>
      <trkpt lat="34.17956071905791759490966796875" lon="108.93477802164852619171142578125">
        <ele>437.399993896484375</ele>
        <time>2026-10-08T00:40:33.000Z</time>
        <extensions>
          <ns3:TrackPointExtension>
            <ns3:hr>148</ns3:hr>
            <ns3:cad>88</ns3:cad>
          </ns3:TrackPointExtension>
        </extensions>
      </trkpt>
      <trkpt lat="34.179536998271942138671875" lon="108.93478523008525371551513671875">
        <ele>437.399993896484375</ele>
        <time>2026-10-08T00:40:34.000Z</time>
        <extensions>
          <ns3:TrackPointExtension>
            <ns3:hr>149</ns3:hr>
            <ns3:cad>88</ns3:cad>
          </ns3:TrackPointExtension>
        </extensions>
      </trkpt>
      <trkpt lat="34.1795110143721103668212890625" lon="108.934799395501613616943359375">
        <ele>437.600006103515625</ele>
        <time>2026-10-08T00:40:35.000Z</time>
        <extensions>
          <ns3:TrackPointExtension>
            <ns3:hr>149</ns3:hr>
            <ns3:cad>88</ns3:cad>
          </ns3:TrackPointExtension>
        </extensions>
      </trkpt>
      <trkpt lat="34.1794919036328792572021484375" lon="108.93480844795703887939453125">
        <ele>437.600006103515625</ele>
        <time>2026-10-08T00:40:36.000Z</time>
        <extensions>
          <ns3:TrackPointExtension>
            <ns3:hr>149</ns3:hr>
            <ns3:cad>89</ns3:cad>
          </ns3:TrackPointExtension>
        </extensions>
      </trkpt>
      <trkpt lat="34.17949140071868896484375" lon="108.93481523729860782623291015625">
        <ele>437.79998779296875</ele>
        <time>2026-10-08T00:40:37.000Z</time>
        <extensions>
          <ns3:TrackPointExtension>
            <ns3:hr>149</ns3:hr>
            <ns3:cad>89</ns3:cad>
          </ns3:TrackPointExtension>
        </extensions>
      </trkpt>
      <trkpt lat="34.1794900596141815185546875" lon="108.93482060171663761138916015625">
        <ele>437.79998779296875</ele>
        <time>2026-10-08T00:40:38.000Z</time>
        <extensions>
          <ns3:TrackPointExtension>
            <ns3:hr>149</ns3:hr>
            <ns3:cad>89</ns3:cad>
          </ns3:TrackPointExtension>
        </extensions>
      </trkpt>
    </trkseg>
  </trk>
</gpx>
